"Rank","Name","Symbol","net_assets","price (USD)","country"
"1","Berkshire Hathaway","BRK-B","729450000000","504.91","United States"
"2","ICBC","1398.HK","631801000000","0.951014","China"
"3","China Construction Bank","601939.SS","546881000000","1.57292","China"
"4","Agricultural Bank of China","601288.SS","479128000000","1.01042","China"
"5","Alphabet (Google)","GOOG","478746000000","339.1","United States"
"6","Bank of China","601988.SS","471082000000","0.91369","China"
"7","Saudi Aramco","2222.SR","469040000000","6.99427","Saudi Arabia"
"8","Amazon","AMZN","441914000000","260.28","United States"
"9","Microsoft","MSFT","414367000000","496.37","United States"
"10","JPMorgan Chase","JPM","364038000000","356.5","United States"
"11","Samsung","005930.KS","323705000000","192.756","South Korea"
"12","Bank of America","BAC","300668000000","62.23","United States"
"13","PetroChina","0857.HK","266277000000","1.27185","China"
"14","Exxon Mobil","XOM","260996000000","158.19","United States"
"15","Toyota","TM","258673000000","191.84","Japan"
"16","Meta Platforms (Facebook)","META","243681000000","576.14","United States"
"17","Volkswagen","VOW3.DE","235576000000","84.4854","Germany"
"18","Citigroup","C","212572000000","133.56","United States"
"19","Schweizerische Nationalbank","SNBN.SW","208066000000","3872.36","Switzerland"
"20","Ping An Insurance","601318.SS","208043000000","8.35231","China"
"21","China Mobile","0941.HK","204807000000","10.1352","China"
"22","CITIC limited","0267.HK","203920000000","1.63541","China"
"23","TSMC","TSM","203380000000","417.69","Taiwan"
"24","HSBC","HSBC","197270000000","103.65","United Kingdom"
"25","NVIDIA","NVDA","195474000000","209.66","United States"
"26","Chevron","CVX","189371000000","200.21","United States"
"27","Bank of Communications","601328.SS","188821000000","1.05208","China"
"28","CM Bank","3968.HK","187199000000","6.31713","China"
"29","Wells Fargo","WFC","180313000000","85.23","United States"
"30","Tencent","TCEHY","177394000000","56.46","China"
"31","Shell","SHEL","174601000000","91.11","United Kingdom"
"32","Postal Savings Bank of China","601658.SS","166142000000","0.744048","China"
"33","Brookfield Corporation","BN","165642000000","41.67","Canada"
"34","Alibaba","BABA","163365000000","119.83","China"
"35","BNP Paribas","BNP.PA","158267000000","118.662","France"
"36","Mitsubishi UFJ Financial","MUFG","149731000000","22.44","Japan"
"37","Sinopec","600028.SS","141061000000","0.787202","China"
"38","Industrial Bank","601166.SS","134102000000","2.7097","China"
"39","Santander","SAN","130265000000","14.7","Spain"
"40","AT&T","T","127622000000","25.87","United States"
"41","CITIC Bank","601998.SS","125719000000","1.28869","China"
"42","TotalEnergies","TTE","125237000000","87.13","France"
"43","Intel","INTC","124989000000","88.24","United States"
"44","Goldman Sachs","GS","122782000000","1040.46","United States"
"45","Shanghai Pudong Development Bank","600000.SS","122044000000","1.3497","China"
"46","China State Construction Engineering","601668.SS","121606000000","0.659226","China"
"47","Reliance Industries","RELIANCE.NS","116155000000","13.7031","India"
"48","Morgan Stanley","MS","115384000000","214.08","United States"
"49","Walt Disney","DIS","115312000000","109.63","United States"
"50","BMW","BMW.DE","115227000000","67.8401","Germany"
"51","CNOOC","0883.HK","115090000000","3.20449","China"
"52","SoftBank Group Corp.","9984.T","113921000000","32.6289","Japan"
"53","Fannie Mae","FNMA","112667000000","6.26","United States"
"54","Capital One","COF","112261000000","217.21","United States"
"55","Investor AB","INVE-B.ST","111904000000","43.853","Sweden"
"56","Mercedes-Benz","MBG.DE","110219000000","51.9699","Germany"
"57","SK Hynix","000660.KS","109344000000","1253.64","South Korea"
"58","Japan Post Holdings","6178.T","108007000000","15.2164","Japan"
"59","Deutsche Telekom","DTE.DE","106515000000","33.1157","Germany"
"60","Apple","AAPL","106491000000","313.45","United States"
"61","UnitedHealth","UNH","105319000000","401.01","United States"
"62","Verizon","VZ","104622000000","50.19","United States"
"63","Royal Bank Of Canada","RY","103665000000","207.21","Canada"
"64","China Minsheng Bank","600016.SS","103558000000","0.511905","China"
"65","Barclays","BCS","102132000000","27.13","United Kingdom"
"66","Crédit Agricole","ACA.PA","101159000000","21.3137","France"
"67","Walmart","WMT","100975000000","104.34","United States"
"68","Micron Technology","MU","100724000000","938.4","United States"
"69","Sumitomo Mitsui Financial Group","SMFG","100474000000","25.42","Japan"
"70","Anheuser-Busch Inbev","BUD","97736000000","78.43","Belgium"
"71","Société Générale","GLE.PA","93016100000","84.5087","France"
"72","UBS","UBS","92502000000","54.52","Switzerland"
"73","Deutsche Bank","DB","92185100000","40.23","Germany"
"74","Toronto Dominion Bank","TD","91547600000","119.43","Canada"
"75","Pfizer","PFE","90404000000","28.3","United States"
"76","China Life Insurance","601628.SS","88768400000","5.74554","China"
"77","Comcast","CMCSA","88540000000","27.2","United States"
"78","CK Hutchison Holdings","0001.HK","88474800000","8.9616","Hong Kong"
"79","Hyundai","005380.KS","87955900000","288.41","South Korea"
"80","Broadcom","AVGO","87691000000","355.59","United States"
"81","Petrobras","PBR","85959800000","17.76","Brazil"
"82","Tesla","TSLA","84802000000","345.82","United States"
"83","Sanofi","SNY","84657200000","45.42","France"
"84","China Everbright Bank","601818.SS","83695600000","0.452381","China"
"85","Siemens","SIE.DE","82102800000","335.645","Germany"
"86","Johnson & Johnson","JNJ","81186000000","270","United States"
"87","LVMH","MC.PA","80996400000","525.527","France"
"88","KKR & Co.","KKR","80806200000","108.5","United States"
"89","China Shenhua Energy","601088.SS","80630500000","7.1131","China"
"90","Sun Hung Kai Properties","0016.HK","80508500000","15.7546","Hong Kong"
"91","Allianz SE","ALV.DE","80468500000","525.003","Germany"
"92","Chubb","CB","79912000000","343.77","Switzerland"
"93","UniCredit","UCG.MI","79638700000","98.8449","Italy"
"94","Intesa Sanpaolo","ISP.MI","79542600000","7.90185","Italy"
"95","China Railway Group","0390.HK","79277100000","0.439469","China"
"96","Ping An Bank","000001.SZ","78919000000","1.7247","China"
"97","Dior","CDI.PA","78163000000","476.957","France"
"98","CVS Health","CVS","77637000000","94.32","United States"
"99","BP","BP","76961000000","42.5","United Kingdom"
"100","Honda","HMC","76605800000","31.41","Japan"
"101","Freddie Mac","FMCC","73922000000","5.7","United States"
"102","Iberdrola","IBE.MC","72880500000","23.4293","Spain"
"103","Mizuho Financial Group","MFG","71913000000","10.45","Japan"
"104","Stellantis","STLA","70540200000","5.15","Netherlands"
"105","Banco Bilbao Vizcaya Argentaria","BBVA","70375800000","29.03","Spain"
"106","Saudi Electricity","5110.SR","69262700000","4.62112","Saudi Arabia"
"107","RTX","RTX","68034000000","211.99","United States"
"108","Rio Tinto","RIO","67024000000","104.7","United Kingdom"
"109","China Telecom","0728.HK","66931600000","0.623804","China"
"110","China Communications Construction","601800.SS","66878300000","0.895793","China"
"111","Nextera Energy","NEE","66632000000","84.22","United States"
"112","U.S. Bancorp","USB","66247000000","62.8","United States"
"113","State Bank of India","SBIN.NS","65775700000","10.9385","India"
"114","HDFC Bank","HDB","65700800000","23.17","India"
"115","Scotiabank","BNS","65231700000","93.59","Canada"
"116","British American Tobacco","BTI","64837800000","57.44","United Kingdom"
"117","Mitsubishi Corporation","8058.T","64640200000","29.7237","Japan"
"118","SK Group","034730.KS","64548600000","402.904","South Korea"
"119","ConocoPhillips","COP","64541000000","130.61","United States"
"120","AMD","AMD","64462000000","480.93","United States"
"121","NTT (Nippon Telegraph &amp; Telephone)","9432.T","64431800000","1.05542","Japan"
"122","Truist Financial Corporation","TFC","64214000000","50.67","United States"
"123","Lloyds Banking Group","LYG","63873700000","6.04","United Kingdom"
"124","PNC Financial Services","PNC","63676000000","244.67","United States"
"125","General Motors","GM","63641000000","86.33","United States"
"126","China Railway Construction","601186.SS","63490600000","0.903274","China"
"127","BlackRock","BLK","63316000000","1173.21","United States"
"128","Foxconn (Hon Hai Precision Industry)","2317.TW","63077300000","7.94001","Taiwan"
"129","Bank of Montreal","BMO","63048200000","172.9","Canada"
"130","Vodafone","VOD","62923200000","15.94","United Kingdom"
"131","Japan Post Bank","7182.T","62921900000","20.7131","Japan"
"132","ENI","E","62837500000","53.57","Italy"
"133","PDD Holdings (Pinduoduo)","PDD","61417900000","86.74","China"
"134","ING","ING","60260000000","35.57","Netherlands"
"135","The People's Insurance Company (PICC)","601319.SS","60100100000","1.06845","China"
"136","China Overseas Land &amp; Investment","0688.HK","60019000000","1.80763","Hong Kong"
"137","China Resources Land","1109.HK","59935600000","4.31688","Hong Kong"
"138","Hua Xia Bank","600015.SS","58825700000","0.985119","China"
"139","Enel","ENEL.MI","58332900000","11.0304","Italy"
"140","AXA","CS.PA","58216100000","50.6353","France"
"141","Prologis","PLD","57948500000","142.59","United States"
"142","NatWest Group","NWG","57834700000","18.75","United Kingdom"
"143","The Saudi National Bank","1180.SR","57261300000","11.5595","Saudi Arabia"
"144","ArcelorMittal","MT","57211000000","74.53","Luxembourg"
"145","CATL","300750.SZ","57183200000","55.506","China"
"146","Mitsui Bussan","8031.T","56867100000","30.9159","Japan"
"147","Duke Energy","DUK","56478000000","121.89","United States"
"148","Bank of Beijing","601169.SS","56244400000","0.75744","China"
"149","T-Mobile US","TMUS","55879000000","179.61","United States"
"150","BHP Group","BHP","55465000000","96.33","Australia"
"151","Samsung Life Insurance","032830.KS","55411000000","222.467","South Korea"
"152","Maersk","MAERSK-B.CO","55218000000","3336","Denmark"
"153","Procter & Gamble","PG","54731000000","145","United States"
"154","Standard Chartered","STAN.L","54685000000","29.3338","United Kingdom"
"155","Jardine Matheson","J36.SI","54647000000","59.1","Hong Kong"
"156","DBS Group","D05.SI","54005200000","59.5294","Singapore"
"157","Prosus","PRX.AS","53867000000","44.1893","Netherlands"
"158","Naspers","NPSNY","53818000000","9.58","South Africa"
"159","Sony","SONY","53686700000","24.12","Japan"
"160","PTT PCL","PTT-R.BK","53482400000","1.22751","Thailand"
"161","China Unicom","0762.HK","53010500000","0.722669","Hong Kong"
"162","Danaher","DHR","52957000000","215.36","United States"
"163","SAIC Motor","600104.SS","52920400000","1.52381","China"
"164","Abbott Laboratories","ABT","52701000000","114.1","United States"
"165","CK Asset Holdings","1113.HK","52525200000","5.8834","Hong Kong"
"166","SAP","SAP","52506400000","211.68","Germany"
"167","National Grid","NGG","52085800000","80.53","United Kingdom"
"168","Thermo Fisher Scientific","TMO","52061000000","633.71","United States"
"169","Commonwealth Bank","CBA.AX","51730000000","111.306","Australia"
"170","Bank of Jiangsu","600919.SS","51653600000","1.79613","China"
"171","China Pacific Insurance","601601.SS","51079700000","4.7619","China"
"172","Guotai Junan Securities","601211.SS","50971200000","2.66518","China"
"173","Tokio Marine","8766.T","50778300000","47.8703","Japan"
"174","Medtronic","MDT","50072000000","92.02","Ireland"
"175","Energy Transfer LP","ET","49989000000","21.43","United States"
"176","ANZ Bank","ANZ.AX","49658800000","26.5445","Australia"
"177","RWE","RWE.DE","49561900000","67.1873","Germany"
"178","CITIC Securities","600030.SS","49353900000","4.15625","China"
"179","Charles Schwab","SCHW","49234000000","109.39","United States"
"180","Westpac Banking","WBC.AX","49184800000","24.1919","Australia"
"181","Cisco","CSCO","48861000000","112.36","United States"
"182","Enbridge","ENB","48732300000","50.37","Canada"
"183","CIBC (Canadian Imperial Bank of Commerce)","CM","48578000000","118.2","Canada"
"184","ENGIE","ENGI.PA","47963000000","28.5465","France"
"185","Roche","RO.SW","47846400000","463.194","Switzerland"
"186","AstraZeneca","AZN","47384000000","166.27","United Kingdom"
"187","Takeda Pharmaceutical","TAK","46857700000","18.23","Japan"
"188","Bank of China (Hong Kong)","2388.HK","46715200000","6.3554","Hong Kong"
"189","Erste Group Bank","EBO.F","46653300000","146.404","Austria"
"190","Samsung C&T Corporation","028260.KS","46640300000","272.105","South Korea"
"191","EssilorLuxottica","EL.PA","46393600000","183.704","France"
"192","Merck","MRK","45931000000","153.1","United States"
"193","Strategy 
 (MicroStrategy)","MSTR","45636300000","123.19","United States"
"194","Itōchū Shōji","8001.T","45329200000","13.2084","Japan"
"195","BNY Mellon (Bank of New York Mellon)","BNY","45319000000","163.08","United States"
"196","Elevance Health","ELV","45022000000","402.54","United States"
"197","Welltower","WELL","44929300000","241.56","United States"
"198","CaixaBank","CABK.MC","44164900000","15.3281","Spain"
"199","Oil &amp; Natural Gas","ONGC.NS","43824800000","2.43061","India"
"200","Henderson Land Development","0012.HK","43812000000","3.72496","Hong Kong"
"201","Equinor","EQNR","43642000000","41.31","Norway"
"202","AIA","1299.HK","43608000000","9.5229","Hong Kong"
"203","Emirates NBD Bank PJSC","EMIRATESNBD.AE","43279900000","8.34286","United Arab Emirates"
"204","Porsche SE","PAH3.DE","43124300000","31.7286","Germany"
"205","Oracle","ORCL","43056000000","148.87","United States"
"206","Sempra","SRE","42728000000","85.28","United States"
"207","Hitachi","6501.T","42708100000","34.0909","Japan"
"208","Diamondback Energy","FANG","42640000000","199.84","United States"
"209","The Cigna Group","CI","42442000000","280.87","United States"
"210","Baidu","BIDU","42404900000","93.26","China"
"211","National Australia Bank","NAB.AX","42387400000","27.4856","Australia"
"212","Itaú Unibanco","ITUB","42369600000","7.61","Brazil"
"213","Brookfield Property Partners","BPYPP","42194000000","16.23","Bermuda"
"214","POSCO","PKX","42168500000","58.43","South Korea"
"215","Kraft Heinz","KHC","42049000000","24.79","United States"
"216","Nestlé","NESN.SW","41755700000","97.5661","Switzerland"
"217","SpaceX","SPCX","41582000000","139.63","United States"
"218","Commerzbank","CBK.F","41286400000","46.812","Germany"
"219","PICC Property and Casualty Company Limited","2328.HK","41266300000","2.05638","China"
"220","Realty Income","O","41235700000","62.26","United States"
"221","Power Construction Corporation of China","601669.SS","41193200000","0.690476","China"
"222","L'Oréal","OR.PA","41120000000","446.847","France"
"223","BASF","BAS.DE","41057200000","59.9254","Germany"
"224","Kia","000270.KS","41001000000","91.3781","South Korea"
"225","3i Group","III.L","40904500000","38.3962","United Kingdom"
"226","Shinhan Financial Group","SHG","40892100000","77.5","South Korea"
"227","MS&amp;AD Insurance","8725.T","40870700000","31.7002","Japan"
"228","Generali","G.MI","40866500000","51.0549","Italy"
"229","Kweichow Moutai","600519.SS","40778600000","192.307","China"
"230","JD.com","JD","40719700000","29.36","China"
"231","Al Rajhi Bank","1120.SR","40718600000","18.298","Saudi Arabia"
"232","KB Financial Group","KB","40669800000","120.86","South Korea"
"233","Swire Pacific","0019.HK","40643700000","13.4456","Hong Kong"
"234","ICICI Bank","IBN","40602700000","30.39","India"
"235","COSCO Shipping","601919.SS","40509100000","2.54613","China"
"236","American International Group","AIG","40429000000","76.97","United States"
"237","Vinci","DG.PA","40326100000","137.195","France"
"238","ORLEN","PKN.WA","40225500000","39.4655","Poland"
"239","UOB","U11.SI","40106700000","31.9799","Singapore"
"240","Linde","LIN","40092000000","490.33","United Kingdom"
"241","Munich RE (Münchener Rück)","MUV2.DE","40066400000","602.401","Germany"
"242","Southern Company","SO","39912000000","89.76","United States"
"243","Woodside Energy","WDS","39843000000","22.86","Australia"
"244","SABIC","2010.SR","39767900000","13.4372","Saudi Arabia"
"245","China Merchants Shekou Industrial Zone","001979.SZ","39653100000","1.06845","China"
"246","Occidental Petroleum","OXY","39560000000","58.62","United States"
"247","Apollo Global Management","APO","39533000000","133.67","United States"
"248","Exor","EXO.AS","39049200000","83.2848","Netherlands"
"249","Orange","ORA.PA","38948100000","17.8809","France"
"250","Novartis","NVS","38927000000","157.54","Switzerland"
"251","Zijin Mining","601899.SS","38789000000","5.14435","China"
"252","Bank of Shanghai","601229.SS","38197900000","1.42113","China"
"253","Manulife Financial","MFC","38161800000","43.23","Canada"
"254","Xiaomi","XIACF","38067400000","3.606","China"
"255","BYD","002594.SZ","38020400000","13.6146","China"
"256","Nippon Steel","5401.T","37990900000","4.21038","Japan"
"257","Banco do Brasil","BBAS3.SA","37920100000","3.79486","Brazil"
"258","Vale","VALE","37552000000","15.16","Brazil"
"259","Bank of Ningbo","002142.SZ","37526000000","5.02232","China"
"260","Ford","F","37484000000","13.9","United States"
"261","Vonovia","VNA.DE","37467800000","23.033","Germany"
"262","QNB (Qatar National Bank)","QNBK.QA","37086100000","4.62912","Qatar"
"263","Barrick Gold","B","36773000000","47","Canada"
"264","S&P Global","SPGI","36205000000","436.49","United States"
"265","Denso","6902.T","36044200000","11.9441","Japan"
"266","Bank of Japan","8301.T","35959400000","194.493","Japan"
"267","Coca-Cola","KO","35734000000","90.08","United States"
"268","Visa","V","35661000000","383.9","United States"
"269","Midea","000333.SZ","35601100000","12.8244","China"
"270","Nordea Bank","NDA-FI.HE","35545600000","20.352","Finland"
"271","Banca Monte dei Paschi di Siena","BMPS.MI","35535400000","13.4491","Italy"
"272","KDDI","9433.T","35267500000","18.0745","Japan"
"273","Brookfield Renewable Partners","BEP","35242000000","32.49","Bermuda"
"274","Newmont","NEM","35098000000","131.6","United States"
"275","SMIC","0981.HK","35020500000","9.09555","China"
"276","Prudential Financial","PRU","34927000000","120.24","United States"
"277","Nissan","7201.T","34903900000","1.95773","Japan"
"278","Swire Properties","1972.HK","34873900000","3.14836","Hong Kong"
"279","China Yangtze Power","600900.SS","34785400000","4.18155","China"
"280","Banco Bradesco","BBD","34719300000","3.26","Brazil"
"281","Merck KGaA","MRK.DE","34513100000","161.557","Germany"
"282","China National Nuclear Power","601985.SS","34439800000","1.3244","China"
"283","Salesforce","CRM","34235000000","205.69","United States"
"284","Brookfield Infrastructure Partners","BIP","34234000000","38.85","Bermuda"
"285","Korea Electric Power","KEP","34197500000","12.24","South Korea"
"286","Fifth Third Bank","FITB","34106000000","55.1","United States"
"287","CPKC (Canadian Pacific Kansas City)","CP","34105100000","94.71","Canada"
"288","American Express","AXP","33995000000","336.15","United States"
"289","Panasonic","6752.T","33938600000","27.4522","Japan"
"290","Longfor Group","0960.HK","33876400000","0.85215","China"
"291","Constellation Energy","CEG","33820000000","279.52","United States"
"292","Hanwha Corporation","000880.KS","33805700000","94.3492","South Korea"
"293","Analog Devices","ADI","33742000000","371.8","United States"
"294","Dominion Energy","D","33708000000","66.91","United States"
"295","Warner Bros. Discovery","WBD","33707000000","28.75","United States"
"296","Hyundai Mobis","012330.KS","33690500000","327.179","South Korea"
"297","Glencore","GLCNF","33606000000","8.16","Switzerland"
"298","Bayer","BAYN.DE","33521200000","56.7316","Germany"
"299","Costco","COST","33509000000","956.12","United States"
"300","Accenture","ACN","33507700000","181.38","Ireland"
"301","PG&amp;E Corporation","PCG","33502000000","18.22","United States"
"302","E.ON","EOAN.DE","33366100000","20.7192","Germany"
"303","Sompo Holdings","8630.T","33365100000","42.9823","Japan"
"304","Repsol","REP.MC","33237700000","30.9127","Spain"
"305","Vanke","2202.HK","33080300000","0.309989","China"
"306","IBM","IBM","33055000000","229.87","United States"
"307","Baosteel","600019.SS","33019500000","0.876449","China"
"308","American Electric Power","AEP","32978000000","123.36","United States"
"309","Suncor Energy","SU","32925500000","65.67","Canada"
"310","KBC","KBCSF","32737600000","154.02","Belgium"
"311","Huntington Bancshares","HBAN","32665000000","17.04","United States"
"312","Kinder Morgan","KMI","32583000000","32.02","United States"
"313","Power Corporation of Canada","POW.TO","32493900000","66.2441","Canada"
"314","Canadian Natural Resources","CNQ","32396500000","49.64","Canada"
"315","Central Japan Railway","9022.T","32391600000","24.8168","Japan"
"316","Inpex","1605.T","32113100000","24.1956","Japan"
"317","Progressive","PGR","32039000000","222.51","United States"
"318","LG Chem","051910.KS","31989600000","198.916","South Korea"
"319","The Travelers Companies","TRV","31986000000","371.15","United States"
"320","Fubon Financial","2881.TW","31936400000","4.45838","Taiwan"
"321","ABN AMRO","ABN.AS","31907800000","47.7328","Netherlands"
"322","CRRC","1766.HK","31894200000","0.676107","China"
"323","Air Liquide","AI.PA","31655700000","195.967","France"
"324","Allstate","ALL","31587000000","261.81","United States"
"325","Freeport-McMoRan","FCX","31511000000","79","United States"
"326","Bank of Nanjing","601009.SS","31499800000","1.72917","China"
"327","Novo Nordisk","NVO","31454200000","47.19","Denmark"
"328","Regeneron Pharmaceuticals","REGN","31423600000","814.79","United States"
"329","Eli Lilly","LLY","31198000000","1189.41","United States"
"330","Netflix","NFLX","31126400000","81.46","United States"
"331","EOG Resources","EOG","30908000000","144.84","United States"
"332","Hana Financial Group","086790.KS","30892900000","96.813","South Korea"
"333","Hongkong Land","H78.SI","30833200000","8.2","Hong Kong"
"334","Huatai Securities","601688.SS","30674100000","2.87202","China"
"335","Fairfax Financial","FFH.TO","30658300000","1612.51","Canada"
"336","BOE Technology","000725.SZ","30528000000","0.883929","China"
"337","Synopsys","SNPS","30477100000","410","United States"
"338","Enterprise Products","EPD","30391000000","39.14","United States"
"339","Airbus","AIR.PA","30300100000","239.946","Netherlands"
"340","Zurich Insurance Group","ZURN.SW","30166000000","737.238","Switzerland"
"341","Huaneng Power International","600011.SS","30026300000","1.00595","China"
"342","Aflac","AFL","29961000000","117.45","United States"
"343","Cathay Financial Holding","2882.TW","29906500000","3.22957","Taiwan"
"344","Sumitomo","8053.T","29859900000","10.9809","Japan"
"345","London Stock Exchange","LSEG.L","29854100000","120.053","United Kingdom"
"346","FedEx","FDX","29804000000","335.99","United States"
"347","Anhui Conch Cement","AHCHF","29748100000","2.8","China"
"348","Phillips 66","PSX","29681000000","242.23","United States"
"349","China Zheshang Bank","2016.HK","29635800000","0.296594","China"
"350","Intercontinental Exchange","ICE","29562000000","161.92","United States"
"351","Compagnie de Saint-Gobain","SGO.PA","29496300000","94.673","France"
"352","SoftBank Corp.","9434.T","29439300000","1.49026","Japan"
"353","Exelon Corporation","EXC","29315000000","44.44","United States"
"354","Shin-Etsu Chemical","4063.T","29280700000","37.6048","Japan"
"355","Mitsubishi Electric","6503.T","29196800000","34.9066","Japan"
"356","Keurig Dr Pepper","KDP","29182000000","32.205","United States"
"357","China Tower","0788.HK","29146000000","1.17171","China"
"358","ORIX","IX","28837800000","39.73","Japan"
"359","EQT Corporation","EQT","28787000000","54.79","United States"
"360","Schneider Electric","SU.PA","28728000000","351.09","France"
"361","China Coal Energy Company Limited","601898.SS","28707700000","2.2247","China"
"362","Bolloré","BOL.PA","28695200000","4.44807","France"
"363","VICI Properties","VICI","28618900000","26","United States"
"364","Ecopetrol","EC","28536300000","16.52","Colombia"
"365","Marubeni","8002.T","28464000000","30.7966","Japan"
"366","Emaar Properties","EMAAR.AE","28215200000","2.99515","United Arab Emirates"
"367","Nationwide Building Society","NBS.L","28193600000","174.59","United Kingdom"
"368","DNB","DNB.OL","28186900000","33.4791","Norway"
"369","M&T Bank","MTB","27972000000","241.54","United States"
"370","Compagnie Financière Richemont","CFR.SW","27942500000","236.375","Switzerland"
"371","MTR Corporation","0066.HK","27811900000","4.15359","Hong Kong"
"372","MetLife","MET","27801000000","96.52","United States"
"373","CXMT","688825.SS","27792200000","8.79762","China"
"374","State Street Corporation","STT","27742000000","193.62","United States"
"375","Palo Alto Networks","PANW","27668000000","339.31","United States"
"376","DHL Group (Deutsche Post)","DHL.DE","27605600000","65.9517","Germany"
"377","Deere &amp; Company (John Deere)","DE","27460000000","634.54","United States"
"378","SLB (Schlumberger)","SLB","27353000000","53.6","United States"
"379","QUALCOMM","QCOM","27278000000","163.72","United States"
"380","Valero Energy","VLO","26934000000","348.03","United States"
"381","Grupo México","GMBXF","26897000000","13.9998","Mexico"
"382","Porsche","P911.DE","26874200000","51.0666","Germany"
"383","Dai-ichi Life Holdings","8750.T","26827100000","11.3981","Japan"
"384","Power Financial","PWF-PS.TO","26810400000","15.7713","Canada"
"385","Raiffeisen Bank International","RAW.F","26749200000","72.8523","Austria"
"386","TC Energy","TRP","26726800000","61.85","Canada"
"387","CME Group","CME","26618200000","280.98","United States"
"388","Woori Financial Group","WF","26545300000","71.86","South Korea"
"389","New World Development Company","0017.HK","26434000000","0.894247","Hong Kong"
"390","Japan Tobacco","2914.T","26311000000","43.9298","Japan"
"391","Agnico Eagle Mines","AEM","26275100000","214.04","Canada"
"392","Fiserv","FISV","26221000000","52.45","United States"
"393","Japan Post Insurance","7181.T","26192800000","10.4726","Japan"
"394","Renault","RNO.PA","26191800000","32.5096","France"
"395","Suzuki Motor","7269.T","26189500000","13.3904","Japan"
"396","Citizens Financial Group","CFG","26172000000","70.49","United States"
"397","Boston Scientific","BSX","26104000000","48.17","United States"
"398","General Dynamics","GD","26079000000","382.02","United States"
"399","Daimler Truck","DTG.F","25981800000","54.7966","Germany"
"400","EnBW Energie","EBK.DE","25860000000","79.9627","Germany"
"401","GF Securities","000776.SZ","25852600000","3.15164","China"
"402","Uber","UBER","25812000000","78.49","United States"
"403","Mondelez International","MDLZ","25804000000","63.01","United States"
"404","Yankuang Energy (Yanzhou Coal Mining)","600188.SS","25781700000","3.375","China"
"405","Swiss Re","SREN.SW","25739000000","175.001","Switzerland"
"406","Koç Holding","KCHOL.IS","25734000000","4.4607","Turkey"
"407","Talanx","TLX.DE","25694700000","144.539","Germany"
"408","Foxconn Industrial Internet","601138.SS","25609300000","9.50298","China"
"409","Consolidated Edison","ED","25596000000","108.05","United States"
"410","Danske Bank","DANS.VI","25525400000","57.6641","Denmark"
"411","Macquarie Group Limited","MQG.AX","25506200000","181.588","Australia"
"412","Unibail-Rodamco-Westfield","URW.PA","25488000000","118.021","France"
"413","Dubai Electricity and Water Authority (DEWA)","DEWA.AE","25461100000","0.732451","United Arab Emirates"
"414","Digital Realty","DLR","25397000000","193.43","United States"
"415","Hewlett Packard Enterprise","HPE","25353000000","55.23","United States"
"416","SK Innovation","096775.KS","25350400000","45.1456","South Korea"
"417","SK Innovation","096770.KS","25350400000","81.1606","South Korea"
"418","Nutrien","NTR","25192000000","73.61","Canada"
"419","China General Nuclear Power Group (CGN)","003816.SZ","25187500000","0.622024","China"
"420","OMV","OMV.F","25081300000","78.7971","Austria"
"421","Wilmar International","F34.SI","25060800000","2.96664","Singapore"
"422","ASML","ASML","24910000000","1745.64","Netherlands"
"423","NN Group","NN.AS","24851400000","89.6142","Netherlands"
"424","Compagnie de l'Odet","ODET.PA","24774200000","1519.99","France"
"425","Industrial Bank of Korea (IBK)","024110.KS","24744900000","14.8553","South Korea"
"426","National Bank of Canada","NA.TO","24731200000","153.566","Canada"
"427","Banco Santander Brasil","BSBR","24701700000","5.81","Brazil"
"428","Global Payments","GPN","24674600000","92.96","United States"
"429","Bank of Hangzhou","600926.SS","24662400000","2.5","China"
"430","Nokia","NOK","24621800000","10.41","Finland"
"431","Corteva","CTVA","24605000000","82.88","United States"
"432","NetEase","NTES","24564000000","123.43","China"
"433","Cement Roadstone Holding","CRH","24545000000","97.05","Ireland"
"434","America Movil","AMX","24392900000","23.62","Mexico"
"435","Great-West Lifeco","GWO.TO","24359000000","65.0122","Canada"
"436","Nomura Holdings","NMR","24309100000","10.05","Japan"
"437","Fujifilm","4901.T","24242700000","20.6817","Japan"
"438","Heineken","HEIA.AS","24215900000","83.9025","Netherlands"
"439","D. R. Horton","DHI","24199000000","149.25","United States"
"440","Arch Capital","ACGL","24188000000","100.72","Bermuda"
"441","Trip.com","TCOM","24183100000","45.14","China"
"442","Henkel","HEN3.DE","24175900000","87.7492","Germany"
"443","Becton Dickinson","BDX","24132000000","190.21","United States"
"444","Canon","7751.T","24129200000","29.4225","Japan"
"445","Indian Oil","IOC.NS","24126700000","1.45846","India"
"446","SK Square","402340.KS","24121700000","773.924","South Korea"
"447","Anglo American","AAL.L","24117000000","57.4041","United Kingdom"
"448","Fosun","0656.HK","24055700000","0.690777","China"
"449","Wharf REIC","1997.HK","23913400000","4.00561","Hong Kong"
"450","Applied Materials","AMAT","23909000000","479.76","United States"
"451","Xcel Energy","XEL","23806000000","77.68","United States"
"452","Arthur J. Gallagher & Co.","AJG","23802000000","265.03","United States"
"453","Bridgestone","5108.T","23782500000","25.9525","Japan"
"454","ENEOS Holdings","5020.T","23699200000","8.35174","Japan"
"455","Fresenius","FRE.DE","23686600000","53.4418","Germany"
"456","Shanghai International Port Group (SIPG)","600018.SS","23508200000","0.770833","China"
"457","Gilead Sciences","GILD","23431000000","148.09","United States"
"458","Marathon Petroleum","MPC","23427000000","362.27","United States"
"459","LY Corporation","4689.T","23417400000","3.45113","Japan"
"460","Cenovus Energy","CVE","23400200000","31.48","Canada"
"461","Komatsu","6301.T","23385400000","47.4437","Japan"
"462","7-Eleven","3382.T","23380600000","12.6311","Japan"
"463","Ørsted","ORSTED.CO","23358200000","22.2686","Denmark"
"464","Saudi Telecom Company","7010.SR","23354400000","11.8897","Saudi Arabia"
"465","AXIA Energia SA","AXIA3.SA","23339300000","10.3834","Brazil"
"466","Skandinaviska Enskilda Banken","SEB-A.ST","23261300000","23.3135","Sweden"
"467","Rocket Companies","RKT","23230000000","13.9","United States"
"468","Maybank","MLYBY","23178500000","5.6","Malaysia"
"469","Industrivarden","INDU-A.ST","23109800000","56.7881","Sweden"
"470","Archer Daniels Midland (ADM)","ADM","23103000000","80.09","United States"
"471","Axis Bank","AXISBANK.BO","23087700000","13.1968","India"
"472","GSK plc","GSK","23072400000","51.43","United Kingdom"
"473","Stryker Corporation","SYK","22979000000","329.67","United States"
"474","HeidelbergCement","HEI.DE","22673300000","196.002","Germany"
"475","Sumitomo Mitsui Trust Holdings","8309.T","22644700000","11.0499","Japan"
"476","China State Shipbuilding Corporation (CSSC)","600150.SS","22637000000","5.1369","China"
"477","Gree Electric Appliances","000651.SZ","22609400000","5.84375","China"
"478","NTPC Limited","NTPC.NS","22587000000","3.44506","India"
"479","Mitsui Fudosan","8801.T","22561100000","9.52826","Japan"
"480","Nucor","NUE","22548000000","252.8","United States"
"481","Oneok","OKE","22488000000","94.9","United States"
"482","Singtel","Z74.SI","22359100000","3.56693","Singapore"
"483","Inditex","ITX.MC","22271200000","67.98","Spain"
"484","Pepsico","PEP","22270000000","142.19","United States"
"485","Haleon","HLN","22199300000","10.17","United Kingdom"
"486","Hermès","RMS.PA","22141300000","1809.07","France"
"487","Alcon","ALC","22133000000","72.67","Switzerland"
"488","KEPCO","9503.T","22088300000","16.3458","Japan"
"489","First Citizens BancShares","FCNCA","22048000000","2177.22","United States"
"490","Sino Land","0083.HK","21972800000","1.34966","Hong Kong"
"491","Traton","8TRA.DE","21935400000","44.947","Germany"
"492","Kuwait Finance House","KFH.KW","21909500000","2522.82","Kuwait"
"493","Keyence","6861.T","21891100000","515.474","Japan"
"494","Bank Leumi","LUMI.TA","21831600000","25.6159","Israel"
"495","Delta Air Lines","DAL","21815000000","83.62","United States"
"496","Turkish Airlines","THYAO.IS","21814000000","6.36278","Turkey"
"497","Lennar","LEN","21765700000","87.15","United States"
"498","SSE","SSE.L","21720700000","32.5675","United Kingdom"
"499","Block","XYZ","21681000000","83.1","United States"
"500","DSM-Firmenich","DSFIR.AS","21642000000","107.891","Switzerland"
"501","BioNTech","BNTX","21641200000","112.56","Germany"
"502","The Saudi British Bank","1060.SR","21610100000","9.17832","Saudi Arabia"
"503","Meituan","3690.HK","21581700000","9.88646","China"
"504","Tokyo Electric Power Company","9501.T","21556100000","3.3225","Japan"
"505","Centene","CNC","21527000000","65.47","United States"
"506","Dongfeng Motor","0489.HK","21489100000","1.2185","China"
"507","Blackstone Group","BX","21416700000","143.2","United States"
"508","CSL","CSL.AX","21407000000","123.879","Australia"
"509","Prudential","PUK","21360000000","28.3","United Kingdom"
"510","Swedbank","SWED-A.ST","21334700000","39.1533","Sweden"
"511","Interactive Brokers","IBKR","21260000000","97.02","United States"
"512","Kyocera","6971.T","21234700000","22.8967","Japan"
"513","Michelin","ML.PA","21234400000","36.9476","France"
"514","Hapag-Lloyd","HLAG.DE","21207300000","155.146","Germany"
"515","China Taiping Insurance","0966.HK","21179800000","2.59982","Hong Kong"
"516","Siemens Healthineers","SHL.DE","21136800000","45.2967","Germany"
"517","China Galaxy Securities","601881.SS","21125500000","1.83185","China"
"518","Riyad Bank","1010.SR","21117700000","5.5853","Saudi Arabia"
"519","HD Hyundai","267250.KS","21101800000","156.524","South Korea"
"520","Charter Communications","CHTR","21070000000","153.89","United States"
"521","LG Corp","003550.KS","21021900000","82.9722","South Korea"
"522","Bharti Airtel","BHARTIARTL.NS","20962200000","19.7675","India"
"523","Telefónica","TEF.MC","20919600000","4.19047","Spain"
"524","Daikin","6367.T","20914100000","130.767","Japan"
"525","Bank Hapoalim","POLI.TA","20777600000","26.077","Israel"
"526","Kasikornbank","KBANK.BK","20773000000","7.62428","Thailand"
"527","BPER Banca","BPE.MI","20669900000","16.4425","Italy"
"528","Unilever","UL","20660000000","64.96","United Kingdom"
"529","Intuit","INTU","20629000000","345.88","United States"
"530","Naver","035420.KS","20574300000","156.886","South Korea"
"531","China Merchants Securities","600999.SS","20504500000","2.7753","China"
"532","GD Power Development","600795.SS","20449800000","0.778274","China"
"533","Guosen Securities","002736.SZ","20380600000","1.52381","China"
"534","Bank Rakyat Indonesia","BBRI.JK","20374000000","0.177465","Indonesia"
"535","Emerson","EMR","20319000000","158.29","United States"
"536","Holcim Group","HOLN.SW","20317000000","90.1813","Switzerland"
"537","LG Electronics","066570.KS","20307700000","143.698","South Korea"
"538","Chubu Electric Power","9502.T","20260000000","18.1749","Japan"
"539","Powszechny Zakład Ubezpieczeń","PZU.WA","20174000000","19.7544","Poland"
"540","Infineon","IFX.DE","20148400000","66.5462","Germany"
"541","Bristol-Myers Squibb","BMY","20102000000","67.57","United States"
"542","PayPal","PYPL","20024000000","61.81","United States"
"543","Toyota Tsusho","8015.T","20012200000","47.3746","Japan"
"544","KeyCorp (KeyBank)","KEY","19987000000","22.09","United States"
"545","Chongqing Rural Commercial Bank","3618.HK","19973400000","0.817706","China"
"546","Fortescue","FMG.AX","19956000000","12.7137","Australia"
"547","Hang Lung Group","0010.HK","19955500000","1.60735","Hong Kong"
"548","Danone","BN.PA","19934000000","75.7198","France"
"549","LG Energy Solution","373220.KS","19900000000","268.482","South Korea"
"550","Enel Américas","ENELAM.SN","19869100000","0.0969576","Chile"
"551","Nippon Yūsen","9101.T","19822500000","43.4968","Japan"
"552","Otsuka Holdings","4578.T","19817800000","76.4269","Japan"
"553","Eaton","ETN","19765000000","419.44","Ireland"
"554","Paccar","PCAR","19756600000","129.23","United States"
"555","EDP Group","EDP.F","19704300000","5.43536","Portugal"
"556","L3Harris Technologies","LHX","19680000000","262.96","United States"
"557","Loews Corporation","L","19591000000","110.96","United States"
"558","Wharf Holdings","0004.HK","19589300000","2.58451","Hong Kong"
"559","Teck Resources","TECK","19568600000","71.12","Canada"
"560","Haier Smart Home","600690.SS","19551800000","3.14286","China"
"561","Expand Energy","EXE","19546000000","96.57","United States"
"562","Lundbergföretagen","LUND-B.ST","19529200000","59.9371","Sweden"
"563","Baker Hughes","BKR","19490000000","62","United States"
"564","Union Pacific Corporation","UNP","19418000000","310.62","United States"
"565","Pernod Ricard","RI.PA","19417100000","73.9247","France"
"566","Kotak Mahindra Bank","KOTAKBANK.NS","19385700000","4.46109","India"
"567","Weichai Power","2338.HK","19381700000","4.03113","China"
"568","Alexandria Real Estate Equities","ARE","19363700000","52.97","United States"
"569","Vertex Pharmaceuticals","VRTX","19361900000","547.29","United States"
"570","Medline","MDLN","19349000000","34.58","United States"
"571","East Japan Railway","9020.T","19296900000","22.6143","Japan"
"572","Aluminum Corporation of China","601600.SS","19199600000","1.43601","China"
"573","Sinopharm","1099.HK","19176400000","2.01684","China"
"574","Link REIT","0823.HK","19099600000","5.01339","Hong Kong"
"575","Daiwa House","1925.T","19058500000","29.5919","Japan"
"576","Fortis","FTS","19050700000","55.35","Canada"
"577","Svenska Handelsbanken","SHB-A.ST","18998600000","15.4094","Sweden"
"578","DSV","DSV.VI","18961100000","212.437","Denmark"
"579","Jardine Cycle &amp; Carriage","C07.SI","18948400000","21.2543","Singapore"
"580","Wuliangye Yibin","000858.SZ","18925900000","10.5833","China"
"581","Life Insurance Corporation of India (LIC)","LICI.NS","18920900000","4.33539","India"
"582","The Hartford","HIG","18889000000","139.86","United States"
"583","Edison International","EIX","18884000000","74.51","United States"
"584","Regions Financial","RF","18844000000","30.7","United States"
"585","Standard Bank Group","SBK.JO","18836700000","20.0234","South Africa"
"586","Roper Technologies","ROP","18818000000","413.28","United States"
"587","Evergreen Marine","2603.TW","18763000000","7.3256","Taiwan"
"588","Sun Life Financial","SLF","18664500000","79.05","Canada"
"589","Caterpillar","CAT","18660000000","821.93","United States"
"590","Biogen","BIIB","18651700000","221.07","United States"
"591","Markel Group","MKL","18650100000","1815.57","United States"
"592","Humana","HUM","18646000000","391.06","United States"
"593","Nintendo","7974.T","18635400000","54.7663","Japan"
"594","Asahi Group","2502.T","18608100000","10.4412","Japan"
"595","TCL Technology Group Corporation","000100.SZ","18587200000","0.739583","China"
"596","Hang Lung Properties","0101.HK","18567300000","0.925501","Hong Kong"
"597","RenaissanceRe","RNR","18557400000","331.73","Bermuda"
"598","SDIC Power Holdings","600886.SS","18554500000","2.06994","China"
"599","Power Finance Corp","PFC.NS","18553000000","3.71373","India"
"600","Bank Mandiri","BMRI.JK","18537100000","0.237183","Indonesia"
"601","HMM","011200.KS","18479500000","15.5437","South Korea"
"602","Mitsui O.S.K. Lines","9104.T","18470700000","43.9423","Japan"
"603","Resona Holdings","8308.T","18466300000","15.3199","Japan"
"604","Ma'aden","1211.SR","18452300000","18.5378","Saudi Arabia"
"605","China Securities (CSC Financial)","601066.SS","18403000000","3.83631","China"
"606","AerCap","AER","18397700000","149.83","Ireland"
"607","Kubota","6326.T","18368200000","17.8141","Japan"
"608","Banco BPM","BAMI.MI","18308300000","18.8134","Italy"
"609","Itaúsa","ITSA3.SA","18286500000","2.56814","Brazil"
"610","Kering","KER.PA","18225900000","293.799","France"
"611","Marvell Technology","MRVL","18215800000","245.11","United States"
"612","Volvo Group","VOLV-A.ST","18205100000","36.9845","Sweden"
"613","Tyson Foods","TSN","18201000000","56.55","United States"
"614","STMicroelectronics","STM","18171000000","49.66","Switzerland"
"615","Grasim Industries","GRASIM.NS","18170500000","34.2935","India"
"616","Safran","SAF.PA","18162500000","409.372","France"
"617","Air Products and Chemicals","APD","18149800000","306.66","United States"
"618","Mitsubishi Estate","8802.T","18146100000","23.5618","Japan"
"619","Smurfit Westrock","SW","18083000000","49.56","Ireland"
"620","New China Life Insurance","601336.SS","17927000000","9.01637","China"
"621","Bank of Baroda","BANKBARODA.NS","17903100000","2.51597","India"
"622","Sumitomo Denki Kōgyō","5802.T","17877500000","14.1496","Japan"
"623","General Electric","GE","17867000000","354.39","United States"
"624","Bangkok Bank","BBL.BK","17834500000","5.82495","Thailand"
"625","China International Capital Corporation","601995.SS","17779700000","5.1875","China"
"626","Quiñenco","QUINENCO.SN","17771300000","4.91909","Chile"
"627","CK Infrastructure","1038.HK","17717300000","8.36204","Hong Kong"
"628","Mitsubishi Heavy Industries","7011.T","17648600000","25.005","Japan"
"629","Intuitive Surgical","ISRG","17597200000","370.42","United States"
"630","Aroundtown","AT1.F","17589900000","2.32078","Luxembourg"
"631","OTP Bank","OTP.BD","17587900000","148.833","Hungary"
"632","CTBC Financial Holding","2891.TW","17580600000","2.01021","Taiwan"
"633","Subaru","7270.T","17541200000","16.2203","Japan"
"634","Rogers Communications","RCI","17494900000","36.93","Canada"
"635","Ambev","ABEV","17490300000","2.9","Brazil"
"636","Bunge Global SA","BG","17477000000","113.25","United States"
"637","Entergy","ETR","17438100000","107.23","United States"
"638","Helvetia Baloise Holding AG","HBAN.SW","17377200000","264.363","Switzerland"
"639","CIMB Group","1023.KL","17369000000","2.00671","Malaysia"
"640","Fast Retailing","9983.T","17358200000","448.898","Japan"
"641","Tenaris","TS","17347400000","54.6","Luxembourg"
"642","Astra International","ASII.JK","17307300000","0.269859","Indonesia"
"643","PSEG","PEG","17303000000","74.03","United States"
"644","National Bank of Kuwait","NBK.KW","17290200000","2845.5","Kuwait"
"645","AIB Group (Allied Irish Banks)","A5G.IR","17257900000","12.6763","Ireland"
"646","Hannover Rück","HNR1.DE","17214800000","298.636","Germany"
"647","China Resources Power Holdings","0836.HK","17175900000","2.47225","Hong Kong"
"648","Bouygues","EN.PA","17172700000","52.104","France"
"649","Deutsche Wohnen","DWNI.DE","17144900000","20.8416","Germany"
"650","Murata Manufacturing (Murata Seisakusho)","6981.T","17138500000","45.8624","Japan"
"651","Ahold Delhaize","AD.AS","17117100000","35.6335","Netherlands"
"652","Northrop Grumman","NOC","17115000000","549.95","United States"
"653","BCE Inc.","BCE","17013000000","23.49","Canada"
"654","JFE Holdings","5411.T","16901300000","11.5393","Japan"
"655","China Power International Development","2380.HK","16871100000","0.371859","Hong Kong"
"656","China Resources Pharmaceutical Group","3320.HK","16788800000","0.588085","Hong Kong"
"657","Texas Instruments","TXN","16778000000","261.77","United States"
"658","Dow","DOW","16763000000","30.33","United States"
"659","United Airlines Holdings","UAL","16697000000","114.83","United States"
"660","Eversource Energy","ES","16686500000","71.67","United States"
"661","BT Group","BT-A.L","16638900000","2.7717","United Kingdom"
"662","Samsung SDI","006405.KS","16569800000","160.51","South Korea"
"663","SEGRO","SGRO.L","16528300000","13.0868","United Kingdom"
"664","Ternium","TX","16506300000","55.2","Luxembourg"
"665","Synchrony Financial","SYF","16477000000","79.78","United States"
"666","Fomento Económico Mexicano (FEMSA)","FMX","16455600000","122.91","Mexico"
"667","Fresenius Medical Care","FMS","16440800000","23.4","Germany"
"668","ABB","ABBN.SW","16405000000","99.5644","Switzerland"
"669","Target","TGT","16395000000","164.04","United States"
"670","PTT Exploration and Production","PTTEP.BK","16389800000","4.45258","Thailand"
"671","Imperial Oil","IMO","16362100000","131.49","Canada"
"672","China Merchants Port","0144.HK","16327400000","2.02067","Hong Kong"
"673","Annaly Capital Management","NLY","16325800000","22.86","United States"
"674","Alimentation Couche-Tard","ATD.TO","16306900000","60.7045","Canada"
"675","Banco Sabadell","SAB.MC","16225900000","4.22777","Spain"
"676","S.F. Express","002352.SZ","16187900000","4.97173","China"
"677","Grupo Financiero Inbursa","GFINBURO.MX","16184100000","2.59639","Mexico"
"678","PKO Bank Polski","PKO.WA","16169500000","30.6912","Poland"
"679","Punjab National Bank","PNB.NS","16116300000","1.20865","India"
"680","BAE Systems","BA.L","16075800000","28.4453","United Kingdom"
"681","SM Investments Corporation","SVTMF","16067500000","10.153","Philippines"
"682","Fidelity National Information Services","FIS","15980000000","40.64","United States"
"683","China Three Gorges Renewables","600905.SS","15979500000","0.553571","China"
"684","Poste Italiane","PST.MI","15817300000","32.2066","Italy"
"685","Luxshare Precision","002475.SZ","15807200000","8.50893","China"
"686","Norfolk Southern","NSC","15804000000","352.68","United States"
"687","United Parcel Service","UPS","15791000000","105.65","United States"
"688","Aisin Seiki","7259.T","15740400000","13.9928","Japan"
"689","Cincinnati Financial","CINF","15714000000","172.38","United States"
"690","GBL","GBLB.VI","15709100000","84.9167","Belgium"
"691","GAC (Guangzhou Automobile Group)","601238.SS","15692700000","0.769345","China"
"692","Santos","STO.AX","15665000000","5.78305","Australia"
"693","Renesas Electronics","6723.T","15653800000","21.2088","Japan"
"694","Ally Financial","ALLY","15609000000","42.54","United States"
"695","Telecom Italia","TIT.MI","15593900000","9.02669","Italy"
"696","Associated British Foods","ABF.L","15588600000","28.0839","United Kingdom"
"697","Veolia","VIE.PA","15581600000","38.8507","France"
"698","Sumitomo Realty &amp; Development","8830.T","15580300000","21.2527","Japan"
"699","Taishin Financial Holdings","2887.TW","15494500000","1.17525","Taiwan"
"700","Volvo Car","VOLCAR-B.ST","15487900000","2.00543","Sweden"
"701","Kingdom Holding","4280.SR","15466400000","3.73685","Saudi Arabia"
"702","BTG Pactual","BPAC3.SA","15449100000","4.27505","Brazil"
"703","Canadian National Railway","CNI","15429200000","127.54","Canada"
"704","Devon Energy","DVN","15428000000","46.83","United States"
"705","Tesco","TSCO.L","15372500000","6.22546","United Kingdom"
"706","Goodman Group","GMG.AX","15333600000","20.273","Australia"
"707","AntarChile","ANTARCHILE.SN","15328100000","8.16131","Chile"
"708","Kerry Properties","0683.HK","15318900000","2.48246","Hong Kong"
"709","Bank Central Asia","BBCA.JK","15313700000","0.360563","Indonesia"
"710","Intact Financial","IFC.TO","15299700000","191.716","Canada"
"711","Waters Corporation","WAT","15292000000","414.17","United States"
"712","Everest Group","EG","15291000000","379.78","Bermuda"
"713","Cellnex Telecom","CLNX.MC","15290700000","30.6096","Spain"
"714","Mitsubishi Chemical Holdings","4188.T","15227000000","7.34777","Japan"
"715","SBI Holdings","8473.T","15218700000","21.3656","Japan"
"716","PBBank (Public Bank Bhd)","1295.KL","15217600000","1.24332","Malaysia"
"717","Empresas Copec","COPEC.SN","15206100000","7.20335","Chile"
"718","Krung Thai Bank","KTB.BK","15195000000","1.32662","Thailand"
"719","Huadian Power International","600027.SS","15187400000","0.686012","China"
"720","Bank of Ireland Group","BIRG.IR","15177500000","22.0189","Ireland"
"721","Williams Companies","WMB","15162000000","74.41","United States"
"722","Yuexiu Property","0123.HK","15127300000","0.471361","Hong Kong"
"723","CLP Group","0002.HK","15091900000","10.0587","Hong Kong"
"724","Wanhua Chemical","600309.SS","15083800000","11.2976","China"
"725","Bajaj Finserv","BAJAJFINSV.NS","15079100000","20.9595","India"
"726","Cognizant Technology Solutions","CTSH","15068000000","62.09","United States"
"727","GE Vernova","GEV","15065000000","953.09","United States"
"728","PPL","PPL","15019000000","35.02","United States"
"729","Bank of Chengdu","601838.SS","14938200000","2.79167","China"
"730","Aviva","AV.L","14933800000","9.79063","United Kingdom"
"731","Amundi","AMUN.PA","14920700000","108.929","France"
"732","Datang International Power Generation Company","601991.SS","14909300000","0.885417","China"
"733","Atmos Energy","ATO","14908700000","169.46","United States"
"734","FirstRand","FSR.JO","14889700000","6.0029","South Africa"
"735","Nike","NKE","14865000000","38.59","United States"
"736","Covivio","COV.PA","14861500000","59.0395","France"
"737","Coterra Energy","CTRA","14838000000","32.56","United States"
"738","International Paper","IP","14808000000","41.39","United States"
"739","Samsung Fire & Marine Insurance Co., Ltd.","000810.KS","14807900000","494.21","South Korea"
"740","Marsh & McLennan Companies","MRSH","14806000000","193.26","United States"
"741","Rongsheng Petrochemical","002493.SZ","14793100000","2.13839","China"
"742","Banorte","GFNORTEO.MX","14785400000","11.2309","Mexico"
"743","Swatch","UHR.SW","14720200000","232.528","Switzerland"
"744","Union Bank of India","UNIONBANK.NS","14710600000","1.93223","India"
"745","Beijing Enterprises Holdings","0392.HK","14684600000","3.90356","Hong Kong"
"746","Dubai Islamic Bank","DIB.AE","14677900000","2.00675","United Arab Emirates"
"747","Honeywell","HON","14667000000","220.67","United States"
"748","Viatris","VTRS","14657700000","16.85","United States"
"749","Parker-Hannifin","PH","14617000000","1039.49","United States"
"750","Franklin Resources","BEN","14615300000","35.01","United States"
"751","Hindalco Industries","HINDALCO.NS","14611500000","10.7332","India"
"752","Pinnacle Financial Partners","PNFP","14594000000","101.58","United States"
"753","WEC Energy Group","WEC","14569300000","107.52","United States"
"754","Sumitomo Metal Mining","5713.T","14453400000","71.5326","Japan"
"755","Antofagasta","ANTO.L","14430400000","54.4558","United Kingdom"
"756","NEC Corp","6701.T","14389600000","29.7111","Japan"
"757","Lufthansa","LHA.DE","14349700000","9.37405","Germany"
"758","Uniper","UN0.DE","14343900000","53.6776","Germany"
"759","Equinix","EQIX","14320000000","1079.61","United States"
"760","Jio Financial Services","JIOFIN.NS","14318300000","2.50864","India"
"761","EDP Renováveis","EDPR.LS","14308500000","16.1557","Spain"
"762","MPLX","MPLX","14297000000","59.32","United States"
"763","CMOC","3993.HK","14263200000","2.23625","China"
"764","Dupont De Nemours","DD","14238000000","137.98","United States"
"765","Extra Space Storage","EXR","14212500000","144.09","United States"
"766","International Flavors & Fragrances","IFF","14153000000","87.12","United States"
"767","Aeon","8267.T","14126700000","8.49606","Japan"
"768","Walmex","WMMVF","14122200000","2.8","Mexico"
"769","FirstEnergy","FE","14106000000","46.73","United States"
"770","Amphenol","APH","14091500000","161.34","United States"
"771","Sekisui House","1928.T","14080200000","21.7108","Japan"
"772","Sabancı Holding","SAHOL.IS","14078400000","1.9561","Turkey"
"773","Ares Capital","ARCC","14065000000","19.9","United States"
"774","Swisscom","SCMN.SW","13987700000","784.401","Switzerland"
"775","MOL Group","MOL.BD","13976600000","16.0044","Hungary"
"776","Plains GP","PAGP","13952000000","28.13","United States"
"777","TDK","6762.T","13895600000","19.3075","Japan"
"778","Home Depot","HD","13874000000","334.85","United States"
"779","East Money Information","300059.SZ","13868400000","2.91964","China"
"780","Bank of Ayudhya","BAY.BK","13835700000","1.24276","Thailand"
"781","Carrier Global","CARR","13801000000","58.74","United States"
"782","Sandisk","SNDK","13777000000","1499.37","United States"
"783","Singapore Airlines","C6L.SI","13770500000","5.44539","Singapore"
"784","Larsen &amp; Toubro","LT.NS","13748900000","42.3379","India"
"785","C&amp;D International Investment Group","1908.HK","13743300000","2.03597","Hong Kong"
"786","Banque Saudi Fransi","1050.SR","13742400000","5.83034","Saudi Arabia"
"787","Capgemini","CAP.PA","13711400000","125.364","France"
"788","Carrefour","CA.PA","13707900000","18.4462","France"
"789","Diageo","DEO","13694000000","93.67","United Kingdom"
"790","Hikvision","002415.SZ","13688300000","5.25149","China"
"791","Ameren","AEE","13685000000","107.75","United States"
"792","Asahi Kasei","3407.T","13656600000","10.3471","Japan"
"793","Ayala Corporation","AYALY","13606300000","7.69","Philippines"
"794","CSX Corporation","CSX","13581000000","51.76","United States"
"795","Bank of East Asia","0023.HK","13576100000","2.23243","Hong Kong"
"796","Johnson Controls","JCI","13543000000","144.33","Ireland"
"797","ageas","AGS.BR","13512900000","86.6293","Belgium"
"798","Arista Networks","ANET","13487100000","202.25","United States"
"799","Coinbase","COIN","13480600000","181.78","United States"
"800","Klépierre","LI.PA","13466600000","44.5273","France"
"801","Cemex","CX","13443000000","11","Mexico"
"802","Telefonica Brasil","VIV","13437200000","11.65","Brazil"
"803","Orient Overseas Container Line","0316.HK","13413400000","21.814","Hong Kong"
"804","Mediobanca","MB.MI","13410800000","32.428","Italy"
"805","Reinsurance Group of America","RGA","13384000000","246.55","United States"
"806","TE Connectivity","TEL","13382000000","205.03","Switzerland"
"807","Geely","0175.HK","13381100000","2.33448","China"
"808","Cummins","CMI","13372000000","578.14","United States"
"809","SMC corp","6273.T","13338700000","445.635","Japan"
"810","Verbund AG","OEWA.F","13322000000","68.8891","Austria"
"811","Sany Heavy Industry","600031.SS","13302000000","2.83631","China"
"812","KT Corporation","KT","13299500000","19.66","South Korea"
"813","Invesco","IVZ","13262300000","32.98","United States"
"814","Alinma Bank","1150.SR","13231900000","6.86643","Saudi Arabia"
"815","Philips","PHG","13215400000","26.99","Netherlands"
"816","Tata Motors","TATAMOTORS.NS","13208700000","4.51722","India"
"817","JDE Peet's","JDEP.AS","13196900000","36.4135","Netherlands"
"818","Kunlun Energy Company","0135.HK","13189800000","0.972701","Hong Kong"
"819","Ventas","VTR","13182000000","93.5","United States"
"820","GS Holdings Corp.","078930.KS","13179900000","89.2767","South Korea"
"821","China Longyuan Power Group","0916.HK","13173200000","0.711825","China"
"822","Arab National Bank","1080.SR","13147200000","5.96085","Saudi Arabia"
"823","First Pacific Company","0142.HK","13123600000","0.641026","Hong Kong"
"824","Zhejiang Zheneng Electric","600023.SS","13100500000","0.732143","China"
"825","MediaTek","2454.TW","13096900000","121.778","Taiwan"
"826","Amrize","AMRZ","13088000000","44.74","Switzerland"
"827","Tokyo Electron","8035.T","13053400000","351.388","Japan"
"828","Northern Trust","NTRS","12987300000","187.66","United States"
"829","Carnival Corporation","CCL","12983000000","25.59","United States"
"830","UOL Group","U14.SI","12982000000","7.27888","Singapore"
"831","Sea Limited","SE","12981400000","123.18","Singapore"
"832","Tenaga Nasional","TNABY","12975800000","15.13","Malaysia"
"833","Ayvens","AYV.PA","12968800000","13.1251","France"
"834","PulteGroup","PHM","12954200000","130.86","United States"
"835","Chugai Pharmaceutical","4519.T","12951200000","43.5909","Japan"
"836","Coal India","COALINDIA.NS","12943800000","4.18927","India"
"837","DiDi","DIDIY","12938600000","3.84","China"
"838","Daiwa Securities Group","8601.T","12900900000","11.4389","Japan"
"839","Fujitsu","6702.T","12893200000","23.5493","Japan"
"840","Chunghwa Telecom","CHT","12882300000","42.91","Taiwan"
"841","Siemens Energy","ENR.F","12868200000","182.282","Germany"
"842","CapitaLand Mall Trust","C38U.SI","12843900000","1.87284","Singapore"
"843","Plains All American Pipeline","PAA","12820000000","25.63","United States"
"844","WH Group","0288.HK","12805000000","1.0097","Hong Kong"
"845","Scentre Group","SCG.AX","12777400000","2.56429","Australia"
"846","UCB","UCB.VI","12765800000","259.238","Belgium"
"847","Paramount Skydance","PSKY","12749000000","10.74","United States"
"848","Sofina","SOF.VI","12737400000","284.182","Belgium"
"849","United Microelectronics","UMC","12735200000","19.03","Taiwan"
"850","Zimmer Biomet","ZBH","12681600000","101.38","United States"
"851","Mitsubishi HC Capital","8593.T","12667400000","8.73764","Japan"
"852","Muyuan Foods","002714.SZ","12663200000","6.07143","China"
"853","Novonesis","NZYM.VI","12638600000","70.6609","Denmark"
"854","Leonardo","LDO.MI","12616600000","63.8769","Italy"
"855","Brown &amp; Brown","BRO","12613000000","72.78","United States"
"856","Siam Cement","SCC.BK","12611300000","7.83776","Thailand"
"857","Raymond James Financial","RJF","12610000000","176.69","United States"
"858","Canara Bank","CANBK.NS","12598600000","1.33864","India"
"859","Deutsche Börse","DB1.DE","12595100000","335.121","Germany"
"860","Nu Holdings","NU","12591800000","15.17","Brazil"
"861","PGE Polska","PGE.WA","12590300000","2.92883","Poland"
"862","Unipol Assicurazioni","UNI.MI","12587200000","33.0342","Italy"
"863","Great Wall Motors","601633.SS","12563000000","2.2753","China"
"864","MFHC","2886.TW","12558400000","1.45409","Taiwan"
"865","Eurobank Ergasias Services and Holdings","EUROB.AT","12519800000","5.33279","Greece"
"866","Bajaj Finance","BAJFINANCE.NS","12513900000","11.3753","India"
"867","Shopify","SHOP","12501000000","150.29","Canada"
"868","Alstom","ALO.PA","12481600000","18.8908","France"
"869","Gecina","GFC.PA","12426100000","82.3523","France"
"870","Principal Financial Group","PFG","12392800000","112.21","United States"
"871","Mapfre","MAP.MC","12351500000","5.1731","Spain"
"872","Corning","GLW","12349000000","152.78","United States"
"873","Bank of Changsha","601577.SS","12348100000","1.40625","China"
"874","DTE Energy","DTE","12328000000","137.71","United States"
"875","Orient Securities Company Limited (DFZQ)","600958.SS","12304000000","1.36756","China"
"876","Idemitsu Kosan","5019.T","12303600000","8.59646","Japan"
"877","WuXi AppTec","2359.HK","12296100000","25.3859","China"
"878","UPM-Kymmene","UPM.HE","12288300000","27.5906","Finland"
"879","Magna International","MGA","12272000000","66","Canada"
"880","Publicis Groupe","PUB.PA","12245400000","119.648","France"
"881","Formosa Plastics","1301.TW","12218000000","1.98815","Taiwan"
"882","ČEZ Group","CEZ.PR","12211900000","66.8573","Czech Republic"
"883","Formosa Chemicals &amp; Fibre","1326.TW","12197800000","1.9913","Taiwan"
"884","AGNC Investment","AGNC","12181000000","10.81","United States"
"885","Toray Industries","3402.T","12156900000","8.00976","Japan"
"886","Pembina Pipeline","PBA","12155000000","48.64","Canada"
"887","Mazda","7261.T","12138700000","7.51406","Japan"
"888","Hong Leong Financial Group","1082.KL","12110400000","4.75942","Malaysia"
"889","LOTTE Chemical","011170.KS","12053800000","41.5948","South Korea"
"890","Nasdaq","NDAQ","12038000000","99.47","United States"
"891","Nidec","6594.T","11998500000","16.3333","Japan"
"892","Republic Services","RSG","11981000000","222.18","United States"
"893","The Mosaic Company","MOS","11957800000","24.16","United States"
"894","ASE Group","ASX","11933900000","37.26","Taiwan"
"895","NiSource","NI","11927500000","41.13","United States"
"896","Formosa Petrochemical","6505.TW","11916800000","2.29063","Taiwan"
"897","Thyssenkrupp","TKA.F","11902900000","17.0882","Germany"
"898","Stora Enso","STEAV.HE","11900600000","11.5631","Finland"
"899","Nan Ya Plastics","1303.TW","11900000000","7.16806","Taiwan"
"900","ASR Nederland","ASRNL.AS","11893000000","81.0118","Netherlands"
"901","T. Rowe Price","TROW","11875400000","112.55","United States"
"902","Fanuc","6954.T","11873900000","37.793","Japan"
"903","Southern Copper","SCCO","11859400000","213.75","United States"
"904","Chongqing Changan","000625.SZ","11853900000","1.05655","China"
"905","Celltrion","068270.KS","11849900000","138.625","South Korea"
"906","Thomson Reuters","TRI","11812000000","102.45","Canada"
"907","Yuanta Financial Holding","2885.TW","11785700000","1.9913","Taiwan"
"908","Telus","TU","11772400000","9.7","Canada"
"909","GlobalFoundries","GFS","11748000000","45.67","United States"
"910","Sirius XM","SIRI","11731000000","28.51","United States"
"911","Naturgy","NTGY.MC","11729300000","34.5961","Spain"
"912","ServiceNow","NOW","11728000000","125.8","United States"
"913","Lufax","LU","11726700000","1.3","China"
"914","AvalonBay Communities","AVB","11714600000","184.06","United States"
"915","Mahindra &amp; Mahindra","M&M.NS","11712200000","35.1493","India"
"916","Mizrahi-Tefahot","MZTF.TA","11700000000","77.6117","Israel"
"917","Ryanair","RYAAY","11691600000","56.69","Ireland"
"918","Osaka Gas","9532.T","11691500000","35.2517","Japan"
"919","QBE Insurance","QBE.AX","11673000000","15.6609","Australia"
"920","Aker BP","AKRBP.OL","11669700000","37.1371","Norway"
"921","Amcor","AMCR","11662000000","47.15","Switzerland"
"922","Power Assets","0006.HK","11660300000","7.68593","Hong Kong"
"923","Nippon Paint","4612.T","11655500000","7.47327","Japan"
"924","Shanghai Electric Group","601727.SS","11646800000","0.988095","China"
"925","YPF S.A.","YPF","11635000000","50.27","Argentina"
"926","Gulf Development Public Company","GULF.BK","11630900000","1.95944","Thailand"
"927","Credicorp","BAP","11630300000","382.55","Bermuda"
"928","“K” Line","9107.T","11615600000","20.6315","Japan"
"929","Tata Consultancy Services","TCS.NS","11603900000","23.7783","India"
"930","Hanwha Aerospace","012450.KS","11601000000","833.345","South Korea"
"931","Bitmine Immersion Technologies","BMNR","11600100000","24.91","United States"
"932","Fastighets AB Balder","BALD-B.ST","11569000000","5.54865","Sweden"
"933","Ovintiv","OVV","11558000000","64.52","United States"
"934","Astellas Pharma","4503.T","11545600000","15.003","Japan"
"935","Corebridge Financial","CRBG","11541000000","32.53","United States"
"936","HD Korea Shipbuilding &amp; Offshore Engineering","009540.KS","11518800000","261.236","South Korea"
"937","Adobe","ADBE","11518000000","273.47","United States"
"938","China State Construction International","3311.HK","11488800000","0.986733","Hong Kong"
"939","Genting Berhad","3182.KL","11487600000","0.527166","Malaysia"
"940","Tourmaline Oil","TOU.TO","11480100000","44.8422","Canada"
"941","Assa Abloy","ASSA-B.ST","11474200000","37.3543","Sweden"
"942","Maruti Suzuki India","MARUTI.NS","11462500000","140.997","India"
"943","CenterPoint Energy","CNP","11449000000","39.59","United States"
"944","CJ Group","001040.KS","11422300000","91.7405","South Korea"
"945","First Quantum Minerals","FM.TO","11396000000","34.5555","Canada"
"946","Kuaishou Technology","1024.HK","11375500000","4.29391","China"
"947","Norsk Hydro","NHY.OL","11368300000","9.83835","Norway"
"948","Mashreqbank","MASQ.AE","11363600000","84.6812","United Arab Emirates"
"949","Lotte Shopping","023530.KS","11342200000","75.4359","South Korea"
"950","Guoco","0053.HK","11331100000","9.05728","Hong Kong"
"951","Tōkyō Gas","9531.T","11329200000","38.1444","Japan"
"952","Permian Resources","PR","11328800000","22.75","United States"
"953","Israel Discount Bank","DSCT.TA","11320900000","11.3355","Israel"
"954","Martin Marietta Materials","MLM","11297000000","532.18","United States"
"955","JSW Steel","JSWSTEEL.NS","11282600000","13.9918","India"
"956","NXP Semiconductors","NXPI","11274000000","223.15","Netherlands"
"957","National Bank of Greece","ETE.AT","11271000000","19.5302","Greece"
"958","Brookfield Asset Management","BAM","11235000000","52.01","Canada"
"959","Xylem","XYL","11229000000","113.42","United States"
"960","Türkiye Is Bankasi","ISCTR.IS","11203800000","0.269055","Turkey"
"961","Banco Comercial Português (Millennium bcp)","BCP.LS","11190100000","1.29561","Portugal"
"962","Tencent Music Entertainment","TME","11187700000","8.8","China"
"963","ZTE","000063.SZ","11174200000","5.05357","China"
"964","Piraeus Financial Holdings","TPEIR.AT","11165600000","11.9128","Greece"
"965","Fox Corporation","FOX","11160000000","62.23","United States"
"966","Endesa","ELE.MC","11159900000","48.7936","Spain"
"967","AEGON","AEG","11154100000","9.21","Netherlands"
"968","Wabtec","WAB","11151000000","300.54","United States"
"969","Emaar Development","EMAARDEV.AE","11110300000","3.50161","United Arab Emirates"
"970","Tata Steel","TATASTEEL.NS","11101400000","1.96135","India"
"971","Snam","SRG.MI","11089200000","6.74904","Italy"
"972","AGC","5201.T","11071500000","36.1177","Japan"
"973","Falabella","FALABELLA.SN","11061000000","6.97328","Chile"
"974","China National Chemical Engineering (CNCEC)","601117.SS","11058200000","1.13244","China"
"975","Aena","AENA.MC","11050500000","31.5654","Spain"
"976","American Water","AWK","11037000000","137.49","United States"
"977","Everbright Securities Company","6178.HK","11035600000","0.974614","Hong Kong"
"978","Equity Residential","EQR","11021900000","63.66","United States"
"979","Coherent Corp.","COHR","11015700000","294.37","United States"
"980","Atlas Copco","ATCO-B.ST","10973500000","19.0991","Sweden"
"981","Ametek","AME","10919300000","245.2","United States"
"982","GE HealthCare Technologies","GEHC","10898000000","73.31","United States"
"983","Unum","UNM","10892400000","91.51","United States"
"984","CNA Financial","CNA","10857000000","49.45","United States"
"985","Halliburton","HAL","10825000000","34.44","United States"
"986","SoFi","SOFI","10811600000","18.84","United States"
"987","Ericsson","ERIC","10794100000","10.06","Sweden"
"988","Powergrid Corporation of India","POWERGRID.NS","10749800000","2.77993","India"
"989","Galaxy Entertainment","0027.HK","10748600000","4.38321","Hong Kong"
"990","XPLR Infrastructure","XIFR","10733000000","11.69","United States"
"991","Telstra","TLS.AX","10732800000","3.29023","Australia"
"992","Venture Global","VG","10716000000","14.3","United States"
"993","Bharat Petroleum","BPCL.NS","10715200000","3.35184","India"
"994","Teledyne Technologies","TDY","10704400000","633.56","United States"
"995","Aumovio SE","AMV0.DE","10700400000","40.5642","Germany"
"996","Dassault Systèmes","DSY.PA","10685700000","26.4366","France"
"997","BDO Unibank","BDOUY","10659600000","19.7","Philippines"
"998","Shionogi","4507.T","10633200000","18.2565","Japan"
"999","Sandvik","SAND.ST","10623600000","41.6516","Sweden"
"1000","Kenvue","KVUE","10608000000","19.22","United States"
"1001","Jefferies Financial Group","JEF","10607800000","53.13","United States"
"1002","Svenska Cellulosa Aktiebolaget (SCA)","SCA-B.ST","10600900000","11.6935","Sweden"
"1003","Adani Ports & SEZ","ADANIPORTS.NS","10588000000","17.8705","India"
"1004","Lam Research","LRCX","10584800000","312.88","United States"
"1005","CP All","CPALL.BK","10561700000","1.41812","Thailand"
"1006","China Steel","2002A.TW","10559600000","1.17367","Taiwan"
"1007","Kimco Realty","KIM","10545600000","24.03","United States"
"1008","CapitaLand Investment Limited","9CI.SI","10533500000","2.10891","Singapore"
"1009","Elia Group","ELI.BR","10508000000","148.619","Belgium"
"1010","Shanghai Industrial Holdings Limited","0363.HK","10504200000","1.74895","Hong Kong"
"1011","Daiichi Sankyō","4568.T","10494300000","18.1122","Japan"
"1012","Isuzu","7202.T","10493100000","13.8861","Japan"
"1013","KGI Financial Holding","2883.TW","10482900000","1.01298","Taiwan"
"1014","Reckitt Benckiser","RKT.L","10478800000","69.2654","United Kingdom"
"1015","Yang Ming","2609.TW","10453400000","1.82431","Taiwan"
"1016","Barratt Redrow","BTRW.L","10453400000","4.37494","United Kingdom"
"1017","Eiffage","FGR.PA","10443300000","131.018","France"
"1018","Omnicom Group","OMC","10415300000","87.89","United States"
"1019","Delta Electronics","2308.TW","10414600000","55.7691","Taiwan"
"1020","Coeur Mining","CDE","10412300000","21.44","United States"
"1021","TJX Companies","TJX","10403000000","136.83","United States"
"1022","AngloGold Ashanti","AU","10378000000","118.11","South Africa"
"1023","Molson Coors","TAP","10365300000","42.09","United States"
"1024","Vinhomes","VHM.VN","10365200000","2.82759","Vietnam"
"1025","Viper Energy","VNOM","10365000000","44.23","United States"
"1026","Anta Sports","2020.HK","10349300000","9.92474","China"
"1027","Merlin Properties","MRL.MC","10328200000","16.0858","Spain"
"1028","Budweiser APAC","1876.HK","10328000000","0.783901","Hong Kong"
"1029","Edwards Lifesciences","EW","10327500000","90.78","United States"
"1030","Shinkin Central Bank","8421.T","10327500000","1197.23","Japan"
"1031","Terna","TRN.MI","10326500000","11.4302","Italy"
"1032","Verisure plc","VSURE.ST","10281300000","10.5397","Switzerland"
"1033","Hengli Petrochemical","600346.SS","10258300000","2.8125","China"
"1034","Kakao","035720.KS","10257600000","26.0873","South Korea"
"1035","Li Auto","LI","10241500000","12.14","China"
"1036","Ingersoll Rand","IR","10239800000","79.97","Ireland"
"1037","LEG Immobilien","LEG.DE","10234000000","57.8156","Germany"
"1038","MTN Group","MTN.JO","10233800000","11.9431","South Africa"
"1039","Empresas CMPC","CMPC.SN","10223400000","1.13939","Chile"
"1040","Grupo Cibest (Bancolombia)","CIB","10216700000","101.01","Colombia"
"1041","Emera","EMA.TO","10216600000","50.6627","Canada"
"1042","Lincoln National Corporation","LNC","10212000000","43.32","United States"
"1043","DoorDash","DASH","10210000000","236.93","United States"
"1044","Evergy","EVRG","10206200000","82.23","United States"
"1045","Gerdau","GGB","10201000000","4.46","Brazil"
"1046","T&amp;D Holdings","8795.T","10200800000","30.4202","Japan"
"1047","Kirin Holdings","2503.T","10198300000","19.1318","Japan"
"1048","GarantiBank","GARAN.IS","10192100000","2.80482","Turkey"
"1049","Alpha Services and Holdings","ALPHA.AT","10166400000","5.35027","Greece"
"1050","LyondellBasell","LYB","10165000000","62.62","United States"
"1051","QXO, Inc.","QXO","10164900000","14.02","United States"
"1052","American Tower","AMT","10152100000","175.73","United States"
"1053","Beiersdorf","BEI.DE","10123800000","93.181","Germany"
"1054","Albemarle","ALB","10108100000","134.51","United States"
"1055","Far Eastern New Century","1402.TW","10083400000","0.894826","Taiwan"
"1056","Lonza","LONN.SW","10061900000","726.812","Switzerland"
"1057","Recruit","6098.T","10055300000","106.483","Japan"
"1058","Industries Qatar","IQCD.QA","10053900000","2.68681","Qatar"
"1059","CMS Energy","CMS","10051000000","69.23","United States"
"1060","CTP N.V.","CTPNV.AS","10046200000","16.8318","Netherlands"
"1061","Ecolab","ECL","10032000000","290.6","United States"
"1062","Royal Caribbean Group","RCL","10028000000","290","United States"
"1063","Waste Management","WM","10022000000","221.24","United States"
"1064","KGHM Polska Miedź","KGH.WA","9996140000","97.3258","Poland"
"1065","Terumo","4543.T","9991920000","16.0635","Japan"
"1066","Aon","AON","9980000000","353.98","United Kingdom"
"1067","Zoom","ZM","9971150000","93.83","United States"
"1068","Royalty Pharma","RPRX","9936830000","61.8","United Kingdom"
"1069","(HLBank) Hong Leong Bank","5819.KL","9934780000","5.93808","Malaysia"
"1070","ASUS","2357.TW","9917060000","30.4997","Taiwan"
"1071","Hankook Tire","161390.KS","9906270000","47.5369","South Korea"
"1072","Jackson Financial","JXN","9900000000","133.6","United States"
"1073","First Solar","FSLR","9878570000","205.93","United States"
"1074","Mobility Global, Inc.","MBGL","9872000000","20.55","United States"
"1075","Genworth Financial","GNW","9841000000","9.91","United States"
"1076","Infosys","INFY","9840000000","11.69","India"
"1077","Northern Star","NST.AX","9812660000","17.4831","Australia"
"1078","Industrial Securities","601377.SS","9803320000","0.885417","China"
"1079","Bank Negara Indonesia","BBNI.JK","9796110000","0.209014","Indonesia"
"1080","Hysan Development","0014.HK","9795310000","2.08573","Hong Kong"
"1081","Coca-Cola European Partners","CCEP","9753780000","108.99","United Kingdom"
"1082","W. R. Berkley","WRB","9750620000","68.67","United States"
"1083","Liberty Global","LBTYB","9734700000","12.96","United Kingdom"
"1084","Bank Pekao (Bank Polska Kasa Opieki)","PEO.WA","9734160000","68.8214","Poland"
"1085","HF Sinclair","DINO","9729000000","96.52","United States"
"1086","Flutter Entertainment","FLUT","9709000000","98.06","Ireland"
"1087","Robinhood","HOOD","9688000000","108.54","United States"
"1088","Western Digital","WDC","9680000000","468.88","United States"
"1089","J-POWER (Electric Power Development)","9513.T","9676400000","25.256","Japan"
"1090","Santander Polska","SPL.WA","9667280000","164.74","Poland"
"1091","Bank of India","BANKINDIA.NS","9641920000","1.50875","India"
"1092","Shandong Gold Mining","600547.SS","9627150000","5.13221","China"
"1093","Evonik Industries","EVK.DE","9604280000","21.4128","Germany"
"1094","Essity","ESSITY-B.ST","9600530000","29.1708","Sweden"
"1095","Fortum","FORTUM.HE","9576500000","23.5808","Finland"
"1096","Webster Financial","WBS","9573650000","77.57","United States"
"1097","GAIL","GAIL.NS","9551510000","1.79606","India"
"1098","CP Axtra","CPAXT.BK","9551250000","0.451357","Thailand"
"1099","Onex","ONEX.TO","9551000000","84.217","Canada"
"1100","Mirae Asset Securities Co., Ltd.","006805.KS","9545120000","9.31173","South Korea"
"1101","Adani Enterprises","ADANIENT.NS","9539380000","33.0753","India"
"1102","Aptiv","APTV","9522000000","46.27","Ireland"
"1103","Rithm Capital","RITM","9505300000","10.08","United States"
"1104","Wipro","WIT","9497610000","1.83","India"
"1105","Sampo","SAMPO.HE","9496640000","11.3976","Finland"
"1106","ANA Holdings","9202.T","9475610000","19.1883","Japan"
"1107","First Horizon Corporation","FHN","9465000000","24.57","United States"
"1108","Secom","9735.T","9456990000","40.2402","Japan"
"1109","Bank of Suzhou","002966.SZ","9456360000","1.30357","China"
"1110","Sasol","SSL","9447850000","11.45","South Africa"
"1111","Swiss Life","SLHN.SW","9446760000","1138.13","Switzerland"
"1112","Weyerhaeuser","WY","9439000000","24.08","United States"
"1113","Sandoz Group","SDZ.SW","9385000000","88.2203","Switzerland"
"1114","Thales","HO.PA","9383380000","292.342","France"
"1115","Taiwan Cement","1101.TW","9368500000","0.759342","Taiwan"
"1116","Concordia Financial Group","7186.T","9357990000","11.9974","Japan"
"1117","First Financial Holding","2892.TW","9357660000","1.05079","Taiwan"
"1118","AES","AES","9356000000","14.73","United States"
"1119","KE Holdings","BEKE","9345570000","17.87","China"
"1120","CPI Property Group","O5G.DE","9341310000","0.856743","Luxembourg"
"1121","Hydro One","H.TO","9324670000","38.5751","Canada"
"1122","Public Storage","PSA","9319720000","317.37","United States"
"1123","CBRE Group","CBRE","9307000000","150.36","United States"
"1124","Jiangsu Hengrui Medicine","600276.SS","9304500000","7.08482","China"
"1125","ICON plc","ICLR","9300300000","168.93","Ireland"
"1126","PTT Global Chemical","PTTGC.BK","9284590000","1.31138","Thailand"
"1127","China Everbright Environment Group","0257.HK","9281160000","0.653782","Hong Kong"
"1128","News Corp","NWS","9281000000","35.24","United States"
"1129","Suzano","SUZ","9278760000","8.94","Brazil"
"1130","Hapvida","HAPV3.SA","9273180000","1.24033","Brazil"
"1131","ENN Natural Gas Co.,Ltd.","600803.SS","9272400000","2.61756","China"
"1132","Garmin","GRMN","9271020000","289.02","Switzerland"
"1133","Spotify","SPOT","9270940000","550.03","Sweden"
"1134","Ezdan Holding Group","ERES.QA","9270680000","0.227198","Qatar"
"1135","South32","S32.AX","9256000000","3.74228","Australia"
"1136","China Tourism Group Duty Free","601888.SS","9244660000","7.90923","China"
"1137","Wheaton Precious Metals","WPM","9243280000","156.02","Canada"
"1138","Fosun Pharma","600196.SS","9235210000","3.40625","China"
"1139","Zhejiang Huayou Cobalt","603799.SS","9229680000","5.97917","China"
"1140","Kinross Gold","KGC","9220900000","32.32","Canada"
"1141","Yili Group","600887.SS","9208380000","3.93601","China"
"1142","Qatar Islamic Bank","QIBK.QA","9200490000","5.95879","Qatar"
"1143","Telkom Indonesia","TLK","9199710000","14.71","Indonesia"
"1144","Amgen","AMGN","9190000000","440.34","United States"
"1145","Hong Kong and China Gas","0003.HK","9175220000","0.931879","Hong Kong"
"1146","Hua Hong Semiconductor Limited","1347.HK","9164230000","15.6653","China"
"1147","PChem (Petronas Chemicals Group)","5183.KL","9143950000","1.06179","Malaysia"
"1148","Quanta Services","PWR","9142920000","616.73","United States"
"1149","Steel Dynamics","STLD","9133400000","235.9","United States"
"1150","Julius Bär","BAER.SW","9131870000","92.3906","Switzerland"
"1151","Grupo Aval","AVAL","9129540000","5.45","Colombia"
"1152","Invitation Homes","INVH","9128660000","29.89","United States"
"1153","Taiwan Cooperative Financial","5880.TW","9126440000","0.789275","Taiwan"
"1154","ZTO Express","ZTO","9120320000","21.32","China"
"1155","SDIC Capital","600061.SS","9117230000","0.971726","China"
"1156","Yara International","YAR.OL","9115000000","47.4269","Norway"
"1157","Suntory","2587.T","9111760000","28.4562","Japan"
"1158","Rural Electrification Corp","RECLTD.NS","9098260000","3.41712","India"
"1159","Grifols","GRFS","9082280000","7.9","Spain"
"1160","JBS N.V.","JBS","9060700000","14.06","Brazil"
"1161","Healthpeak Properties","DOC","9060010000","21.58","United States"
"1162","Kajima","1812.T","9056800000","30.2821","Japan"
"1163","Lineage","LINE","9055000000","40.56","United States"
"1164","Westlake Corporation","WLK","9051000000","74.61","United States"
"1165","South State Corp","SSB","9030920000","106.36","United States"
"1166","Voestalpine","VAS.F","9028580000","53.2463","Austria"
"1167","Ferrovial","FER.MC","9004300000","59.0512","Spain"
"1168","East West Bancorp","EWBC","8999440000","130.43","United States"
"1169","Ooredoo Qatar","ORDS.QA","8994270000","3.61538","Qatar"
"1170","Legrand","LR.PA","8992580000","161.616","France"
"1171","Stanley Black &amp; Decker","SWK","8976700000","99.76","United States"
"1172","Kingboard Holdings","0148.HK","8975940000","6.7802","Hong Kong"
"1173","Sun Pharmaceutical","SUNPHARMA.NS","8972600000","20.0524","India"
"1174","Allied Group Limited","0373.HK","8972350000","0.269167","Hong Kong"
"1175","United Rentals","URI","8968000000","1057.66","United States"
"1176","TD Synnex","SNX","8950360000","251.39","United States"
"1177","Arca Continental","AC.MX","8937380000","11.5364","Mexico"
"1178","Swiss Prime Site","SPSN.SW","8926430000","156.756","Switzerland"
"1179","International Consolidated Airlines","BABWF","8920890000","5.65","Spain"
"1180","Neste","NESTE.HE","8908670000","37.0906","Finland"
"1181","Shandong Hi-Speed","600350.SS","8906080000","1.54018","China"
"1182","Zijin Gold International Company Limited","2259.HK","8895140000","19.8877","Hong Kong"
"1183","Toppan","7911.T","8891880000","31.3802","Japan"
"1184","SK Telecom","SKM","8878700000","39.8","South Korea"
"1185","Doosan","000150.KS","8858590000","879.723","South Korea"
"1186","Tenet Healthcare","THC","8850000000","274.19","United States"
"1187","Dollar General","DG","8843280000","122.78","United States"
"1188","EQT","EQT.ST","8826800000","35.0281","Sweden"
"1189","Wan Hai Lines","2615.TW","8825720000","3.57615","Taiwan"
"1190","KIOXIA Holdings Corporation","285A.T","8822600000","329.426","Japan"
"1191","ENKA","ENKAI.IS","8818170000","1.82521","Turkey"
"1192","Bajaj Holdings &amp; Investment","BAJAJHLDNG.NS","8816290000","119.524","India"
"1193","Zoomlion","1157.HK","8814710000","0.88723","China"
"1194","Grupo Carso","GCARSOA1.MX","8814490000","8.06686","Mexico"
"1195","Shanghai Commercial and Savings Bank","5876.TW","8812400000","1.35642","Taiwan"
"1196","George Weston","WN.TO","8808950000","70.984","Canada"
"1197","Copart","CPRT","8791450000","32.67","United States"
"1198","DWS Group","DWS.F","8786970000","87.2479","Germany"
"1199","LabCorp","LH","8745500000","335.72","United States"
"1200","China Resources Gas Group","1193.HK","8743240000","2.06659","Hong Kong"
"1201","E.SUN Bank","2884.TW","8742400000","1.21463","Taiwan"
"1202","Monster Beverage","MNST","8727030000","47.81","United States"
"1203","Fidelity National Financial","FNF","8719000000","47.48","United States"
"1204","Keppel","BN4.SI","8712660000","9.02581","Singapore"
"1205","Aedifica","AED.BR","8677860000","79.7296","Belgium"
"1206","Gold Fields","GFI","8672400000","47.82","South Africa"
"1207","Cheniere Energy","LNG","8672000000","284.08","United States"
"1208","Land Securities Group","LAND.L","8658460000","9.33411","United Kingdom"
"1209","Rakuten","4755.T","8658050000","4.88367","Japan"
"1210","UltraTech Cement","ULTRACEMCO.NS","8633800000","122.971","India"
"1211","Rexford Industrial","REXR","8633710000","37.27","United States"
"1212","Wistron Corporation","3231.TW","8614440000","5.65568","Taiwan"
"1213","Trane Technologies","TT","8612500000","463.4","Ireland"
"1214","Vienna Insurance Group","WSV2.F","8612370000","82.4105","Austria"
"1215","Boliden","BOL.ST","8599150000","59.2653","Sweden"
"1216","Ackermans &amp; Van Haaren","ACKB.BR","8598910000","302.133","Belgium"
"1217","JD Health","6618.HK","8586670000","4.68682","China"
"1218","Indian Bank","INDIANB.NS","8565890000","9.22436","India"
"1219","ACWA POWER Company","2082.SR","8564240000","52.1774","Saudi Arabia"
"1220","Palantir","PLTR","8556280000","177.5","United States"
"1221","Korea Investment Holdings","071050.KS","8554290000","138.698","South Korea"
"1222","Constellation Brands","STZ","8549800000","134.45","United States"
"1223","JD Logistics","2618.HK","8545440000","1.4211","China"
"1224","MISC Berhad","3816.KL","8530410000","2.10867","Malaysia"
"1225","TKO Group Holdings","TKO","8526510000","187.9","United States"
"1226","Old National Bank","ONB","8510650000","25.78","United States"
"1227","Toll Brothers","TOL","8485990000","148.18","United States"
"1228","Vulcan Materials","VMC","8475700000","273.74","United States"
"1229","Air Lease Corporation","AL","8472760000","65","United States"
"1230","Ascendas Reit","A17U.SI","8454170000","1.92005","Singapore"
"1231","Lenovo","0992.HK","8443610000","3.91887","Hong Kong"
"1232","Sabesp","SBS","8439380000","4.85","Brazil"
"1233","West Japan Railway","9021.T","8432420000","18.7836","Japan"
"1234","Informa plc","INF.L","8430330000","12.0895","United Kingdom"
"1235","Kingfisher","KGF.L","8424080000","4.36815","United Kingdom"
"1236","Sika","SIKA.SW","8420740000","237.741","Switzerland"
"1237","Japan Airlines","9201.T","8417040000","19.1318","Japan"
"1238","Formula One Group","FWONK","8405000000","103.34","United States"
"1239","Kobe Steel","5406.T","8389840000","12.6876","Japan"
"1240","Buzzi Unicem","BZU.MI","8384920000","47.9427","Italy"
"1241","Mohawk Industries","MHK","8379700000","132.17","United States"
"1242","W. P. Carey","WPC","8360690000","71.15","United States"
"1243","Ares Management","ARES","8359400000","141.98","United States"
"1244","Azrieli Group","AZRG.TA","8356100000","132.842","Israel"
"1245","Sunoco","SUN","8347000000","75.1","United States"
"1246","Industrias Peñoles","PE&OLES.MX","8336690000","54.4665","Mexico"
"1247","Nexi","NEXI.MI","8318260000","5.1696","Italy"
"1248","Obayashi","1802.T","8301630000","18.7804","Japan"
"1249","Sichuan Road and Bridge Group (SRBG)","600039.SS","8297660000","1.29464","China"
"1250","China Southern Airlines","600029.SS","8291320000","0.748512","China"
"1251","Arm Holdings","ARM","8286000000","251.06","United Kingdom"
"1252","Doosan Enerbility","034020.KS","8277370000","62.2473","South Korea"
"1253","Arkema","AKE.PA","8264450000","67.8401","France"
"1254","IHH Healthcare","Q0F.SI","8262940000","2.0853","Malaysia"
"1255","Sinopac Financial Holdings","2890.TW","8260860000","1.23984","Taiwan"
"1256","CF Industries","CF","8256000000","125.7","United States"
"1257","PPG Industries","PPG","8254000000","114.42","United States"
"1258","Sainsbury's","SBRY.L","8251820000","4.50401","United Kingdom"
"1259","Tianqi Lithium","002466.SZ","8250440000","7.17708","China"
"1260","Covestro","1COV.F","8241900000","69.9382","Germany"
"1261","Cooper Companies","COO","8239100000","73.04","United States"
"1262","Prysmian Group","PRY.MI","8233890000","145.996","Italy"
"1263","Teva Pharmaceutical Industries","TEVA","8232000000","37.92","Israel"
"1264","Lundin Mining","LUN.TO","8224400000","27.4384","Canada"
"1265","Antero Resources","AR","8223210000","38.53","United States"
"1266","Sociedad Química y Minera","SQM","8216300000","78.28","Chile"
"1267","Coca-Cola FEMSA","KOF","8212100000","116.9","Mexico"
"1268","Prosperity Bancshares","PB","8207850000","73.08","United States"
"1269","Transocean","RIG","8192000000","5.6","Switzerland"
"1270","Quanta Computer","2382.TW","8185500000","10.5079","Taiwan"
"1271","RHB Bank","1066.KL","8183500000","2.13851","Malaysia"
"1272","Banco de Crédito e Inversiones","BCI.SN","8178470000","73.9617","Chile"
"1273","Mobileye","MBLY","8164000000","8.54","Israel"
"1274","Unicaja Banco","UNI.MC","8154030000","4.16132","Spain"
"1275","China Gas","0384.HK","8149790000","0.712463","China"
"1276","Galderma Group","GALD.SW","8149000000","211.242","Switzerland"
"1277","Charoen Pokphand Foods","CPF.BK","8148180000","0.725831","Thailand"
"1278","Versant Media Group","VSNT","8144000000","39.27","United States"
"1279","Flagstar Bank","FLG","8120000000","13.61","United States"
"1280","Franco-Nevada","FNV","8106700000","267.37","Canada"
"1281","Türkiye Petrol Rafinerileri","TUPRS.IS","8099860000","8.00411","Turkey"
"1282","Compass Group","CPG.L","8073000000","30.28","United Kingdom"
"1283","Great Eagle","0041.HK","8068440000","1.91223","Hong Kong"
"1284","Willis Towers Watson","WTW","8059000000","343.12","United Kingdom"
"1285","Waste Connections","WCN","8057620000","167.15","United States"
"1286","EVN Group","EVN.F","8056570000","33.1624","Austria"
"1287","Inmobiliaria Colonial","COL.MC","8048530000","6.28278","Spain"
"1288","Chord Energy","CHRD","8046350000","140.14","United States"
"1289","HCL Technologies","HCLTECH.NS","8043810000","13.4629","India"
"1290","Investec","INVR.L","8039660000","9.04733","United Kingdom"
"1291","VakıfBank","VAKBN.IS","8007130000","0.677727","Turkey"
"1292","Textron","TXT","8002000000","83.31","United States"
"1293","CJ Cheiljedang Corporation","097950.KS","8000400000","135.002","South Korea"
"1294","City Developments","C09.SI","7991240000","6.61001","Singapore"
"1295","Dai Nippon Printing","7912.T","7990370000","19.4644","Japan"
"1296","Hanwha Solutions","009830.KS","7980770000","24.2032","South Korea"
"1297","Zhejiang Chint Electrics","601877.SS","7979200000","3.83036","China"
"1298","Hormel Foods","HRL","7963880000","23.78","United States"
"1299","Bank of the Philippine Islands","BPHLY","7953970000","31.51","Philippines"
"1300","CoStar Group","CSGP","7951000000","32.14","United States"
"1301","Nippon Sanso","4091.T","7949790000","35.6847","Japan"
"1302","Loblaw Companies","L.TO","7948700000","44.266","Canada"
"1303","Pirelli","PIRC.MI","7939070000","7.75731","Italy"
"1304","Lens Technology","300433.SZ","7931800000","5.81101","China"
"1305","Chiba Bank","CHBAY","7928540000","87.88","Japan"
"1306","Western Alliance Bancorporation","WAL","7908000000","79.6","United States"
"1307","Jyske Bank","JYSK.CO","7907820000","168.047","Denmark"
"1308","JSC Halyk Bank","H4L1.F","7899030000","34.2697","Kazakhstan"
"1309","Tokyo Century","8439.T","7898830000","16.5152","Japan"
"1310","SM Prime Holdings","SPHXF","7896340000","0.2672","Philippines"
"1311","Pegatron","4938.TW","7888270000","2.81681","Taiwan"
"1312","CNH Industrial","CNH","7868000000","11.62","United Kingdom"
"1313","Grupo Catalana Occidente","GCO.MC","7856710000","53.2104","Spain"
"1314","British Land","BLND.L","7855910000","5.7934","United Kingdom"
"1315","Meritz Financial Group","138040.KS","7846890000","86.2331","South Korea"
"1316","Valley Bank","VLY","7828440000","14.09","United States"
"1317","Dassault Aviation","AM.PA","7827990000","341.299","France"
"1318","UMB Financial","UMBF","7827000000","143.34","United States"
"1319","Castellum","CAST.ST","7824160000","13.9031","Sweden"
"1320","Sumitomo Chemical","4005.T","7798470000","3.50259","Japan"
"1321","ITC","ITC.NS","7795210000","2.81712","India"
"1322","Twilio","TWLO","7784080000","228.46","United States"
"1323","Whitecap Resources","WCP.TO","7778230000","12.8007","Canada"
"1324","SBI Shinsei Bank","8303.T","7775560000","9.77612","Japan"
"1325","Shin Kong Financial Holding","2888.TW","7770290000","0.389619","Taiwan"
"1326","Shizuoka Financial Group","5831.T","7768350000","22.7022","Japan"
"1327","Quest Diagnostics","DGX","7745000000","245","United States"
"1328","DB Insurance","005830.KS","7740910000","133.335","South Korea"
"1329","Kyushu Electric Power Company","9508.T","7730370000","12.2986","Japan"
"1330","ENN Energy","2688.HK","7729310000","6.1564","China"
"1331","Cathay Pacific","0293.HK","7726470000","1.87779","Hong Kong"
"1332","BXP, Inc.","BXP","7724380000","70.3","United States"
"1333","Zhongtai Securities","600918.SS","7722390000","0.861607","China"
"1334","Ganfeng Lithium","002460.SZ","7714640000","8.05506","China"
"1335","Founder Securities","601901.SS","7686610000","1.02827","China"
"1336","Ambuja Cements","AMBUJACEM.NS","7685380000","4.32335","India"
"1337","Hikari Tsushin","9435.T","7678510000","253.69","Japan"
"1338","Columbia Banking System","COLB","7664000000","30.71","United States"
"1339","Yamaha Motor","7272.T","7661290000","11.9629","Japan"
"1340","Nedbank","NED.JO","7655310000","18.4868","South Africa"
"1341","Airbnb","ABNB","7636000000","188.07","United States"
"1342","Eurazeo","RF.PA","7626550000","59.3309","France"
"1343","A2A","A2A.MI","7623990000","2.7206","Italy"
"1344","Korea Zinc","010130.KS","7622540000","994.217","South Korea"
"1345","Ashtead","AHT.L","7615000000","72.3405","United Kingdom"
"1346","Remgro Limited","REM.JO","7614500000","12.0052","South Africa"
"1347","U-Haul","UHAL","7611650000","68.76","United States"
"1348","Universal Health Services","UHS","7604480000","178.69","United States"
"1349","AMH (American Homes 4 Rent)","AMH","7599990000","34.56","United States"
"1350","Nornickel","GMKN.ME","7595000000","1.41","Russia"
"1351","Compagnie du Cambodge","CBDG.PA","7584520000","123.558","France"
"1352","WuXi Biologics","WXXWY","7581270000","12.91","China"
"1353","Hankyu Hanshin Holdings","9042.T","7575680000","29.8994","Japan"
"1354","Supermicro","SMCI","7575590000","37.39","United States"
"1355","McCormick & Company","MKC","7573300000","55.1","United States"
"1356","Hua Nan Financial Holdings","2880.TW","7565070000","1.23984","Taiwan"
"1357","Choice Properties REIT","CHP-UN.TO","7562340000","11.0647","Canada"
"1358","Korea Gas","036460.KS","7559850000","26.7395","South Korea"
"1359","Edison","EDNR.MI","7539440000","2.26134","Italy"
"1360","General Insurance Corporation of India","GICRE.NS","7539320000","3.6865","India"
"1361","LONGi Green Energy Technology","601012.SS","7535970000","1.80804","China"
"1362","Bankinter","BKT.MC","7530310000","19.3204","Spain"
"1363","Sungrow Power Supply","300274.SZ","7509820000","14.7083","China"
"1364","Luzhou Laojiao","000568.SZ","7503880000","12.192","China"
"1365","Nine Dragons Paper","2689.HK","7503370000","0.892971","China"
"1366","Korean Air Lines","003495.KS","7500130000","15.7973","South Korea"
"1367","Dover Corporation","DOV","7489890000","204.66","United States"
"1368","Lockheed Martin","LMT","7489000000","565.62","United States"
"1369","Ricoh Company","7752.T","7488150000","10.6075","Japan"
"1370","BKW AG","BKW.SW","7474800000","155.515","Switzerland"
"1371","Royal Gold","RGLD","7462260000","266.14","United States"
"1372","Qnity Electronics","Q","7461000000","126.2","United States"
"1373","TMBThanachart Bank (ttb)","TTB.BK","7459870000","0.0890515","Thailand"
"1374","Jones Lang LaSalle","JLL","7426600000","386.08","United States"
"1375","SSAB","SSAB-B.ST","7422720000","10.7075","Sweden"
"1376","Alliant Energy","LNT","7422000000","68.92","United States"
"1377","BlueScope Steel","BSL.AX","7415270000","22.2151","Australia"
"1378","Indofood","INDF.JK","7414730000","0.411268","Indonesia"
"1379","Moderna","MRNA","7408000000","149.66","United States"
"1380","Caisse Régionale de Crédit Agricole Mutuel Nord de France","CNDF.PA","7403830000","35.616","France"
"1381","APA Corporation","APA","7398000000","41.19","United States"
"1382","Acciona","ANA.MC","7383170000","246.882","Spain"
"1383","General Mills","GIS","7380600000","40.08","United States"
"1384","Wintrust Financial","WTFC","7378100000","153.1","United States"
"1385","Carlyle Group","CG","7374600000","48.99","United States"
"1386","Pan American Silver","PAAS","7355000000","52.63","Canada"
"1387","IDBI Bank","IDBI.NS","7353320000","0.972347","India"
"1388","Starwood Property Trust","STWD","7348730000","15.91","United States"
"1389","Adidas","ADS.DE","7348460000","177.527","Germany"
"1390","E-L Financial","ELF.TO","7342360000","12.7071","Canada"
"1391","Tradeweb","TW","7338150000","107.51","United States"
"1392","Hyundai Engineering and Construction","000720.KS","7336110000","93.697","South Korea"
"1393","Vedanta","VEDL.NS","7335670000","2.94595","India"
"1394","Argenx","ARGX","7323090000","1047.1","Netherlands"
"1395","ON Semiconductor","ON","7320800000","73.22","United States"
"1396","Vicinity Centres","VCX.AX","7320020000","1.78135","Australia"
"1397","Mapletree Commercial Trust","N2IU.SI","7313360000","0.99937","Singapore"
"1398","Veeva Systems","VEEV","7304350000","244.91","United States"
"1399","Zions Bancorporation","ZION","7296000000","68.32","United States"
"1400","The Hachijuni Bank","8359.T","7290770000","16.7129","Japan"
"1401","MercadoLibre","MELI","7281000000","1950.44","Argentina"
"1402","Shanghai Lujiazui Finance & Trade Zone Development Co.,Ltd.","600663.SS","7275070000","1.35714","China"
"1403","Sumitomo Forestry","1911.T","7267850000","8.43331","Japan"
"1404","Acciona Energías Renovables","ANE.MC","7263350000","25.1778","Spain"
"1405","KION Group","KGX.DE","7262120000","51.8126","Germany"
"1406","Chery Automobile","9973.HK","7260900000","3.32695","China"
"1407","Aker ASA","AKER.OL","7257170000","170.283","Norway"
"1408","Nitto Denko","6988.T","7246240000","21.466","Japan"
"1409","Nebius Group","NBIS","7241900000","213.93","Netherlands"
"1410","BIDV  (Commercial Bank for Investment and Development of Vietnam)","BID.VN","7241700000","1.41571","Vietnam"
"1411","Dongfang Electric Corporation","600875.SS","7224230000","3.86161","China"
"1412","WSP Global","WSP.TO","7217920000","137.423","Canada"
"1413","Public Power Corporation","PPC.AT","7212620000","27.7188","Greece"
"1414","Singapore Land","U06.SI","7210330000","2.62827","Singapore"
"1415","Steris","STE","7197200000","236.77","Ireland"
"1416","CGI","GIB","7193610000","73.24","Canada"
"1417","Bank of Qingdao (BQD)","002948.SZ","7183210000","0.883929","China"
"1418","Revvity","RVTY","7182740000","126.35","United States"
"1419","Smithfield Foods","SFD","7175000000","22.06","United States"
"1420","Oji Holdings","3861.T","7169170000","5.50048","Japan"
"1421","Kyoto Financial Group","5844.T","7165190000","30.5206","Japan"
"1422","Regency Centers","REG","7164910000","76.38","United States"
"1423","Qingdao Port International","601298.SS","7163490000","1.33631","China"
"1424","Tohoku Electric Power","9506.T","7161910000","8.27958","Japan"
"1425","TBS Holdings","9401.T","7159760000","36.5067","Japan"
"1426","Syensqo","SYENS.BR","7157630000","92.7847","Belgium"
"1427","PSP Swiss Property","PSPN.SW","7157460000","179.717","Switzerland"
"1428","YANGHE","002304.SZ","7155930000","5.78571","China"
"1429","The Commercial Bank (P.S.Q.C.)","CBQK.QA","7154040000","1.16484","Qatar"
"1430","Blue Owl Capital Corporation","OBDC","7154000000","11.25","United States"
"1431","Innolux","3481.TW","7152590000","1.45724","Taiwan"
"1432","Reliance","RS","7132100000","391.16","United States"
"1433","Agilent Technologies","A","7122000000","155.08","United States"
"1434","GPT Group","GPT.AX","7118700000","3.34004","Australia"
"1435","Caisse Régionale de Crédit Agricole Mutuel du Languedoc","CRLA.PA","7115130000","104.336","France"
"1436","Hong Kong Exchanges & Clearing","0388.HK","7112800000","53.8589","Hong Kong"
"1437","Pinnacle West Capital","PNW","7110970000","98.69","United States"
"1438","Adani Power","ADANIPOWER.NS","7103000000","2.23955","India"
"1439","COSCO Shipping Energy","600026.SS","7095840000","2.76935","China"
"1440","AltaGas","ALA.TO","7094920000","38.2654","Canada"
"1441","VPBank (Vietnam Prosperity Joint Stock Commercial Bank)","VPB.VN","7089040000","1.04981","Vietnam"
"1442","YTL Corporation Berhad","1773.T","7080340000","0.627479","Malaysia"
"1443","Knight-Swift Transportation","KNX","7063320000","69.55","United States"
"1444","Chang Hwa Commercial Bank","2801.TW","7051910000","0.778222","Taiwan"
"1445","Shriram Transport Finance","SHRIRAMFIN.NS","7051300000","11.5576","India"
"1446","Goldwind Science&amp;Technology","002202.SZ","7043690000","2.78869","China"
"1447","IndusInd Bank","INDUSINDBK.NS","7032160000","10.4588","India"
"1448","Zheshang Securities","601878.SS","7021000000","1.39583","China"
"1449","Host Hotels & Resorts","HST","7014000000","22.43","United States"
"1450","Hindustan Petroleum","HINDPETRO.NS","7012530000","3.87347","India"
"1451","Indah Kiat Pulp &amp; Paper","INKP.JK","6999690000","0.495775","Indonesia"
"1452","Kaō","4452.T","6998780000","22.7084","Japan"
"1453","Sichuan Chuantou Energy","600674.SS","6996690000","2.31399","China"
"1454","Kerry Group","KRZ.IR","6993870000","98.0301","Ireland"
"1455","Suncorp","SUN.AX","6990530000","13.5397","Australia"
"1456","Tongwei Co.,Ltd","600438.SS","6989490000","1.77083","China"
"1457","China Oilfield Services","2883.HK","6983190000","0.928052","China"
"1458","Brookfield Renewable","BEPC","6983000000","33.05","United States"
"1459","Thai Beverage","Y92.SI","6962320000","0.366335","Thailand"
"1460","Rheinmetall","RHM.F","6961890000","1363.8","Germany"
"1461","1&1","1U1.DE","6961360000","26.0946","Germany"
"1462","Techtronic Industries","0669.HK","6958450000","17.6936","Hong Kong"
"1463","Oriental Land","4661.T","6936730000","18.9122","Japan"
"1464","Hyundai Glovis","086280.KS","6936210000","147.466","South Korea"
"1465","Sojitz Corporation","2768.T","6918290000","35.0698","Japan"
"1466","abrdn","ABDN.L","6916750000","3.37495","United Kingdom"
"1467","Grupo Bimbo","BIMBOA.MX","6904640000","3.53496","Mexico"
"1468","MMG Limited","1208.HK","6899900000","1.19403","Australia"
"1469","Okta","OKTA","6899000000","134.42","United States"
"1470","SS&C Technologies","SSNC","6897500000","83.05","United States"
"1471","Masraf Al Rayan","MARK.QA","6893730000","0.532418","Qatar"
"1472","Essential Utilities","WTRG","6893210000","40.76","United States"
"1473","Alcoa","AA","6891000000","49.72","United States"
"1474","Tongling Nonferrous Metals Group Co.,Ltd.","000630.SZ","6886140000","1.00595","China"
"1475","Southwest Airlines","LUV","6875000000","40.67","United States"
"1476","Telenor","TEL.OL","6870640000","14.4292","Norway"
"1477","SM Energy","SM","6868000000","35.36","United States"
"1478","Sun Communities","SUI","6862900000","125.24","United States"
"1479","Grand City Properties","GYC.DE","6859740000","10.7938","Luxembourg"
"1480","Erdemir","EREGL.IS","6857480000","0.807371","Turkey"
"1481","Bio-Rad Laboratories","BIO","6851300000","388.64","United States"
"1482","SailPoint","SAIL","6842160000","18.22","United States"
"1483","BOC Aviation","2588.HK","6840860000","9.2869","Singapore"
"1484","Oil India","OIL.NS","6824910000","4.92982","India"
"1485","Citic Pacific Special Steel Group","000708.SZ","6815900000","2.07589","China"
"1486","Samsung SDS","018260.KS","6815780000","169.568","South Korea"
"1487","Arrow Electronics","ARW","6815720000","207.1","United States"
"1488","Regal Rexnord","RRX","6814900000","165.27","United States"
"1489","Nexon","3659.T","6814770000","19.4016","Japan"
"1490","Tritax Big Box REIT","BBOX.L","6812920000","2.16573","United Kingdom"
"1491","Akbank","AKBNK.IS","6806330000","1.5333","Turkey"
"1492","F.N.B. Corporation","FNB","6801000000","18.46","United States"
"1493","Mebuki Financial Group","7167.T","6792770000","10.5636","Japan"
"1494","Fukuoka Financial Group","8354.T","6789770000","48.4288","Japan"
"1495","EVE Energy","300014.SZ","6761650000","8.25446","China"
"1496","Amer Sports","AS","6755600000","31.59","Finland"
"1497","Mengniu Dairy","2319.HK","6743980000","2.39699","China"
"1498","Uni-President Enterprises","1216.TW","6742990000","2.42926","Taiwan"
"1499","Sanlam","SLM.JO","6724080000","5.30478","South Africa"
"1500","Mastercard","MA","6722000000","598.47","United States"
"1501","Kazatomprom","0ZQ.F","6720670000","71.5701","Kazakhstan"
"1502","Metropolitan Bank (Metrobank)","MTPOY","6718250000","21.886","Philippines"
"1503","Samsung Electro-Mechanics","009155.KS","6712490000","359.788","South Korea"
"1504","Vornado Realty Trust","VNO","6709460000","38.95","United States"
"1505","Voya Financial","VOYA","6706000000","101.54","United States"
"1506","Stockland","SGP.AX","6699780000","3.17483","Australia"
"1507","Workday","WDAY","6683000000","190.75","United States"
"1508","Strabag","XD4.F","6677180000","101.76","Austria"
"1509","Aurubis","NDA.F","6676000000","207.017","Germany"
"1510","The Yokohama Rubber Company","5101.T","6650540000","46.7346","Japan"
"1511","Thai Oil","TOP.BK","6640000000","1.89082","Thailand"
"1512","NH Investment & Securities Co., Ltd.","005940.KS","6628610000","19.2756","South Korea"
"1513","IGM Financial","IGM.TO","6603280000","63.2041","Canada"
"1514","NAURA Technology Group","002371.SZ","6602610000","106.845","China"
"1515","Zhuzhou CRRC Times Electric","3898.HK","6564340000","4.11532","Hong Kong"
"1516","Zain (Mobile Telecommunications Company)","ZAIN.KW","6563690000","1971.97","Kuwait"
"1517","Cadence Design Systems","CDNS","6561460000","334.68","United States"
"1518","China Resources Building Materials Technology","1313.HK","6560830000","0.13267","Hong Kong"
"1519","JOYY","JOYY","6558160000","74.81","China"
"1520","Shanghai Airport (AVINEX)","600009.SS","6554670000","3.49107","China"
"1521","Turkcell","TKC","6543920000","5.42","Turkey"
"1522","Grab Holdings","GRAB","6534000000","3.64","Singapore"
"1523","Hoya","7741.T","6526740000","153.513","Japan"
"1524","Origin Energy","ORG.AX","6524800000","8.41115","Australia"
"1525","Dexus","DXS.AX","6520920000","4.1517","Australia"
"1526","Asia Cement","1102.TW","6510830000","1.10593","Taiwan"
"1527","Mindray","300760.SZ","6504820000","24.1116","China"
"1528","Nippon Television Holdings","9404.T","6502010000","18.8997","Japan"
"1529","Elanco","ELAN","6500000000","25.08","United States"
"1530","Sunway","5211.KL","6497700000","1.27067","Malaysia"
"1531","ResMed","RMD","6491910000","235.69","United States"
"1532","LKQ Corporation","LKQ","6490000000","25.75","United States"
"1533","Vipshop","VIPS","6479760000","14.08","China"
"1534","RTL Group","RRTL.F","6478630000","37.4169","Luxembourg"
"1535","Kroger","KR","6478000000","58.45","United States"
"1536","HD Hyundai Heavy Industries","329180.KS","6461150000","340.585","South Korea"
"1537","Steel Authority of India","SAIL.NS","6456260000","1.99665","India"
"1538","Bausch + Lomb","BLCO","6452000000","17.25","Canada"
"1539","Iida Group","3291.T","6441960000","14.9277","Japan"
"1540","Hexagon AB","HEXA-B.ST","6436080000","10.5703","Sweden"
"1541","Şişecam","SISE.IS","6434280000","0.835627","Turkey"
"1542","Microchip Technology","MCHP","6432400000","74.05","United States"
"1543","James Hardie Industries","JHX","6425500000","30.15","Ireland"
"1544","Soochow Securities","601555.SS","6416850000","1.2128","China"
"1545","Ayala Land","AYAAF","6414550000","0.25","Philippines"
"1546","Lithia Motors","LAD","6409500000","370.15","United States"
"1547","Fraport","FRA.DE","6396950000","76.1161","Germany"
"1548","Genting Singapore","G13.SI","6391010000","0.495751","Singapore"
"1549","Wendel","MF.PA","6385360000","100.187","France"
"1550","Red Eléctrica","RED.MC","6381210000","17.6361","Spain"
"1551","AXIS Capital","AXS","6380640000","100.01","Bermuda"
"1552","Auckland Airport","AIA.AX","6380450000","5.09266","New Zealand"
"1553","Minera Valparaíso","MINERA.SN","6375920000","11.2252","Chile"
"1554","Unite Group (Unite Students)","UTG.L","6375100000","7.00398","United Kingdom"
"1555","LOTTE Corporation","004990.KS","6371550000","17.2466","South Korea"
"1556","S-OIL","010950.KS","6364670000","99.0594","South Korea"
"1557","A1 Telekom Austria","TA1.F","6364660000","11.7263","Austria"
"1558","Aselsan","ASELS.IS","6360110000","8.40925","Turkey"
"1559","Vodacom","VOD.JO","6358360000","9.3111","South Africa"
"1560","Conagra Brands","CAG","6357600000","16.19","United States"
"1561","Aéroports de Paris","ADP.PA","6350590000","131.834","France"
"1562","Rexel","RXL.PA","6350230000","43.2918","France"
"1563","Automatic Data Processing","ADP","6350100000","281.39","United States"
"1564","IQVIA","IQV","6349000000","261.51","United States"
"1565","Simon Property Group","SPG","6336780000","217.11","United States"
"1566","Makita","6586.T","6334640000","33.2564","Japan"
"1567","Keysight","KEYS","6331000000","321.87","United States"
"1568","Country Garden","2007.HK","6326240000","0.0244929","China"
"1569","ICL Group","ICL","6325000000","5.64","Israel"
"1570","Shimizu Corporation","1803.T","6313410000","15.1724","Japan"
"1571","Popular, Inc. (Banco Popular de Puerto Rico)","BPOP","6311090000","169.75","United States"
"1572","Barito Pacific","BRPT.JK","6311030000","0.103662","Indonesia"
"1573","Bank Albilad","1140.SR","6310610000","7.02624","Saudi Arabia"
"1574","Omron","6645.T","6309550000","40.9555","Japan"
"1575","Ross Stores","ROST","6305000000","236.27","United States"
"1576","Sinotrans Limited","601598.SS","6295570000","0.991071","China"
"1577","NOV","NOV","6268000000","20.23","United States"
"1578","LondonMetric Property","LMP.L","6267910000","2.58013","United Kingdom"
"1579","Komerční banka","KOMB.PR","6263720000","51.3507","Czech Republic"
"1580","Chocoladefabriken Lindt &amp; Sprüngli","LISP.SW","6260830000","11120.6","Switzerland"
"1581","Transurban","TCL.AX","6257730000","9.97126","Australia"
"1582","Chailease Holding","5871.TW","6256970000","3.60766","Taiwan"
"1583","Taylor Morrison","TMHC","6248150000","72.45","United States"
"1584","Taisei Corporation","1801.T","6242500000","80.8192","Japan"
"1585","Agree Realty","ADC","6238930000","73.67","United States"
"1586","Mitsui Chemicals","4183.T","6235280000","13.3998","Japan"
"1587","Nitori Holdings","9843.T","6233920000","19.2259","Japan"
"1588","Changjiang Securities","000783.SZ","6230020000","1.3869","China"
"1589","Zhongsheng Group","0881.HK","6221980000","0.523026","China"
"1590","Galicia Financial Group","GGAL","6212710000","43.91","Argentina"
"1591","BioMarin Pharmaceutical","BMRN","6212110000","65.61","United States"
"1592","Ameriprise Financial","AMP","6212000000","560.28","United States"
"1593","Adyen","ADYEN.AS","6208950000","1253.76","Netherlands"
"1594","Harbour Energy","HBR.L","6206000000","3.39126","United Kingdom"
"1595","GCL Technology","3800.HK","6205810000","0.0950376","Hong Kong"
"1596","KT&amp;G (Korea Tobacco)","033780.KS","6204800000","126.451","South Korea"
"1597","ARC Resources","ARX.TO","6193600000","24.0815","Canada"
"1598","Barwa Real Estate Company","BRES.QA","6192850000","0.626648","Qatar"
"1599","Skanska","SKA-B.ST","6190830000","28.8454","Sweden"
"1600","HK Electric Investments","2638.HK","6180210000","0.805587","Hong Kong"
"1601","White Mountains Insurance Group","WTM","6176000000","2132.74","Bermuda"
"1602","Foshan Haitian Flavouring and Food","603288.SS","6169230000","5.0744","China"
"1603","SKF (Svenska Kullagerfabriken)","SKF-B.ST","6168640000","29.0238","Sweden"
"1604","Bank OZK","OZK","6156210000","49.47","United States"
"1605","Shaftesbury Capital","SHC.L","6151950000","2.00541","United Kingdom"
"1606","Impala Platinum","IMP.JO","6146770000","14.1998","South Africa"
"1607","ATCO","ACO-X.TO","6146200000","54.7039","Canada"
"1608","Bank AlJazira","1020.SR","6136480000","3.30537","Saudi Arabia"
"1609","Equinox Gold","EQX","6125220000","13.63","Canada"
"1610","Tokyu","9005.T","6124410000","10.3785","Japan"
"1611","CarMax","KMX","6118580000","64.22","United States"
"1612","Seres Group","601127.SS","6116740000","7.51786","China"
"1613","United Internet","UTDI.F","6114370000","29.8636","Germany"
"1614","Largan Precision","3008.TW","6109030000","217.878","Taiwan"
"1615","Mondi","MNDI.L","6108590000","11.758","United Kingdom"
"1616","Canadian Apartment Properties REIT","CAR-UN.TO","6108460000","24.3049","Canada"
"1617","Yum China","YUMC","6107000000","47.18","China"
"1618","RB Global","RBA","6101300000","85.76","Canada"
"1619","Imperial Brands","IMB.L","6101180000","34.4153","United Kingdom"
"1620","Yapı Kredi","YKBNK.IS","6099100000","0.774545","Turkey"
"1621","Cencosud","CENCOSUD.SN","6095250000","2.28645","Chile"
"1622","Saudi Investment Bank","1030.SR","6092650000","3.86203","Saudi Arabia"
"1623","Fortive","FTV","6091400000","60.25","United States"
"1624","Eastman Chemical","EMN","6086000000","72.93","United States"
"1625","Globe Life","GL","6084600000","175.55","United States"
"1626","Grupo ACS","ACS.MC","6080440000","120.993","Spain"
"1627","Guangzhou Baiyunshan Pharmaceutical Holdings","600332.SS","6076510000","3.04464","China"
"1628","Mitsubishi Motors","7211.T","6074690000","2.34802","Japan"
"1629","Indian Railway Finance","IRFC.NS","6070410000","0.888132","India"
"1630","Yancoal","YAL.AX","6050300000","4.29536","Australia"
"1631","Washington H. Soul Pattinson and Company (Soul Patts)","SOL.AX","6049840000","31.4323","Australia"
"1632","Wesfarmers","WES.AX","6044600000","57.0751","Australia"
"1633","Nanya Technology","2408.TW","6044150000","17.0458","Taiwan"
"1634","mBank","MBK.WA","6030740000","369.652","Poland"
"1635","Hitachi Construction Machinery","6305.T","6026460000","36.513","Japan"
"1636","LG Uplus Corp.","032640.KS","6020440000","10.7825","South Korea"
"1637","Cleveland-Cliffs","CLF","6019000000","11.54","United States"
"1638","Baxter","BAX","6016000000","26.5","United States"
"1639","Sino Biopharmaceutical","1177.HK","6015630000","0.718842","China"
"1640","Hulic","3003.T","6004480000","11.2507","Japan"
"1641","Schroders","SDR.L","6001520000","7.93467","United Kingdom"
"1642","Dar Al Arkan Real Estate Development Company","4300.SR","5994620000","5.64656","Saudi Arabia"
"1643","Boeing","BA","5987000000","212.09","United States"
"1644","Stifel","SF","5984480000","80.77","United States"
"1645","Snap-on","SNA","5983100000","397.48","United States"
"1646","Kawasaki Heavy Industries","7012.T","5981200000","16.4807","Japan"
"1647","United Tractors","UNTR.JK","5977380000","1.37887","Indonesia"
"1648","BOK Financial","BOKF","5975070000","138.36","United States"
"1649","Dah Sing Financial","0440.HK","5974610000","6.10282","Hong Kong"
"1650","Full Truck Alliance","YMM","5971820000","8.82","China"
"1651","Mirvac Group","MGR.AX","5956450000","1.30728","Australia"
"1652","Telecom Argentina","TEO","5944760000","13.51","Argentina"
"1653","China Eastern Airlines","600115.SS","5926720000","0.528274","China"
"1654","Old Republic International","ORI","5925300000","42.45","United States"
"1655","Warehouses De Pauw","WDP.BR","5917760000","25.0146","Belgium"
"1656","Matador Resources","MTDR","5913080000","55.25","United States"
"1657","Air China","601111.SS","5908520000","0.875","China"
"1658","United Therapeutics","UTHR","5901100000","516.68","United States"
"1659","Banco de Chile","BCH","5898650000","41.63","Chile"
"1660","Liberty Broadband","LBRDA","5898000000","35.99","United States"
"1661","Tauron Polska","TPE.WA","5895700000","2.28251","Poland"
"1662","Daqo New Energy","DQ","5889700000","13.52","China"
"1663","Basler Kantonalbank","BSKP.SW","5884660000","119.894","Switzerland"
"1664","Ferguson Enterprises","FERG","5874000000","235.73","United Kingdom"
"1665","Axiata Group","6888.KL","5872250000","0.469974","Malaysia"
"1666","Assurant","AIZ","5869400000","288.51","United States"
"1667","Kaspi.kz Joint Stock Company","KKS.F","5859580000","107.472","Kazakhstan"
"1668","Millrose Properties","MRP","5853630000","30.67","United States"
"1669","Saudi Arabian Fertilizer Company","2020.SR","5853330000","34.8915","Saudi Arabia"
"1670","AkzoNobel","AKZA.AS","5849600000","71.1272","Netherlands"
"1671","GameStop","GME","5842100000","17.97","United States"
"1672","Vingroup Company","VIC.VN","5839150000","9.04215","Vietnam"
"1673","Televisa","TV","5834060000","2.88","Mexico"
"1674","Eisai","4523.T","5833830000","30.2445","Japan"
"1675","iA Financial","IAG.TO","5832600000","143.157","Canada"
"1676","KLA","KLAC","5830500000","183.83","United States"
"1677","Wüstenrot &amp; Württembergische","WUW.F","5827830000","16.4588","Germany"
"1678","Samsung Card","029780.KS","5823040000","33.5874","South Korea"
"1679","TPG Telecom","TPG.AX","5807840000","2.66485","Australia"
"1680","Absa Bank","ABSP.JO","5805360000","55.3035","South Africa"
"1681","Sime Darby","4197.KL","5800070000","0.624145","Malaysia"
"1682","Tosoh Corporation","4042.T","5796090000","16.7129","Japan"
"1683","Blue Owl Capital","OWL","5787610000","11.8","United States"
"1684","Holmen","HOLM-B.ST","5785350000","33.7579","Sweden"
"1685","Galp Energia","GZ5.F","5782470000","24.5949","Portugal"
"1686","Tokyu Fudosan Holdings","3289.T","5780070000","8.39566","Japan"
"1687","Givaudan","GIVN.SW","5769860000","4031.23","Switzerland"
"1688","Jiangsu Eastern Shenghong","000301.SZ","5766840000","2.02827","China"
"1689","Skyworks Solutions","SWKS","5765700000","66.62","United States"
"1690","Zhongjin Gold","600489.SS","5765650000","3.97173","China"
"1691","China Resources Sanjiu Medical &amp; Pharmaceutical","000999.SZ","5754930000","3.66667","China"
"1692","Australian Foundation Investment Company","AFI.AX","5749750000","4.93464","Australia"
"1693","Tsuruha Holdings","3391.T","5740410000","14.9246","Japan"
"1694","Golden Agri-Resources","E5H.SI","5726940000","0.240284","Singapore"
"1695","Schindler Group","SCHN.SW","5725710000","319.594","Switzerland"
"1696","Janus Henderson","JHG","5724700000","51.95","United Kingdom"
"1697","Euronext","ENX.PA","5716730000","191.46","Netherlands"
"1698","Tryg","TRYG.CO","5712580000","24.2561","Denmark"
"1699","kyowa Kirin","4151.T","5711370000","16.4274","Japan"
"1700","Mid-America Apartment Communities","MAA","5708500000","131.5","United States"
"1701","Enel Chile","ENIC","5699000000","4.47","Chile"
"1702","Ivanhoe Mines","IVN.TO","5697860000","8.95404","Canada"
"1703","Essent Group","ESNT","5696500000","69.59","Bermuda"
"1704","Dahua Technology","002236.SZ","5693630000","2.42411","China"
"1705","BAWAG Group","0B2.F","5691560000","208.999","Austria"
"1706","LPL Financial","LPLA","5685700000","360.245","United States"
"1707","Penske Automotive Group","PAG","5682200000","217.24","United States"
"1708","Genmab","GMAB","5682000000","33.75","Denmark"
"1709","EchoStar","ECHO","5677400000","85.61","United States"
"1710","Fuyao Glass Industry Group","600660.SS","5676980000","8.45238","China"
"1711","Cosan","CSAN","5659750000","2.82","Brazil"
"1712","PPB Group Berhad","4065.KL","5654050000","2.53139","Malaysia"
"1713","PBF Energy","PBF","5652700000","69.73","United States"
"1714","BorgWarner","BWA","5642000000","64.69","United States"
"1715","Nongfu Spring","9633.HK","5641710000","5.47774","China"
"1716","Taylor Wimpey","TW.L","5638450000","1.17118","United Kingdom"
"1717","West Fraser Timber","WFG","5638000000","67.81","Canada"
"1718","Trimble","TRMB","5637200000","59.68","United States"
"1719","Almarai","2280.SR","5633300000","13.1469","Saudi Arabia"
"1720","Brighthouse Financial","BHF","5628000000","52.49","United States"
"1721","Essex Property Trust","ESS","5627140000","288.17","United States"
"1722","Incyte","INCY","5622850000","128.12","United States"
"1723","Ball Corporation","BALL","5619000000","64.05","United States"
"1724","Vistra","VST","5610000000","140.03","United States"
"1725","Dick's Sporting Goods","DKS","5604240000","129.66","United States"
"1726","Shangri-La","0069.HK","5600100000","0.52175","Hong Kong"
"1727","Avantor","AVTR","5588700000","14.5","United States"
"1728","Experian","EXPGF","5583000000","41","Ireland"
"1729","Olam","VC2.SI","5581750000","0.802644","Singapore"
"1730","PT Amman Mineral Internasional Tbk","AMMN.JK","5581260000","0.250704","Indonesia"
"1731","Sonic Healthcare","SHL.AX","5573750000","14.4376","Australia"
"1732","Fomento de Construcciones y Contratas","FCC.MC","5571970000","13.0064","Spain"
"1733","Unicharm","8113.T","5569970000","6.1656","Japan"
"1734","Clearway Energy","CWEN","5568000000","32.47","United States"
"1735","AL Sydbank A/S","ALSYDB.CO","5564220000","103.743","Denmark"
"1736","Assured Guaranty","AGO","5564000000","75.91","Bermuda"
"1737","Amadeus IT Group","AMS.MC","5560250000","67.0008","Spain"
"1738","ING Bank Slaski","ING.WA","5559710000","120.235","Poland"
"1739","Kingspan Group","KRX.IR","5559170000","119.356","Ireland"
"1740","Shimano","7309.T","5559010000","124.68","Japan"
"1741","Sekisui Chemical","4204.T","5556370000","16.6031","Japan"
"1742","Jindal Steel &amp; Power","JINDALSTEL.NS","5545420000","12.3997","India"
"1743","J.M. Smucker Company","SJM","5543800000","130.9","United States"
"1744","Accor","AC.PA","5541200000","54.9015","France"
"1745","Shenzhen Inovance","300124.SZ","5537040000","9.24405","China"
"1746","Xinjiang Daqo New Energy Co.,Ltd.","688303.SS","5536200000","2.5997","China"
"1747","Iyogin Holdings","5830.T","5535910000","24.6411","Japan"
"1748","Zhongji Innolight","300308.SZ","5528550000","128.887","China"
"1749","Vivendi","VIV.PA","5525930000","1.91048","France"
"1750","Howmet Aerospace","HWM","5522000000","269.34","United States"
"1751","Telia Company","TELIA.ST","5520980000","4.56824","Sweden"
"1752","YTL Power International","6742.KL","5512840000","1.44971","Malaysia"
"1753","Mapletree Logistics Trust","M44U.SI","5510160000","0.92068","Singapore"
"1754","Peugeot Invest Société anonyme","PEUG.PA","5506380000","64.3432","France"
"1755","Rentokil Initial","RTO","5494000000","23.44","United Kingdom"
"1756","Kilroy Realty","KRC","5488910000","36.83","United States"
"1757","United Bankshares","UBSI","5488130000","47.45","United States"
"1758","K+S","SDF.F","5484670000","19.0815","Germany"
"1759","Prada","1913.HK","5481010000","5.22516","Italy"
"1760","Türk Telekom","TTKOM.IS","5479670000","1.11465","Turkey"
"1761","Yes Bank","YESBANK.NS","5472910000","0.233476","India"
"1762","Yanlord","Z25.SI","5470860000","0.444602","Singapore"
"1763","Banca Transilvania","TLV.RO","5470670000","8.19719","Romania"
"1764","Shui On Land","0272.HK","5464470000","0.0516648","China"
"1765","Mowi","MNHVF","5462910000","21.2","Norway"
"1766","Omega Healthcare Investors","OHI","5455020000","46.97","United States"
"1767","Kuwait Projects Company Holding","KPROJ.KW","5437610000","254.889","Kuwait"
"1768","Meridian Energy","MEZ.AX","5434420000","3.17483","New Zealand"
"1769","Samsung Securities","016360.KS","5433150000","63.9864","South Korea"
"1770","Bandai Namco","7832.T","5432130000","35.2141","Japan"
"1771","Equatorial Energia","EQTL3.SA","5430470000","7.16008","Brazil"
"1772","Nippon Express","9147.T","5428420000","35.9859","Japan"
"1773","UGI Corporation","UGI","5428000000","38.45","United States"
"1774","Gotion High-tech Co.,Ltd.","002074.SZ","5424450000","4.12054","China"
"1775","Adaro Energy","ADRO.JK","5423560000","0.152113","Indonesia"
"1776","Ono Pharmaceutical","4528.T","5402000000","15.4109","Japan"
"1777","Luzerner Kantonalbank","LUKN.SW","5400600000","140.745","Switzerland"
"1778","HEICO","HEI","5391570000","351.05","United States"
"1779","KCC Corp","002380.KS","5387870000","340.222","South Korea"
"1780","Société Foncière Lyonnaise","FLY.PA","5387070000","86.0641","France"
"1781","Seiko Epson Corporation","6724.T","5383100000","19.6903","Japan"
"1782","Seatrium","5E2.SI","5379690000","1.73119","Singapore"
"1783","Eurofins Scientific","ERF.PA","5376380000","84.4154","Luxembourg"
"1784","MinebeaMitsumi","6479.T","5373530000","21.3405","Japan"
"1785","Cboe Global Markets","CBOE","5373500000","312.19","United States"
"1786","Rayonier","RYN","5369300000","20.82","United States"
"1787","GFL Environmental","GFL","5367150000","41.32","Canada"
"1788","Banca Popolare di Sondrio","BPSO.MI","5366390000","20.5062","Italy"
"1789","Universal Music Group","UMG.AS","5366160000","17.0882","Netherlands"
"1790","Seaboard Corporation","SEB","5360000000","4026.77","United States"
"1791","Enact Holdings","ACT","5343550000","49.21","United States"
"1792","Etihad Etisalat (Mobily)","7020.SR","5325290000","18.0983","Saudi Arabia"
"1793","Ajinomoto","2802.T","5324000000","34.1411","Japan"
"1794","Continental","CON.DE","5321820000","81.5541","Germany"
"1795","HPH Trust (Hutchison Port)","NS8U.SI","5316140000","0.199","Singapore"
"1796","Shurgard Self Storage","SHUR.BR","5315910000","26.9262","Luxembourg"
"1797","Fuji Electric","6504.T","5315560000","89.2902","Japan"
"1798","YTO Express","600233.SS","5315070000","2.52232","China"
"1799","Huntington Ingalls Industries","HII","5312000000","296.4","United States"
"1800","Hualu Hengsheng","600426.SS","5311430000","3.09821","China"
"1801","Hoa Phat Group","HPG.VN","5310250000","0.850575","Vietnam"
"1802","Efes Beverage Group","AEFES.IS","5305310000","0.389142","Turkey"
"1803","Hera Group","HER.MI","5297170000","4.52733","Italy"
"1804","Yageo","2327.TW","5294630000","17.4869","Taiwan"
"1805","CTF Services Limited","0659.HK","5293200000","1.02564","Hong Kong"
"1806","Futu Holdings","FUTU","5293180000","127.34","Hong Kong"
"1807","Roivant Sciences","ROIV","5292410000","36.75","United Kingdom"
"1808","Fonterra","FCG.NZ","5291500000","2.68888","New Zealand"
"1809","Restaurant Brands International","QSR","5291000000","79.26","Canada"
"1810","Smith & Nephew","SNN","5289000000","29.3","United Kingdom"
"1811","Salzgitter","SZG.F","5285940000","68.248","Germany"
"1812","Banco Santander-Chile","BSAC","5284280000","35.31","Chile"
"1813","Banca Mediolanum","BMED.MI","5279660000","28.0103","Italy"
"1814","Lear Corporation","LEA","5275300000","124.42","United States"
"1815","Orkla","ORK.OL","5274860000","10.1935","Norway"
"1816","FS KKR Capital","FSK","5274000000","12.16","United States"
"1817","Samsung Biologics","207940.KS","5270190000","1155.09","South Korea"
"1818","Xinyi Glass Holdings","0868.HK","5268360000","1.13662","Hong Kong"
"1819","Telephone and Data Systems","TDS","5262900000","33.28","United States"
"1820","Immofinanz","IMO1.F","5262120000","17.9974","Austria"
"1821","Hindustan Unilever","HINDUNILVR.NS","5242270000","21.0611","India"
"1822","Credito Emiliano","CE.MI","5241260000","24.2219","Italy"
"1823","Murphy Oil","MUR","5232880000","34.69","United States"
"1824","Brenntag","BNR.DE","5229230000","69.7517","Germany"
"1825","Delek Group","DLEKG.TA","5224590000","27.8608","Israel"
"1826","Cemig","CIG","5219130000","2.015","Brazil"
"1827","SAAB AB","SAAB-B.ST","5212400000","67.8938","Sweden"
"1828","JTEKT Corporation","6473.T","5203910000","12.9292","Japan"
"1829","Scor","SCR.PA","5200530000","39.2353","France"
"1830","Halkbank","HALKB.IS","5198070000","0.870947","Turkey"
"1831","Oberbank","OBS.VI","5177900000","96.981","Austria"
"1832","NHPC Limited","NHPC.NS","5177860000","0.795328","India"
"1833","HENGTONG Optic-Electric","600487.SS","5177580000","10.6101","China"
"1834","LG Display","LPL","5170610000","3.34","South Korea"
"1835","Banpu Public Company","BANPU.BK","5157590000","0.445258","Thailand"
"1836","LS Corp.","006260.KS","5156630000","226.815","South Korea"
"1837","Meiji Holdings","2269.T","5155470000","27.9667","Japan"
"1838","NGK Insulators","5333.T","5154210000","33.8776","Japan"
"1839","Satellite Chemical","002648.SZ","5145310000","4.07589","China"
"1840","Flex","FLEX","5144000000","111.82","Singapore"
"1841","Posco International","047050.KS","5143310000","38.044","South Korea"
"1842","China Resources Beer","0291.HK","5140580000","2.52201","Hong Kong"
"1843","MTU Aero Engines","MTX.DE","5139440000","425.108","Germany"
"1844","Caisse régionale de Crédit Agricole Mutuel Atlantique Vendée","CRAV.PA","5129770000","165.52","France"
"1845","Insurance Australia Group","IAG.AX","5121690000","5.62715","Australia"
"1846","Olympus","7733.T","5120730000","13.4375","Japan"
"1847","Zhejiang NHU Co., Ltd.","002001.SZ","5118760000","4.0119","China"
"1848","RioCan REIT","REI-UN.TO","5113130000","15.1347","Canada"
"1849","Prio SA (Petro Rio)","PRIO3.SA","5102230000","11.8123","Brazil"
"1850","WESCO International","WCC","5097900000","347.6","United States"
"1851","Ipsen","IPN.PA","5094570000","193.496","France"
"1852","Meritage Homes","MTH","5093770000","72.23","United States"
"1853","Suntec REIT","T82U.SI","5091320000","1.16462","Singapore"
"1854","Champion REIT","2778.HK","5089040000","0.290216","Hong Kong"
"1855","Aluminium Bahrain (Alba)","ALBH.BH","5085530000","0","Bahrain"
"1856","Tata Power","TATAPOWER.NS","5085140000","3.68493","India"
"1857","Cameco","CCJ","5081350000","107.36","Canada"
"1858","San’an Optoelectronics","600703.SS","5080840000","1.98065","China"
"1859","Fresnillo","FNLPF","5074690000","43.41","Mexico"
"1860","IDFC FIRST Bank","IDFCFIRSTB.NS","5070780000","0.877658","India"
"1861","Localiza","RENT3.SA","5066560000","6.88207","Brazil"
"1862","Sunrise Communications AG","SUNN.SW","5066130000","53.2946","Switzerland"
"1863","Leidos","LDOS","5064000000","137.43","United States"
"1864","Nomura Real Estate Holdings","3231.T","5062010000","5.85626","Japan"
"1865","Hansoh Pharma","3692.HK","5054880000","4.69703","China"
"1866","Atlantic Union Bankshares","AUB","5052320000","40.7","United States"
"1867","Enea","ENA.WA","5042510000","5.29541","Poland"
"1868","Algonquin Power & Utilities","AQN","5042000000","5.71","Canada"
"1869","MGIC Investment","MTG","5037290000","31.29","United States"
"1870","Gaming and Leisure Properties","GLPI","5036830000","42.57","United States"
"1871","Doosan Bobcat","241560.KS","5031710000","44.8557","South Korea"
"1872","Banque Cantonale Vaudoise","BCVN.SW","5022100000","155.639","Switzerland"
"1873","Advantest","6857.T","5017850000","217.17","Japan"
"1874","MediPal Holdings Corporation","7459.T","5015790000","18.153","Japan"
"1875","Acom","8572.T","5008040000","3.069","Japan"
"1876","Metro","MRU.TO","5004780000","64.9834","Canada"
"1877","Alfa Laval","ALFA.ST","5000640000","60.7769","Sweden"
"1878","Associated Banc-Corp","ASB","4997870000","30.85","United States"
"1879","IonQ","IONQ","4989700000","40.03","United States"
"1880","Commercial Bank of Dubai","CBD.AE","4988550000","2.61395","United Arab Emirates"
"1881","Corporación Financiera Alba","ALB.MC","4987670000","97.9515","Spain"
"1882","Evolution Gaming","EVO.ST","4976540000","87.6279","Sweden"
"1883","Solventum","SOLV","4970000000","91.53","United States"
"1884","BIG Shopping Centers","BIG.TA","4966590000","227.753","Israel"
"1885","Brederode","BREB.BR","4965490000","120.061","Luxembourg"
"1886","ASM International","ASM.AS","4963710000","986.129","Netherlands"
"1887","Krafton","259960.KS","4961950000","159.06","South Korea"
"1888","JX Advanced Metals","5016.T","4957750000","23.794","Japan"
"1889","Sunrun","RUN","4956560000","9.13","United States"
"1890","Avnet","AVT","4953340000","90.29","United States"
"1891","Mallplaza","MALLPLAZA.SN","4948870000","4.32749","Chile"
"1892","Darling Ingredients","DAR","4944290000","62.5","United States"
"1893","OGE Energy","OGE","4939200000","46.55","United States"
"1894","CSPC Pharmaceutical Group Limited","1093.HK","4938480000","1.23485","China"
"1895","Hong Kong Telecom","6823.HK","4934540000","1.55249","Hong Kong"
"1896","Milaha - Qatar Navigation","QNNS.QA","4930470000","2.82967","Qatar"
"1897","New Hope Liuhe","000876.SZ","4921880000","1.05208","China"
"1898","TransUnion","TRU","4914700000","84.5","United States"
"1899","Growthpoint Properties","GRT.JO","4912490000","1.02461","South Africa"
"1900","National Shipping Company of Saudi Arabia (Bahri)","4030.SR","4912450000","9.55653","Saudi Arabia"
"1901","Infratil","IFT.NZ","4909430000","8.66151","New Zealand"
"1902","Akamai","AKAM","4908830000","108.06","United States"
"1903","China Jushi Co., Ltd.","600176.SS","4898020000","6.34524","China"
"1904","DT Midstream","DTM","4895000000","132.54","United States"
"1905","PVH Corp.","PVH","4894700000","74.5","United States"
"1906","Saputo","SAP.TO","4894660000","29.5274","Canada"
"1907","Italgas","IG.MI","4893860000","10.1807","Italy"
"1908","Aspen Pharmacare","APN.JO","4889040000","9.79364","South Africa"
"1909","The Chugoku Electric Power","9504.T","4888990000","6.19196","Japan"
"1910","CPFL Energia","CPFE3.SA","4888500000","8.66091","Brazil"
"1911","Canadian Tire","CTC.TO","4887760000","153.436","Canada"
"1912","NRG Energy","NRG","4874000000","116.14","United States"
"1913","Beazley","BEZ.L","4871400000","17.6152","United Kingdom"
"1914","Derwent London","DLN.L","4868800000","27.6083","United Kingdom"
"1915","Persimmon","PSN.L","4867180000","16.2362","United Kingdom"
"1916","DLF","DLF.NS","4864280000","7.13523","India"
"1917","Niterra","5334.T","4863530000","53.1725","Japan"
"1918","F.I.B.I. Holdings","FIBIH.TA","4858470000","103.595","Israel"
"1919","Chandra Asri Petrochemical","TPIA.JK","4856950000","0.109859","Indonesia"
"1920","Credit Saison","8253.T","4851120000","29.5982","Japan"
"1921","Canadian Utilities","CU.TO","4848630000","37.9772","Canada"
"1922","Cosmo Energy Holdings","5021.T","4845020000","26.3541","Japan"
"1923","easyJet","EZJ.L","4843070000","9.18466","United Kingdom"
"1924","Brother Industries","6448.T","4839000000","29.6421","Japan"
"1925","Macy's","M","4837000000","22.82","United States"
"1926","Tsingtao","600600.SS","4828160000","7.5878","China"
"1927","Kuraray Co., Ltd.","3405.T","4828070000","11.4703","Japan"
"1928","lululemon athletica","LULU","4825600000","116.35","Canada"
"1929","Carlsberg","CARL-B.CO","4824860000","137.677","Denmark"
"1930","bioMérieux","BIM.PA","4823440000","86.1989","France"
"1931","Henry Schein","HSIC","4822000000","90.38","United States"
"1932","Terex","TEX","4822000000","65.36","United States"
"1933","Bellway","BWY.L","4819290000","29.8366","United Kingdom"
"1934","Teleperformance","TEP.PA","4812870000","83.1565","France"
"1935","Radian Group","RDN","4809260000","36.81","United States"
"1936","China Great Wall Securities","002939.SZ","4804070000","1.21429","China"
"1937","Kyushu Financial Group","7180.T","4800470000","9.72906","Japan"
"1938","Graham Holdings","GHC","4796720000","1163.24","United States"
"1939","Clarivate","CLVT","4788800000","1.99","United Kingdom"
"1940","Cintas","CTAS","4788380000","205.78","United States"
"1941","Jersey Mike's Subs","JMKE","4784000000","22.31","United States"
"1942","Rohm","6963.T","4783820000","30.3072","Japan"
"1943","Valeo","FR.PA","4782320000","16.2198","France"
"1944","Zhejiang Sanhua Intelligent Controls Co.,Ltd","002050.SZ","4777520000","5.47917","China"
"1945","First International Bank of Israel","FIBI.TA","4777320000","78.9917","Israel"
"1946","Zhejiang Century Huatong","002602.SZ","4763680000","2.07143","China"
"1947","BeOne Medicines","ONC","4760440000","375.8","United States"
"1948","CoreWeave","CRWV","4759000000","88.01","United States"
"1949","Ternium Argentina","TXAR.BA","4753560000","0.456992","Argentina"
"1950","Worldline","WLN.PA","4748140000","15.7221","France"
"1951","ITT","ITT","4745700000","205.98","United States"
"1952","Bank ABC (Arab Banking Corporation)","ABC.BH","4741000000","0.86","Bahrain"
"1953","The Berkeley Group","BKG.L","4736360000","48.3961","United Kingdom"
"1954","The Hershey Company","HSY","4733850000","185.35","United States"
"1955","Globus Medical","GMED","4732310000","83.1","United States"
"1956","ViaSat","VSAT","4729260000","71.51","United States"
"1957","Performance Food Group","PFGC","4721700000","102.47","United States"
"1958","Shanghai RAAS Blood Products","002252.SZ","4717610000","0.736607","China"
"1959","EVA Air","2618.TW","4712000000","1.34697","Taiwan"
"1960","Centrica","CNA.L","4708130000","2.10935","United Kingdom"
"1961","Sumitomo Rubber Industries","5110.T","4707470000","14.0743","Japan"
"1962","JD Sports Fashion","JD.L","4705880000","1.19591","United Kingdom"
"1963","GDS Holdings","GDS","4705660000","32.56","China"
"1964","Amentum","AMTM","4703000000","20.61","United States"
"1965","TIM S.A.","TIMB","4702690000","18.18","Brazil"
"1966","Taiwan Business Bank","2834.TW","4702170000","0.515155","Taiwan"
"1967","Sagax","SAGA-B.ST","4698170000","17.7817","Sweden"
"1968","Ferrari","RACE","4692300000","412.83","Italy"
"1969","Equifax","EFX","4682800000","190.56","United States"
"1970","Keppel REIT","K71U.SI","4678580000","0.692477","Singapore"
"1971","American Financial Group","AFG","4678000000","144.97","United States"
"1972","CrowdStrike","CRWD","4675330000","189.18","United States"
"1973","Samvardhana Motherson","MOTHERSON.NS","4670210000","1.73625","India"
"1974","Kingsoft","3888.HK","4663550000","3.11264","China"
"1975","Nippon Building Fund","8951.T","4661900000","813.212","Japan"
"1976","Mitsubishi Materials","5711.T","4661840000","37.2973","Japan"
"1977","Resonac Holdings Corporation","4004.T","4651870000","102.844","Japan"
"1978","Hongkong and Shanghai Hotels","0045.HK","4647160000","0.705447","Hong Kong"
"1979","Kiwoom Securities","039490.KS","4643430000","202.539","South Korea"
"1980","Iveco Group","IVG.MI","4640100000","16.2781","Italy"
"1981","Tokyo Metro","9023.T","4633330000","9.27413","Japan"
"1982","Carvana","CVNA","4632000000","73.95","United States"
"1983","Coca-Cola HBC","CCH.L","4630310000","62.4992","Switzerland"
"1984","China Northern Rare Earth (CNREHT)","600111.SS","4629450000","6.0878","China"
"1985","CNX Resources","CNX","4626580000","36.06","United States"
"1986","Yangzijiang Shipbuilding (Holdings) Ltd.","BS6.SI","4610830000","3.81102","China"
"1987","Constellation Software","CSU.TO","4609000000","2211.52","Canada"
"1988","Alamos Gold","AGI","4607800000","37.55","Canada"
"1989","Range Resources","RRC","4602390000","41.55","United States"
"1990","SmartCentres REIT","SRU-UN.TO","4601440000","19.9971","Canada"
"1991","Puig Brands","PUIG.MC","4595360000","20.9931","Spain"
"1992","Epiroc","EPI-A.ST","4594920000","28.7929","Sweden"
"1993","IAC Inc.","IAC","4594680000","42.24","United States"
"1994","AGCO","AGCO","4592000000","111.56","United States"
"1995","Sonae","SON.LS","4591710000","2.34876","Portugal"
"1996","Toyo Seikan Group Holdings","5901.T","4588190000","28.2742","Japan"
"1997","Packaging Corporation of America","PKG","4587800000","246.68","United States"
"1998","Clariane","CLARI.PA","4583380000","4.66255","France"
"1999","Icade","ICAD.PA","4583090000","21.6459","France"
"2000","Companhia Paranaense de Energia (COPEL)","ELPC","4582560000","11.29","Brazil"
"2001","COSCO SHIPPING Development","601866.SS","4578840000","0.355655","China"
"2002","Amkor Technology","AMKR","4569140000","48.4","United States"
"2003","Sembcorp","U96.SI","4568890000","4.79226","Singapore"
"2004","Dah Sing Banking Group","2356.HK","4567630000","1.87141","Hong Kong"
"2005","Eutelsat","ETL.PA","4560420000","2.14885","France"
"2006","Caisse Régionale de Crédit Agricole Mutuel Alpes Provence","CRAP.PA","4552870000","162.024","France"
"2007","Subsea 7","SUBC.OL","4549000000","36.2387","Luxembourg"
"2008","Investment AB Latour","LATO-B.ST","4548370000","20.9727","Sweden"
"2009","Indofood CBP","ICBP.JK","4547610000","0.447887","Indonesia"
"2010","Medical Properties Trust","MPT","4545760000","4.08","United States"
"2011","Hanwha Ocean (DSME)","042660.KS","4540570000","64.9285","South Korea"
"2012","Linamar","LNR.TO","4540060000","69.7954","Canada"
"2013","Davide Campari-Milano","CPR.MI","4539510000","6.76303","Italy"
"2014","Vestas Wind Systems","VWS.CO","4537090000","33.7341","Denmark"
"2015","Covivio Hotels","COVH.PA","4536220000","26.3434","France"
"2016","Cousins Properties","CUZ","4533050000","29.6","United States"
"2017","Jazz Pharmaceuticals","JAZZ","4532300000","249.29","Ireland"
"2018","Commercial Metals Company","CMC","4532140000","66.85","United States"
"2019","Cullen/Frost Bankers","CFR","4530670000","163.27","United States"
"2020","Moncler","MONC.MI","4522460000","55.1929","Italy"
"2021","Shinsegae","004170.KS","4518960000","307.975","South Korea"
"2022","Usiminas","USIM5.SA","4507680000","1.38613","Brazil"
"2023","Sartorius","SRT.DE","4503180000","228.465","Germany"
"2024","Healthcare Realty Trust","HR","4497010000","19.26","United States"
"2025","Sime Darby Plantation","5285.KL","4492520000","1.60388","Malaysia"
"2026","Genuine Parts Company","GPC","4492220000","139.49","United States"
"2027","Taiheiyo Cement","5233.T","4491380000","26.6616","Japan"
"2028","Celanese","CE","4485000000","44.7","United States"
"2029","Argo Investments","ARG.AX","4484900000","6.62979","Australia"
"2030","Noble Corporation","NE","4483940000","45.18","United Kingdom"
"2031","JBT Marel Corporation","JBTM","4483000000","119.93","United States"
"2032","Elis","ELIS.PA","4478650000","28.2084","France"
"2033","Vistry Group","VTY.L","4477300000","4.22549","United Kingdom"
"2034","Oshkosh Corporation","OSK","4466300000","157.48","United States"
"2035","Pearson","PSO","4450890000","16.43","United Kingdom"
"2036","Bendigo and Adelaide Bank","BEN.AX","4450020000","7.51329","Australia"
"2037","Ingredion","INGR","4446000000","104.74","United States"
"2038","Iren","IRE.MI","4440400000","2.89777","Italy"
"2039","Melisron","MLSR.TA","4437190000","137.554","Israel"
"2040","LIC Housing Finance","LICHSGFIN.NS","4432090000","5.61119","India"
"2041","Sherwin-Williams","SHW","4431100000","348.66","United States"
"2042","Dukhan Bank","DUBK.QA","4429530000","0.913187","Qatar"
"2043","Rivian","RIVN","4429000000","16.33","United States"
"2044","SSR Mining","SSRM","4428760000","38.09","Canada"
"2045","Discovery Limited","DSY.JO","4427850000","15.8711","South Africa"
"2046","Iamgold","IAG","4426700000","21.54","Canada"
"2047","Hancock Whitney","HWC","4419590000","75.23","United States"
"2048","New Oriental","EDU","4417950000","57.07","China"
"2049","Wacker Chemie","WCH.F","4416950000","104.383","Germany"
"2050","UPL","UPL.NS","4414540000","6.08411","India"
"2051","eBay","EBAY","4412000000","104.2","United States"
"2052","Zillow","Z","4408000000","34.95","United States"
"2053","Securitas AB","SECU-B.ST","4407140000","15.7138","Sweden"
"2054","KakaoBank","323410.KS","4406210000","15.6524","South Korea"
"2055","Randstad","RAND.AS","4402830000","45.7979","Netherlands"
"2056","AeroVironment","AVAV","4400400000","146.88","United States"
"2057","Old Dominion Freight Line","ODFL","4399720000","199.43","United States"
"2058","Caisse Régionale de Crédit Agricole Mutuel Sud Rhône Alpes","CRSU.PA","4398680000","272.759","France"
"2059","Federal Bank","FEDERALBNK.NS","4397780000","3.60061","India"
"2060","Essential Properties Realty Trust","EPRT","4397050000","30.71","United States"
"2061","Symrise","SY1.DE","4395920000","106.889","Germany"
"2062","NNN REIT","NNN","4395270000","45.66","United States"
"2063","Hindustan Aeronautics","HAL.NS","4390530000","51.1595","India"
"2064","Sumitomo Heavy Industries","6302.T","4387250000","36.4879","Japan"
"2065","Mesaieed Petrochemical Holding Company","MPHC.QA","4387130000","0.295055","Qatar"
"2066","Pan Pacific International Holdings","7532.T","4387030000","5.10015","Japan"
"2067","Jinko Solar","JKS","4373480000","13.66","China"
"2068","Glory Ltd.","6457.T","4367260000","30.5708","Japan"
"2069","NSK Ltd.","6471.T","4364610000","6.94932","Japan"
"2070","Kintetsu GHD","9041.T","4363520000","22.037","Japan"
"2071","The 77 Bank","8341.T","4363140000","24.4026","Japan"
"2072","SL Green Realty","SLG","4361530000","58.68","United States"
"2073","Swedish Orphan Biovitrum","SOBI.ST","4355060000","48.9784","Sweden"
"2074","Home BancShares","HOMB","4349580000","29.82","United States"
"2075","Buenaventura Mining Company","BVN","4348300000","35.94","Peru"
"2076","W. W. Grainger","GWW","4343000000","1335.39","United States"
"2077","Cinda Securities","601059.SS","4335290000","2.5119","China"
"2078","Aristocrat","ALL.AX","4334770000","43.1763","Australia"
"2079","US Foods","USFD","4333000000","108.46","United States"
"2080","Commerce Bancshares","CBSH","4326400000","58.5","United States"
"2081","PennyMac Financial Services","PFSI","4325760000","72.9","United States"
"2082","Eldorado Gold","EGO","4321340000","46.96","Canada"
"2083","Info Edge","NAUKRI.NS","4318310000","13.9876","India"
"2084","Thor Industries","THO","4312480000","77.85","United States"
"2085","Bajaj Auto","BAJAJ-AUTO.NS","4302370000","122.478","India"
"2086","Rede D'Or Sao Luiz","RDOR3.SA","4301280000","6.86263","Brazil"
"2087","XP Inc.","XP","4300010000","17.81","Brazil"
"2088","IHI Corporation","7013.T","4297740000","17.0674","Japan"
"2089","Canadian Solar","CSIQ","4296690000","13.87","Canada"
"2090","Exxaro Resources","EXX.JO","4295930000","11.4825","South Africa"
"2091","Terreno Realty","TRNO","4295600000","67.57","United States"
"2092","M&G plc","MNG.L","4293340000","4.71312","United Kingdom"
"2093","BİM Birleşik Mağazalar","BIMAS.IS","4291860000","8.58585","Turkey"
"2094","Motor Oil (Hellas) Corinth Refineries","MOH.AT","4287130000","69.8799","Greece"
"2095","Eastern Bankshares","EBC","4285980000","22.4","United States"
"2096","Mitsubishi Gas Chemical Company","4182.T","4285240000","24.4717","Japan"
"2097","Vend Marketplaces","VENDA.OL","4282140000","35.6446","Norway"
"2098","CACI International Inc","CACI","4280110000","624.74","United States"
"2099","Kumho Petrochemical","011780.KS","4268590000","89.5665","South Korea"
"2100","Marks &amp; Spencer","MKS.L","4268180000","5.29477","United Kingdom"
"2101","Richter Gedeon","RIG2.F","4266190000","42.5224","Hungary"
"2102","Koito Manufacturing","7276.T","4263380000","16.7317","Japan"
"2103","Jabal Omar Development","4250.SR","4262920000","4.98602","Saudi Arabia"
"2104","Elbit Systems","ESLT","4260200000","722.48","Israel"
"2105","Muthoot Finance","MUTHOOTFIN.NS","4254670000","32.2447","India"
"2106","Sunny Optical","2382.HK","4254420000","8.17706","China"
"2107","Sodexo","SW.PA","4251210000","66.6162","France"
"2108","Glacier Bancorp","GBCI","4248500000","47.18","United States"
"2109","Affiliated Managers Group","AMG","4247900000","370.59","United States"
"2110","Vertiv Holdings","VRT","4244900000","263.81","United States"
"2111","Qatar Electricity &amp; Water Company","QEWS.QA","4244440000","3.75549","Qatar"
"2112","Umm Al Qura for development and construction","4325.SR","4243740000","4.86083","Saudi Arabia"
"2113","Forvia SE","FRVIA.PA","4241590000","10.0105","France"
"2114","Indus Towers","INDUSTOWER.NS","4240880000","3.97036","India"
"2115","Banco Macro","BMA","4237850000","78.05","Argentina"
"2116","Beijing New Building Materials","000786.SZ","4234210000","2.63095","China"
"2117","KBC Ancora","KBCA.BR","4232630000","109.453","Belgium"
"2118","NOK Corporation","7240.T","4226710000","19.1946","Japan"
"2119","360 Security Technology","601360.SS","4223720000","1.29762","China"
"2120","Kojamo","KOJAMO.HE","4220800000","10.1349","Finland"
"2121","Cofinimmo","COFB.BR","4218410000","96.573","Belgium"
"2122","LIXIL Corporation","5938.T","4214690000","11.1189","Japan"
"2123","Offshore Oil Engineering Co.,Ltd","600583.SS","4208720000","0.909226","China"
"2124","Whitbread","WTB.L","4208290000","33.7495","United Kingdom"
"2125","Cenomi Centers (Arabian Centres Company)","4321.SR","4204310000","4.3601","Saudi Arabia"
"2126","Ingram Micro Holding Corporation","INGM","4204120000","29.16","United States"
"2127","Bank of Queensland","BOQ.AX","4197040000","4.56113","Australia"
"2128","The Phoenix Holdings","PHOE.TA","4194900000","62.7693","Israel"
"2129","Dubai Investments","DIC.AE","4190760000","1.01291","United Arab Emirates"
"2130","Church & Dwight","CHD","4186000000","102.86","United States"
"2131","Japan Metropolitan Fund Investment","8953.T","4185600000","734.15","Japan"
"2132","Indorama Ventures","IVL.BK","4184640000","0.677036","Thailand"
"2133","KPN","KPN.AS","4183210000","4.73715","Netherlands"
"2134","Central Bank of India","CENTRALBK.NS","4181810000","0.320834","India"
"2135","Jerónimo Martins","JEM.F","4180600000","20.9232","Portugal"
"2136","Kinden Corporation","1944.T","4173910000","43.7666","Japan"
"2137","Südzucker","SZU.F","4173800000","14.7803","Germany"
"2138","QNB Finansbank","QNBTR.IS","4172080000","3.98076","Turkey"
"2139","Energisa S.A.","ENGI3.SA","4166450000","2.28608","Brazil"
"2140","Japan Petroleum Exploration","1662.T","4154990000","11.6962","Japan"
"2141","CareTrust REIT","CTRE","4153870000","39.94","United States"
"2142","Align Technology","ALGN","4149420000","159.14","United States"
"2143","Sumco Corporation","3436.T","4141500000","21.5476","Japan"
"2144","China Everbright Limited","0165.HK","4130910000","0.75775","Hong Kong"
"2145","Alony Hetz","ALHE.TA","4129090000","10.6725","Israel"
"2146","XPeng","XPEV","4128050000","11.71","China"
"2147","Doha Bank","DHBK.QA","4127280000","0.789011","Qatar"
"2148","Yakult","2267.T","4126150000","17.7231","Japan"
"2149","INWIT","INW.MI","4122720000","7.11039","Italy"
"2150","Portland General Electric","POR","4120000000","50.19","United States"
"2151","KDX Realty Investment","8972.T","4108540000","949.375","Japan"
"2152","Lumo Kodit Oyj","LUMO.HE","4106410000","9.50577","Finland"
"2153","UDR Apartments","UDR","4105770000","37.93","United States"
"2154","Camden Property Trust","CPT","4104850000","107.61","United States"
"2155","Southwest Gas","SWX","4101680000","90.61","United States"
"2156","Mapletree Industrial Trust","ME8U.SI","4084610000","1.51086","Singapore"
"2157","Groupe SEB","SK.PA","4084300000","68.656","France"
"2158","Yuntianhua","600096.SS","4083640000","4.60565","China"
"2159","Ameris Bancorp","ABCB","4082130000","85.85","United States"
"2160","Molina Healthcare","MOH","4080000000","202.43","United States"
"2161","Chow Tai Fook","1929.HK","4077210000","1.70175","Hong Kong"
"2162","Itaú CorpBanca","ITCLY","4076510000","3.1","Chile"
"2163","WesBanco","WSBC","4070610000","40.44","United States"
"2164","MFE-Mediaforeurope","MFEA.MI","4070320000","3.00501","Italy"
"2165","Dr. Reddy's Laboratories","RDY","4069740000","12.22","India"
"2166","Fastenal","FAST","4068900000","51.15","United States"
"2167","INFRONEER Holdings","5076.T","4068820000","17.8267","Japan"
"2168","Romgaz","SNG.RO","4065980000","4.35351","Romania"
"2169","Adecco Group","ADEN.SW","4063700000","29.7129","Switzerland"
"2170","Airports of Thailand","AOT.BK","4056670000","1.98994","Thailand"
"2171","Aurobindo Pharma","AUROPHARMA.NS","4052320000","17.0734","India"
"2172","Yamada Holdings","9831.T","4051960000","4.41557","Japan"
"2173","Entegris","ENTG","4049200000","142.46","United States"
"2174","Lanxess","LXS.F","4048660000","16.3539","Germany"
"2175","IDEX","IEX","4048400000","234.89","United States"
"2176","LG Innotek","011070.KS","4044940000","432.615","South Korea"
"2177","CCL Industries","CCL-B.TO","4036140000","66.7843","Canada"
"2178","Pan Ocean","028670.KS","4030620000","4.07252","South Korea"
"2179","Campbell's","CPB","4030000000","23.47","United States"
"2180","Black Hills","BKH","4026900000","73.78","United States"
"2181","Kohl's","KSS","4024000000","17.67","United States"
"2182","Western Mining","601168.SS","4020660000","5.75446","China"
"2183","Brown Forman","BF-A","4020000000","28.72","United States"
"2184","Paychex","PAYX","4013600000","124.88","United States"
"2185","African Rainbow Minerals","ARI.JO","4011280000","11.6636","South Africa"
"2186","AEON Financial Service","8570.T","4006840000","10.7864","Japan"
"2187","Builders FirstSource","BLDR","4004220000","68.67","United States"
"2188","Hudbay Minerals","HBM","3996200000","29.99","Canada"
"2189","Carmila","CARM.PA","3994200000","18.6968","France"
"2190","Estee Lauder","EL","3993000000","105.06","United States"
"2191","Wiwynn","6669.TW","3989710000","214.727","Taiwan"
"2192","Datadog","DDOG","3988220000","227.67","United States"
"2193","Zurich Airport","FHZN.SW","3977520000","281.491","Switzerland"
"2194","Vopak","VPK.AS","3976690000","54.4586","Netherlands"
"2195","Shiseido","4911.T","3971980000","23.2104","Japan"
"2196","Granite REIT","GRP-UN","3969550000","59.19","Canada"
"2197","Lundbeck","HLUN-B.CO","3969400000","6.45687","Denmark"
"2198","Yunnan Energy New Material","002812.SZ","3968240000","8.03125","China"
"2199","Berli Jucker (BJC)","BJC.BK","3968150000","0.487954","Thailand"
"2200","Commercial International Bank","CIN.F","3966470000","2.58771","Egypt"
"2201","LB Group (LomonBillions)","002601.SZ","3965180000","2.41815","China"
"2202","Genscript Biotech","1548.HK","3964690000","4.52609","China"
"2203","OpenText","OTEX","3964130000","24.33","Canada"
"2204","Hotai Motor","2207.TW","3961000000","16.6042","Taiwan"
"2205","Indian Overseas Bank","IOB.NS","3956890000","0.343982","India"
"2206","Nishi-Nippon Financial Holdings","7189.T","3956630000","29.8617","Japan"
"2207","Casey's General Stores","CASY","3951720000","807.12","United States"
"2208","Li Ning Company","2331.HK","3948990000","1.74512","China"
"2209","Celcomdigi","6947.KL","3948100000","0.711177","Malaysia"
"2210","Hiscox","HSX.L","3947900000","24.8774","Bermuda"
"2211","Capstone Copper","CS.TO","3947050000","11.749","Canada"
"2212","Tobu Railway","9001.T","3942170000","18.9059","Japan"
"2213","AtkinsRéalis","ATRL.TO","3939880000","61.0071","Canada"
"2214","St. Galler Kantonalbank","SGKN.SW","3938360000","801.777","Switzerland"
"2215","Waystar","WAY","3937440000","24.17","United States"
"2216","Cyfrowy Polsat","CPS.WA","3936280000","4.38716","Poland"
"2217","Aditya Birla Capital","ABCAPITAL.NS","3933000000","4.2914","India"
"2218","Weibo","WB","3932770000","7.04","China"
"2219","Asbury Automotive Group","ABG","3932000000","209.89","United States"
"2220","Outokumpu","OUT1V.HE","3931760000","6.69076","Finland"
"2221","Coupang","CPNG","3930000000","16.53","United States"
"2222","Hisense Visual Technology","600060.SS","3927980000","4.16518","China"
"2223","Hubbell","HUBB","3923000000","472.46","United States"
"2224","Danaos","DAC","3917510000","152.58","Greece"
"2225","Biocon","BIOCON.NS","3917400000","4.37307","India"
"2226","Thai Life Insurance","TLI.BK","3916990000","0.353766","Thailand"
"2227","Becle","CUERVO.MX","3911300000","0.871359","Mexico"
"2228","Isetan Mitsukoshi Holdings","3099.T","3910690000","22.4073","Japan"
"2229","The Gunma Bank","8334.T","3905440000","17.4533","Japan"
"2230","Knorr-Bremse","KBX.DE","3905140000","123.907","Germany"
"2231","Tian An China Investments Company","0028.HK","3904800000","0.435004","Hong Kong"
"2232","FAW Car","000800.SZ","3897650000","0.927083","China"
"2233","Berner Kantonalbank","BEKN.SW","3893060000","484.045","Switzerland"
"2234","Guangdong HAID Group","002311.SZ","3888840000","6.75595","China"
"2235","Atlas Arteria","ALX.AX","3886380000","3.37595","Australia"
"2236","Greencoat UK Wind","UKW.L","3881730000","1.49435","United Kingdom"
"2237","Toyoda Gosei","7282.T","3879200000","33.7395","Japan"
"2238","Mitchells &amp; Butlers plc","MAB.L","3878960000","3.8767","United Kingdom"
"2239","CAE Inc.","CAE","3875520000","25.27","Canada"
"2240","First National of Nebraska","FINN","3875490000","19500","United States"
"2241","Harel Group","HARL.TA","3871050000","62.601","Israel"
"2242","SenseTime","0020.HK","3868000000","0.181783","China"
"2243","Emcor","EME","3867580000","763.59","United States"
"2244","Renasant Corp","RNST","3866920000","41.04","United States"
"2245","Netmarble","251270.KS","3865900000","26.3047","South Korea"
"2246","Pepkor","PPH.JO","3865770000","1.25021","South Africa"
"2247","Petro Rabigh","2380.SR","3864830000","4.60248","Saudi Arabia"
"2248","Corpay","CPAY","3863500000","406.93","United States"
"2249","Trelleborg AB","TREL-B.ST","3863500000","46.6481","Sweden"
"2250","Sasa Polyester","SASA.IS","3862170000","0.0486168","Turkey"
"2251","TAG Immobilien","TEG.F","3860670000","15.1183","Germany"
"2252","PTC","PTC","3859870000","151.61","United States"
"2253","Tokyo Tatemono","8804.T","3856040000","21.5037","Japan"
"2254","Jonhon Optronic Technology","002179.SZ","3854730000","5.28274","China"
"2255","CapitaLand Ascott Trust","HMN.SI","3853360000","0.680674","Singapore"
"2256","Zhaojin Mining Industry Company","1818.HK","3851170000","2.94936","China"
"2257","Howard Hughes Holdings","HHH","3849910000","65.66","United States"
"2258","Nomura Real Estate Master Fund","3462.T","3845570000","948.748","Japan"
"2259","Fabege AB","FABG.ST","3842580000","7.66796","Sweden"
"2260","Qatar Gas Transport Company","QGTS.QA","3837230000","1.18379","Qatar"
"2261","ZIM Integrated Shipping Services","ZIM","3828100000","27.64","Israel"
"2262","National Fuel Gas","NFG","3824500000","83.52","United States"
"2263","Central Pattana","CPN.BK","3820110000","2.01281","Thailand"
"2264","Pentair","PNR","3810100000","62.86","United Kingdom"
"2265","Melrose Industries","MRO.L","3807180000","6.84502","United Kingdom"
"2266","Basellandschaftliche Kantonalbank","BLKB.SW","3806560000","1321.82","Switzerland"
"2267","ACEA","ACE.MI","3805070000","24.7814","Italy"
"2268","Endeavour Mining","EDV.TO","3804900000","64.0398","United Kingdom"
"2269","Graubündner Kantonalbank","GRKP.SW","3804190000","3152.5","Switzerland"
"2270","Sino-American Silicon Products","5483.TWO","3802940000","5.73445","Taiwan"
"2271","Bill.com","BILL","3802740000","48.11","United States"
"2272","Old Mutual","OMU.JO","3802000000","0.795874","South Africa"
"2273","ADT","ADT","3799790000","7.44","United States"
"2274","Central Bancompany","CBC","3798330000","32.36","United States"
"2275","Sinarmas Land","A26.SI","3797170000","0.291963","Singapore"
"2276","KB Home","KBH","3796810000","57.09","United States"
"2277","nVent Electric","NVT","3796500000","155.23","United Kingdom"
"2278","Empire Company","EMP-A.TO","3793930000","35.1606","Canada"
"2279","Sichuan Changhong Electric","600839.SS","3789700000","1.04464","China"
"2280","Gestamp Automoción","GEST.MC","3787540000","3.4328","Spain"
"2281","Gudang Garam","GGRM.JK","3785280000","1.10704","Indonesia"
"2282","Huadong Medicine (HD Medicine)","000963.SZ","3784010000","4.11905","China"
"2283","Affirm","AFRM","3783410000","76.46","United States"
"2284","Vicat S.A.","VCT.PA","3778620000","75.6498","France"
"2285","LG Household &amp; Health Care","051905.KS","3777860000","76.8852","South Korea"
"2286","Colruyt","COLR.BR","3774120000","45.2034","Belgium"
"2287","TAL Education Group","TAL","3773690000","11.59","China"
"2288","Whirlpool","WHR","3772000000","40.14","United States"
"2289","Saudi International Petrochemical Company (Sipchem)","2310.SR","3767430000","3.59302","Saudi Arabia"
"2290","Galapagos NV","GLPG","3765520000","27.73","Belgium"
"2291","Lakefront Biotherapeutics","LKFT","3765520000","29.16","Belgium"
"2292","Aperam","APAM.AS","3765090000","54.4119","Luxembourg"
"2293","Kuala Lumpur Kepong","2445.KL","3763270000","5.44573","Malaysia"
"2294","Bunzl","BNZL.L","3761120000","37.7441","United Kingdom"
"2295","AVIC Shenyang Aircraft Company Limited","600760.SS","3756230000","6.71577","China"
"2296","Ramsay Health Care","RHC.AX","3755230000","35.9575","Australia"
"2297","Orange Polska","OPL.WA","3753920000","3.82086","Poland"
"2298","Asia Commercial Joint Stock Bank","ACB.VN","3751510000","0.8659","Vietnam"
"2299","Whitehaven Coal","WHC.AX","3750160000","5.8325","Australia"
"2300","Golub Capital","GBDC","3748120000","13.11","United States"
"2301","Jasa Marga","JSMR.JK","3746950000","0.15831","Indonesia"
"2302","Capitec Bank","CPI.JO","3742950000","292.875","South Africa"
"2303","Fujikura","5803.T","3740680000","34.5113","Japan"
"2304","Pilgrim's Pride","PPC","3736490000","31.29","United States"
"2305","WPP","WPP","3733110000","25.86","United Kingdom"
"2306","Alaska Airlines","ALK","3731000000","43","United States"
"2307","Gates Industrial Corp","GTES","3727800000","26.67","United States"
"2308","TPG Inc.","TPG","3724770000","52.8","United States"
"2309","Uniqa Insurance Group","UN9.F","3717780000","20.8882","Austria"
"2310","Trina Solar","688599.SS","3714120000","1.86607","China"
"2311","B2Gold","BTG","3713470000","5.74","Canada"
"2312","Nikon","NINOY","3709170000","12.23","Japan"
"2313","Advanced Info Service (AIS)","ADVANC.BK","3708950000","10.857","Thailand"
"2314","Disco Corp.","6146.T","3708710000","375.107","Japan"
"2315","Rolls-Royce Holdings","RR.L","3707520000","21.0378","United Kingdom"
"2316","HELLA","HLE.F","3705220000","81.3615","Germany"
"2317","Tikehau Capital","TKO.PA","3705140000","19.6993","France"
"2318","GigaDevice Semiconductor","603986.SS","3700920000","61.1905","China"
"2319","Ford Otosan","FROTO.IS","3698930000","1.64549","Turkey"
"2320","Cipla","CIPLA.NS","3692620000","14.8497","India"
"2321","Owens Corning","OC","3683000000","145.71","United States"
"2322","Monolithic Power Systems","MPWR","3677410000","1303.88","United States"
"2323","Open House Group","3288.T","3677180000","49.9285","Japan"
"2324","NICE","NICE","3676380000","101.1","Israel"
"2325","Amorepacific","090430.KS","3675400000","103.19","South Korea"
"2326","Crédit Agricole Mutuel de la Touraine et du Poitou","CRTO.PA","3673210000","158.527","France"
"2327","H&amp;M","HM-B.ST","3671770000","18.4535","Sweden"
"2328","Yamato Holdings","9064.T","3670450000","12.2515","Japan"
"2329","WEG ON","WEGE3.SA","3669670000","9.80209","Brazil"
"2330","Yamato Kogyo","5444.T","3666400000","77.2112","Japan"
"2331","STAG Industrial","STAG","3664220000","37.18","United States"
"2332","Embraer","EMBJ","3663900000","75.27","Brazil"
"2333","Lai Sun Development Company","0488.HK","3662830000","0.0880214","Hong Kong"
"2334","China Resources Microelectronics","688396.SS","3657670000","9.375","China"
"2335","TMX Group","X.TO","3657650000","39.3603","Canada"
"2336","Core Natural Resources","CNR","3656890000","98.09","United States"
"2337","GATX","GATX","3656200000","178.49","United States"
"2338","Gap Inc.","GAP","3655000000","20.15","United States"
"2339","United Community Bank","UCB","3654670000","35.22","United States"
"2340","Metlen Energy &amp; Metals","MTLN.AT","3650830000","57.2794","Greece"
"2341","F5","FFIV","3649570000","399.59","United States"
"2342","Idacorp","IDA","3648730000","138.13","United States"
"2343","Changchun High-Tech Industry","000661.SZ","3645920000","11.4643","China"
"2344","Aboitiz Power","ABZPY","3645510000","11.768","Philippines"
"2345","National Mineral Development Corporation","NMDC.NS","3645100000","0.903006","India"
"2346","PetGas (Petronas Gas)","6033.KL","3644250000","4.43118","Malaysia"
"2347","Asseco","ACP.WA","3642050000","64.6316","Poland"
"2348","ZhongAn Insurance","6060.HK","3637640000","1.49509","China"
"2349","Schaeffler","SHA0.DE","3634300000","8.55578","Germany"
"2350","Keisei Electric Railway Co., Ltd.","9009.T","3629740000","8.41135","Japan"
"2351","Global Power Synergy","GPSC.BK","3624120000","1.6316","Thailand"
"2352","Seibu Holdings","9024.T","3623020000","21.1586","Japan"
"2353","Boubyan Bank","BOUBYAN.KW","3620590000","2177.31","Kuwait"
"2354","Altarea","ALTA.PA","3614410000","112.601","France"
"2355","MiniMed Group","MMED","3611000000","19.49","United States"
"2356","Lingyi iTECH","002600.SZ","3610270000","1.86012","China"
"2357","Stanley Electric","6923.T","3606640000","22.6081","Japan"
"2358","Texas Capital Bancshares","TCBI","3606210000","98.54","United States"
"2359","Nelnet","NNI","3606010000","127.78","United States"
"2360","Caesars Entertainment","CZR","3597000000","29.66","United States"
"2361","China Lesso Group","2128.HK","3596330000","0.515372","China"
"2362","FedEx Freight","FDXF","3596000000","131.27","United States"
"2363","J. B. Hunt","JBHT","3594360000","263.64","United States"
"2364","Deutsche Pfandbriefbank","PBB.DE","3592630000","3.93752","Germany"
"2365","JSW Energy","JSWENERGY.NS","3591760000","5.64942","India"
"2366","Caisse Régionale de Crédit Agricole Mutuel Loire Haute-Loire","CRLO.PA","3591660000","117.729","France"
"2367","Daishi Hokuetsu Financial Group","7327.T","3590950000","15.9756","Japan"
"2368","Selective Insurance","SIGI","3587380000","92.38","United States"
"2369","Kikkoman","2801.T","3587110000","11.2507","Japan"
"2370","Hirogin Holdings","7337.T","3586990000","14.7834","Japan"
"2371","Pandox AB","PNDX-B.ST","3586960000","18.2855","Sweden"
"2372","Sonoco","SON","3586370000","57.55","United States"
"2373","Cencora","COR","3584950000","327.79","United States"
"2374","PTT Oil and Retail Business","OR.BK","3583760000","0.387313","Thailand"
"2375","Fuyo General Lease","8424.T","3583750000","27.6718","Japan"
"2376","Air France-KLM","AF.PA","3578750000","14.1567","France"
"2377","Worley","WOR.AX","3578740000","7.26907","Australia"
"2378","Intermediate Capital Group (ICG)","ICG.L","3577010000","27.0377","United Kingdom"
"2379","EastGroup Properties","EGP","3576980000","200.78","United States"
"2380","Rockwell Automation","ROK","3576000000","431.75","United States"
"2381","Hanover Insurance Group","THG","3570400000","228.41","United States"
"2382","AIER Eye Hospital","300015.SZ","3569950000","1.26786","China"
"2383","Ultrapar Participacoes","UGP","3564520000","6.45","Brazil"
"2384","Federal Realty Investment Trust","FRT","3564340000","117.58","United States"
"2385","Shimadzu","7701.T","3563930000","25.7266","Japan"
"2386","Konami Holdings","9766.T","3560070000","136.382","Japan"
"2387","Tyler Technologies","TYL","3558230000","352.65","United States"
"2388","First Capital REIT","FCR-UN.TO","3556090000","16.3377","Canada"
"2389","Redefine Properties","RDF.JO","3555750000","0.38039","South Africa"
"2390","Bank of Maharashtra","MAHABANK.NS","3554030000","0.884676","India"
"2391","Banc of California","BANC","3553330000","18.82","United States"
"2392","HASEKO Corporation","1808.T","3553130000","18.1718","Japan"
"2393","Hyatt Hotels","H","3551000000","177.57","United States"
"2394","Intercorp Financial Services","IFS","3549730000","54.87","Peru"
"2395","Alior Bank S.A.","ALR.WA","3546960000","35.8434","Poland"
"2396","Independent Bank Corp.","INDB","3542040000","82.78","United States"
"2397","Fuji Media Holdings","4676.T","3540590000","25.6074","Japan"
"2398","MIXUE Group","2097.HK","3540370000","29.0598","China"
"2399","Peabody Energy","BTU","3540100000","27.32","United States"
"2400","Qfin Holdings","QFIN","3538670000","9.35","China"
"2401","TUI","TUI1.F","3534880000","8.42756","Germany"
"2402","Axon Enterprise","AXON","3534110000","607.48","United States"
"2403","JSW Holdings","JSWHL.NS","3531230000","122.583","India"
"2404","AMEC","688012.SS","3529920000","55.9539","China"
"2405","ONE Gas","OGS","3525720000","81.1","United States"
"2406","Vista Energy","VIST","3525340000","68.66","Mexico"
"2407","TXNM Energy","TXNM","3525080000","57.54","United States"
"2408","Independence Realty Trust","IRT","3521640000","16.61","United States"
"2409","American Healthcare REIT","AHR","3521360000","57.16","United States"
"2410","Valiant Holding","VATN.SW","3520640000","186.668","Switzerland"
"2411","HELLENiQ ENERGY","ELPE.AT","3520440000","17.5428","Greece"
"2412","B3","B3SA3.SA","3519830000","3.06194","Brazil"
"2413","Bangkok Dusit Medical Services (BDMS)","BDMS.BK","3515880000","0.600793","Thailand"
"2414","Ibiden","4062.T","3515030000","128.915","Japan"
"2415","CITIC Metal","601061.SS","3514420000","1.77381","China"
"2416","Take-Two Interactive","TTWO","3510900000","233.45","United States"
"2417","Dollar Tree","DLTR","3507000000","132.18","United States"
"2418","Western Midstream","WES","3506990000","48.53","United States"
"2419","Fulton Financial","FULT","3505280000","23.8","United States"
"2420","Sailun Group","601058.SS","3504540000","2.08185","China"
"2421","Autohome","ATHM","3503590000","22.17","China"
"2422","Nissin Foods","2897.T","3503210000","18.6832","Japan"
"2423","Coty","COTY","3501700000","2.74","United States"
"2424","Morguard","MRC.TO","3498150000","82.661","Canada"
"2425","NVR","NVR","3494030000","6368.12","United States"
"2426","Ratch Group","RATCH.BK","3491940000","1.13602","Thailand"
"2427","Airtel Africa","AAF.L","3488000000","4.64668","United Kingdom"
"2428","APi Group","APG","3486000000","41.22","United States"
"2429","Surgery Partners","SGRY","3481300000","14.04","United States"
"2430","NH Foods (Nipponham)","2282.T","3478970000","39.7319","Japan"
"2431","Boardwalk Real Estate Investment Trust","BEI-UN.TO","3471440000","46.1029","Canada"
"2432","Zebra Technologies","ZBRA","3470000000","359.84","United States"
"2433","KLCC Property Holdings","5235SS.KL","3468160000","2.14845","Malaysia"
"2434","Allreal Holding","ALLN.SW","3467600000","246.491","Switzerland"
"2435","Konica Minolta","4902.T","3461810000","4.13446","Japan"
"2436","SG Holdings","9143.T","3459910000","9.55336","Japan"
"2437","Grupo Simec","SIMECB.MX","3457870000","10.3714","Mexico"
"2438","Capital Power","CPX.TO","3451080000","47.4571","Canada"
"2439","Big Yellow Group","BYG.L","3442200000","12.0175","United Kingdom"
"2440","Simmons First National","SFNC","3437730000","22.8","United States"
"2441","Navios Maritime Partners","NMM","3436110000","85.4","Monaco"
"2442","MatsukiyoCocokara","3088.T","3433300000","16.1858","Japan"
"2443","EPAM Systems","EPAM","3431710000","109.36","United States"
"2444","Douglas Emmett","DEI","3431140000","11.96","United States"
"2445","Rubis","RUI.PA","3430020000","38.909","France"
"2446","Toyo Suisan","2875.T","3430000000","65.4774","Japan"
"2447","MasTec","MTZ","3429930000","248.73","United States"
"2448","Circle Internet Group","CRCL","3428630000","89.91","United States"
"2449","Japan Real Estate Investment","8952.T","3427760000","746.699","Japan"
"2450","Unimicron","3037.TW","3424930000","37.1794","Taiwan"
"2451","Amdocs","DOX","3423420000","62.25","United States"
"2452","Blackstone Mortgage Trust","BXMT","3418050000","13.92","United States"
"2453","Spire Inc.","SR","3417800000","83.66","United States"
"2454","Kirby Corporation","KEX","3416680000","139.02","United States"
"2455","Toho Co.","9602.T","3415820000","9.76984","Japan"
"2456","Dream Industrial REIT","DIR-UN.TO","3415690000","9.89051","Canada"
"2457","Crown Holdings","CCK","3412000000","119.08","United States"
"2458","Scorpio Tankers","STNG","3410140000","74.85","Monaco"
"2459","Kratos Defense &amp; Security Solutions","KTOS","3410000000","52.93","United States"
"2460","Nippon Paper Industries","3863.T","3408430000","8.81607","Japan"
"2461","Gildan","GIL","3407790000","53.58","Canada"
"2462","Amada Co., Ltd.","6113.T","3407500000","16.2831","Japan"
"2463","Neurocrine Biosciences","NBIX","3407400000","156.59","United States"
"2464","Nisshin Seifun Group","2002.T","3395400000","12.7566","Japan"
"2465","Grupo Elektra","XEKT.MC","3393530000","20.2458","Mexico"
"2466","Primary Health Properties","PHP.L","3392170000","1.30433","United Kingdom"
"2467","Frasers Logistics &amp; Industrial Trust","BUOU.SI","3391030000","0.743626","Singapore"
"2468","Wilh. Wilhelmsen Holding","WWI.OL","3386000000","86.1043","Norway"
"2469","ARCHION Corporation","543A.T","3382550000","1.71929","Japan"
"2470","Bank Danamon","BDMN.JK","3382520000","0.242817","Indonesia"
"2471","GUANGHUI ENERGY","600256.SS","3381680000","0.953869","China"
"2472","Lendlease","LLC.AX","3381130000","2.0543","Australia"
"2473","OneMain Financial","OMF","3377000000","63.13","United States"
"2474","TechnipFMC","FTI","3370800000","75.7","United Kingdom"
"2475","Timken Company","TKR","3367900000","126.15","United States"
"2476","Encompass Health","EHC","3367200000","120.78","United States"
"2477","TOTO","5332.T","3366860000","40.6355","Japan"
"2478","RBC Bearings","RBC","3361000000","513.95","United States"
"2479","Mueller Industries","MLI","3360830000","64.08","United States"
"2480","First Interstate BancSystem","FIBK","3358500000","37.2","United States"
"2481","Vallourec","VK.PA","3356520000","20.7717","France"
"2482","Danieli &amp; C. Officine Meccaniche","DAN.MI","3354610000","75.883","Italy"
"2483","Hanwha Systems","272210.KS","3354410000","56.4501","South Korea"
"2484","Vaudoise Assurances","VAHN.SW","3354130000","945.75","Switzerland"
"2485","Birkenstock","BIRK","3348630000","36.18","Germany"
"2486","Ecopro","086520.KQ","3348300000","66.6676","South Korea"
"2487","NIBE Industrier","NIBE-B.ST","3346960000","4.43493","Sweden"
"2488","Qorvo","QRVO","3344300000","95.135","United States"
"2489","Haw Par","H02.SI","3342220000","11.6541","Singapore"
"2490","Aramark","ARMK","3342200000","59.52","United States"
"2491","Yokogawa Electric Corporation","6841.T","3341510000","32.2838","Japan"
"2492","Globe Telecom, Inc.","GTMEY","3340900000","23.12","Philippines"
"2493","Toyota Boshoku Corporation","3116.T","3336300000","14.0524","Japan"
"2494","Ebara Corporation","6361.T","3335180000","30.2507","Japan"
"2495","Rengo Co., Ltd.","3941.T","3333060000","9.9926","Japan"
"2496","Foxconn Technology Co., Ltd.","2354.TW","3332140000","2.02911","Taiwan"
"2497","MGM Resorts","MGM","3332000000","43.46","United States"
"2498","Qiagen","QGEN","3331710000","43.36","Netherlands"
"2499","Bread Financial","BFH","3325000000","107.56","United States"
"2500","Burgan Bank","BURG.KW","3324570000","616.036","Kuwait"
"2501","Toyo Tire","5105.T","3323080000","23.9132","Japan"
"2502","HKR International","0480.HK","3319760000","0.125654","Hong Kong"
"2503","First Majestic Silver","AG","3317450000","20.99","Canada"
"2504","Kenon Holdings","KEN","3314000000","66.54","Singapore"
"2505","Eternal (Zomato)","ETERNAL.NS","3313180000","3.45815","India"
"2506","3M","MMM","3311000000","180","United States"
"2507","Tri Pointe Homes","TPH","3307160000","46.95","United States"
"2508","Chart Industries","GTLS","3305100000","209.9","United States"
"2509","Sonova","SOON.SW","3304670000","294.15","Switzerland"
"2510","Wallenius Wilhelmsen","WAWI.OL","3302000000","16.6433","Norway"
"2511","BB Biotech","BION.SW","3301430000","69.7521","Switzerland"
"2512","Haitian International Holdings","1882.HK","3297840000","2.2337","Hong Kong"
"2513","Lion Finance Group PLC","BGEO.L","3297520000","180.432","United Kingdom"
"2514","Storebrand","STB.OL","3290650000","21.9486","Norway"
"2515","Kaneka Corporation","4118.T","3289620000","38.7343","Japan"
"2516","International Bancshares Corp","IBOC","3288040000","70.77","United States"
"2517","Jacobs Engineering","J","3284490000","151.52","United States"
"2518","Inspur","000977.SZ","3283060000","11.6473","China"
"2519","China Airlines","2610.TW","3281960000","0.640201","Taiwan"
"2520","Sun Hung Kai &amp; Co.","0086.HK","3281460000","0.528766","Hong Kong"
"2521","Barry Callebaut","BARN.SW","3277110000","1390.08","Switzerland"
"2522","Delta Electronics (Thailand)","DELTA.BK","3276360000","7.80726","Thailand"
"2523","Rockwool","ROCK-B.CO","3273190000","33.1417","Denmark"
"2524","Colbún","COLBUN.SN","3271630000","0.159405","Chile"
"2525","Targa Resources","TRGP","3269000000","294.03","United States"
"2526","Yamazaki Baking Co., Ltd.","2212.T","3265890000","22.8967","Japan"
"2527","Woolworths Group","WOW.AX","3264040000","28.8649","Australia"
"2528","IOI Corporation Berhad","1961.KL","3263680000","1.16623","Malaysia"
"2529","Meitetsu","9048.T","3261610000","11.8782","Japan"
"2530","Migdal Insurance and Financial Holdings","MGDL.TA","3260210000","6.55627","Israel"
"2531","Northland Power","NPI.TO","3258840000","15.29","Canada"
"2532","Cholamandalam Investment and Finance","CHOLAFIN.NS","3258130000","19.6208","India"
"2533","The Hyakugo Bank","8368.T","3258000000","14.8712","Japan"
"2534","Metso","METSO.HE","3256980000","21.4594","Finland"
"2535","OCI Holdings Company","010060.KS","3256500000","200.003","South Korea"
"2536","OBIC","4684.T","3253960000","30.2319","Japan"
"2537","Getlink","GET.PA","3252830000","21.8207","France"
"2538","Chaozhou Three-Circle","300408.SZ","3249250000","16.7381","China"
"2539","Graphic Packaging","GPK","3248000000","11.45","United States"
"2540","Unity Software","U","3241120000","44.38","United States"
"2541","Daido Steel","5471.T","3237860000","14.1622","Japan"
"2542","Gamuda Berhad","5398.KL","3237710000","1.12396","Malaysia"
"2543","Zoetis","ZTS","3233000000","77.52","United States"
"2544","Fortune REIT","0778.HK","3231040000","0.576604","Hong Kong"
"2545","Wienerberger","WIB.F","3230360000","23.4526","Austria"
"2546","Illinois Tool Works","ITW","3230000000","285.51","United States"
"2547","Brambles","BXB.AX","3227100000","14.0425","Australia"
"2548","Quantinuum Inc.","QNT","3223910000","71.1","United States"
"2549","Life Time Group","LTH","3219270000","44.8","United States"
"2550","RELX","RELX","3218660000","35.34","United Kingdom"
"2551","CT REIT","CRT-UN.TO","3218290000","12.6632","Canada"
"2552","Tech Mahindra","TECHM.NS","3217330000","16.5958","India"
"2553","Semapa","SEM.LS","3217000000","24.0121","Portugal"
"2554","Watsco","WSO","3214920000","314.39","United States"
"2555","The Shiga Bank","8366.T","3209910000","17.3372","Japan"
"2556","DXC Technology","DXC","3209000000","10.55","United States"
"2557","Odakyu Electric Railway","9007.T","3208380000","11.1472","Japan"
"2558","Post Holdings","POST","3205200000","81.97","United States"
"2559","Signify","LIGHT.AS","3203740000","17.9158","Netherlands"
"2560","Alfresa Holdings Corporation","2784.T","3202820000","14.3755","Japan"
"2561","Nordson","NDSN","3202230000","334.58","United States"
"2562","Adani Green Energy","ADANIGREEN.NS","3196150000","13.8368","India"
"2563","AGL Energy","AGL.AX","3195630000","6.17727","Australia"
"2564","Getinge","GETI-B.ST","3193690000","25.6019","Sweden"
"2565","Nippon Prologis REIT","3283.T","3193550000","542.141","Japan"
"2566","M/I Homes","MHO","3192330000","152.29","United States"
"2567","Azelis Group","AZE.BR","3190250000","14.0692","Belgium"
"2568","Autodesk","ADSK","3189000000","254.77","United States"
"2569","Sysmex","6869.T","3188800000","12.0476","Japan"
"2570","SES S.A.","SESG.PA","3188220000","5.63003","Luxembourg"
"2571","Harvey Norman","HVN.AX","3186720000","3.23229","Australia"
"2572","Arxis, Inc.","ARXS","3183270000","53.83","United States"
"2573","Shanghai United Imaging Healthcare","688271.SS","3183110000","15.6667","China"
"2574","Caisse régionale de Crédit Agricole Mutuel d'Ille-et-Vilaine","CIV.PA","3182710000","140.226","France"
"2575","İsdemir","ISDMR.IS","3179780000","1.1292","Turkey"
"2576","Reddit","RDDT","3179720000","155.36","United States"
"2577","Tong Ren Tang","600085.SS","3177910000","3.62351","China"
"2578","Goodyear","GT","3174000000","6.26","United States"
"2579","Daiwa House REIT Investment Corporation","8984.T","3172780000","757.367","Japan"
"2580","Nippon Electric Glass","5214.T","3172240000","30.1315","Japan"
"2581","Piramal Enterprises","PEL.NS","3170300000","12.7318","India"
"2582","Millicom","TIGO","3169000000","96.16","Luxembourg"
"2583","Patterson-UTI Energy","PTEN","3165700000","11.75","United States"
"2584","Zydus Lifesciences","ZYDUSLIFE.NS","3164400000","12.3526","India"
"2585","Yaskawa","6506.T","3163490000","30.6398","Japan"
"2586","Seven Group Holdings
 (SGH)","SGH.AX","3162350000","28.4729","Australia"
"2587","Valaris","VAL","3161700000","83.6","United Kingdom"
"2588","HD Bank (Ho Chi Minh City Development Joint Stock Commercial Bank)","HDB.VN","3160200000","1.06513","Vietnam"
"2589","Grupo Aeroportuario del Pacífico","PAC","3159240000","214.87","Mexico"
"2590","Treasury Wine Estates","TWE.AX","3158660000","3.99368","Australia"
"2591","Banque Cantonale de Genève","BCGE.SW","3157020000","38.8477","Switzerland"
"2592","Tegna","TGNA","3156180000","20.03","United States"
"2593","Somnigroup International","SGI","3155300000","62.83","United States"
"2594","TX Group","TXGN.SW","3152840000","205.285","Switzerland"
"2595","Electricity Generating Public Company","EGCO.BK","3151530000","4.05611","Thailand"
"2596","Frasers Group","FRAS.L","3150550000","11.2702","United Kingdom"
"2597","RPM International","RPM","3148120000","107.05","United States"
"2598","Harmony Gold","HMY","3147570000","22.95","South Africa"
"2599","Allied Properties REIT","AP-UN.TO","3146770000","6.4472","Canada"
"2600","MVV Energie","MVV1.F","3144640000","34.736","Germany"
"2601","Hudson Pacific Properties","HPP","3144510000","14.29","United States"
"2602","Acer","2353.TW","3144250000","0.983049","Taiwan"
"2603","Teradyne","TER","3143820000","363.1","United States"
"2604","Moody's","MCO","3143000000","514.55","United States"
"2605","DIC Corporation","4631.T","3138130000","31.5308","Japan"
"2606","Kühne + Nagel","KNIN.SW","3134290000","266.721","Switzerland"
"2607","Daito Trust Construction","1878.T","3131540000","20.8825","Japan"
"2608","United Development Company","UDCD.QA","3131050000","0.211264","Qatar"
"2609","Vontobel","VONN.SW","3130980000","111.579","Switzerland"
"2610","DCC plc","DCC.L","3130170000","86.4878","Ireland"
"2611","Bank für Tirol und Vorarlberg","BTS.VI","3130080000","100.245","Austria"
"2612","Viohalco","VIO.BR","3128450000","20.0723","Belgium"
"2613","Smoore International Holdings","6969.HK","3126850000","1.44023","China"
"2614","Apple Hospitality REIT","APLE","3126510000","16.55","United States"
"2615","Taiwan Mobile","3045.TW","3126280000","3.63917","Taiwan"
"2616","Tata Investment Corporation","TATAINVEST.NS","3125780000","6.69949","India"
"2617","Zalando","ZAL.DE","3122490000","27.0544","Germany"
"2618","SIG Combibloc","SIGN.SW","3121960000","17.3015","Switzerland"
"2619","Kyushu Railway Company","9142.T","3120650000","22.5328","Japan"
"2620","Xero","XRO.AX","3118420000","58.7056","New Zealand"
"2621","GPGI, Inc.","GPGI","3116300000","13.55","United States"
"2622","Rinnai Corporation","5947.T","3115940000","22.5579","Japan"
"2623","Legal &amp; General","LGEN.L","3113620000","3.92902","United Kingdom"
"2624","Reliance Infrastructure","RELINFRA.NS","3111550000","0.644431","India"
"2625","Strathcona Resources","SCR.TO","3105830000","30.3703","Canada"
"2626","Elang Mahkota Teknologi","EMTK.JK","3105270000","0.0287324","Indonesia"
"2627","Air Water Inc.","4088.T","3104480000","15.7623","Japan"
"2628","Shenzhen Transsion Holdings","688036.SS","3104470000","8.59077","China"
"2629","Definity Financial","DFY.TO","3101730000","52.9607","Canada"
"2630","UFP Industries","UFPI","3101180000","86.34","United States"
"2631","Aozora Bank","8304.T","3100100000","21.2025","Japan"
"2632","Amot Investment","AMOT.TA","3099170000","6.63032","Israel"
"2633","Saipem","SPM.MI","3098940000","5.25511","Italy"
"2634","Main Street Capital","MAIN","3093640000","58.43","United States"
"2635","Warba Bank","WARBABANK.KW","3093280000","906.128","Kuwait"
"2636","OSB Group Plc","OSB.L","3093010000","7.01077","United Kingdom"
"2637","Safestore","SAFE.L","3092700000","8.07734","United Kingdom"
"2638","Juroku Financial Group","7380.T","3084930000","16.1764","Japan"
"2639","Teleflex","TFX","3084440000","138.74","United States"
"2640","Best Buy","BBY","3083000000","85.29","United States"
"2641","Resolute Holdings Management","RHLD","3081400000","137.25","United States"
"2642","Harley-Davidson","HOG","3080130000","27.85","United States"
"2643","Envista","NVST","3079500000","27.8","United States"
"2644","BTS Group","BTS.BK","3078990000","0.062824","Thailand"
"2645","Greif","GEF","3073900000","85.51","United States"
"2646","Imerys","NK.PA","3071800000","28.3483","France"
"2647","POSCO Future M","003670.KS","3071550000","133.335","South Korea"
"2648","Comstock Resources","CRK","3070420000","14.5","United States"
"2649","SCREEN Holdings","7735.T","3069020000","84.9292","Japan"
"2650","L.D.C. S.A.","LOUP.PA","3067770000","125.656","France"
"2651","Axos Financial","AX","3065180000","98.08","United States"
"2652","Takashimaya Company","8233.T","3061790000","15.4611","Japan"
"2653","Companhia Siderúrgica Nacional","SID","3060830000","1.03","Brazil"
"2654","Seacoast Banking","SBCF","3060770000","34.4","United States"
"2655","New India Assurance","NIACL.NS","3057530000","1.94543","India"
"2656","VGP NV","VGP.BR","3055240000","94.7663","Belgium"
"2657","Merdeka Copper Gold","MDKA.JK","3054870000","0.170704","Indonesia"
"2658","Kinnevik","KINV-A.ST","3052220000","7.07489","Sweden"
"2659","Janus Living","JAN","3045890000","31.76","United States"
"2660","AB Ignitis grupe","IGN1L.VS","3045170000","25.8189","Lithuania"
"2661","Minor International","MINT.BK","3037830000","0.683135","Thailand"
"2662","Brixmor Property Group","BRX","3036910000","29.38","United States"
"2663","Park Hotels &amp; Resorts","PK","3033000000","15.93","United States"
"2664","Lyft","LYFT","3025940000","17.39","United States"
"2665","Yamaha","7951.T","3025180000","8.30154","Japan"
"2666","Powerchip Semiconductor Manufacturing","6770.TW","3023900000","2.19295","Taiwan"
"2667","Broadstone Net Lease","BNL","3021350000","21.31","United States"
"2668","Schneider National","SNDR","3020400000","35.22","United States"
"2669","Porto Seguro","PSSA3.SA","3018300000","9.4366","Brazil"
"2670","EFG International","EFGN.SW","3018060000","19.9079","Switzerland"
"2671","BankUnited","BKU","3015540000","46.44","United States"
"2672","Burelle","BUR.PA","3012010000","456.93","France"
"2673","Shikoku Electric Power Company","9507.T","3011310000","12.0225","Japan"
"2674","Toho Gas","9533.T","3011230000","7.61759","Japan"
"2675","Celsius Holdings","CELH","3010740000","35.23","United States"
"2676","Asset World Corp","AWC.BK","3008880000","0.0927112","Thailand"
"2677","GEA Group","G1A.F","3007530000","78.3891","Germany"
"2678","Veralto","VLTO","3006000000","98.69","United States"
"2679","Yulon Motor Company","2201.TW","3005520000","0.902703","Taiwan"
"2680","GXO Logistics","GXO","3003000000","48","United States"
"2681","Samsung E&A","028050.KS","3002560000","36.3049","South Korea"
"2682","Klabin","KLBN11.SA","3000110000","3.63739","Brazil"
"2683","FinecoBank","FBK.MI","2999460000","27.544","Italy"
"2684","Far EasTone","4904.TW","2998140000","3.19806","Taiwan"
"2685","Vaxcyte","PCVX","2996010000","61.09","United States"
"2686","Dowa Holdings","5714.T","2993000000","65.1636","Japan"
"2687","West Pharmaceutical Services","WST","2990400000","349.92","United States"
"2688","Kite Realty","KRG","2989610000","26.26","United States"
"2689","Compañía de Acero del Pacífico","CAP.SN","2989400000","6.18086","Chile"
"2690","Charles River Laboratories","CRL","2988310000","295.1","United States"
"2691","Mercury NZ","MCY.AX","2987100000","4.10142","New Zealand"
"2692","Hokkaido Electric Power Company","9509.T","2986740000","6.86148","Japan"
"2693","Cathay General Bancorp","CATY","2986650000","62.04","United States"
"2694","GlobalWafers","6488.TWO","2986050000","30.1846","Taiwan"
"2695","WaFd Bank","WAFD","2981280000","36.22","United States"
"2696","Kanzhun","BZ","2979410000","18.84","China"
"2697","Arbor Realty Trust","ABR","2979050000","5.06","United States"
"2698","LLB (Liechtensteinische Landesbank)","LLBN.SW","2976910000","143.228","Liechtenstein"
"2699","Eoptolink Technology","300502.SZ","2974610000","60.878","China"
"2700","Tower Semiconductor","TSEM","2974100000","221.23","Israel"
"2701","CJ Logistics Corporation","000120.KS","2973520000","53.1167","South Korea"
"2702","Lumentum","LITE","2973400000","939.03","United States"
"2703","Seino Holdings","9076.T","2971800000","17.3686","Japan"
"2704","Eastroc Beverage Group","605499.SS","2969020000","17.9137","China"
"2705","United Utilities","UU.L","2968350000","19.4155","United Kingdom"
"2706","Croda International","CRDA.L","2965610000","47.1643","United Kingdom"
"2707","Samsung Heavy Industries","010140.KS","2963750000","15.2176","South Korea"
"2708","H&amp;R REIT","HR-UN.TO","2961700000","7.18917","Canada"
"2709","Solvac","SOLV.BR","2957450000","97.9135","Belgium"
"2710","Primo Brands","PRMB","2957200000","22.98","United States"
"2711","DexCom","DXCM","2956900000","88.96","United States"
"2712","Zain Saudi Arabia","7030.SR","2954820000","2.82062","Saudi Arabia"
"2713","CA Immo","BZY.F","2954710000","27.2759","Austria"
"2714","Prospect Capital","PSEC","2953630000","2.31","United States"
"2715","Currys plc","CURY.L","2951590000","2.03666","United Kingdom"
"2716","Fluor Corporation","FLR","2951000000","52.03","United States"
"2717","TV Asahi Holdings Corporation","9409.T","2949220000","19.5146","Japan"
"2718","Kesko","KESKOA.HE","2943090000","25.236","Finland"
"2719","CMB.TECH","CMBT","2941300000","17.65","Belgium"
"2720","First Financial Bank","FFBC","2940620000","32.77","United States"
"2721","Shengyi Technology (SYTECH)","600183.SS","2939350000","20.9777","China"
"2722","Mainova","MNV6.F","2938470000","440.611","Germany"
"2723","MongoDB","MDB","2934960000","406.11","United States"
"2724","NOBA Bank Group AB","NOBA.ST","2930360000","9.17426","Sweden"
"2725","China Satellite Communications","601698.SS","2926820000","3.62054","China"
"2726","Resideo Technologies","REZI","2922000000","19.87","United States"
"2727","Hufvudstaden AB","HUFV-A.ST","2920940000","12.4178","Sweden"
"2728","National Silicon Industry Group","688126.SS","2919340000","3.75298","China"
"2729","California Resources Corporation","CRC","2918000000","52.54","United States"
"2730","BBVA Argentina","BBAR","2910390000","14.92","Argentina"
"2731","NorthWestern Energy","NWE","2908880000","71.48","United States"
"2732","Austevoll Seafood","AUSS.OL","2906540000","9.63726","Norway"
"2733","MDU Resources","MDU","2903640000","20.29","United States"
"2734","Huntsman Corporation","HUN","2902000000","9.63","United States"
"2735","TowneBank","TOWN","2898520000","37.53","United States"
"2736","Atrium Ljungberg","ATRLJ-B.ST","2894790000","2.69245","Sweden"
"2737","Ciena","CIEN","2892230000","404.03","United States"
"2738","Nomad Foods","NOMD","2891580000","11.89","United Kingdom"
"2739","Bank Millennium","MIL.WA","2891030000","5.70628","Poland"
"2740","Bayan Resources","BYAN.JK","2890020000","0.84507","Indonesia"
"2741","Menora Mivtachim Holdings","MMHD.TA","2888760000","168.787","Israel"
"2742","Daifuku","6383.T","2886970000","36.3812","Japan"
"2743","iFLYTEK","002230.SZ","2886830000","5.91815","China"
"2744","Jungheinrich","JUN3.F","2884430000","29.817","Germany"
"2745","Alps Alpine Co., Ltd.","6770.T","2883270000","13.8767","Japan"
"2746","GLP J-REIT","3281.T","2880170000","873.45","Japan"
"2747","Lite-On Technology","2301.TW","2879910000","9.4839","Taiwan"
"2748","Argan SA","ARG.PA","2877510000","85.9074","France"
"2749","Copa Holdings","CPA","2873540000","132.47","Panama"
"2750","Shanghai Zhangjiang Hi-Tech Park Development","600895.SS","2872320000","4.56548","China"
"2751","Halma","HLMA.L","2871140000","48.9919","United Kingdom"
"2752","UBE Corporation","4208.T","2865860000","22.3382","Japan"
"2753","PMetal (Press Metal Aluminium)","8869.KL","2865550000","1.99179","Malaysia"
"2754","Dentsu","4324.T","2863920000","22.1814","Japan"
"2755","Provident Financial Services","PFS","2862870000","23.53","United States"
"2756","Americold","COLD","2858650000","15.27","United States"
"2757","Ryder","R","2858000000","249.64","United States"
"2758","NHK Spring","5991.T","2856820000","21.4221","Japan"
"2759","Sensata Technologies","ST","2855500000","42.58","United States"
"2760","Acuity Brands","AYI","2851500000","341.35","United States"
"2761","First Industrial Realty Trust","FR","2851300000","62.86","United States"
"2762","Seadrill","SDRL","2851000000","46.59","Bermuda"
"2763","Aalberts","AALB.AS","2850950000","50.7518","Netherlands"
"2764","Pinterest","PINS","2850580000","23.31","United States"
"2765","ENGIE Brasil","EGIE3.SA","2849800000","5.60675","Brazil"
"2766","DEME Group","DEME.BR","2847180000","212.612","Belgium"
"2767","Hokuriku Electric Power Company","9505.T","2845890000","6.21329","Japan"
"2768","J&amp;T Global Express","1519.HK","2844170000","1.25781","China"
"2769","Kinetik","KNTK","2842150000","55.1","United States"
"2770","Ralph Lauren","RL","2841400000","362.32","United States"
"2771","Frontline","FRO","2840780000","41.2","Bermuda"
"2772","Group 1 Automotive","GPI","2839500000","262.63","United States"
"2773","Adani Energy Solutions","ADANIENSOL.NS","2837440000","16.8587","India"
"2774","Bid Corp","BID.JO","2832150000","27.222","South Africa"
"2775","Iwatani Corporation","8088.T","2831360000","13.8986","Japan"
"2776","Compass","COMP","2828000000","11.38","United States"
"2777","BillerudKorsnäs","BILL.ST","2827200000","8.0511","Sweden"
"2778","Allegro.eu","ALE.WA","2824290000","11.9437","Poland"
"2779","Mivne Real Estate (K.D)","MVNE.TA","2823660000","4.34168","Israel"
"2780","Hangzhou Greatstar Industrial","002444.SZ","2822450000","4.57143","China"
"2781","SIG (Semen Indonesia)","SMGR.JK","2821850000","0.0847887","Indonesia"
"2782","Catena AB","CATE.ST","2821640000","40.4549","Sweden"
"2783","Hammerson Plc","HMSO.L","2821110000","5.12221","United Kingdom"
"2784","OPC Energy","OPCE.TA","2820000000","32.64","Israel"
"2785","Broadridge Financial Solutions","BR","2818800000","181.6","United States"
"2786","Vale Indonesia","INCO.JK","2818330000","0.298592","Indonesia"
"2787","M3, Inc","2413.T","2816570000","11.1597","Japan"
"2788","Great Portland Estates","GPE.L","2816450000","4.64939","United Kingdom"
"2789","Comfort Systems USA","FIX","2815050000","1615.69","United States"
"2790","Check Point Software","CHKP","2814300000","129.05","Israel"
"2791","Orica","ORI.AX","2813320000","15.9722","Australia"
"2792","Colliers International","CIGI","2811750000","104.52","Canada"
"2793","MKS Instruments","MKSI","2811000000","271.75","United States"
"2794","Keio Corporation","9008.T","2801170000","4.91567","Japan"
"2795","Bharat Heavy Electricals Limited","BHEL.NS","2796900000","4.53546","India"
"2796","PagSeguro","PAGS","2796490000","9.04","Brazil"
"2797","Valmet","VALMT.HE","2791700000","33.1274","Finland"
"2798","Mechanics Bancorp","MCHB","2791390000","16.05","United States"
"2799","Sabra Health Care REIT","SBRA","2787910000","21.01","United States"
"2800","Banco del Bajío","BBAJIOO.MX","2786790000","3.41115","Mexico"
"2801","Avista","AVA","2776000000","38.15","United States"
"2802","Clean Harbors","CLH","2775500000","313.67","United States"
"2803","Caisse Régionale de Crédit Agricole du Morbihan","CMO.PA","2774770000","131.834","France"
"2804","JCDecaux","DEC.PA","2773300000","27.7888","France"
"2805","Wärtsilä","WRT1V.HE","2772020000","35.3771","Finland"
"2806","Jet2","JET2.L","2771220000","21.209","United Kingdom"
"2807","Leonardo DRS","DRS","2770000000","38.6","United States"
"2808","Wing Tai Properties","0369.HK","2768580000","0.244929","Hong Kong"
"2809","First Hawaiian Bank","FHB","2767760000","25.96","United States"
"2810","Innovent Biologics","1801.HK","2766720000","13.7262","China"
"2811","Mandarin Oriental","M04.SI","2766000000","3.34","Hong Kong"
"2812","ZPMC (Shanghai Zhenhua Heavy Industries)","600320.SS","2765680000","0.607143","China"
"2813","Evolution Mining","EVN.AX","2764500000","11.2628","Australia"
"2814","Grupo Aeroportuario del Sureste
(ASUR)","ASR","2763730000","263.97","Mexico"
"2815","SharkNinja","SN","2763090000","188.55","United States"
"2816","Gray Media","GTN","2763000000","4.92","United States"
"2817","Partners Group","PGHN.SW","2762660000","916.707","Switzerland"
"2818","Nomura Research Institute","4307.T","2762040000","31.6626","Japan"
"2819","SEI Investments","SEIC","2756690000","110.78","United States"
"2820","Clariant","CLN.SW","2756090000","13.032","Switzerland"
"2821","Miramar Hotel and Investment","0071.HK","2754820000","1.29608","Hong Kong"
"2822","Parsons","PSN","2754160000","48.64","United States"
"2823","Hamilton Insurance Group","HG","2752990000","35.08","Bermuda"
"2824","Ebro Foods","EBRO.MC","2751330000","21.3778","Spain"
"2825","Element Solutions","ESI","2749800000","36.02","United States"
"2826","Oppein Home Group","603833.SS","2748680000","4.84821","China"
"2827","Furukawa Electric","5801.T","2744560000","25.6576","Japan"
"2828","J. Front Retailing","3086.T","2743120000","19.6966","Japan"
"2829","Graco","GGG","2742400000","79.6","United States"
"2830","Qatar International Islamic Bank","QIIK.QA","2739390000","2.98626","Qatar"
"2831","Hanon Systems","018880.KS","2737850000","2.52178","South Korea"
"2832","Brembo","BRE.MI","2737080000","11.7805","Italy"
"2833","Nagase &amp; Co.","8012.T","2736950000","7.33836","Japan"
"2834","Bandhan Bank","BANDHANBNK.NS","2735740000","1.78517","India"
"2835","Straumann","STMN.SW","2734300000","115.352","Switzerland"
"2836","SkyWest","SKYW","2732250000","100.93","United States"
"2837","NEXTDC","NXT.AX","2730440000","9.75435","Australia"
"2838","Technip Energies","TE.PA","2730360000","35.3654","France"
"2839","Hanwa Co., Ltd.","8078.T","2730180000","11.8029","Japan"
"2840","Matson","MATX","2730100000","221.65","United States"
"2841","SHB (Saigon - Hanoi Commercial Joint Stock Bank)","SHB.VN","2724730000","0.455939","Vietnam"
"2842","Bank Handlowy w Warszawie","BHW.WA","2723610000","32.6537","Poland"
"2843","Mabanee Company","MABANEE.KW","2722640000","3148.63","Kuwait"
"2844","Dynex Capital","DX","2721270000","12.88","United States"
"2845","Permata Bank","BNLI.JK","2720780000","0.12169","Indonesia"
"2846","JGC Holdings","1963.T","2719080000","14.3881","Japan"
"2847","Ormat Technologies","ORA","2718550000","103.46","United States"
"2848","PayPay Corporation","PAYP","2716380000","15.63","Japan"
"2849","Rumo","RAIL3.SA","2715800000","2.83642","Brazil"
"2850","WSFS Financial","WSFS","2714040000","78.62","United States"
"2851","Yanbu National Petrochemical","2290.SR","2713810000","9.07711","Saudi Arabia"
"2852","Fairfax India Holdings","FIH-U.TO","2713700000","19.45","Canada"
"2853","SpareBank 1","SPOL.OL","2712460000","21.51","Norway"
"2854","Bicecorp","BICE.SN","2710940000","0.433965","Chile"
"2855","Cal-Maine Foods","CALM","2707130000","83.06","United States"
"2856","Dundee Precious Metals","DPM.TO","2705240000","48.1775","Canada"
"2857","CubeSmart","CUBE","2704660000","40.46","United States"
"2858","Spring Airlines","601021.SS","2703910000","6.54613","China"
"2859","NLC India","NLCINDIA.NS","2703560000","2.81712","India"
"2860","Bullish","BLSH","2703210000","33.11","Cayman Islands"
"2861","Marfrig Global Foods","MBRF3.SA","2702630000","3.60823","Brazil"
"2862","Methanex","MEOH","2702300000","56.93","Canada"
"2863","Concentrix","CNXC","2701290000","27.86","United States"
"2864","StoneX Group","SNEX","2699300000","69.24","United States"
"2865","De' Longhi","DLG.MI","2697140000","48.6071","Italy"
"2866","Element Fleet Management","EFN.TO","2696270000","19.284","Canada"
"2867","Dayforce","DAY","2694700000","69.86","United States"
"2868","ALSOK","2331.T","2692290000","7.47641","Japan"
"2869","StandardAero","SARO","2689720000","25.17","United States"
"2870","Romande Energie","REHN.SW","2688990000","59.5748","Switzerland"
"2871","Aurizon Holdings","AZJ.AX","2687800000","2.6864","Australia"
"2872","Andritz","AZ2.F","2687650000","96.7479","Austria"
"2873","Eicher Motors","EICHERMOT.NS","2684960000","84.613","India"
"2874","Petrovietnam Gas","GAS.VN","2681680000","3.22988","Vietnam"
"2875","Qatar Insurance Company","QATI.QA","2680470000","0.517857","Qatar"
"2876","Gulf Bank","GBK.KW","2678530000","1166.88","Kuwait"
"2877","Illumina","ILMN","2676000000","224.84","United States"
"2878","Vanguard International Semiconductor","5347.TWO","2675410000","4.7577","Taiwan"
"2879","Bangchak Corporation","BCP.BK","2675400000","1.64684","Thailand"
"2880","Generac","GNRC","2675300000","206.62","United States"
"2881","AptarGroup","ATR","2674250000","135.24","United States"
"2882","First Merchants Corporation","FRME","2672560000","41.68","United States"
"2883","Roku","ROKU","2671060000","158.6","United States"
"2884","China National Uranium","001280.SZ","2670280000","10.4881","China"
"2885","Tokyo Kiraboshi Financial Group","7173.T","2670210000","10.7173","Japan"
"2886","Johnson Matthey","JMAT.L","2669840000","30.5431","United Kingdom"
"2887","Umicore","UMI.VI","2668450000","27.2293","Belgium"
"2888","ORION","271560.KS","2666980000","91.4506","South Korea"
"2889","VSE Corporation","VSEC","2666220000","226.9","United States"
"2890","IREN (Iris Energy)","IREN","2664530000","39.58","Australia"
"2891","Synnex Technology International","2347.TW","2664000000","2.73489","Taiwan"
"2892","Husqvarna","HUSQ-A.ST","2663780000","3.94682","Sweden"
"2893","Sibanye-Stillwater","SBSW","2662990000","12.09","South Africa"
"2894","Reece Group","REH.AX","2661040000","12.017","Australia"
"2895","Mobimo Holding","MOBN.SW","2661030000","422.609","Switzerland"
"2896","South Bow","SOBO","2661000000","37.85","Canada"
"2897","AST SpaceMobile","ASTS","2660830000","59.88","United States"
"2898","TFI International","TFII","2660150000","135.23","Canada"
"2899","fuboTV","FUBO","2654980000","10.3","United States"
"2900","Mitsui Mining &amp; Smelting","5706.T","2654250000","181.028","Japan"
"2901","G City","GCT.TA","2654140000","3.80654","Israel"
"2902","Arcosa","ACA","2652700000","145.26","United States"
"2903","New Jersey Resources","NJR","2648560000","54.49","United States"
"2904","LTIMindtree","LTIM.NS","2647510000","47.4605","India"
"2905","Hoshizaki Corporation","6465.T","2646290000","35.7977","Japan"
"2906","Canon Marketing Japan","8060.T","2645650000","22.4512","Japan"
"2907","Tingyi (master kang)","0322.HK","2644220000","1.63796","China"
"2908","Autoliv","ALV","2644000000","123.53","Sweden"
"2909","Acadia Realty Trust","AKR","2643980000","21.08","United States"
"2910","Credit Agricole Mutuel Toulouse 31","CAT31.PA","2642360000","144.189","France"
"2911","CVC Capital Partners plc","CVC.AS","2641930000","17.0882","Jersey"
"2912","Oklo","OKLO","2638630000","41.6","United States"
"2913","Unisplendour","000938.SZ","2636960000","5.42113","China"
"2914","Kemper","KMPR","2635100000","28.41","United States"
"2915","Klarna","KLAR","2634000000","14.21","Sweden"
"2916","NMI Holdings","NMIH","2632430000","45.14","United States"
"2917","Curtiss-Wright","CW","2631850000","619.46","United States"
"2918","Grainger plc","GRI.L","2631570000","2.35866","United Kingdom"
"2919","Helmerich &amp; Payne","HP","2629860000","41.4","United States"
"2920","Realia Business","RLIA.MC","2628620000","1.17729","Spain"
"2921","Dolby","DLB","2627130000","64.95","United States"
"2922","Saia","SAIA","2626240000","349.83","United States"
"2923","Suzuken Co., Ltd.","9987.T","2623360000","31.6814","Japan"
"2924","Hornbach Holding","HBH.DE","2621350000","94.7663","Germany"
"2925","Cogna Educação","COGN3.SA","2619410000","0.433532","Brazil"
"2926","Azimut Holding","AZM.MI","2617670000","44.9703","Italy"
"2927","DMart","DMART.NS","2616730000","40.4033","India"
"2928","Highwoods Properties","HIW","2614040000","31.51","United States"
"2929","Coface","COFA.PA","2612410000","18.5569","France"
"2930","ALTEN","ATE.PA","2611880000","89.0547","France"
"2931","Sanmina","SANM","2611810000","198.64","United States"
"2932","Dynatrace","DT","2611390000","51.6","United States"
"2933","Gen Digital","GEN","2611000000","29.64","United States"
"2934","Urban Outfitters","URBN","2610610000","82.95","United States"
"2935","Samhällsbyggnadsbolaget i Norden","SBB-B.ST","2609290000","0.327292","Sweden"
"2936","GS Yuasa Corporation","6674.T","2608090000","33.7207","Japan"
"2937","Hikma Pharmaceuticals","HIK.L","2606000000","22.228","United Kingdom"
"2938","Pegasus Airlines","PGSUS.IS","2603720000","3.16009","Turkey"
"2939","John Wood Group","WG.L","2600900000","0.399424","United Kingdom"
"2940","Société Industrielle et Financière de l'Artois","ARTO.PA","2595210000","10607.3","France"
"2941","LTM Limited","LTM.NS","2593740000","47.0933","India"
"2942","Enagás","ENG.MC","2592390000","19.4895","Spain"
"2943","Transportadora de Gas del Sur","TGS","2591830000","28.34","Argentina"
"2944","Kerry Logistics Network","0636.HK","2590950000","0.734788","Hong Kong"
"2945","Avolta AG","AVOL.SW","2590630000","58.1351","Switzerland"
"2946","Mercury General","MCY","2590110000","104.6","United States"
"2947","Alibaba Health Information Technology","0241.HK","2590090000","0.401199","Hong Kong"
"2948","ULTA Beauty","ULTA","2580950000","543.19","United States"
"2949","Phillips Edison &amp; Company","PECO","2579960000","39.68","United States"
"2950","The Weir Group","WEIR.L","2579100000","39.4288","United Kingdom"
"2951","National Industrialization Company (Saudi Arabia)","2060.SR","2577400000","2.55693","Saudi Arabia"
"2952","Entra","ENTRA.OL","2576930000","11.2524","Norway"
"2953","The Bidvest Group","BVT.JO","2572950000","14.7776","South Africa"
"2954","Ithaca Energy","ITH.L","2571800000","3.69017","United Kingdom"
"2955","Hecla Mining","HL","2570810000","20.7","United States"
"2956","ABC-Mart","2670.T","2569920000","17.4219","Japan"
"2957","COMSYS Holdings Corporation","1721.T","2569390000","34.0846","Japan"
"2958","Axalta","AXTA","2569000000","36.61","United States"
"2959","Bharat Electronics","BEL.NS","2568040000","4.30397","India"
"2960","Telekom Malaysia","4863.KL","2564390000","1.96444","Malaysia"
"2961","Nippon Shokubai","4114.T","2563950000","16.6439","Japan"
"2962","Motorola Solutions","MSI","2563000000","487.28","United States"
"2963","Sun Art Retail Group Limited","6808.HK","2561170000","0.129481","China"
"2964","Kandenko","1942.T","2558250000","34.4046","Japan"
"2965","SYNLAB","SYAB.VI","2557910000","15.049","Germany"
"2966","CDW Corporation","CDW","2555400000","141.46","United States"
"2967","Otsuka","4768.T","2554690000","22.3382","Japan"
"2968","Zangge Mining Company","000408.SZ","2554200000","11.7307","China"
"2969","Century Communities","CCS","2553200000","69.32","United States"
"2970","Trigano","TRI.PA","2553080000","176.244","France"
"2971","Krones","KRN.F","2552000000","138.944","Germany"
"2972","SPIE","SPIE.PA","2550450000","51.4279","France"
"2973","Indra Sistemas","IDR.MC","2548270000","71.2904","Spain"
"2974","Chifeng Jilong Gold Mining","600988.SS","2547980000","7.1756","China"
"2975","ASX","ASX.AX","2547560000","39.592","Australia"
"2976","TODA corp","1860.T","2542310000","9.55022","Japan"
"2977","Challenger Limited","CGF.AX","2542100000","6.88838","Australia"
"2978","Hafnia Limited","HAFN","2541400000","7.77","Bermuda"
"2979","Metaplanet Inc.","3350.T","2541080000","1.90753","Japan"
"2980","Hakuhodo DY Holdings","2433.T","2538260000","8.33605","Japan"
"2981","NKT A/S","NKT.CO","2538220000","145.219","Denmark"
"2982","Genting Malaysia Berhad","4715.KL","2535870000","0.425214","Malaysia"
"2983","HASI (HA Sustainable Infrastructure Capita)","HASI","2534810000","40.06","United States"
"2984","Boyd Gaming","BYD","2534560000","80.63","United States"
"2985","Pebblebrook Hotel Trust","PEB","2531530000","18.37","United States"
"2986","True Corporation","TRUE.BK","2526910000","0.396462","Thailand"
"2987","Woodward","WWD","2525460000","345.91","United States"
"2988","Victory Giant Technology","300476.SZ","2524470000","39.1443","China"
"2989","Sopra Steria Group","SOP.PA","2523080000","207.367","France"
"2990","Endeavour Group","EDV.AX","2520720000","2.19796","Australia"
"2991","Primerica","PRI","2519870000","301.09","United States"
"2992","OPmobility","OPM.PA","2519790000","14.6054","France"
"2993","Sixt","SIX2.F","2519490000","84.5087","Germany"
"2994","Torex Gold Resources","TXG.TO","2518900000","50.742","Canada"
"2995","Kangwon Land","035250.KS","2515280000","10.5364","South Korea"
"2996","Sacyr","SCYR.MC","2514070000","5.04488","Spain"
"2997","Littelfuse","LFUS","2514060000","418.72","United States"
"2998","Tractor Supply","TSCO","2513750000","35.01","United States"
"2999","Macerich","MAC","2511870000","24.18","United States"
"3000","Kamigumi","9364.T","2508890000","30.4892","Japan"
"3001","AMP Limited","AMP.AX","2507730000","1.71821","Australia"
"3002","Lodha Group","LODHA.NS","2506220000","13.2041","India"
"3003","Eurocommercial Properties","ECMPA.AS","2505820000","31.4139","Netherlands"
"3004","Gentex","GNTX","2505610000","23.87","United States"
"3005","Beacon Financial Corporation","BBT","2504780000","31.71","United States"
"3006","Tongfu Microelectronics Co.,Ltd","002156.SZ","2504660000","9.48363","China"
"3007","Want Want China","0151.HK","2504350000","0.404388","Hong Kong"
"3008","Coles Group","COL.AX","2503620000","17.0521","Australia"
"3009","Bruker","BRKR","2502800000","57.06","United States"
"3010","SITC International","1308.HK","2501210000","6.03138","Hong Kong"
"3011","GRAIL","GRAL","2500690000","79.59","United States"
"3012","Deckers Brands","DECK","2499640000","89.47","United States"
"3013","Banca IFIS","IF.MI","2498890000","17.4263","Italy"
"3014","Perrigo","PRGO","2498800000","14.76","Ireland"
"3015","CNO Financial Group","CNO","2498400000","54.73","United States"
"3016","Emirates Integrated Telecommunications Company","DU.AE","2497430000","3.17486","United Arab Emirates"
"3017","Carl Zeiss Meditec","AFXA.F","2497040000","35.9016","Germany"
"3018","OceanaGold","OGC.TO","2494200000","30.6944","Canada"
"3019","Shree Cement","SHREECEM.NS","2493910000","256.206","India"
"3020","Interpump Group","IP.MI","2491680000","43.7114","Italy"
"3021","Wihlborgs Fastigheter AB","WIHL.ST","2491520000","8.14557","Sweden"
"3022","National Industries Group Holding","NIND.KW","2488250000","782.269","Kuwait"
"3023","Pharmaron Beijing","300759.SZ","2482470000","6.71131","China"
"3024","Beijing Yanjing Brewery","000729.SZ","2482190000","1.70833","China"
"3025","Shawbrook Group PLC","SHAW.L","2481330000","4.36446","United Kingdom"
"3026","IG Group","IGG.L","2481210000","19.2117","United Kingdom"
"3027","Tata Consumer Products","TATACONSUM.NS","2480510000","10.8956","India"
"3028","OTE Group","OTE.F","2479740000","22.7532","Greece"
"3029","Daewoo Engineering &amp; Construction","047040.KS","2479600000","14.493","South Korea"
"3030","AECOM","ACM","2475430000","65.11","United States"
"3031","Genpact","G","2475190000","36.88","Bermuda"
"3032","Acerinox","ACX.MC","2472250000","20.7717","Spain"
"3033","KONE","KNEBV.HE","2471210000","61.9186","Finland"
"3034","MM Group (Mayr-Melnhof AG)","MYM.F","2471190000","90.9197","Austria"
"3035","North Pacific Bank","8524.T","2469600000","8.05055","Japan"
"3036","NV Bekaert","BEKB.BR","2463810000","44.8187","Belgium"
"3037","Chimera Investment Corporation","CIM","2463760000","11.48","United States"
"3038","Ryohin Keikaku","7453.T","2462930000","26.9628","Japan"
"3039","Keikyu Corporation","9006.T","2462040000","9.842","Japan"
"3040","Safehold","SAFE","2461490000","15.35","United States"
"3041","Nickel Industries Limited","NIC.AX","2458510000","0.610544","Australia"
"3042","Floor &amp; Decor","FND","2456740000","54.31","United States"
"3043","Rakuten Bank","5838.T","2456360000","40.8049","Japan"
"3044","ITV plc","ITV.L","2455070000","0.974851","United Kingdom"
"3045","The Trade Desk","TTD","2453490000","13.03","United States"
"3046","Houlihan Lokey","HLI","2452930000","129.8","United States"
"3047","Coway","021240.KS","2452380000","71.2329","South Korea"
"3048","TF1","TFI.PA","2450260000","8.03124","France"
"3049","Commercial Bank of Kuwait","CBK.KW","2449560000","1623.21","Kuwait"
"3050","Titan Cement International","TITC.BR","2447830000","61.6622","Belgium"
"3051","Companhia de Saneamento do Paraná (SANEPAR)","SAPR4.SA","2445780000","1.26949","Brazil"
"3052","Emaar The Economic City","4220.SR","2445180000","2.69011","Saudi Arabia"
"3053","Beijer Ref","BEIJ-B.ST","2439450000","14.0658","Sweden"
"3054","SLM Corporation (Sallie Mae)","SLM","2437630000","26.78","United States"
"3055","Enlight Renewable Energy","ENLT","2436650000","78.74","Israel"
"3056","Next plc","NXT.L","2435700000","211.342","United Kingdom"
"3057","BB Seguridade Participações","BBSE3.SA","2434350000","7.66165","Brazil"
"3058","Toei Company","9605.T","2432330000","38.0879","Japan"
"3059","Bechtle","BC8.F","2432080000","42.9421","Germany"
"3060","Norwegian Cruise Line","NCLH","2431450000","17.09","United States"
"3061","Coca-Cola Bottlers Japan","2579.T","2430740000","24.5972","Japan"
"3062","Star Bulk Carriers","SBLK","2430160000","29.58","Greece"
"3063","Dubai Financial Market (DFM)","DFM.AE","2429210000","0.381201","United Arab Emirates"
"3064","BKS Bank","BKS.VI","2427870000","24.9446","Austria"
"3065","Stantec","STN","2427840000","75.42","Canada"
"3066","Severn Trent","SVT.L","2427470000","42.4994","United Kingdom"
"3067","UACJ Corporation","5741.T","2426970000","14.7708","Japan"
"3068","Dino Polska","DNP.WA","2426230000","9.70149","Poland"
"3069","Mitsubishi Logistics","9301.T","2424750000","9.54395","Japan"
"3070","Indosat","ISAT.JK","2423080000","0.147042","Indonesia"
"3071","LX International","001120.KS","2421180000","27.6453","South Korea"
"3072","Hindustan Zinc","HINDZINC.NS","2420620000","6.42401","India"
"3073","DigitalBridge Group","DBRG","2419440000","15.97","United States"
"3074","Avient","AVNT","2418000000","44.78","United States"
"3075","Fuchs Petrolub","FPE.F","2416690000","39.5734","Germany"
"3076","Ryman Healthcare","RYM.NZ","2416270000","1.2671","New Zealand"
"3077","Sparebanken Vest","SVEG.OL","2414860000","13.8817","Norway"
"3078","Toromont","TIH.TO","2413820000","146.585","Canada"
"3079","First Busey","BUSE","2413020000","30.13","United States"
"3080","MISUMI Group","9962.T","2412090000","23.0096","Japan"
"3081","Bajaj Housing Finance Limited (BHFL)","BAJAJHFL.NS","2409260000","0.892113","India"
"3082","Lupin Limited","LUPIN.NS","2408250000","22.6961","India"
"3083","Chipotle Mexican Grill","CMG","2407630000","37.34","United States"
"3084","Al Ahli Bank of Kuwait","ABK.KW","2407430000","961.538","Kuwait"
"3085","Gek Terna","GEKTERNA.AT","2405620000","54.8782","Greece"
"3086","TopBuild","BLD","2404360000","354.53","United States"
"3087","Kansai Paint","4613.T","2403850000","18.0243","Japan"
"3088","ERG","ERG.MI","2402890000","25.8538","Italy"
"3089","Exact Sciences","EXAS","2401050000","104.91","United States"
"3090","Natura Cosméticos S.A.","NATU3.SA","2399950000","1.73801","Brazil"
"3091","HYBE","352820.KS","2399890000","129.35","South Korea"
"3092","IMCD","IMCD.AS","2399010000","112.158","Netherlands"
"3093","International Container Terminal Services","ICTEF","2397720000","15.572","Philippines"
"3094","Instacart (Maplebear Inc.)","CART","2395000000","50.77","United States"
"3095","Riot Platforms","RIOT","2394700000","20.61","United States"
"3096","National Storage REIT","NSR.AX","2392580000","1.93562","Australia"
"3097","Travis Perkins","TPK.L","2392180000","8.90613","United Kingdom"
"3098","Mineral Resources","MIN.AX","2391960000","46.9545","Australia"
"3099","Sieyuan Electric","002028.SZ","2385620000","22.8333","China"
"3100","EQB (Equitable Bank)","EQB.TO","2385330000","99.3157","Canada"
"3101","Zeon Corporation","4205.T","2385250000","15.1881","Japan"
"3102","Recordati","REC.MI","2384620000","61.3125","Italy"
"3103","Hirose Electric","6806.T","2384140000","162.36","Japan"
"3104","Petronet LNG","PETRONET.NS","2383800000","3.05855","India"
"3105","Springer Nature AG","SPG.DE","2382940000","22.6367","Germany"
"3106","Qatar Fuel Company (WOQOD)","QFLS.QA","2382780000","3.56044","Qatar"
"3107","China Gold International Resources","CGG.TO","2382580000","33.3271","Canada"
"3108","Giant Network Group","002558.SZ","2382150000","4.05357","China"
"3109","Navient","NAVI","2379000000","9.37","United States"
"3110","Middleby","MIDD","2374930000","115.44","United States"
"3111","Tata Chemicals","TATACHEM.NS","2372060000","6.69949","India"
"3112","The Ensign Group","ENSG","2369700000","180.63","United States"
"3113","Saudi Industrial Investment Group","2250.SR","2367220000","3.36929","Saudi Arabia"
"3114","Sinch","SINCH.ST","2366610000","4.80652","Sweden"
"3115","Zscaler","ZS","2366600000","170.31","United States"
"3116","Nexans","NEX.PA","2365900000","168.318","France"
"3117","StoneCo","STNE","2365330000","9.72","Brazil"
"3118","AppLovin","APP","2363480000","308.11","United States"
"3119","Luckin Coffee","LKNCY","2361070000","36.92","China"
"3120","NextDecade Corp","NEXT","2360140000","7.36","United States"
"3121","Victory Capital","VCTR","2359840000","120.64","United States"
"3122","Fortune Brands Innovations","FBIN","2356900000","46.31","United States"
"3123","NCsoft","036570.KS","2355930000","161.597","South Korea"
"3124","Asian Paints","ASIANPAINT.NS","2354940000","27.6841","India"
"3125","Erie Indemnity","ERIE","2353520000","257.27","United States"
"3126","Gjensidige Forsikring","GJF.OL","2352820000","30.2255","Norway"
"3127","Shikun &amp; Binui","SKBN.TA","2352680000","5.77208","Israel"
"3128","Hudco","HUDCO.NS","2350710000","1.92626","India"
"3129","Dometic Group","DOM.ST","2348080000","2.31981","Sweden"
"3130","Ems-Chemie","EMSN.SW","2347500000","946.37","Switzerland"
"3131","Icahn Enterprises","IEP","2347000000","6.81","United States"
"3132","Capital Securities Corporation","601136.SS","2344250000","2.12946","China"
"3133","Adeka Corporation","4401.T","2343130000","29.1966","Japan"
"3134","Tokai Rika","6995.T","2342810000","19.6715","Japan"
"3135","Tele2","TEL2-B.ST","2342640000","17.8867","Sweden"
"3136","Bally's Corporation","BALY","2342590000","9.09","United States"
"3137","Newell Brands","NWL","2342000000","5.96","United States"
"3138","ARMOUR Residential REIT","ARR","2337020000","16.22","United States"
"3139","Daicel Corporation","4202.T","2335600000","9.1455","Japan"
"3140","Saigon Thuong Tin Commercial Bank","STB.VN","2335470000","2.81609","Vietnam"
"3141","Nextpower","NXT","2334400000","87.23","United States"
"3142","MARA Holdings","MARA","2333240000","11.22","United States"
"3143","Hero MotoCorp","HEROMOTOCO.NS","2333120000","58.3639","India"
"3144","Aamal Company","AHCS.QA","2332690000","0.193956","Qatar"
"3145","Kayne Anderson Capital Advisors","KYN","2332260000","14.83","United States"
"3146","Hanjin Kal","180640.KS","2330470000","91.7405","South Korea"
"3147","Merchants Bancorp","MBIN","2330300000","53.5","United States"
"3148","Taiwan High Speed Rail","2633.TW","2329210000","0.830235","Taiwan"
"3149","Gimv NV","GIMB.BR","2328640000","51.288","Belgium"
"3150","Huhtamäki","HUH1V.HE","2326070000","37.5335","Finland"
"3151","Teijin Limited","3401.T","2324600000","10.8554","Japan"
"3152","Pilbara Minerals","PLS.AX","2322990000","3.69918","Australia"
"3153","ComfortDelGro","C52.SI","2321600000","1.01511","Singapore"
"3154","CVB Financial","CVBF","2321280000","22.4","United States"
"3155","Silgan Holdings","SLGN","2320600000","42.97","United States"
"3156","Cementir","CEM.MI","2320070000","16.8901","Italy"
"3157","RLX Technology","RLX","2319730000","1.79","China"
"3158","Gruma (Maseca)","GRUMAB.MX","2316540000","14.7854","Mexico"
"3159","EPR Properties","EPR","2316170000","60","United States"
"3160","Varun Beverages","VBL.NS","2312770000","4.38881","India"
"3161","Five Below","FIVE","2312470000","257.35","United States"
"3162","Ampol","ALD.AX","2312420000","30.3548","Australia"
"3163","HBM Healthcare Investments","HBMN.SW","2311930000","292.909","Switzerland"
"3164","BKV Corporation","BKV","2311090000","24.24","United States"
"3165","Siltronic","WAF.F","2308820000","94.4749","Germany"
"3166","Drax Group","DRX.L","2307200000","10.3803","United Kingdom"
"3167","Focus Media Information Technology","002027.SZ","2306180000","0.735119","China"
"3168","Fabrinet","FN","2304710000","437.8","Cayman Islands"
"3169","SiriusPoint","SPNT","2303400000","23.98","Bermuda"
"3170","Avery Dennison","AVY","2300500000","182.33","United States"
"3171","DKSH Holding","DKSH.SW","2300240000","81.2948","Switzerland"
"3172","The Ogaki Kyoritsu Bank","8361.T","2298410000","51.1395","Japan"
"3173","Smiths Group","SMIN.L","2298220000","35.7332","United Kingdom"
"3174","FirstCash","FCFS","2298080000","219.82","United States"
"3175","Sysco","SYY","2297000000","83.27","United States"
"3176","United Urban Investment Corporation","8960.T","2296660000","1024.04","Japan"
"3177","Rush Enterprises","RUSHA","2291620000","76.97","United States"
"3178","Expeditors International","EXPD","2286630000","190.18","United States"
"3179","SATS","S58.SI","2286540000","3.17123","Singapore"
"3180","SPX Technologies","SPXC","2285400000","205.69","United States"
"3181","CJ ENM CO., Ltd.","035760.KQ","2284180000","23.6598","South Korea"
"3182","Savencia Fromage &amp; Dairy","SAVE.PA","2283410000","74.1345","France"
"3183","Hope Bancorp","HOPE","2283380000","13.92","United States"
"3184","Ferrotec Holdings Corporation","6890.T","2283220000","59.5477","Japan"
"3185","Maruichi Steel Tube","5463.T","2282370000","10.9966","Japan"
"3186","Flowserve","FLS","2280250000","82.8","United States"
"3187","Zhifei Biological Products","300122.SZ","2279080000","2.23214","China"
"3188","Saudi Kayan Petrochemical Company","2350.SR","2278390000","1.43028","Saudi Arabia"
"3189","Financière Moncey Société anonyme","FMONC.PA","2276810000","138.711","France"
"3190","ST Engineering","S63.SI","2275290000","8.41202","Singapore"
"3191","Close Brothers Group","CBG.L","2274690000","5.62221","United Kingdom"
"3192","TORM","TRMD","2273000000","30.08","United Kingdom"
"3193","Levi Strauss &amp; Co.","LEVI","2272400000","21.43","United States"
"3194","Central Retail Corporation","CRC.BK","2270400000","0.861543","Thailand"
"3195","Bucher Industries","BUCN.SW","2269040000","391.58","Switzerland"
"3196","Bosideng","3998.HK","2268690000","0.563847","Hong Kong"
"3197","Invincible Investment Corporation","8963.T","2266990000","396.566","Japan"
"3198","Enerjisa Enerji","ENJSA.IS","2265860000","2.4163","Turkey"
"3199","Reynolds Consumer Products","REYN","2265000000","24.61","United States"
"3200","Rocket Lab","RKLB","2264370000","66.18","United States"
"3201","Bilibili","BILI","2264070000","16.15","China"
"3202","Dr. Sulaiman Al Habib Medical Services Group Company","4013.SR","2263970000","64.163","Saudi Arabia"
"3203","Konecranes","KCR.HE","2257900000","35.7151","Finland"
"3204","Nicolet Bankshares","NIC","2256880000","170.95","United States"
"3205","Tokai Carbon","5301.T","2255840000","10.482","Japan"
"3206","Excelerate Energy","EE","2255170000","39.2","United States"
"3207","Japan Exchange Group","8697.T","2255080000","14.3347","Japan"
"3208","Fidelis Insurance","FIHL","2253900000","20.71","Bermuda"
"3209","Equitable Holdings","EQH","2250000000","49.87","United States"
"3210","Tiantan Bio","600161.SS","2247830000","1.85565","China"
"3211","Computershare","CPU.AX","2247000000","28.1466","Australia"
"3212","Madras Rubber Factory","MRF.NS","2243670000","1399.5","India"
"3213","Zealand Pharma","ZEAL.CO","2241210000","49.4164","Denmark"
"3214","Sega Sammy Holdings","6460.T","2238420000","18.9248","Japan"
"3215","ESAB","ESAB","2235670000","82.23","United States"
"3216","Thurgauer Kantonalbank","TKBP.SW","2234240000","202.306","Switzerland"
"3217","Deutsche EuroShop","DEQ.F","2233720000","21.2379","Germany"
"3218","Rémy Cointreau","RCO.PA","2233470000","54.0105","France"
"3219","Nankai Electric Railway","9044.T","2232860000","19.182","Japan"
"3220","National Aluminum &amp; Alloy","NATIONALUM.NS","2232800000","4.07877","India"
"3221","Killam Apartment REIT","KMP-UN.TO","2231510000","13.3194","Canada"
"3222","Montea Comm","MONT.BR","2231480000","76.8155","Belgium"
"3223","HORIBA","6856.T","2228960000","148.556","Japan"
"3224","Sphere Entertainment","SPHR","2227860000","157.4","United States"
"3225","Lion Corp","4912.T","2227550000","11.8562","Japan"
"3226","Hercules Capital","HTGC","2226990000","17.64","United States"
"3227","AutoNation","AN","2226900000","196.57","United States"
"3228","Costamare","CMRE","2224360000","14.84","Monaco"
"3229","Anima Holding","ANIM.MI","2223330000","8.27602","Italy"
"3230","Embassy Office Parks REIT","EMBASSY.BO","2222850000","4.58877","India"
"3231","On Holding","ONON","2221330000","29.23","Switzerland"
"3232","Desay SV","002920.SZ","2220730000","12.8274","China"
"3233","Grafton Group","GFTU.L","2220360000","14.1588","Ireland"
"3234","Storskogen Group","STOR-B.ST","2216590000","1.15098","Sweden"
"3235","Financière de Tubize","TUB.BR","2215020000","221.354","Belgium"
"3236","Sanwa Holdings","5929.T","2213290000","22.7147","Japan"
"3237","Advance Auto Parts","AAP","2213000000","43.65","United States"
"3238","Logitech","LOGI","2211390000","100.19","Switzerland"
"3239","Sumitomo Bakelite Company","4203.T","2211170000","47.2742","Japan"
"3240","Perseus Mining","PRU.AX","2209570000","4.83408","Australia"
"3241","Transport International Holdings","0062.HK","2207170000","1.16469","Hong Kong"
"3242","National Mobile Telecommunications Company","OOREDOO.KW","2204720000","5834.42","Kuwait"
"3243","Warrior Met Coal","HCC","2204540000","105.22","United States"
"3244","Keihan Holdings","9045.T","2204340000","20.3491","Japan"
"3245","Square Enix","9684.T","2202200000","18.1028","Japan"
"3246","ASMPT
 (ASM Pacific Technology)","0522.HK","2201930000","21.1379","Hong Kong"
"3247","ACC","ACC.NS","2198710000","13.7457","India"
"3248","Kewpie Corporation","2809.T","2198130000","29.4036","Japan"
"3249","UniFirst","UNF","2198040000","287.98","United States"
"3250","Fletcher Building","FBU.NZ","2197530000","2.36169","New Zealand"
"3251","Virtu Financial","VIRT","2196530000","65.74","United States"
"3252","International Seaways","INSW","2194280000","93.67","United States"
"3253","Vector Limited","VCT.NZ","2193810000","2.94468","New Zealand"
"3254","Globant","GLOB","2190890000","38.79","Luxembourg"
"3255","Teekay Tankers","TNK","2189910000","83.2","Canada"
"3256","DMG Mori","6141.T","2187510000","19.0691","Japan"
"3257","Asmodee Group AB","ASMDEE-B.ST","2183160000","16.1967","Sweden"
"3258","Banco do Estado do Rio Grande do Sul S.A.","BRSR6.SA","2181260000","2.69256","Brazil"
"3259","Venture Corporation","V03.SI","2179170000","13.4404","Singapore"
"3260","Parque Arauco","PARAUCO.SN","2177430000","4.29572","Chile"
"3261","Lifco","LIFCO-B.ST","2175300000","33.0861","Sweden"
"3262","Hilltop Holdings","HTH","2173720000","38.64","United States"
"3263","Taiyo Yuden","6976.T","2171860000","55.8456","Japan"
"3264","Magazine Luíza","MGLU3.SA","2170530000","0.915666","Brazil"
"3265","CIE Automotive","CIE.MC","2170520000","29.6655","Spain"
"3266","PUMA","PUM.DE","2169350000","29.1886","Germany"
"3267","Kurita Water Industries Ltd.","6370.T","2169120000","51.6415","Japan"
"3268","Charoen Pokphand Indonesia","CPIN.JK","2168750000","0.170141","Indonesia"
"3269","Acadia Healthcare","ACHC","2168260000","30.58","United States"
"3270","Novatek Microelectronics","3034.TW","2168100000","17.2664","Taiwan"
"3271","Nexstar Media Group","NXST","2168000000","185.52","United States"
"3272","Teekay","TK","2162600000","12.25","Canada"
"3273","Walliser Kantonalbank","WKBN.SW","2159810000","195.48","Switzerland"
"3274","RLJ Lodging Trust","RLJ","2156810000","11.46","United States"
"3275","Zensho Holdings","7550.T","2153170000","73.5091","Japan"
"3276","SalMar ASA","SALM.OL","2152440000","61.7705","Norway"
"3277","Triple Flag Precious Metals","TFPM","2149340000","34.98","Canada"
"3278","Golar LNG","GLNG","2148750000","51.19","Bermuda"
"3279","Peyto Exploration &amp; Development","PEY.TO","2147080000","17.9729","Canada"
"3280","Coca-Cola İçecek","CCOLA.IS","2146750000","1.62991","Turkey"
"3281","Customers Bancorp","CUBI","2144300000","78.54","United States"
"3282","DNOW Inc.","DNOW","2143000000","15.99","United States"
"3283","SCSK Corporation","9719.T","2142500000","36.1482","Japan"
"3284","Hyundai Motor India","HYUNDAI.NS","2141000000","23.6671","India"
"3285","TECOM Group","TECOM.AE","2139140000","0.920329","United Arab Emirates"
"3286","Gentera, S.A.B. de C.V.","GENTERA.MX","2137590000","2.34891","Mexico"
"3287","Mabuchi Motor","6592.T","2136880000","10.9558","Japan"
"3288","AU Small Finance Bank","AUBANK.NS","2136560000","11.4015","India"
"3289","Jack Henry &amp; Associates","JKHY","2134810000","172.39","United States"
"3290","Onto Innovation","ONTO","2132190000","291.88","United States"
"3291","TIS","3626.T","2129700000","24.2897","Japan"
"3292","Trustmark","TRMK","2129140000","46.24","United States"
"3293","Telkom SA","TKG.JO","2128110000","3.44858","South Africa"
"3294","Cirrus Logic","CRUS","2128000000","110.34","United States"
"3295","Jindal Stainless","JSL.NS","2126790000","7.38399","India"
"3296","BJ's Wholesale Club","BJ","2126260000","93.33","United States"
"3297","Callaway Golf Company","CALY","2123900000","15.74","United States"
"3298","37 Interactive Entertainment","002555.SZ","2122280000","2.70387","China"
"3299","Academy Sports + Outdoors","ASO","2120970000","43.55","United States"
"3300","Wing On Company International","0289.HK","2119430000","1.66093","Hong Kong"
"3301","Hyundai Rotem Company","064350.KS","2116920000","100.436","South Korea"
"3302","Tate &amp; Lyle","TATE.L","2116280000","7.52707","United Kingdom"
"3303","IPG Photonics","IPGP","2115790000","74.21","United States"
"3304","Core &amp; Main","CNM","2114000000","43.37","United States"
"3305","ICU Medical","ICUI","2111930000","179.59","United States"
"3306","Webuild S.p.A.","WBD.MI","2111440000","2.61569","Italy"
"3307","Nipro Corporation","8086.T","2111070000","9.61297","Japan"
"3308","Torrent Power","TORNTPOWER.NS","2108240000","12.8763","India"
"3309","Brightstar Lottery","BRSL","2108000000","11.47","United Kingdom"
"3310","Delivery Hero","DHER.F","2107230000","43.4549","Germany"
"3311","Mattel","MAT","2106440000","15.23","United States"
"3312","Select Medical Holdings","SEM","2105940000","16.51","United States"
"3313","Repligen","RGEN","2105460000","180.3","United States"
"3314","Darden Restaurants","DRI","2104000000","218.81","United States"
"3315","LGI Homes","LGIH","2102410000","58.22","United States"
"3316","Neogen","NEOG","2102400000","11.7","United States"
"3317","NIO","NIO","2102310000","4.45","China"
"3318","Allegion","ALLE","2101200000","160.28","Ireland"
"3319","PLDT","PHI","2099380000","19.54","Philippines"
"3320","Crane Company","CR","2099200000","209.6","United States"
"3321","AAK","AAK.ST","2098660000","20.6158","Sweden"
"3322","Celestica","CLS","2098200000","307.32","Canada"
"3323","Centerra Gold","CGAU","2097180000","23.71","Canada"
"3324","Kunlun Tech","300418.SZ","2096330000","6.08482","China"
"3325","Watts Water Technologies","WTS","2096300000","378.14","United States"
"3326","Evercore","EVR","2088600000","291.42","United States"
"3327","Adient","ADNT","2088000000","18.96","Ireland"
"3328","Bio-Techne","TECH","2085300000","72.38","United States"
"3329","Snap","SNAP","2084270000","5.42","United States"
"3330","The Keiyo Bank","8544.T","2084130000","17.4878","Japan"
"3331","ACM Research","ACMR","2083470000","79.11","United States"
"3332","H.B. Fuller","FUL","2082460000","58.05","United States"
"3333","Leroy Seafood","LSG.OL","2081350000","4.89885","Norway"
"3334","Archer Aviation","ACHR","2079400000","5.9","United States"
"3335","Universal Robina Corporation","UVRBF","2079310000","1","Philippines"
"3336","Beach Energy","BPT.AX","2078610000","0.633591","Australia"
"3337","Vishay Intertechnology","VSH","2075860000","30.66","United States"
"3338","Hornbach Baumarkt","HBM.HM","2073550000","72.2695","Germany"
"3339","Beijing Roborock Technology","688169.SS","2073390000","19.4345","China"
"3340","Jeudan","JDAN.CO","2071890000","31.957","Denmark"
"3341","Godrej Properties","GODREJPROP.NS","2070390000","21.6424","India"
"3342","Finning","FTT.TO","2069350000","66.3593","Canada"
"3343","Gav-Yam Lands","GVYM.TA","2068640000","12.4529","Israel"
"3344","Embracer Group","EMBRAC-B.ST","2067740000","7.64592","Sweden"
"3345","Carpenter Technology","CRS","2067600000","483.7","United States"
"3346","Ocado","OCDO.L","2066630000","3.33311","United Kingdom"
"3347","TS TECH","7313.T","2065830000","11.5644","Japan"
"3348","ManpowerGroup","MAN","2065500000","61.96","United States"
"3349","Simpson Manufacturing Company","SSD","2065030000","184.93","United States"
"3350","Credo Technology","CRDO","2063610000","226.49","United States"
"3351","HDFC Life","HDFCLIFE.NS","2060940000","5.79449","India"
"3352","Bureau Veritas","BVI.PA","2059540000","32.1483","France"
"3353","Xior Student Housing","XIOR.BR","2059450000","31.4722","Belgium"
"3354","Air Arabia","AIRARABIA.AE","2059450000","0","United Arab Emirates"
"3355","KWS","KWS.F","2058700000","90.8031","Germany"
"3356","Paragon Banking Group","PAG.L","2055890000","10.8287","United Kingdom"
"3357","Clearwater Analytics","CWAN","2054560000","24.56","United States"
"3358","NTPC Green Energy","NTPCGREEN.NS","2052670000","0.955169","India"
"3359","DFDS A/S","DFDS.CO","2052390000","24.0691","Denmark"
"3360","The Sumitomo Warehouse Co., Ltd.","9303.T","2049890000","26.4796","Japan"
"3361","DOF Group","DOFG.OL","2049000000","13.7339","Norway"
"3362","Megacable Holdings","MEGACPO.MX","2048550000","3.21707","Mexico"
"3363","Accton Technology","2345.TW","2047870000","65.8517","Taiwan"
"3364","HealthEquity","HQY","2047390000","104.42","United States"
"3365","Flughafen Wien (Vienna Airport)","FLU.VI","2046960000","60.6131","Austria"
"3366","SFS Group","SFSN.SW","2044710000","165.32","Switzerland"
"3367","Zuger Kantonalbank","ZUGER.SW","2043820000","12907.9","Switzerland"
"3368","Momentum Metropolitan","MTM.JO","2042690000","2.5092","South Africa"
"3369","SBI Life Insurance","SBILIFE.NS","2041630000","18.6603","India"
"3370","Suruga Bank","8358.T","2039610000","18.5671","Japan"
"3371","Bell Food Group","BELL.SW","2039410000","279.257","Switzerland"
"3372","Hamamatsu","6965.T","2036310000","14.9089","Japan"
"3373","Magnolia Oil &amp; Gas","MGY","2035880000","26.43","United States"
"3374","FactSet","FDS","2032290000","295.45","United States"
"3375","Sammaan Capital","SAMMAANCAP.NS","2031510000","1.54666","India"
"3376","CSG N.V. (The Czechoslovak Group)","CSG.AS","2030340000","22.2823","Czech Republic"
"3377","Fresh Del Monte Produce","FDP","2029500000","29.22","Cayman Islands"
"3378","Laurentian Bank of Canada","LB.TO","2029020000","29.0376","Canada"
"3379","Dillard's","DDS","2025550000","637.3","United States"
"3380","Nisshinbo Holdings","3105.T","2024060000","13.4594","Japan"
"3381","Community Financial System","CBU","2023990000","63.16","United States"
"3382","Enterprise Financial Services Corp","EFSC","2022200000","63.35","United States"
"3383","HomeCo Daily Needs REIT","HDN.AX","2021310000","0.797299","Australia"
"3384","Citycon","CTY1S.HE","2021200000","3.38618","Finland"
"3385","Rohto Pharmaceutical","4527.T","2019010000","19.3389","Japan"
"3386","Leapmotor","9863.HK","2017950000","5.01595","China"
"3387","Gujarat Gas","GUJGASLTD.NS","2017250000","3.42568","India"
"3388","Boise Cascade","BCC","2015930000","79.94","United States"
"3389","Pop Mart International Group","9992.HK","2014290000","19.6454","China"
"3390","Dana Incorporated","DAN","2014000000","30.08","United States"
"3391","CAR Group (Carsales)","CAR.AX","2006800000","20.2773","Australia"
"3392","Migros Ticaret A.S.","MGROS.IS","2006550000","11.6452","Turkey"
"3393","Quebecor","QBR-B.TO","2006340000","44.9215","Canada"
"3394","Inter &amp; Co","INTR","2005420000","5.53","Brazil"
"3395","Cleanaway Waste Management","CWY.AX","2004210000","1.83882","Australia"
"3396","Tessenderlo Group","TESB.BR","2002680000","27.8004","Belgium"
"3397","New York Times","NYT","2001480000","68.42","United States"
"3398","LXP Industrial Trust","LXP","1999170000","60.99","United States"
"3399","Metro Bank Holdings","MTRO.L","1998530000","2.26627","United Kingdom"
"3400","HubSpot","HUBS","1996780000","237.08","United States"
"3401","Jiangsu Yuyue Medical Equipment &amp; Supply Co., Ltd.","002223.SZ","1996450000","3.92411","China"
"3402","Lojas Renner","LREN3.SA","1996240000","2.09962","Brazil"
"3403","Marriott Vacations Worldwide","VAC","1992000000","114.78","United States"
"3404","St. James's Place","STJ.L","1991530000","15.9577","United Kingdom"
"3405","Italmobiliare","ITM.MI","1991170000","30.4231","Italy"
"3406","Toast","TOST","1990000000","36.97","United States"
"3407","BrightSpring Health Services","BTSG","1989890000","61.35","United States"
"3408","Coloplast","COLO-B.CO","1989350000","70.056","Denmark"
"3409","Public Property Invest AS","PUBLI.OL","1985120000","1.9189","Norway"
"3410","Ashok Leyland","ASHOKLEY.NS","1983890000","1.83109","India"
"3411","Green Brick Partners","GRBK","1983820000","73.78","United States"
"3412","Ansell","ANN.AX","1982700000","28.9398","Australia"
"3413","Paramount Resources","POU.TO","1981240000","22.7633","Canada"
"3414","The Bank of Nagoya","8522.T","1979380000","44.3","Japan"
"3415","Korn Ferry","KFY","1978900000","83.99","United States"
"3416","Hualan Biological Engineering","002007.SZ","1977540000","1.97619","China"
"3417","Bank Islam Malaysia","5258.KL","1975990000","0.529653","Malaysia"
"3418","Quilter","QLT.L","1974290000","2.5842","United Kingdom"
"3419","FB Financial","FBK","1973970000","57.72","United States"
"3420","Izumi Co., Ltd.","8273.T","1973510000","6.78932","Japan"
"3421","iSoftStone Information Technology","301236.SZ","1973420000","5.56399","China"
"3422","Qube Holdings","QUB.AX","1972830000","3.67045","Australia"
"3423","CIMC Enric","3899.HK","1970610000","0.978441","China"
"3424","Kinsale Capital Group","KNSL","1967350000","387.13","United States"
"3425","MP Materials","MP","1967150000","59.31","United States"
"3426","Ahli Bank","ABQK.QA","1967010000","1.07143","Qatar"
"3427","Banner Bank","BANR","1966630000","70.36","United States"
"3428","JAC Motors","600418.SS","1966100000","3.14137","China"
"3429","Bavarian Nordic","BAVA.CO","1965380000","33.1417","Denmark"
"3430","Aurora Innovation","AUR","1964000000","5.76","United States"
"3431","NTN Corporation","6472.T","1963610000","2.34426","Japan"
"3432","Takara Holdings","2531.T","1960760000","13.221","Japan"
"3433","Swiggy","SWIGGY.NS","1959050000","2.98366","India"
"3434","Ellington Financial","EFC","1957990000","13.46","United States"
"3435","Joby Aviation","JOBY","1957710000","7.14","United States"
"3436","Yellow Cake plc","YCA.L","1957120000","8.19962","Jersey"
"3437","Air Canada","AC.TO","1956430000","19.9899","Canada"
"3438","Advanced Drainage Systems","WMS","1955960000","141.46","United States"
"3439","BIC","BB.PA","1955660000","77.2817","France"
"3440","Nissui Corporation","1332.T","1954500000","8.12585","Japan"
"3441","Cushman &amp; Wakefield","CWK","1952700000","14.5","United States"
"3442","Banca Generali","BGN.MI","1951800000","76.8738","Italy"
"3443","Diodes Incorporated","DIOD","1950870000","90.54","United States"
"3444","LG CNS","064400.KS","1950710000","53.9138","South Korea"
"3445","Kosé","4922.T","1948580000","36.5318","Japan"
"3446","Liberty Energy","LBRT","1948370000","18.51","United States"
"3447","Tsakos Energy Navigation","TEN","1947860000","40.25","Greece"
"3448","Cadeler A/S","CDLR","1946580000","25.2","Denmark"
"3449","Nongshim","004370.KS","1944310000","309.425","South Korea"
"3450","Admiral Group","ADM.L","1944120000","55.5427","United Kingdom"
"3451","First Financial Bankshares","FFIN","1943850000","33.67","United States"
"3452","Guaranty Trust Bank","9JO.F","1941830000","2.67857","Nigeria"
"3453","Snowflake","SNOW","1939720000","315.37","United States"
"3454","TGS ASA","TGS.OL","1939600000","13.9478","Norway"
"3455","Dalmia Bharat","DALBHARAT.NS","1938610000","19.6805","India"
"3456","Harbour Centre Development","0051.HK","1936730000","0.574053","Hong Kong"
"3457","Antero Midstream","AM","1936450000","22.59","United States"
"3458","Sankyu","9065.T","1935850000","52.4949","Japan"
"3459","Exelixis","EXEL","1935750000","56.1","United States"
"3460","Qisda Corporation","2352.TW","1934190000","0.882223","Taiwan"
"3461","Parex Resources","PXT.TO","1932730000","19.5721","Canada"
"3462","Metsä Board","METSA.HE","1931740000","5.10549","Finland"
"3463","Hyosung Corporation","004800.KS","1927590000","121.016","South Korea"
"3464","Summerset Holdings","SUM.NZ","1927330000","5.1041","New Zealand"
"3465","Glanbia plc","GL9.IR","1927200000","26.2968","Ireland"
"3466","LATAM Airlines","LTM","1926700000","54.7","Chile"
"3467","Wise PLC","WISE.L","1924730000","13.4292","United Kingdom"
"3468","TFS Financial","TFSL","1922470000","17.92","United States"
"3469","Nichirei Corporation","2871.T","1919780000","13.472","Japan"
"3470","Oberoi Realty","OBEROIRLTY.NS","1917070000","19.5716","India"
"3471","Drägerwerk","DRW8.F","1917000000","97.6804","Germany"
"3472","Geberit","GEBN.SW","1916260000","719.862","Switzerland"
"3473","Tsubakimoto Chain","6371.T","1915850000","16.9858","Japan"
"3474","AMTD IDEA Group","AMTD","1914940000","0.7721","Hong Kong"
"3475","NBT Bancorp","NBTB","1914400000","51.51","United States"
"3476","Kimberly-Clark","KMB","1914000000","110.34","United States"
"3477","Silan Microelectronics","600460.SS","1913300000","5.19048","China"
"3478","ServisFirst Bancshares","SFBS","1912540000","43.31","United States"
"3479","Bure Equity AB","BURE.ST","1910730000","33.464","Sweden"
"3480","EnerSys","ENS","1908870000","192.95","United States"
"3481","Otter Tail","OTTR","1907790000","92.33","United States"
"3482","Klöckner &amp; Co","KCO.DE","1907150000","14.2674","Germany"
"3483","JACCS Co., Ltd.","8584.T","1906770000","24.4089","Japan"
"3484","FirstService","FSV","1906570000","143.5","Canada"
"3485","Orora Limited","ORA.AX","1905410000","1.06666","Australia"
"3486","Citizen Watch","7762.T","1905230000","17.0611","Japan"
"3487","Fortress REIT","FFB.JO","1904830000","1.51028","South Africa"
"3488","Northwest Bancshares","NWBI","1904310000","15.32","United States"
"3489","Sunstone Hotel Investors","SHO","1904300000","11.23","United States"
"3490","Allison Transmission","ALSN","1903000000","128.78","United States"
"3491","UiPath","PATH","1902960000","16.76","United States"
"3492","Paltac Corporation","8283.T","1902740000","41.6018","Japan"
"3493","Nexity","NXI.PA","1902120000","7.93216","France"
"3494","BancFirst","BANF","1901910000","111.8","United States"
"3495","Spectrum Brands","SPB","1900700000","88.89","United States"
"3496","Qatar Aluminium Manufacturing Company","QAMC.QA","1899340000","0.410165","Qatar"
"3497","Curbline Properties","CURB","1899270000","30.12","United States"
"3498","Vincom Retail Joint Stock Company","VRE.VN","1898510000","0.996169","Vietnam"
"3499","Herc Holdings","HRI","1898000000","156.24","United States"
"3500","Adecoagro","AGRO","1897320000","11.08","Luxembourg"
"3501","Signet Jewelers","SIG","1897200000","84.63","Bermuda"
"3502","Green Thumb Industries","GTII.CN","1897050000","7.57096","United States"
"3503","Emperor International","0163.HK","1896600000","0.0174767","Hong Kong"
"3504","Canfor","CFP.TO","1895860000","10.5186","Canada"
"3505","Dycom Industries","DY","1895700000","351.8","United States"
"3506","Innovative Industrial Properties","IIPR","1894540000","57.04","United States"
"3507","CBIZ","CBZ","1894180000","54.74","United States"
"3508","The Nanto Bank","8367.T","1892550000","12.0601","Japan"
"3509","Ollie's Bargain Outlet","OLLI","1890090000","74.27","United States"
"3510","Nifco Inc.","7988.T","1889100000","31.7567","Japan"
"3511","iQIYI","IQ","1888950000","0.9828","China"
"3512","Mirion Technologies","MIR","1888500000","14.9","United States"
"3513","Taiba Investments","4090.SR","1887950000","5.002","Saudi Arabia"
"3514","Prestige Consumer Healthcare","PBH","1887520000","52.15","United States"
"3515","Sappi","SAP.JO","1887000000","0.898022","South Africa"
"3516","ATI Inc.","ATI","1886300000","212.86","United States"
"3517","Region Group","RGN.AX","1884420000","1.60178","Australia"
"3518","Corporación América Airports","CAAP","1881500000","24.6","Luxembourg"
"3519","Torrent Pharmaceuticals","TORNTPHARM.NS","1881050000","52.0478","India"
"3520","Fluidra","FDR.MC","1880240000","22.6716","Spain"
"3521","USA Rare Earth","USAR","1878960000","18.92","United States"
"3522","Compañía Cervecerías Unidas","CCU","1878580000","12.58","Chile"
"3523","Tokuyama Corporation","4043.T","1877990000","25.2623","Japan"
"3524","A. O. Smith","AOS","1877900000","62.48","United States"
"3525","Lithium Americas","LAC","1876880000","3.21","Canada"
"3526","Galenica","GALE.SW","1875710000","103.325","Switzerland"
"3527","Global Ship Lease","GSL","1875320000","45.3","United Kingdom"
"3528","TOMONY Holdings","8600.T","1875220000","6.88971","Japan"
"3529","Hino Motors","7205.T","1874840000","2.42961","Japan"
"3530","Talos Energy","TALO","1874820000","16.72","United States"
"3531","RS Group","RS1.L","1872470000","10.2037","United Kingdom"
"3532","Williams-Sonoma","WSM","1869800000","237.43","United States"
"3533","Aktieselskabet Schouw & Co.","SCHO.CO","1869610000","118.007","Denmark"
"3534","NOF Corporation","4403.T","1869500000","17.5725","Japan"
"3535","Pennon Group","PNN.L","1869420000","6.44556","United Kingdom"
"3536","Sekisui House Reit","3309.T","1868910000","466.844","Japan"
"3537","Cambricon Technologies","688256.SS","1867990000","155.952","China"
"3538","BWP Trust","BWP.AX","1867940000","2.6433","Australia"
"3539","Premier Foods","PFD.L","1867430000","2.69697","United Kingdom"
"3540","VIB (Vietnam International Commercial Joint Stock Bank)","VIB.VN","1866960000","0.570881","Vietnam"
"3541","Santen Pharmaceutical","4536.T","1866680000","11.6837","Japan"
"3542","PennyMac Mortgage Investment Trust","PMT","1866560000","9.29","United States"
"3543","Ashland","ASH","1866000000","74.32","United States"
"3544","Tetra Tech","TTEK","1863750000","36.59","United States"
"3545","Rajesh Exports","RAJESHEXPO.NS","1863060000","0.805908","India"
"3546","VEON","VEON","1863000000","60.42","Netherlands"
"3547","Sharp Corporation","6753.T","1862060000","4.03531","Japan"
"3548","Applied Industrial Technologies","AIT","1860040000","342.44","United States"
"3549","Chow Sang Sang Holdings","0116.HK","1858910000","1.94157","Hong Kong"
"3550","Kemira","KEMIRA.HE","1856970000","20.3171","Finland"
"3551","Goodman Property Trust","GMT.NZ","1855300000","1.12303","New Zealand"
"3552","Bank of Hawaii","BOH","1854560000","77.25","United States"
"3553","DiaSorin","DIA.MI","1852320000","87.6792","Italy"
"3554","Hochtief","HOT.F","1852150000","497.727","Germany"
"3555","Jumbo S.A.","5JB.F","1851810000","29.7004","Greece"
"3556","QuidelOrtho","QDEL","1851400000","14.91","United States"
"3557","Fnac Darty","FNAC.PA","1851260000","40.331","France"
"3558","XPO Logistics","XPO","1851000000","192.46","United States"
"3559","FMC Corporation","FMC","1849900000","11.08","United States"
"3560","VF Corporation","VFC","1849880000","13.89","United States"
"3561","Mach Natural Resources LP","MNR","1848520000","12.44","United States"
"3562","Nishi-Nippon Railroad","9031.T","1847930000","19.4769","Japan"
"3563","WaterBridge Infrastructure","WBI","1847920000","31.61","United States"
"3564","Nabtesco Corporation","6268.T","1846610000","28.7448","Japan"
"3565","Shoprite","SHP.JO","1846380000","19.0408","South Africa"
"3566","edenor","EDN","1844970000","23.79","Argentina"
"3567","Sumitomo Pharma","4506.T","1844300000","9.04197","Japan"
"3568","HUGO BOSS","BOSS.DE","1843770000","44.6672","Germany"
"3569","Indutrade","INDT.ST","1842830000","26.0952","Sweden"
"3570","Bachem","BANB.SW","1842010000","94.0785","Switzerland"
"3571","Ipsos","IPS.PA","1841610000","45.5764","France"
"3572","Nippon Shinyaku","4516.T","1840530000","22.5767","Japan"
"3573","Fortuna Mining","FSM","1840230000","12.41","Canada"
"3574","Umios (Maruha Nichiro Corporation)","1333.T","1838110000","8.21997","Japan"
"3575","Beijing Airport","0694.HK","1837910000","0.204746","China"
"3576","TTM Technologies","TTMI","1837660000","121.7","United States"
"3577","Burlington Stores","BURL","1836570000","313.99","United States"
"3578","Investis Holding","IREN.SW","1836560000","181.207","Switzerland"
"3579","Albertsons","ACI","1836200000","12.4","United States"
"3580","Expedia Group","EXPE","1836000000","333.44","United States"
"3581","H2O America","HTO","1834080000","63.68","United States"
"3582","Freenet","FNTN.F","1832540000","28.1385","Germany"
"3583","Primaris Real Estate Investment Trust","PMZ-UN.TO","1830270000","15.5309","Canada"
"3584","Lamb Weston","LW","1827100000","55.26","United States"
"3585","Admie Holding","ADMIE.AT","1826460000","5.21623","Greece"
"3586","Misto Holdings (Fila)","081660.KS","1825450000","29.5656","South Korea"
"3587","Pacific Basin Shipping","2343.HK","1824980000","0.529404","Hong Kong"
"3588","TPBank (Tien Phong Commercial Joint Stock Bank)","TPB.VN","1824800000","0.563218","Vietnam"
"3589","Empire State Realty Trust","ESRT","1824140000","4.72","United States"
"3590","G-III Apparel Group","GIII","1824130000","33.53","United States"
"3591","Formula Systems","FORTY","1824060000","121.36","Israel"
"3592","Macnica Holdings","3132.T","1823150000","22.583","Japan"
"3593","PENN Entertainment","PENN","1821500000","17.85","United States"
"3594","NS Solutions Corporation","2327.T","1821220000","24.4779","Japan"
"3595","Rathbones Group","RAT.L","1820770000","23.179","United Kingdom"
"3596","Equity LifeStyle Properties","ELS","1820290000","64.65","United States"
"3597","Forestar Group","FOR","1819900000","28.98","United States"
"3598","DocuSign","DOCU","1819750000","59.33","United States"
"3599","Nippon Kayaku","4272.T","1819100000","13.1488","Japan"
"3600","MIRAIT ONE Corporation","1417.T","1818940000","22.6582","Japan"
"3601","PrairieSky Royalty","PSK.TO","1818540000","26.3507","Canada"
"3602","Hotel Properties Limited","H15.SI","1817580000","3.65911","Singapore"
"3603","Keyera","KEY.TO","1815640000","42.6962","Canada"
"3604","G Mining Ventures","GMIN.TO","1815350000","40.1383","Canada"
"3605","ADES Holding Company","2382.SR","1815350000","4.9141","Saudi Arabia"
"3606","CRISPR Therapeutics","CRSP","1814560000","59.23","Switzerland"
"3607","Genesis Energy","GNE.NZ","1813040000","1.60619","New Zealand"
"3608","Apollo Commercial Real Estate Finance","ARI","1811690000","6.81","United States"
"3609","Jetblue Airways","JBLU","1810000000","4.99","United States"
"3610","REN (Redes Energéticas Nacionais)","RENE.LS","1807790000","4.12053","Portugal"
"3611","Gulfport Energy","GPOR","1807680000","174.04","United States"
"3612","Shimao Property","0813.HK","1806690000","0.00854701","Hong Kong"
"3613","Seven Bank","8410.T","1805180000","2.10833","Japan"
"3614","Emperador Brandy","EMI.SI","1804970000","0.267548","Philippines"
"3615","Inchcape","INCH.L","1804600000","11.4265","United Kingdom"
"3616","Sundrug","9989.T","1803520000","23.361","Japan"
"3617","Fukuyama Transporting","9075.T","1798090000","40.3469","Japan"
"3618","Sampoerna","HMSP.JK","1796540000","0.0419718","Indonesia"
"3619","RLI Corp.","RLI","1796390000","64.86","United States"
"3620","CyberAgent","4751.T","1793320000","8.32978","Japan"
"3621","McDonald's Japan","2702.T","1793120000","50.512","Japan"
"3622","Divis Laboratories","DIVISLAB.NS","1792920000","94.8361","India"
"3623","ICICI Lombard","ICICIGI.NS","1792540000","16.6922","India"
"3624","National Central Cooling Company","TABREED.AE","1792490000","0.661657","United Arab Emirates"
"3625","Prestige Group","PRESTIGE.NS","1790650000","16.9226","India"
"3626","Wacker Neuson","WAC.F","1790070000","26.46","Germany"
"3627","Entain","ENT.L","1790060000","7.1086","Isle of Man"
"3628","ASGN","ASGN","1789200000","19.53","United States"
"3629","Everforth","EFOR","1789200000","31.45","United States"
"3630","RBL Bank","RBLBANK.NS","1788990000","4.03373","India"
"3631","Apollo Tyres","APOLLOTYRE.NS","1788020000","4.64649","India"
"3632","Central Securities","CET","1787880000","55.29","United States"
"3633","Ebos Group","EBO.NZ","1786870000","12.5937","New Zealand"
"3634","Northern Oil and Gas","NOG","1784400000","26.02","United States"
"3635","Charter Hall Group","CHC.AX","1783050000","14.2508","Australia"
"3636","Alliance Resource Partners","ARLP","1782300000","26.19","United States"
"3637","Ezaki Glico Co., Ltd.","2206.T","1780750000","32.654","Japan"
"3638","Alleima AB","ALLEI.ST","1780620000","12.5648","Sweden"
"3639","Savola Group","2050.SR","1780320000","6.97829","Saudi Arabia"
"3640","Singapore Exchange","S68.SI","1780060000","20.2047","Singapore"
"3641","Shift4 Payments","FOUR","1780000000","46.25","United States"
"3642","Ariston Holding","ARIS.MI","1779830000","4.4947","Italy"
"3643","Xi'an Eswin Material Technology Co.,Ltd.","688783.SS","1779440000","4.7619","China"
"3644","MFA Financial","MFA","1779360000","8.8","United States"
"3645","InvenTrust Properties","IVT","1778080000","32.67","United States"
"3646","Seek Limited","SEK.AX","1775620000","10.5229","Australia"
"3647","Natera","NTRA","1774020000","338.45","United States"
"3648","HNI Corporation","HNI","1773600000","49.92","United States"
"3649","SJM Holdings","0880.HK","1772590000","0.17987","Hong Kong"
"3650","Stevanato Group","STVN","1771810000","22.38","Italy"
"3651","Swissquote","SQN.SW","1771650000","51.3833","Switzerland"
"3652","Mankind Pharma","MANKIND.NS","1771530000","25.0979","India"
"3653","The Musashino Bank","8336.T","1768800000","17.3937","Japan"
"3654","TAV Airports Holding","TAVHL.IS","1768390000","5.86934","Turkey"
"3655","Ringkjøbing Landbobank","RILBA.CO","1766350000","277.636","Denmark"
"3656","Morinaga Milk Industry","2264.T","1764090000","7.26934","Japan"
"3657","Arçelik","ARCLK.IS","1762620000","1.94363","Turkey"
"3658","Minerals Technologies","MTX","1761500000","72.07","United States"
"3659","Al Salam Bank","SALAM.BH","1761020000","1.18839","Bahrain"
"3660","Banco di Desio e della Brianza","BDB.MI","1759280000","19.676","Italy"
"3661","NetLink Trust","CJLU.SI","1759190000","0.767233","Singapore"
"3662","Weatherford International","WFRD","1759000000","88","United States"
"3663","Bakkafrost","BAKKA.OL","1757910000","52.668","Denmark"
"3664","Masan Group","MSN.VN","1757500000","2.68966","Vietnam"
"3665","Asia Financial Holdings","0662.HK","1756420000","0.612323","Hong Kong"
"3666","Eramet","ERA.PA","1756220000","52.6169","France"
"3667","LexinFintech Holdings","LX","1755740000","1.18","China"
"3668","Hub Group","HUBG","1755550000","40","United States"
"3669","APA Group","APA.AX","1755030000","7.73596","Australia"
"3670","Alkermes","ALKS","1751530000","49.16","Ireland"
"3671","Reply","REY.MI","1750420000","141.741","Italy"
"3672","ABM Industries","ABM","1748400000","47.77","United States"
"3673","BrightView","BV","1748100000","11.04","United States"
"3674","ASICS Corporation","7936.T","1747640000","28.0295","Japan"
"3675","MSI (Micro-Star International)","2377.TW","1747630000","4.56866","Taiwan"
"3676","Constellation Oil Services Holding","QG21.F","1746310000","14.7812","Luxembourg"
"3677","Digital China Group Co., Ltd.","000034.SZ","1745190000","3.51786","China"
"3678","Kadokawa","9468.T","1745160000","23.041","Japan"
"3679","Almirall","ALM.MC","1744700000","12.2392","Spain"
"3680","Phoenix Group","PHNX.L","1739960000","10.4178","United Kingdom"
"3681","Beijing Wantai Biological Pharmacy Enterprise","603392.SS","1738880000","4.66369","China"
"3682","Olin Corporation","OLN","1734700000","17.37","United States"
"3683","Walker &amp; Dunlop","WD","1733790000","40.29","United States"
"3684","Tatung Co., Ltd.","2371.TW","1733120000","0.920033","Taiwan"
"3685","NewMarket Corp","NEU","1732550000","925.33","United States"
"3686","Two Harbors Investment","TWO","1731580000","12.18","United States"
"3687","Ardent Health","ARDT","1731220000","11.23","United States"
"3688","PT XLSMART Telecom Sejahtera Tbk","EXCL.JK","1731060000","0.156056","Indonesia"
"3689","Louisiana-Pacific","LPX","1730000000","71.22","United States"
"3690","Steadfast Group","SDF.AX","1728590000","4.1948","Australia"
"3691","The Greenbrier Companies","GBX","1728200000","46.24","United States"
"3692","Boyd Group","BYD.TO","1725910000","86.5005","Canada"
"3693","BETA Technologies","BETA","1725260000","21.74","United States"
"3694","COSMOS Pharmaceutical","3349.T","1724760000","41.2191","Japan"
"3695","York Space Systems","YSS","1722350000","9.13","United States"
"3696","Ziff Davis","ZD","1721510000","55.61","United States"
"3697","Stanmore Resources","SMR.AX","1721300000","1.90346","Australia"
"3698","CCC Intelligent Solutions","CCC","1721150000","7.3","United States"
"3699","Íslandsbanki","ISB.IC","1721020000","1.19851","Iceland"
"3700","Prodea Real Estate Investment Company","PRODEA.AT","1719040000","3.56685","Greece"
"3701","Koei Tecmo","3635.T","1718610000","10.595","Japan"
"3702","Federal Agricultural Mortgage Corporation","AGM","1717020000","218.14","United States"
"3703","Activia Properties","3279.T","1716300000","867.175","Japan"
"3704","Reliance Power","RPOWER.NS","1715730000","0.237941","India"
"3705","Paytm","PAYTM.NS","1714510000","17.792","India"
"3706","Toho Holdings","8129.T","1712440000","24.5909","Japan"
"3707","Bladex","BLX","1708010000","54.57","Panama"
"3708","Huagong Tech","000988.SZ","1707670000","15.6101","China"
"3709","C. H. Robinson","CHRW","1704120000","151.73","United States"
"3710","Universal Display Corporation","OLED","1703980000","86.84","United States"
"3711","Park National Corp","PRK","1701810000","199.54","United States"
"3712","GoTo","GOTO.JK","1701790000","0.0028169","Indonesia"
"3713","Sims Limited","SGM.AX","1701620000","17.3538","Australia"
"3714","Cembra Money Bank","CMBN.SW","1699380000","109.034","Switzerland"
"3715","THK Co.","6481.T","1699020000","42.6936","Japan"
"3716","Maximus","MMS","1696960000","58.97","United States"
"3717","Integer Holdings","ITGR","1696890000","125.19","United States"
"3718","Donaldson Company","DCI","1695300000","93.26","United States"
"3719","President Chain Store (PSCS)","2912.TW","1694000000","6.94751","Taiwan"
"3720","Marui Group","8252.T","1693820000","18.5326","Japan"
"3721","Photronics","PLAB","1693460000","30.25","United States"
"3722","K's Holdings Corporation","8282.T","1691580000","12.1699","Japan"
"3723","Hut 8","HUT","1690180000","85","Canada"
"3724","Nippon Light Metal Holdings Company","5703.T","1689590000","19.044","Japan"
"3725","New Hope Corporation","NHC.AX","1689390000","4.22353","Australia"
"3726","Avidity Biosciences","RNAM","1688600000","72.82","United States"
"3727","Valmont Industries","VMI","1688580000","476.98","United States"
"3728","Hyosung Heavy Industries Corporation","298040.KS","1688490000","2231.19","South Korea"
"3729","Capcom","9697.T","1688210000","26.0968","Japan"
"3730","Cabot Corporation","CBT","1687000000","84.58","United States"
"3731","Primoris Services Corporation","PRIM","1684000000","78.18","United States"
"3732","AirTAC International","1590.TW","1683140000","46.6318","Taiwan"
"3733","California Water Service Group","CWT","1683110000","50.26","United States"
"3734","First Bancorp","FBNC","1682950000","63.87","United States"
"3735","The Navigator Company","NVG.LS","1682930000","3.78599","Portugal"
"3736","SBI Card","SBICARD.NS","1682150000","6.76076","India"
"3737","Contact Energy","CEN.NZ","1681500000","5.25283","New Zealand"
"3738","Newmark","NMRK","1680570000","15.76","United States"
"3739","DMG Mori Aktiengesellschaft","GIL.F","1680330000","54.9015","Germany"
"3740","Sarana Menara Nusantara","TOWR.JK","1680190000","0.0264789","Indonesia"
"3741","LPP SA","LPP.WA","1679880000","5622.49","Poland"
"3742","Titan Company","TITAN.NS","1679750000","53.9342","India"
"3743","Alm. Brand","ALMB.CO","1678290000","2.72648","Denmark"
"3744","Chicony Electronics","2385.TW","1673500000","3.40286","Taiwan"
"3745","Scout24 (ImmoScout24)","G24.F","1673280000","94.4749","Germany"
"3746","Realtek","2379.TW","1671130000","23.0008","Taiwan"
"3747","Moore Threads","688795.SS","1670900000","80.9554","China"
"3748","IIFL Finance","IIFL.NS","1670770000","6.66283","India"
"3749","Vietnam Maritime Commercial Joint Stock Bank","MSB.VN","1670700000","0.601533","Vietnam"
"3750","Samsonite International","1SO.F","1669700000","1.58585","Luxembourg"
"3751","Pony AI","PONY","1669480000","7.28","China"
"3752","OceanFirst Financial","OCFC","1669370000","19.02","United States"
"3753","Vesuvius plc","VSVS.L","1668050000","5.32082","United Kingdom"
"3754","Oscar Health","OSCR","1667050000","31.24","United States"
"3755","National Bank Holdings","NBHC","1664880000","41.31","United States"
"3756","Four Corners Property Trust","FCPT","1664130000","25.3","United States"
"3757","Global Business Travel Group","GBTG","1664000000","9.46","United States"
"3758","Birchcliff Energy","BIR.TO","1663970000","4.55266","Canada"
"3759","Seera Holding Group","1810.SR","1662890000","5.65455","Saudi Arabia"
"3760","Ingles Markets","IMKTA","1662000000","83.535","United States"
"3761","FTI Consulting","FCN","1661700000","151.92","United States"
"3762","Metrovacesa","MVC.MC","1661260000","12.4956","Spain"
"3763","Oakley Capital Investments","OCI.L","1660320000","7.11947","Bermuda"
"3764","Vidrala","VID.MC","1659750000","104.325","Spain"
"3765","Premium Brands","PBH.TO","1659510000","57.5308","Canada"
"3766","ISS A/S","ISS.CO","1657780000","45.2698","Denmark"
"3767","EMEIS","EMEIS.PA","1654750000","15.7478","France"
"3768","Arion banki","ARION.IC","1654720000","1.56651","Iceland"
"3769","Jason Furniture (Kuka Home)","603816.SS","1653540000","3.68899","China"
"3770","Carlisle Companies","CSL","1653200000","365.72","United States"
"3771","Central Garden &amp; Pet","CENT","1652340000","44.18","United States"
"3772","Thai Union Group","TU.BK","1652060000","0.396462","Thailand"
"3773","Chesapeake Utilities","CPK","1651700000","134.18","United States"
"3774","Far East Consortium International","0035.HK","1650230000","0.0835566","Hong Kong"
"3775","NETSCOUT","NTCT","1649260000","38.5","United States"
"3776","Sulzer","SUN.SW","1648730000","197.838","Switzerland"
"3777","Makino Milling Machine","6135.T","1648550000","96.6317","Japan"
"3778","SiteOne Landscape Supply","SITE","1648100000","96.07","United States"
"3779","Electrica","ECEA.F","1647110000","15.1533","Romania"
"3780","Cactus Inc","WHD","1646260000","66.44","United States"
"3781","Spirax-Sarco Engineering","SPX.L","1646100000","97.6889","United Kingdom"
"3782","Stewart Information Services","STC","1645660000","69.9","United States"
"3783","Anker Innovations","300866.SZ","1645470000","18.7798","China"
"3784","Peab","PEAB-B.ST","1645110000","10.119","Sweden"
"3785","Grenke","GLJ.F","1643990000","12.8919","Germany"
"3786","American Eagle Outfitters","AEO","1643540000","16.72","United States"
"3787","AAR","AIR","1643400000","138.58","United States"
"3788","Kumho Tire","073240.KS","1643160000","5.15225","South Korea"
"3789","Visteon","VC","1642000000","103.69","United States"
"3790","Stride (K12 Education)","LRN","1641920000","84.58","United States"
"3791","Hawaiian Electric Industries","HE","1637370000","11.49","United States"
"3792","Centuria Industrial REIT","CIP.AX","1636150000","2.08303","Australia"
"3793","Mandatum","MANTA.HE","1634740000","7.45425","Finland"
"3794","JBG SMITH","JBGS","1634720000","12.35","United States"
"3795","Strategic Education","STRA","1634450000","85.31","United States"
"3796","KSB SE &amp; Co. KGaA","KSB.DE","1634280000","1107.36","Germany"
"3797","Nissan Chemical","4021.T","1633570000","50.5308","Japan"
"3798","Saudi Real Estate Company (Al Akaria)","4020.SR","1633470000","4.20828","Saudi Arabia"
"3799","Kokuyo","7984.T","1633210000","5.62158","Japan"
"3800","Descartes Systems Group","DSGX","1629730000","77.49","Canada"
"3801","Land and Houses","LH.BK","1629040000","0.112229","Thailand"
"3802","Itron","ITRI","1628950000","98.86","United States"
"3803","Merit Medical","MMSI","1626730000","90.54","United States"
"3804","Playtech","PTEC.L","1626060000","5.40754","Isle of Man"
"3805","Inter Cars","CAR.WA","1625420000","252.742","Poland"
"3806","Bilfinger","GBF.F","1624440000","96.6896","Germany"
"3807","InterRent Real Estate Investment Trust","IIP-UN.TO","1624140000","9.75364","Canada"
"3808","Orient Corporation","8585.T","1621820000","5.55319","Japan"
"3809","Van Lanschot Kempen","VLK.AS","1621730000","75.475","Netherlands"
"3810","Neinor Homes","HOME.MC","1621710000","18.6385","Spain"
"3811","Komeri Co.,Ltd.","8218.T","1620500000","24.3462","Japan"
"3812","AutoStore Holdings","AUTO.OL","1619800000","1.72529","Norway"
"3813","Vesta Real Estate","VTMX","1616940000","34.44","Mexico"
"3814","Vault Minerals","VAU.AX","1615610000","4.86999","Australia"
"3815","Isras Investment Company","ISRS.TA","1615260000","269.756","Israel"
"3816","Azbil Corporation","6845.T","1614320000","9.54395","Japan"
"3817","Okuma Corporation","6103.T","1613820000","30.5268","Japan"
"3818","Ubisoft","UBI.PA","1612520000","6.47986","France"
"3819","Breedon Group","BREE.L","1612290000","4.90482","United Kingdom"
"3820","Hayward Holdings, Inc.","HAYW","1611730000","14.52","United States"
"3821","H World Group Limited","HTHT","1610190000","49.03","China"
"3822","Capital Tankers Corp.","CAPT.OL","1609770000","15.7212","Greece"
"3823","Las Vegas Sands","LVS","1608000000","46.23","United States"
"3824","ULVAC, Inc.","6728.T","1606960000","47.4374","Japan"
"3825","Zurn Elkay Water Solutions","ZWS","1606800000","49.22","United States"
"3826","MINISO Group","MNSO","1606500000","11.42","China"
"3827","Waaree Energies Limited (WEL)","WAAREEENER.NS","1605710000","27.418","India"
"3828","Howden Joinery","HWDN.L","1603810000","11.0936","United Kingdom"
"3829","Light S.A.","LIGT3.SA","1602820000","0.649325","Brazil"
"3830","Insight Enterprises","NSIT","1602600000","151.83","United States"
"3831","Brunswick Corporation","BC","1601500000","79.67","United States"
"3832","UWM Holdings","UWMC","1600900000","1.46","United States"
"3833","Bridgepoint Group plc","BPT.L","1599900000","4.27388","United Kingdom"
"3834","United Natural Foods","UNFI","1599000000","47.98","United States"
"3835","Sonaecom","SNC.LS","1598800000","3.45029","Portugal"
"3836","Dialog Group","7277.KL","1598160000","0.48738","Malaysia"
"3837","Indian Hotels Company","INDHOTEL.NS","1598060000","7.49974","India"
"3838","Quantum Computing","QUBT","1597180000","8.35","United States"
"3839","Dürr","DUE.F","1596620000","20.7717","Germany"
"3840","East India Distilleries Parry","EIDPARRY.NS","1595940000","8.33927","India"
"3841","Tilray Brands","TLRY","1594870000","4.64","Canada"
"3842","Dream Finders Homes","DFH","1594840000","14.7","United States"
"3843","Sunlight REIT","0435.HK","1594030000","0.280648","Hong Kong"
"3844","Bank of Bahrain and Kuwait","BBK.BH","1593260000","1.4006","Bahrain"
"3845","naturenergie holding","NEAG.SW","1592930000","38.4754","Switzerland"
"3846","Sparebanken Sør","SOR.OL","1592660000","20.1631","Norway"
"3847","COPT Defense Properties","CDP","1591770000","37.32","United States"
"3848","ConnectOne Bancorp","CNOB","1591550000","31.97","United States"
"3849","Pakuwon Jati Tbk","PWON.JK","1591510000","0.0150986","Indonesia"
"3850","Elco Ltd.","ELCO.TA","1590960000","41.7676","Israel"
"3851","KBR","KBR","1589000000","37.93","United States"
"3852","BOSCH India","BOSCHLTD.NS","1587990000","510.943","India"
"3853","Toyobo Co., Ltd.","3101.T","1586340000","10.4036","Japan"
"3854","ESCO Technologies","ESE","1585420000","283.23","United States"
"3855","Service Corporation International","SCI","1584950000","85.38","United States"
"3856","HEXPOL AB","HPOL-B.ST","1584440000","9.54064","Sweden"
"3857","ReNew Energy Global","RNW","1584050000","6.82","India"
"3858","Columbia Sportswear","COLM","1581970000","58.16","United States"
"3859","Applied Digital","APLD","1581220000","26.87","United States"
"3860","Rhön-Klinikum","RHK.DE","1579890000","17.0183","Germany"
"3861","SD BioSensor","137310.KS","1579120000","4.37688","South Korea"
"3862","Deyaar Development","DEYAAR.AE","1579050000","0.200403","United Arab Emirates"
"3863","Corem Property Group AB","CORE-PREF.ST","1578450000","24.6676","Sweden"
"3864","NW Natural Holdings","NWN","1576900000","50.39","United States"
"3865","Sangfor Technologies","300454.SZ","1576530000","17.8571","China"
"3866","SeABank (Southeast Asia Commercial Joint Stock Bank)","SSB.VN","1575880000","0.613027","Vietnam"
"3867","Hello Group Inc.","MOMO","1575340000","5.76","China"
"3868","Aksa Energy","AKSEN.IS","1575270000","1.71509","Turkey"
"3869","Muninova Holdings","547A.T","1574640000","2.8362","Japan"
"3870","Man Group","EMG.L","1574000000","4.14397","Jersey"
"3871","AEON REIT Investment","3292.T","1572960000","755.484","Japan"
"3872","Champion Homes","SKY","1572940000","91.18","United States"
"3873","DB HiTek","000990.KS","1572650000","69.1314","South Korea"
"3874","Aris Mining","ARIS","1571720000","20.64","Canada"
"3875","Nojima Corporation","7419.T","1570450000","8.0129","Japan"
"3876","China Railway Materials","000927.SZ","1569930000","0.372024","China"
"3877","Aichi Steel","5482.T","1569730000","20.1421","Japan"
"3878","Heiwa Corporation","6412.T","1569620000","13.9802","Japan"
"3879","PetroVietnam Power","POW.VN","1568790000","0.503831","Vietnam"
"3880","Casella Waste Systems","CWST","1568290000","93.74","United States"
"3881","GN Store Nord","GN.CO","1567870000","14.8468","Denmark"
"3882","The Kiyo Bank","8370.T","1567450000","31.7504","Japan"
"3883","Ralliant Corporation","RAL","1565500000","63.92","United States"
"3884","B.Grimm Power","BGRIM.BK","1564350000","0.63434","Thailand"
"3885","StubHub Holdings","STUB","1563590000","6.58","United States"
"3886","FLSmidth","FLS.CO","1563380000","93.6106","Denmark"
"3887","Bupa Arabia for Cooperative Insurance Company","8210.SR","1563220000","43.1216","Saudi Arabia"
"3888","EnPro Industries","NPO","1562700000","308.73","United States"
"3889","Global Net Lease","GNL","1561250000","9.14","United States"
"3890","ServiceTitan","TTAN","1560580000","92.23","United States"
"3891","Demant","DEMANT.CO","1560110000","44.2098","Denmark"
"3892","Knife River Corporation","KNF","1559330000","66.8","United States"
"3893","Piper Sandler","PIPR","1557860000","74.44","United States"
"3894","Advantech","2395.TW","1556930000","21.2679","Taiwan"
"3895","Helix Energy Solutions","HLX","1556860000","10","United States"
"3896","Yuhan","000100.KS","1556710000","59.9284","South Korea"
"3897","IDEXX Laboratories","IDXX","1556100000","553.44","United States"
"3898","Texas Pacific Land Corporation","TPL","1555950000","369.4","United States"
"3899","Azenta","AZTA","1554680000","33.57","United States"
"3900","Kennedy Wilson","KW","1554600000","10.92","United States"
"3901","Sveafastigheter AB","SVEAF.ST","1554140000","3.19105","Sweden"
"3902","First Commonwealth Financial Corp","FCF","1552700000","20.82","United States"
"3903","Baldwin Insurance Group","BWIN","1551660000","30.41","United States"
"3904","Lenzing","LEN.F","1551640000","27.1593","Austria"
"3905","Balfour Beatty","BBY.L","1551420000","12.0583","United Kingdom"
"3906","Par Pacific Holdings","PARR","1551370000","75.77","United States"
"3907","Tamdeen Real Estate Company","TAM.KW","1551210000","1352.67","Kuwait"
"3908","Fortinet","FTNT","1551100000","157.54","United States"
"3909","Inabata &amp; Co.,Ltd.","8098.T","1550870000","26.9816","Japan"
"3910","Tokyo Ohka Kogyo Co., Ltd.","4186.T","1549090000","55.0926","Japan"
"3911","PHINIA","PHIN","1549000000","70.04","United States"
"3912","MONETA Money Bank","MONET.PR","1548510000","9.60832","Czech Republic"
"3913","Lynas","LYC.AX","1547630000","11.7799","Australia"
"3914","Nordex","NDX1.F","1546890000","45.7629","Germany"
"3915","The Oita Bank","8392.T","1546610000","18.1404","Japan"
"3916","Emmi AG","EMMN.SW","1546020000","1051.25","Switzerland"
"3917","Etablissements Maurel &amp; Prom","MAU.PA","1546000000","8.98706","France"
"3918","Sixth Street Specialty Lending","TSLX","1542670000","18.82","United States"
"3919","Aluar Aluminio Argentino","ALUA.BA","1542510000","0.564306","Argentina"
"3920","Fuji Oil Holdings","2607.T","1541670000","28.5816","Japan"
"3921","STEF SA","STF.PA","1541130000","145.938","France"
"3922","Kymera Therapeutics","KYMR","1539640000","125.55","United States"
"3923","Texas Roadhouse","TXRH","1538390000","203.88","United States"
"3924","Medibank","MPL.AX","1536710000","3.3975","Australia"
"3925","Growthpoint Properties Australia","GOZ.AX","1536180000","1.49404","Australia"
"3926","Soitec","SOI.PA","1536120000","133.932","France"
"3927","Alkem Laboratories","ALKEM.NS","1534900000","55.7819","India"
"3928","Métropole Télévision (Groupe M6)","MMT.PA","1534900000","14.011","France"
"3929","Arabian Drilling Company","2381.SR","1534770000","24.8502","Saudi Arabia"
"3930","Baytex Energy","BTE","1534040000","4.68","Canada"
"3931","Chinese Estates Holdings","0127.HK","1533910000","0.135859","Hong Kong"
"3932","Taesa (Transmissora Aliança de Energia Elétrica)","TAEE11.SA","1532740000","7.57028","Brazil"
"3933","National Health Investors","NHI","1532530000","73.39","United States"
"3934","Abacus Storage King","ASK.AX","1532420000","0.951731","Australia"
"3935","Elisa","ELISA.HE","1531670000","41.8697","Finland"
"3936","NIKKON Holdings","9072.T","1531120000","34.1474","Japan"
"3937","Daio Paper Corporation","3880.T","1530820000","6.18066","Japan"
"3938","Phoenix Mills","PHOENIXLTD.NS","1530190000","20.0052","India"
"3939","Cloudflare","NET","1526710000","284.89","United States"
"3940","HIAG Immobilien","HIAG.SW","1525440000","161.597","Switzerland"
"3941","SJVN","SJVN.NS","1524240000","0.682413","India"
"3942","FPT Corporation","FPT.VN","1524220000","2.76628","Vietnam"
"3943","Ricoh Leasing Company","8566.T","1524020000","42.794","Japan"
"3944","LendingClub","LC","1523530000","19.21","United States"
"3945","KRUK Spólka Akcyjna","KRU.WA","1522060000","113.423","Poland"
"3946","GasLog Partners LP","GLOP-PA","1520420000","25.5","Greece"
"3947","CTS Eventim","EVD.F","1519910000","68.7143","Germany"
"3948","Tube Investments of India","TIINDIA.NS","1519180000","30.0419","India"
"3949","Dole PLC","DOLE","1518880000","13.63","Ireland"
"3950","Intertek","ITRK.L","1518430000","79.8123","United Kingdom"
"3951","DeNA","2432.T","1518400000","15.8627","Japan"
"3952","Maxis Berhad","6012.KL","1518350000","0.934975","Malaysia"
"3953","Archrock","AROC","1518000000","31.67","United States"
"3954","Convatec Group","CTEC.L","1518000000","3.13039","United Kingdom"
"3955","Alpha Metallurgical Resources","AMR","1516960000","217.92","United States"
"3956","Expro Group","XPRO","1515420000","17.55","United States"
"3957","ICICI Prulife","ICICIPRULI.NS","1514490000","5.34932","India"
"3958","AdaptHealth","AHCO","1514480000","5.67","United States"
"3959","Credit Acceptance","CACC","1514100000","593.64","United States"
"3960","Burford Capital","BUR","1513640000","4.34","Guernsey"
"3961","Punjab &amp; Sind Bank","PSB.NS","1511740000","0.244789","India"
"3962","Netstreit","NTST","1511420000","20.75","United States"
"3963","Lincoln Electric","LECO","1511260000","290.12","United States"
"3964","Stella-Jones","SJ.TO","1509760000","50.036","Canada"
"3965","Karur Vysya Bank","KARURVYSYA.NS","1509120000","3.63622","India"
"3966","RXO","RXO","1509000000","22.19","United States"
"3967","Kingnet Network","002517.SZ","1507680000","2.47768","China"
"3968","Samsara","IOT","1507590000","39.14","United States"
"3969","SSI Securities Corporation","SSI.VN","1506980000","0.819923","Vietnam"
"3970","Bradespar","BRAP3.SA","1506680000","3.65877","Brazil"
"3971","The Company for Cooperative Insurance","8010.SR","1506170000","37.0222","Saudi Arabia"
"3972","Persol Holdings","2181.T","1505800000","1.84541","Japan"
"3973","Sarepta Therapeutics","SRPT","1505100000","19.46","United States"
"3974","NH Hotel Group","NHH.MC","1504450000","7.53012","Spain"
"3975","Dauch Corporation","DCH","1503600000","6.4","United States"
"3976","Kuwait International Bank","KIB.KW","1502680000","818.122","Kuwait"
"3977","Retail Estates NV","RET.BR","1502360000","77.0486","Belgium"
"3978","SRF Limited","SRF.NS","1502150000","27.1981","India"
"3979","ACI Worldwide","ACIW","1500640000","53.04","United States"
"3980","Revolution Medicines","RVMD","1499920000","215.44","United States"
"3981","Senvest Capital","SEC.TO","1498390000","313.355","Canada"
"3982","National Bank of Bahrain","NBB.BH","1497570000","2.32638","Bahrain"
"3983","Dime Community Bancshares","DCOM","1496970000","40.4","United States"
"3984","Geo Group","GEO","1495560000","32.77","United States"
"3985","Yadea Group","1585.HK","1495390000","1.20806","China"
"3986","VZ Holding","VZN.SW","1494160000","220.178","Switzerland"
"3987","Astera Labs","ALAB","1493950000","290.3","United States"
"3988","IMI plc","IMI.L","1493650000","42.6353","United Kingdom"
"3989","Claros Mortgage Trust","CMTG","1492850000","1.66","United States"
"3990","Reit 1 Ltd","RIT1.TA","1492450000","7.38422","Israel"
"3991","B Communications","BCOM.TA","1490720000","8.08819","Israel"
"3992","Exide Industries","EXIDEIND.NS","1490220000","4.5894","India"
"3993","Siemens India","SIEMENS.NS","1490090000","42.7757","India"
"3994","Plexus","PLXS","1489800000","244.52","United States"
"3995","Freedom Holding","FRHC","1489280000","170.35","Kazakhstan"
"3996","VP Bank","VPBN.SW","1485550000","116.419","Liechtenstein"
"3997","ALSO Holding","ALSN.SW","1484940000","240.781","Switzerland"
"3998","Unibel S.A.","UNBL.PA","1484750000","1370.66","France"
"3999","Lightspeed Commerce","LSPD","1483150000","10.49","Canada"
"4000","CASIO","6952.T","1483120000","15.0783","Japan"
"4001","Piedmont Realty Trust","PDM","1482930000","9.88","United States"
"4002","EDION Corporation","2730.T","1481630000","15.8752","Japan"
"4003","Franklin BSP Realty Trust","FBRT","1480050000","8.45","United States"
"4004","Enovis","ENOV","1479490000","25.25","United States"
"4005","Ottogi","007310.KS","1479210000","236.235","South Korea"
"4006","Cognex","CGNX","1478970000","61.72","United States"
"4007","Cable One","CABO","1478800000","25.83","United States"
"4008","Mercury Systems","MRCY","1477670000","89.76","United States"
"4009","LifeStance Health Group","LFST","1477420000","12.15","United States"
"4010","The Foschini Group","TFG.JO","1476830000","3.25556","South Africa"
"4011","National Storage Affiliates Trust","NSA","1475090000","43.41","United States"
"4012","Nippon Seiki","7287.T","1474850000","16.9921","Japan"
"4013","Eagle Materials","EXP","1474830000","200.08","United States"
"4014","MITSUI E&amp;S","7003.T","1474460000","27.584","Japan"
"4015","IRSA Inversiones y Representaciones","IRS","1474330000","15.04","Argentina"
"4016","MODEC, Inc.","6269.T","1474040000","61.2231","Japan"
"4017","Penumbra","PEN","1473810000","323.05","United States"
"4018","Downer EDI Limited","DOW.AX","1473690000","4.7407","Australia"
"4019","ZoomInfo","GTM","1473600000","3.8","United States"
"4020","OR Royalties","OR","1473170000","38.43","Canada"
"4021","Solstice Advanced Materials","SOLS","1472000000","56.37","United States"
"4022","Vermilion Energy","VET","1470640000","12.26","Canada"
"4023","Horace Mann Educators","HMN","1470000000","51.42","United States"
"4024","HighPeak Energy","HPK","1467990000","7.76","United States"
"4025","Dorman Products","DORM","1466700000","129.4","United States"
"4026","Hamilton Lane","HLNE","1466540000","105.27","United States"
"4027","Fuji Corporation","6134.T","1465840000","45.373","Japan"
"4028","Bukalapak.com","BUKA.JK","1462560000","0.00608451","Indonesia"
"4029","Nan Ya PCB","8046.TW","1462420000","40.8028","Taiwan"
"4030","Noritsu Koki","7744.T","1461450000","12.5496","Japan"
"4031","Universal Corporation","UVV","1461120000","46.66","United States"
"4032","Kissei Pharmaceutical","4547.T","1460060000","25.758","Japan"
"4033","Technoprobe","TPRO.MI","1459040000","32.9176","Italy"
"4034","Figma","FIG","1456960000","27.03","United States"
"4035","Fuji Co., Ltd.","8278.T","1456240000","13.2272","Japan"
"4036","Tecan","TECN.SW","1454450000","232.093","Switzerland"
"4037","ARE Holdings","5857.T","1453880000","25.256","Japan"
"4038","Diamondrock Hospitality Company","DRH","1453380000","12.62","United States"
"4039","TriMas","TRS","1449810000","40.14","United States"
"4040","Japan Airport Terminal","9706.T","1449650000","37.2785","Japan"
"4041","VNET Group","VNET","1449540000","6.59","China"
"4042","Cogeco","CCA.TO","1449420000","43.6104","Canada"
"4043","Princes Group plc","PRN.L","1449270000","4.23228","United Kingdom"
"4044","Columbus McKinnon","CMCO","1448630000","17.98","United States"
"4045","Astra Agro Lestari","AALI.JK","1448570000","0.450704","Indonesia"
"4046","Yealink Network Technology","300628.SZ","1448160000","5.93304","China"
"4047","Edgewell Personal Care","EPC","1448100000","28.65","United States"
"4048","Nexa Resources","NEXA","1447580000","15.58","Luxembourg"
"4049","Structure Therapeutics","GPCR","1447090000","49.35","United States"
"4050","Compagnie des Alpes","CDA.PA","1446070000","23.5459","France"
"4051","Odfjell Drilling","0QHX.IL","1445500000","9.78701","United Kingdom"
"4052","Ladder Capital","LADR","1444540000","9.86","United States"
"4053","Estithmar Holding","IGRD.QA","1444110000","1.11181","Qatar"
"4054","Everpure","P","1442140000","102.81","United States"
"4055","Lasertec","6920.T","1442090000","217.17","Japan"
"4056","Cranswick","CWK.L","1442060000","73.0968","United Kingdom"
"4057","Nabors Industries","NBR","1441530000","87.49","Bermuda"
"4058","Chime Financial","CHYM","1441440000","33.15","United States"
"4059","Ready Capital","RC","1440340000","1.84","United States"
"4060","LuxExperience","LUXE","1438780000","7.85","Germany"
"4061","SentinelOne","S","1438120000","20.51","United States"
"4062","Bank Mega","MEGA.JK","1437370000","0.110986","Indonesia"
"4063","Paul Hartmann","PHH2.F","1435940000","235.459","Germany"
"4064","Federal Signal","FSS","1434500000","121.53","United States"
"4065","Sprouts Farmers Market","SFM","1434240000","86.83","United States"
"4066","Live Nation","LYV","1433540000","182.64","United States"
"4067","O-I Glass","OI","1432000000","7.44","United States"
"4068","Infortar","INF1T.TL","1431100000","63.1775","Estonia"
"4069","S&amp;T Bancorp","STBA","1430680000","49.86","United States"
"4070","Hai Di Lao Hot Pot","6862.HK","1430100000","1.58183","China"
"4071","Cymbria","CYB.TO","1429620000","68.1361","Canada"
"4072","Boralex","BLX.TO","1428480000","26.9219","Canada"
"4073","Crocs","CROX","1427390000","123.64","United States"
"4074","Nexen Tire Corporation","002350.KS","1426910000","4.65224","South Korea"
"4075","Zigup","ZIG.L","1426270000","5.90345","United Kingdom"
"4076","Siegfried Holding","SFZN.SW","1424220000","91.7203","Switzerland"
"4077","Aux Electric Co., Ltd.","2580.HK","1423420000","1.28843","China"
"4078","SAIC (Science Applications International Corp)","SAIC","1423000000","127.58","United States"
"4079","Uranium Energy","UEC","1421480000","13.27","United States"
"4080","Krungthai Card","KTC.BK","1420860000","1.14364","Thailand"
"4081","Dexco","DXCO3.SA","1419650000","0.997317","Brazil"
"4082","LS ELECTRIC Co., Ltd.","010120.KS","1419630000","159.06","South Korea"
"4083","MSC Industrial Direct","MSM","1419420000","118.33","United States"
"4084","Bic Camera Inc.","3048.T","1418910000","11.2632","Japan"
"4085","Giant Biogene","2367.HK","1418620000","3.44942","China"
"4086","Simply Good Foods","SMPL","1418120000","10.54","United States"
"4087","MACOM Technology Solutions","MTSI","1417760000","272.66","United States"
"4088","Karnataka Bank","KTKBANK.NS","1414590000","3.44716","India"
"4089","Under Armour","UA","1414360000","5.02","United States"
"4090","RaiaDrogasil","RADL3.SA","1413570000","3.75403","Brazil"
"4091","Athabasca Oil Corporation","ATH.TO","1412690000","7.69342","Canada"
"4092","Yodogawa Steel Works","5451.T","1410480000","8.96039","Japan"
"4093","Praxis Precision Medicines","PRAX","1409960000","377.37","United States"
"4094","MARAFIQ (The Power and Water Utility Company for Jubail and Yanbu)","2083.SR","1409850000","11.6926","Saudi Arabia"
"4095","Sapporo","2501.T","1407290000","12.0256","Japan"
"4096","Coromandel","COROMANDEL.NS","1404860000","20.3205","India"
"4097","The Miyazaki Bank","8393.T","1402040000","15.6744","Japan"
"4098","Enova International","ENVA","1401780000","236.62","United States"
"4099","Patanjali Foods","PATANJALI.NS","1400890000","3.63151","India"
"4100","Diploma plc","DPLM.L","1399420000","100.27","United Kingdom"
"4101","Calbee, Inc.","2229.T","1398500000","19.2008","Japan"
"4102","MillerKnoll","MLKN","1398400000","23.33","United States"
"4103","Kennametal","KMT","1398370000","30.01","United States"
"4104","Container Corporation of India","CONCOR.NS","1396210000","5.3268","India"
"4105","CoreCivic","CXW","1395610000","33.99","United States"
"4106","Sweco","SWEC-A.ST","1395570000","13.5934","Sweden"
"4107","Nufarm","NUF.AX","1395170000","2.20504","Australia"
"4108","Vinamilk (Vietnam Dairy Products)","VNM.VN","1393770000","2.39464","Vietnam"
"4109","Rambus","RMBS","1393240000","90.03","United States"
"4110","PriceSmart","PSMT","1392410000","175.42","United States"
"4111","Mitsui Fudosan Logistics Park","3471.T","1391970000","670.147","Japan"
"4112","Orchid Island Capital","ORC","1391810000","6.67","United States"
"4113","Duolingo","DUOL","1391760000","140.88","United States"
"4114","GMO internet group","9449.T","1389940000","25.9086","Japan"
"4115","TISCO Financial Group","TISCO.BK","1388240000","3.87313","Thailand"
"4116","Nova Ltd.","NVMI","1387590000","366.35","Israel"
"4117","LCI Industries","LCII","1387210000","102.99","United States"
"4118","Ecopro BM","247540.KQ","1386850000","85.5085","South Korea"
"4119","Meliá Hotels International","MEL.MC","1386680000","11.9012","Spain"
"4120","HD Hyundai Electric","267260.KS","1385850000","594.936","South Korea"
"4121","Intershop Holding","ISN.SW","1385690000","196.1","Switzerland"
"4122","Iluka Resources","ILU.AX","1385680000","5.02801","Australia"
"4123","Motilal Oswal Financial Services","MOTILALOFS.NS","1385490000","10.8992","India"
"4124","Port of Tauranga","POT.NZ","1385270000","4.83046","New Zealand"
"4125","Advanced Energy","AEIS","1384400000","283.06","United States"
"4126","SIA Engineering Company","S59.SI","1384350000","2.47875","Singapore"
"4127","Kokusai Electric","6525.T","1382720000","54.7287","Japan"
"4128","Rollins","ROL","1381690000","36.7","United States"
"4129","Muangthai Capital","MTC.BK","1381590000","0.975907","Thailand"
"4130","Urban Edge Properties","UE","1381450000","21.45","United States"
"4131","Werner Enterprises","WERN","1380620000","38.89","United States"
"4132","Toagosei","4045.T","1380600000","11.6774","Japan"
"4133","Kyoei Steel","5440.T","1379810000","12.7692","Japan"
"4134","Quaker Houghton","KWR","1379150000","164.72","United States"
"4135","Adtalem Global Education","ATGE","1378800000","98.54","United States"
"4136","NOS","NOS.LS","1377930000","5.74659","Portugal"
"4137","eToro","ETOR","1377170000","30.51","Israel"
"4138","Ramsay Générale de Santé","GDS.PA","1377020000","12.822","France"
"4139","Zug Estates Holding","ZUGN.SW","1376810000","2742.92","Switzerland"
"4140","SMCP S.A.","SMCP.PA","1376430000","7.86805","France"
"4141","IGO Limited","IGO.AX","1376400000","5.9546","Australia"
"4142","AZZ","AZZ","1376040000","140.71","United States"
"4143","Shenzhen New Industries Biomedical Engineering","300832.SZ","1376040000","7.55655","China"
"4144","Dottikon ES","DESN.SW","1375000000","341.314","Switzerland"
"4145","RHI Magnesita","RHF.F","1374430000","37.5335","Austria"
"4146","Kagome Co., Ltd.","2811.T","1373860000","17.1553","Japan"
"4147","SIMPAR","SIMH3.SA","1373530000","1.25588","Brazil"
"4148","ENAV","ENAV.MI","1373170000","5.91561","Italy"
"4149","Loomis AB","LOOMIS.ST","1373020000","55.476","Sweden"
"4150","Valhi","VHI","1370700000","18.38","United States"
"4151","Weis Markets","WMK","1370580000","70.95","United States"
"4152","The Toro Company","TTC","1368100000","99.56","United States"
"4153","Solvay","SOLB.VI","1366910000","29.5606","Belgium"
"4154","OFG Bancorp","OFG","1366890000","52.24","United States"
"4155","Derichebourg","DBG.PA","1366570000","10.6423","France"
"4156","Insignia Financial (IOOF)","IFL.AX","1364430000","3.35975","Australia"
"4157","Yamama Saudi Cement Company","3020.SR","1364340000","6.29911","Saudi Arabia"
"4158","Hyosung TNC Corporation","298020.KS","1364210000","241.308","South Korea"
"4159","AUB Group","AUB.AX","1364190000","21.2254","Australia"
"4160","Tidewater","TDW","1363990000","88.81","United States"
"4161","CSN Mineração","CMIN3.SA","1363570000","1.16451","Brazil"
"4162","Patrizia Immobilien","P1Z.VI","1363080000","8.70731","Germany"
"4163","Lundin Gold","LUG.TO","1362670000","75.832","Canada"
"4164","Fattal Holdings (Leonardo Hotels)","FTAL.TA","1359400000","237.345","Israel"
"4165","Synaptics","SYNA","1358700000","95.7","United States"
"4166","Worthington Steel","WS","1357400000","33.92","United States"
"4167","Takasago Thermal Engineering","1969.T","1356140000","27.3643","Japan"
"4168","USS Co., Ltd.","4732.T","1355980000","12.4272","Japan"
"4169","Easterly Government Properties","DEA","1355500000","24.76","United States"
"4170","MSA Safety","MSA","1355360000","190.52","United States"
"4171","Formosa Taffeta","1434.TW","1355100000","0.568719","Taiwan"
"4172","Sun TV Network","SUNTV.NS","1354220000","4.86907","India"
"4173","Abercrombie &amp; Fitch","ANF","1353900000","147.75","United States"
"4174","Godrej","GODREJCP.NS","1353480000","9.63968","India"
"4175","RadNet","RDNT","1352710000","76.47","United States"
"4176","Innospec","IOSP","1352200000","95.66","United States"
"4177","Vodafone Qatar","VFQS.QA","1352030000","0.717308","Qatar"
"4178","Option Care Health","OPCH","1351070000","24.04","United States"
"4179","NetApp","NTAP","1351000000","193.85","United States"
"4180","Winpak","WPK.TO","1349970000","31.8161","Canada"
"4181","Scandinavian Tobacco Group","STG.CO","1349470000","11.7695","Denmark"
"4182","MGE Energy","MGEE","1349400000","79.39","United States"
"4183","KOBAYASHI Pharmaceutical","4967.T","1349040000","35.6408","Japan"
"4184","The Japan Steel Works","5631.T","1348410000","48.3535","Japan"
"4185","Marex Group","MRX","1346500000","70.85","United Kingdom"
"4186","Frey SA","FREY.PA","1345900000","41.7298","France"
"4187","Franklin Electric","FELE","1344580000","102.54","United States"
"4188","Veracyte","VCYT","1344410000","44.29","United States"
"4189","Brady Corporation","BRC","1343990000","93.68","United States"
"4190","Innoviva","INVA","1341660000","21.24","United States"
"4191","Wacoal Holdings","3591.T","1339680000","27.0443","Japan"
"4192","ProAssurance","PRA","1338770000","25","United States"
"4193","SKC Co., Ltd.","011790.KS","1338740000","65.2908","South Korea"
"4194","Xenon Pharmaceuticals","XENE","1337820000","63.79","Canada"
"4195","Utz Brands","UTZ","1337400000","14.22","United States"
"4196","Gulf Insurance Group","GINS.KW","1336730000","4250.33","Kuwait"
"4197","Teladoc Health","TDOC","1336320000","6.33","United States"
"4198","UL Solutions","ULS","1336000000","75.05","United States"
"4199","Future plc","FUTR.L","1335050000","4.21462","United Kingdom"
"4200","MDA Space","MDA","1328280000","29.58","Canada"
"4201","Diagnosticos da America (DASA)","DASA3.SA","1328030000","0.507407","Brazil"
"4202","Lapidoth Capital","LAPD.TA","1327890000","27.292","Israel"
"4203","Mainstreet Equity","MEQ.TO","1327720000","119.587","Canada"
"4204","Itochu Enex","8133.T","1327630000","13.9614","Japan"
"4205","Eagers Automotive Limited","APE.AX","1327630000","15.9675","Australia"
"4206","DNO ASA","DNO.OL","1327300000","1.89429","Norway"
"4207","Jollibee","JBFCF","1327060000","2.63","Philippines"
"4208","Jabil","JBL","1327000000","310.91","United States"
"4209","Cham Swiss Properties AG","CHAM.SW","1326850000","29.0427","Switzerland"
"4210","Tofaş Türk Otomobil Fabrikası","TOASO.IS","1326400000","5.66157","Turkey"
"4211","OCB (Orient Commercial Joint Stock Bank)","OCB.VN","1325860000","0.417625","Vietnam"
"4212","ProSiebenSat.1 Media","PSM.F","1325250000","4.29188","Germany"
"4213","Sila Realty Trust","SILA","1324580000","30.36","United States"
"4214","TriCo Bancshares","TCBK","1324030000","54.15","United States"
"4215","Creades AB","CRED-A.ST","1323760000","9.49442","Sweden"
"4216","Mitani Corporation","8066.T","1323570000","22.0245","Japan"
"4217","Escorts Kubota","ESCORTS.NS","1323100000","31.2014","India"
"4218","Kongsberg Gruppen","KOG.OL","1322480000","33.8748","Norway"
"4219","Kakao Pay","377300.KS","1322350000","33.986","South Korea"
"4220","Virbac SA","VIRP.PA","1321550000","383.495","France"
"4221","Tokai Tokyo Financial Holdings","8616.T","1321270000","5.62221","Japan"
"4222","Crombie Real Estate Investment Trust","CRR-UN.TO","1321170000","11.8128","Canada"
"4223","Tronox","TROX","1321000000","5.47","United States"
"4224","1st Source","SRCE","1320840000","86.17","United States"
"4225","MasterBrand","MBC","1320500000","8.84","United States"
"4226","Dentsply Sirona","XRAY","1319000000","10.93","United States"
"4227","Boot Barn Holdings","BOOT","1318660000","159.72","United States"
"4228","F&amp;F Co","383220.KS","1317780000","45.7253","South Korea"
"4229","Guidewire Software","GWRE","1317140000","191.07","United States"
"4230","Tadano","6395.T","1316670000","8.67175","Japan"
"4231","Agrana","AGR.VI","1314810000","13.2883","Austria"
"4232","Afry AB","AFRY.ST","1313660000","10.8853","Sweden"
"4233","EXEDY Corporation","7278.T","1313360000","38.6527","Japan"
"4234","IP Group","IPO.L","1313190000","0.971454","United Kingdom"
"4235","Mori Hills REIT Investment","3234.T","1311400000","815.095","Japan"
"4236","Novanta","NOVT","1311030000","143.96","United States"
"4237","The Andersons, Inc.","ANDE","1309840000","65.24","United States"
"4238","Gelsenwasser","WWG.F","1308880000","635.272","Germany"
"4239","Aica Kogyo Company","4206.T","1307210000","25.7392","Japan"
"4240","Alchip Technologies","3661.TW","1306640000","121.936","Taiwan"
"4241","Kingsoft Cloud","KC","1305200000","10.23","China"
"4242","Takara Standard","7981.T","1304920000","19.546","Japan"
"4243","SOL S.p.A.","SOL.MI","1304670000","62.4781","Italy"
"4244","D/S Norden (Dampskibsselskabet Norden)","DNORD.CO","1304300000","53.7813","Denmark"
"4245","Insulet","PODD","1302600000","143.38","United States"
"4246","Flowers Foods","FLO","1302450000","7.17","United States"
"4247","Elvalhalcor Hellenic Copper and Aluminium Industry","ELHA.AT","1301760000","4.41194","Greece"
"4248","Chartwell Retirement Residences","CSH-UN.TO","1301610000","15.2932","Canada"
"4249","F.C.C. Co., Ltd.","7296.T","1300920000","25.9462","Japan"
"4250","Srisawad Corporation","SAWAD.BK","1300800000","0.73498","Thailand"
"4251","Nippon Soda","4041.T","1299610000","24.9736","Japan"
"4252","Okamura Corporation","7994.T","1299590000","14.8022","Japan"
"4253","Orion Corporation","ORNAV.HE","1299090000","92.7847","Finland"
"4254","Ryerson","RYZ","1298800000","25.15","United States"
"4255","Nokian Tyres","TYRES.HE","1298740000","19.0465","Finland"
"4256","WHA Corporation","WHA.BK","1298290000","0.151266","Thailand"
"4257","Siam City Cement (INSEE)","SCCC.BK","1297610000","4.7118","Thailand"
"4258","Polycab India","POLYCAB.NS","1297200000","94.9356","India"
"4259","Hesai Group","HSAI","1294660000","16.4","China"
"4260","First Advantage","FA","1293780000","20.52","United States"
"4261","Korea Aerospace Industries","047810.KS","1293740000","99.7116","South Korea"
"4262","WIN Semiconductors","3105.TWO","1292870000","14.0368","Taiwan"
"4263","Kyndryl","KD","1292000000","12.68","United States"
"4264","Ermenegildo Zegna","ZGN","1291120000","13.73","Italy"
"4265","MBC Group Co.","4072.SR","1290580000","5.52137","Saudi Arabia"
"4266","GELEX Group Joint Stock Company","GEX.VN","1289260000","1.00192","Vietnam"
"4267","Pets at Home","PETS.L","1288700000","2.92116","United Kingdom"
"4268","ArcBest","ARCB","1286530000","139.09","United States"
"4269","United Super Markets Holdings","3222.T","1286050000","5.33357","Japan"
"4270","Exchange Income Corporation","EIF.TO","1285870000","87.826","Canada"
"4271","Balchem","BCPC","1285120000","179.79","United States"
"4272","Century Aluminum","CENX","1284500000","43.95","United States"
"4273","Gerresheimer","GXI.F","1284480000","29.6072","Germany"
"4274","REA Group","REA.AX","1283520000","123.768","Australia"
"4275","Belden","BDC","1283000000","118.09","United States"
"4276","Cochlear","COH.AX","1282920000","98.9513","Australia"
"4277","Kanadevia Corporation","7004.T","1282640000","7.45445","Japan"
"4278","Sotetsu Holdings","9003.T","1282100000","16.5592","Japan"
"4279","Live Oak Bank","LOB","1281760000","39.99","United States"
"4280","Lisi S.A.","FII.PA","1281650000","73.5517","France"
"4281","Atkore","ATKR","1280900000","93.63","United States"
"4282","Crinetics Pharmaceuticals","CRNX","1280650000","84.84","United States"
"4283","Byline Bancorp","BY","1280290000","38.26","United States"
"4284","BWX Technologies","BWXT","1280230000","153.16","United States"
"4285","ATS Corporation","ATS","1279920000","19.85","Canada"
"4286","Akeso","9926.HK","1278710000","12.9098","China"
"4287","Höegh Autoliners","HAUTO.OL","1278600000","17.9696","Norway"
"4288","Sohu.com","SOHU","1278560000","14.16","China"
"4289","OSG Corporation","6136.T","1278260000","23.405","Japan"
"4290","Krystal Biotech","KRYS","1276730000","359.76","United States"
"4291","Elastic NV","ESTC","1276500000","79.25","United States"
"4292","Elkem","ELK.OL","1274440000","3.45701","Norway"
"4293","WEX","WEX","1274400000","198.58","United States"
"4294","Yiren Digital","YRD","1273490000","1.09","China"
"4295","Shufersal","SAE.TA","1272070000","14.4319","Israel"
"4296","BGC Group","BGC","1272000000","11.9","United States"
"4297","Tamarack Valley Energy","TVE.TO","1268860000","9.70321","Canada"
"4298","Heiwado","8276.T","1268690000","16.967","Japan"
"4299","SmartStop Self Storage REIT","SMA","1268680000","33.96","United States"
"4300","Waypoint REIT","WPR.AX","1268670000","1.74544","Australia"
"4301","Hexcel","HXL","1266200000","94.63","United States"
"4302","Vontier","VNT","1265500000","33.69","United States"
"4303","Tutor Perini Corporation","TPC","1265010000","88.49","United States"
"4304","ProCredit","PCZ.DE","1264060000","10.141","Germany"
"4305","CIR S.p.A. - Compagnie Industriali Riunite","CIR.MI","1264060000","0.83343","Italy"
"4306","Federated Hermes","FHI","1262840000","65.09","United States"
"4307","Dabur","DABUR.NS","1262540000","4.05887","India"
"4308","Freshpet","FRPT","1262060000","74.89","United States"
"4309","AllianceBernstein","AB","1261240000","36.85","United States"
"4310","Origin Bancorp","OBK","1260270000","53.27","United States"
"4311","Crane NXT","CXT","1258600000","50.64","United States"
"4312","Hilton Grand Vacations","HGV","1258000000","44.99","United States"
"4313","Topsports International","6110.HK","1257330000","0.145427","Hong Kong"
"4314","ARCS Company Limited","9948.T","1257030000","23.7814","Japan"
"4315","SGS","SGSN.SW","1256790000","115.451","Switzerland"
"4316","Omnicell","OMCL","1256630000","33.45","United States"
"4317","The National Agricultural Development Company","6010.SR","1256350000","4.08576","Saudi Arabia"
"4318","Apogee Therapeutics","APGE","1255790000","134.95","United States"
"4319","Penta-Ocean Construction","1893.T","1255090000","9.13295","Japan"
"4320","Zee Entertainment","ZEEL.NS","1254550000","1.09647","India"
"4321","OPENLANE Corporate","OPLN","1253600000","34.65","United States"
"4322","Trump Media &amp; Technology Group","DJT","1252900000","9.5","United States"
"4323","Burberry","BRBY.L","1252810000","14.7484","United Kingdom"
"4324","HUTCHMED","HCM","1251260000","12.35","Hong Kong"
"4325","Summit Hotel Properties","INN","1249620000","5.99","United States"
"4326","Veris Residential","VRE","1248800000","18.99","United States"
"4327","Precinct Properties","PCT.NZ","1248690000","0.594884","New Zealand"
"4328","Sumitomo Osaka Cement","5232.T","1248250000","36.1992","Japan"
"4329","Melco International Development","0200.HK","1248190000","0.401837","Hong Kong"
"4330","ACADIA Pharmaceuticals","ACAD","1248070000","29.58","United States"
"4331","Multiplan Empreendimentos Imobiliários","MULT3.SA","1247020000","5.33069","Brazil"
"4332","Amplifon","AMP.MI","1246250000","13.8471","Italy"
"4333","Voltalia","VLTSA.PA","1245430000","8.24105","France"
"4334","E. W. Scripps Company","SSP","1245400000","3.15","United States"
"4335","South Indian Bank","SOUTHBANK.NS","1244730000","0.480675","India"
"4336","Arabian Internet and Communications Services","7202.SR","1243280000","57.3445","Saudi Arabia"
"4337","Israel Canada (T.R) Ltd","ISCN.TA","1240710000","4.81624","Israel"
"4338","SoftwareONE","SWON.SW","1239610000","11.6978","Switzerland"
"4339","Advantage Energy","AAV.TO","1238050000","8.01758","Canada"
"4340","Gulf International Services","GISS.QA","1237380000","0.468681","Qatar"
"4341","McGrath RentCorp","MGRC","1236740000","114.15","United States"
"4342","Navan","NAVN","1236620000","29.33","United States"
"4343","TietoEVRY","TIETO.HE","1235660000","22.5551","Finland"
"4344","WEBTOON Entertainment","WBTN","1235230000","10.47","United States"
"4345","Winnebago Industries","WGO","1234400000","30.81","United States"
"4346","Yonyou","600588.SS","1233860000","1.51488","China"
"4347","Indraprastha Gas","IGL.NS","1232830000","1.54373","India"
"4348","DHT Holdings","DHT","1232780000","18.32","Bermuda"
"4349","Mainfreight","MFT.NZ","1231950000","39.7085","New Zealand"
"4350","Synthomer","SYNT.L","1231580000","1.34645","United Kingdom"
"4351","Robert Half","RHI","1231230000","44.54","United States"
"4352","Hyundai Autoever Corporation","307950.KS","1231000000","299.642","South Korea"
"4353","Renishaw","RSW.L","1229800000","70.1757","United Kingdom"
"4354","Shapir Civil and Marine Engineering","SPEN.TA","1228960000","14.6405","Israel"
"4355","Australian Agricultural Company","AAC.AX","1228620000","0.97328","Australia"
"4356","Euronet Worldwide","EEFT","1226900000","70.55","United States"
"4357","Navigator Holdings","NVGS","1226710000","21.48","United Kingdom"
"4358","Altius Telecom Infrastructure Trust","ALTIUSINVIT.BO","1226490000","1.83304","India"
"4359","Imeik Technology Development","300896.SZ","1226420000","13.9628","China"
"4360","Bentley Systems","BSY","1225890000","36.94","United States"
"4361","Skyward Specialty Insurance Group","SKWD","1224880000","58.04","United States"
"4362","Bonheur ASA","BONHR.OL","1224380000","26.8474","Norway"
"4363","Okumura Corporation","1833.T","1223130000","36.7702","Japan"
"4364","VIB Vermögen","VIH1.F","1222370000","7.55333","Germany"
"4365","NexGen Energy","NXE","1221280000","11.07","Canada"
"4366","Jupiter Fund Management","JUP.L","1220260000","2.36138","United Kingdom"
"4367","Ryan Specialty","RYAN","1219050000","43.26","United States"
"4368","Sensient Technologies","SXT","1218880000","136.96","United States"
"4369","Top Glove","BVA.SI","1218020000","0.16525","Malaysia"
"4370","Fisher & Paykel Healthcare","FPH.NZ","1217640000","26.5944","New Zealand"
"4371","AT&amp;S Austria Technologie &amp; Systemtechnik","ATS.VI","1216730000","173.447","Austria"
"4372","Nemetschek","NEM.F","1216600000","77.8646","Germany"
"4373","Shihlin Electric & Engineering Corp.","1503.TW","1216310000","6.69544","Taiwan"
"4374","Peoples Bancorp","PEBO","1216040000","39.7","United States"
"4375","Hillman Solutions","HLMN","1215980000","8.04","United States"
"4376","China Yongda Automobiles Services","3669.HK","1215050000","0.106519","China"
"4377","Shenzhen Salubris Pharmaceuticals","002294.SZ","1214630000","4.81399","China"
"4378","Starts Corporation","8850.T","1214350000","29.6484","Japan"
"4379","Lennox","LII","1213900000","393.72","United States"
"4380","Arcadis","ARCAD.AS","1213500000","51.0083","Netherlands"
"4381","Lantheus Holdings","LNTH","1212290000","100.82","United States"
"4382","Ryobi Limited","5851.T","1211840000","17.3498","Japan"
"4383","World Kinect","WKC","1211800000","36.01","United States"
"4384","LivaNova","LIVN","1211330000","79.97","United Kingdom"
"4385","Computacenter","CCC.L","1209220000","74.5152","United Kingdom"
"4386","Silergy","6415.TW","1208350000","14.8245","China"
"4387","Perimeter Solutions","PRM","1204850000","31.16","United States"
"4388","OPKO Health","OPK","1204610000","1.51","United States"
"4389","Villar International","VILR.TA","1204450000","56.7111","Israel"
"4390","The Shikoku Bank","8387.T","1204210000","22.2441","Japan"
"4391","Ryman Hospitality Properties","RHP","1204210000","130.39","United States"
"4392","Polenergia","PEP.WA","1204050000","14.5968","Poland"
"4393","MarketAxess","MKTX","1203920000","162.52","United States"
"4394","Scatec ASA","SCATC.OL","1203130000","10.4716","Norway"
"4395","Modine Manufacturing","MOD","1202800000","187.3","United States"
"4396","Ubiquiti","UI","1202200000","596.8","United States"
"4397","PI Industries","PIIND.NS","1201320000","25.8762","India"
"4398","Ito En, Ltd.","2593.T","1201240000","18.8369","Japan"
"4399","EquipmentShare.com","EQPT","1201000000","18.06","United States"
"4400","Groupe Lagardère","MMB.PA","1200570000","22.1471","France"
"4401","Procore","PCOR","1200380000","60.43","United States"
"4402","Skylark Holdings","3197.T","1199180000","20.9766","Japan"
"4403","Takeuchi Mfg. Co., Ltd.","6432.T","1198020000","48.6296","Japan"
"4404","Borr Drilling","BORR","1197200000","4.4","Bermuda"
"4405","Telesat","TSAT","1196860000","41.82","Canada"
"4406","NHN Corp","181710.KS","1196310000","50.7978","South Korea"
"4407","Xunlei","XNET","1195700000","5.02","China"
"4408","Sterling Infrastructure","STRL","1195270000","497.41","United States"
"4409","Mixi","2121.T","1194760000","22.4951","Japan"
"4410","Xenia Hotels &amp; Resorts","XHR","1193760000","19.3","United States"
"4411","Jenoptik","JEN.F","1193040000","46.8353","Germany"
"4412","Stepan Company","SCL","1193020000","62.67","United States"
"4413","Rogers Corporation","ROG","1192700000","126.14","United States"
"4414","Fukuda Denshi","6960.T","1190530000","75.5484","Japan"
"4415","Patrick Industries","PATK","1188370000","83.66","United States"
"4416","Chennai Petroleum","CHENNPETRO.NS","1188350000","14.1908","India"
"4417","Globe Trade Centre","GTC.WA","1187280000","0.702811","Poland"
"4418","Air New Zealand","AIR.NZ","1185580000","0.22903","New Zealand"
"4419","Russel Metals","RUS.TO","1185510000","52.5645","Canada"
"4420","Y.H. Dimri Construction &amp; Development","DIMRI.TA","1184550000","127.659","Israel"
"4421","LTC Properties","LTC","1183030000","40.53","United States"
"4422","Pacific Industrial","7250.T","1181890000","18.816","Japan"
"4423","Pidilite","PIDILITIND.NS","1181870000","17.3719","India"
"4424","Montana Aerospace","AERO.SW","1181700000","31.0906","Switzerland"
"4425","DoubleUGames","192080.KS","1181020000","41.4499","South Korea"
"4426","Paylocity","PCTY","1180730000","152.04","United States"
"4427","NS United Kaiun Kaisha","9110.T","1180480000","65.697","Japan"
"4428","ALS Global","ALQ.AX","1179950000","16.0825","Australia"
"4429","Loar Holdings","LOAR","1179910000","73.47","United States"
"4430","Superior Plus","SPB.TO","1179800000","5.13615","Canada"
"4431","HCI Group","HCI","1177700000","187.08","United States"
"4432","West African Resources","WAF.AX","1177640000","2.80132","Australia"
"4433","Spin Master","TOY.TO","1177000000","14.5656","Canada"
"4434","Serco Group","SRP.L","1176490000","3.50267","United Kingdom"
"4435","Hutchison Telecommunications Hong Kong Holdings","0215.HK","1175860000","0.149254","Hong Kong"
"4436","Alfamart","AMRT.JK","1175300000","0.0774648","Indonesia"
"4437","Mister Car Wash","MCW","1175190000","7.1","United States"
"4438","Kodiak Gas Services","KGS","1175010000","60.47","United States"
"4439","German American Bancorp","GABC","1174590000","49.59","United States"
"4440","Nuvalent","NUVL","1174370000","123.96","United States"
"4441","OC Oerlikon","OERL.SW","1173420000","6.47876","Switzerland"
"4442","Alamo Group","ALG","1172920000","164.79","United States"
"4443","Fielmann","FIE.F","1172610000","46.1009","Germany"
"4444","RENOVA, Inc.","9519.T","1172150000","5.7979","Japan"
"4445","Balkrishna Industries","BALKRISIND.NS","1171890000","24.6433","India"
"4446","PicS N.V. (PicPay)","PICS","1171340000","10.61","Brazil"
"4447","Beazer Homes USA","BZH","1170780000","33.14","United States"
"4448","Criteo","CRTO","1169440000","16.97","France"
"4449","Nine Entertainment Co. Holdings","NEC.AX","1169180000","0.70033","Australia"
"4450","Confluent","CFLT","1169140000","30.99","United States"
"4451","Atlas Energy Solutions","AESI","1168880000","12.07","United States"
"4452","Chagee","CHA","1168680000","10.63","China"
"4453","MBB SE","MBB.DE","1168040000","213.778","Germany"
"4454","Precision Drilling Corporation","PDS","1167580000","86.59","Canada"
"4455","Modern Times Group (MTG)","MTG-B.ST","1167040000","13.9923","Sweden"
"4456","Bangkok Expressway and Metro (BEM)","BEM.BK","1166750000","0.21348","Thailand"
"4457","Trinity Capital","TRIN","1166250000","18.73","United States"
"4458","DEUTZ","DEZ.DE","1166220000","14.0809","Germany"
"4459","NP3 Fastigheter AB","NP3.ST","1165910000","26.9245","Sweden"
"4460","Redwire","RDW","1164560000","11.27","United States"
"4461","Beam Therapeutics","BEAM","1164440000","30.19","United States"
"4462","TKMS","TKMS.DE","1163210000","107.239","Germany"
"4463","EPIC Suisse","EPIC.SW","1162700000","104.752","Switzerland"
"4464","Gränges","GRNG.ST","1161690000","18.7999","Sweden"
"4465","Cibus Nordic Real Estate","CIBUS.ST","1161190000","14.8478","Sweden"
"4466","Construcciones y Auxiliar de Ferrocarriles","CAF.MC","1160360000","83.5762","Spain"
"4467","Immobiliare Grande Distribuzione SIIQ","IGD.MI","1159950000","4.65672","Italy"
"4468","Fincantieri","FCT.MI","1159510000","15.1008","Italy"
"4469","Nissan Shatai","7222.T","1159160000","5.8983","Japan"
"4470","SiTime","SITM","1158980000","596.97","United States"
"4471","Industrie De Nora","DNR.MI","1158340000","7.72817","Italy"
"4472","Kaga Electronics","8154.T","1157230000","31.4994","Japan"
"4473","Rational AG","RAA.F","1157180000","742.511","Germany"
"4474","Sri Trang Gloves","STGT.BK","1156740000","0.329369","Thailand"
"4475","Viridien","VIRI.PA","1156400000","96.2233","France"
"4476","Petco","WOOF","1155300000","2.77","United States"
"4477","Mota-Engil","EGL.LS","1155150000","5.44075","Portugal"
"4478","SigmaRoc plc","SRC.L","1153990000","1.77204","United Kingdom"
"4479","Klaviyo","KVYO","1153460000","17.79","United States"
"4480","Barings BDC","BBDC","1153450000","9.35","United States"
"4481","KKR Real Estate Finance Trust","KREF","1152890000","7.55","United States"
"4482","Max Healthcare Institute","MAXHEALTH.NS","1149570000","10.5321","India"
"4483","Trulieve Cannabis","TRUL.CN","1149330000","11.5854","United States"
"4484","Mphasis","MPHASIS.NS","1149250000","25.1933","India"
"4485","Makhazen","MKHZN.KW","1148530000","518.253","Kuwait"
"4486","TVS Motor","TVSMOTOR.NS","1145950000","46.6468","India"
"4487","Trinity Industries","TRN","1145700000","29.51","United States"
"4488","Bright Horizons","BFAM","1145630000","74.46","United States"
"4489","Eagle Bancorp","EGBN","1145280000","27.63","United States"
"4490","Française des Jeux","FDJ.VI","1145130000","26.1919","France"
"4491","Hensoldt","HAG.F","1144690000","102.902","Germany"
"4492","Quadient","QDT.PA","1144580000","15.2465","France"
"4493","Casino Guichard-Perrachon","CO.PA","1144530000","0.21879","France"
"4494","Churchill Downs","CHDN","1144000000","87.57","United States"
"4495","SMG Swiss Marketplace Group Holding AG","SMG.SW","1142770000","39.158","Switzerland"
"4496","EZCorp","EZPW","1141920000","33.9","United States"
"4497","BIPROGY","8056.T","1141750000","29.2154","Japan"
"4498","Galaxycore","688728.SS","1141690000","2.33036","China"
"4499","Aoyama Trading","8219.T","1140450000","4.87333","Japan"
"4500","Manitou Group","MTU.PA","1140410000","24.8281","France"
"4501","Enerflex","EFXT","1140000000","19.87","Canada"
"4502","Dorian LPG","LPG","1139000000","47.9","United States"
"4503","Oki Electric Industry Co., Ltd.","6703.T","1137690000","17.6761","Japan"
"4504","Bank of N. T. Butterfield & Son","NTB","1136090000","58.97","Bermuda"
"4505","Luberef (Saudi Aramco Base Oil Company)","2223.SR","1135150000","35.9569","Saudi Arabia"
"4506","NCR Voyix Corporation","VYX","1135000000","8.88","United States"
"4507","Nihon Kohden Corporation","6849.T","1133960000","9.33061","Japan"
"4508","Republic Bank","RBCAA","1133390000","94.28","United States"
"4509","POOLCORP","POOL","1133250000","188.38","United States"
"4510","Mayora","MYOR.JK","1132840000","0.0901408","Indonesia"
"4511","PORR","ABS2.F","1132690000","46.9169","Austria"
"4512","Constellium","CSTM","1132000000","27.18","France"
"4513","Strauss Group","STRS.TA","1131010000","38.4356","Israel"
"4514","Magnera","MAGN","1131000000","12.45","United States"
"4515","e.l.f. Beauty","ELF","1130530000","106.97","United States"
"4516","City Union Bank","CUB.NS","1130120000","2.39185","India"
"4517","Sawai Group Holdings","4887.T","1125980000","10.1087","Japan"
"4518","Meidensha Corporation","6508.T","1125810000","75.0464","Japan"
"4519","Bank Mayapada Internasional","MAYA.JK","1124570000","0.0111549","Indonesia"
"4520","Glenmark Pharmaceuticals","GLENMARK.NS","1124440000","25.6615","India"
"4521","D-Wave Quantum","QBTS","1124250000","17.51","Canada"
"4522","Douglas Group","DOU.DE","1124200000","9.25516","Germany"
"4523","GAG Immobilien","GWK3.HM","1123830000","56.4168","Germany"
"4524","Cronos Group","CRON","1123810000","3.55","Canada"
"4525","Shanghai Allist Pharmaceuticals","688578.SS","1123230000","17.1205","China"
"4526","Towa Pharmaceutical","4553.T","1123120000","24.6599","Japan"
"4527","QCR Holdings","QCRH","1122460000","100.79","United States"
"4528","Hiab Oyj","HIAB.HE","1122240000","76.1161","Finland"
"4529","Hwatsing Technology","688120.SS","1119900000","39.747","China"
"4530","Select Water Solutions","WTTR","1119630000","19.23","United States"
"4531","Seiko Group","8050.T","1119320000","69.9639","Japan"
"4532","Aker Solutions ASA","AKSO.OL","1118770000","4.62931","Norway"
"4533","AWL Agri Business","AWL.NS","1117160000","2.09752","India"
"4534","Nachi-Fujikoshi","6474.T","1116680000","35.9545","Japan"
"4535","Carlyle Secured Lending","CGBD","1116560000","11.33","United States"
"4536","Ontex Group","ONTEX.BR","1116460000","3.06563","Belgium"
"4537","Addus HomeCare","ADUS","1116160000","120.71","United States"
"4538","Branicks Group","BRNK.DE","1115850000","0.920853","Germany"
"4539","Heritage Financial","HFWA","1115690000","28.74","United States"
"4540","Redington India","REDINGTON.NS","1115050000","3.73835","India"
"4541","Arriyadh Development Company","4150.SR","1114380000","4.29884","Saudi Arabia"
"4542","Kohnan Shoji","7516.T","1114150000","28.3307","Japan"
"4543","Slide Insurance","SLDE","1113610000","23.35","United States"
"4544","Oceaneering International","OII","1112750000","49.62","United States"
"4545","Interparfums","IPAR","1112550000","116.67","United States"
"4546","Martinrea International","MRE.TO","1112140000","7.254","Canada"
"4547","Virtus Investment Partners","VRTS","1111470000","167.25","United States"
"4548","Ameresco","AMRC","1111430000","22.16","United States"
"4549","Chambal Fertilisers","CHAMBLFERT.NS","1111400000","4.45533","India"
"4550","Singapore Post","S08.SI","1110470000","0.25998","Singapore"
"4551","Landis+Gyr","LAND.SW","1110000000","57.7131","Switzerland"
"4552","NuScale Power","SMR","1109900000","9.27","United States"
"4553","QuantumScape","QS","1109670000","5.74","United States"
"4554","Ngern Tid Lor","TIDLOR.BK","1109660000","0.600793","Thailand"
"4555","Judo Capital Holdings","JDO.AX","1109460000","0.729062","Australia"
"4556","Agios Pharmaceuticals","AGIO","1109120000","33.99","United States"
"4557","Gland Pharma","GLAND.NS","1107990000","30.0974","India"
"4558","Elecnor","ENO.MC","1107980000","37.1838","Spain"
"4559","Poonawalla Fincorp","POONAWALLA.NS","1106940000","5.03457","India"
"4560","Applied Optoelectronics","AAOI","1105950000","113.76","United States"
"4561","Silvercorp Metals","SVM","1105670000","13.07","Canada"
"4562","Booz Allen Hamilton","BAH","1105000000","74.24","United States"
"4563","Firefly Aerospace","FLY","1104880000","22.26","United States"
"4564","Solaris Energy Infrastructure","SEI","1104680000","51.81","United States"
"4565","Dallah Healthcare","4004.SR","1104180000","26.9277","Saudi Arabia"
"4566","InterDigital","IDCC","1104090000","344.32","United States"
"4567","Champion Iron","CIA.AX","1103550000","2.53556","Australia"
"4568","V2X","VVX","1103540000","78","United States"
"4569","Cavco Industries","CVCO","1103180000","577.365","United States"
"4570","Stock Yards Bancorp","SYBT","1102940000","79.98","United States"
"4571","Enphase Energy","ENPH","1102350000","38.415","United States"
"4572","Mouwasat Medical Services Company","4002.SR","1101660000","17.4457","Saudi Arabia"
"4573","Ero Copper","ERO","1101380000","39.24","Canada"
"4574","Tekscend Photomask","429A.T","1100440000","23.4991","Japan"
"4575","NorthWest Healthcare Properties REIT","NWH-UN.TO","1100310000","4.13335","Canada"
"4576","ASA Gold and Precious Metals","ASA","1099900000","64.6","United States"
"4577","Mizuno Corporation","8022.T","1099000000","25.4129","Japan"
"4578","Silicon Labs","SLAB","1098530000","218.83","United States"
"4579","Kobe Bussan","3038.T","1097790000","17.6792","Japan"
"4580","Vietnam National Petroleum Group","PLX.VN","1097290000","1.39464","Vietnam"
"4581","National Healthcare","NHC","1096610000","225.09","United States"
"4582","Benchmark Electronics","BHE","1096500000","72.32","United States"
"4583","RPC, Inc.","RES","1096300000","6.14","United States"
"4584","Oracle Corp Japan","4716.T","1096290000","58.161","Japan"
"4585","Verallia","VRLA.PA","1096140000","22.7183","France"
"4586","Allegiant Travel Company","ALGT","1096070000","82.6","United States"
"4587","Seagate Technology","STX","1095000000","846.37","Ireland"
"4588","Turk Altin Isletmeleri A.S.","TRALT.IS","1094860000","1.1479","Turkey"
"4589","Bain Capital Specialty Finance","BCSF","1093550000","11.9","United States"
"4590","Sakata Seed","1377.T","1092780000","27.5777","Japan"
"4591","SCHOTT Pharma","1SXP.DE","1092760000","27.2759","Germany"
"4592","CG Oncology","CGON","1091780000","78.42","United States"
"4593","Hartalega","5168.KL","1091450000","0.25115","Malaysia"
"4594","Makkah Construction &amp; Development","4100.SR","1089950000","22.2267","Saudi Arabia"
"4595","Getty Realty","GTY","1089420000","33.25","United States"
"4596","NewPrinces S.p.A.","NWL.MI","1088980000","18.3588","Italy"
"4597","Fortis Healthcare","FORTIS.NS","1087720000","9.60878","India"
"4598","Viscofan","VIS.MC","1084830000","66.2082","Spain"
"4599","Savills","SVS.L","1083300000","14.1574","United Kingdom"
"4600","Perpetual Limited","PPT.AX","1083150000","14.531","Australia"
"4601","Commercial Real Estate Company (Kuwait)","ALTIJARIA.KW","1083130000","606.258","Kuwait"
"4602","BFF Bank","BFF.MI","1082560000","3.61581","Italy"
"4603","Topaz Energy","TPZ.TO","1082510000","23.1523","Canada"
"4604","Stadler Rail","SRAIL.SW","1081500000","38.3761","Switzerland"
"4605","DoubleVerify","DV","1081270000","13.3","United States"
"4606","Granite Construction","GVA","1081040000","123.99","United States"
"4607","Ondas Holdings","ONDS","1080320000","8.22","United States"
"4608","B.F. S.p.A.","BFG.MI","1079270000","5.87481","Italy"
"4609","Birla Carbon (Thailand)","BCT.BK","1079030000","1.51723","Thailand"
"4610","Toei Animation","4816.T","1078560000","18.611","Japan"
"4611","IES Holdings","IESC","1077250000","331.48","United States"
"4612","Société de la Tour Eiffel","EIFF.PA","1076820000","9.55822","France"
"4613","Supernus Pharmaceuticals","SUPN","1076800000","44.88","United States"
"4614","DAIHEN Corporation","6622.T","1076710000","82.3252","Japan"
"4615","First Mid Bancshares","FMBH","1076630000","50.3","United States"
"4616","Marston's","MARS.L","1076550000","0.701077","United Kingdom"
"4617","Alnylam Pharmaceuticals","ALNY","1075380000","239","United States"
"4618","Peach Property Group AG","PEAN.SW","1075360000","5.78992","Switzerland"
"4619","OCI","OCI.AS","1074800000","4.71687","Netherlands"
"4620","Wizz Air","WIZZ.L","1074550000","15.2552","Jersey"
"4621","Taihan Cable & Solution Co., Ltd.","001440.KS","1074450000","21.5945","South Korea"
"4622","Wuhan Guide Infrared","002414.SZ","1074420000","1.92708","China"
"4623","Strive Asset Management, LLC","ASST","1073960000","21.5","United States"
"4624","Black Stone Minerals","BSM","1073680000","14.8","United States"
"4625","Taikisha","1979.T","1073480000","24.4403","Japan"
"4626","Talen Energy","TLN","1073000000","306.29","United States"
"4627","American Assets Trust","AAT","1072720000","22.74","United States"
"4628","Fermi Inc.","FRMI","1072280000","5.61","United States"
"4629","Finnair","FIA1S.HE","1071890000","5.32696","Finland"
"4630","Daiwabo Holdings","3107.T","1070940000","23.2669","Japan"
"4631","OVS S.p.A.","OVS.MI","1070900000","6.9472","Italy"
"4632","Mueller Water Products","MWA","1070800000","25.27","United States"
"4633","Royal Unibrew","RBREW.CO","1069880000","67.4994","Denmark"
"4634","CSW Industrials","CSW","1069400000","323.03","United States"
"4635","ePlus","PLUS","1068970000","86.16","United States"
"4636","PRA Group","PRAA","1068550000","19.45","United States"
"4637","OBIC Business Consultants","4733.T","1068090000","53.3357","Japan"
"4638","Mazagon Dock Shipbuilders Limited","MAZDOCK.NS","1067990000","27.1939","India"
"4639","Apollo Hospitals","APOLLOHOSP.NS","1066970000","92.406","India"
"4640","JB Hi-Fi","JBH.AX","1066830000","47.4213","Australia"
"4641","Viking Holdings","VIK","1066770000","90.52","Bermuda"
"4642","ChinaLin Securities","002945.SZ","1066470000","2.19494","China"
"4643","Office Properties Income Trust","OPI","1065930000","0.2","United States"
"4644","Energy Absolute","EA.BK","1065620000","0.0884416","Thailand"
"4645","MIAX (Miami International Holdings)","MIAX","1065560000","43.39","United States"
"4646","Ferretti","F3T1.F","1065420000","3.52022","Italy"
"4647","American States Water","AWR","1063840000","89.83","United States"
"4648","Ascopiave","ASC.MI","1063610000","3.23464","Italy"
"4649","Prosegur","PSG.MC","1063210000","3.36869","Spain"
"4650","Bending Spoons","BSP","1062690000","42.39","Italy"
"4651","La-Z-Boy","LZB","1062670000","32.34","United States"
"4652","The Cross-Harbour Holdings","0032.HK","1062630000","0.969511","Hong Kong"
"4653","PT Bumi Resources Minerals Tbk","BRMS.JK","1062600000","0.0430986","Indonesia"
"4654","TPG Real Estate Finance Trust","TRTX","1062130000","7.71","United States"
"4655","Regis Resources","RRL.AX","1061930000","6.10544","Australia"
"4656","TransAlta","TAC","1061650000","12.64","Canada"
"4657","Titan America","TTAM","1061350000","15.32","United States"
"4658","Bristow Group","VTOL","1058870000","45.05","United States"
"4659","FormFactor","FORM","1058800000","108.1","United States"
"4660","Noritake","5331.T","1057740000","23.154","Japan"
"4661","TKH Group","TWEKA.AS","1057150000","58.6315","Netherlands"
"4662","Nittetsu Mining","1515.T","1057020000","24.6599","Japan"
"4663","B&M European Value Retail","BME.L","1056810000","3.29615","Luxembourg"
"4664","Addiko Bank","ZYE1.F","1055380000","29.3741","Austria"
"4665","Kiwi Property","KPG.NZ","1054680000","0.553242","New Zealand"
"4666","Vossloh AG","VOS.DE","1054410000","70.725","Germany"
"4667","X-FAB","XFAB.PA","1054310000","7.22695","Belgium"
"4668","Elm Company","7203.SR","1053690000","172.46","Saudi Arabia"
"4669","Cathay Real Estate Development","2501.TW","1052270000","0.721533","Taiwan"
"4670","360 One Wam","360ONE.NS","1052110000","12.5725","India"
"4671","Ashmore Group","ASHM.L","1051520000","3.01898","United Kingdom"
"4672","Resorttrust","4681.T","1051090000","11.7935","Japan"
"4673","flatexDEGIRO AG","FTK.DE","1049970000","43.0353","Germany"
"4674","Metcash","MTS.AX","1049570000","2.13345","Australia"
"4675","Laureate Education","LAUR","1049450000","38.67","United States"
"4676","DaVita","DVA","1048170000","180.05","United States"
"4677","UBTECH Robotics","9880.HK","1047100000","10.5817","China"
"4678","Nürnberger Versicherung","NBG6.F","1047060000","145.705","Germany"
"4679","The Marzetti Company","MZTI","1044800000","113.45","United States"
"4680","Axcelis Technologies","ACLS","1044640000","120.36","United States"
"4681","Nitta Corporation","5186.T","1044430000","43.045","Japan"
"4682","Fulgent Genetics","FLGT","1044150000","19.81","United States"
"4683","Kanamoto","9678.T","1043290000","34.5741","Japan"
"4684","Sipef","SIP.BR","1043190000","119.827","Belgium"
"4685","Integra LifeSciences","IART","1042410000","16.88","United States"
"4686","PACS Group","PACS","1042190000","44.39","United States"
"4687","Comforia Residential REIT","3282.T","1041690000","633.753","Japan"
"4688","RFA Financial Inc.","RFA.TO","1041680000","18.9238","Canada"
"4689","Leggett &amp; Platt","LEG","1039700000","9.2","United States"
"4690","Sportradar","SRAD","1039560000","12.95","Switzerland"
"4691","PennantPark Floating Rate Capital Ltd.","PFLT","1038660000","7.37","United States"
"4692","Bestechnic","688608.SS","1037130000","15.6711","China"
"4693","Cenergy Holdings","CENER.BR","1036440000","27.2992","Belgium"
"4694","Delhivery","DELHIVERY.NS","1036210000","4.87692","India"
"4695","WeRide","WRD","1035770000","5.91","China"
"4696","Coforge","COFORGE.NS","1035530000","19.9256","India"
"4697","LIG Defense & Aerospace","079550.KS","1035010000","539.863","South Korea"
"4698","Encore Capital Group","ECPG","1034810000","100.15","United States"
"4699","Karoon Energy","KAR.AX","1032500000","1.2175","Australia"
"4700","Aedas Homes","AEDAS.MC","1032450000","25.3526","Spain"
"4701","Madison Air Solutions","MAIR","1032000000","28.51","United States"
"4702","ICF International","ICFI","1031910000","89.34","United States"
"4703","SAN-A CO.,LTD.","2659.T","1031540000","21.1147","Japan"
"4704","Isracard","ISCD.TA","1031480000","3.78971","Israel"
"4705","GitLab","GTLB","1031390000","41.31","United States"
"4706","Norion Bank","NORION.ST","1031150000","7.0329","Sweden"
"4707","Oxford Lane Capital","OXLC","1031070000","9.52","United States"
"4708","Innovex International","INVX","1030910000","28.26","United States"
"4709","Aixtron","AIXA.F","1030090000","44.7488","Germany"
"4710","Octave Specialty Group","OSG","1029540000","4.6","United States"
"4711","Konoike Transport","9025.T","1029460000","18.2784","Japan"
"4712","Séché Environnement","SCHP.PA","1029280000","95.5822","France"
"4713","Alight","ALIT","1029000000","14.33","United States"
"4714","Abacus Group","ABG.AX","1028370000","0.646459","Australia"
"4715","Westports","5246.KL","1028360000","1.75308","Malaysia"
"4716","Symbotic","SYM","1027670000","40.61","United States"
"4717","Bombay Burmah","BBTC.NS","1026720000","16.9582","India"
"4718","G-bits Network Technology","603444.SS","1026500000","57.7917","China"
"4719","Diebold Nixdorf","DBD","1026200000","67.78","United States"
"4720","Capitol Federal Financial","CFFN","1025730000","8.66","United States"
"4721","Aritzia","ATZ.TO","1025700000","97.6156","Canada"
"4722","Sanyo Chemical Industries","4471.T","1025070000","40.9116","Japan"
"4723","Recursion Pharmaceuticals","RXRX","1024770000","3.49","United States"
"4724","Nikkiso Co., Ltd.","6376.T","1024390000","23.8756","Japan"
"4725","Cheil Worldwide Inc.","030000.KS","1024160000","13.7683","South Korea"
"4726","Okinawa Financial Group","7350.T","1024040000","48.9433","Japan"
"4727","PharmaEssentia","6446.TW","1023420000","49.1524","Taiwan"
"4728","Vital Healthcare Property Trust","VHP.NZ","1023230000","1.08566","New Zealand"
"4729","Galaxy Digital Holdings","7LX.F","1023140000","22.3715","United States"
"4730","Hainan Airlines","900945.SS","1022720000","0.21","China"
"4731","Bharat Forge","BHARATFORG.NS","1022290000","21.3962","India"
"4732","Wolfspeed","WOLF","1021700000","26.93","United States"
"4733","TOTVS","TOTS3.SA","1021670000","6.33773","Brazil"
"4734","Freshworks","FRSH","1019200000","12.91","United States"
"4735","Ipca Laboratories","IPCALAB.NS","1018790000","20.5279","India"
"4736","Morningstar","MORN","1018700000","212.44","United States"
"4737","Webull","BULL","1018220000","8.78","United States"
"4738","Liberty Latin America","LILA","1017900000","8.66","United States"
"4739","CONMED","CNMD","1017670000","50.48","United States"
"4740","ALK-Abelló","ALK-B.CO","1017520000","32.9547","Denmark"
"4741","Veradigm","MDRX","1017510000","4.74","United States"
"4742","Perfect World Entertainment","002624.SZ","1017180000","1.62054","China"
"4743","Certara","CERT","1017040000","8.22","United States"
"4744","Fuji Seal International","7864.T","1016930000","20.7382","Japan"
"4745","Qatar General Insurance & Reinsurance Company","QGRI.QA","1016580000","0.631868","Qatar"
"4746","PHC Holdings Corporation","6523.T","1014510000","9.5816","Japan"
"4747","Asahi Intecc","7747.T","1014430000","24.2332","Japan"
"4748","Bumrungrad Hospital","BH.BK","1014290000","6.16041","Thailand"
"4749","Havells India","HAVELLS.NS","1012860000","13.1423","India"
"4750","Catalyst Pharmaceuticals","CPRX","1012700000","31.49","United States"
"4751","Suzlon","SUZLON.NS","1012310000","0.488845","India"
"4752","El Al Israel Airlines","ELAL.TA","1011100000","5.67784","Israel"
"4753","Lotus Bakeries","LOTB.BR","1009800000","15060","Belgium"
"4754","Dollarama","DOL.TO","1009010000","132.338","Canada"
"4755","Norma Group","NOEJ.F","1008770000","23.1029","Germany"
"4756","Ingenia Communities Group","INA.AX","1007710000","2.76541","Australia"
"4757","GFH Financial Group","GFH.AE","1007420000","0.52","Bahrain"
"4758","Vulcan Energy Resources","VUL.AX","1006680000","1.85318","Australia"
"4759","Terns Pharmaceuticals","TERN","1006520000","52.95","United States"
"4760","Kadant","KAI","1006150000","305.92","United States"
"4761","Tuya Inc.","TUYA","1005820000","1.83","China"
"4762","Internet Initiative Japan Inc.","3774.T","1005620000","20.4684","Japan"
"4763","KG Mobility (SsangYong Motor)","003620.KS","1005420000","1.94568","South Korea"
"4764","Eximbank (Vietnam Export Import Commercial Joint Stock Bank)","EIB.VN","1004230000","0.664751","Vietnam"
"4765","Bezeq","BEZQ.TA","1004220000","2.62285","Israel"
"4766","Infinity Natural Resources","INR","1002610000","14.69","United States"
"4767","Worthington Enterprises","WOR","1002560000","57.97","United States"
"4768","VAT Group","VACN.SW","1001860000","765.536","Switzerland"
"4769","Spire Healthcare Group","SPI.L","1001560000","3.21327","United Kingdom"
"4770","Perdoceo Education","PRDO","999909000","33.46","United States"
"4771","Santam","SNT.JO","999610000","27.0102","South Africa"
"4772","CLS Holdings plc","CLI.L","999401000","0.644013","United Kingdom"
"4773","Bao Viet Holdings","BVH.VN","998973000","2.44444","Vietnam"
"4774","Union Properties","UPP.AE","998242000","0.155476","United Arab Emirates"
"4775","Iino Kaiun Kaisha","9119.T","998184000","10.6734","Japan"
"4776","Ligand Pharmaceuticals","LGND","997322000","287.85","United States"
"4777","Trex","TREX","995761000","46.68","United States"
"4778","Plazza AG","PLAN.SW","995327000","534.932","Switzerland"
"4779","National Energy Services Reunited","NESR","995209000","33.64","United States"
"4780","Stalprodukt","STP.WA","995191000","60.5499","Poland"
"4781","Guardian Capital Group","GCG.TO","994083000","49.1475","Canada"
"4782","Corticeira Amorim","COR.LS","993861000","8.12449","Portugal"
"4783","Nextensa","NEXTA.BR","993453000","53.6193","Belgium"
"4784","RWS Holdings","RWS.L","991657000","1.62634","United Kingdom"
"4785","SLR Investment","SLRC","990750000","12.51","United States"
"4786","Sparebanken Møre","MORG.OL","990652000","11.8193","Norway"
"4787","MITSUI-SOKO HOLDINGS Co., Ltd.","9302.T","990623000","20.9139","Japan"
"4788","Electrolux","ELUX-A.ST","990303000","3.0231","Sweden"
"4789","Zhejiang Supor","002032.SZ","989446000","6.01935","China"
"4790","Opera","OPRA","988975000","19.47","Norway"
"4791","VietJet Aviation","VJC.VN","988831000","4.84674","Vietnam"
"4792","EcoPro Materials","450080.KS","988803000","28.0077","South Korea"
"4793","ProPetro","PUMP","988673000","10.63","United States"
"4794","AMC Networks","AMCX","988233000","12.71","United States"
"4795","Jungfraubahn Holding AG","JFN.SW","987898000","312.768","Switzerland"
"4796","WiseTech Global","WTC.AX","987377000","28.4083","Australia"
"4797","Alexander &amp; Baldwin","ALEX","987202000","20.84","United States"
"4798","HDFC Asset Management Company Limited","HDFCAMC.NS","987194000","26.9446","India"
"4799","Natco Pharma","NATCOPHARM.NS","986380000","9.0023","India"
"4800","CleanSpark","CLSK","986160000","12.18","United States"
"4801","Elior Group","ELIOR.PA","986122000","2.47348","France"
"4802","Rieter Holding","RIEN.SW","985980000","3.82272","Switzerland"
"4803","Keystone Infra","KSTN.TA","985307000","6.73802","Israel"
"4804","Gulf Cable and Electrical Industries Company - KPSC","CABLE.KW","985021000","5609.52","Kuwait"
"4805","nCino","NCNO","984446000","21.51","United States"
"4806","Takasago International Corporation","4914.T","984046000","8.40821","Japan"
"4807","Sanrio Company","8136.T","983529000","7.83407","Japan"
"4808","Hamburger Hafen","HHFA.F","982962000","25.1778","Germany"
"4809","Flynas Company","4264.SR","982038000","13.2588","Saudi Arabia"
"4810","Lamar Advertising","LAMR","981694000","151.98","United States"
"4811","Sonic Automotive","SAH","981300000","78.04","United States"
"4812","DoubleDown Interactive","DDI","980375000","12.77","United States"
"4813","RS Technologies","3445.T","980283000","36.1428","Japan"
"4814","Yurtec Corporation","1934.T","979663000","16.2517","Japan"
"4815","Construction Partners","ROAD","979385000","114.55","United States"
"4816","Sylvamo","SLVM","979000000","36.69","United States"
"4817","Fastly","FSLY","977146000","23.29","United States"
"4818","Obsidian Energy","OBE","975336000","11.03","Canada"
"4819","Warner Music Group","WMG","972000000","27.93","United States"
"4820","LiveRamp","RAMP","971979000","37.63","United States"
"4821","Topicus","TOI.V","969023000","74.2904","Canada"
"4822","NEC Capital Solutions","8793.T","968615000","26.7933","Japan"
"4823","Kelly Services","KELYA","968500000","16.98","United States"
"4824","Legend Biotech","LEGN","967700000","20.68","United States"
"4825","Workman","7564.T","967682000","39.9076","Japan"
"4826","Maple Leaf Foods","MFI.TO","967560000","19.3488","Canada"
"4827","GungHo Online Entertainment","3765.T","967522000","15.3105","Japan"
"4828","Dr. Soliman Abdel Kader Fakeeh","4017.SR","967316000","10.0413","Saudi Arabia"
"4829","Befesa","BFSA.DE","966468000","42.6915","Luxembourg"
"4830","AMS-Osram","AMS.SW","966446000","22.289","Austria"
"4831","Toenec Corporation","1946.T","965878000","13.7418","Japan"
"4832","Oppenheimer Holdings","OPY","965641000","115.87","United States"
"4833","SFL Corp","SFL","964826000","12.22","Bermuda"
"4834","Altius Minerals","ALS.TO","963687000","47.6877","Canada"
"4835","Nitto Boseki","3110.T","963209000","18.7428","Japan"
"4836","Showa Sangyo","2004.T","962359000","23.6559","Japan"
"4837","SPS Commerce","SPSC","962160000","80.48","United States"
"4838","Palomar Holdings","PLMR","959039000","131.82","United States"
"4839","United Spirits","UNITDSPR.BO","958129000","15.9977","India"
"4840","Barloworld","BAW.JO","958031000","7.36393","South Africa"
"4841","Shentel","SHEN","957041000","12.37","United States"
"4842","Materion","MTRN","956963000","236.05","United States"
"4843","Redwood Trust","RWT","956711000","4.61","United States"
"4844","Allegro MicroSystems","ALGM","956445000","36.89","United States"
"4845","Cromwell Property Group","CMW.AX","956387000","0.283724","Australia"
"4846","Viña Concha y Toro","CONCHATORO.SN","956027000","0.996505","Chile"
"4847","Viva Energy","VEA.AX","955872000","2.06149","Australia"
"4848","Riyadh Cables Group Company","4142.SR","955666000","28.4991","Saudi Arabia"
"4849","Unipres Corporation","5949.T","955637000","8.35174","Japan"
"4850","Taboola.com","TBLA","955330000","3.73","United States"
"4851","Opendoor","OPEN","954000000","3.41","United States"
"4852","Lazard","LAZ","953881000","42.79","Bermuda"
"4853","FirstGroup","FGP.L","952854000","2.42931","United Kingdom"
"4854","Univest Financial Corporation","UVSP","951950000","41.66","United States"
"4855","NTT UD REIT Investment Corporation","8956.T","951871000","826.389","Japan"
"4856","Implenia AG","IMPN.SW","951484000","85.2664","Switzerland"
"4857","Doximity","DOCS","950837000","24.74","United States"
"4858","Triumph Financial","TFIN","950715000","73.68","United States"
"4859","United Fire Group","UFCS","950613000","54.05","United States"
"4860","HBX Group International plc","HBX.MC","950242000","9.0162","United Kingdom"
"4861","MPC Container Ships","MPCC.OL","949194000","2.84411","Norway"
"4862","Tootsie Roll Industries","TR","948795000","41.31","United States"
"4863","BKI Investment Company","BKI.AX","948675000","1.32524","Australia"
"4864","Metropolitan Bank Holding","MCB","948339000","91.32","United States"
"4865","Mersen","MRN.PA","948241000","44.2709","France"
"4866","Bloom Energy","BE","948008000","218.21","United States"
"4867","Betsson AB","BETS-B.ST","947990000","9.71485","Sweden"
"4868","GÜBRETAŞ","GUBRF.IS","947562000","10.2116","Turkey"
"4869","REE (Refrigeration Electrical Engineering Corporation)","REE.VN","947489000","1.75479","Vietnam"
"4870","Hosiden Corporation","6804.T","947427000","16.967","Japan"
"4871","Steve Madden","SHOO","947248000","45.11","United States"
"4872","Furukawa Co.,Ltd.","5715.T","947162000","27.9855","Japan"
"4873","Tompkins Financial","TMP","946741000","97.54","United States"
"4874","Create SD Holdings","3148.T","946584000","21.3343","Japan"
"4875","Ambu","AMBU-B.CO","945028000","10.6393","Denmark"
"4876","Crest Nicholson Holdings plc","CRST.L","944955000","0.895355","United Kingdom"
"4877","JVCKENWOOD Corporation","6632.T","943996000","6.47872","Japan"
"4878","MarineMax","HZO","943423000","52.11","United States"
"4879","Janux Therapeutics","JANX","941535000","18.89","United States"
"4880","Bravida Holding","BRAV.ST","941405000","14.2757","Sweden"
"4881","Harworth Group","HWG.L","941329000","2.42523","United Kingdom"
"4882","Green Dot","GDOT","940500000","13.36","United States"
"4883","Hong Kong Ferry","0050.HK","939556000","0.637836","Hong Kong"
"4884","AbCellera","ABCL","938083000","12.24","Canada"
"4885","Ypsomed","YPSN.SW","937945000","494.719","Switzerland"
"4886","Iguatemi","IGTI3.SA","937825000","0.598779","Brazil"
"4887","Wolters Kluwer","WKL.AS","937434000","80.5222","Netherlands"
"4888","IDEAYA Biosciences","IDYA","937267000","41.58","United States"
"4889","Helios Technologies","HLIO","936400000","74.93","United States"
"4890","Star Asia Investment Corporation","3468.T","936229000","340.721","Japan"
"4891","Aaon","AAON","934209000","79.78","United States"
"4892","Pilot Corporation","7846.T","933912000","12.7786","Japan"
"4893","Shanghai BOCHU Electronic Technology","688188.SS","933069000","14.7798","China"
"4894","Saudi Tadawul Group Holding Company","1111.SR","932019000","36.0101","Saudi Arabia"
"4895","Supermax Corporation Berhad","7106.KL","931704000","0.0870322","Malaysia"
"4896","Alujain Corporation","2170.SR","931375000","7.34052","Saudi Arabia"
"4897","Kaken Pharmaceutical Co., Ltd.","4521.T","930874000","25.0364","Japan"
"4898","Ninety One Group","N91.L","930473000","2.86953","South Africa"
"4899","Clairvest Group","CVG.TO","930330000","58.8532","Canada"
"4900","Kossan Rubber Industries","7153.KL","930097000","0.27353","Malaysia"
"4901","QL Resources","7084.KL","930056000","0.979734","Malaysia"
"4902","PJT Partners","PJT","929723000","174.77","United States"
"4903","Indoritel","DNET.JK","928738000","0.552113","Indonesia"
"4904","Maruwa","5344.T","928629000","339.152","Japan"
"4905","Baladna","BLDN.QA","928507000","0.342033","Qatar"
"4906","Carter's","CRI","928457000","34.28","United States"
"4907","Aktia Bank","AKTIA.HE","928020000","14.4073","Finland"
"4908","Arbonia","ARBN.SW","927251000","5.34311","Switzerland"
"4909","GrainCorp","GNC.AX","926556000","4.35282","Australia"
"4910","Denali Therapeutics","DNLI","926098000","24.57","United States"
"4911","Spark New Zealand","SPK.NZ","926044000","1.279","New Zealand"
"4912","Euroapi","EAPI.PA","925922000","1.0922","France"
"4913","Verano Holdings","VRNOF","925455000","0.94","United States"
"4914","Vetropack","VETN.SW","924972000","25.3813","Switzerland"
"4915","JFrog","FROG","923998000","92.8","United States"
"4916","Himax Technologies","HIMX","922938000","13.84","Taiwan"
"4917","Aisan Industry","7283.T","922745000","14.3002","Japan"
"4918","Cannae Holdings","CNNE","922400000","15.48","United States"
"4919","Afya","AFYA","921766000","14.43","Brazil"
"4920","CD Projekt","CDR.WA","921728000","62.7664","Poland"
"4921","PC Connection","CNXN","921692000","79.39","United States"
"4922","NRJ Group","NRG.PA","920620000","7.53001","France"
"4923","Dutch Bros","BROS","920525000","51.23","United States"
"4924","Melcor Developments","MRD.TO","919643000","13.4707","Canada"
"4925","Lassonde Industries","LAS-A.TO","919375000","172.893","Canada"
"4926","Sabeco Brewery (Saigon Beer)","SAB.VN","919326000","1.75287","Vietnam"
"4927","Magnite","MGNI","917907000","23.38","United States"
"4928","Kyoritsu Maintenance Co., Ltd.","9616.T","917700000","21.5351","Japan"
"4929","Vasta Platform","VSTA","917270000","4.9","Brazil"
"4930","Topy Industries","7231.T","916956000","19.1695","Japan"
"4931","Vail Resorts","MTN","916094000","148.72","United States"
"4932","AOKI Holdings","8214.T","915670000","11.1628","Japan"
"4933","Summit Midstream","SMC","914992000","34.02","United States"
"4934","Angi Inc.","ANGI","914724000","4.85","United States"
"4935","Amerant Bancorp","AMTB","913918000","28.64","United States"
"4936","JEOL Ltd.","6951.T","913721000","44.7831","Japan"
"4937","First Foundation","FFWM","912587000","5.9","United States"
"4938","Sukoon Insurance","SUKOON.AE","912079000","1.66367","United Arab Emirates"
"4939","Arena REIT","ARF.AX","911608000","1.68079","Australia"
"4940","Global-e","GLBE","911393000","39.13","Israel"
"4941","Adler Group","ADJ.DE","911367000","0.000230787","Luxembourg"
"4942","The Ehime Bank","8541.T","910682000","19.5773","Japan"
"4943","Western Union","WU","910500000","7.26","United States"
"4944","Harmony Biosciences","HRMY","910349000","39.66","United States"
"4945","Japan Aviation Electronics Industry","6807.T","910348000","15.436","Japan"
"4946","Curaleaf","CURLF","909109000","9.46","United States"
"4947","Mr Price Group","MRP.JO","908854000","10.221","South Africa"
"4948","Remitly","RELY","907440000","25.75","United States"
"4949","Meiko Electronics","6787.T","906835000","120.476","Japan"
"4950","Delta Galil Industries","DELG.TA","906753000","61.322","Israel"
"4951","Cummins India","CUMMINSIND.NS","906586000","54.1479","India"
"4952","ScanSource","SCSC","906261000","56.17","United States"
"4953","BrightSpire Capital","BRSP","906169000","4.79","United States"
"4954","Morinaga &amp; Company","2201.T","906129000","15.9756","Japan"
"4955","Silicon Motion","SIMO","906122000","263.11","Hong Kong"
"4956","Palfinger","PFI.F","905120000","36.4262","Austria"
"4957","Embla Medical","EMBLA.CO","904561000","4.52854","Iceland"
"4958","Autobacs Seven","9832.T","903843000","9.70709","Japan"
"4959","Alarm.com","ALRM","903790000","56.71","United States"
"4960","Amanat Holdings","AMANAT.AE","903360000","0.394816","United Arab Emirates"
"4961","Organon","OGN","903000000","13.77","United States"
"4962","Hinduja Global Solutions","HGS.NS","902408000","4.2097","India"
"4963","American Woodmark","AMWD","901900000","48.09","United States"
"4964","S Foods Inc.","2292.T","901522000","18.4855","Japan"
"4965","Organo Corporation","6368.T","901513000","82.7644","Japan"
"4966","Arzan Financial Group for Financing and Investment","ARZAN.KW","900787000","1046.28","Kuwait"
"4967","SM Entertainment","041510.KQ","900576000","52.141","South Korea"
"4968","OUTsurance Group","OUT.JO","900065000","5.40317","South Africa"
"4969","KYORIN Pharmaceutical","4569.T","898133000","7.3415","Japan"
"4970","National Vision Holdings","EYE","898006000","18.67","United States"
"4971","Mitsubishi Pencil","7976.T","897828000","19.1067","Japan"
"4972","Rorze Corporation","6323.T","896972000","25.758","Japan"
"4973","AGI Inc (Agibank)","AGBK","896432000","6.18","Brazil"
"4974","UMH Properties","UMH","896034000","16.66","United States"
"4975","Sto SE &amp; Co. KGaA","STO3.DE","895522000","109.57","Germany"
"4976","Regal Hotels International","0078.HK","894950000","0.0542161","Hong Kong"
"4977","OSI Systems","OSIS","894315000","211.04","United States"
"4978","Old Second Bancorp","OSBC","893297000","25.25","United States"
"4979","ALT5 Sigma","ALTS","893242000","0.855","United States"
"4980","Chroma ATE Inc.","2360.TW","893191000","62.7009","Taiwan"
"4981","Armstrong World Industries","AWI","892900000","177.78","United States"
"4982","Genuit Group","GEN.L","892740000","3.91842","United Kingdom"
"4983","VIEL &amp; Cie","VIL.PA","892407000","21.9606","France"
"4984","Maire Tecnimont","MAIRE.MI","892121000","14.6287","Italy"
"4985","International Petroleum","IPCO.TO","890770000","25.0252","Canada"
"4986","Emirates Central Cooling Systems","EMPOWER.AE","890159000","0","United Arab Emirates"
"4987","Verbio","VBK.F","889804000","36.8108","Germany"
"4988","CNB Financial Corp","CCNE","889101000","33.88","United States"
"4989","Sonida Senior Living","SNDA","889018000","39.67","United States"
"4990","Japan Pulp and Paper Company","8032.T","888567000","7.62386","Japan"
"4991","K92 Mining","KNT.TO","888008000","22.151","Canada"
"4992","Mid Penn Bancorp","MPB","887405000","36.8","United States"
"4993","DigitalOcean","DOCN","887376000","114.99","United States"
"4994","Ramelius Resources","RMS.AX","887061000","2.8085","Australia"
"4995","Genco Shipping &amp; Trading","GNK","886978000","25.83","United States"
"4996","Shizuoka Gas","9543.T","886761000","8.15722","Japan"
"4997","Boubyan Petrochemical Company","BPCC.KW","886651000","2353.32","Kuwait"
"4998","StepStone Group","STEP","886026000","49.78","United States"
"4999","Synergie SE","SDG.PA","885788000","32.871","France"
"5000","Per Aarsleff Holding A/S B","PAAL-B.CO","885703000","121.172","Denmark"
"5001","Addtech AB","ADDT-B.ST","885387000","35.4584","Sweden"
"5002","Hunting PLC","HTG.L","885300000","5.55699","United Kingdom"
"5003","Copenhagen Airport","KBHL.CO","885083000","866.736","Denmark"
"5004","Kusuri No Aoki Holdings","3549.T","885054000","25.7078","Japan"
"5005","Mochida Pharmaceutical","4534.T","884884000","20.644","Japan"
"5006","Pershing Square Inc.","PS","884478000","42.11","United States"
"5007","Samyang Foods","003230.KS","884297000","1072.48","South Korea"
"5008","Industrial Logistics Properties Trust","ILPT","883691000","8.43","United States"
"5009","Veeco","VECO","883662000","46.17","United States"
"5010","Marshalls plc","MSLH.L","883044000","2.22792","United Kingdom"
"5011","Westamerica Bancorporation","WABC","882690000","58.14","United States"
"5012","AlTi Global","ALTI","882524000","3.99","United States"
"5013","Leon's Furniture","LNF.TO","881784000","17.7856","Canada"
"5014","Gibraltar Industries","ROCK","880632000","46.33","United States"
"5015","Chofu Seisakusho","5946.T","880560000","12.9449","Japan"
"5016","Zeta Global","ZETA","880325000","28.23","United States"
"5017","J&amp;J Snack Foods","JJSF","880076000","88.705","United States"
"5018","Interfor","IFP.TO","879385000","10.0706","Canada"
"5019","Atlassian","TEAM","879028000","168.47","Australia"
"5020","Pediatrix Medical Group","MD","878576000","26.95","United States"
"5021","Olaplex","OLPX","877986000","2.07","United States"
"5022","Amano Corporation","6436.T","877859000","24.8607","Japan"
"5023","InPost","INPST.AS","877778000","18.0907","Luxembourg"
"5024","Kaiser Aluminum","KALU","877300000","155.5","United States"
"5025","Hochschild Mining","HOC.L","877094000","8.88575","United Kingdom"
"5026","CG Power and Industrial Solutions","CGPOWER.NS","876965000","9.37834","India"
"5027","Nohmi Bosai Ltd.","6744.T","876434000","26.8561","Japan"
"5028","Meshek Energy - Renewable Energies","MSKE.TA","876014000","3.44305","Israel"
"5029","Faes Farma","FAE.MC","875860000","5.30948","Spain"
"5030","PCCW","0008.HK","874733000","0.684398","Hong Kong"
"5031","Leonteq","LEON.SW","874205000","25.0711","Switzerland"
"5032","Canaccord Genuity Group","CF.TO","873494000","10.3515","Canada"
"5033","Loma Negra","LOMA","873391000","9.65","Argentina"
"5034","MLP Group S.A.","MLG.WA","873300000","31.4913","Poland"
"5035","Piramal Pharma","PPLPHARMA.NS","873154000","2.24961","India"
"5036","ABB India","ABB.NS","872902000","78.7054","India"
"5037","Ajman Bank","AJMANBANK.AE","872662000","0","United Arab Emirates"
"5038","Corbion","CRBN.AS","872354000","23.0563","Netherlands"
"5039","Scholastic","SCHL","871900000","39.95","United States"
"5040","The a2 Milk Company","A2M.AX","871664000","4.92027","New Zealand"
"5041","IDI","IDIP.PA","871344000","83.2265","France"
"5042","Community Trust Bancorp","CTBI","871245000","76.22","United States"
"5043","WillScot","WSC","870524000","21.36","United States"
"5044","Super Retail Group","SUL.AX","869228000","9.45985","Australia"
"5045","Suzhou TFC Optical Communication","300394.SZ","868340000","39.756","China"
"5046","Indus Holding","INH.F","868303000","41.2635","Germany"
"5047","Centuri Holdings","CTRI","868079000","21.17","United States"
"5048","Property For Industry","PFI.NZ","867700000","1.40393","New Zealand"
"5049","Keller Group","KLR.L","867557000","40.922","United Kingdom"
"5050","Vestis","VSTS","867202000","13.03","United States"
"5051","Japan Securities Finance","8511.T","867032000","15.8062","Japan"
"5052","H.U. Group Holdings","4544.T","866887000","22.8465","Japan"
"5053","Namura Shipbuilding","7014.T","866704000","29.9621","Japan"
"5054","Employers Holdings","EIG","866500000","49.15","United States"
"5055","Transcontinental Realty Investors","TCI","866483000","38.54","United States"
"5056","Amara Raja Energy &amp; Mobility","ARE&M.NS","866344000","9.55326","India"
"5057","Hangzhou EZVIZ Network","688475.SS","866293000","4.29167","China"
"5058","Ramco Cements","RAMCOCEM.NS","865801000","9.38043","India"
"5059","Seabridge Gold","SA","865125000","34.19","Canada"
"5060","Dyne Therapeutics","DYN","865055000","26.36","United States"
"5061","Australian United Investment Company","AUI.AX","864651000","8.35368","Australia"
"5062","Bodycote","BOY.L","864459000","12.3911","United Kingdom"
"5063","Amlak Finance","AMLAK.AE","864263000","0","United Arab Emirates"
"5064","Pasona Group","2168.T","864234000","10.686","Japan"
"5065","Logistea AB","LOGI-A.ST","864233000","1.53824","Sweden"
"5066","Kontron AG","KTN.F","863762000","25.7606","Austria"
"5067","EIZO Corporation","6737.T","863462000","19.295","Japan"
"5068","Ryoyo Ryosan Holdings","167A.T","863254000","20.0793","Japan"
"5069","Atresmedia Corporación de Medios de Comunicación, S.A.","A3M.MC","861737000","6.07297","Spain"
"5070","Austal Limited","ASB.AX","860844000","2.95216","Australia"
"5071","Cellcom Israel","CEL.TA","859987000","11.948","Israel"
"5072","AIA Engineering","AIAENG.NS","859420000","44.7307","India"
"5073","NCC Limited","NCC.NS","858874000","1.58312","India"
"5074","AUTO1","AG1.F","858072000","25.9238","Germany"
"5075","Bénéteau","BEN.PA","857651000","6.77235","France"
"5076","Kulicke and Soffa Industries","KLIC","857546000","84.88","Singapore"
"5077","GOLDCREST Co.,Ltd.","8871.T","857510000","21.0519","Japan"
"5078","Rain Industries","RAIN.NS","856723000","2.06201","India"
"5079","Safety Insurance","SAFT","855750000","103.64","United States"
"5080","Isrotel","ISRO.TA","855545000","41.734","Israel"
"5081","Southside Bancshares","SBSI","854862000","32.06","United States"
"5082","Becamex (Investment and Industrial Development Corporation)","BCM.VN","853925000","1.66092","Vietnam"
"5083","Americanas","AMER3.SA","853104000","0.933162","Brazil"
"5084","Immunovant","IMVT","852592000","43.89","United States"
"5085","Vastned Belgium NV","VASTB.BR","852254000","33.3955","Belgium"
"5086","Flywire","FLYW","852228000","18.84","United States"
"5087","Huber+Suhner","HUBN.SW","852141000","211.739","Switzerland"
"5088","The Japan Wool Textile Co., Ltd. (Nikke Group)","3201.T","851368000","12.3676","Japan"
"5089","HTC Corporation","2498.TW","851268000","1.27607","Taiwan"
"5090","Dermapharm","DMP.F","850906000","46.4506","Germany"
"5091","China Motor Bus Company","0026.HK","850735000","7.46269","Hong Kong"
"5092","Pathward Financial","CASH","850677000","81.99","United States"
"5093","Sendas Distribuidora (Assaí Atacadista)","ASAI3.SA","850613000","1.6272","Brazil"
"5094","ARIAKE JAPAN","2815.T","849734000","34.1976","Japan"
"5095","NexPoint Real Estate Finance","NREF","849292000","17.19","United States"
"5096","John Wiley &amp; Sons","WLY","848242000","53.11","United States"
"5097","Chemed","CHE","847994000","548.56","United States"
"5098","UP Fintech (Tiger Brokers)","TIGR","847671000","5.46","China"
"5099","VIAVI Solutions","VIAV","846500000","38.78","United States"
"5100","Gujarat Fluorochemicals","FLUOROCHEM.NS","846452000","49.073","India"
"5101","Victoria's Secret &amp; Co","VSCO","845000000","54.3","United States"
"5102","Vimian Group","VIMIAN.ST","844917000","3.73164","Sweden"
"5103","BGF Retail","282330.KS","844545000","101.233","South Korea"
"5104","Home Product Center","HMPRO.BK","843843000","0.196706","Thailand"
"5105","Armada Hoffler Properties","AHH","843639000","6.25","United States"
"5106","Helen of Troy","HELE","843519000","29.14","United States"
"5107","Safe Bulkers","SB","843192000","8.28","Monaco"
"5108","Tallink Grupp","T5N.F","843100000","0.699382","Estonia"
"5109","Kurabo Industries","3106.T","842943000","67.203","Japan"
"5110","AS LHV Group","LHV1T.TL","842845000","3.89323","Estonia"
"5111","NB Bancorp","NBBK","842778000","22.3","United States"
"5112","National Real Estate Company - K.P.S.C.","NRE.KW","842528000","459.583","Kuwait"
"5113","AMAG Austria Metall","AM8.F","842383000","32.1716","Austria"
"5114","TRIAL Holdings","141A.T","842130000","25.2246","Japan"
"5115","Greggs","GRG.L","841969000","25.2986","United Kingdom"
"5116","Mitsuba Corporation","7280.T","841631000","8.30154","Japan"
"5117","Slate Grocery REIT","SGR-UN.TO","841293000","11.5257","Canada"
"5118","Bpost","13B.F","840172000","1.49435","Belgium"
"5119","Barco NV","BAR.BR","839747000","9.01926","Belgium"
"5120","Socionext","6526.T","839052000","12.9229","Japan"
"5121","Persistent Systems","PERSISTENT.NS","838414000","59.3537","India"
"5122","Trend Micro","4704.T","838326000","35.8353","Japan"
"5123","Groupe CRIT","CEN.PA","838262000","61.3125","France"
"5124","Vitrolife AB","VITR.ST","838063000","9.97727","Sweden"
"5125","Dai-Dan","1980.T","837923000","17.5318","Japan"
"5126","Sally Beauty Holdings","SBH","837872000","16.58","United States"
"5127","The Okinawa Electric Power Company","9511.T","837841000","7.33522","Japan"
"5128","Anritsu Corporation","6754.T","836914000","21.397","Japan"
"5129","Österreichische Post","POST.VI","836121000","36.193","Austria"
"5130","Astra Industrial Group Company","1212.SR","835998000","37.4484","Saudi Arabia"
"5131","Care Property Invest NV","CPINV.BR","834693000","14.1975","Belgium"
"5132","Babcock International Group","BAB.L","833400000","14.665","United Kingdom"
"5133","Solaria Energía","SLR.MC","833316000","20.2471","Spain"
"5134","BML, Inc.","4694.T","833187000","22.6833","Japan"
"5135","Avio S.p.A.","AVIO.MI","832270000","35.8084","Italy"
"5136","Forbright, Inc.","FRBT","831195000","18.52","United States"
"5137","CIE Automotive India","CIEINDIA.NS","830922000","4.13585","India"
"5138","BASSAC","BASS.PA","830510000","50.5886","France"
"5139","Nordnet AB","SAVE.ST","830233000","38.1876","Sweden"
"5140","Lumine Group","LMN.V","829956000","17.3462","Canada"
"5141","Thule Group AB","THULE.ST","829805000","21.3506","Sweden"
"5142","Five9","FIVN","829631000","32","United States"
"5143","Universal Entertainment Corporation","6425.T","829132000","4.5053","Japan"
"5144","NeoGenomics","NEO","828760000","17.37","United States"
"5145","Schweiter Technologies","SWTQ.SW","827713000","439.364","Switzerland"
"5146","Musashi Seimitsu Industry","7220.T","827670000","20.2676","Japan"
"5147","Hovnanian Enterprises","HOV","827593000","128.32","United States"
"5148","Arjo AB","ARJO-B.ST","827264000","2.92653","Sweden"
"5149","DCM Shriram","DCMSHRIRAM.NS","827180000","10.8589","India"
"5150","Kalpataru Projects International","KPIL.NS","827155000","14.5218","India"
"5151","Yalla Group","YALA","826948000","5.59","United Arab Emirates"
"5152","Acushnet Holdings","GOLF","826630000","86.8","United States"
"5153","PAR Technology","PAR","826427000","19.69","United States"
"5154","Kelt Exploration","KEL.TO","826300000","7.6718","Canada"
"5155","Is Yatirim Menkul Degerler Anonim Sirketi","ISMEN.IS","826253000","0.700996","Turkey"
"5156","Stratasys","SSYS","825606000","7.92","Israel"
"5157","Tabcorp","TAH.AX","824891000","0.689556","Australia"
"5158","Genesis Minerals Limited","GMD.AX","824586000","5.9977","Australia"
"5159","Mullen Group","MTL.TO","824082000","18.3619","Canada"
"5160","ITOCHU-SHOKUHIN","2692.T","824071000","79.6514","Japan"
"5161","Mitsubishi Logisnext","7105.T","823436000","9.45216","Japan"
"5162","Prima Meat Packers","2281.T","823148000","15.1975","Japan"
"5163","Inox Wind","INOXWIND.NS","822817000","0.751021","India"
"5164","Arclands Corporation","9842.T","822598000","11.9409","Japan"
"5165","Energix Renewable Energies","ENRG.TA","822383000","6.93323","Israel"
"5166","Avanza Bank","AZA.ST","821887000","42.1764","Sweden"
"5167","Forbo Holding","FORN.SW","820513000","1175.36","Switzerland"
"5168","Qatar National Cement Company","QNCD.QA","820358000","0.714011","Qatar"
"5169","Siam Global House","GLOBAL.BK","820114000","0.216529","Thailand"
"5170","LG Electronics India Ltd.","LGEINDIA.NS","819983000","17.77","India"
"5171","Bank First","BFC","819853000","153.69","United States"
"5172","Monex Group","8698.T","819592000","4.69981","Japan"
"5173","Sichuan Biokin Pharmaceutical","688506.SS","818618000","40.4747","China"
"5174","KDH (Khang Dien House Trading and Investment)","KDH.VN","817695000","0.704981","Vietnam"
"5175","Equity Bancshares","EQBK","817610000","49.53","United States"
"5176","Shin-Etsu Polymer","7970.T","816949000","14.0806","Japan"
"5177","Southern Province Cement Company","3050.SR","816726000","5.24171","Saudi Arabia"
"5178","Perpetua Resources","PPTA","816175000","25.77","United States"
"5179","Centerspace","CSR","816080000","53.42","United States"
"5180","Latitude Group Holdings","LFS.AX","815615000","0.668008","Australia"
"5181","American Realty Investors","ARL","815322000","15.57","United States"
"5182","YIT","YIT.HE","814824000","3.92237","Finland"
"5183","10x Genomics","TXG","814324000","64.26","United States"
"5184","Clearwater Paper","CLW","813700000","21.35","United States"
"5185","Wavestone SA","WAVE.PA","813049000","39.5151","France"
"5186","Vir Biotechnology","VIR","812765000","11.08","United States"
"5187","Mycronic","MYCR.ST","811996000","35.4164","Sweden"
"5188","Melbourne Enterprises","0158.HK","811992000","7.3989","Hong Kong"
"5189","Paycom","PAYC","811700000","232.31","United States"
"5190","Canon Electronics Inc.","7739.T","811646000","22.5062","Japan"
"5191","SOLV Energy","MWH","811224000","28.34","United States"
"5192","Athens International Airport","AIA.AT","811192000","12.3208","Greece"
"5193","Saizeriya","7581.T","810754000","45.304","Japan"
"5194","Skycity Entertainment Group","SKC.NZ","810547000","0.404521","New Zealand"
"5195","CAVA Group","CAVA","809970000","67.77","United States"
"5196","Evotec","EVO","809755000","1.95","Germany"
"5197","SBS Holdings","2384.T","809076000","32.6916","Japan"
"5198","JM AB","JM.ST","809008000","13.415","Sweden"
"5199","Sakata INX Corporation","4633.T","808865000","16.6407","Japan"
"5200","LandBridge","LB","808116000","88.59","United States"
"5201","Prosperity Real Estate Investment Trust","0808.HK","807779000","0.187524","Hong Kong"
"5202","Star Health and Allied Insurance Company","STARHEALTH.NS","807753000","6.13072","India"
"5203","Knowledge Economic City Company","4310.SR","807705000","4.98868","Saudi Arabia"
"5204","Amalgamated Financial","AMAL","807574000","48.65","United States"
"5205","O.Y. Nofar Energy","NOFR.TA","807318000","58.0237","Israel"
"5206","Grocery Outlet","GO","807096000","12.21","United States"
"5207","Esentia Energy Systems","ESENTIAII.MX","806818000","3.11933","Mexico"
"5208","Sanyo Denki","6516.T","806286000","34.5113","Japan"
"5209","Privia Health Group","PRVA","805904000","21.07","United States"
"5210","Électricite de Strasbourg","ELEC.PA","805494000","195.827","France"
"5211","Custom Truck One Source","CTOS","805241000","9.59","United States"
"5212","Flight Centre Travel Group Limited","FLT.AX","804911000","8.75593","Australia"
"5213","Argosy Property","ARG.NZ","804463000","0.612731","New Zealand"
"5214","Caltagirone Editore","CED.MI","804397000","3.13556","Italy"
"5215","Budget Saudi (United International Transportation Company)","4260.SR","804222000","8.49114","Saudi Arabia"
"5216","Pollen Street Group","POLN.L","804010000","12.1058","United Kingdom"
"5217","Osaka Soda","4046.T","802874000","13.108","Japan"
"5218","Hanmi Financial","HAFC","802819000","31.08","United States"
"5219","Liberty Financial Group","LFG.AX","802341000","2.56429","Australia"
"5220","Altareit","AREIT.PA","801870000","670.241","France"
"5221","Paladin Energy","PDN.AX","801561000","8.67691","Australia"
"5222","Kuwait Real Estate Company (AQARAT)","KRE.KW","800786000","1153.85","Kuwait"
"5223","Alpha &amp; Omega Semiconductor","AOSL","800181000","26.2","United States"
"5224","Heiwa Real Estate","8803.T","799356000","15.116","Japan"
"5225","Landstar System","LSTR","798976000","181.63","United States"
"5226","Kalmar Oyj","KALMAR.HE","798968000","46.6721","Finland"
"5227","N-Able","NABL","798831000","3.8","United States"
"5228","Hansol Chemical","014680.KS","798535000","149.278","South Korea"
"5229","Standex International","SXI","798406000","305.13","United States"
"5230","Qatari Investors Group","QIGD.QA","798380000","0.356044","Qatar"
"5231","Advanced Petrochemical","2330.SR","798309000","6.56013","Saudi Arabia"
"5232","SG Micro","300661.SZ","797966000","17.3958","China"
"5233","Celesc (Centrais Elétricas de Santa Catarina)","CLSC4.SA","797548000","28.8969","Brazil"
"5234","Driven Brands","DRVN","796701000","13","United States"
"5235","Haemonetics","HAE","796320000","106.6","United States"
"5236","AdvanSix","ASIX","796289000","16.53","United States"
"5237","Belite Bio","BLTE","795788000","156.69","United States"
"5238","Londian Wason New Energy Tech Inc.","FOIL","795721000","24.1","China"
"5239","thyssenkrupp nucera","NCH2.DE","795611000","9.22602","Germany"
"5240","Laboratorios Farmaceuticos Rovi","ROVI.MC","794837000","70.929","Spain"
"5241","Corporate Travel Management","CTD.AX","794669000","11.5429","Australia"
"5242","Baozun","BZUN","794637000","2.82","China"
"5243","City Holding Company","CHCO","794390000","144.68","United States"
"5244","ElringKlinger","ZIL2.DE","794267000","6.37603","Germany"
"5245","Nu Skin","NUS","794087000","4.84","United States"
"5246","Navigator Global Investments","NGI.AX","793621000","1.846","Australia"
"5247","Marcopolo","POMO4.SA","793332000","0.857343","Brazil"
"5248","Vishal Mega Mart Limited","VMM.NS","792995000","1.128","India"
"5249","Westlake Chemical Partners","WLKP","792386000","21.69","United States"
"5250","Inspire Medical Systems","INSP","792340000","61.8","United States"
"5251","SmartSens Technology","688213.SS","791926000","14.7887","China"
"5252","Green Plains","GPRE","791025000","14.88","United States"
"5253","Formosa Sumco Technology","3532.TW","790825000","12.4141","Taiwan"
"5254","BigBear.ai","BBAI","790405000","3.05","United States"
"5255","PVR INOX","PVRINOX.NS","789298000","12.9769","India"
"5256","Masimo","MASI","788900000","179.95","United States"
"5257","FuelCell Energy","FCEL","788369000","19.07","United States"
"5258","Grupo Supervielle","SUPV","787344000","8.8","Argentina"
"5259","Rotork","ROR.L","787023000","6.59774","United Kingdom"
"5260","Greenfire Resources","GFR","786575000","6.12","Canada"
"5261","Monotaro","3064.T","785951000","11.7495","Japan"
"5262","BELIMO Holding","BEAN.SW","785430000","1059.93","Switzerland"
"5263","Tower Bersama Infrastructure","TBIG.JK","783154000","0.0842253","Indonesia"
"5264","Mercialys","MERY.PA","782985000","13.1484","France"
"5265","Türkiye Kalkınma","KLNMA.IS","782972000","0.188858","Turkey"
"5266","Kvutzat Acro","ACRO.TA","782964000","13.3313","Israel"
"5267","Arata Corporation","2733.T","782960000","17.1364","Japan"
"5268","U.S. Physical Therapy, Inc.","USPH","782871000","78.27","United States"
"5269","PB Fintech","POLICYBZR.NS","782754000","19.3715","India"
"5270","SNDL Inc.","SNDL","782243000","1.38","Canada"
"5271","Avanos Medical","AVNS","782100000","24.99","United States"
"5272","Yellow Hat","9882.T","781295000","11.1879","Japan"
"5273","Autoneum Holding","AUTN.SW","780599000","151.667","Switzerland"
"5274","Knowles","KN","780200000","34.54","United States"
"5275","Nichicon Corporation","6996.T","778886000","16.5905","Japan"
"5276","EXL Service","EXLS","778804000","37.5","United States"
"5277","Peakstone Realty Trust","PKST","778703000","20.99","United States"
"5278","Laurent-Perrier","LPE.PA","777764000","96.0485","France"
"5279","Saibu Gas Holdings","9536.T","777707000","15.6305","Japan"
"5280","Arcos Dorados Holdings","ARCO","777143000","8.01","Uruguay"
"5281","UNO Minda","UNOMINDA.NS","776651000","13.3843","India"
"5282","Bonduelle","BON.PA","776242000","10.4441","France"
"5283","Midera Food Processing","MFP","776102000","48.44","United States"
"5284","Centrus Energy","LEU","775200000","187.63","United States"
"5285","Groupe Guillin","ALGIL.PA","774944000","24.5949","France"
"5286","St. Joe Company","JOE","774397000","69.15","United States"
"5287","PROG Holdings","PRG","774355000","39.77","United States"
"5288","Elekta AB","EKTA-B.ST","774261000","5.48461","Sweden"
"5289","Aecon Group","ARE.TO","774139000","31.6669","Canada"
"5290","Plug Power","PLUG","773889000","2.17","United States"
"5291","San-Ai Obbli","8097.T","773791000","15.185","Japan"
"5292","Amphastar Pharmaceuticals","AMPH","773391000","22.02","United States"
"5293","Central Plaza Hotel","CENTEL.BK","772441000","1.30375","Thailand"
"5294","Veridis Environment","VRDS.TA","772186000","16.5893","Israel"
"5295","Global Cord Blood","CORBF","770634000","1.05","Hong Kong"
"5296","ChipMOS Technologies","IMOS","770473000","57.17","Taiwan"
"5297","Preferred Bank","PFBC","770199000","103.6","United States"
"5298","NetDragon Websoft","0777.HK","770143000","0.98163","China"
"5299","Watches of Switzerland Group","WOSG.L","769939000","9.68649","United Kingdom"
"5300","Cohu","COHU","768993000","51.06","United States"
"5301","Jastrzebska Spólka Weglowa","JSW.WA","768691000","8.59322","Poland"
"5302","Jacquet Metals","JCQ.PA","768569000","23.8956","France"
"5303","Stabilus","STM.DE","768369000","19.9091","Luxembourg"
"5304","Fundamenta Real Estate AG","FREN.SW","766850000","20.9132","Switzerland"
"5305","HiteJinro","000080.KS","766698000","11.0002","South Korea"
"5306","Bharti Hexacom","BHARTIHEXA.NS","766460000","16.2857","India"
"5307","KITZ Corporation","6498.T","765851000","12.2421","Japan"
"5308","Yuasa Trading","8074.T","765833000","40.1586","Japan"
"5309","Evertec","EVTC","765820000","29.76","United States"
"5310","Sanki Engineering","1961.T","765763000","15.4485","Japan"
"5311","Marten Transport","MRTN","764208000","14.46","United States"
"5312","Nichiha Corporation","7943.T","763777000","19.5773","Japan"
"5313","Coats Group","COA.L","763300000","1.09985","United Kingdom"
"5314","Kearny Financial","KRNY","763032000","9.84","United States"
"5315","Hypothekarbank Lenzburg","HBLN.SW","762015000","5138.32","Switzerland"
"5316","Chatham Lodging Trust","CLDT","761859000","13.51","United States"
"5317","Elmos Semiconductor","ELG.DE","761699000","157.128","Germany"
"5318","GMO Payment Gateway","3769.T","760939000","60.2756","Japan"
"5319","Trent Limited","TRENT.NS","760337000","30.199","India"
"5320","AH Realty Trust","AHRT","760180000","6.71","United States"
"5321","Sun Frontier Fudousan","8934.T","759136000","15.7183","Japan"
"5322","Jubilant Pharmova","JUBLPHARMA.NS","759015000","9.22489","India"
"5323","monday.com","MNDY","758691000","92.55","Israel"
"5324","Chesnara plc","CSN.L","758607000","4.76216","United Kingdom"
"5325","JK Cement","JKCEMENT.NS","758449000","54.7921","India"
"5326","Waterdrop Inc.","WDH","758002000","0.9945","China"
"5327","Bunka Shutter","5930.T","756777000","11.8782","Japan"
"5328","Gujarat Mineral Development","GMDCLTD.NS","756570000","5.94166","India"
"5329","Sanken Electric Co., Ltd.","6707.T","756500000","47.0232","Japan"
"5330","Emperor Watch &amp; Jewellery","0887.HK","756465000","0.038908","Hong Kong"
"5331","Orla Mining","ORLA","756428000","9.44","Canada"
"5332","Seneca Foods","SENEA","756230000","191.79","United States"
"5333","Empyrean Technology","301269.SZ","756060000","14.378","China"
"5334","Polaris","PII","755100000","63.74","United States"
"5335","PTC India","PTC.NS","755052000","1.65277","India"
"5336","Ceconomy","CEC.DE","754638000","4.69752","Germany"
"5337","Fox-Wizel","FOX.TA","754399000","107.633","Israel"
"5338","Vicor","VICR","754125000","197.23","United States"
"5339","Nissha Co., Ltd.","7915.T","753588000","8.14467","Japan"
"5340","WELL Health Technologies","WELL.TO","753282000","3.15516","Canada"
"5341","Polyplex","POLYPLEX.NS","752707000","12.031","India"
"5342","Saudi Research and Media Group","4210.SR","752617000","16.5668","Saudi Arabia"
"5343","ID Logistics Group","IDL.PA","752584000","395.734","France"
"5344","Brinova Fastigheter","BRIN-B.ST","752031000","1.3331","Sweden"
"5345","Lindab International","LIAB.ST","752031000","13.415","Sweden"
"5346","Bystronic AG","BYS.SW","751800000","176.242","Switzerland"
"5347","PEXA Group","PXA.AX","751754000","5.81095","Australia"
"5348","New Wave Group","NEWA-B.ST","751356000","9.28973","Sweden"
"5349","Eagle Point Credit Company","ECC","750936000","3.84","United States"
"5350","MATSUDA SANGYO","7456.T","750711000","44.8647","Japan"
"5351","BlackBerry","BB","750700000","7.79","Canada"
"5352","Tiptree","TIPT","750496000","18.44","United States"
"5353","Baycurrent","6532.T","750075000","49.9473","Japan"
"5354","Food &amp; Life Companies","3563.T","749753000","36.4063","Japan"
"5355","SUNeVision","1686.HK","749706000","0.643577","Hong Kong"
"5356","Alpen Co.,Ltd.","3028.T","749529000","14.8775","Japan"
"5357","Heartland Express","HTLD","749031000","12.47","United States"
"5358","Lakeland Financial Corp","LKFN","748993000","59.47","United States"
"5359","TINC NV","TINC.BR","748900000","13.0085","Belgium"
"5360","Electra","ELTR.TA","748724000","37.8298","Israel"
"5361","Vital KSK Holdings","3151.T","748554000","10.4475","Japan"
"5362","JustSystems Corporation","4686.T","748435000","25.9776","Japan"
"5363","Protector Forsikring","PROT.OL","747728000","51.7267","Norway"
"5364","Shibaura Machine","6104.T","747508000","27.5463","Japan"
"5365","InterGlobe Aviation (IndiGo)","INDIGO.NS","747441000","54.394","India"
"5366","HBT Financial","HBT","747405000","35.6","United States"
"5367","Stagwell","STGW","746825000","8.64","United States"
"5368","Xebio Holdings","8281.T","746070000","7.3415","Japan"
"5369","Kronos Worldwide","KRO","745000000","8.79","United States"
"5370","Navitas Petroleum","NVPT.TA","744239000","43.5514","Israel"
"5371","NCC","NCC-B.ST","744201000","18.7789","Sweden"
"5372","Diversified Energy","DEC.L","743954000","14.6737","United States"
"5373","Suburban Propane Partners","SPH","743902000","17.72","United States"
"5374","China Rare Earth Resources And Technology","000831.SZ","743796000","9.04911","China"
"5375","The Magnum Ice Cream Company","MICC","743604000","20.27","Netherlands"
"5376","Fiskars","FSKRS.HE","742436000","16.3189","Finland"
"5377","Marqeta","MQ","742282000","4.06","United States"
"5378","Grange Resources","GRR.AX","742242000","0.0969688","Australia"
"5379","Sildarvinnslan","SVN.IC","742225000","1.03605","Iceland"
"5380","Union Coop","UNIONCOOP.AE","741414000","0.582693","United Arab Emirates"
"5381","Berger Paints","BERGEPAINT.NS","741290000","5.24982","India"
"5382","GL Events SA","GLO.PA","741252000","34.2114","France"
"5383","Greenlight Re","GLRE","741172000","15.4","Cayman Islands"
"5384","Better Collective A/S","BETCO-DKK.CO","740213000","12.5957","Denmark"
"5385","Lattice Semiconductor","LSCC","740159000","119.34","United States"
"5386","Cipher Mining","CIFR","739866000","16.02","United States"
"5387","Brandywine Realty Trust","BDN","739192000","3.22","United States"
"5388","Fuso Chemical","4368.T","739171000","19.1695","Japan"
"5389","Calix","CALX","737977000","38.36","United States"
"5390","Mercantile Bank","MBWM","736947000","59.88","United States"
"5391","C.Uyemura & Co.,Ltd.","4966.T","735684000","124.617","Japan"
"5392","Albany International","AIN","735415000","58.96","United States"
"5393","Bumble","BMBL","735245000","2.75","United States"
"5394","Tecnoglass","TGLS","735234000","40.82","Colombia"
"5395","Obrascón Huarte Lain","OHLA.MC","735123000","0.472782","Spain"
"5396","CVR Energy","CVI","735000000","40.03","United States"
"5397","Mitsui High-tec","6966.T","734035000","5.88575","Japan"
"5398","Banco de Brasília","BSLI3.SA","733851000","0.519072","Brazil"
"5399","Wesdome Gold Mines","WDO.TO","733551000","25.0252","Canada"
"5400","Upstart","UPST","733166000","30.47","United States"
"5401","Sano Bruno's Enterprises","SANO1.TA","732758000","117.999","Israel"
"5402","Krosaki Harima","5352.T","732582000","26.2423","Japan"
"5403","QinetiQ","QQ.L","732353000","6.99039","United Kingdom"
"5404","Endurance Technologies","ENDURANCE.NS","731761000","30.8631","India"
"5405","Intuitive Machines","LUNR","731155000","16.11","United States"
"5406","Shinagawa Refractories","5351.T","731017000","13.0704","Japan"
"5407","nib holdings limited","NHF.AX","730891000","4.82689","Australia"
"5408","Arabian Cement Company","3010.SR","730375000","5.83034","Saudi Arabia"
"5409","Bitdeer Technologies Group","BTDR","730115000","10.67","Singapore"
"5410","Kakao Games","293490.KQ","729872000","5.93487","South Korea"
"5411","Nakanishi","7716.T","729316000","19.8597","Japan"
"5412","Kimbell Royalty Partners","KRP","728874000","15.1","United States"
"5413","Axfood","AXFO.ST","728643000","25.9483","Sweden"
"5414","Instone Real Estate Group","INS.DE","728335000","8.85884","Germany"
"5415","Oma Säästöpankki","OMASP.HE","727673000","19.7459","Finland"
"5416","Meitav Investment House","MTAV.TA","727486000","38.7722","Israel"
"5417","Asker Healthcare Group AB","ASKER.ST","727429000","7.91989","Sweden"
"5418","Quanex Building Products","NX","727358000","19.82","United States"
"5419","Energy Fuels","UUUU","727316000","15.7","United States"
"5420","BSE","BSE.NS","726914000","34.8665","India"
"5421","Floridienne S.A.","FLOB.BR","726911000","67.6069","Belgium"
"5422","Kuwait Cement Company","KCEM.KW","725551000","1274.45","Kuwait"
"5423","Algoma Central Corporation","ALC.TO","725406000","17.0756","Canada"
"5424","Hexaware Technologies","HEXT.NS","725148000","5.78192","India"
"5425","Kyokuto Kaihatsu Kogyo","7226.T","724566000","14.7457","Japan"
"5426","Super Group","SGHC","724000000","13.92","Guernsey"
"5427","REX American Resources","REX","723754000","42.54","United States"
"5428","Light &amp; Wonder","LNW","723000000","86.22","United States"
"5429","Gold Royalty Corp","GROY","721994000","3.41","Canada"
"5430","Iovance Biotherapeutics","IOVA","721754000","8.08","United States"
"5431","Groupe SAMSE","SAMS.PA","721331000","138.711","France"
"5432","Benefit Systems","BFT.WA","720438000","1456.98","Poland"
"5433","Elders Limited","ELD.AX","717632000","4.2379","Australia"
"5434","Vitru","VTRU3.SA","716845000","2.63813","Brazil"
"5435","Gentherm","THRM","716470000","40.17","United States"
"5436","Takuma Co., Ltd.","6013.T","716274000","19.4518","Japan"
"5437","Freehold Royalties","FRU.TO","716267000","12.6783","Canada"
"5438","National Cement Company P.S.C.","NCC.AE","715969000","1.29336","United Arab Emirates"
"5439","Osaka Steel","5449.T","715858000","18.3098","Japan"
"5440","Upbound Group","UPBD","715732000","19.44","United States"
"5441","Nerolac Paints","KANSAINER.NS","715505000","2.08013","India"
"5442","HelloFresh","HFG.DE","714823000","3.25213","Germany"
"5443","ProFrac","ACDC","714600000","4.62","United States"
"5444","EverCommerce","EVCM","713969000","9.02","United States"
"5445","KEI Industries","KEI.NS","712948000","58.1219","India"
"5446","AMN Healthcare Services","AMN","712806000","34.24","United States"
"5447","Al Rajhi Company for Cooperative Insurance","8230.SR","712172000","15.3815","Saudi Arabia"
"5448","MLP SE","MLP.DE","711911000","11.0036","Germany"
"5449","Global Partners LP","GLP","711778000","50.08","United States"
"5450","Mercari","4385.T","711117000","28.8201","Japan"
"5451","Clarkson PLC","CKN.L","710799000","67.0915","United Kingdom"
"5452","Camden National Corporation","CAC","710007000","56.58","United States"
"5453","HMH Holding","HMH","709927000","18.76","United States"
"5454","Powell Industries","POWL","709069000","191.75","United States"
"5455","Reach plc","RCH.L","708644000","0.580155","United Kingdom"
"5456","Heritage Commerce","HTBK","708566000","13.45","United States"
"5457","Grupo Aeroportuario Centro Norte","OMAB","708195000","102.85","Mexico"
"5458","Richelieu Hardware","RCH.TO","708178000","25.6568","Canada"
"5459","Life Healthcare Group","LHC.JO","708145000","0.731327","South Africa"
"5460","Robertet","CBE.PA","707777000","798.461","France"
"5461","Standard Motor Products","SMP","707579000","37.11","United States"
"5462","StealthGas","GASS","707564000","9.21","Greece"
"5463","Gibson Energy","GEI.TO","706718000","22.4607","Canada"
"5464","Pegasystems","PEGA","705915000","33.83","United States"
"5465","Aimco","AIV","705902000","2.53","United States"
"5466","Osisko Development","ODV","705899000","2.27","Canada"
"5467","Mitie Group PLC","MTO.L","705205000","2.8342","United Kingdom"
"5468","Insmed","INSM","704852000","124.39","United States"
"5469","Akwel SA","AKW.PA","704550000","7.64658","France"
"5470","Global Indemnity","GBLI","704110000","29","Cayman Islands"
"5471","Qassim Cement Company","3040.SR","703884000","12.0922","Saudi Arabia"
"5472","Ashoka Buildcon","ASHOKA.NS","703446000","1.18268","India"
"5473","NexPoint Diversified Real Estate Trust","NXDT","703012000","5.52","United States"
"5474","MYR Group","MYRG","702819000","312.83","United States"
"5475","Haisco Pharmaceutical Group","002653.SZ","702387000","9.94048","China"
"5476","UCT (Ultra Clean Holdings)","UCTT","702100000","73.08","United States"
"5477","Kier Group","KIE.L","701372000","3.52169","United Kingdom"
"5478","TOMY Company","7867.T","701001000","22.9971","Japan"
"5479","Prashkovsky Investments and Construction","PRSK.TA","700844000","43.5514","Israel"
"5480","Solar Industries India","SOLARINDS.NS","700535000","213.994","India"
"5481","Saudi Ground Services Company","4031.SR","700513000","7.28726","Saudi Arabia"
"5482","Tomra","TOM.OL","699636000","11.7016","Norway"
"5483","Peapack-Gladstone Financial","PGC","699204000","45.18","United States"
"5484","Aevis Victoria","AEVS.SW","699146000","15.9487","Switzerland"
"5485","Horizon Bancorp","HBNC","699027000","19.6","United States"
"5486","Flex LNG","FLNG","698199000","30.42","Bermuda"
"5487","Tanger Inc.","SKT","697782000","38.06","United States"
"5488","Tosei Corporation","8923.T","697774000","11.508","Japan"
"5489","Nahdi Medical Company","4164.SR","697748000","25.1432","Saudi Arabia"
"5490","Okamoto Industries","5122.T","697627000","39.4684","Japan"
"5491","Flushing Financial Corp","FFIC","697408000","15.47","United States"
"5492","The Bancorp, Inc.","TBBK","696950000","66.3","United States"
"5493","Gulf Warehousing Company","GWCS.QA","696824000","0.623901","Qatar"
"5494","Deluxe Corporation","DLX","696800000","23.62","United States"
"5495","Velocity Financial","VEL","696404000","17.69","United States"
"5496","Fluxys Belgium","FLUX.BR","696370000","25.0612","Belgium"
"5497","Grand Canyon Education","LOPE","696190000","148.77","United States"
"5498","Com2uS","078340.KQ","695931000","25.4352","South Korea"
"5499","Salvatore Ferragamo","SFER.MI","695915000","11.0036","Italy"
"5500","Genius Sports","GENI","695099000","7.62","United Kingdom"
"5501","Aramex","ARMX.AE","694828000","0","United Arab Emirates"
"5502","American Bitcoin Corp","ABTC","694826000","8.18","United States"
"5503","Vetoquinol","VETO.PA","694784000","83.9259","France"
"5504","Northfield Bancorp","NFBK","694690000","15.31","United States"
"5505","L&amp;T Technology Services","LTTS.NS","694470000","37.1572","India"
"5506","Dalrymple Bay Infrastructure","DBI.AX","694414000","3.76383","Australia"
"5507","Willis Lease Finance Corporation","WLFC","694374000","54.91","United States"
"5508","Shochiku","9601.T","694152000","69.6501","Japan"
"5509","Takara Bio","4974.T","693575000","7.17286","Japan"
"5510","Sustained Infrastructure Holding Company (sisco)","2190.SR","693524000","10.3716","Saudi Arabia"
"5511","SmarTone Telecommunications","0315.HK","692902000","0.614236","Hong Kong"
"5512","Gaztransport & Technigaz","GTT.PA","692855000","242.452","France"
"5513","Grenevia","GEA.WA","692499000","0.861864","Poland"
"5514","OFILM Group","002456.SZ","691747000","1.12798","China"
"5515","Restar Corporation","3156.T","690520000","33.1309","Japan"
"5516","Badger Meter","BMI","690431000","137.15","United States"
"5517","John Mattson Fastighetsföretagen","JOMA.ST","689986000","6.19315","Sweden"
"5518","Dexerials Corporation","4980.T","689644000","19.3138","Japan"
"5519","Outfront Media","OUT","689200000","30.58","United States"
"5520","Mahanagar Gas","MGL.NS","689056000","11.5157","India"
"5521","Disc Medicine","IRON","688429000","82.67","United States"
"5522","Gladstone Land","LAND","688325000","8.87","United States"
"5523","Mutares","MUX.DE","687161000","29.8403","Germany"
"5524","Max Financial Services","MFSL.NS","686745000","16.5246","India"
"5525","XTB S.A.","XTB.WA","686659000","49.3644","Poland"
"5526","Autohellas","OTOEL.AT","686496000","13.4281","Greece"
"5527","MBM Resources","5983.KL","686133000","1.25326","Malaysia"
"5528","Carlton Investments","CIN.AX","686070000","26.6126","Australia"
"5529","SHO-BOND Holdings","1414.T","686049000","7.98153","Japan"
"5530","The Manitowoc Company","MTW","685900000","19.45","United States"
"5531","United Real Estate Company","URC.KW","685558000","847.458","Kuwait"
"5532","F.I.L.A. - Fabbrica Italiana Lapis ed Affini","FILA.MI","685360000","12.1809","Italy"
"5533","Zeria Pharmaceutical","4559.T","684862000","12.9072","Japan"
"5534","Técnicas Reunidas","TRE.MC","684614000","32.0084","Spain"
"5535","Voltas","VOLTAS.NS","684505000","12.7757","India"
"5536","Resolute Mining","RSG.AX","683500000","0.987645","Australia"
"5537","Protolabs","PRLB","683126000","78.85","United States"
"5538","Metallus","MTUS","683000000","19.4","United States"
"5539","Warteck Invest","WARN.SW","682954000","2389.2","Switzerland"
"5540","Boston Beer Company","SAM","682594000","185.56","United States"
"5541","Camtek","CAMT","682528000","143.25","Israel"
"5542","Helia Group","HLI.AX","682526000","3.65608","Australia"
"5543","Tapestry","TPR","682400000","130.25","United States"
"5544","Kuwait Telecommunications Company","STC.KW","682321000","1945.89","Kuwait"
"5545","Elecom","6750.T","682177000","12.3174","Japan"
"5546","Trisura Group","TSU.TO","681958000","29.9092","Canada"
"5547","GemLife Communities Group","GLF.AX","681649000","3.47651","Australia"
"5548","S4 Capital","SFOR.L","681440000","0.660317","United Kingdom"
"5549","CCC S.A.","CCC.WA","681417000","34.9389","Poland"
"5550","Lubelski Wegiel Bogdanka","LWB.WA","681259000","6.59561","Poland"
"5551","Nordic Semiconductor","NOD.OL","680231000","18.2477","Norway"
"5552","Yanbu Cement Company","3060.SR","680201000","4.03782","Saudi Arabia"
"5553","Acco Brands","ACCO","680200000","4.19","United States"
"5554","Huya","HUYA","680131000","2.18","China"
"5555","Star Micronics","7718.T","679439000","14.0138","Japan"
"5556","Artea Bankas","ROE1L.VS","679077000","1.04441","Lithuania"
"5557","Ourpalm","300315.SZ","678923000","0.589286","China"
"5558","Genus","GNS.L","678612000","31.4427","United Kingdom"
"5559","TV TOKYO Holdings","9413.T","678236000","21.6794","Japan"
"5560","Astec Industries","ASTE","678100000","43.98","United States"
"5561","Oceania Healthcare","OCA.NZ","678029000","0.481856","New Zealand"
"5562","Methode Electronics","MEI","677500000","17.06","United States"
"5563","Costamare Bulkers Holdings Limited","CMDB","676520000","19.89","Monaco"
"5564","Kornit Digital","KRNT","676465000","16.93","Israel"
"5565","PM Capital Global Opportunities Fund","PGF.AX","675645000","2.32007","Australia"
"5566","Kalyan Jewellers India","KALYANKJIL.NS","674842000","6.59055","India"
"5567","Hasbro","HAS","674200000","96.29","United States"
"5568","Schaeffler India","SCHAEFFLER.NS","673722000","42.5579","India"
"5569","National Investments Company (Kuwait)","NINV.KW","673607000","873.533","Kuwait"
"5570","Atul","ATUL.NS","673539000","68.9012","India"
"5571","ZOZO","3092.T","673406000","7.17208","Japan"
"5572","Shoe Carnival","SCVL","673400000","17.43","United States"
"5573","Pick n Pay Stores","PIK.JO","673333000","1.21073","South Africa"
"5574","Mediterranean Towers","MDTR.TA","672372000","4.54025","Israel"
"5575","Norwegian Air Shuttle","NAS.OL","672138000","1.41938","Norway"
"5576","Eastman Kodak Company","KODK","672000000","9.53","United States"
"5577","Power Integrations","POWI","671806000","54.9","United States"
"5578","Sundaram Finance","SUNDARMHLD.NS","671591000","7.58155","India"
"5579","Tsugami Corporation","6101.T","671438000","33.6956","Japan"
"5580","Kameda Seika","2220.T","671369000","8.84117","Japan"
"5581","Tiger Brands","TBS.JO","671324000","17.0511","South Africa"
"5582","Glaukos","GKOS","670928000","180.57","United States"
"5583","Trustco Bank","TRST","670920000","57.13","United States"
"5584","Spyre Therapeutics","SYRE","670811000","93.605","United States"
"5585","Ferroglobe","GSM","670460000","3.985","United Kingdom"
"5586","Aditya Birla Fashion and Retail","ABFRL.NS","669941000","0.563842","India"
"5587","Ducommun","DCO","669796000","185.36","United States"
"5588","Serica Energy","SQZ.L","669574000","3.44561","United Kingdom"
"5589","ADENTRA Inc.","ADEN.TO","669357000","25.7888","Canada"
"5590","Logista (Compañía de Distribución Integral Logista)","LOG.MC","669022000","41.5899","Spain"
"5591","SWCC Corporation","5805.T","668506000","91.6119","Japan"
"5592","Keiyo Gas","9539.T","668320000","8.48351","Japan"
"5593","Gladstone Investment","GAIN","668225000","16.455","United States"
"5594","Aegean Airlines","AEGN.AT","668136000","14.314","Greece"
"5595","Ichor Systems","ICHR","668014000","57.62","United States"
"5596","Installed Building Products","IBP","667500000","246","United States"
"5597","Cohen &amp; Steers","CNS","666970000","83.33","United States"
"5598","Halfords Group","HFD.L","666658000","3.61408","United Kingdom"
"5599","Digi International","DGII","665955000","76.08","United States"
"5600","Cardinal Energy","CJ.TO","665600000","8.62268","Canada"
"5601","Hanmi Pharmaceutical","008930.KS","665242000","30.5077","South Korea"
"5602","NewAmsterdam Pharma Company","NAMS","665222000","27.4","Netherlands"
"5603","Finolex Industries","FINPIPE.NS","664786000","1.68105","India"
"5604","Mitsuuroko Group Holdings","8131.T","664363000","13.9865","Japan"
"5605","Africa Israel Residences","AFRE.TA","664304000","80.6408","Israel"
"5606","SelectQuote","SLQT","663491000","0.55","United States"
"5607","Discovery Silver Corp.","DSV.TO","663378000","9.13413","Canada"
"5608","Saudi Chemical Holding Company","2230.SR","662902000","2.08283","Saudi Arabia"
"5609","Brunello Cucinelli","BC.MI","662553000","102.902","Italy"
"5610","Systemair AB","SYSR.ST","662255000","9.13228","Sweden"
"5611","Zai Lab","ZLAB","661981000","26.03","China"
"5612","Zabka Group","ZAB.WA","661440000","8.52564","Poland"
"5613","InMode","INMD","661253000","14.93","Israel"
"5614","Wakita & Co.,LTD.","8125.T","661217000","12.5182","Japan"
"5615","United States Lime &amp; Minerals","USLM","661159000","118.09","United States"
"5616","Corsair Gaming","CRSR","660809000","11.84","United States"
"5617","DO &amp; CO Aktiengesellschaft","DOC.VI","660320000","242.452","Austria"
"5618","Magellan Financial Group","MFG.AX","659949000","6.82373","Australia"
"5619","YETI Holdings","YETI","659927000","41.78","United States"
"5620","Supreme Industries","SUPREMEIND.NS","659904000","37.7302","India"
"5621","Comer Industries","COM.MI","659814000","56.4168","Italy"
"5622","CION Investment Corporation","CION","659636000","7.34","United States"
"5623","Sun Country Airlines","SNCY","659426000","16.17","United States"
"5624","Cyient","CYIENT.NS","659287000","11.0061","India"
"5625","Payoneer","PAYO","659075000","7.12","United States"
"5626","KEC International","KEC.NS","658901000","4.44119","India"
"5627","Murphy USA","MUSA","658700000","531.64","United States"
"5628","Fox Factory Holding","FOXF","658555000","21.06","United States"
"5629","YOOZOO Interactive","002174.SZ","658229000","1.79613","China"
"5630","Vietcap Securities","VCI.VN","657958000","0.8659","Vietnam"
"5631","Fujimori Kogyo","7917.T","657956000","7.95015","Japan"
"5632","Heidelberger Druckmaschinen","HDD.DE","657415000","1.68943","Germany"
"5633","Espressif Systems (Shanghai)","688018.SS","656709000","16.8482","China"
"5634","Penguin Solutions","PENG","656410000","51.86","United States"
"5635","Vanquis Banking Group","VANQ.L","656257000","1.07297","United Kingdom"
"5636","Protagonist Therapeutics","PTGX","655473000","151.5","United States"
"5637","First Financial","THFF","655288000","79.07","United States"
"5638","Genomma Lab Internacional","LABB.MX","655043000","0.796486","Mexico"
"5639","Ardmore Shipping","ASC","654786000","16.98","Bermuda"
"5640","Mitani Sekisan","5273.T","653939000","13.2021","Japan"
"5641","Pacira Biosciences","PCRX","653893000","25.9","United States"
"5642","C3 AI","AI","653751000","9.79","United States"
"5643","International General Insurance Holdings Ltd.","IGIC","653600000","26.64","Jordan"
"5644","Fagron","FAGR.BR","653450000","26.1103","Belgium"
"5645","Sumitomo Seika Chemicals Company","4008.T","653422000","9.83259","Japan"
"5646","McEwen Mining","MUX","651960000","21.04","Canada"
"5647","James River Group","JRVR","651531000","4.14","Bermuda"
"5648","Neobo Fastigheter","NEOBO.ST","651060000","2.08258","Sweden"
"5649","Finolex Cables","FINCABLES.NS","651006000","13.4335","India"
"5650","Heimar","HEIMAR.IC","650777000","0.283465","Iceland"
"5651","Mitsubishi Paper Mills","3864.T","650679000","7.48582","Japan"
"5652","Third Coast Bancshares","TCBX","650530000","44.34","United States"
"5653","LEW (Lechwerke)","LEC.F","649797000","74.6008","Germany"
"5654","Coronado Global Resources","CRN.AX","649746000","0.129292","Australia"
"5655","ARYZTA AG","ARYN.SW","649743000","50.8868","Switzerland"
"5656","Perion Network","PERI","649558000","9.52","Israel"
"5657","Donegal Group","DGICA","649093000","19.1","United States"
"5658","Pagaya Technologies","PGY","648783000","22.41","Israel"
"5659","Distribution Solutions Group","DSGR","648107000","34.81","United States"
"5660","Vtech","0303.HK","647300000","6.46766","Hong Kong"
"5661","Morita Holdings Corporation","6455.T","646208000","15.7623","Japan"
"5662","Compagnie Financière Tradition","CFT.SW","646082000","321.62","Switzerland"
"5663","Malaysian Pacific Industries","3867.KL","645949000","10.6478","Malaysia"
"5664","Exacompta Clairefontaine","ALEXA.PA","645871000","181.839","France"
"5665","Hagerty","HGTY","645395000","13.37","United States"
"5666","Bega Cheese","BGA.AX","644784000","4.4031","Australia"
"5667","Endeavour Silver","EXK","644700000","10.89","Canada"
"5668","Atlanticus","ATLC","643970000","92.92","United States"
"5669","Elementis","ELM.L","643900000","2.42116","United Kingdom"
"5670","Okinawa Cellular Telephone Company","9436.T","642658000","25.6011","Japan"
"5671","Relay Therapeutics","RLAY","642183000","19.46","United States"
"5672","Chugoku Marine Paints","4617.T","641819000","22.903","Japan"
"5673","Jain Irrigation Systems","JISLDVREQS.NS","641586000","0.221117","India"
"5674","Conduent","CNDT","641000000","1.68","United States"
"5675","Mitsuboshi Belting","5192.T","640804000","27.6718","Japan"
"5676","Breville Group","BRG.AX","640514000","23.4593","Australia"
"5677","Bank Ochrony Srodowiska","BOS.WA","640361000","2.72474","Poland"
"5678","Pearl Abyss","263750.KQ","639740000","22.8627","South Korea"
"5679","Hill &amp; Smith PLC","HILS.L","639692000","40.2168","United Kingdom"
"5680","Toshiba Tec Corporation","6588.T","639265000","19.7028","Japan"
"5681","Mineralys Therapeutics","MLYS","638144000","25.89","United States"
"5682","Corcept Therapeutics","CORT","637987000","119.8","United States"
"5683","Sekisui Jushi Corporation","4212.T","637556000","18.3977","Japan"
"5684","Aarti Industries","AARTIIND.NS","637005000","5.63999","India"
"5685","Viridian Therapeutics","VRDN","636008000","24.26","United States"
"5686","Unitil Corporation","UTL","636000000","53.8","United States"
"5687","Edelweiss Financial Services","EDELWEISS.NS","635789000","1.31329","India"
"5688","National Beverage","FIZZ","635714000","32.96","United States"
"5689","SHIFT UP","462870.KS","635608000","23.696","South Korea"
"5690","Regal Partners Limited","RPL.AX","635070000","2.0543","Australia"
"5691","Interface, Inc.","TILE","634585000","38.7","United States"
"5692","Merida Industry","9914.TW","634475000","2.65927","Taiwan"
"5693","Hays plc","HAS.L","634440000","0.97553","United Kingdom"
"5694","MTY Food Group","MTY.TO","634409000","26.1634","Canada"
"5695","ATN International","ATNI","633990000","30.63","United States"
"5696","Electrosteel Castings","ELECTCAST.NS","633728000","0.828218","India"
"5697","Great Southern Bancorp","GSBC","633630000","78.67","United States"
"5698","Sanlorenzo","SL.MI","633508000","44.2476","Italy"
"5699","Sanoma","SANOMA.HE","633456000","11.1551","Finland"
"5700","Patria Investments","PAX","633419000","11.6","Cayman Islands"
"5701","Ategrity Specialty Insurance Company","ASIC","633284000","26.72","United States"
"5702","Krispy Kreme","DNUT","633263000","3.44","United States"
"5703","Pfeiffer Vacuum","PFV.F","633008000","189.066","Germany"
"5704","Eastern Province Cement Company","3080.SR","632238000","6.77054","Saudi Arabia"
"5705","Coursera","COUR","631800000","6.06","United States"
"5706","Financial Institutions","FISI","631670000","40.8","United States"
"5707","Yelp","YELP","631089000","22.63","United States"
"5708","ENCE Energía y Celulosa","ENC.MC","631026000","2.94906","Spain"
"5709","Kelsian Group","KLS.AX","630124000","3.15328","Australia"
"5710","GB Group (GBG)","GBG.L","629748000","2.12497","United Kingdom"
"5711","Onity Group","ONIT","629300000","34.52","United States"
"5712","Hokkaido Gas","9534.T","628766000","5.23945","Japan"
"5713","BHG Group AB","BHG.ST","628393000","1.99441","Sweden"
"5714","Cochin Shipyard Limited","COCHINSHIP.NS","628208000","16.1244","India"
"5715","Deepak Nitrite","DEEPAKNTR.NS","627765000","18.3084","India"
"5716","First Watch Restaurant","FWRG","627657000","12.89","United States"
"5717","Sakai Moving Service Co.,Ltd.","9039.T","626489000","18.8244","Japan"
"5718","Graphite India","GRAPHITE.NS","626430000","7.20488","India"
"5719","Godawari Power &amp; Ispat","GPIL.NS","625668000","2.55515","India"
"5720","Mallinckrodt Pharmaceuticals","MNK","625400000","0.3402","United Kingdom"
"5721","EVT Limited","EVT.AX","625157000","10.9898","Australia"
"5722","Sopharma","3JR.F","623956000","2.2963","Bulgaria"
"5723","TripAdvisor","TRIP","623700000","9.87","United States"
"5724","Sinfonia Technology","6507.T","623695000","76.8661","Japan"
"5725","Zydus Wellness","ZYDUSWELL.NS","623206000","5.61433","India"
"5726","Fonciere Inea","INEA.PA","623196000","38.2329","France"
"5727","Texwinca Holdings","0321.HK","622838000","0.128843","Hong Kong"
"5728","Pandora","PNDORA.CO","622687000","131.07","Denmark"
"5729","Sotera Health","SHC","622505000","19.54","United States"
"5730","Sienna Senior Living","SIA.TO","622504000","15.5813","Canada"
"5731","Anant Raj","ANANTRAJ.NS","622433000","6.34231","India"
"5732","Reitir fasteignafélag","REITIR.IC","622346000","0.970552","Iceland"
"5733","Moelis &amp; Company","MC","622219000","67.21","United States"
"5734","Interroll","INRN.SW","622112000","1990.79","Switzerland"
"5735","GoodRx","GDRX","621986000","3.65","United States"
"5736","Ring Energy","REI","621978000","1.4","United States"
"5737","Maxvalu Tokai","8198.T","621976000","21.0205","Japan"
"5738","KNOT Offshore Partners","KNOP","621008000","10.66","United Kingdom"
"5739","goeasy","GSY.TO","620985000","31.4508","Canada"
"5740","Intellia Therapeutics","NTLA","620939000","13.19","United States"
"5741","Amber Enterprises India","AMBER.NS","620598000","80.6693","India"
"5742","SK Biopharmaceuticals","326030.KS","619992000","63.769","South Korea"
"5743","Caleres","CAL","619372000","13.09","United States"
"5744","Acinque","AC5.MI","619346000","2.49446","Italy"
"5745","JK Paper","JKPAPER.NS","618972000","4.12328","India"
"5746","Saudi Cement Company","3030.SR","618880000","7.72406","Saudi Arabia"
"5747","Kontoor Brands","KTB","618869000","77.18","United States"
"5748","The Westaim Corporation","WED.V","618662000","14.2271","Canada"
"5749","Röko AB","ROKO-B.ST","617219000","198.601","Sweden"
"5750","World Co., Ltd.","3612.T","617054000","10.6358","Japan"
"5751","Greatland Resources","GGP.L","616842000","9.49036","Australia"
"5752","Paysafe","PSFE","616233000","6.78","United States"
"5753","Bluelinx","BXC","615548000","82.77","United States"
"5754","The North West Company","NWC.TO","615186000","35.438","Canada"
"5755","Al-Ahleia Insurance","AINS.KW","614372000","2314.21","Kuwait"
"5756","Wealthfront Corporation","WLTH","614188000","9.3","United States"
"5757","Partner Communications","PTNR.TA","613054000","12.4865","Israel"
"5758","Aura Investments","AURA.TA","612860000","5.52975","Israel"
"5759","V-ZUG Holding","VZUG.SW","612205000","51.073","Switzerland"
"5760","Q2","QTWO","611676000","64.99","United States"
"5761","Pursuit Attractions and Hospitality","PRSU","611662000","50.03","United States"
"5762","Mission Produce","AVO","611600000","12.95","United States"
"5763","Grendene","GRND3.SA","611196000","0.676543","Brazil"
"5764","NextVision Stabilized Systems","NXSN.TA","611110000","67.2119","Israel"
"5765","Daeduck Electronics","353200.KS","611077000","80.6533","South Korea"
"5766","International Games System","3293.TWO","610039000","22.1816","Taiwan"
"5767","SunCoke Energy","SXC","610000000","9.82","United States"
"5768","Orion Properties","ONL","609790000","2.81","United States"
"5769","Pattern Group","PTRN","609688000","21.1","United States"
"5770","Aurelius Group","AR4.DE","609591000","19.24","Germany"
"5771","Home Invest Belgium","HOMI.BR","609472000","22.1005","Belgium"
"5772","Doshisha Co.","7483.T","608832000","19.1067","Japan"
"5773","Bit Digital","BTBT","608685000","1.56","United States"
"5774","Chefs' Warehouse","CHEF","608631000","112.01","United States"
"5775","Cancom","COK.F","607939000","25.7023","Germany"
"5776","Cogent Biosciences","COGT","607693000","36.72","United States"
"5777","M.P. Evans Group PLC","MPE.L","607658000","23.7769","United Kingdom"
"5778","Northern Region Cement Company","3004.SR","607045000","1.90704","Saudi Arabia"
"5779","Alembic Pharmaceuticals","APLLTD.NS","606410000","8.66084","India"
"5780","SeSa S.p.A.","SES.MI","606076000","108.987","Italy"
"5781","DocMorris","DOCM.SW","605945000","12.8086","Switzerland"
"5782","Ambarella","AMBA","605818000","69.64","United States"
"5783","Kiniksa Pharmaceuticals","KNSA","605687000","78.68","Bermuda"
"5784","CMC Markets Plc","CMCX.L","605451000","9.7553","United Kingdom"
"5785","DraftKings","DKNG","605048000","24.78","United States"
"5786","Shikoku Kasei Holdings Corp","4099.T","604790000","15.4924","Japan"
"5787","TXO Partners, L.P.","TXO","604468000","14.05","United States"
"5788","Pinnacle Investment Management Group","PNI.AX","604142000","12.5916","Australia"
"5789","AMTD Digital","HKD","603659000","1.69","Hong Kong"
"5790","Orrstown Financial Services","ORRF","603184000","42.22","United States"
"5791","Lifenet Insurance Company","7157.T","602911000","9.37453","Japan"
"5792","Shore Bancshares","SHBI","602714000","23.11","United States"
"5793","Commercial Facilities Company S.A.K.P.","FACIL.KW","601818000","873.533","Kuwait"
"5794","Shoals Technologies","SHLS","601646000","7.31","United States"
"5795","Duc Giang Chemicals Group","DGC.VN","601578000","1.65517","Vietnam"
"5796","BSR Real Estate Investment Trust","HOM-UN.TO","601550000","11.1367","Canada"
"5797","Medios AG","ILM1.DE","601507000","12.8453","Germany"
"5798","Tingo Group","TIO","601322000","0.69","United States"
"5799","BOE Varitronix","0710.HK","600914000","0.556193","Hong Kong"
"5800","Brim hf.","BRIM.IC","600681000","0.762536","Iceland"
"5801","Axial Retailing","8255.T","600433000","7.9376","Japan"
"5802","Terveystalo","TTALO.HE","600123000","8.99872","Finland"
"5803","Pareto Bank","PARB.OL","599999000","6.4498","Norway"
"5804","Onward Holdings Co., Ltd.","8016.T","599769000","4.89433","Japan"
"5805","Menicon Co., Ltd.","7780.T","599720000","11.7401","Japan"
"5806","Lumexa Imaging","LMRI","599620000","11.96","United States"
"5807","Cloetta","CLA-B.ST","599441000","5.89924","Sweden"
"5808","Arrowhead Pharmaceuticals","ARWR","598916000","89.12","United States"
"5809","TFF Group","TFF.PA","598534000","19.1398","France"
"5810","Einhell Germany","EIN.DE","598486000","87.3062","Germany"
"5811","Medpace","MEDP","598314000","619.05","United States"
"5812","NFI Group","NFI.TO","597709000","16.078","Canada"
"5813","Life360","LIF","597630000","43.42","United States"
"5814","Gree","3632.T","597227000","2.66051","Japan"
"5815","Thermax","THERMAX.NS","596805000","41.5418","India"
"5816","Patrimoine et Commerce SA","PAT.PA","596667000","29.9569","France"
"5817","National Healthcare Properties","NHP","596543000","16.6","United States"
"5818","Franklin Street Properties","FSP","596413000","0.4177","United States"
"5819","KMC Properties","KMCP.OL","596230000","2.49568","Norway"
"5820","Saudi Reinsurance Company","8200.SR","595988000","7.11679","Saudi Arabia"
"5821","NANO Nuclear Energy","NNE","595889000","18.5","United States"
"5822","USANA","USNA","594786000","13.67","United States"
"5823","Central Pacific Financial","CPF","593879000","38","United States"
"5824","Salhia Real Estate Company","SRE.KW","593816000","1251.63","Kuwait"
"5825","Caris Life Sciences","CAI","593490000","26.82","United States"
"5826","RENK Group","R3NK.DE","592758000","56.038","Germany"
"5827","HomeTrust Bancshares","HTB","592407000","46.77","United States"
"5828","Snt Dynamics","003570.KS","592172000","22.5728","South Korea"
"5829","Monro","MNRO","591473000","12.61","United States"
"5830","MGP Ingredients","MGPI","590813000","17.44","United States"
"5831","Colowide","7616.T","590217000","13.1833","Japan"
"5832","Northpointe Bancshares","NPB","589993000","16.89","United States"
"5833","BAUER AG","B5A0.HM","589688000","7.04045","Germany"
"5834","VisEra Technologies","6789.TW","589671000","14.5724","Taiwan"
"5835","Gasco (National Gas and Industrialization Company)","2080.SR","589197000","16.3271","Saudi Arabia"
"5836","Immunome","IMNM","588686000","28.75","United States"
"5837","Movida Participações","MOVI3.SA","588635000","1.3978","Brazil"
"5838","Exail Technologies","EXA.PA","588603000","145.122","France"
"5839","Taseko Mines","TGB","588359000","9.23","Canada"
"5840","AddLife AB","ALIF-B.ST","586974000","17.1099","Sweden"
"5841","Getty Images","GETY","586613000","0.28","United States"
"5842","CGN Mining Company","1164.HK","586467000","0.390356","Hong Kong"
"5843","MAAS Group Holdings","MGH.AX","586302000","3.96495","Australia"
"5844","Dom Development","DOM.WA","586241000","65.9561","Poland"
"5845","Credit Corp Group","CCP.AX","585630000","10.0273","Australia"
"5846","FNM S.p.A.","FNM.MI","585353000","0.530948","Italy"
"5847","Infleqtion","INFQ","585255000","13.53","United States"
"5848","Anglo-Eastern Plantations","AEP.L","584927000","2.6467","United Kingdom"
"5849","Universal Insurance Holdings","UVE","584744000","43.76","United States"
"5850","Nolato AB","NOLA-B.ST","584707000","5.59483","Sweden"
"5851","Dar Global","DAR.L","584379000","8.3","United Kingdom"
"5852","RAIZNEXT Corporation","6379.T","584106000","19.4518","Japan"
"5853","Enhabit","EHAB","583900000","13.8","United States"
"5854","Rigetti Computing","RGTI","583598000","15.94","United States"
"5855","Vivara","VIVA3.SA","583556000","4.41308","Brazil"
"5856","Paymentus","PAY","583493000","39.43","United States"
"5857","Grupa Kety","KTY.WA","583385000","338.431","Poland"
"5858","Braze","BRZE","583161000","30.81","United States"
"5859","TG Therapeutics","TGTX","583131000","55.03","United States"
"5860","Afcons Infrastructure","AFCONS.NS","583048000","2.98994","India"
"5861","Pepper Money Limited","PPM.AX","582659000","1.37911","Australia"
"5862","Forgent Power Solutions","FPS","582596000","32.21","United States"
"5863","TORIDOLL Holdings Corporation","3397.T","582397000","27.1322","Japan"
"5864","Econergy Renewable Energy","ECNR.TA","582329000","20.4732","Israel"
"5865","Ocular Therapeutix","OCUL","581574000","10.77","United States"
"5866","LX Hausys","108670.KS","581242000","25.2902","South Korea"
"5867","Laurus Labs","LAURUSLABS.NS","580992000","20.0838","India"
"5868","EIH Limited","EIHOTEL.NS","578633000","3.16644","India"
"5869","XD Inc.","2400.HK","578330000","5.38589","China"
"5870","Ballard Power Systems","BLDP","577947000","2.29","Canada"
"5871","California BanCorp","BCAL","577835000","21.36","United States"
"5872","Melexis NV","MELE.BR","577713000","76.9903","Belgium"
"5873","B2 Impact ASA","B2I.OL","577691000","2.80775","Norway"
"5874","Zojirushi","7965.T","577642000","9.3808","Japan"
"5875","Kimball Electronics","KE","577642000","23.85","United States"
"5876","Astrana Health","ASTH","577456000","38.61","United States"
"5877","Pluxee","PLX.PA","577354000","18.6502","France"
"5878","Apar Industries","APARINDS.NS","576929000","188.279","India"
"5879","Nektar Therapeutics","NKTR","576216000","73.77","United States"
"5880","Dixon Technologies","DIXON.NS","576211000","154.698","India"
"5881","Movano","MOVE","576003000","9.59","United States"
"5882","eHealth","EHTH","575731000","1.19","United States"
"5883","CTO Realty Growth","CTO","575363000","21.71","United States"
"5884","Furuno Electric Co., Ltd.","6814.T","575326000","48.5668","Japan"
"5885","Ecovyst","ECVT","575185000","10.21","United States"
"5886","Ströer","SAX.F","574791000","45.7163","Germany"
"5887","Alerus Financial","ALRS","574693000","33.23","United States"
"5888","Mesoblast","MESO","574684000","16.84","Australia"
"5889","IDOM Inc.","7599.T","574660000","8.12585","Japan"
"5890","Cosmo Pharmaceuticals","C43.F","574653000","70.4045","Ireland"
"5891","Frontera Energy","FEC.TO","573561000","5.99337","Canada"
"5892","Southern Missouri Bancorp","SMBC","573510000","74.29","United States"
"5893","Semtech","SMTC","573322000","140.8","United States"
"5894","Intercos","ICOS.MI","573182000","16.249","Italy"
"5895","Raito Kogyo","1926.T","573115000","24.0011","Japan"
"5896","THG (The Hut Group)","THG.L","572655000","0.474178","United Kingdom"
"5897","Myer Holdings","MYR.AX","572639000","0.153923","Australia"
"5898","ATRenew","RERE","572015000","4","China"
"5899","Daiichi Jitsugyo","8059.T","571955000","23.6559","Japan"
"5900","Develia","DVL.WA","571597000","2.90315","Poland"
"5901","Ellaktor","ELLAKTOR.AT","571366000","1.49668","Greece"
"5902","Flat Capital AB","FLAT-B.ST","571355000","0.963088","Sweden"
"5903","Qatar Industrial Manufacturing Company","QIMD.QA","571125000","0.571429","Qatar"
"5904","Oil States International","OIS","570956000","8.29","United States"
"5905","Kura Sushi,Inc.","2695.T","570940000","10.9809","Japan"
"5906","Vitesse Energy","VTS","570445000","16.93","United States"
"5907","Qualys","QLYS","569873000","176.67","United States"
"5908","Upwork","UPWK","569627000","8.64","United States"
"5909","Marcus &amp; Millichap","MMI","569053000","32.2","United States"
"5910","Maxell, Ltd.","6810.T","568694000","15.3607","Japan"
"5911","Plus500","PLUS.L","568000000","51.5654","Israel"
"5912","Northeast Bank","NBN","567664000","127.57","United States"
"5913","Metall Zug AG","METN.SW","567649000","1040.08","Switzerland"
"5914","Aurinia Pharmaceuticals","AUPH","567626000","16.54","Canada"
"5915","Omni Bridgeway","OBL.AX","567544000","1.03074","Australia"
"5916","Carel Industries","CRL.MI","567330000","32.3464","Italy"
"5917","Acacia Research","ACTG","567225000","4.49","United States"
"5918","Alumis","ALMS","567021000","23.62","United States"
"5919","APL Apollo","APLAPOLLO.NS","566569000","22.8931","India"
"5920","Titan Machinery","TITN","566477000","18.81","United States"
"5921","Borregaard","BRG.OL","566170000","16.793","Norway"
"5922","Intracom Holdings","INTRK.AT","566165000","3.57851","Greece"
"5923","Vår Energi","VAR.OL","565500000","5.14593","Norway"
"5924","Ascendis Pharma","ASND","564790000","250.25","Denmark"
"5925","Inwido AB","INWI.ST","564276000","18.338","Sweden"
"5926","TechnoPro Holdings","6028.T","563679000","31.1589","Japan"
"5927","Clean Energy Fuels","CLNE","563673000","1.62","United States"
"5928","HD Hyundai Marine Solution","443060.KS","563441000","160.147","South Korea"
"5929","Helical","HLCL.L","563317000","2.71735","United Kingdom"
"5930","Bapcor Limited","BAP.AX","562987000","0.463296","Australia"
"5931","ANI Pharmaceuticals","ANIP","562300000","74.56","United States"
"5932","SmartFinancial (SmartBank)","SMBK","562161000","50.68","United States"
"5933","Glarner Kantonalbank","GLKBN.SW","562092000","31.6491","Switzerland"
"5934","Immersion Corporation","IMMR","562002000","7.69","United States"
"5935","OneSpaWorld","OSW","561750000","26.47","Bahamas"
"5936","Sligro Food","SLIGR.AS","561521000","12.1693","Netherlands"
"5937","Standard BioTools","LAB","561123000","0.6518","United States"
"5938","Bitfarms","BITF","560375000","1.98","Canada"
"5939","Janus International Group","JBI","560100000","5.07","United States"
"5940","ARKO Corp.","ARKO","560059000","4.67","United States"
"5941","Capital City Bank Group","CCBG","559912000","51.08","United States"
"5942","Antin Infrastructure Partners","ANTIN.PA","559755000","10.5024","France"
"5943","Bora Pharmaceuticals","6472.TW","559225000","13.8478","Taiwan"
"5944","Imperial Petroleum","IMPP","558971000","4.85","Greece"
"5945","Midland States Bancorp","MSBI","558954000","32.79","United States"
"5946","Secure Energy Services","SES.TO","558876000","17.3246","Canada"
"5947","Mitsubishi Research Institute","3636.T","558409000","31.3426","Japan"
"5948","Hankyu Hanshin REIT","8977.T","557836000","864.665","Japan"
"5949","CTS Corporation","CTS","557475000","57.02","United States"
"5950","MCI Capital Alternatywna Spólka Inwestycyjna","MCI.WA","557163000","7.78498","Poland"
"5951","Teradata","TDC","557000000","27.06","United States"
"5952","LINK Mobility Group","LINK.OL","556847000","2.78315","Norway"
"5953","Plastika Kritis","PLAKR.AT","556452000","17.9508","Greece"
"5954","Zhihu","ZH","555521000","3.08","China"
"5955","Gujarat Alkalies and Chemicals","GUJALKALI.NS","555269000","7.49083","India"
"5956","Novavest Real Estate AG","NREN.SW","555182000","48.1563","Switzerland"
"5957","ACRES Commercial Realty","ACR","554923000","14.28","United States"
"5958","Shake Shack","SHAK","554589000","72.94","United States"
"5959","Mattr Corp.","MATR.TO","554589000","12.5702","Canada"
"5960","Agora, Inc.","API","554572000","4.13","China"
"5961","Bicycle Therapeutics","BCYC","554320000","4.355","United Kingdom"
"5962","MetroCity Bankshares","MCBS","554156000","35.24","United States"
"5963","Samty Residential Investment Corporation","3459.T","553692000","576.653","Japan"
"5964","Hitachi Energy India","POWERINDIA.NS","553672000","353.776","India"
"5965","Fastighets AB Trianon","TRIAN-B.ST","553612000","1.91043","Sweden"
"5966","Noor Financial Investment Company","NOOR.KW","553553000","1587.35","Kuwait"
"5967","Yokorei Co.,Ltd.","2874.T","553440000","13.7857","Japan"
"5968","Riley Exploration Permian","REPX","553440000","37.44","United States"
"5969","dLocal","DLO","553336000","15.36","Uruguay"
"5970","Genesco","GCO","552437000","34.55","United States"
"5971","Civista Bancshares","CIVB","552243000","27.38","United States"
"5972","PAL GROUP Holdings","2726.T","552209000","9.37453","Japan"
"5973","Ponce Financial Group","PDLB","551363000","20.07","United States"
"5974","Eikon Therapeutics","EIKN","550671000","11.98","United States"
"5975","Monarch Casino &amp; Resort","MCRI","549849000","124.22","United States"
"5976","Koppers Holdings","KOP","549500000","46.34","United States"
"5977","Britannia Industries","BRITANNIA.NS","549384000","55.4206","India"
"5978","Exmar","EXM.BR","549113000","13.4267","Belgium"
"5979","Pigeon","7956.T","549104000","13.3182","Japan"
"5980","Auna SA","AUNA","548885000","5.23","Luxembourg"
"5981","River City Bank","RCBC","548491000","50.03","United States"
"5982","Kuwait Insurance Company","KINS.KW","548202000","1512.39","Kuwait"
"5983","Tohokushinsha Film","2329.T","547891000","3.21896","Japan"
"5984","Rashtriya Chemicals and Fertilizers","RCF.NS","547814000","1.27579","India"
"5985","HSC (Ho Chi Minh City Securities Corporation)","HCM.VN","547125000","1.01533","Vietnam"
"5986","Phu Nhuan Jewelry (PNJ)","PNJ.VN","547095000","1.60536","Vietnam"
"5987","Washington Trust Bancorp","WASH","546773000","39.73","United States"
"5988","Medmix","MEDX.SW","546672000","10.9469","Switzerland"
"5989","Tamboran Resources","TBN","546578000","36.96","Australia"
"5990","Neurones","NRO.PA","546095000","42.9537","France"
"5991","Summit Therapeutics","SMMT","545932000","14.23","United Kingdom"
"5992","Ivanhoe Electric","IE","545673000","11.93","Canada"
"5993","Granite Ridge Resources","GRNT","545636000","5","United States"
"5994","Headwater Exploration","HWX.TO","544899000","10.1859","Canada"
"5995","Najran Cement Company","3002.SR","544472000","1.5022","Saudi Arabia"
"5996","TPG Mortgage Investment Trust","MITT","544396000","6.64","United States"
"5997","Stride Property Group","SPG.NZ","544181000","0.66627","New Zealand"
"5998","Granules India","GRANULES.NS","543941000","8.73049","India"
"5999","Granite Point Mortgage Trust","GPMT","543868000","1.05","United States"
"6000","Kuwait Investment Company","KINV.KW","543780000","635.593","Kuwait"
"6001","The Star Entertainment Group","SGR.AX","543464000","0.0969688","Australia"
"6002","Madrigal Pharmaceuticals","MDGL","543454000","538.88","United States"
"6003","ES-CON JAPAN","8892.T","543079000","7.09678","Japan"
"6004","LSB Industries","LXU","542949000","10.41","United States"
"6005","Munters Group AB","MTRS.ST","542773000","18.0546","Sweden"
"6006","Akastor ASA","AKAST.OL","542657000","1.42901","Norway"
"6007","A'ayan Leasing and Investment Company","AAYAN.KW","542626000","906.128","Kuwait"
"6008","Redcare Pharmacy","RDC.DE","542020000","76.4658","Netherlands"
"6009","Feintool International","FTON.SW","540744000","14.2731","Switzerland"
"6010","ZE PAK SA","ZEP.WA","540683000","4.83858","Poland"
"6011","CEAT","CEATLTD.NS","540629000","36.9111","India"
"6012","Al Hammadi Holding Company","4007.SR","540427000","6.79185","Saudi Arabia"
"6013","Kvika banki","KVIKA.IC","540413000","0.110742","Iceland"
"6014","Aavas Financiers","AAVAS.NS","540288000","13.3194","India"
"6015","Bellevue Gold","BGL.AX","539452000","1.19954","Australia"
"6016","Auto Trader Group","AUTO.L","539134000","7.17925","United Kingdom"
"6017","Legacy Housing Corporation","LEGH","538993000","28.55","United States"
"6018","Thermon Group","THR","538707000","61.14","United States"
"6019","Universal Logistics Holdings","ULH","538587000","19.17","United States"
"6020","Riken Keiki","7734.T","538431000","20.9578","Japan"
"6021","Bar Harbor Bankshares","BHB","537937000","39.31","United States"
"6022","TRE Holdings Corporation","9247.T","537688000","12.2735","Japan"
"6023","Ionic Digital","IOND","536871000","70.63","United States"
"6024","United Electronics Company (eXtra Saudi)","4003.SR","536562000","17.7387","Saudi Arabia"
"6025","Medacta Group","MOVE.SW","536353000","157.377","Switzerland"
"6026","Gilat Satellite Networks","GILT","536156000","10.17","Israel"
"6027","Bel Fuse","BELFB","535708000","255.11","United States"
"6028","Genesis Energy  L.P.","GEL","535506000","16.44","United States"
"6029","RCS MediaGroup","RCS.MI","535307000","1.08637","Italy"
"6030","Econocom Group","ECONB.BR","534972000","1.70183","Belgium"
"6031","BEWi ASA","BEWI.OL","534613000","2.24085","Norway"
"6032","Daiseki","9793.T","534515000","24.3775","Japan"
"6033","Fujimi Incorporated","5384.T","534207000","22.7147","Japan"
"6034","Hawkins","HWKN","534009000","118.57","United States"
"6035","Atour Lifestyle","ATAT","533762000","35.27","China"
"6036","Westshore Terminals Investment","WTE.TO","533666000","29.9582","Canada"
"6037","Cargojet","CJT.TO","533630000","61.3744","Canada"
"6038","Immobel","IMMO.BR","533587000","24.0121","Belgium"
"6039","Network18","NETWORK18.NS","533461000","0.307322","India"
"6040","Tennant Company","TNC","533000000","70.42","United States"
"6041","Dor Alon Energy In Israel","DRAL.TA","532623000","60.1777","Israel"
"6042","AvenuesAI Limited","CCAVENUE.NS","532412000","0.159736","India"
"6043","TOKAI Corp.","9729.T","532410000","16.1701","Japan"
"6044","Nextage Co Ltd","3186.T","532108000","21.1147","Japan"
"6045","Shutterstock","SSTK","532078000","5.54","United States"
"6046","Wemade","112040.KQ","531906000","10.9784","South Korea"
"6047","Knr Constructions","KNRCON.NS","531830000","1.28658","India"
"6048","Atlanta Braves Holdings, Inc.","BATRK","531152000","51.65","United States"
"6049","Atlanta Braves Holdings","BATRA","531152000","56.55","United States"
"6050","RBB Bancorp","RBB","531054000","26.36","United States"
"6051","Compass Diversified Holdings","CODI","530396000","11.38","United States"
"6052","ISU Petasys","007660.KS","530212000","81.7403","South Korea"
"6053","Grid Dynamics","GDYN","530117000","7.72","United States"
"6054","Global Medical REIT","GMRE","530065000","35.98","United States"
"6055","Diana Shipping","DSX","529945000","2.67","Greece"
"6056","HIVE Digital Technologies","HIVE","529359000","2.87","Canada"
"6057","Xerox","XRX","529000000","2.98","United States"
"6058","BE Semiconductor","BESI.AS","528879000","227.591","Netherlands"
"6059","Auction Technology Group","ATG.L","528800000","6.00807","United Kingdom"
"6060","Bridgewater Bancshares","BWB","528424000","21.16","United States"
"6061","Revolve Group","RVLV","528251000","23.36","United States"
"6062","EnQuest","ENQ.L","528059000","0.334235","United Kingdom"
"6063","Immatics","IMTX","527554000","9.43","Germany"
"6064","Netcompany Group","NETC.CO","527301000","49.4788","Denmark"
"6065","Bank of Jerusalem","JBNK.TA","526358000","6.95342","Israel"
"6066","Arendals Fossekompani","AFK.OL","526225000","19.9484","Norway"
"6067","SandRidge Energy","SD","525970000","13.91","United States"
"6068","Fortrea","FTRE","525900000","18.53","United States"
"6069","Peoples Financial Services","PFIS","525505000","69.9","United States"
"6070","Solid Power","SLDP","525457000","2.34","United States"
"6071","Egypt Kuwait Holding Company","EKHOLDING.KW","524744000","685.921","Egypt"
"6072","TechTarget","TTGT","524546000","3.88","United States"
"6073","Ranpak","PACK","524500000","5.08","United States"
"6074","Adastria","2685.T","524382000","22.1814","Japan"
"6075","CEWE","CWC.F","524177000","118.895","Germany"
"6076","Arcus Biosciences","RCUS","524000000","30.76","United States"
"6077","CSB Bank","CSBBANK.NS","523540000","3.64146","India"
"6078","Oxford Industries","OXM","523390000","38.77","United States"
"6079","Boston Omaha","BOC","523167000","14","United States"
"6080","Osotspa","OSP.BK","523102000","0.52455","Thailand"
"6081","Emergent BioSolutions","EBS","523100000","5.97","United States"
"6082","Vitec Software Group","VIT-B.ST","522758000","27.6488","Sweden"
"6083","Monte Rosa Therapeutics","GLUE","521916000","14.38","United States"
"6084","Malibu Boats","MBUU","521597000","26.64","United States"
"6085","EuroGroup Laminations","EGLA.MI","521539000","1.14815","Italy"
"6086","AQ Group","AQ.ST","521407000","23.513","Sweden"
"6087","Shin Nippon Air Technologies","1952.T","521305000","19.546","Japan"
"6088","dormakaba","DOKA.SW","521283000","72.6068","Switzerland"
"6089","Middle East Healthcare Company","4009.SR","520942000","8.76282","Saudi Arabia"
"6090","Adani Total Gas","ATGL.NS","520388000","6.75343","India"
"6091","Heritage Insurance","HRTG","520372000","34.42","United States"
"6092","VusionGroup","VU.PA","519967000","149.901","France"
"6093","Earth Corporation","4985.T","519714000","30.9347","Japan"
"6094","Northern Data AG","NB2.DE","519481000","9.8438","Germany"
"6095","Biglari","BH","519160000","383.07","United States"
"6096","SF Urban Properties (SFP)","SFPN.SW","519016000","124.114","Switzerland"
"6097","Gamma Communications","GAMA.L","518487000","15.5976","United Kingdom"
"6098","Lemonade","LMND","518000000","53.64","United States"
"6099","Welspun India","WELSPUNIND.NS","517911000","1.91","India"
"6100","NET Power","NPWR","517877000","1.81","United States"
"6101","Attica Holdings","ATTICA.AT","517774000","1.88833","Greece"
"6102","Toyo Construction","1890.T","517673000","11.3574","Japan"
"6103","Syngene International","SYNGENE.NS","517627000","4.33539","India"
"6104","BRP (Bombardier Recreational Products)","DOO","517394000","60.23","Canada"
"6105","JOST Werke SE","JST.DE","517378000","72.2695","Germany"
"6106","Great Lakes Dredge &amp; Dock Corp.","GLDD","517142000","17","United States"
"6107","Almoosa Health Company","4018.SR","515862000","32.2014","Saudi Arabia"
"6108","Xencor","XNCR","515633000","28.44","United States"
"6109","Kosmos Energy","KOS","515109000","2.78","United States"
"6110","Ibstock plc","IBST.L","515066000","1.19224","United Kingdom"
"6111","Qantas Airways","QAN.AX","515064000","6.93866","Australia"
"6112","Village Super Market","VLGEA","514898000","43.65","United States"
"6113","Generate Biomedicines","GENB","514801000","16.14","United States"
"6114","Six Flags","FUN","514273000","16.13","United States"
"6115","Eslead Corporation","8877.T","514254000","33.6956","Japan"
"6116","Bicara Therapeutics","BCAX","513958000","24.73","United States"
"6117","Healthcare Services Group","HCSG","513766000","22.91","United States"
"6118","Secure Trust Bank PLC","STB.L","513662000","19.9997","United Kingdom"
"6119","Artisan Partners","APAM","513585000","43.53","United States"
"6120","GVS S.p.A.","GVS.MI","513570000","5.3969","Italy"
"6121","Keihanshin Building","8818.T","513277000","7.10306","Japan"
"6122","Zad Holding Company","ZHCD.QA","512937000","3.37637","Qatar"
"6123","Matthews International Corporation","MATW","512219000","21.55","United States"
"6124","DXP Enterprises","DXPE","512197000","190.8","United States"
"6125","Senior plc","SNR.L","512158000","3.99451","United Kingdom"
"6126","Apogee Enterprises","APOG","512019000","40.86","United States"
"6127","OPAL Fuels","OPAL","511894000","2.18","United States"
"6128","Wave Life Sciences","WVE","511730000","5.23","Singapore"
"6129","Union Tool","6278.T","511447000","92.4276","Japan"
"6130","Abbott India","ABBOTINDIA.NS","510694000","276.946","India"
"6131","OHB SE","OHB.DE","510633000","225.667","Germany"
"6132","Independent Bank Corporation","IBCP","510553000","36.71","United States"
"6133","Cellebrite","CLBT","510540000","11.62","Israel"
"6134","Trident","TRIDENT.NS","510398000","0.255682","India"
"6135","Bilia AB","BILI-A.ST","510318000","15.2624","Sweden"
"6136","GigaCloud Technology","GCT","510299000","52.08","China"
"6137","The Rank Group","RNK.L","509868000","1.45107","United Kingdom"
"6138","Ascencio","ASCE.BR","509708000","60.2634","Belgium"
"6139","YONEX Co., Ltd.","7906.T","509147000","17.4439","Japan"
"6140","HEG","HEG.NS","508954000","7.43951","India"
"6141","Hibiya Engineering","1982.T","508693000","18.9185","Japan"
"6142","Alerion Clean Power","ARN.MI","508242000","22.4035","Italy"
"6143","Minto Apartment Real Estate Investment Trust","MI-UN.TO","507467000","12.9592","Canada"
"6144","Adgar Investments and Development","ADGR.TA","507464000","1.23721","Israel"
"6145","National Medical Care Company","4005.SR","507456000","33.2135","Saudi Arabia"
"6146","Trican Well Service","TCW.TO","507268000","4.37257","Canada"
"6147","Harmonic Drive Systems","6324.T","506945000","36.2683","Japan"
"6148","Movado Group","MOV","506917000","35","United States"
"6149","Fiducial Real Estate","ORIA.PA","506655000","195.827","France"
"6150","Deoleo","OLE.MC","506616000","0.507881","Spain"
"6151","ADTRAN","ADTN","506542000","7.91","United States"
"6152","Dustin Group","DUST.ST","506541000","0.195872","Sweden"
"6153","Aktis Oncology","AKTS","506108000","26.51","United States"
"6154","Progress Software","PRGS","506083000","43.53","United States"
"6155","Recticel","RECT.BR","505654000","14.8502","Belgium"
"6156","BillionToOne","BLLN","505620000","96.22","United States"
"6157","Zumtobel Group","ZAG.VI","505071000","4.7558","Austria"
"6158","South Plains Financial","SPFI","504939000","43.54","United States"
"6159","Zensar","ZENSARTECH.NS","504801000","4.8675","India"
"6160","BCI Minerals Limited","BCI.AX","504545000","0.341187","Australia"
"6161","M.Yochananof and Sons","YHNF.TA","503511000","117.158","Israel"
"6162","Verve Group SE","VER.ST","503344000","1.26697","Sweden"
"6163","Bank Jago","ARTO.JK","503287000","0.056338","Indonesia"
"6164","Mitra Keluarga","MIKA.JK","502899000","0.105634","Indonesia"
"6165","KlaraBo Sverige","KLARA-B.ST","502745000","1.44227","Sweden"
"6166","Nichireki Group","5011.T","502412000","14.181","Japan"
"6167","Middlesex Water Company","MSEX","502389000","58.51","United States"
"6168","EL.En. S.p.A. (Elen Group)","ELN.MI","502166000","17.7643","Italy"
"6169","Viking Therapeutics","VKTX","501917000","34.38","United States"
"6170","OPAP (Organization of Football Prognostics)","OPAP.AT","501851000","16.8777","Greece"
"6171","Canopy Growth","CGC","501762000","1.035","Canada"
"6172","Vamos Locação de Caminhões, Máquinas e Equipamentos S.A.","VAMO3.SA","501598000","0.592947","Brazil"
"6173","Titan International","TWI","501547000","7.05","United States"
"6174","Schoeller-Bleckmann Oilfield Equipment","SBO.VI","501374000","35.0857","Austria"
"6175","Hilton Food Group plc","HFG.L","501249000","8.50532","United Kingdom"
"6176","Orascom Development","ODHN.SW","501124000","6.66163","Switzerland"
"6177","Lands' End","LE","501121000","12.18","United States"
"6178","PILLAR Corporation","6490.T","500810000","63.6263","Japan"
"6179","Calfrac Well Services","CFW.TO","500731000","5.00648","Canada"
"6180","Portillo's","PTLO","500255000","4.75","United States"
"6181","Waldencast","WALD","500098000","1.37","United States"
"6182","Visional, Inc.","4194.T","499877000","58.1924","Japan"
"6183","Vera Therapeutics","VERA","499697000","36.82","United States"
"6184","CS Diagnostics","CSDX","499470000","0.0105","Germany"
"6185","Lindsay Corporation","LNN","499096000","114.13","United States"
"6186","Surge Energy","SGY.TO","498876000","7.87351","Canada"
"6187","Accelleron Industries","ACLN.SW","498267000","98.919","Switzerland"
"6188","Intrepid Potash","IPI","498197000","37.38","United States"
"6189","ARB Corporation Limited","ARB.AX","497708000","14.0497","Australia"
"6190","Kyokuyo","1301.T","497329000","29.868","Japan"
"6191","Abivax","ABVX","497221000","116.52","France"
"6192","Deutsche Konsum REIT-AG","DKG.DE","496768000","1.6552","Germany"
"6193","RattanIndia Power","RTNPOWER.NS","496095000","0.0823295","India"
"6194","Altri","ALTR.LS","495812000","5.47849","Portugal"
"6195","Soleno Therapeutics","SLNO","495800000","53.01","United States"
"6196","Hogy Medical","3593.T","495301000","41.0184","Japan"
"6197","CryoPort","CYRX","494989000","16.57","United States"
"6198","Telia Lietuva","ZWS.F","494112000","2.54109","Lithuania"
"6199","Sheng Siong Group","OV8.SI","494111000","2.52102","Singapore"
"6200","TransMedics Group","TMDX","494007000","92.22","United States"
"6201","Lindex Group","LINDEX.HE","493756000","2.68096","Finland"
"6202","Service Properties Trust","SVC","493736000","7.83","United States"
"6203","B.P. Marsh &amp; Partners","BPM.L","492692000","9.23493","United Kingdom"
"6204","Bossard Holding","BOSN.SW","492642000","290.427","Switzerland"
"6205","Ares Commercial Real Estate","ACRE","492418000","4.63","United States"
"6206","The Pack Corporation","3950.T","492248000","9.39963","Japan"
"6207","Semperit","SEM.VI","492155000","19.7575","Austria"
"6208","AtriCure","ATRC","491693000","48.17","United States"
"6209","Ionis Pharmaceuticals","IONS","491414000","63.36","United States"
"6210","Euroseas","ESEA","490689000","74.43","Greece"
"6211","oOh!media Limited","OML.AX","490655000","1.17799","Australia"
"6212","Digital Garage","4819.T","489945000","13.93","Japan"
"6213","Tejon Ranch","TRC","489864000","15.87","United States"
"6214","eREX Co.,Ltd.","9517.T","489737000","5.49044","Japan"
"6215","Lahav LR Real Estate","LAHAV.TA","489486000","3.86039","Israel"
"6216","GDI Property Group","GDI.AX","489329000","0.470478","Australia"
"6217","Sweetgreen","SG","488931000","6.85","United States"
"6218","Sprinklr","CXM","488460000","7.41","United States"
"6219","Varex Imaging","VREX","488100000","18.48","United States"
"6220","SPIMACO (Saudi Pharmaceutical Industries and Medical Appliances Corporation)","2070.SR","487972000","8.2461","Saudi Arabia"
"6221","J D Wetherspoon","JDW.L","487436000","11.5012","United Kingdom"
"6222","Centessa Pharmaceuticals","CNTA","487348000","40.5","United Kingdom"
"6223","Pangaea Logistics Solutions","PANL","486831000","7.92","United States"
"6224","Wellneo Sugar","2117.T","486805000","17.9208","Japan"
"6225","EuroTeleSites","ETS.VI","486269000","5.22205","Austria"
"6226","Colgate-Palmolive","CL","486000000","92.06","United States"
"6227","Narayana Hrudayalaya","NH.NS","485592000","19.9696","India"
"6228","Ottobock","OBCK.F","485538000","69.0057","Germany"
"6229","Nano Dimension","NNDM","485444000","1.59","United States"
"6230","Foster Electric Company","6794.T","485089000","18.7114","Japan"
"6231","United Breweries","UBL.NS","484342000","14.0976","India"
"6232","Card Factory plc","CARD.L","483858000","1.03803","United Kingdom"
"6233","Hingham Institution for Savings","HIFS","482663000","300.17","United States"
"6234","Gladstone Capital Corporation","GLAD","482614000","19.74","United States"
"6235","Al Ansari Financial Services","ALANSARI.AE","482470000","0","United Arab Emirates"
"6236","PowerFleet","AIOT","481615000","3.01","United States"
"6237","Atal S.A.","1AT.WA","480940000","15.2456","Poland"
"6238","Marico","MARICO.NS","480722000","8.73887","India"
"6239","Olema Pharmaceuticals","OLMA","480478000","10.85","United States"
"6240","Vertu Motors","VTU.L","479723000","1.22411","United Kingdom"
"6241","Doman Building Materials Group","DBM.TO","479560000","7.65019","Canada"
"6242","BellSystem24","6183.T","479264000","8.96667","Japan"
"6243","Gulf Keystone Petroleum","GKP.L","479027000","2.63964","Bermuda"
"6244","Uchida Yoko Co., Ltd.","8057.T","478738000","14.2249","Japan"
"6245","NIPPON KANZAI Holdings","9347.T","478386000","18.2345","Japan"
"6246","Sunteck Realty","SUNTECK.NS","478383000","3.22667","India"
"6247","City Cement Company","3003.SR","478298000","2.72473","Saudi Arabia"
"6248","Advantage Solutions","ADV","478028000","32.81","United States"
"6249","Miquel y Costas &amp; Miquel","MCM.MC","477847000","15.3864","Spain"
"6250","Solstad Offshore","SOFF.OL","477838000","7.24132","Norway"
"6251","Estun Automation","002747.SZ","477819000","4.73363","China"
"6252","Hathway","HATHWAY.NS","477806000","0.110506","India"
"6253","Chubu Steel Plate","5461.T","477585000","13.2586","Japan"
"6254","Thermador Groupe","THEP.PA","477527000","88.2387","France"
"6255","Honeywell Automation India","HONAUT.NS","477374000","386.142","India"
"6256","Ratio Energies","RATI.TA","477334000","1.51151","Israel"
"6257","Aeon Hokkaido Corporation","7512.T","476534000","5.40887","Japan"
"6258","Amotiv Limited","AOV.AX","476450000","4.53239","Australia"
"6259","Salam International Investment","SIIS.QA","475505000","0.207143","Qatar"
"6260","Repay Holdings","RPAY","475263000","3.76","United States"
"6261","Groupe Partouche","PARP.PA","475059000","20.9815","France"
"6262","WisdomTree","WT","475018000","24.76","United States"
"6263","Savaria Corporation","SIS.TO","474571000","20.6815","Canada"
"6264","Riyadh Cement Company","3092.SR","474406000","6.20056","Saudi Arabia"
"6265","Ethan Allen","ETD","473739000","23.6","United States"
"6266","Mezzan Holding Company","MEZZAN.KW","473701000","3774.45","Kuwait"
"6267","Ricegrowers Limited","SGLLV.AX","473634000","9.76153","Australia"
"6268","Preformed Line Products","PLPC","473582000","409.77","United States"
"6269","Timbercreek Financial","TF.TO","473535000","4.32935","Canada"
"6270","Argan","AGX","473511000","455.15","United States"
"6271","Saul Centers","BFS","473474000","33.68","United States"
"6272","Safilo Group","SFL.MI","473473000","2.16109","Italy"
"6273","LEENO Industrial","058470.KQ","472864000","48.334","South Korea"
"6274","AG Barr","BAG.L","472777000","8.17146","United Kingdom"
"6275","Mativ Holdings","MATV","472300000","12.33","United States"
"6276","Bob's Discount Furniture","BOBS","472228000","17.13","United States"
"6277","MCAN Mortgage Corporation","MKP.TO","471865000","16.0063","Canada"
"6278","NSD Co., Ltd.","9759.T","471670000","18.131","Japan"
"6279","Gr. Sarantis S.A.","SAR.AT","471615000","16.4355","Greece"
"6280","Rapport Therapeutics","RAPP","471512000","52.5","United States"
"6281","NETGEAR","NTGR","471155000","21.66","United States"
"6282","KinderCare Learning Companies","KLC","471093000","2.49","United States"
"6283","Daiichi Kensetsu","1799.T","471075000","21.1147","Japan"
"6284","AF Gruppen","AFG.OL","470730000","20.8362","Norway"
"6285","Xlife Sciences","XLS.SW","470328000","17.8724","Switzerland"
"6286","AppFolio","APPF","470228000","223.18","United States"
"6287","Emeco Holdings","EHL.AX","470215000","0.811665","Australia"
"6288","Morgan Advanced Materials","MGAM.L","469870000","3.22686","United Kingdom"
"6289","Whitestone REIT","WSR","469665000","18.99","United States"
"6290","Nestlé India","NESTLEIND.NS","469205000","15.1744","India"
"6291","Formycon AG","FYB.DE","468877000","21.5295","Germany"
"6292","Aya Gold &amp; Silver","AYA.TO","468716000","27.7121","Canada"
"6293","Aktor","AKTR.AT","468505000","12.1693","Greece"
"6294","Piaggio","PIA.MI","468504000","2.37557","Italy"
"6295","SHL Finance Company","1183.SR","468464000","3.86203","Saudi Arabia"
"6296","Iridium Communications","IRDM","468351000","47.2","United States"
"6297","Bangkok Airways","BA.BK","467781000","0.594693","Thailand"
"6298","BlueNord ASA","BNOR.OL","467400000","57.4385","Norway"
"6299","BLG Logistics","BLH.F","467364000","13.5214","Germany"
"6300","maison pommery &amp; associes","POMRY.PA","467335000","11.7729","France"
"6301","Nexxen","NEXN","466750000","10.06","Israel"
"6302","Zip Co","ZIP.AX","466728000","1.83882","Australia"
"6303","Dätwyler","DAE.SW","466591000","168.051","Switzerland"
"6304","Adeia","ADEA","466567000","26.13","United States"
"6305","Basic-Fit","BFIT.AS","466485000","38.8157","Netherlands"
"6306","Microvast","MVST","466106000","0.7665","United States"
"6307","Ecora Resources","ECOR.L","465698000","2.36153","United Kingdom"
"6308","Cracker Barrel","CBRL","465470000","58.555","United States"
"6309","Totech Corporation","9960.T","464557000","24.1893","Japan"
"6310","Linc AB","LINC.ST","464549000","7.82017","Sweden"
"6311","Farmland Partners","FPI","463508000","10.36","United States"
"6312","Jadwa Investment - Jadwa Reit Saudi Fund","4342.SR","462989000","2.60487","Saudi Arabia"
"6313","Teikoku Sen-i Co., Ltd.","3302.T","462804000","21.4284","Japan"
"6314","Direct Finance of Direct Group","DIFI.TA","462164000","211.463","Israel"
"6315","99 Speed Mart Retail","5326.KL","461983000","0.840482","Malaysia"
"6316","Westgold Resources Limited","WGX.AX","461709000","4.71197","Australia"
"6317","BinDawood","4161.SR","461577000","1.25183","Saudi Arabia"
"6318","SEALSQ","LAES","461508000","2.48","Switzerland"
"6319","Boiron","BOI.PA","461408000","29.8403","France"
"6320","Jamjoom Pharmaceuticals Factory Company","4015.SR","461382000","37.6348","Saudi Arabia"
"6321","Grenergy Renovables","GRE.MC","461350000","107.472","Spain"
"6322","WISeKey International","WKEY","461149000","6.43","Switzerland"
"6323","H.I.S. Co., Ltd.","9603.T","460988000","7.32267","Japan"
"6324","Indian Railway Catering & Tourism","IRCTC.NS","460883000","5.10527","India"
"6325","Cars.com","CARS","460748000","11.97","United States"
"6326","Generation Development Group","GDG.AX","460698000","2.33443","Australia"
"6327","SoundHound AI","SOUN","460666000","7.01","United States"
"6328","IPH Limited","IPH.AX","460071000","2.42781","Australia"
"6329","Labrador Iron Ore Royalty Corp.","LIF.TO","459762000","19.3416","Canada"
"6330","The Cheesecake Factory","CAKE","459226000","115.35","United States"
"6331","Bowhead Specialty Holdings","BOW","459160000","33.61","United States"
"6332","Buckle","BKE","458871000","44.17","United States"
"6333","Jindal Poly Films","JINDALPOLY.NS","458821000","6.69111","India"
"6334","Shamal Az-Zour Al-Oula Power and Water Company","AZNOULA.KW","458592000","453.064","Kuwait"
"6335","Lottomatica Group","LTMC.MI","458574000","29.1176","Italy"
"6336","Five Star Bancorp","FSBC","458519000","45.28","United States"
"6337","Datalogic S.p.A.","DAL.MI","458276000","6.59751","Italy"
"6338","Fluence Energy","FLNC","458183000","11.08","United States"
"6339","TOCALO Co.,Ltd.","3433.T","458169000","17.4753","Japan"
"6340","Hexatronic Group AB","HTRO.ST","457875000","4.40239","Sweden"
"6341","NGEx Minerals","NGEX.TO","457524000","20.7535","Canada"
"6342","Esprinet","PRT.MI","457522000","8.32265","Italy"
"6343","Anora Group","ANORA.HE","457413000","4.51684","Finland"
"6344","Italtile","ITE.JO","457328000","0.572779","South Africa"
"6345","Marcus Corporation","MCS","456884000","29.62","United States"
"6346","Mr D.I.Y. Group","5296.KL","456784000","0.355589","Malaysia"
"6347","Global Unichip Corp.","3443.TW","456632000","186.527","Taiwan"
"6348","Integral Diagnostics Limited","IDX.AX","456481000","1.67361","Australia"
"6349","VeriSilicon Microelectronics","688521.SS","456471000","28.8244","China"
"6350","Linde India","LINDEINDIA.NS","456392000","68.587","India"
"6351","Celldex Therapeutics","CLDX","456226000","40.57","United States"
"6352","Gemini Space Station","GEMI","456138000","4.54","United States"
"6353","Holley","HLLY","455961000","2.86","United States"
"6354","Nordic American Tankers","NAT","455941000","6.9","Bermuda"
"6355","Adtran Networks","ADV.DE","455787000","26.8097","Germany"
"6356","Macmahon Holdings","MAH.AX","455428000","0.718288","Australia"
"6357","Victrex","VCT.L","455304000","11.2906","United Kingdom"
"6358","Twist Bioscience","TWST","455094000","150.06","United States"
"6359","Gevo","GEVO","454700000","1.65","United States"
"6360","FRP Holdings","FRPH","454397000","22.01","United States"
"6361","MaxLinear","MXL","454191000","63","United States"
"6362","Arctic Paper","ARP.ST","454153000","1.81911","Poland"
"6363","Neon Equity AG","D77.DE","454053000","6.64413","Germany"
"6364","Concentra Group","CON","453970000","34.95","United States"
"6365","Bharat Dynamics","BDL.NS","453656000","14.0746","India"
"6366","Jarir","4190.SR","453632000","4.53855","Saudi Arabia"
"6367","Varonis Systems","VRNS","453513000","41.4","United States"
"6368","Enliven Therapeutics","ELVN","453365000","60.865","United States"
"6369","Ajial Real Estate Entertainment Company","AREEC.KW","453343000","994.133","Kuwait"
"6370","Burckhardt Compression","BCHN.SW","453298000","641.67","Switzerland"
"6371","Reformation Inc.","REF","452580000","13.68","United States"
"6372","Bajaj Mobility AG","BMAG.VI","452549000","41.2053","Austria"
"6373","Bufab AB","BUFAB.ST","452486000","14.2757","Sweden"
"6374","Fenix Outdoor","FOI-B.ST","452320000","34.2198","Switzerland"
"6375","Carabao Group","CBG.BK","452226000","1.70784","Thailand"
"6376","4D Molecular Therapeutics","FDMT","451836000","15.56","United States"
"6377","Canada Goose","GOOS","451560000","8.12","Canada"
"6378","Channel Infrastructure NZ Limited","CHI.NZ","451512000","1.90363","New Zealand"
"6379","Volex plc","VLX.L","451300000","8.70912","United Kingdom"
"6380","Locaweb","LWSA3.SA","451224000","0.810685","Brazil"
"6381","Daiwa Industries","6459.T","451047000","10.5918","Japan"
"6382","Eik fasteignafélag","EIK.IC","450955000","0.12184","Iceland"
"6383","Hyster-Yale Materials Handling","HY","450900000","34.67","United States"
"6384","China Automotive Systems","CAAS","450702000","5.28","China"
"6385","Oxford Instruments","OXIG.L","450536000","39.0484","United Kingdom"
"6386","Walaa Cooperative Insurance Company","8060.SR","450516000","2.98309","Saudi Arabia"
"6387","Artivion","AORT","450467000","27.2","United States"
"6388","Ratnamani Metals &amp; Tubes","RATNAMANI.NS","450099000","27.8412","India"
"6389","Simona","SIM0.F","449650000","85.0915","Germany"
"6390","Amarin Corporation","AMRN","449413000","14.375","Ireland"
"6391","Force Motors","FORCEMOT.NS","448932000","181.879","India"
"6392","AS ONE Corporation","7476.T","448836000","15.5113","Japan"
"6393","Hippo Holdings","HIPO","448700000","32.96","United States"
"6394","POET Technologies","POET","448644000","8.08","Canada"
"6395","Total Energy Services","TOT.TO","448506000","22.115","Canada"
"6396","Hamborner REIT","HABA.DE","448491000","5.04721","Germany"
"6397","BMV (Bolsa Mexicana de Valores)","BOLSAA.MX","447910000","2.29218","Mexico"
"6398","Grieg Seafood","GSF.OL","447899000","3.20885","Norway"
"6399","West Coast Paper Mills","WSTCSTPAPR.NS","447790000","6.37582","India"
"6400","Gravity Co.","GRVY","447676000","73.46","South Korea"
"6401","Webzen","069080.KQ","447515000","7.87693","South Korea"
"6402","Whitefield Industrials Limited","WHF.AX","447356000","3.51961","Australia"
"6403","Wyndham Hotels &amp; Resorts","WH","447000000","76.84","United States"
"6404","IGG Inc","0799.HK","446807000","0.419696","Singapore"
"6405","Hims &amp; Hers Health","HIMS","446167000","29.83","United States"
"6406","AS Tallinna Sadam","TSM1T.TL","446129000","1.42674","Estonia"
"6407","America's Car-Mart","CRMT","446056000","2.21","United States"
"6408","Selectirente","SELER.PA","445883000","99.662","France"
"6409","Time Technoplast","TIMETECHNO.NS","445659000","1.94805","India"
"6410","Allied Gold Corporation","AAUC.TO","445559000","23.5485","Canada"
"6411","TOWA Corporation","6315.T","445279000","14.6328","Japan"
"6412","Whirlpool India","WHIRLPOOL.NS","445063000","8.7043","India"
"6413","Home Bancorp","HBCP","444410000","69.24","United States"
"6414","Camellia Plc","CAM.L","443744000","76.0859","United Kingdom"
"6415","Planet Labs","PL","443704000","21.16","United States"
"6416","Hypoport","HYQ.F","443366000","100.42","Germany"
"6417","Aston Martin","AML.L","443340000","0.465755","United Kingdom"
"6418","Ginkgo Bioworks","DNA","443153000","7.23","United States"
"6419","Arvind","ARVIND.NS","443012000","5.71227","India"
"6420","Jefferson Capital","JCAP","442875000","21.22","United States"
"6421","Private Equity Holding","PEHN.SW","442241000","75.4614","Switzerland"
"6422","Nutex Health","NUTX","442053000","195.92","United States"
"6423","Aiphone Co.,Ltd.","6718.T","441622000","18.1216","Japan"
"6424","Ethos Technologies","LIFE","441323000","39.11","United States"
"6425","Day One Biopharmaceuticals","DAWN","441162000","21.53","United States"
"6426","IDEC Corporation","6652.T","440903000","22.2441","Japan"
"6427","Yoshinoya Holdings Co., Ltd.","9861.T","440363000","23.7501","Japan"
"6428","Arrow Financial","AROW","440143000","38.05","United States"
"6429","Montrose Environmental","MEG","440091000","22.14","United States"
"6430","Progyny","PGNY","439344000","26.37","United States"
"6431","Enghouse Systems","ENGH.TO","439271000","12.2965","Canada"
"6432","PennantPark Investment","PNNT","439234000","3.76","United States"
"6433","Duni AB","DUNI.ST","439041000","8.387","Sweden"
"6434","GlobalData","DATA.L","439031000","1.15352","United Kingdom"
"6435","UFP Technologies","UFPT","438875000","304.57","United States"
"6436","BitGo","BTGO","438840000","7.02","United States"
"6437","AvePoint","AVPT","438808000","13.21","United States"
"6438","Al Meera Consumer Goods Company","MERS.QA","438618000","3.56319","Qatar"
"6439","Hanza AB","HANZA.ST","438406000","15.1365","Sweden"
"6440","i3 Verticals","IIIV","438236000","16.97","United States"
"6441","Runway Growth Finance","RWAY","438228000","6.53","United States"
"6442","MBX Biosciences","MBX","437756000","66.76","United States"
"6443","NACCO Industries","NC","437111000","42.72","United States"
"6444","CorMedix","CRMD","437049000","8.39","United States"
"6445","Axactor ASA","ACR.OL","437011000","0.538018","Norway"
"6446","Ramaco Resources","METC","437004000","12.7","United States"
"6447","NAGAWA Co., Ltd.","9663.T","436647000","32.2524","Japan"
"6448","Stillfront Group","SF.ST","436606000","0.670225","Sweden"
"6449","Arabian Shield Cooperative Insurance Company","8070.SR","436240000","3.36929","Saudi Arabia"
"6450","UBM Development","UBS.VI","436224000","19.9324","Austria"
"6451","Domino's Pizza Enterprises (Australia)","DMP.AX","436184000","14.5812","Australia"
"6452","APT Medical","688617.SS","436179000","37.2902","China"
"6453","AB Akola Group","AKO1L.VS","435982000","2.06318","Lithuania"
"6454","Smith Douglas Homes","SDHC","435891000","12.54","United States"
"6455","Rosenbauer International","ROS.VI","435507000","71.337","Austria"
"6456","Orthofix Medical","OFIX","435186000","9.75","United States"
"6457","discoverIE Group plc","DSCV.L","435174000","11.0189","United Kingdom"
"6458","YG Entertainment","122870.KQ","434858000","28.8772","South Korea"
"6459","NioCorp Developments","NB","434400000","4.33","United States"
"6460","SAL Saudi Logistics Services","4263.SR","434173000","45.1725","Saudi Arabia"
"6461","Astral Poly Technik","ASTRAL.NS","434073000","16.0836","India"
"6462","Riso Kagaku Corporation","6413.T","433796000","7.2411","Japan"
"6463","DRI Healthcare Trust","DHT-UN.TO","433632000","12.6999","Canada"
"6464","Seef Properties","SEEF.BH","433607000","1.36612","Bahrain"
"6465","Wolverine World Wide","WWW","433000000","20.1","United States"
"6466","Salik Company","SALIK.AE","432505000","1.45946","United Arab Emirates"
"6467","Repco Home Finance","REPCOHOME.NS","432236000","3.83524","India"
"6468","Olvi plc","OLVAS.HE","432047000","37.7084","Finland"
"6469","Mepco (Middle East Company for Manufacturing and Producing Paper)","1202.SR","431968000","5.01798","Saudi Arabia"
"6470","FTAI Aviation","FTAI","431676000","201.27","United States"
"6471","The Shibusawa Warehouse","9304.T","431589000","13.4343","Japan"
"6472","ACV Auctions","ACVA","430924000","7.32","United States"
"6473","FIGS","FIGS","430640000","15.22","United States"
"6474","Savers Value Village","SVV","430447000","10.84","United States"
"6475","Lincoln International, Inc.","LCLN","430394000","25.17","United States"
"6476","Banque Cantonale du Jura","BCJ.SW","430364000","95.5679","Switzerland"
"6477","Alliance Laundry Holdings","ALH","430144000","23.96","United States"
"6478","Medgulf (The Mediterranean and Gulf Cooperative Insurance and Reinsurance Company)","8030.SR","430011000","4.58916","Saudi Arabia"
"6479","PCBL Limited","PCBL.NS","429928000","3.38117","India"
"6480","Palram Industries","PLRM.TA","429763000","15.1488","Israel"
"6481","Sanford Limited","SAN.NZ","429351000","4.1047","New Zealand"
"6482","nLIGHT","LASR","429237000","43.7","United States"
"6483","Carborundum Universal","CARBORUNIV.NS","428768000","11.5963","India"
"6484","Imax Corp","IMAX","428337000","52.76","Canada"
"6485","CATRION Catering Holding Company","6004.SR","428204000","19.3634","Saudi Arabia"
"6486","Hyosung Chemical Corporation","298000.KS","427868000","42.8992","South Korea"
"6487","Elopak ASA","ELO.OL","427435000","3.75971","Norway"
"6488","Surteco Group","SUR.DE","427208000","8.9754","Germany"
"6489","Primis Financial","FRST","427198000","16.11","United States"
"6490","Vietnam Airlines","HVN.VN","426706000","0.881226","Vietnam"
"6491","INFICON","IFCN.SW","426416000","212.483","Switzerland"
"6492","Global Health Limited (Medanta)","MEDANTA.NS","426197000","15.8207","India"
"6493","International Financial Advisors Holding","IFA.KW","426056000","1140.81","Kuwait"
"6494","Villeroy &amp; Boch","VIB3.DE","426047000","17.4846","Germany"
"6495","Gorman-Rupp","GRC","425604000","77.62","United States"
"6496","Bourrelier Group","ALBOU.PA","425563000","78.7971","France"
"6497","ACNB Corporation","ACNB","425476000","64.32","United States"
"6498","Chewy","CHWY","424200000","22.97","United States"
"6499","Enerpac Tool Group","EPAC","424028000","37.71","United States"
"6500","Komax Holding","KOMN.SW","423946000","93.9544","Switzerland"
"6501","Aldrees Petroleum and Transport Services","4200.SR","423674000","31.7219","Saudi Arabia"
"6502","STEICO SE","ST5.DE","423553000","22.0772","Germany"
"6503","SMA Solar Technology","S92.F","423516000","65.6254","Germany"
"6504","Star Group","SGU","423467000","12.57","United States"
"6505","BASF India","BASF.NS","423329000","40.376","India"
"6506","Lectra SA","LSS.PA","423145000","26.052","France"
"6507","SOS Limited","SOS","423118000","0.9213","China"
"6508","CR Energy","CRZK.DE","423035000","0.412635","Germany"
"6509","HANMI Semiconductor","042700.KS","422974000","160.872","South Korea"
"6510","AerSale","ASLE","422783000","5.73","United States"
"6511","Fujiya Co., Ltd.","2211.T","422625000","15.7183","Japan"
"6512","Games Workshop Group","GAW.L","422513000","249.589","United Kingdom"
"6513","Micronics Japan Co., Ltd.","6871.T","422292000","83.3292","Japan"
"6514","Zignago Vetro","ZV.MI","422290000","8.12449","Italy"
"6515","DMC Global","BOOM","422275000","6.63","United States"
"6516","Sable Offshore","SOC","421863000","4.63","United States"
"6517","Yatsen Holding","YSG","421774000","2.94","China"
"6518","Community Healthcare Trust","CHCT","421343000","14.94","United States"
"6519","NovaGold Resources","NG","421017000","9.32","Canada"
"6520","Golden Entertainment","GDEN","420897000","28.55","United States"
"6521","Asahi India Glass","ASAHIINDIA.NS","420838000","10.0278","India"
"6522","Sinko Industries","6458.T","420762000","7.88113","Japan"
"6523","Fiverr","FVRR","420696000","9.47","Israel"
"6524","Amplify Energy","AMPY","420567000","4.58","United States"
"6525","Navitas Semiconductor","NVTS","420049000","12.67","Ireland"
"6526","AmRest","EAT.MC","420028000","2.92575","Spain"
"6527","COLOPL","3668.T","419608000","2.76091","Japan"
"6528","Bahrain Islamic Bank","BISB.BH","419555000","2.22823","Bahrain"
"6529","JYP Entertainment","035900.KQ","419276000","28.8048","South Korea"
"6530","Community West Bancshares","CWBC","419203000","26.01","United States"
"6531","Keel Infrastructure","KEEL","419135000","3.36","United States"
"6532","Ribbon Communications","RBBN","419102000","2.03","United States"
"6533","Plasson Industries","PLSN.TA","418909000","50.1144","Israel"
"6534","Johnson Outdoors","JOUT","418885000","45.48","United States"
"6535","FleetPartners Group","FPR.AX","417991000","3.00962","Australia"
"6536","Saudia Dairy &amp; Foodstuff Company","2270.SR","417890000","55.0273","Saudi Arabia"
"6537","Abacus Global Management","ABX","417603000","9.78","United States"
"6538","Deceuninck","DECB.BR","417475000","2.84415","Belgium"
"6539","MGM China Holdings","2282.HK","417376000","1.28843","Macau"
"6540","Tsuburaya Fields Holdings","2767.T","417363000","15.7497","Japan"
"6541","Miller Industries","MLR","417257000","57.2","United States"
"6542","TAKKT AG","TTK.DE","417250000","3.35703","Germany"
"6543","East Pipes Integrated Company for Industry","1321.SR","417160000","50.3396","Saudi Arabia"
"6544","Boursa Kuwait Securities Company","BOURSA.KW","416935000","9546.94","Kuwait"
"6545","Tempus AI","TEM","416405000","68.48","United States"
"6546","ORIC Pharmaceuticals","ORIC","415557000","13.91","United States"
"6547","Japan Lifeline","7575.T","415528000","9.82631","Japan"
"6548","Telix Pharmaceuticals","TLX.AX","415376000","11.1909","Australia"
"6549","Garofalo Health Care","GHC.MI","415299000","6.64413","Italy"
"6550","Temenos","TEMN.SW","415022000","94.3267","Switzerland"
"6551","Religare","RELIGARE.NS","414778000","2.45836","India"
"6552","Develop Global Limited","DVP.AX","414690000","4.06551","Australia"
"6553","Investar Holding","ISTR","414634000","30.06","United States"
"6554","Lifestyle Communities Limited","LIC.AX","414035000","4.04396","Australia"
"6555","Imdex Limited","IMD.AX","413998000","2.52119","Australia"
"6556","Plaza Retail REIT","PLZ-UN.TO","412666000","3.78908","Canada"
"6557","Sudarshan Chemical","SUDARSCHEM.NS","412262000","13.0764","India"
"6558","Kyodo Printing","7914.T","411530000","10.9244","Japan"
"6559","High Liner Foods","HLF.TO","411295000","10.9854","Canada"
"6560","Roblox","RBLX","411000000","37.56","United States"
"6561","Kakaku.com","2371.T","410962000","23.0473","Japan"
"6562","MJ Gleeson plc","GLE.L","410817000","3.7236","United Kingdom"
"6563","SolarEdge","SEDG","410720000","33.08","Israel"
"6564","Ohsho Food Service","9936.T","410313000","18.6236","Japan"
"6565","Kitron ASA","KIT.OL","410309000","9.96349","Norway"
"6566","Deep Yellow","DYL.AX","410209000","1.25341","Australia"
"6567","Major Drilling Group International","MDI.TO","409448000","12.8392","Canada"
"6568","DRDGOLD","DRD","409317000","31.25","South Africa"
"6569","Spadel","SPA.BR","409255000","403.31","Belgium"
"6570","Xperi","XPER","408009000","6.15","United States"
"6571","Covenant Logistics","CVLG","407605000","35.54","United States"
"6572","Saudi Ceramic Company","2040.SR","407180000","6.88773","Saudi Arabia"
"6573","VersaBank","VBNK","406667000","19.81","Canada"
"6574","LeMaitre Vascular","LMAT","406622000","79.61","United States"
"6575","I.D.I. Insurance Company","IDIN.TA","406393000","85.3191","Israel"
"6576","KMD Brands","KMD.NZ","406286000","0.0414161","New Zealand"
"6577","Brinker International","EAT","406000000","240.93","United States"
"6578","Hanwha Engine","082740.KS","405788000","35.0005","South Korea"
"6579","Bandwidth","BAND","405671000","46.89","United States"
"6580","NewtekOne","NEWT","404691000","12.33","United States"
"6581","Voyager Technologies","VOYG","404472000","34.63","United States"
"6582","The RMR Group","RMR","404449000","19.5","United States"
"6583","Atea ASA","ATEA.OL","404090000","18.7397","Norway"
"6584","CVS Group","CVSG.L","403881000","17.4998","United Kingdom"
"6585","Northwest Pipe Company","NWPX","403728000","112.39","United States"
"6586","Atmus Filtration Technologies","ATMU","403500000","49.48","United States"
"6587","B&amp;G Foods","BGS","403404000","3.53","United States"
"6588","Ridgepost Capital","RPC","403313000","8.69","United States"
"6589","Webjet Limited","WEB.AX","402774000","2.75822","Australia"
"6590","Nurix Therapeutics","NRIX","402627000","26.71","United States"
"6591","Vinci Compass Investments","VINP","401824000","9.44","Brazil"
"6592","Nextdoor","NXDR","401481000","2.29","United States"
"6593","NRW Holdings Limited","NWH.AX","401272000","5.54518","Australia"
"6594","Future Corporation","4722.T","401207000","15.3732","Japan"
"6595","Iljin Electric","103590.KS","401172000","54.4211","South Korea"
"6596","LNA Santé","LNA.PA","401169000","40.5642","France"
"6597","Europris","EPR.OL","400900000","9.47682","Norway"
"6598","Banca Sistema S.p.A.","BST.MI","400122000","1.86502","Italy"
"6599","PolyPeptide Group","PPGN.SW","400110000","54.6102","Switzerland"
"6600","Rigel Pharmaceuticals","RIGL","399897000","46.48","United States"
"6601","MapLight Therapeutics","MPLT","399834000","12.86","United States"
"6602","Budimex","BDX.WA","399722000","193.057","Poland"
"6603","Emirates Investment Bank","EIBANK.AE","399656000","14.9758","United Arab Emirates"
"6604","Super Hi International","9658.HK","399589000","1.31905","Singapore"
"6605","PT Aspirasi Hidup Indonesia Tbk","ACES.JK","399191000","0.020169","Indonesia"
"6606","Integral Corporation","5842.T","399116000","18.5232","Japan"
"6607","Bloomin' Brands","BLMN","398767000","11.15","United States"
"6608","Auto Partner","APR.WA","398661000","8.00123","Poland"
"6609","JAPAN MATERIAL Co., Ltd.","6055.T","398640000","13.8986","Japan"
"6610","Philip Morris ČR","TABAK.PR","398339000","894.651","Czech Republic"
"6611","Nippon Chemi-Con Corporation","6997.T","398130000","16.9482","Japan"
"6612","Huron Consulting","HURN","397440000","156.57","United States"
"6613","Kirloskar Ferrous Industries","KIRLFER.NS","397220000","4.67529","India"
"6614","BigBen Interactive","BIG.PA","397163000","0.160392","France"
"6615","Peet Limited","PPC.AX","397101000","1.40066","Australia"
"6616","Senshu Electric","9824.T","396941000","44.2372","Japan"
"6617","Millennium &amp; Copthorne Hotels New Zealand","MCK.NZ","396728000","1.88578","New Zealand"
"6618","PCB Bancorp","PCB","396718000","27.59","United States"
"6619","Latham Group","SWIM","396702000","7.12","United States"
"6620","Evolent Health","EVH","396393000","4.92","United States"
"6621","Oportun Financial","OPRT","396283000","7.46","United States"
"6622","NCR Atleos Corporation","NATL","396000000","46.44","United States"
"6623","Aditya Birla Real Estate","ABREL.NS","395702000","14.5847","India"
"6624","Sanil Electric","062040.KS","395674000","146.017","South Korea"
"6625","Chalet Hotels","CHALET.NS","395484000","9.3714","India"
"6626","One REIT, Inc.","3290.T","395311000","491.316","Japan"
"6627","Sea1 Offshore","SEA1.OL","395286000","2.87727","Norway"
"6628","National Presto Industries","NPK","395169000","151.15","United States"
"6629","Technogym","TGYM.MI","395151000","14.9318","Italy"
"6630","Stoke Therapeutics","STOK","394877000","33.09","United States"
"6631","Trupanion","TRUP","394822000","30.19","United States"
"6632","StarragTornos Group","STGN.SW","394820000","42.447","Switzerland"
"6633","ZF Commercial Vehicle Control Systems India","ZFCVINDIA.NS","394781000","26.9613","India"
"6634","Bank of Marin Bancorp","BMRC","394492000","26.78","United States"
"6635","Ponsse","PON1V.HE","394441000","27.0428","Finland"
"6636","Steel Connect","STCN","394312000","12.18","United States"
"6637","CorVel Corporation","CRVL","394231000","70.36","United States"
"6638","Toho Titanium","5727.T","393886000","17.1892","Japan"
"6639","Volution Group","FAN.L","393710000","9.239","United Kingdom"
"6640","Immunocore","IMCR","393673000","37.12","United Kingdom"
"6641","Erasca","ERAS","393528000","19.15","United States"
"6642","Azure Power","AZREF","393283000","1","India"
"6643","Brink's","BCO","393100000","111.52","United States"
"6644","BrasilAgro","LND","393054000","3.74","Brazil"
"6645","Wajax Corporation","WJX.TO","393044000","21.2433","Canada"
"6646","Knowit","KNOW.ST","392977000","9.88805","Sweden"
"6647","Vinh Hoan Corporation","VHC.VN","392464000","2.00383","Vietnam"
"6648","Kinaxis","KXS.TO","392192000","123.822","Canada"
"6649","Sinclair, Inc.","SBGI","392000000","14.33","United States"
"6650","everplay group plc","EVPL.L","391835000","3.64805","United Kingdom"
"6651","Tango Therapeutics","TNGX","391506000","25.47","United States"
"6652","KEPCO Engineering & Construction Company","052690.KS","391462000","91.5231","South Korea"
"6653","Softcat","SCT.L","391367000","28.179","United Kingdom"
"6654","Benchmark Holdings","BMK.L","391284000","0.295906","United Kingdom"
"6655","United International Holding Company","4083.SR","391230000","8.37928","Saudi Arabia"
"6656","Hangzhou Shunwang Technology","300113.SZ","391192000","2.4122","China"
"6657","Veradermics","MANE","390640000","102.8","United States"
"6658","Lesha Bank","QFBQ.QA","390613000","0.779945","Qatar"
"6659","Iberpapel Gestión","IBG.MC","390568000","21.0397","Spain"
"6660","Tata Communications","TATACOMM.NS","390558000","17.7763","India"
"6661","ADMA Biologics","ADMA","390325000","9.63","United States"
"6662","Energean","ENOG.L","390177000","9.96683","United Kingdom"
"6663","Comet Holding","COTN.SW","390008000","436.137","Switzerland"
"6664","Nxera Pharma","4565.T","389974000","6.96501","Japan"
"6665","Cinemark Theatres","CNK","389700000","37.1","United States"
"6666","The Pennant Group","PNTG","389436000","38.28","United States"
"6667","Capital Limited","CAPD.L","388690000","1.52172","United Kingdom"
"6668","IDT Corporation","IDT","388446000","69.38","United States"
"6669","Aeon Kyushu","2653.T","388156000","17.8267","Japan"
"6670","Mahindra Lifespaces","MAHLIFE.NS","387978000","3.86614","India"
"6671","Tyra Biosciences","TYRA","387575000","26.22","United States"
"6672","CBL Properties","CBL","387339000","55.1","United States"
"6673","CSPC Innovation Pharmaceutical","300765.SZ","387337000","6.98661","China"
"6674","Unilever Indonesia","UNVR.JK","387328000","0.0991549","Indonesia"
"6675","Sensirion Holding","SENS.SW","387119000","104.628","Switzerland"
"6676","Jamieson Wellness","JWEL.TO","386968000","32.8843","Canada"
"6677","Arvinas","ARVN","386800000","9.32","United States"
"6678","Healius Limited","HLS.AX","386725000","0.312455","Australia"
"6679","Lumi Rental Company","4262.SR","386222000","7.62818","Saudi Arabia"
"6680","Alantra Partners","ALNT.MC","385736000","11.6564","Spain"
"6681","Al-Babtain Power and Telecommunications","2320.SR","385671000","16.2738","Saudi Arabia"
"6682","Canacol Energy","CNE.TO","385602000","1.10603","Canada"
"6683","Turning Point Brands","TPB","385489000","88.06","United States"
"6684","Árima Real Estate","ARM.MC","385422000","12.4723","Spain"
"6685","Ackerstein Group","ACKR.TA","384647000","2.88604","Israel"
"6686","Sonos","SONO","384363000","15.33","United States"
"6687","Dan Hotels","DANH.TA","384281000","8.56893","Israel"
"6688","Gakken Holdings","9470.T","384244000","6.45675","Japan"
"6689","Deutsche Rohstoff","DR0.DE","384163000","98.846","Germany"
"6690","Vitasoy","0345.HK","383945000","0.838117","Hong Kong"
"6691","Prakash Industries","PRAKASH.NS","383847000","1.33707","India"
"6692","Clicks Group","CLS.JO","383540000","12.7352","South Africa"
"6693","Canaan","CAN","381931000","0.3982","China"
"6694","Neo Performance Materials","NEO.TO","381919000","23.6853","Canada"
"6695","Liontown Resources","LTR.AX","381906000","0.822439","Australia"
"6696","Doha Insurance Group","DOHI.QA","381889000","0.785714","Qatar"
"6697","Organogenesis","ORGO","381347000","1.75","United States"
"6698","Al-Dawaa Medical Services Company","4163.SR","381009000","10.4408","Saudi Arabia"
"6699","ParkOhio Holdings Corp.","PKOH","381000000","45.99","United States"
"6700","WiMi Hologram Cloud","WIMI","380834000","1.36","China"
"6701","Daikokutenbussan","2791.T","380672000","28.613","Japan"
"6702","I.B.I. Investment House","IBI.TA","380645000","140.852","Israel"
"6703","Veidekke","VEI.OL","380408000","22.0341","Norway"
"6704","Société Fermière du Casino Municipal de Cannes","FCMC.PA","380316000","3240.47","France"
"6705","Happinet","7552.T","380151000","23.2167","Japan"
"6706","First Business Financial Services","FBIZ","380080000","69.9","United States"
"6707","Atrium Mortgage Investment","AI.TO","380068000","8.29852","Canada"
"6708","Sprott Inc","SII","380046000","136.87","Canada"
"6709","Nazara Technologies","NAZARA.NS","379925000","3.68755","India"
"6710","CTT - Correios De Portugal","CTT.LS","379670000","7.62909","Portugal"
"6711","Ålandsbanken","ALBAV.HE","379634000","53.3862","Finland"
"6712","KPIT Technologies","KPITTECH.NS","379623000","6.15062","India"
"6713","Unimot","UNT.WA","379540000","48.6561","Poland"
"6714","Orion S.A.","OEC","379500000","6.17","United States"
"6715","Southern First Bancshares","SFST","379413000","61.965","United States"
"6716","BioAge Labs","BIOA","379121000","9.84","United States"
"6717","Reservoir Media","RSVR","378564000","9.875","United States"
"6718","Septerna","SEPN","378458000","40.25","United States"
"6719","Saratoga Investment","SAR","378455000","18.42","United States"
"6720","Asiana Airlines","020560.KS","377831000","5.4566","South Korea"
"6721","NL Industries","NL","377631000","6.53","United States"
"6722","Borussia Dortmund","BVB.F","377265000","3.76501","Germany"
"6723","Klaveness Combination Carriers","KCC.OL","376912000","11.338","Norway"
"6724","Donnelley Financial Solutions","DFIN","376700000","47.64","United States"
"6725","Target Hospitality","TH","376622000","16.78","United States"
"6726","Smith &amp; Wesson","SWBI","376559000","13.37","United States"
"6727","Farmers &amp; Merchants Bancorp","FMAO","375948000","33.81","United States"
"6728","Regional Management Corp.","RM","375849000","32.65","United States"
"6729","Ventia Services Group","VNT.AX","375825000","3.89312","Australia"
"6730","Com7 Public Company","COM7.BK","375824000","0.89204","Thailand"
"6731","Warby Parker","WRBY","375805000","25.48","United States"
"6732","IONOS Group","IOS.DE","375646000","40.1912","Germany"
"6733","DFS Furniture","DFS.L","375196000","2.24182","United Kingdom"
"6734","Hess Midstream","HESM","374800000","40.08","United States"
"6735","Jahez International Company for Information Systems Technology","6017.SR","374788000","3.32667","Saudi Arabia"
"6736","Solid Biosciences","SLDB","374132000","9.72","United States"
"6737","Tomen Devices Corporation","2737.T","373549000","201.734","Japan"
"6738","Red River Bancshares","RRBI","373326000","101","United States"
"6739","Capricorn Energy","CNE.L","373300000","4.66026","United Kingdom"
"6740","Neowiz Games","095660.KQ","372786000","13.0219","South Korea"
"6741","ASBISc Enterprises","ASB.WA","372726000","37.1949","Cyprus"
"6742","Arhaus","ARHS","372685000","8.94","United States"
"6743","BJ's Restaurants","BJRI","372530000","66.8","United States"
"6744","Arbuthnot Banking Group","ARBB.L","372231000","10.8694","United Kingdom"
"6745","Biolife Solutions","BLFS","372230000","37","United States"
"6746","Jupiter Mines Limited","JMS.AX","371825000","0.190346","Australia"
"6747","Insteel Industries","IIIN","371400000","30.51","United States"
"6748","Boyaa Interactive","0434.HK","371070000","0.388442","China"
"6749","Orrön Energy","ORRON.ST","370953000","0.751576","Sweden"
"6750","Moltiply Group (Gruppo Mutuionline)","MOL.MI","370937000","43.42","Italy"
"6751","Alkami Technology","ALKT","370654000","20.35","United States"
"6752","Whirlpool S.A.","WHRL3.SA","370551000","0.686263","Brazil"
"6753","Johnson Service Group PLC","JSG.L","370483000","1.97925","United Kingdom"
"6754","Postal Realty Trust","PSTL","370452000","23.82","United States"
"6755","Kuwait Financial Centre "Markaz”","MARKAZ.KW","369957000","449.804","Kuwait"
"6756","Al Masane Al Kobra Mining Company","1322.SR","369766000","23.5451","Saudi Arabia"
"6757","TF Bank AB","TFBANK.ST","369753000","18.8323","Sweden"
"6758","MARR S.p.A.","MARR.MI","369584000","7.28523","Italy"
"6759","Arnoldo Mondadori Editore","MN.MI","369280000","2.44784","Italy"
"6760","Maravai LifeSciences","MRVI","369083000","8.9","United States"
"6761","Zengame Technology","2660.HK","368990000","0.299145","China"
"6762","SÜSS MicroTec","SMHN.DE","368878000","87.1896","Germany"
"6763","Pro Real Estate Investment Trust","PRV-UN.TO","368437000","4.91284","Canada"
"6764","Radware","RDWR","368221000","28.42","Israel"
"6765","Aurora Cannabis","ACB","368148000","4","Canada"
"6766","NEUCA","NEU.WA","367860000","209.221","Poland"
"6767","Scanfil","SCANFL.HE","367737000","13.5214","Finland"
"6768","Crompton Greaves Consumer Electricals","CROMPTON.NS","367512000","2.50026","India"
"6769","Blue Star","BLUESTARCO.NS","367321000","15.6437","India"
"6770","PCC Rokita","PCR.WA","366799000","17.9757","Poland"
"6771","Noevir Holdings","4928.T","366278000","30.7465","Japan"
"6772","Cullinan Therapeutics","CGEM","366172000","22.85","United States"
"6773","GDI Integrated Facility Services","GDI.TO","366031000","26.8246","Canada"
"6774","Versamet Royalties Corporation","VMET","365720000","10.41","Canada"
"6775","Mirrabooka Investments Limited","MIR.AX","365581000","1.83163","Australia"
"6776","u-blox","UBXN.SW","365173000","166.427","Switzerland"
"6777","Pantheon Resources","PANR.L","365113000","0.167389","United Kingdom"
"6778","Riverstone Holdings","AP4.SI","364822000","0.613787","Singapore"
"6779","Mount Gibson Iron","MGX.AX","364516000","0.264891","Australia"
"6780","Festi hf.","FESTI.IC","363843000","2.52797","Iceland"
"6781","Sierra Bancorp","BSRR","363714000","39.49","United States"
"6782","Nel ASA","NEL.OL","363478000","0.228898","Norway"
"6783","Unipar Carbocloro","UNIP6.SA","363309000","10.9277","Brazil"
"6784","Itoki Corporation","7972.T","363218000","16.2831","Japan"
"6785","Mani, Inc.","7730.T","363136000","10.1275","Japan"
"6786","Sumitomo Chemical
 India","SUMICHEM.NS","363032000","5.49649","India"
"6787","Stellus Capital Investment Corporation","SCM","362996000","8.64","United States"
"6788","Standard Lithium","SLI","362522000","2.61","Canada"
"6789","Oeneo","SBT.PA","362513000","10.7472","France"
"6790","Phibro Animal Health","PAHC","361827000","36.09","United States"
"6791","SuRo Capital","SSSS","361552000","12.54","United States"
"6792","Emilia Development","EMDV.TA","361522000","6.82889","Israel"
"6793","Money Forward","3994.T","361346000","40.3343","Japan"
"6794","First Internet Bancorp","INBK","360954000","27.41","United States"
"6795","BVZ Holding","BVZN.SW","360575000","1886.53","Switzerland"
"6796","Synlait Milk","SML.NZ","359965000","0.252826","New Zealand"
"6797","Fever-Tree Drinks","FEVR.L","359879000","11.5691","United Kingdom"
"6798","NPK International","NPKI","359784000","13.18","United States"
"6799","Hektaş","HEKTS.IS","359535000","0.0592128","Turkey"
"6800","Kaiser (China) Culture","002425.SZ","359510000","0.471726","China"
"6801","Electrical Industries Company (EIC)","1303.SR","359404000","4.13371","Saudi Arabia"
"6802","Koenig &amp; Bauer","SKB.DE","359379000","10.3742","Germany"
"6803","Phreesia","PHR","359090000","11.6","United States"
"6804","Chorus Aviation","CHR.TO","359056000","20.5518","Canada"
"6805","Vaisala","VAIAS.HE","359032000","65.7419","Finland"
"6806","Aussie Broadband Limited","ABB.AX","358726000","3.18201","Australia"
"6807","Ola Electric Mobility","OLAELEC.NS","358456000","0.394888","India"
"6808","Independent Petroleum Group K.S.C.P.","IPG.KW","358296000","2330.51","Kuwait"
"6809","Essentra plc","ESNT.L","358227000","1.5015","United Kingdom"
"6810","Dis-Chem Pharmacies","DCP.JO","358127000","1.83928","South Africa"
"6811","Unity Bancorp","UNTY","358095000","58.33","United States"
"6812","Civmec Limited","CVL.AX","358071000","1.33961","Australia"
"6813","Redox Limited","RDX.AX","358027000","2.46373","Australia"
"6814","BAVARIA Industries Group AG","B8A.MU","357706000","121.226","Germany"
"6815","Hindustan Copper","HINDCOPPER.NS","357515000","5.607","India"
"6816","Cricut","CRCT","357491000","5.81","United States"
"6817","Minerva S.A.","BEEF3.SA","357422000","0.797076","Brazil"
"6818","Jensen-Group","JEN.BR","356816000","85.3246","Belgium"
"6819","Mitsubishi Steel Mfg.","5632.T","356397000","15.4924","Japan"
"6820","Vericel","VCEL","356231000","42.44","United States"
"6821","HawkEye 360","HAWK","356105000","21.35","United States"
"6822","GPI S.p.A.","GPI.MI","355244000","16.2723","Italy"
"6823","Harmonic Inc.","HLIT","355154000","12.44","United States"
"6824","doValue S.p.A.","DOV.MI","355010000","2.07367","Italy"
"6825","Kuwait Reinsurance Company","KUWAITRE.KW","354967000","1202.74","Kuwait"
"6826","Gallantt Ispat","GALLANTT.NS","354737000","6.06264","India"
"6827","Royal holdings","8179.T","354696000","8.64665","Japan"
"6828","Radico Khaitan","RADICO.NS","354683000","48.1753","India"
"6829","BTB Real Estate Investment Trust","BTB-UN.TO","354491000","2.75897","Canada"
"6830","Grupo Empresarial San José","GSJ.MC","354016000","9.17356","Spain"
"6831","Arabian Mills for Food Products","2285.SR","353941000","11.2825","Saudi Arabia"
"6832","Vizsla Silver","VZLA","353818000","4.02","Canada"
"6833","First Carolina Financial Services","FCBM","353354000","12.66","United States"
"6834","Telecom Plus PLC","TEP.L","353292000","11.671","United Kingdom"
"6835","Valvoline","VVV","353100000","32.72","United States"
"6836","Hagar hf.","HAGA.IC","353049000","1.01948","Iceland"
"6837","LSI Industries","LYTS","352811000","20.27","United States"
"6838","Sogefi S.p.A.","SGF.MI","352782000","2.34293","Italy"
"6839","EVgo","EVGO","352662000","1.46","United States"
"6840","Litgrid AB","LGD1L.VS","352607000","1.30551","Lithuania"
"6841","WhiteFiber","WYFI","352579000","20","United States"
"6842","STAAR Surgical","STAA","352366000","22.86","United States"
"6843","The Vita Coco Company","COCO","352173000","62.8","United States"
"6844","G8 Education","GEM.AX","352100000","0.0969688","Australia"
"6845","HealthStream","HSTM","351992000","28.76","United States"
"6846","Ramkrishna Forgings","RKFORGE.NS","351973000","7.54164","India"
"6847","Ernst Russ","ERAG.DE","351613000","9.8846","Germany"
"6848","IDP Education","IEL.AX","351585000","1.28933","Australia"
"6849","Archicom","ARH.WA","351423000","13.9481","Poland"
"6850","World Acceptance Corporation","WRLD","351005000","191.12","United States"
"6851","Genel Energy","GENL.L","351000000","0.901836","United Kingdom"
"6852","Shibaura Mechatronics","6590.T","350563000","25.7894","Japan"
"6853","Stratus Properties","STRS","350428000","18.96","United States"
"6854","Advanced Medical Solutions Group","AMS.L","350287000","3.82128","United Kingdom"
"6855","Air Astana","7YH.F","349794000","5.75825","Kazakhstan"
"6856","Camping World","CWH","349468000","6.51","United States"
"6857","Viking Line Abp","VIK1V.HE","349425000","23.3127","Finland"
"6858","Craftsman Automation","CRAFTSMAN.NS","349156000","114.329","India"
"6859","Tarsus Pharmaceuticals","TARS","348951000","70.65","United States"
"6860","indie Semiconductor","INDI","348950000","3.9","United States"
"6861","Asseco South Eastern Europe","ASE.WA","348830000","21.3006","Poland"
"6862","Sinad Holding Company","4080.SR","348766000","2.25862","Saudi Arabia"
"6863","Sheela Foam","SFL.NS","348748000","6.71729","India"
"6864","HUB24 Limited","HUB.AX","348563000","54.6258","Australia"
"6865","Daily Journal","DJCO","348516000","633.05","United States"
"6866","Medartis Holding","MED.SW","348455000","114.806","Switzerland"
"6867","Ali Al-Ghanim Sons Automotive Company","ALG.KW","348287000","3044.33","Kuwait"
"6868","Waterstone Financial","WSBF","348211000","21","United States"
"6869","Café de Coral","0341.HK","348088000","0.665263","Hong Kong"
"6870","Friedrich Vorwerk Group","VH2.DE","347826000","85.0915","Germany"
"6871","Costain Group","COST.L","347723000","3.16572","United Kingdom"
"6872","PROCEPT BioRobotics","PRCT","347667000","21.07","United States"
"6873","Perspective Therapeutics","CATX","347438000","3.16","United States"
"6874","Rockhopper Exploration","RKH.L","347213000","0.994552","United Kingdom"
"6875","Amlak International Finance Company","1182.SR","346512000","2.38913","Saudi Arabia"
"6876","Select Harvests Limited","SHV.AX","345869000","3.27539","Australia"
"6877","Sandnes Sparebank","SADG.OL","345593000","9.64521","Norway"
"6878","IsoEnergy","ISO.TO","345504000","12.2173","Canada"
"6879","Uzin Utz","UZU.DE","345478000","75.3002","Germany"
"6880","Seika Corporation","8061.T","345456000","19.7342","Japan"
"6881","Chorus","CNU.NZ","345439000","5.34801","New Zealand"
"6882","Peter Warren Automotive Holdings Limited","PWR.AX","345270000","0.610544","Australia"
"6883","Vaalco Energy","EGY","344904000","5.69","United States"
"6884","Mavi Giyim Sanayi ve Ticaret","MAVI.IS","344856000","0.796983","Turkey"
"6885","National CineMedia","NCMI","344800000","2.64","United States"
"6886","Grammer AG","GMM.DE","344727000","12.1226","Germany"
"6887","WhiteHawk Minerals Corp","WHK","344603000","26.12","United States"
"6888","Codan Limited","CDA.AX","344578000","34.9231","Australia"
"6889","JCU Corporation","4975.T","344094000","34.9506","Japan"
"6890","BayCom (United Business Bank)","BCML","343988000","30.19","United States"
"6891","NBCC India","NBCC.NS","343961000","0.927831","India"
"6892","Seco S.p.A.","IOT.MI","343667000","4.47605","Italy"
"6893","Tuas Limited","TUA.AX","343627000","1.56587","Australia"
"6894","Rogers Sugar (Lantic)","RSI.TO","343400000","4.94885","Canada"
"6895","CMGE Technology Group","0302.HK","343305000","0.0242378","China"
"6896","OppFi","OPFI","342982000","7.1","United States"
"6897","Globalstar","GSAT","342816000","81.82","United States"
"6898","Cegedim SA","ALCGM.PA","342750000","12.0993","France"
"6899","Pason Systems","PSI.TO","342585000","9.65279","Canada"
"6900","Emak S.p.A.","EM.MI","342482000","0.962816","Italy"
"6901","Grupo Casas Bahia S.A.","BHIA3.SA","342397000","0.0699872","Brazil"
"6902","Abdullah Al-Othaim Markets Company","4001.SR","342390000","1.32374","Saudi Arabia"
"6903","Latch","LTCH","342343000","0.152","United States"
"6904","Reit Azorim - H.F Living","AZRT.TA","342311000","2.06987","Israel"
"6905","Maze Therapeutics","MAZE","341701000","29.58","United States"
"6906","Clas Ohlson AB","CLAS-B.ST","341695000","47.6768","Sweden"
"6907","Aubay","AUB.PA","341336000","63.6438","France"
"6908","Alteogen","196170.KQ","341148000","225.728","South Korea"
"6909","World Holdings","2429.T","341020000","17.8329","Japan"
"6910","North American Construction Group","NOA","340914000","13.31","Canada"
"6911","Unitika Ltd.","3103.T","340795000","9.69014","Japan"
"6912","United Projects Company For Aviation Services","UPAC.KW","340681000","792.047","Kuwait"
"6913","Prosegur Cash","CASH.MC","340513000","0.771652","Spain"
"6914","Universal Technical Institute","UTI","339905000","22.12","United States"
"6915","Richtech Robotics","RR","339639000","1.85","United States"
"6916","Clover Health Investments","CLOV","339426000","4.25","United States"
"6917","Craneware","CRW.L","339383000","17.8597","United Kingdom"
"6918","Electra Consumer Products","ECP.TA","339176000","21.4593","Israel"
"6919","Delegat","DGL.NZ","339115000","2.5461","New Zealand"
"6920","Tokyo Electron Device Limited","2760.T","338973000","25.3815","Japan"
"6921","OrthoPediatrics","KIDS","338712000","24.03","United States"
"6922","Emerald Holding","EEX","338400000","5.04","United States"
"6923","Exponent","EXPO","338337000","70.34","United States"
"6924","CEVA","CEVA","338183000","27.63","United States"
"6925","CRISIL","CRISIL.NS","337915000","49.1725","India"
"6926","Coffee Day Enterprises","COFFEEDAY.NS","337629000","0.313187","India"
"6927","Norconsult","NORCO.OL","337623000","4.17686","Norway"
"6928","BlackLine","BL","337521000","31.32","United States"
"6929","Ercros","ECR.MC","337437000","4.0739","Spain"
"6930","Myriad Genetics","MYGN","337400000","3.12","United States"
"6931","loanDepot","LDI","337296000","0.8822","United States"
"6932","Service Stream Limited","SSM.AX","337174000","1.77417","Australia"
"6933","APR Co., Ltd.","278470.KS","336972000","314.86","South Korea"
"6934","AXT Inc","AXTI","336966000","65.18","United States"
"6935","Strides Pharma","STAR.NS","336884000","10.3279","India"
"6936","Nayifat Finance Company","4081.SR","336831000","2.70609","Saudi Arabia"
"6937","AutoCanada Inc.","ACQ.TO","336662000","16.1936","Canada"
"6938","Engineers India","ENGINERSIN.NS","336498000","2.58961","India"
"6939","Skel fjárfestingafélag","SKEL.IC","336458000","0.140903","Iceland"
"6940","NerdWallet","NRDS","336200000","9.79","United States"
"6941","OneConnect Financial Technology","OCFT","336135000","7.89","China"
"6942","Cadre Holdings, Inc.","CDRE","336116000","31.52","United States"
"6943","SITE Centers","SITC","335950000","3.03","United States"
"6944","Tokmanni","TOKMAN.HE","335937000","8.52081","Finland"
"6945","Swiss Steel","STLN.SW","335911000","1.60943","Switzerland"
"6946","AVI Limited","AVI.JO","335878000","5.35805","South Africa"
"6947","Zenas BioPharma","ZBIO","335829000","33.04","United States"
"6948","Northrim BanCorp","NRIM","335809000","25.63","United States"
"6949","Citizens &amp; Northern Corp","CZNC","335564000","25.36","United States"
"6950","Parke Bancorp","PKBK","335563000","33.72","United States"
"6951","Eimskipafélag Íslands","EIM.IC","335305000","2.37049","Iceland"
"6952","Maruzen","5982.T","335135000","26.511","Japan"
"6953","Pantoro Limited","PNR.AX","335024000","1.95374","Australia"
"6954","One Software Technologies","ONE.TA","335022000","23.1253","Israel"
"6955","MVB Financial","MVBF","334920000","29.95","United States"
"6956","Kajaria Ceramics","KAJARIACER.NS","334867000","12.6092","India"
"6957","KATITAS CO., Ltd.","8919.T","334584000","24.1893","Japan"
"6958","Vishay Precision Group","VPG","334477000","64.06","United States"
"6959","Bertrandt","BDT.DE","334015000","10.7005","Germany"
"6960","Horizon Technology Finance","HRZN","333863000","4.79","United States"
"6961","Alpine Income Property Trust","PINE","333662000","19.69","United States"
"6962","Avex Inc.","7860.T","333512000","8.04427","Japan"
"6963","Raymond","RAYMOND.NS","333493000","6.46591","India"
"6964","Fulcrum Therapeutics","FULC","333303000","3.86","United States"
"6965","Ice Fish Farm","IFISH.OL","333270000","3.10189","Iceland"
"6966","Performance Shipping","PSHG","333203000","1.71","Greece"
"6967","iFAST Corporation","AIY.SI","333059000","6.97986","Singapore"
"6968","Südwestdeutsche Salzwerke","SSH.F","332773000","69.9382","Germany"
"6969","Autosports Group","ASG.AX","332500000","1.02715","Australia"
"6970","Nacon","NACON.PA","332427000","0.0702879","France"
"6971","Gulf Navigation Holding","GULFNAV.AE","332083000","0.822261","United Arab Emirates"
"6972","American Coastal Insurance Corporation","ACIC","331698000","9.51","United States"
"6973","Unusual Machines","UMAC","331637000","23.89","United States"
"6974","FRoSTA AG","NLM.F","331601000","120.061","Germany"
"6975","Comgás","CGAS5.SA","331580000","23.4807","Brazil"
"6976","Saudi Steel Pipes","1320.SR","331418000","13.8101","Saudi Arabia"
"6977","Humm Group","HUM.AX","331009000","0.312455","Australia"
"6978","Vital Farms","VITL","330908000","10.94","United States"
"6979","Novocure","NVCR","330717000","17.89","Jersey"
"6980","Malteries Franco-Belges","MALT.PA","330268000","1037.42","France"
"6981","Renew Holdings plc","RNWH.L","329977000","13.0161","United Kingdom"
"6982","PeptiDream","4587.T","329437000","6.94932","Japan"
"6983","PTC Financial Services","PFS.NS","329437000","0.285116","India"
"6984","Pioneer Bancorp","PBFS","328585000","17.72","United States"
"6985","Pico Far East Holdings","0752.HK","328463000","0.285113","Hong Kong"
"6986","Syrma SGS Technology","SYRMA.NS","327913000","15.6437","India"
"6987","Inmobiliaria del Sur","ISUR.MC","327784000","19.5827","Spain"
"6988","Gielda Papierów Wartosciowych w Warszawie","GPW.WA","327720000","26.8285","Poland"
"6989","Cytek Biosciences","CTKB","327644000","4.57","United States"
"6990","Seven Hills Realty Trust","SEVN","326982000","7.62","United States"
"6991","Agilysys","AGYS","326791000","114.61","United States"
"6992","COMPASS Pathways","CMPS","326687000","14.61","United Kingdom"
"6993","Marksans Pharma","MARKSANS.NS","326545000","3.41888","India"
"6994","Phoenix Education Partners","PXED","326432000","28.8","United States"
"6995","Kuwait National Cinema Company","KCIN.KW","326331000","4413.3","Kuwait"
"6996","Soft-World International","5478.TWO","326323000","3.10669","Taiwan"
"6997","Fujibo Holdings","3104.T","325957000","21.7735","Japan"
"6998","Root Insurance","ROOT","325900000","58.19","United States"
"6999","Optima bank","OPTIMA.AT","325777000","13.7778","Greece"
"7000","Syrah Resources Limited","SYR.AX","325741000","0.079023","Australia"
"7001","Newag","NWG.WA","325498000","24.5984","Poland"
"7002","Tata Elxsi","TATAELXSI.NS","325332000","38.0643","India"
"7003","Mirbud S.A.","MRB.WA","324950000","3.44107","Poland"
"7004","Simplex Holdings","4373.T","324444000","7.48582","Japan"
"7005","Groupe SFPI","SFPI.PA","324171000","2.36624","France"
"7006","Dubai Refreshment","DRC.AE","324053000","8.02156","United Arab Emirates"
"7007","ARGO GRAPHICS","7595.T","323994000","8.34547","Japan"
"7008","ArriVent BioPharma","AVBP","323980000","31.14","United States"
"7009","ReneSola","SOL","323523000","1.94","United States"
"7010","Delta Plus Group","ALDLT.PA","323342000","41.0304","France"
"7011","MA Financial Group","MAF.AX","322876000","4.43183","Australia"
"7012","Shriram Pistons &amp; Rings","SHRIPISTON.NS","322859000","47.2431","India"
"7013","BEST S.A.","BST.WA","321844000","9.46092","Poland"
"7014","Cedar Woods Properties Limited","CWP.AX","321796000","5.48772","Australia"
"7015","Cavatina Holding Spólka Akcyjna","CAV.WA","321751000","3.60866","Poland"
"7016","Wabash National","WNC","321734000","12.51","United States"
"7017","Phoenix Mecano","PMN.SW","321689000","548.584","Switzerland"
"7018","Contango Ore","CTGO","321528000","20.3","United States"
"7019","KOMEDA Holdings","3543.T","321428000","18.6738","Japan"
"7020","Global Dominion Access","DOM.MC","321406000","3.17053","Spain"
"7021","Duniec Bros.","DUNI.TA","321386000","77.0396","Israel"
"7022","GFT Technologies","GFT.DE","321123000","29.0244","Germany"
"7023","Derayah Financial Company","4084.SR","320536000","5.91557","Saudi Arabia"
"7024","Intapp","INTA","320201000","40.4","United States"
"7025","Mastek","MASTEK.NS","320038000","16.9079","India"
"7026","CytomX Therapeutics","CTMX","319944000","3.32","United States"
"7027","Logistic Properties of the Americas","LPA","319926000","3.07","United States"
"7028","Global Industrial Company","GIC","319900000","39.47","United States"
"7029","Uniti","UNIT","319700000","10.16","United States"
"7030","Toro Corp.","TORO","319573000","6.16","Cyprus"
"7031","Nuvation Bio","NUVB","319564000","6.96","United States"
"7032","AlzChem Group","ACT.DE","319520000","189.999","Germany"
"7033","Gesco SE","GSC1.DE","319487000","16.7269","Germany"
"7034","MNTN, Inc.","MNTN","318627000","13.05","United States"
"7035","CI&amp;T","CINT","318575000","3.37","Brazil"
"7036","Rush Street Interactive","RSI","318556000","26.38","United States"
"7037","Boss Energy","BOE.AX","318168000","1.08821","Australia"
"7038","Hampiðjan","HAMP.IC","317875000","0.741815","Iceland"
"7039","Serve Robotics","SERV","317790000","4.78","United States"
"7040","Bayer Crop Science","BAYERCROP.NS","317240000","42.6301","India"
"7041","Brunel International","BRNL.AS","317224000","8.81222","Netherlands"
"7042","CECO Environmental","CECO","317200000","70.33","United States"
"7043","Winton Land","WIN.NZ","316883000","0.66627","New Zealand"
"7044","Kardex Holding","KARN.SW","316824000","324.558","Switzerland"
"7045","Varia US Properties","VARN.SW","316815000","16.5072","Switzerland"
"7046","USA Compression Partners","USAC","316666000","27.07","United States"
"7047","TON Strategy Co.","TONX","316565000","2.98","United States"
"7048","Tsubakimoto Kogyo","8052.T","316549000","18.3977","Japan"
"7049","AEVEX Corp.","AVEX","316057000","18.34","United States"
"7050","Forterra plc","FORT.L","315806000","1.96193","United Kingdom"
"7051","Al Soor Fuel Marketing Company K.S.C.P.","SOOR.KW","315090000","912.647","Kuwait"
"7052","Zehnder Group","ZEHN.SW","314240000","90.231","Switzerland"
"7053","BEML","BEML.NS","313754000","20.1246","India"
"7054","India Glycols","INDIAGLYCO.NS","313719000","12.5715","India"
"7055","Schrödinger","SDGR","313548000","19.47","United States"
"7056","CareDx","CDNA","313535000","50.96","United States"
"7057","Tejas Networks","TEJASNET.NS","313515000","5.34671","India"
"7058","momo.com Inc.","8454.TW","313337000","8.05003","Taiwan"
"7059","OraSure Technologies","OSUR","313324000","3.71","United States"
"7060","Bet Shemesh Engines","BSEN.TA","313310000","254.88","Israel"
"7061","Tabuk Cement Company","3090.SR","313215000","1.97097","Saudi Arabia"
"7062","Daikoku Denki","6430.T","313211000","15.8501","Japan"
"7063","Cross Country Healthcare","CCRN","312807000","13.25","United States"
"7064","Prothena","PRTA","312616000","9.25","Ireland"
"7065","Emami","EMAMILTD.NS","312613000","4.07929","India"
"7066","Chiyoda Corporation","6366.T","312540000","4.52412","Japan"
"7067","Sedlmayr Grund und Immobilien AG","SPB.F","312539000","1270.54","Germany"
"7068","Accent Group","AX1.AX","312518000","0.52435","Australia"
"7069","Collegium Pharmaceutical","COLL","312422000","27.51","United States"
"7070","Eckert &amp; Ziegler","EUZ.F","312093000","15.3514","Germany"
"7071","Bankwell Financial Group","BWFG","311866000","65.65","United States"
"7072","Timken India","TIMKEN.NS","311772000","33.1769","India"
"7073","CVR Partners","UAN","311743000","126.13","United States"
"7074","Hinge Health","HNGE","311560000","90.5","United States"
"7075","SThree","STEM.L","311188000","3.88582","United Kingdom"
"7076","Nilfisk Holding","NLFSK.CO","310833000","21.9239","Denmark"
"7077","Monadelphous Group","MND.AX","310738000","20.4038","Australia"
"7078","QuinStreet","QNST","310391000","19.68","United States"
"7079","Willdan Group","WLDN","310345000","85.94","United States"
"7080","MyState Limited","MYS.AX","310299000","3.53397","Australia"
"7081","Bird Construction","BDT.TO","310299000","48.5161","Canada"
"7082","Compagnie d'Entreprises CFE","CFEB.BR","310139000","12.9386","Belgium"
"7083","REVO Insurance S.p.A.","REVO.MI","309935000","29.3158","Italy"
"7084","Bawan Company","1302.SR","309839000","9.47663","Saudi Arabia"
"7085","PZ Cussons plc","PZC.L","309472000","1.41846","United Kingdom"
"7086","Ayr Wellness","AYRWF","309350000","0.0037","United States"
"7087","Kudelski SA","KUD.SW","309340000","1.60107","Switzerland"
"7088","Almunajem Foods Company","4162.SR","309333000","16.1673","Saudi Arabia"
"7089","T1 Energy","TE","309207000","4.51","United States"
"7090","OEM International","OEM-B.ST","309096000","18.2855","Sweden"
"7091","Equasens","EQS.PA","309001000","39.1654","France"
"7092","Alliance Aviation Services","AQZ.AX","308210000","0.64632","Australia"
"7093","Leejam Sports Company","1830.SR","307958000","21.5475","Saudi Arabia"
"7094","IntegraFin","IHP.L","307641000","5.34639","United Kingdom"
"7095","Funding Circle","FCH.L","307591000","3.17251","United Kingdom"
"7096","BCB Bancorp","BCBP","307380000","8.66","United States"
"7097","Shofu Inc.","7979.T","307020000","14.5387","Japan"
"7098","Solar A/S","SOLAR-B.CO","307006000","32.1129","Denmark"
"7099","create restaurants holdings","3387.T","306899000","4.84413","Japan"
"7100","Havertys","HVT","306611000","27.26","United States"
"7101","TWFG, Inc.","TWFG","306433000","30.9","United States"
"7102","AS Merko Ehitus","MRK1T.TL","306420000","31.2974","Estonia"
"7103","JM Holdings Co.,Ltd.","3539.T","306383000","9.44355","Japan"
"7104","American Public Education","APEI","306165000","46.01","United States"
"7105","Schloss Wachenheim","SWA.DE","306050000","17.4846","Germany"
"7106","Patriot Battery Metals","PMET.TO","305957000","3.84671","Canada"
"7107","Allient","ALNT","305926000","93.05","United States"
"7108","Zumiez","ZUMZ","305865000","18.45","United States"
"7109","Firm Capital Mortgage Investment Corporation","FC.TO","305808000","8.4642","Canada"
"7110","Proficient Auto Logistics","PAL","305735000","5.38","United States"
"7111","PureTech Health","PRTC","305676000","17.42","United States"
"7112","Guerbet","GBT.PA","305521000","9.03369","France"
"7113","ViTrox Corporation","0097.KL","304796000","2.3623","Malaysia"
"7114","LendingTree","TREE","304734000","29.8","United States"
"7115","Multi Commodity Exchange","MCX.NS","304644000","34.3808","India"
"7116","Freightways","FRW.NZ","304600000","7.88221","New Zealand"
"7117","Evommune","EVMN","304555000","14.11","United States"
"7118","Raisio plc","RAIVV.HE","304517000","2.91409","Finland"
"7119","Chicago Atlantic BDC","LIEN","304184000","10.15","United States"
"7120","Upstream Bio","UPB","303995000","7.13","United States"
"7121","National Fertilizers","NFL.NS","303899000","0.74725","India"
"7122","Macquarie Technology Group","MAQ.AX","303836000","44.1388","Australia"
"7123","Sun Corp","6736.T","303831000","52.7082","Japan"
"7124","Village Farms International","VFF","303787000","2.86","Canada"
"7125","Collins Foods Limited","CKF.AX","303688000","5.91151","Australia"
"7126","Chicago Atlantic Real Estate Finance","REFI","303423000","10.68","United States"
"7127","Icelandair","ICEAIR.IC","303398000","0.00591794","Iceland"
"7128","Mayne Pharma Group","MYX.AX","303125000","2.24106","Australia"
"7129","CJ CGV Co., Ltd.","079160.KS","303123000","3.89136","South Korea"
"7130","Prime Office A/S","PRIMOF.CO","302946000","36.166","Denmark"
"7131","MONY Group plc","MONY.L","302877000","2.79072","United Kingdom"
"7132","James Latham plc","LTHM.L","302752000","14.6194","United Kingdom"
"7133","Alma Media","ALMA.HE","302550000","16.2606","Finland"
"7134","El Pollo Loco","LOCO","302498000","15.62","United States"
"7135","Kotobuki Spirits","2222.T","302278000","16.9764","Japan"
"7136","Delek US","DK","302000000","70.84","United States"
"7137","Aura Minerals","AUGO","301859000","89.3","United States"
"7138","Presidio Production Company","FTW","301634000","11.37","United States"
"7139","Ridley Corporation","RIC.AX","301352000","1.85318","Australia"
"7140","Seritage Growth Properties","SRG","301311000","2.11","United States"
"7141","Caliway Biopharmaceuticals","6919.TW","301196000","3.24532","Taiwan"
"7142","Invalda INVL, AB","IVL1L.VS","301084000","32.6378","Lithuania"
"7143","Mühlbauer Holding","MUB.DE","300760000","52.2205","Germany"
"7144","Daktronics","DAKT","300747000","19.51","United States"
"7145","Transcat","TRNS","300619000","89.66","United States"
"7146","Ranger Energy Services","RNGR","300400000","15.79","United States"
"7147","Mannai Corporation","MCCS.QA","299959000","1.43846","Qatar"
"7148","Caledonia Mining","CMCL","299461000","24.9","Jersey"
"7149","Turpaz Industries","TRPZ.TA","299340000","19.588","Israel"
"7150","ASP Isotopes","ASPI","299017000","3.945","United States"
"7151","ODDITY Tech","ODD","298910000","14.53","Israel"
"7152","i-80 Gold","IAUX","298896000","1.88","United States"
"7153","Mikron Holding","MIKN.SW","298895000","20.2306","Switzerland"
"7154","RITES","RITES.NS","298877000","2.276","India"
"7155","29Metals","29M.AX","298772000","0.244218","Australia"
"7156","JCR Pharmaceuticals","4552.T","298646000","3.33819","Japan"
"7157","Al Imtiaz Investment Group Company","ALIMTIAZ.KW","298367000","233.377","Kuwait"
"7158","Franchise Brands plc","FRAN.L","298317000","2.10595","United Kingdom"
"7159","Analogue Holdings (ATAL)","1977.HK","298066000","0.120551","Hong Kong"
"7160","Technology One","TNE.AX","297944000","22.7266","Australia"
"7161","Blue Bird Corporation","BLBD","297928000","60.5","United States"
"7162","BLS International","BLS.NS","297768000","2.50204","India"
"7163","One Liberty Properties","OLP","297559000","24.18","United States"
"7164","CBo Territoria","CBOT.PA","297358000","4.52267","France"
"7165","Dorchester Minerals","DMLP","296683000","28.72","United States"
"7166","DFI Retail Group","D01.SI","296500000","3.55","Hong Kong"
"7167","Djurslands Bank A/S","DJUR.CO","296469000","164.462","Denmark"
"7168","Allied Tecnologia","ALLD3.SA","296092000","1.01093","Brazil"
"7169","Kaufman &amp; Broad","KOF.PA","295946000","28.6747","France"
"7170","Restore plc","RST.L","295874000","4.0312","United Kingdom"
"7171","Materialise NV","MTLS","295831000","6.67","Belgium"
"7172","Enento Group","ENENTO.HE","295613000","18.3238","Finland"
"7173","Reworld Media","ALREW.PA","295448000","2.24735","France"
"7174","Scandi Standard AB","SCST.ST","294775000","15.0105","Sweden"
"7175","Kawai Musical Instruments Manufacturing","7952.T","294774000","21.8363","Japan"
"7176","Black Diamond Group","BDI.TO","294716000","12.6999","Canada"
"7177","Barnes &amp; Noble Education","BNED","294439000","12.51","United States"
"7178","CSG International","CSGS","293941000","80.69","United States"
"7179","Kintetsu Department Store","8244.T","293671000","12.468","Japan"
"7180","J.S.B.Co.","3480.T","293640000","56.0966","Japan"
"7181","Galaxy Surfactants","GALAXYSURF.NS","293614000","24.2045","India"
"7182","Commercial Bancgroup","CBK","293518000","33.81","United States"
"7183","Retal Urban Development Company","4322.SR","293174000","2.6688","Saudi Arabia"
"7184","National Industries Company","NICBM.KW","293168000","883.312","Kuwait"
"7185","Mediclin","MED.DE","293030000","6.29444","Germany"
"7186","XPEL","XPEL","292590000","50.77","United States"
"7187","Geopark","GPRK","292530000","9.71","Chile"
"7188","Exco Technologies Limited","XTC.TO","292087000","6.03659","Canada"
"7189","Global Atomic","GLO.TO","291857000","0.439418","Canada"
"7190","Younited Financial","YOUNI.PA","291735000","7.63492","Luxembourg"
"7191","New Found Gold","NFGC","291695000","1.9","Canada"
"7192","Orange County Bancorp","OBT","291664000","37.82","United States"
"7193","Indian Metals &amp; Ferro Alloys","IMFA.NS","291639000","14.3448","India"
"7194","Vitura SA","VTR.PA","291508000","5.01224","France"
"7195","Sage Group","SGE.L","291352000","14.565","United Kingdom"
"7196","Badger Infrastructure Solutions","BDGI.TO","290942000","61.0431","Canada"
"7197","Theravance Biopharma","TBPH","290594000","17.03","Cayman Islands"
"7198","Viant Technology","DSP","290399000","12.43","United States"
"7199","Southern States Bancshares","SSBK","290184000","36.37","United States"
"7200","MOIL","MOIL.NS","289808000","2.74065","India"
"7201","Al-Maidan Clinic for Oral Health Services","MIDAN.KW","289795000","3259.45","Kuwait"
"7202","Bloomsbury Publishing","BMY.L","289686000","8.74988","United Kingdom"
"7203","Aspen Group","APZ.AX","289423000","3.71355","Australia"
"7204","Seanergy Maritime","SHIP","289282000","17.03","Greece"
"7205","PageGroup","PAGE.L","289042000","2.89942","United Kingdom"
"7206","Pharma Mar","PHM.MC","288974000","98.438","Spain"
"7207","Myers Industries","MYE","288878000","33.31","United States"
"7208","SP Group A/S","SPG.CO","288822000","75.5276","Denmark"
"7209","Boozt","BOOZT.ST","288812000","16.2911","Sweden"
"7210","Altus Group","AIF.TO","288667000","34.3322","Canada"
"7211","DouYu","DOYU","288578000","4.36","China"
"7212","Voyageurs du Monde","ALVDM.PA","288476000","209.232","France"
"7213","Sionna Therapeutics","SION","288208000","6.17","United States"
"7214","Chargeurs","CRI.PA","288044000","10.3042","France"
"7215","Archosaur Games","9990.HK","287611000","0.243016","China"
"7216","eDreams ODIGEO","EDR.MC","286952000","6.48094","Spain"
"7217","Television Broadcasts (TVB)","0511.HK","286884000","0.292134","Hong Kong"
"7218","First Bancorp","FNLC","286784000","34.46","United States"
"7219","Cembre S.p.A.","CMB.MI","286491000","99.662","Italy"
"7220","Alandalus Property Company","4320.SR","286382000","4.01651","Saudi Arabia"
"7221","Eurowag (W.A.G payment solutions)","EWG.L","286361000","1.41302","United Kingdom"
"7222","Danya Cebus","DNYA.TA","286219000","36.8538","Israel"
"7223","Akatsuki Inc","3932.T","286129000","24.1579","Japan"
"7224","MPH Health Care AG","93M1.DE","285935000","29.0244","Germany"
"7225","Nkarta","NKTX","285860000","2.63","United States"
"7226","Strata Critical Medical","SRTA","285731000","6.12","United States"
"7227","HeartFlow","HTFL","285718000","48.94","United States"
"7228","Keros Therapeutics","KROS","285630000","11.12","United States"
"7229","Tetra Technologies","TTI","285615000","6.83","United States"
"7230","Oil-Dri Corporation Of America","ODC","285226000","91.69","United States"
"7231","Fine Organics","FINEORG.NS","285024000","54.9492","India"
"7232","Transcontinental","TCL-A.TO","284839000","3.97637","Canada"
"7233","Agfa-Gevaert","AGFB.BR","284726000","0.545518","Belgium"
"7234","Designer Brands","DBI","284497000","5.72","United States"
"7235","Central Asia Metals","CAML.L","284226000","2.3891","United Kingdom"
"7236","Altimmune","ALT","283987000","3.15","United States"
"7237","Pharos Energy","PHAR.L","283900000","0.408812","United Kingdom"
"7238","Hexaom","ALHEX.PA","283630000","30.6563","France"
"7239","Iress Limited","IRE.AX","283393000","4.30254","Australia"
"7240","Irani Papel e Embalagem S.A.","RANI3.SA","283344000","1.49695","Brazil"
"7241","Mitsubishi Kakoki Kaisha","6331.T","283329000","20.5813","Japan"
"7242","Sturm, Ruger &amp; Co","RGR","283300000","38.27","United States"
"7243","Xometry","XMTR","283169000","88.08","United States"
"7244","FACC AG","FACC.VI","283120000","19.0931","Austria"
"7245","Karnov Group","KAR.ST","282799000","8.3975","Sweden"
"7246","Extendicare","EXE.TO","282793000","22.8209","Canada"
"7247","Hangzhou Electronic Soul Network Technology","603258.SS","282621000","1.91964","China"
"7248","N.B.I. Industrial Finance","NBIFIN.NS","282224000","20.8442","India"
"7249","Quanterix","QTRX","282139000","2.68","United States"
"7250","Medicare Group","MCGS.QA","281932000","1.48352","Qatar"
"7251","First Milling Company","2283.SR","281811000","14.2762","Saudi Arabia"
"7252","Surya Roshni","SURYAROSNI.NS","281710000","2.28637","India"
"7253","CenturyPly","CENTURYPLY.NS","281335000","7.87787","India"
"7254","enCore Energy","EU","281200000","1.37","Canada"
"7255","Inclusio","INCLU.BR","281038000","19.8158","Belgium"
"7256","BBX Capital Corporation","BBXIA","280800000","3.69","United States"
"7257","Vanda Pharmaceuticals","VNDA","280765000","5.35","United States"
"7258","GO (Etihad Atheeb Telecommunication Company)","7040.SR","280693000","24.3974","Saudi Arabia"
"7259","Forum Energy Technologies","FET","280683000","75.6","United States"
"7260","AJ Bell","AJB.L","280617000","8.31171","United Kingdom"
"7261","PDF Solutions","PDFS","280465000","44.93","United States"
"7262","SAPTCO (Saudi Public Transport Company)","4040.SR","280439000","3.11626","Saudi Arabia"
"7263","ME Group International","MEGP.L","280294000","1.73095","United Kingdom"
"7264","Coop Pank AS","CPA1T.TL","280149000","2.72176","Estonia"
"7265","Uranium Royalty","UROY","279899000","4.24","Canada"
"7266","Mehadrin","MEDN.TA","279813000","94.5409","Israel"
"7267","Douglas Dynamics","PLOW","279434000","41.67","United States"
"7268","Mazaya Real Estate Development Q.P.S.C.","MRDS.QA","279338000","0.152473","Qatar"
"7269","Allogene Therapeutics","ALLO","278875000","2.04","United States"
"7270","Tunas Ridean","TURI.JK","278872000","0.1","Indonesia"
"7271","Definium Therapeutics","DFTX","278849000","43.77","United States"
"7272","Amplitude Energy","AEL.AX","278737000","1.1744","Australia"
"7273","WD-40 Company","WDFC","278733000","216.58","United States"
"7274","Capricor Therapeutics","CAPR","278703000","9.36","United States"
"7275","Transport Corporation of India","TCI.NS","278690000","9.45533","India"
"7276","Anteris Technologies","AVR.AX","278411000","8.74156","Australia"
"7277","Cheetah Mobile","CMCM","278399000","3.03","China"
"7278","Argo Global Listed Infrastructure","ALI.AX","278394000","1.8891","Australia"
"7279","Oula Fuel Marketing Company","OULAFUEL.KW","277755000","1104.95","Kuwait"
"7280","Eiken Chemical","4549.T","277672000","14.4759","Japan"
"7281","Hokkaido Coca-Cola Bottling","2573.T","277266000","25.2874","Japan"
"7282","Bahrain Commercial Facilities Company","BCFC.BH","277178000","0.941694","Bahrain"
"7283","NexPoint Residential Trust","NXRT","277152000","24.21","United States"
"7284","ITM Power","ITM.L","277108000","1.44637","United Kingdom"
"7285","Power Mech Projects","POWERMECH.NS","276951000","26.5424","India"
"7286","Zeal Network","TIMA.F","276921000","49.7727","Germany"
"7287","T&amp;G Global","TGG.NZ","276713000","1.42177","New Zealand"
"7288","Giordano","0709.HK","276712000","0.177319","Hong Kong"
"7289","Accel Entertainment","ACEL","276339000","11.81","United States"
"7290","OdontoPrev","ODPV3.SA","276262000","2.92371","Brazil"
"7291","Homeland Interactive Technology","3798.HK","276030000","0.146702","China"
"7292","Scholar Rock Holding","SRRK","276013000","60.04","United States"
"7293","Synsam","SYNSAM.ST","275896000","6.13017","Sweden"
"7294","Mears Group plc","MER.L","275835000","5.83552","United Kingdom"
"7295","LCNB Corp.","LCNB","275816000","19.18","United States"
"7296","Toyo Engineering Corporation","6330.T","275654000","16.6721","Japan"
"7297","Ouster","OUST","275621000","35.87","United States"
"7298","Avino Silver &amp; Gold Mines","ASM","275393000","7.59","Canada"
"7299","VA Tech Wabag","WABAG.NS","275308000","22.3955","India"
"7300","Computer Engineering &amp; Consulting","9692.T","275229000","15.6117","Japan"
"7301","Ather Energy","ATHERENERG.NS","275194000","15.5462","India"
"7302","Core Laboratories","CLB","275144000","11.99","Netherlands"
"7303","Venu Holding Corporation","VENU","275020000","1.99","United States"
"7304","Pinewood Technologies Group","PINE.L","275000000","6.12763","United Kingdom"
"7305","TaskUs","TASK","274965000","7.75","United States"
"7306","Exzeo Group","XZO","274941000","16.66","United States"
"7307","TKM Grupp AS","TKM1T.TL","274777000","10.6073","Estonia"
"7308","Paradox Interactive","PDX.ST","274314000","15.0315","Sweden"
"7309","eClerx Services","ECLERX.NS","274296000","20.4179","India"
"7310","Trainline","TRN.L","274214000","2.70784","United Kingdom"
"7311","Compass Minerals","CMP","274200000","24.65","United States"
"7312","Propel Holdings","PRL.TO","274199000","17.8505","Canada"
"7313","STRATEC","SBS.F","274070000","26.2268","Germany"
"7314","ERock, Inc.","EROC","273933000","10.26","United States"
"7315","Gulf Hotels Group","GHG.BH","273759000","0.795798","Bahrain"
"7316","Lyell Immunopharma","LYEL","273665000","14.8","United States"
"7317","Princeton Bancorp","BPRN","273599000","42.29","United States"
"7318","Baader Bank","BWB.DE","273559000","7.78646","Germany"
"7319","Pharvaris","PHVS","273536000","37","Netherlands"
"7320","Italian Wine Brands","IWB.MI","273370000","21.7741","Italy"
"7321","First Western Financial","MYFW","273365000","30.74","United States"
"7322","EVS Broadcast Equipment","EVS.BR","273229000","34.9679","Belgium"
"7323","Amylyx Pharmaceuticals","AMLX","273161000","37.08","United States"
"7324","Investors Title Company","ITIC","272890000","305.98","United States"
"7325","Grindwell Norton","GRINDWELL.NS","272766000","21.2308","India"
"7326","Third Harmonic Bio","THRD","272621000","5.38","United States"
"7327","Gateway Distriparks","GATEWAY.NS","272372000","0.559757","India"
"7328","Prime Focus","PFOCUS.NS","272310000","3.10516","India"
"7329","Riskified","RSKD","272234000","5.97","Israel"
"7330","Kinepolis Group","KIN.BR","272079000","52.5119","Belgium"
"7331","OneSpan","OSPN","272016000","15.37","United States"
"7332","Verra Mobility","VRRM","272000000","4.42","United States"
"7333","Dr Lal PathLabs","LALPATHLAB.NS","271841000","20.2566","India"
"7334","Specialized Medical Company","4019.SR","271812000","4.29085","Saudi Arabia"
"7335","Aviat Networks","AVNW","271776000","20.91","United States"
"7336","Saudi Advanced Industries Company","2120.SR","271669000","4.48795","Saudi Arabia"
"7337","Arabian Contracting Services Company","4071.SR","271361000","17.1394","Saudi Arabia"
"7338","Lesaka Technologies","LSAK","271305000","4.55","South Africa"
"7339","Beta Bionics","BBNX","271245000","19.34","United States"
"7340","Fuji Kyuko","9010.T","271131000","17.4314","Japan"
"7341","Timberland Bancorp","TSBK","271089000","46.17","United States"
"7342","Arab Insurance Group","ARIG.BH","270971000","0.54","Bahrain"
"7343","Entrada Therapeutics","TRDA","270854000","7","United States"
"7344","West Bancorporation","WTBA","270743000","28.3","United States"
"7345","Aljazira Takaful Taawuni Company","8012.SR","270606000","3.16953","Saudi Arabia"
"7346","Pharming Group","PHAR","270490000","11.95","Netherlands"
"7347","Kandi Technologies Group","KNDI","270060000","0.658","China"
"7348","Talgo S.A.","TLGO.MC","269513000","3.14139","Spain"
"7349","OneWater Marine","ONEW","269417000","11.81","United States"
"7350","John Marshall Bancorp","JMSB","268147000","22.69","United States"
"7351","Array Technologies","ARRY","267884000","4.71","United States"
"7352","Aeroporto G. Marconi Bologna","ADB.MI","267772000","11.4232","Italy"
"7353","Saudi Automotive Services Company","4050.SR","267735000","11.389","Saudi Arabia"
"7354","Greene County Bancorp","GCBC","267593000","34.68","United States"
"7355","SKY Network Television Limited","SKT.NZ","267465000","1.99881","New Zealand"
"7356","OrganiGram Holdings","OGI","267435000","1.26","Canada"
"7357","RxSight","RXST","267295000","6.38","United States"
"7358","Strattec Security","STRT","267153000","72.76","United States"
"7359","Humansoft Holding Company","HUMANSOFT.KW","267033000","7708.6","Kuwait"
"7360","Carriage Services","CSV","266939000","34.76","United States"
"7361","Hammond Power Solutions","HPS-A.TO","266702000","173.145","Canada"
"7362","Hargreaves Services","HSP.L","266584000","11.1855","United Kingdom"
"7363","TANLA","TANLA.NS","266141000","5.56877","India"
"7364","C&amp;F Financial Corporation","CFFI","266112000","91.59","United States"
"7365","Belpointe PREP, LLC","OZ","266094000","48.315","United States"
"7366","Motorcar Parts of America","MPAA","266010000","11.46","United States"
"7367","FDC India","FDC.NS","265832000","3.60794","India"
"7368","EQT Holdings Limited","EQT.AX","265687000","15.0697","Australia"
"7369","Ferrari Group PLC","046.F","265672000","9.18522","United Kingdom"
"7370","Plumas Bancorp","PLBC","265392000","61.06","United States"
"7371","Fortune Electric Co., Ltd.","1519.TW","264763000","24.2611","Taiwan"
"7372","SSP Group","SSPG.L","264733000","2.73638","United Kingdom"
"7373","Nederman Holding","NMAN.ST","264659000","13.8349","Sweden"
"7374","Bitcoin Group","ADE.DE","264600000","32.0084","Germany"
"7375","Roland Corporation","7944.T","264441000","24.0011","Japan"
"7376","ShaMaran Petroleum","SNM.OL","264101000","0.133103","Bermuda"
"7377","Energiekontor","EKT.DE","264004000","31.9385","Germany"
"7378","Bijou Brigitte","BIJ.DE","263878000","54.6684","Germany"
"7379","Volaris","VLRS","263781000","6.99","Mexico"
"7380","Montauk Renewables","MNTK","263773000","1.78","United States"
"7381","Electra Real Estate","ELCRE.TA","263629000","8.25256","Israel"
"7382","Eagle Nice","2368.HK","263505000","0.381426","Hong Kong"
"7383","GH Research","GHRS","263377000","29.01","Ireland"
"7384","Comtech Telecommunications","CMTL","263277000","1.76","United States"
"7385","Hexagon Composites","HEX.OL","263123000","1.48048","Norway"
"7386","ProKidney","PROK","263104000","1.74","United States"
"7387","Mammoth Energy Services","TUSK","262949000","3.14","United States"
"7388","CoastalSouth Bancshares","COSO","262923000","27.35","United States"
"7389","Aether Industries","AETHER.NS","262706000","17.5542","India"
"7390","OmniAb","OABI","262646000","4.81","United States"
"7391","Ayyan Investment Company","2140.SR","262565000","2.56759","Saudi Arabia"
"7392","Annehem Fastigheter","ANNE-B.ST","262413000","1.80021","Sweden"
"7393","Norcros","NXR.L","262349000","4.40551","United Kingdom"
"7394","Anterix","ATEX","262321000","94.16","United States"
"7395","Marimaca Copper","MARI.TO","262305000","6.14465","Canada"
"7396","Cardinal Infrastructure Group","CDNL","262002000","41.32","United States"
"7397","Rotshtein Realestate","ROTS.TA","261930000","21.3113","Israel"
"7398","Belships ASA","BELCO.OL","261845000","2.00572","Norway"
"7399","Audax Renovables","ADX.MC","261833000","1.40809","Spain"
"7400","Alkhorayef Water and Power Technologies Company","2081.SR","261759000","27.0875","Saudi Arabia"
"7401","Construtora Tenda S.A.","TEND3.SA","261592000","6.23275","Brazil"
"7402","Iwaki Co.","6237.T","261589000","25.9149","Japan"
"7403","Alembic Limited","ALEMBICLTD.NS","261550000","1.06966","India"
"7404","Qingci Games","6633.HK","261483000","0.405664","China"
"7405","Galiano Gold","GAU","261404000","2.37","Canada"
"7406","PFISTERER Holding SE","PFSE.DE","261241000","86.9565","Germany"
"7407","Dubai National Insurance & Reinsurance Company","DNIR.AE","260970000","0.920329","United Arab Emirates"
"7408","Byggmax Group","BMAX.ST","260465000","5.50036","Sweden"
"7409","Marie Brizard Wine &amp; Spirits","MBWS.PA","260406000","3.46194","France"
"7410","Burgan Company for Well Drilling","ABAR.KW","260353000","756.193","Kuwait"
"7411","Zuken Inc.","6947.T","260298000","31.4367","Japan"
"7412","Arbutus Biopharma","ABUS","260177000","5.19","United States"
"7413","Acadian Timber","ADN.TO","260042000","12.2389","Canada"
"7414","National Petroleum Services Company","NAPESCO.KW","260032000","4889.18","Kuwait"
"7415","Bank7","BSVN","259821000","51.79","United States"
"7416","Kestra Medical Technologies","KMTS","259658000","26.57","United States"
"7417","NTG Nordic Transport Group A/S","NTG.CO","259453000","43.4927","Denmark"
"7418","Kamada","KMDA","259387000","8.38","Israel"
"7419","InnovAge","INNV","258894000","11.04","United States"
"7420","PT DCI Indonesia Tbk","DCII.JK","258817000","11.4761","Indonesia"
"7421","Laboratorio Reig Jofre","RJF.MC","258765000","3.12901","Spain"
"7422","IFA Hotels and Resorts","IFAHR.KW","258626000","2209.91","Kuwait"
"7423","SRG Global Limited","SRG.AX","258136000","2.73668","Australia"
"7424","The Monogatari Corporation","3097.T","258041000","35.2643","Japan"
"7425","Texmaco Rail &amp; Engineering","TEXRAIL.NS","258009000","1.13648","India"
"7426","YAKUODO HOLDINGS","7679.T","257808000","10.5103","Japan"
"7427","Apnimed, Inc.","APMD","257590000","29.58","United States"
"7428","CPH Group AG","CPHN.SW","257508000","72.9791","Switzerland"
"7429","Polytec Holding","PYT.VI","257061000","5.71162","Austria"
"7430","Integra Resources","ITRG","257051000","2.91","Canada"
"7431","Angel Oak Mortgage REIT","AOMR","256902000","8.36","United States"
"7432","IndiaMART","INDIAMART.NS","256768000","18.3493","India"
"7433","GigCapital9","GIXXU","256417000","0","United States"
"7434","ISE Chemicals","4107.T","256174000","27.5149","Japan"
"7435","TrueBlue","TBI","256082000","10.45","United States"
"7436","Hong Leong Capital","5274.KL","256022000","0.803183","Malaysia"
"7437","eXp World Holdings","EXPI","255900000","6.74","United States"
"7438","Jubilant FoodWorks","JUBLFOOD.NS","255404000","5.39821","India"
"7439","Red Sea International Company","4230.SR","255367000","6.41896","Saudi Arabia"
"7440","BRCK Group","BRCK.L","255365000","0.702436","United Kingdom"
"7441","enGene","ENGN","255168000","1.95","Canada"
"7442","YouGov plc","YOU.L","255130000","3.57332","United Kingdom"
"7443","ABO Energy","AB9.DE","255050000","3.82912","Germany"
"7444","Softstar Entertainment","6111.TWO","254806000","1.14059","Taiwan"
"7445","Personalis","PSNL","254765000","17.08","United States"
"7446","GeneDx Holdings","WGS","254124000","90.285","United States"
"7447","MoonLake Immunotherapeutics","MLTX","254024000","15.62","Switzerland"
"7448","V-Guard Industries","VGUARD.NS","253845000","3.4702","India"
"7449","Gévelot SA","ALGEV.PA","253575000","224.968","France"
"7450","Westrock Coffee","WEST","253188000","8.14","United States"
"7451","Metalla Royalty & Streaming","MTA","253145000","10.86","Canada"
"7452","Cantaloupe","CTLP","253142000","11.2","United States"
"7453","Biesse","BSS.MI","252989000","6.4294","Italy"
"7454","Artesian Resources","ARTNA","252798000","35.425","United States"
"7455","Metals Exploration","MTL.L","252786000","0.214807","United Kingdom"
"7456","Rocky Brands","RCKY","252544000","45.21","United States"
"7457","Heisco (Heavy Engineering Industries and Shipbuilding Company)","SHIP.KW","252447000","2082.79","Kuwait"
"7458","James Fisher and Sons","FSJ.L","252241000","5.94021","United Kingdom"
"7459","Eagle Pharmaceuticals","EGRX","252040000","0.25","United States"
"7460","iDreamSky","1119.HK","251587000","0.0605945","China"
"7461","Mercia Asset Management","MERC.L","251543000","0.373636","United Kingdom"
"7462","Planisware","PLNW.PA","251385000","28.4998","France"
"7463","Majestic Gold","MJS.V","251381000","0.0756375","Canada"
"7464","Wirtualna Polska (WP Holding)","WPL.WA","251194000","16.8675","Poland"
"7465","PubMatic","PUBM","251000000","16.25","United States"
"7466","Maharah for Human Resources Company","1831.SR","250645000","1.24384","Saudi Arabia"
"7467","FW Thorpe Plc","TFW.L","250553000","3.54179","United Kingdom"
"7468","Endúr ASA","ENDUR.OL","250546000","11.8514","Norway"
"7469","WhiteHorse Finance","WHF","250339000","7.04","United States"
"7470","Kuwait Portland Cement","PCEM.KW","250326000","2073.01","Kuwait"
"7471","Jaguar Mining","JAG.TO","250207000","5.68946","Canada"
"7472","NI Holdings","NODK","250196000","15.29","United States"
"7473","Malam - Team","MLTM.TA","250133000","27.1978","Israel"
"7474","SpyGlass Pharma","SGP","250112000","26.64","United States"
"7475","Guzman y Gomez","GYG.AX","250049000","21.1392","Australia"
"7476","Contineum Therapeutics","CTNM","250041000","17.02","United States"
"7477","Rumble","RUM","249949000","9.375","United States"
"7478","Hansen Technologies","HSN.AX","249934000","2.47809","Australia"
"7479","Alto Ingredients","ALTO","249878000","4.075","United States"
"7480","Brødrene A &amp; O Johansen","AOJ-B.CO","249214000","15.7447","Denmark"
"7481","Jubilee Metals Group","JLP.L","248985000","0.0353256","United Kingdom"
"7482","Ibotta","IBTA","248979000","37.75","United States"
"7483","Algoma Steel","ASTL","248797000","4.16","Canada"
"7484","Sangoma Technologies","SANG","248403000","3.89","Canada"
"7485","Theeb Rent A Car Company","4261.SR","248374000","5.70782","Saudi Arabia"
"7486","TeamViewer","TMV.DE","248259000","7.79811","Germany"
"7487","Tenable","TENB","248220000","33.66","United States"
"7488","Western New England Bancorp","WNEB","248096000","13.81","United States"
"7489","Integrated Wind Solutions","IWS.OL","247920000","6.20379","Norway"
"7490","Avax S.A.","AVAX.AT","247872000","4.0331","Greece"
"7491","SEACOR Marine","SMHI","247838000","9.4","United States"
"7492","Tamil Nadu Newsprint and Papers Limited","TNPL.NS","247740000","1.46329","India"
"7493","Red Rock Resorts","RRR","247557000","59.67","United States"
"7494","Rai Way","RWAY.MI","247511000","5.30948","Italy"
"7495","Fortinova Fastigheter AB","FNOVA-B.ST","247463000","2.50875","Sweden"
"7496","SHIFT Inc.","3697.T","247201000","6.06646","Japan"
"7497","India Motor Parts and Accessories","IMPAL.NS","246905000","11.524","India"
"7498","AMERISAFE","AMSF","246597000","26.29","United States"
"7499","Oculis Holding AG","OCS","246540000","12.97","Switzerland"
"7500","Vertex","VERX","246504000","13.56","United States"
"7501","LENZ Therapeutics","LENZ","246492000","4.78","United States"
"7502","Selvaag Bolig","SBO.OL","246376000","3.503","Norway"
"7503","National Company for Learning and Education","4291.SR","245916000","38.8068","Saudi Arabia"
"7504","Aimia","AIM.TO","245344000","1.95318","Canada"
"7505","Genie Energy","GNE","245305000","15.01","United States"
"7506","Qualitas Limited","QAL.AX","244944000","2.0974","Australia"
"7507","7Road","0797.HK","244863000","0.123102","China"
"7508","Axogen","AXGN","244808000","51.58","United States"
"7509","ARKO Petroleum","APC","244495000","18.74","United States"
"7510","Nyab AB","NYAB.ST","244477000","0.728483","Sweden"
"7511","Parabilis Medicines","PBLS","244220000","39.26","United States"
"7512","Cresco Labs","CRLBF","244211000","0.74","United States"
"7513","Qt Group","QTCOM.HE","244112000","41.7764","Finland"
"7514","Weyco Group","WEYS","243643000","45.24","United States"
"7515","Alto Neuroscience","ANRO","243369000","36.53","United States"
"7516","Garden Reach Shipbuilders & Engineers Limited","GRSE.NS","243279000","27.6212","India"
"7517","MiMedx Group","MDXG","242936000","4.42","United States"
"7518","Clearfield","CLFD","242807000","29.88","United States"
"7519","Helios Underwriting","HUW.L","242785000","3.04344","United Kingdom"
"7520","Enovix","ENVX","242730000","3.4","United States"
"7521","Sterlite Technologies","STLTECH.NS","242608000","7.28868","India"
"7522","Mirum Pharmaceuticals","MIRM","242494000","98.51","United States"
"7523","Lumibird","LBIRD.PA","242354000","29.782","France"
"7524","York Water","YORW","242280000","34.19","United States"
"7525","Jakks Pacific","JAKK","241984000","25.62","United States"
"7526","IQM Quantum Computers","IQMX","241878000","10.99","Finland"
"7527","KCP Limited","KCP.NS","241872000","1.77585","India"
"7528","Cass Information Systems","CASS","241792000","57.06","United States"
"7529","Seer Inc","SEER","241479000","2.02","United States"
"7530","trivago","TRVG","241341000","5.71","Germany"
"7531","Rayonier Advanced Materials","RYAM","241016000","8.41","United States"
"7532","Gascogne Groupe","ALBI.PA","240973000","2.42452","France"
"7533","EverQuote","EVER","240867000","26.08","United States"
"7534","Delta Corp","DELTACORP.NS","240863000","0.627108","India"
"7535","Raspberry Pi","RPI.L","240800000","8.19282","United Kingdom"
"7536","Aveanna Healthcare","AVAH","240782000","13.62","United States"
"7537","Vitruvio Real Estate","YVIT.MC","240753000","20.9815","Spain"
"7538","Corvus Pharmaceuticals","CRVS","240679000","14.73","United States"
"7539","Cobram Estate Olives","CBO.AX","240428000","2.37035","Australia"
"7540","Resimac Group Limited","RMC.AX","240197000","0.678782","Australia"
"7541","Fleury Michon","ALFLE.PA","240165000","25.2943","France"
"7542","American Well","AMWL","240122000","11.92","United States"
"7543","BBB Foods","TBBB","239798000","49.91","Mexico"
"7544","Combined Group Contracting Company","CGC.KW","239654000","2816.17","Kuwait"
"7545","Mitek Systems","MITK","239467000","17.75","United States"
"7546","Lalique Group","LLQ.SW","239197000","40.5543","Switzerland"
"7547","Polaris Renewable Energy","PIF.TO","239188000","10.582","Canada"
"7548","Calian Group","CGY.TO","239150000","54.4518","Canada"
"7549","Gateway Real Estate","GTY.F","238894000","0.353188","Germany"
"7550","Elgi Equipments","ELGIEQUIP.NS","238746000","6.31769","India"
"7551","Red Cat Holdings","RCAT","238739000","8.93","United States"
"7552","Citizens Inc","CIA","238668000","3.93","United States"
"7553","Americas Gold and Silver Corp","USAS","238629000","5.57","Canada"
"7554","DIP Corporation","2379.T","238368000","11.8342","Japan"
"7555","Oramed Pharmaceuticals","ORMP","238276000","5.34","United States"
"7556","Rocket Pharmaceuticals","RCKT","238039000","3.66","United States"
"7557","Aramis Group","ARAMI.PA","237988000","4.54598","France"
"7558","Neurogene","NGNE","237783000","38.41","United States"
"7559","Volati AB","VOLO.ST","237783000","2.83415","Sweden"
"7560","CARGO Therapeutics","CRGX","237697000","4.47","United States"
"7561","Hudson Technologies","HDSN","237679000","5.29","United States"
"7562","Rhythm Pharmaceuticals","RYTM","237616000","111.87","United States"
"7563","Manchester United","MANU","237591000","23.84","United Kingdom"
"7564","GoDaddy","GDDY","237300000","95.54","United States"
"7565","CarGurus","CARG","237128000","36.2","United States"
"7566","Al Jouf Cement Company","3091.SR","237009000","1.33174","Saudi Arabia"
"7567","Severfield","SFR.L","236863000","0.525047","United Kingdom"
"7568","HBL","HBLENGINE.NS","236776000","7.00744","India"
"7569","Doosan Fuel Cell","336260.KS","236655000","32.7541","South Korea"
"7570","INNIO N.V.","INIO","236200000","23.36","Germany"
"7571","LianBio","LIAN","236112000","0.319","United States"
"7572","Relaxo Footwear","RELAXO.NS","236014000","3.73468","India"
"7573","Wacom Co., Ltd.","6727.T","235952000","5.11395","Japan"
"7574","GreenTree Hospitality Group","GHG","235875000","1.1","China"
"7575","Umm Al-Qura Cement Company","3005.SR","235727000","3.31602","Saudi Arabia"
"7576","Arabi Group Holding","AGHC.KW","235671000","1254.07","Kuwait"
"7577","Radiant Logistics","RLGT","235659000","8.53","United States"
"7578","Fiera Milano","FM.MI","235456000","9.29013","Italy"
"7579","Fujita Kanko","9722.T","235383000","18.0714","Japan"
"7580","Nayax","NYAX","235376000","54.02","Israel"
"7581","Ambiq Micro","AMBQ","235159000","58.98","United States"
"7582","Ataa Educational Company","4292.SR","234974000","11.8418","Saudi Arabia"
"7583","Outdoor Holding Company","POWW","234955000","2.17","United States"
"7584","Rusta AB","RUSTA.ST","234759000","8.48147","Sweden"
"7585","Brockhaus Technologies","BKHT.DE","234712000","24.9446","Germany"
"7586","3D Systems","DDD","234344000","3.3","United States"
"7587","Bioventus","BVS","234265000","13.97","United States"
"7588","C4 Therapeutics","CCCC","234247000","4.24","United States"
"7589","ALM Equity","ALM.ST","234192000","4.7026","Sweden"
"7590","Smart Sand","SND","234119000","4.84","United States"
"7591","Atrium Therapeutics","RNA","234104000","15.47","United States"
"7592","Al Argan International Real Estate Company","ARGAN.KW","233915000","368.318","Kuwait"
"7593","Applied Aerospace &amp; Defense","AADX","233788000","14.3","United States"
"7594","Atea Pharmaceuticals","AVIR","233709000","5.51","United States"
"7595","MISTRAS Group","MG","233597000","18.8","United States"
"7596","Propel Funeral Partners","PFP.AX","233567000","2.33443","Australia"
"7597","Tri Chemical Laboratories","4369.T","233554000","20.2989","Japan"
"7598","Pepco Group","PCO.WA","233512000","11.6099","United Kingdom"
"7599","Al Hassan Ghazi Ibrahim Shaker","1214.SR","233500000","3.20415","Saudi Arabia"
"7600","Capstone Infrastructure","CSE-PA.TO","233443000","16.2759","Canada"
"7601","Porvair plc","PRV.L","233373000","11.6846","United Kingdom"
"7602","So-Young International","SY","233359000","2.4","China"
"7603","Sloman Neptun","NEP.HM","233281000","69.9382","Germany"
"7604","VTEX","VTEX","233029000","3.66","United Kingdom"
"7605","Magnachip Semiconductor","MX","232803000","3.26","Luxembourg"
"7606","OP Bancorp (Open Bank)","OPBK","232711000","15.03","United States"
"7607","BioArctic AB","BIOA-B.ST","232706000","34.1358","Sweden"
"7608","Solvar Limited","SVR.AX","232674000","1.20672","Australia"
"7609","RCI Hospitality Holdings","RICK","232531000","29.68","United States"
"7610","EPC Groupe","EXPL.PA","232440000","313.556","France"
"7611","AO World","AO.L","232420000","1.27716","United Kingdom"
"7612","Palvella Therapeutics","PVLA","232313000","154.33","United States"
"7613","Mayville Engineering Company","MEC","232186000","20.67","United States"
"7614","Unifi","UFI","231871000","7.48","United States"
"7615","Helus Pharma","HELP","231789000","13.63","Canada"
"7616","Parken Sport (F.C. Copenhagen)","PARKEN.CO","231774000","33.36","Denmark"
"7617","Tinexta","TNXT.MI","231696000","17.4846","Italy"
"7618","Sectra AB","SECT-B.ST","231656000","28.9084","Sweden"
"7619","XPS Pensions Group","XPS.L","231555000","4.22549","United Kingdom"
"7620","Lexeo Therapeutics","LXEO","231497000","5.01","United States"
"7621","Frequentis","FQT.VI","231223000","86.6068","Austria"
"7622","Gokaldas Exports","GOKEX.NS","231098000","8.15125","India"
"7623","Frontdoor","FTDR","231000000","83.68","United States"
"7624","Kura Sushi USA","KRUS","230846000","47.25","United States"
"7625","SmartRent","SMRT","230674000","1.35","United States"
"7626","Cherry Hill Mortgage Investment","CHMI","230586000","2.93","United States"
"7627","Hacksaw AB","HACK.ST","230484000","8.47097","Sweden"
"7628","EyePoint Pharmaceuticals","EYPT","230472000","4.99","United States"
"7629","Tectonic Therapeutic","TECX","230417000","35.97","United States"
"7630","Ioneer","IONR","230298000","3.18","Australia"
"7631","ClearView Wealth Limited","CVW.AX","230101000","0.466887","Australia"
"7632","Xvivo Perfusion AB","XVIVO.ST","229670000","29.4752","Sweden"
"7633","Zain Bahrain","ZAINBH.BH","229647000","0.644596","Bahrain"
"7634","Orient Cement","ORIENTCEM.NS","229544000","1.37802","India"
"7635","Geron","GERN","229108000","1.53","United States"
"7636","CorEnergy Infrastructure Trust","CORR","229105000","0.0198","United States"
"7637","Himatsingka Seide","HIMATSEIDE.NS","228994000","0.752592","India"
"7638","Taiga Building Products","TBL.TO","228951000","2.6149","Canada"
"7639","Consolidated Water","CWCO","228754000","30.04","Cayman Islands"
"7640","Koh Young Technology","098460.KQ","228753000","21.1235","South Korea"
"7641","Endava","DAVA","228632000","3.22","United Kingdom"
"7642","Aumann AG","AAG.DE","228492000","17.1931","Germany"
"7643","PagerDuty","PD","228487000","12.19","United States"
"7644","Perella Weinberg Partners","PWP","228257000","16.49","United States"
"7645","Jagran Prakashan","JAGRAN.NS","227962000","0.644181","India"
"7646","Spandana Sphoorty Financial","SPANDANA.NS","227800000","2.54059","India"
"7647","Springfield Properties","SPR.L","227582000","1.50609","United Kingdom"
"7648","Hindustan Construction Company","HCC.NS","227541000","0.264271","India"
"7649","MAX Automation","MXHN.DE","227506000","3.98648","Germany"
"7650","adesso SE","ADN1.DE","227246000","68.0732","Germany"
"7651","Tonix Pharmaceuticals","TNXP","227137000","13.64","United States"
"7652","Doosan Robotics","454910.KS","226899000","52.9718","South Korea"
"7653","MMTC","MMTC.NS","226853000","0.666178","India"
"7654","Neuren Pharmaceuticals","NEU.AX","226696000","15.0984","Australia"
"7655","Nobia AB","NOBI.ST","226561000","1.59825","Sweden"
"7656","Kongsberg Automotive ASA","KOA.OL","226326000","0.214993","Norway"
"7657","Herfy Food Services Company","6002.SR","225493000","4.23225","Saudi Arabia"
"7658","DroneShield","DRO.AX","225465000","1.28933","Australia"
"7659","Thryv","THRY","225410000","1.9","United States"
"7660","Penguin International Limited","BTM.SI","225211000","1.41643","Singapore"
"7661","Kalyani Steels","KSL.NS","225163000","9.29088","India"
"7662","Siljansvik AB","SIVI.ST","225103000","12.7222","Sweden"
"7663","Ellington Credit Company","EARN","225087000","4.45","United States"
"7664","Allgeier","AEIN.DE","225084000","18.4171","Germany"
"7665","Eidesvik Offshore","EIOF.OL","224993000","1.82905","Norway"
"7666","Kaldalón","KALD.IC","224796000","0.220472","Iceland"
"7667","JANOME Corporation","6445.T","224683000","9.02942","Japan"
"7668","Helloworld Travel","HLO.AX","224319000","1.13849","Australia"
"7669","EnviTec Biogas","ETG.DE","224311000","20.2238","Germany"
"7670","Adaptive Biotechnologies","ADPT","224241000","22.9","United States"
"7671","Middlefield Banc","MBCN","224120000","33.67","United States"
"7672","First Guaranty Bancshares","FGBI","223990000","8.2","United States"
"7673","Karooooo","KARO","223861000","64.28","Singapore"
"7674","Hycroft Mining","HYMC","223799000","25.46","United States"
"7675","Tredegar","TG","223795000","7.78","United States"
"7676","Virgin Galactic","SPCE","223729000","2.89","United States"
"7677","NCC Group plc","NCC.L","223547000","1.93563","United Kingdom"
"7678","Luxfer","LXFR","223500000","17.17","United Kingdom"
"7679","Canada Packers","CPKR.TO","223477000","12.0444","Canada"
"7680","Toho Co., Ltd.","8142.T","223175000","8.87255","Japan"
"7681","Celtic","CCP.L","222975000","2.57741","United Kingdom"
"7682","Shenzhen Bingchuan Network","300533.SZ","222944000","2.12351","China"
"7683","KAMCO Investment Company","KAMCO.KW","222654000","664.928","Kuwait"
"7684","Arise AB","ARISE.ST","222585000","4.67444","Sweden"
"7685","West Holdings","1407.T","222585000","17.1113","Japan"
"7686","Liquidity Services","LQDT","222068000","41.89","United States"
"7687","Frontier Airlines","ULCC","222000000","5.97","United States"
"7688","Bright Minds Biosciences","DRUG","221919000","76.63","United States"
"7689","Panoro Energy ASA","PEN.OL","221766000","3.0912","United Kingdom"
"7690","Morabaha Marina Financing Company","4082.SR","221700000","2.36516","Saudi Arabia"
"7691","Wawel","WWL.WA","221551000","196.787","Poland"
"7692","The National Company for Glass Industries","2150.SR","221295000","10.5314","Saudi Arabia"
"7693","Rosetti Marino","YRM.MI","221083000","291.409","Italy"
"7694","A10 Networks","ATEN","220837000","25.89","United States"
"7695","H&amp;K AG (Heckler &amp; Koch)","MLHK.PA","220489000","37.6501","Germany"
"7696","Carbios SAS","ALCRB.PA","220332000","7.5067","France"
"7697","Dunelm Group","DNLM.L","220323000","11.8952","United Kingdom"
"7698","Ainsworth Game Technology","AGI.AX","220142000","0.754202","Australia"
"7699","Halozyme Therapeutics","HALO","219636000","107.06","United States"
"7700","Playstudios","MYPS","219326000","0.498","United States"
"7701","Rasan Information Technology Company","8313.SR","219208000","37.475","Saudi Arabia"
"7702","Gencor Industries","GENC","219087000","19.05","United States"
"7703","Viomi Technology","VIOT","219017000","0.815","China"
"7704","Cognyte Software","CGNT","219015000","8.49","Israel"
"7705","Relmada Therapeutics","RLMD","218733000","4.55","United States"
"7706","Bergman &amp; Beving","BERG-B.ST","218634000","29.1288","Sweden"
"7707","Design Therapeutics","DSGN","218054000","15.59","United States"
"7708","Tactile Medical","TCMD","217866000","23.51","United States"
"7709","Freelance.com SA","ALFRE.PA","217846000","3.14722","France"
"7710","The Saudi Arabian Amiantit Company","2160.SR","217677000","3.52377","Saudi Arabia"
"7711","Lightbridge Corporation","LTBR","217646000","8.05","United States"
"7712","Roularta Media Group","ROU.BR","217594000","14.2791","Belgium"
"7713","PrimeEnergy Resources","PNRG","217402000","208.79","United States"
"7714","Amplitude","AMPL","217305000","12.96","United States"
"7715","Mega Uranium","MGA.TO","217301000","0.50425","Canada"
"7716","Zura Bio","ZURA","216896000","5.99","United States"
"7717","5N Plus","VNP.TO","216800000","18.8013","Canada"
"7718","Metro Brands","METROBRAND.NS","216796000","9.66691","India"
"7719","Fasadgruppen Group","FG.ST","216757000","1.92723","Sweden"
"7720","A'ayan Real Estate Company K.S.C.P.","AAYANRE.KW","216566000","616.036","Kuwait"
"7721","CAB Payments","CABP.L","216447000","1.11412","United Kingdom"
"7722","Scully Royalty","SRL","216257000","5.87","China"
"7723","ECN Capital","ECN.TO","216251000","2.18172","Canada"
"7724","Lument Finance Trust","LFT","216063000","0.7334","United States"
"7725","Eurobio Scientific","ALERS.PA","216061000","23.3127","France"
"7726","WH Smith","SMWH.L","216023000","5.67384","United Kingdom"
"7727","Chemours","CC","216000000","15.78","United States"
"7728","Midwich Group","MIDW.L","215571000","1.96736","United Kingdom"
"7729","Hain Celestial","HAIN","215546000","0.7747","United States"
"7730","Sprout Social","SPT","215190000","10.64","United States"
"7731","Action Construction Equipment","ACE.NS","215123000","11.8718","India"
"7732","MainStreet Bancshares","MNSB","214984000","24.9","United States"
"7733","Al-Yamamah Steel Industries Company","1304.SR","214741000","10.0732","Saudi Arabia"
"7734","SRA Holdings","3817.T","214593000","31.0602","Japan"
"7735","Ajinomoto (Malaysia)","2658.KL","214415000","4.69477","Malaysia"
"7736","CDSL","CDSL.NS","214180000","14.8015","India"
"7737","Rhythm Co.,Ltd.","7769.T","213994000","25.0364","Japan"
"7738","Ituran","ITRN","213749000","52.09","Israel"
"7739","Superloop Limited","SLC.AX","213684000","2.10458","Australia"
"7740","BAIOO Family Interactive","2100.HK","213662000","0.0369945","China"
"7741","CLEAR Secure","YOU","213634000","44.25","United States"
"7742","Aspen Aerogels","ASPN","213497000","5.19","United States"
"7743","GMR Solutions Inc.","GMRS","212669000","12.82","United States"
"7744","Aspo Oyj","ASPO.HE","212618000","8.57909","Finland"
"7745","Integrated Holding Company K.S.C.P.","INTEGRATED.KW","212590000","1261.41","Kuwait"
"7746","Catapult Group International","CAT.AX","212360000","2.41345","Australia"
"7747","Relais Group Oyj","RELAIS.HE","212184000","16.8435","Finland"
"7748","Udemy","UDMY","212178000","4.63","United States"
"7749","Antalpha Platform","ANTA","212095000","3.6998","Singapore"
"7750","DATAGROUP SE","D6H.DE","211994000","84.8","Germany"
"7751","Taysha Gene Therapies","TSHA","211944000","6.02","United States"
"7752","Castrol India","CASTROLIND.NS","211687000","1.94679","India"
"7753","The Lottery Corporation","TLC.AX","211683000","3.62735","Australia"
"7754","Danimer Scientific","DNMR","211593000","0.35","United States"
"7755","Ashtead Technology","AT.L","211554000","4.70102","United Kingdom"
"7756","Aurelia Metals","AMI.AX","211465000","0.312455","Australia"
"7757","Al-Jouf Agricultural Development","6070.SR","210879000","10.7178","Saudi Arabia"
"7758","Ichibanya Co., Ltd.","7630.T","210748000","5.92967","Japan"
"7759","AB Amber Grid","AMG1L.VS","210696000","1.39876","Lithuania"
"7760","Viaplay Group","VPLAY-B.ST","210495000","0.146746","Sweden"
"7761","Vedant Fashions","MANYAVAR.NS","210125000","5.70127","India"
"7762","Renta 4 Banco","R4.MC","209585000","22.5551","Spain"
"7763","Dexelance","DEX.MI","209548000","2.63434","Italy"
"7764","Kore Potash plc","KP2.L","209513000","0.044157","United Kingdom"
"7765","Navkar Corp","NAVKARCORP.NS","209442000","1.0198","India"
"7766","Kolibri Global Energy","KGEI","209252000","5.73","United States"
"7767","Bergbahnen Engelberg-Trübsee-Titlis","TIBN.SW","209118000","64.5394","Switzerland"
"7768","PostNL","PNL.AS","209102000","1.03567","Netherlands"
"7769","The Property Franchise Group","TPFG.L","208793000","6.27573","United Kingdom"
"7770","Afcon Holdings","AFHL.TA","208695000","176.292","Israel"
"7771","AB KN Energies","KNE1L.VS","208181000","0.573493","Lithuania"
"7772","Hatsun Agro Products","HATSUN.NS","208005000","12.0399","India"
"7773","Hollywood Bowl Group","BOWL.L","207791000","3.7975","United Kingdom"
"7774","Ames National Corp.","ATLO","207570000","31.33","United States"
"7775","Fourth Milling","2286.SR","207488000","1.06006","Saudi Arabia"
"7776","Byggmästare Anders J Ahlström","AJA-B.ST","207477000","5.66831","Sweden"
"7777","Stingray Group","RAY-A.TO","207464000","12.3987","Canada"
"7778","Calavo Growers","CVGW","207341000","26.09","United States"
"7779","Alignment Healthcare","ALHC","206885000","13.9","United States"
"7780","Sumou Real Estate Company","4323.SR","206743000","7.07951","Saudi Arabia"
"7781","Immuneering","IMRX","206518000","5.15","United States"
"7782","Alkane Resources","ALK.AX","206476000","1.34951","Australia"
"7783","Forge Global","FRGE","206400000","45","United States"
"7784","TXT e-solutions","TXT.MI","206208000","60.2634","Italy"
"7785","Aker Horizons","AKH.OL","205867000","0.0013012","Norway"
"7786","Zevra Therapeutics","ZVRA","205804000","11.74","United States"
"7787","Barrett Business Services","BBSI","205666000","33.97","United States"
"7788","Hallador Energy Company","HNRG","205574000","16.24","United States"
"7789","LoveSac","LOVE","205534000","16.28","United States"
"7790","Manhattan Associates","MANH","205175000","215.89","United States"
"7791","HF Foods Group","HFFG","204687000","1.85","United States"
"7792","Annexon","ANNX","204533000","4.99","United States"
"7793","Capacit'e Infraprojects","CAPACITE.NS","204515000","2.35676","India"
"7794","Meeza QSTP LLC (Public)","MEZA.QA","203946000","0.807692","Qatar"
"7795","Meier Tobler Group","MTG.SW","203927000","42.6953","Switzerland"
"7796","Impinj","PI","203906000","159.25","United States"
"7797","Indian Telephone Industries","ITI.NS","203845000","2.89096","India"
"7798","Dave Inc.","DAVE","203781000","372.3","United States"
"7799","Bursa Malaysia","1818.KL","203470000","2.15591","Malaysia"
"7800","GWA Group Limited","GWA.AX","203284000","1.45812","Australia"
"7801","SES AI","SES","203246000","0.5357","United States"
"7802","Tianyu Digital Technology (Dalian)","002354.SZ","203170000","1.0625","China"
"7803","Invivyd","IVVD","203050000","0.9017","United States"
"7804","Cadence Capital Limited","CDM.AX","202980000","0.560264","Australia"
"7805","Lexicon Pharmaceuticals","LXRX","202856000","2.31","United States"
"7806","Sify Technologies","SIFY","202526000","14.77","India"
"7807","Bed Bath &amp; Beyond","BBBY","202453000","4.35","United States"
"7808","Fortress Biotech","FBIO","202374000","2.81","United States"
"7809","Premium Water Holdings","2588.T","202271000","23.6246","Japan"
"7810","Nagarro","NA9.DE","201939000","91.1528","Germany"
"7811","Devyani International","DEVYANI.NS","201660000","1.53828","India"
"7812","Doxa AB","DOXA.ST","201490000","0.0351645","Sweden"
"7813","Stitch Fix","SFIX","201467000","3.17","United States"
"7814","Hanover Bancorp","HNVR","201441000","26.94","United States"
"7815","Western Copper and Gold","WRN","201297000","2.57","Canada"
"7816","Quantum-Si","QSI","200744000","0.7906","United States"
"7817","en Japan","4849.T","200670000","10.4161","Japan"
"7818","Neuland Laboratories","NEULANDLAB.NS","200512000","246.769","India"
"7819","Mr.Bricolage","ALMRB.PA","200421000","4.65089","France"
"7820","Altshuler Shaham Finance","ALTF.TA","200185000","2.18901","Israel"
"7821","Asure Software","ASUR","200123000","8.81","United States"
"7822","Archer Limited","ARCH.OL","199900000","2.5243","Norway"
"7823","Rupert Resources","RUP.TO","199881000","7.33956","Canada"
"7824","Polar Capital Holdings","POLR.L","199707000","11.8205","United Kingdom"
"7825","WildBrain","WILD.TO","198880000","1.18859","Canada"
"7826","PDS Multinational","PDSL.NS","198855000","3.82686","India"
"7827","Lincoln Educational Services","LINC","198828000","25.61","United States"
"7828","atai Life Sciences","ATAI","198779000","7.39","Germany"
"7829","TT Electronics","TTG.L","198641000","1.83693","United Kingdom"
"7830","The Platform Group","TPG.F","198510000","5.89726","Germany"
"7831","CRA International","CRAI","198390000","170.69","United States"
"7832","Ovid Therapeutics","OVID","198269000","2.88","United States"
"7833","Solana Company","HSDT","197897000","2.05","United States"
"7834","Modiv Industrial","MDV","197709000","18.05","United States"
"7835","Medifast","MED","197681000","12.22","United States"
"7836","SNP Schneider-Neureither &amp; Partner","SHF.DE","197536000","96.5147","Germany"
"7837","Lifetime Brands","LCUT","197496000","9.13","United States"
"7838","Urban-gro","UGRO","197107000","3.15","United States"
"7839","XANO Industri","XANO-B.ST","196894000","5.30092","Sweden"
"7840","Sezzle","SEZL","196722000","123.54","United States"
"7841","FinWise Bancorp","FINW","196607000","14","United States"
"7842","Limbach Holdings","LMB","196335000","42.42","United States"
"7843","IVF Hartmann","VBSN.SW","196302000","161.969","Switzerland"
"7844","secunet","YSN.F","196218000","206.085","Germany"
"7845","accesso Technology Group","ACSO.L","196125000","4.23228","United Kingdom"
"7846","Pkp Cargo","PKP.WA","196001000","2.94099","Poland"
"7847","Dye &amp; Durham","DND.TO","195836000","0.533064","Canada"
"7848","Zomedica Pharmaceuticals","ZOM","195664000","0.0973","United States"
"7849","Kyverna Therapeutics","KYTX","195580000","8.61","United States"
"7850","Foxtons Group","FOXT.L","195233000","0.533294","United Kingdom"
"7851","K-Bro Linen","KBL.TO","195172000","33.4822","Canada"
"7852","Nippon Air conditioning Services","4658.T","195089000","9.79494","Japan"
"7853","Strike Energy","STX.AX","195018000","0.0754202","Australia"
"7854","AB Zemaitijos pienas","ZMP1L.VS","195013000","3.00734","Lithuania"
"7855","Lux Industries","LUXIND.NS","194766000","12.56","India"
"7856","Varroc","VARROC.NS","194491000","8.5608","India"
"7857","Shinpoong Pharm","019170.KS","194408000","6.40589","South Korea"
"7858","Pihlajalinna Oyj","PIHLIS.HE","194215000","12.5189","Finland"
"7859","Zepp Health","ZEPP","194168000","5.3","China"
"7860","PWO AG","PWO.DE","194165000","26.5765","Germany"
"7861","Tiny Ltd.","TINY.V","194118000","6.19559","Canada"
"7862","Zamil Industrial Investment Company","2240.SR","194093000","7.59089","Saudi Arabia"
"7863","Gaumont SA","GAM.PA","194001000","118.895","France"
"7864","Clarus","CLAR","193657000","3.73","United States"
"7865","Damaan Islamic Insurance Company (Beema)","BEMA.QA","193516000","1.42857","Qatar"
"7866","Injazzat Real Estate Development Company","INJAZZAT.KW","193508000","482.399","Kuwait"
"7867","Jeju Air","089590.KS","193053000","3.21019","South Korea"
"7868","BCP Investment Corporation","BCIC","193005000","7.67","United States"
"7869","National General Insurance Company","NGI.AE","192823000","1.59015","United Arab Emirates"
"7870","Superior Group of Companies","SGC","192751000","12.39","United States"
"7871","1-800-Flowers.com, Inc.","FLWS","192481000","3.74","United States"
"7872","Hurco Companies","HURC","192419000","22.91","United States"
"7873","Wonderla Holidays","WONDERLA.NS","192214000","5.67979","India"
"7874","Digital Turbine","APPS","192161000","10.84","United States"
"7875","Haulotte Group","PIG.PA","192144000","2.70428","France"
"7876","Shoei Co., Ltd.","7839.T","191925000","13.0186","Japan"
"7877","Paisalo Digital","PAISALO.NS","191794000","0.712161","India"
"7878","Banca Profilo","PRO.MI","191786000","2.02471","Italy"
"7879","Voltamp Transformers","VOLTAMP.NS","191669000","117.676","India"
"7880","Sabaf S.p.A.","SAB.MI","191566000","13.6962","Italy"
"7881","Ventyx Biosciences","VTYX","191364000","14","United States"
"7882","Arcturus Therapeutics","ARCT","191362000","15.83","United States"
"7883","SAKURA Internet","3778.T","191256000","22.9343","Japan"
"7884","Butterfly Network","BFLY","191222000","8.64","United States"
"7885","Panasonic Manufacturing Malaysia Berhad","3719.KL","191091000","1.43976","Malaysia"
"7886","Musti Group","MUSTI.HE","191028000","17.776","Finland"
"7887","Dingdong Maicai","DDL","190881000","2.29","China"
"7888","The Gym Group","GYM.L","190830000","2.71735","United Kingdom"
"7889","Dakota Gold","DC","190830000","6.1","United States"
"7890","Cicor Technologies","CICN.SW","190764000","165.568","Switzerland"
"7891","Definitive Healthcare","DH","190699000","0.7901","United States"
"7892","Allianz Saudi Fransi Cooperative Insurance","8040.SR","190559000","3.67559","Saudi Arabia"
"7893","Koskisen Oyj","KOSKI.HE","190463000","10.141","Finland"
"7894","Andrew Peller","ADW-A.TO","190086000","5.76286","Canada"
"7895","Tanmiah Food Company","2281.SR","190085000","17.0995","Saudi Arabia"
"7896","Blue Dart Express","BLUEDART.NS","190067000","52.3568","India"
"7897","Green Landscaping Group","GREEN.ST","189991000","2.49301","Sweden"
"7898","Puravankara","PURVA.NS","189957000","2.24196","India"
"7899","Arcutis Biotherapeutics","ARQT","189648000","25.14","United States"
"7900","American Vanguard","AVD","189620000","2.21","United States"
"7901","Regis Corporation","RGS","189450000","26.75","United States"
"7902","MasterCraft Boat","MCFT","189252000","24.24","United States"
"7903","3M India","3MINDIA.NS","189139000","358.28","India"
"7904","Xanadu Quantum Technologies Limited","XNDU","188433000","10.26","Canada"
"7905","Teixeira Duarte","TDSA.LS","188127000","0.558923","Portugal"
"7906","Rokiskio Suris AB","RSU1L.VS","188041000","5.3153","Lithuania"
"7907","SkyWater Technology","SKYT","187855000","32.46","United States"
"7908","Kaveri Seed","KSCL.NS","187668000","8.223","India"
"7909","AiRWA Inc.","YYAI","187547000","0.965","United States"
"7910","Sjóvá-Almennar tryggingar","SJOVA.IC","187453000","0.364691","Iceland"
"7911","Züblin Immobilien","ZUBN.SW","187403000","61.8088","Switzerland"
"7912","National Bankshares","NKSH","187398000","40.78","United States"
"7913","Kri-Kri Milk Industry","KRI.AT","187396000","37.1838","Greece"
"7914","Perfect Presentation for Commercial Services CompanyPerfect Presentation for Commercial Services","7204.SR","187266000","1.78985","Saudi Arabia"
"7915","Gulf Investment House Company","GIH.KW","187165000","2131.68","Kuwait"
"7916","Denison Mines","DNN","187112000","3.63","Canada"
"7917","KSB ltd","KSB.NS","187005000","8.34293","India"
"7918","Orell Füssli AG","OFN.SW","186779000","173.76","Switzerland"
"7919","RGP (Resources Connection)","RGP","186684000","4.2","United States"
"7920","Twin Disc","TWIN","186526000","23.52","United States"
"7921","Virginia National Bankshares","VABK","186497000","46.38","United States"
"7922","Compass Therapeutics","CMPX","186473000","2.43","United States"
"7923","Mesa Laboratories","MLAB","186245000","127.15","United States"
"7924","Kuwait Business Town Real Estate Company","KBT.KW","186150000","252.933","Kuwait"
"7925","Nabaltec","NTG.DE","186060000","14.8619","Germany"
"7926","CDL Investments New Zealand Limited","CDI.NZ","186010000","0.380726","New Zealand"
"7927","Advanced Flower Capital","AFCG","185819000","3.45","United States"
"7928","QLM Life &amp; Medical Insurance Company","QLMI.QA","185732000","0.576923","Qatar"
"7929","KIOCL","KIOCL.NS","185724000","4.00335","India"
"7930","Jassim Transport &amp; Stevedoring Company","JTC.KW","185685000","1365.71","Kuwait"
"7931","Machvision Inc.","3563.TW","185589000","21.835","Taiwan"
"7932","Smartgroup Corporation","SIQ.AX","185578000","8.11665","Australia"
"7933","The Tel-Aviv Stock Exchange","TASE.TA","185447000","42.7437","Israel"
"7934","Vesuvius India","VESUVIUS.NS","185352000","4.4239","India"
"7935","Flexsteel Industries","FLXS","185303000","81.77","United States"
"7936","MT Højgaard Holding","MTHH.CO","185257000","43.4927","Denmark"
"7937","Hamilton Beach Brands","HBB","184769000","32.44","United States"
"7938","Hong Kong Technology Venture Company (HKTV)","1137.HK","184646000","0.130119","Hong Kong"
"7939","Sport Lisboa e Benfica","SLBEN.LS","184356000","7.83308","Portugal"
"7940","OnKure Therapeutics","OKUR","184353000","3.8","United States"
"7941","Energy Recovery","ERII","184285000","7.94","United States"
"7942","Al Majed for Oud Company","4165.SR","184051000","32.5742","Saudi Arabia"
"7943","Pullup Entertainment","ALPUL.PA","184028000","9.72141","France"
"7944","Ellomay Capital","ELLO","183877000","19.71","Israel"
"7945","BV Financial","BVFL","183637000","20.69","United States"
"7946","Wynnstay Group","WYN.L","183446000","5.08145","United Kingdom"
"7947","Benitec Biopharma","BNTC","183332000","12.88","United States"
"7948","Qatar Islamic Insurance Group","QISI.QA","183260000","2.1956","Qatar"
"7949","Nuix Limited","NXL.AX","183059000","1.46531","Australia"
"7950","Turners Automotive Group","TRA.NZ","182967000","4.61035","New Zealand"
"7951","Inogen","INGN","182906000","5.56","United States"
"7952","Solidarity Bahrain","SOLID.BH","182825000","0.185686","Bahrain"
"7953","Global Fashion Group","GFG.DE","182788000","0.524537","Luxembourg"
"7954","Zentalis Pharmaceuticals","ZNTL","182680000","3.89","United States"
"7955","PEDEVCO","PED","182185000","13.09","United States"
"7956","Excel Industries","EXCELINDUS.NS","182170000","10.9223","India"
"7957","Hyliion","HYLN","181724000","3.32","United States"
"7958","Ag Growth International","AFN.TO","181505000","9.30326","Canada"
"7959","Agilon Health","AGL","181433000","95.74","United States"
"7960","Aeris Resources","AIS.AX","181392000","0.380692","Australia"
"7961","ARN Media","A1N.AX","181244000","0.197529","Australia"
"7962","Protara Therapeutics","TARA","181208000","3.91","United States"
"7963","Troax Group AB","TROAX.ST","181129000","15.2415","Sweden"
"7964","Tradegate Exchange","T2G.F","181068000","94.4166","Germany"
"7965","Happiest Minds Technologies","HAPPSTMNDS.NS","180724000","4.53179","India"
"7966","TAT Technologies","TATT","180475000","39.33","Israel"
"7967","Treatt plc","TET.L","180128000","4.14397","United Kingdom"
"7968","Bushiroad","7803.T","179975000","2.53501","Japan"
"7969","Bahrain National Holding","BNH.BH","179829000","1.14064","Bahrain"
"7970","Fate Therapeutics","FATE","179707000","2.57","United States"
"7971","FCR Immobilien","FC9.DE","179579000","12.2392","Germany"
"7972","Alfen","ALFEN.AS","179458000","13.9876","Netherlands"
"7973","Nam Tai Property","NTPIF","179379000","4.55","China"
"7974","KFin Technologies","KFINTECH.NS","178968000","10.0304","India"
"7975","SI-BONE","SIBN","178942000","19.43","United States"
"7976","Murapol S.A.","MUR.WA","178891000","10.4611","Poland"
"7977","Basic Chemical Industries Company","1210.SR","178699000","6.73858","Saudi Arabia"
"7978","Westwater Resources","WWR","178695000","0.6075","United States"
"7979","TruBridge","TBRG","178688000","26.24","United States"
"7980","Yubico","YUBICO.ST","178644000","9.44718","Sweden"
"7981","Vocento","VOC.MC","178626000","0.93251","Spain"
"7982","Carnarvon Energy","CVN.AX","178615000","0.0718288","Australia"
"7983","Atrys Health","ATRY.MC","178508000","2.93741","Spain"
"7984","Inghams Group","ING.AX","178329000","1.47249","Australia"
"7985","Ethos Watches","ETHOSLTD.NS","178039000","30.376","India"
"7986","Gaotu Techedu","GOTU","178004000","1.73","China"
"7987","NAPCO Security Technologies","NSSC","177782000","35.73","United States"
"7988","Glass House Brands","GLASF","177448000","11.81","United States"
"7989","Avon Protection","AVON.L","177400000","24.7551","United Kingdom"
"7990","Beyout Investment Group","BEYOUT.KW","177256000","1111.47","Kuwait"
"7991","FriendTimes","6820.HK","177241000","0.0452864","China"
"7992","Hamat Group","HAMAT.TA","177182000","4.45611","Israel"
"7993","Wickes Group","WIX.L","176286000","2.66227","United Kingdom"
"7994","ReconAfrica","0XD.F","176284000","0.489568","Canada"
"7995","Vaibhav Global","VAIBHAVGBL.NS","176279000","2.32743","India"
"7996","M1 Kliniken AG","M12.DE","176223000","21.098","Germany"
"7997","Burkhalter Holding","BRKN.SW","176053000","165.072","Switzerland"
"7998","Savara","SVRA","176039000","5.61","United States"
"7999","ECB Bancorp","ECBK","175927000","20.44","United States"
"8000","Prince Pipes And Fittings","PRINCEPIPE.NS","175913000","3.10045","India"
"8001","Escalade Sports","ESCA","175836000","19.93","United States"
"8002","Avantium N.V.","AVTX.AS","175736000","5.75825","Netherlands"
"8003","TomTom","TOM2.AS","175701000","4.81408","Netherlands"
"8004","santec Holdings Corporation","6777.T","175529000","122.358","Japan"
"8005","Netskope","NTSK","175516000","13.92","United States"
"8006","Nick Scali Limited","NCK.AX","175423000","10.6881","Australia"
"8007","Gorilla Technology","GRRR","175405000","15.45","Taiwan"
"8008","Hawthorn Bancshares","HWBK","175386000","39.08","United States"
"8009","Zotefoams","ZTF.L","175180000","6.09367","United Kingdom"
"8010","Marvelous","7844.T","175149000","3.20642","Japan"
"8011","Ithmaar Holding","ITHMR.BH","174982000","0.25","Bahrain"
"8012","Banan Real Estate Company","4324.SR","174962000","0.799041","Saudi Arabia"
"8013","Salem Media Group","SALM","174929000","1","United States"
"8014","Chain Bridge Bancorp","CBNA","174875000","45.3","United States"
"8015","Traeger","COOK","174800000","0.5983","United States"
"8016","Rapid7","RPD","174772000","11.79","United States"
"8017","Kendrion","KENDR.AS","174655000","22.4968","Netherlands"
"8018","Fiera Capital","FSZ.TO","174571000","3.2344","Canada"
"8019","L.B. Foster","FSTR","174494000","37.57","United States"
"8020","Lampsa Hellenic Hotels","LAMPS.AT","174432000","55.0181","Greece"
"8021","BMMI Group","BMMI.BH","173717000","0.190992","Bahrain"
"8022","Voyager Therapeutics","VYGR","173669000","3.46","United States"
"8023","Vp plc","VP.L","173643000","6.71187","United Kingdom"
"8024","Energizer Holdings","ENR","173200000","21.97","United States"
"8025","NRC Group ASA","NRC.OL","173100000","0.941264","Norway"
"8026","Cosmo First","COSMOFIRST.NS","172930000","9.80413","India"
"8027","PNE AG","PNE3.DE","172919000","8.57909","Germany"
"8028","Wataniya Insurance Company","8300.SR","172840000","3.92063","Saudi Arabia"
"8029","Amper, S.A.","AMP.MC","172624000","5.50414","Spain"
"8030","What's Cooking Group","WHATS.BR","172252000","170.183","Belgium"
"8031","Al Khaleej Takaful Insurance Company","AKHI.QA","172220000","0.793681","Qatar"
"8032","GAMCO Investors","GAMI","172190000","25.62","United States"
"8033","Dicker Data","DDR.AX","172154000","9.10789","Australia"
"8034","Trevi Therapeutics","TRVI","172127000","17.92","United States"
"8035","Absci","ABSI","171971000","9.22","United States"
"8036","STINAG Stuttgart Invest","STG.F","171873000","16.9982","Germany"
"8037","Ceragon Networks","CRNT","171496000","2.07","Israel"
"8038","The Italian Sea Group","TISG.MI","171326000","1.49901","Italy"
"8039","Ohio Valley Banc Corp","OVBC","171280000","45.2","United States"
"8040","MGI Digital Technology","ALMDG.PA","171231000","11.7496","France"
"8041","Warba Insurance and Reinsurance Company","WINSRE.KW","170927000","554.107","Kuwait"
"8042","Enad Global 7","EG7.ST","170926000","1.77607","Sweden"
"8043","Bakkt Holdings","BKKT","170878000","8.23","United States"
"8044","AngioDynamics","ANGO","170825000","15.69","United States"
"8045","MilDef Group","MILDEF.ST","170807000","22.7047","Sweden"
"8046","Delfingen Industry","ALDEL.PA","170760000","34.5029","France"
"8047","Bell Financial Group","BFG.AX","170692000","1.0487","Australia"
"8048","Bata India","BATAINDIA.NS","170681000","7.13365","India"
"8049","Bajaj Electricals","BAJAJELEC.NS","170529000","3.52257","India"
"8050","Thob Al Aseel Company","4012.SR","170513000","0.937542","Saudi Arabia"
"8051","International Tower Hill Mines","THM","170336000","2.81","Canada"
"8052","BICO Group","BICO.ST","170323000","2.06998","Sweden"
"8053","Van de Velde","VAN.BR","170322000","35.7851","Belgium"
"8054","JBM Auto","JBMA.NS","170268000","6.76181","India"
"8055","Peninsula Energy","PEN.AX","170116000","0.215486","Australia"
"8056","Kraken Robotics","PNG.V","170096000","4.14926","Canada"
"8057","Monash IVF Group","MVF.AX","170078000","0.481253","Australia"
"8058","clearvise AG","ABO.DE","169997000","1.2822","Germany"
"8059","Hebei Changshan Biochemical Pharmaceutical Co., Ltd.","300255.SZ","169936000","3.65774","China"
"8060","Hindustan Media Ventures","HMVL.NS","169803000","0.906672","India"
"8061","AB Dynamics","ABDP.L","169598000","11.4161","United Kingdom"
"8062","Kafrit Industries","KAFR.TA","169538000","9.49111","Israel"
"8063","Speedy Hire","SDY.L","169514000","0.254684","United Kingdom"
"8064","Alijarah Holding","NLCS.QA","169494000","0.200549","Qatar"
"8065","Colgate-Palmolive India","COLPAL.NS","169452000","19.3359","India"
"8066","Gulf Oil Lubricants","GULFOILLUB.NS","169401000","12.1001","India"
"8067","Funko","FNKO","169400000","6.38","United States"
"8068","Basler Aktiengesellschaft","BSL.DE","169367000","28.2667","Germany"
"8069","init innovation in traffic systems","IXX.DE","169202000","53.2113","Germany"
"8070","BRT Apartments","BRT","169157000","14.59","United States"
"8071","Hooker Furnishings","HOFT","169094000","13.74","United States"
"8072","The Honest Company","HNST","169092000","5.72","United States"
"8073","Pro Medicus","PME.AX","169032000","128.746","Australia"
"8074","Diagnostyka S.A.","DIA.WA","169024000","45.5476","Poland"
"8075","LEM Holding","LEHN.SW","168992000","651.599","Switzerland"
"8076","2G Energy AG","2GB.DE","168942000","64.11","Germany"
"8077","ÖKOWORLD","VVV3.DE","168908000","31.7053","Germany"
"8078","Nilkamal","NILKAMAL.NS","168896000","21.7953","India"
"8079","Castings P.L.C.","CGS.L","168550000","4.06394","United Kingdom"
"8080","X4 Pharmaceuticals","XFOR","168450000","4.17","United States"
"8081","Ecoener","ENER.MC","168392000","4.4877","Spain"
"8082","Newegg","NEGG","168365000","18.01","United States"
"8083","Pexip","PEXIP.OL","168271000","8.25745","Norway"
"8084","Douglas Elliman","DOUG","168070000","1.88","United States"
"8085","MaxCyte","MXCT","167886000","1.31","United States"
"8086","Arq Inc.","ARQ","167812000","2.15","United States"
"8087","Conduril - Engenharia","CDU.LS","167780000","14.687","Portugal"
"8088","DATA MODUL","DAM.DE","167665000","32.4047","Germany"
"8089","On the Beach Group","OTB.L","167660000","2.61681","United Kingdom"
"8090","NCAB Group AB","NCAB.ST","167422000","8.34501","Sweden"
"8091","SMASCO (Saudi Manpower Solutions Company)","1834.SR","167236000","1.57411","Saudi Arabia"
"8092","Sportsman's Warehouse","SPWH","167204000","1.16","United States"
"8093","Velan","VLN.TO","167044000","13.3986","Canada"
"8094","Kingsgate Consolidated Limited","KCN.AX","166998000","3.80692","Australia"
"8095","Nature's Sunshine Products","NATR","166916000","14.29","United States"
"8096","Brera Holdings","SLMT","166773000","3.97","Ireland"
"8097","Cato Fashion","CATO","166705000","2.77","United States"
"8098","Orion Group Holdings","ORN","166668000","9.33","United States"
"8099","Replimune","REPL","166160000","15.88","United States"
"8100","GoldMining Inc.","GLDG","166124000","1.14","Canada"
"8101","Schaffer Corporation","SFC.AX","165947000","14.3658","Australia"
"8102","Aarti Drugs","AARTIDRUGS.NS","165720000","4.3951","India"
"8103","Carlo Gavazzi Holding","GAV.SW","165718000","192.997","Switzerland"
"8104","Sachem Capital","SACH","165609000","0.8801","United States"
"8105","Lubawa","LBW.WA","165330000","3.32754","Poland"
"8106","Pliant Therapeutics","PLRX","165166000","1.16","United States"
"8107","Watkin Jones Plc","WJG.L","165120000","0.242877","United Kingdom"
"8108","Asian Granito India","ASIANTILES.NS","165047000","0.491463","India"
"8109","Evli","EVLI.HE","165036000","29.4906","Finland"
"8110","Braemar Hotels &amp; Resorts","BHR","165014000","2.05","United States"
"8111","Sky Harbour Group","SKYH","165013000","10.69","United States"
"8112","ACTIA Group","ALATI.PA","164890000","4.83739","France"
"8113","Funai Soken Holdings Incorporated","9757.T","164873000","7.34777","Japan"
"8114","Confidence Petroleum","CONFIPET.NS","164869000","0.8256","India"
"8115","Nordic Paper","NPAPER.ST","164736000","5.00414","Sweden"
"8116","Sanok Rubber Company","SNK.WA","164566000","6.21717","Poland"
"8117","Miyakoshi Holdings","6620.T","164530000","4.41117","Japan"
"8118","Bassett Furniture","BSET","164476000","19","United States"
"8119","Fonar Corporation","FONR","164456000","19.09","United States"
"8120","DEMIRE Deutsche Mittelstand Real Estate","DMRE.DE","164385000","0.519874","Germany"
"8121","Rakus Co., Ltd.","3923.T","164171000","7.13443","Japan"
"8122","Kitwave Group","KITW.L","164100000","3.99424","United Kingdom"
"8123","Saudi Paper Manufacturing Company","2300.SR","164039000","17.206","Saudi Arabia"
"8124","Finbar Group Limited","FRI.AX","163863000","0.556673","Australia"
"8125","Klingelnberg AG","KLIN.SW","163840000","13.8387","Switzerland"
"8126","Indel B S.p.A.","INDB.MI","163836000","22.8465","Italy"
"8127","Mishra Dhatu Nigam","MIDHANI.NS","163751000","4.39772","India"
"8128","Limoneira","LMNR","163733000","13.5","United States"
"8129","AB Kauno Energija","KNR1L.VS","163679000","2.40121","Lithuania"
"8130","Atland SAS","ATLD.PA","163612000","42.1961","France"
"8131","Jin Air","272450.KS","163611000","4.27542","South Korea"
"8132","Gladstone Commercial","GOOD","163592000","13.01","United States"
"8133","Zymeworks","ZYME","163589000","29.305","Canada"
"8134","SFC Energy AG","F3C.DE","163392000","24.7115","Germany"
"8135","Harvia Oyj","HARVIA.HE","163388000","52.6868","Finland"
"8136","PVA TePla AG","TPE.DE","163385000","34.7826","Germany"
"8137","United Carton Industries Company","1323.SR","163379000","7.32454","Saudi Arabia"
"8138","4imprint Group","FOUR.L","163300000","61.9829","United Kingdom"
"8139","International Money Express","IMXI","162692000","14.3","United States"
"8140","Macfarlane Group","MACF.L","162363000","1.01235","United Kingdom"
"8141","SIG plc","SHI.L","162280000","0.120288","United Kingdom"
"8142","Federal-Mogul Goetze","FMGOETZE.NS","162237000","5.6557","India"
"8143","Al Ramz Corporation Investment and Development","ALRAMZ.AE","162119000","0.397539","United Arab Emirates"
"8144","Fountaine Pajot","ALFPC.PA","162055000","99.4288","France"
"8145","Frauenthal Holding","FKA.VI","162046000","25.2101","Austria"
"8146","Grigeo AB","GRG1L.VS","161702000","1.17147","Lithuania"
"8147","Astronics Corporation","ATRO","161702000","77.51","United States"
"8148","MedCap","MCAP.ST","161695000","57.8902","Sweden"
"8149","Prim, S.A.","PRM.MC","161691000","15.3281","Spain"
"8150","NOVONIX","NVX","161671000","0.4094","Australia"
"8151","Landmark Bancorp","LARK","161611000","31.955","United States"
"8152","Basilea Pharmaceutica","BSLN.SW","161603000","81.9153","Switzerland"
"8153","Borosil","BORORENEW.NS","161484000","5.42474","India"
"8154","iRhythm","IRTC","161210000","119.15","United States"
"8155","SKAN Group","SKAN.SW","161161000","81.0465","Switzerland"
"8156","Filatex India","FILATEX.NS","160963000","0.823295","India"
"8157","IBEX","IBEX","160783000","36.63","United States"
"8158","Civeo","CVEO","160746000","33.35","United States"
"8159","Page Industries","PAGEIND.NS","160733000","375.406","India"
"8160","Nykaa","NYKAA.NS","160679000","3.54876","India"
"8161","INOVEST","INOVEST.BH","160542000","0.115","Bahrain"
"8162","Gérard Perrier Industrie S.A.","PERR.PA","160522000","95.8154","France"
"8163","DBV Technologies","DBVT","160400000","14.52","France"
"8164","Delta Israel Brands","DLTI.TA","160186000","36.0797","Israel"
"8165","Richardson Electronics","RELL","160150000","17.78","United States"
"8166","Rapala VMC Corporation","RAP1V.HE","160116000","1.98505","Finland"
"8167","Campine","CAMB.BR","160112000","233.127","Belgium"
"8168","Aquafil","ECNL.MI","160044000","1.5876","Italy"
"8169","Incap Oyj","ICP1V.HE","160042000","9.8846","Finland"
"8170","Galliford Try","GFRD.L","159856000","8.43739","United Kingdom"
"8171","Comstock Inc.","LODE","159754000","3.5","United States"
"8172","New Pacific Metals","NEWP","159711000","7.14","Canada"
"8173","Grupa Pracuj","GPP.WA","159704000","15.6511","Poland"
"8174","Austriacard Holdings","ACAG.VI","159686000","11.4232","Austria"
"8175","Skipper Limited","SKIPPER.NS","159517000","5.88667","India"
"8176","Touax SCA","TOUP.PA","159514000","6.36395","France"
"8177","Arlo Technologies","ARLO","159402000","13.06","United States"
"8178","Streamex Corp.","STEX","159346000","0.7733","United States"
"8179","QNB Finans Finansal Kiralama (QNB Finansleasing)","QNBFK.IS","159218000","0.881737","Turkey"
"8180","Build-A-Bear Workshop","BBW","159019000","39.095","United States"
"8181","Vátryggingafélag Íslands","SKAGI.IC","158787000","0.120289","Iceland"
"8182","Clere AG","CAG0.HM","158739000","14.4539","Germany"
"8183","Avingtrans","AVG.L","158650000","10.0481","United Kingdom"
"8184","Cerence","CRNC","158545000","8.03","United States"
"8185","Box, Inc.","BOX","158496000","32.95","United States"
"8186","Clinuvel Pharmaceuticals","CUV.AX","158406000","6.59388","Australia"
"8187","TOYA S.A.","TOA.WA","158294000","2.5977","Poland"
"8188","Core Molding Technologies","CMT","158221000","25.24","United States"
"8189","Poujoulat","ALPJT.PA","158203000","6.87726","France"
"8190","Peoples Bancorp of North Carolina","PEBK","158117000","43.65","United States"
"8191","Larimar Therapeutics","LRMR","158033000","4.17","United States"
"8192","Al Eid Food Company","ALEID.KW","157958000","704.731","Kuwait"
"8193","Once Upon A Farm","OFRM","157881000","16.89","United States"
"8194","Gooch &amp; Housego","GHH.L","157673000","16.387","United Kingdom"
"8195","Japan Elevator Service Holdings","6544.T","157600000","9.78239","Japan"
"8196","Cera Sanitaryware","CERA.NS","157496000","59.2961","India"
"8197","Rottneros","RROS.ST","157428000","0.316481","Sweden"
"8198","Nat Games (Nexon Games)","225570.KQ","157196000","7.97113","South Korea"
"8199","Battalion Oil","BATL","157119000","1.31","United States"
"8200","Orient Paper Mills","ORIENTPPR.NS","157053000","0.178485","India"
"8201","National International Holding Company (Kuwait)","NIH.KW","157049000","609.518","Kuwait"
"8202","Heineken Malaysia","3255.KL","156988000","4.02337","Malaysia"
"8203","First Northwest Bancorp","FNWB","156966000","11.07","United States"
"8204","JBCC Holdings","9889.T","156906000","10.7424","Japan"
"8205","Azkoyen S.A.","AZK.MC","156904000","11.6564","Spain"
"8206","Bang &amp; Olufsen A/S","BO.CO","156810000","1.74906","Denmark"
"8207","Masi Agricola","MASI.MI","156701000","5.08218","Italy"
"8208","Duluth Holdings","DLTH","156570000","3.73","United States"
"8209","Siyaram Silk Mills","SIYSIL.NS","156187000","5.89766","India"
"8210","Stoneridge","SRI","156182000","7.16","United States"
"8211","DeFi Technologies","DEFI.NE","156134000","0.583489","Canada"
"8212","HMS Bergbau","HMU.DE","155816000","46.9752","Germany"
"8213","Himalaya Shipping","HSHP","155800000","15.9","Bermuda"
"8214","Al Obeikan Glass Company","4145.SR","155635000","6.51751","Saudi Arabia"
"8215","Perfect Corp.","PERF","155617000","1.88","Taiwan"
"8216","Largo","LGO","155559000","0.7707","Canada"
"8217","Franchi Umberto Marmi","FUM.MI","155490000","3.64844","Italy"
"8218","Coast Investment &amp; Development Company","COAST.KW","155388000","306.063","Kuwait"
"8219","ASRock Rack Incorporation","7711.TW","155311000","15.5334","Taiwan"
"8220","Karat Packaging","KRT","155173000","49.26","United States"
"8221","Asiya Capital Investments Company","ASIYA.KW","154967000","133.638","Kuwait"
"8222","Animalcare Group","ANCR.L","154253000","4.55157","United Kingdom"
"8223","Core Lithium Ltd","CXO.AX","154111000","0.262175","Australia"
"8224","AudioCodes","AUDC","154100000","10.04","Israel"
"8225","Olimpo Real Estate","YORE.MC","154078000","1.12484","Spain"
"8226","PhenixFIN","PFX","153812000","53.07","United States"
"8227","Al-Mazaya Holding Company","MAZAYA.KW","153795000","249.022","Kuwait"
"8228","Agomab Therapeutics","AGMB","153774000","14.28","Belgium"
"8229","Suprajit Engineering","SUPRAJIT.NS","153708000","5.27443","India"
"8230","Bittium","BITTI.HE","153662000","44.2359","Finland"
"8231","Gens Aurea","OROX.MI","153509000","13.7545","Italy"
"8232","Miko Group","MIKO.BR","153447000","78.0977","Belgium"
"8233","Devolver Digital","DEVO.L","153387000","0.0985041","United States"
"8234","Coor Service Management Holding AB","COOR.ST","153209000","5.22534","Sweden"
"8235","Al Khaleej Training and Education Company","4290.SR","153146000","3.95259","Saudi Arabia"
"8236","Trifast","TRI.L","153121000","1.15759","United Kingdom"
"8237","Gulf Union Alahlia Cooperative Insurance","8120.SR","152888000","3.87269","Saudi Arabia"
"8238","Vecima Networks","VCM.TO","152718000","8.99726","Canada"
"8239","Rane Holdings","RANEHOLDIN.NS","152494000","16.6241","India"
"8240","ATHEX  (Athens Stock Exchange)","EXAE.AT","152055000","9.34841","Greece"
"8241","Lokum Deweloper","LKD.WA","151926000","6.27124","Poland"
"8242","Huuuge","HUG.WA","151908000","5.81171","United States"
"8243","SIGA Technologies","SIGA","151622000","3.07","United States"
"8244","Pure Cycle (water)","PCYO","151584000","11.52","United States"
"8245","Friedman Industries","FRD","151494000","42.23","United States"
"8246","ALX Oncology","ALXO","151347000","1.98","United States"
"8247","Immunic","IMUX","151233000","16.49","United States"
"8248","City of London Investment Group Plc","CLIG.L","150614000","6.72545","United Kingdom"
"8249","Amadeus Fire","AAD.DE","150557000","24.7698","Germany"
"8250","Jazeera Airways","JAZEERA.KW","150280000","5677.97","Kuwait"
"8251","centrotherm international","CTNK.F","150045000","10.8518","Germany"
"8252","Atturra","ATA.AX","150041000","0.280132","Australia"
"8253","Kingfa Science & Technology","KINGFA.NS","149684000","62.8627","India"
"8254","Groupe Minoteries SA","GMI.SW","149670000","285.462","Switzerland"
"8255","Ion Beam Applications","IBAB.BR","149390000","19.6293","Belgium"
"8256","uniQure","QURE","149343000","50.95","Netherlands"
"8257","ALBA SE","ABA.F","149206000","8.08808","Germany"
"8258","Elica S.p.A.","ELC.MI","149180000","1.40459","Italy"
"8259","Erbud","ERB.WA","149179000","6.12256","Poland"
"8260","Dutch Lady Milk Industries","3026.KL","149050000","7.82295","Malaysia"
"8261","FuRyu","6238.T","148997000","8.84745","Japan"
"8262","Gabriel India","GABRIEL.NS","148883000","14.2359","India"
"8263","Middle East Specialized Cables Company","2370.SR","148865000","8.39526","Saudi Arabia"
"8264","Teract S.A.","TRACT.PA","148838000","3.23688","France"
"8265","Installux S.A.","ALLUX.PA","148680000","571.162","France"
"8266","Ardelyx","ARDX","148622000","3.83","United States"
"8267","Tadiran Group","TDRN.TA","148518000","68.5918","Israel"
"8268","NIPPON PARKING DEVELOPMENT","2353.T","148447000","1.70674","Japan"
"8269","Arabia Insurance Cooperative Company","8160.SR","148440000","2.37848","Saudi Arabia"
"8270","National Gypsum Company","2090.SR","148430000","3.65961","Saudi Arabia"
"8271","Arkan Al-Kuwait Real Estate Company","ARKAN.KW","148339000","1160.36","Kuwait"
"8272","Saga Communications","SGA","148312000","9.13","United States"
"8273","AS Tallinna Vesi","TVE1T.TL","148233000","12.7054","Estonia"
"8274","Evertz Technologies","ET.TO","148222000","11.2448","Canada"
"8275","Here Group Limited","HERE","148189000","1.87","China"
"8276","Gamania Digital","6180.TWO","148184000","1.34697","Taiwan"
"8277","Hindustan Oil Exploration Company","HINDOILEXP.NS","148122000","1.70012","India"
"8278","Adairs Limited","ADH.AX","148120000","1.03074","Australia"
"8279","Banqup Group SA","BANQ.BR","148030000","2.23802","Belgium"
"8280","SHUAA Capital","SHUAA.AE","147971000","0.0588139","United Arab Emirates"
"8281","HilleVax","HLVX","147819000","2.09","United States"
"8282","Universal Health Realty Income Trust","UHT","147803000","42.16","United States"
"8283","Bellevue Group","BBN.SW","147747000","8.8121","Switzerland"
"8284","Al Taiseer Group TALCO Industrial Company","4143.SR","147509000","9.38074","Saudi Arabia"
"8285","MTI Ltd.","9438.T","147495000","3.78997","Japan"
"8286","Armah Sports","9590.SR","147430000","14.6491","Saudi Arabia"
"8287","(DIA) Distribuidora Internacional de Alimentación","DIA.MC","147349000","44.6439","Spain"
"8288","Tera Light","TRLT.TA","147171000","5.49946","Israel"
"8289","LegalZoom","LZ","146908000","5.9","United States"
"8290","Arnarlax (Icelandic Salmon)","ISLAX.OL","146841000","6.20379","Iceland"
"8291","Heidelbergcement India","HEIDELBERG.NS","146747000","1.69268","India"
"8292","Town Centre Securities","TOWN.L","146721000","1.72552","United Kingdom"
"8293","8x8","EGHT","146609000","1.9","United States"
"8294","Southern Petrochemical Industries Corp","SPIC.NS","146554000","0.727977","India"
"8295","Skellerup Holdings","SKL.NZ","146333000","4.40809","New Zealand"
"8296","Instabank ASA","INSTA.OL","146281000","0.534809","Norway"
"8297","AIC Mines Limited","A1M.AX","146237000","0.610544","Australia"
"8298","Australian Finance Group","AFG.AX","146099000","1.14208","Australia"
"8299","EVI Industries","EVI","145997000","14.28","United States"
"8300","Indian Energy Exchange","IEX.NS","145967000","1.27946","India"
"8301","AS Amber Latvijas balzams","BAL1R.RG","145851000","1.51533","Latvia"
"8302","Viemed Healthcare","VMD","145796000","9.33","United States"
"8303","Riverview Bancorp","RVSB","145636000","5.165","United States"
"8304","Weathernews Inc.","4825.T","145231000","13.3402","Japan"
"8305","Hawesko","HAW.DE","145225000","19.3496","Germany"
"8306","Laox Holdings","8202.T","145039000","0.922393","Japan"
"8307","Greenpanel Industries","GREENPANEL.NS","145038000","1.66021","India"
"8308","Ceres Power","CWR.L","144969000","5.66297","United Kingdom"
"8309","Abeona Therapeutics","ABEO","144939000","6.01","United States"
"8310","Richmond Mutual Bancorporation","RMBI","144910000","15.88","United States"
"8311","Focusrite","TUNE.L","144846000","3.68487","United Kingdom"
"8312","Kid ASA","KID.OL","144611000","13.5842","Norway"
"8313","Ambra","AMB.WA","144560000","4.9413","Poland"
"8314","The Fertilisers And Chemicals Travancore Limited","FACT.NS","144444000","8.94679","India"
"8315","Nautilus Biotechnology","NAUT","144415000","0.9374","United States"
"8316","Gloo Holdings","GLOO","144372000","3.23","United States"
"8317","Wilmington plc","WIL.L","144296000","3.66843","United Kingdom"
"8318","Huhtamaki India","HUHTAMAKI.NS","144095000","2.7328","India"
"8319","ADF Group","DRX.TO","144020000","11.4584","Canada"
"8320","Alpha HPA Limited","A4N.AX","143978000","0.387875","Australia"
"8321","Aker BioMarine","AKBM.OL","143900000","14.3543","Norway"
"8322","NCS Multistage","NCSM","143804000","48.82","United States"
"8323","SB Financial Group","SBFG","143655000","27.55","United States"
"8324","Aclaris Therapeutics","ACRS","143649000","6.19","United States"
"8325","Oriola","OKDBV.HE","143458000","1.17525","Finland"
"8326","Information Services Corporation","ISC.TO","143317000","36.7166","Canada"
"8327","SPARC","SPARC.NS","143214000","2.04892","India"
"8328","Gobarto","GOB.WA","143074000","5.9661","Poland"
"8329","Transgene SA","TNG.PA","143006000","0.944166","France"
"8330","Versigent","VGNT","143000000","47.36","Switzerland"
"8331","Liontrust Asset Management PLC","LIO.L","142904000","4.24546","United Kingdom"
"8332","Lithium Royalty Corp.","LIRC.TO","142877000","7.68248","Canada"
"8333","Sokouk Holding Company K.S.C.P.","SOKOUK.KW","142871000","257.823","Kuwait"
"8334","Celon Pharma","CLN.WA","142817000","5.98741","Poland"
"8335","Premier Miton Group plc","PMI.L","142760000","0.536677","United Kingdom"
"8336","Toscana Aeroporti","TYA.MI","142693000","21.0397","Italy"
"8337","Al-Saif Stores for Development &amp; Investment","4192.SR","142653000","1.74724","Saudi Arabia"
"8338","Sandhar","SANDHAR.NS","142604000","6.87127","India"
"8339","I.g. Petrochemicals","IGPL.NS","142579000","5.50592","India"
"8340","Lake Shore Bancorp","LSBK","142378000","17.2","United States"
"8341","Al-Arabiya Real Estate Company","ARABREC.KW","142374000","531.291","Kuwait"
"8342","SergeFerrari Group","SEFER.PA","142304000","9.11002","France"
"8343","SKF India","SKFINDIA.NS","142205000","16.423","India"
"8344","Almawarid Manpower Company","1833.SR","142133000","27.4604","Saudi Arabia"
"8345","Qrf","QRF.BR","142114000","11.7729","Belgium"
"8346","EHang Holdings","EH","142073000","4.855","China"
"8347","Fintel Plc","FNTL.L","141944000","2.50241","United Kingdom"
"8348","FutureFuel","FF","141927000","5.31","United States"
"8349","Etteplan","ETTE.HE","141851000","9.97785","Finland"
"8350","Hyderabad Industries Limited","HIL.NS","141743000","21.5914","India"
"8351","Linedata Services","LIN.PA","141684000","50.239","France"
"8352","Gentrack Group","GTK.NZ","141534000","2.67103","New Zealand"
"8353","FirstFarms A/S","FFARMS.CO","141441000","10.7563","Denmark"
"8354","USA TODAY Co.","TDAY","141437000","6.4","United States"
"8355","eGuarantee","8771.T","141407000","11.3887","Japan"
"8356","Kimberly-Clark de México","KIMBERA.MX","141194000","2.35055","Mexico"
"8357","Eurocell","ECEL.L","141136000","1.63586","United Kingdom"
"8358","Nordwest Handel","NWX.F","141060000","18.8833","Germany"
"8359","Infotel SA","INF.PA","141036000","46.6838","France"
"8360","Bike24 Holding","BIKE.DE","141032000","2.59937","Germany"
"8361","Spok Holdings","SPOK","140964000","10.415","United States"
"8362","Prosafe SE","PRS.OL","140900000","0.565576","Norway"
"8363","CeriBell","CBLL","140813000","23.45","United States"
"8364","CompX International","CIX","140785000","32","United States"
"8365","Nestle Malaysia","4707.KL","140665000","25.6123","Malaysia"
"8366","Kainos Group","KNOS.L","140639000","16.8476","United Kingdom"
"8367","Astra Microwave","ASTRAMICRO.NS","140619000","17.6778","India"
"8368","MCH Group","MCHN.SW","140331000","7.69508","Switzerland"
"8369","Capital A (Air Asia)","5099.KL","140329000","0.0820589","Malaysia"
"8370","Graham Corporation","GHM","140315000","91.86","United States"
"8371","Adicet Bio","ACET","140065000","8.95","United States"
"8372","Praj Industries","PRAJIND.NS","140051000","3.71897","India"
"8373","Luceco plc","LUCE.L","139924000","3.05702","United Kingdom"
"8374","IVE Group","IGL.AX","139896000","1.91783","Australia"
"8375","Tijara &amp; Real Estate Investment Company","TIJARA.KW","139856000","397.653","Kuwait"
"8376","United Security Bancshares","UBFO","139683000","10.51","United States"
"8377","Mader Group Limited","MAD.AX","139659000","4.58267","Australia"
"8378","Equita Group","EQUI.MI","139631000","6.8656","Italy"
"8379","ON24","ONTF","139449000","8.1","United States"
"8380","Matrix Service Company","MTRX","139420000","10.74","United States"
"8381","L1 Group","L1G.AX","139355000","0.937365","Australia"
"8382","Universal Electronics","UEIC","139323000","4.49","United States"
"8383","XXL ASA","XXL.OL","139202000","0.988001","Norway"
"8384","Science Group","SAG.L","139138000","7.84296","United Kingdom"
"8385","iHuman","IH","139103000","1.2136","China"
"8386","Simulations Plus","SLP","139035000","18.41","United States"
"8387","IG Design Group","IGR.L","139012000","1.30433","United Kingdom"
"8388","Y.D. More Investments","MRIN.TA","138999000","14.1256","Israel"
"8389","PCC Exol","PCX.WA","138979000","0.54603","Poland"
"8390","Intchains Group","ICG","138941000","0.939","China"
"8391","SHW AG","SW10.HM","138900000","7.98461","Germany"
"8392","Shengfeng Development","SFWL","138863000","0.865","China"
"8393","Aehr Test Systems","AEHR","138792000","91.12","United States"
"8394","BHM Capital Financial Services","BHMCAPITAL.AE","138700000","0.271742","United Arab Emirates"
"8395","Rhinebeck Bancorp","RBKB","138642000","12.63","United States"
"8396","Geojit Financial Services","GEOJITFSL.NS","138544000","0.856814","India"
"8397","Expensify","EXFY","138528000","2.55","United States"
"8398","Health Catalyst","HCAT","138145000","1.59","United States"
"8399","Nanosonics Limited","NAN.AX","138081000","1.91783","Australia"
"8400","GuangZhou Wahlap Technology","301011.SZ","137956000","2.18155","China"
"8401","Wall Financial Corporation","WFC.TO","137930000","14.4071","Canada"
"8402","Texaf","TEXF.BR","137917000","48.2574","Belgium"
"8403","Tuniu Corporation","TOUR","137901000","4.82","China"
"8404","Metagenomi","MGX","137785000","1.22","United States"
"8405","Hydratec Industries","HYDRA.AS","137743000","314.722","Netherlands"
"8406","Capricorn Metals","CMM.AX","137720000","12.4623","Australia"
"8407","Black Box","BBOX.NS","137661000","7.78464","India"
"8408","Islamic Arab Insurance","SALAMA.AE","137552000","0.334913","United Arab Emirates"
"8409","The Securities House","SECH.KW","137503000","271.186","Kuwait"
"8410","MacroWell OMG Digital Entertainment","3687.TWO","137460000","1.9913","Taiwan"
"8411","Choice Hotels International","CHH","137427000","109.86","United States"
"8412","Identiv","INVE","137152000","2.88","United States"
"8413","Gyre Therapeutics","GYRE","136985000","6.65","United States"
"8414","Asana","ASAN","136982000","9.44","United States"
"8415","Corby Spirit and Wine","CSW-A.TO","136882000","11.1727","Canada"
"8416","Akatsuki Corp.","8737.T","136822000","3.99076","Japan"
"8417","Zenvia","ZENV","136673000","0.4689","Brazil"
"8418","NoHo Partners","NOHO.HE","136460000","9.27847","Finland"
"8419","Esterad Investment Company","ESTERAD.BH","136418000","0.899252","Bahrain"
"8420","BRC Group Holdings","RILY","136332000","7.09","United States"
"8421","Robert Walters","RWA.L","136288000","2.05337","United Kingdom"
"8422","MRM","MRM.PA","136202000","36.549","France"
"8423","RVRC Holding","RVRC.ST","136148000","5.71555","Sweden"
"8424","Piscines Desjoyaux","ALPDX.PA","136096000","13.3465","France"
"8425","Oryzon Genomics","ORY.MC","136011000","3.30808","Spain"
"8426","Multiconsult","MULTI.OL","135991000","15.3597","Norway"
"8427","COG Financial Services","COG.AX","135841000","1.13489","Australia"
"8428","Lafinca Global Assets","YLFG.MC","135788000","4.91899","Spain"
"8429","Revenio","REG1V.HE","135765000","17.1582","Finland"
"8430","Scientific and Medical Equipment House Company","4014.SR","135738000","7.63883","Saudi Arabia"
"8431","Navigo Invest","NAVIGO-STAM.ST","135636000","0.326453","Sweden"
"8432","Arabian Pipes Company","2200.SR","135575000","1.40365","Saudi Arabia"
"8433","GTPL Hathway","GTPL.NS","135564000","0.563737","India"
"8434","Norbit ASA","NORBT.OL","135432000","17.7343","Norway"
"8435","Monopar Therapeutics","MNPR","135394000","113.72","United States"
"8436","Gofore Oyj","GOFORE.HE","135341000","13.1717","Finland"
"8437","FRP Advisory Group","FRP.L","135276000","1.60957","United Kingdom"
"8438","Síminn hf.","SIMINN.IC","135275000","0.101948","Iceland"
"8439","XBiotech","XBIT","135017000","2.31","United States"
"8440","WM Technology","MAPS","134833000","0.39","United States"
"8441","Parag Milk Foods","PARAGMILK.NS","134628000","2.53483","India"
"8442","Southern Cross Electrical Engineering","SXE.AX","134593000","3.23229","Australia"
"8443","Collective Mining","CNL","134346000","15.71","Canada"
"8444","908 Devices","MASS","134171000","10.37","United States"
"8445","Imagicaaworld Entertainment","IMAGICAA.NS","134145000","0.630669","India"
"8446","PepGen","PEPG","133980000","3.22","United States"
"8447","Knights Group","KGH.L","133970000","2.28933","United Kingdom"
"8448","Anika Therapeutics","ANIK","133901000","21.68","United States"
"8449","Yunji","YJ","133773000","2.76","China"
"8450","WASGAU Produktions &amp; Handels AG","MSH.F","133635000","9.9662","Germany"
"8451","Vox Royalty","VOXR","133551000","5.72","Canada"
"8452","Ferrum S.A. de Cerámica y Metalurgia","FERR.BA","133525000","0.0115899","Argentina"
"8453","Subros","SUBROS.NS","133081000","7.62543","India"
"8454","Shoulder Innovations","SI","133017000","22.43","United States"
"8455","Estoril Sol","ESON.LS","132966000","3.49691","Portugal"
"8456","Bafang Yunji","2753.TW","132930000","5.63993","Taiwan"
"8457","Victory Supermarket Chain","VCTR.TA","132820000","14.6405","Israel"
"8458","Advanced Technology Company K.S.C.P.","ATC.KW","132766000","1760.1","Kuwait"
"8459","Kitex Garments","KITEX.NS","132521000","1.35069","India"
"8460","Tandem Diabetes Care","TNDM","132403000","21.37","United States"
"8461","Sansan, Inc.","4443.T","132354000","13.6728","Japan"
"8462","McBride","MCB.L","132113000","2.32188","United Kingdom"
"8463","Zephyrus Wing Energies","ZPRS.TA","132054000","8.41411","Israel"
"8464","Olectra Greentech","OLECTRA.NS","131901000","13.9531","India"
"8465","United States Antimony Corporation","UAMY","131895000","5.06","United States"
"8466","Bliss GVS Pharma","BLISSGVS.NS","131761000","5.86572","India"
"8467","Yü Group","YU.L","131709000","22.5472","United Kingdom"
"8468","Waga Energy","WAGA.PA","131671000","27.1593","France"
"8469","First Investment Company K.S.C.P.","ALOLA.KW","131550000","426.988","Kuwait"
"8470","KVH Industries","KVHI","131527000","7.54","United States"
"8471","Kuantum Papers","KUANTUM.NS","131393000","0.756782","India"
"8472","GPA","PCAR3.SA","131336000","0.581282","Brazil"
"8473","Apetit Oyj","APETIT.HE","131100000","14.5122","Finland"
"8474","Netwealth","NWL.AX","130994000","15.4432","Australia"
"8475","Commercial Vehicle Group (CVG)","CVGI","130988000","3.06","United States"
"8476","Group Five Pipe Saudi Company","9523.SR","130677000","14.689","Saudi Arabia"
"8477","Miahona Company","2084.SR","130620000","3.0257","Saudi Arabia"
"8478","Lakeland Industries","LAKE","130525000","11.82","United States"
"8479","Chrysos Corporation Limited","C79.AX","130445000","5.02083","Australia"
"8480","Al Safat Investment Company","ALSAFAT.KW","130439000","593.22","Kuwait"
"8481","Nordisk Bergteknik AB","NORB-B.ST","130253000","1.13366","Sweden"
"8482","Pekabex","PBX.WA","130037000","2.37604","Poland"
"8483","Park Aerospace","PKE","129950000","32.82","United States"
"8484","Servcorp Limited","SRV.AX","129888000","4.41029","Australia"
"8485","Ultralife Corporation","ULBI","129745000","6.56","United States"
"8486","Skeena Resources","SKE","129700000","34.72","Canada"
"8487","PlayWay","PLW.WA","129681000","65.821","Poland"
"8488","gumi","3903.T","129648000","1.75067","Japan"
"8489","Liva Insurance Company","8280.SR","129619000","3.90198","Saudi Arabia"
"8490","OptimizeRx","OPRX","129611000","7.75","United States"
"8491","Digital Bros","DIB.MI","129578000","14.5938","Italy"
"8492","Vertex Energy","VTNR","129549000","0.0521","United States"
"8493","Biohaven","BHVN","129500000","16.95","United States"
"8494","Affinity Bancshares","AFBI","129464000","23","United States"
"8495","Villars Holding","VILN.SW","128883000","750.89","Switzerland"
"8496","freee K.K.","4478.T","128845000","26.5423","Japan"
"8497","Abitare In S.p.A.","ABT.MI","128612000","3.42697","Italy"
"8498","Al-Deera Holding Company","ALDEERA.KW","128545000","1619.95","Kuwait"
"8499","Capital B","ALCPB.PA","128458000","0.667211","France"
"8500","Puma Biotechnology","PBYI","128416000","9.16","United States"
"8501","Murano Global Investments","MRNO","128325000","0.2217","United Kingdom"
"8502","Mahindra Logistics","MAHLOG.NS","128285000","4.10967","India"
"8503","The Tourism Enterprise company (SHAMS)","4170.SR","128243000","3.89399","Saudi Arabia"
"8504","Hikal","HIKAL.NS","128235000","2.15251","India"
"8505","Dhampur Sugar Mills","DHAMPURSUG.NS","128201000","1.80161","India"
"8506","Innodata","INOD","128175000","55.84","United States"
"8507","Buruj Cooperative Insurance Company","8270.SR","128044000","4.26876","Saudi Arabia"
"8508","Acast AB","ACAST.ST","127891000","3.78412","Sweden"
"8509","Nichols plc","NICL.L","127604000","15.7607","United Kingdom"
"8510","Precia S.A.","ALPM.PA","127549000","31.2391","France"
"8511","Chubb Arabia Cooperative Insurance Company","8240.SR","127535000","5.02597","Saudi Arabia"
"8512","The Kuwait Company for Process Plant Construction and Contracting","KCPC.KW","127502000","1075.62","Kuwait"
"8513","Al Kout Industrial Projects Company","ALKOUT.KW","127181000","2712.75","Kuwait"
"8514","Golden Matrix Group","GMGI","127095000","0.6372","United States"
"8515","Vera Bradley","VRA","127049000","3.35","United States"
"8516","COLTENE Holding AG","CLTN.SW","126985000","60.8159","Switzerland"
"8517","Eleving Group","OT8.F","126969000","1.87668","Luxembourg"
"8518","JTEKT India","JTEKTINDIA.NS","126846000","1.32597","India"
"8519","Anavex Life Sciences","AVXL","126618000","3.24","United States"
"8520","Quad","QUAD","126600000","10","United States"
"8521","Truecaller","TRUE-B.ST","126585000","2.45627","Sweden"
"8522","Provident Financial Holdings","PROV","126573000","18.34","United States"
"8523","Acanthe Développement","ACAN.PA","126343000","0.242452","France"
"8524","Corbus Pharmaceuticals","CRBP","126342000","11.3","United States"
"8525","Nano-X Imaging","NNOX","126308000","0.8758","Israel"
"8526","Foresight Group","FSG.L","126212000","6.79339","United Kingdom"
"8527","Greenlam Industries","GREENLAM.NS","126124000","2.54373","India"
"8528","Westwood Holdings Group","WHG","126065000","19.84","United States"
"8529","COVER Corporation","5253.T","125874000","10.5542","Japan"
"8530","Strike Company","6196.T","125632000","8.40194","Japan"
"8531","Maytronics","MTRN.TA","125606000","0.858239","Israel"
"8532","Citi Trends, Inc.","CTRN","125343000","69.09","United States"
"8533","Adval Tech","ADVN.SW","125321000","51.6315","Switzerland"
"8534","Michelmersh Brick Holdings plc","MBH.L","125295000","1.01901","United Kingdom"
"8535","technotrans","TTR1.DE","125217000","33.1041","Germany"
"8536","Metro Mining","MMI.AX","125166000","0.994828","Australia"
"8537","Funkwerk AG","FEW.F","125109000","36.3083","Germany"
"8538","Quess","QUESS.NS","124965000","3.75825","India"
"8539","InterCure","INCR","124797000","5.95","Israel"
"8540","HOMAG Group","HG1.F","124765000","29.1409","Germany"
"8541","Foseco India","FOSECOIND.NS","124752000","64.6224","India"
"8542","Frontier Developments","FDEV.L","124647000","5.74654","United Kingdom"
"8543","Malath Cooperative Insurance Company","8020.SR","124623000","2.76735","Saudi Arabia"
"8544","The Eastern Company","EML","124528000","26.025","United States"
"8545","Ekinops","EKI.PA","124374000","2.86747","France"
"8546","J.Jill","JILL","124291000","19.86","United States"
"8547","Nankai Tatsumura Construction","1850.T","124241000","2.66678","Japan"
"8548","Magyar Bancorp","MGYR","124156000","19.68","United States"
"8549","Epsilon Energy","EPSN","124123000","5.84","United States"
"8550","KHD Humboldt Wedag International","KWG.DE","124115000","2.47115","Germany"
"8551","RGC Resources","RGCO","124085000","21.985","United States"
"8552","Edisun Power Europe","ESUN.SW","123964000","86.8799","Switzerland"
"8553","CS Disco","LAW","123947000","4.09","United States"
"8554","eMemory Technology","3529.TWO","123909000","68.8844","Taiwan"
"8555","Farmmi","FAMI","123857000","0.1033","China"
"8556","Bodal Chemicals","BODALCHEM.NS","123822000","0.989526","India"
"8557","Pathfinder Bancorp","PBHC","123583000","16.5","United States"
"8558","gremz, Inc.","3150.T","123336000","15.6179","Japan"
"8559","ImageneBio","IMA","123327000","5.43","United States"
"8560","Oxford Square Capital","OXSQ","123265000","1.35","United States"
"8561","MEDIA DO Co., Ltd.","3678.T","123177000","8.04427","Japan"
"8562","Oxford Biomedica","OXB.L","123017000","7.06512","United Kingdom"
"8563","Catana Group","ALCAT.PA","122882000","2.1098","France"
"8564","Bannerman Energy","BMN.AX","122804000","3.37595","Australia"
"8565","Triterras","TRIRF","122704000","0.0001","Singapore"
"8566","Genki Global Dining Concepts","9828.T","122463000","22.0245","Japan"
"8567","Prairie Operating","PROP","122459000","0.5257","United States"
"8568","European Residential REIT","ERE-UN.TO","122435000","0.836997","Canada"
"8569","GCM Grosvenor","GCMG","122280000","13.56","United States"
"8570","Forward Air","FWRD","122276000","17.63","United States"
"8571","VRL Logistics","VRLLOG.NS","122207000","3.08212","India"
"8572","Tasmea Limited","TEA.AX","121938000","7.0464","Australia"
"8573","Accsys Technologies","AXS.L","121699000","1.00542","United Kingdom"
"8574","OFX Group","OFX.AX","121463000","0.588996","Australia"
"8575","Kestrel Group","KG","121437000","7.45","Bermuda"
"8576","Gefran","GE.MI","121284000","13.2883","Italy"
"8577","S.S. Lazio","SSL.MI","121240000","1.85919","Italy"
"8578","Tanzanian Gold Corporation","TRX","121143000","1.24","Canada"
"8579","Chegg","CHGG","121143000","0.79","United States"
"8580","CALIDA Holding","CALN.SW","121085000","17.5746","Switzerland"
"8581","Prenetics","PRE","121022000","25.78","Hong Kong"
"8582","La Française de l'Energie","FDE.PA","120866000","33.1624","France"
"8583","IQE plc","IQE.L","120793000","0.666431","United Kingdom"
"8584","Groupe Pizzorno Environnement","GPE.PA","120769000","72.5026","France"
"8585","Evolv Technologies","EVLV","120674000","5.2","United States"
"8586","Invisio AB","IVSO.ST","120455000","24.435","Sweden"
"8587","Drilling Tools International","DTI","120433000","2.51","United States"
"8588","Coelacanth Energy","CEI.V","120412000","0.554675","Canada"
"8589","General Oceans ASA","GENO.OL","120410000","2.19272","Norway"
"8590","Utah Medical Products","UTMD","120373000","70.89","United States"
"8591","Bastide Le Confort Médical","BLC.PA","120338000","25.8189","France"
"8592","Beacon Lighting Group","BLX.AX","120122000","1.40066","Australia"
"8593","Klil Industries","KLIL.TA","119996000","59.4373","Israel"
"8594","Alliance Entertainment","AENT","119950000","5.62","United States"
"8595","Generalfinance","GF.MI","119778000","24.8281","Italy"
"8596","Zhejiang Jinke Tom Culture Industry","300459.SZ","119764000","0.532738","China"
"8597","Kewal Kiran Clothing","KKCL.NS","119751000","5.21263","India"
"8598","Korro Bio","KRRO","119633000","13.68","United States"
"8599","CVC Limited","CVC.AX","119573000","1.11335","Australia"
"8600","Spruce Power","SPRU","119339000","2","United States"
"8601","Idaho Strategic Resources","IDR","119334000","33.03","United States"
"8602","Tidewater Renewables","LCFS.TO","119328000","13.8309","Canada"
"8603","SYLA Holdings","8887.T","119284000","2.42834","Japan"
"8604","Sana Biotechnology","SANA","119240000","4.16","United States"
"8605","Safari Industries India","SAFARI.NS","119236000","15.9422","India"
"8606","mobilezone Holding","MOZN.SW","119166000","16.2838","Switzerland"
"8607","Arwana Citramulia Tbk","ARNA.JK","119062000","0.0276056","Indonesia"
"8608","Al-Enma'a Real Estate Company","ERESCO.KW","118961000","423.177","Kuwait"
"8609","Asseco Business Solutions","ABS.WA","118951000","24.274","Poland"
"8610","Amerigo Resources","ARG.TO","118941000","6.051","Canada"
"8611","Fitaihi Holding Group","4180.SR","118631000","0.657877","Saudi Arabia"
"8612","RADCOM","RDCM","118628000","10.29","Israel"
"8613","Niu Technologies","NIU","118609000","1.96","China"
"8614","Bahrain Kuwait Insurance Company (GIG Bahrain)","BKIC.BH","118456000","1.03454","Bahrain"
"8615","National Cleaning Company","CLEANING.KW","118407000","922.425","Kuwait"
"8616","Kuwait Resorts Company","MUNTAZAHAT.KW","118347000","378.096","Kuwait"
"8617","Caesarstone","CSTE","118307000","3.28","Israel"
"8618","Nynomic AG","M7U.DE","118258000","27.4508","Germany"
"8619","Flotek Industries","FTK","118175000","23.61","United States"
"8620","Munshaat Real Estate Projects Company","MUNSHAAT.KW","118064000","746.415","Kuwait"
"8621","Marine Products Corporation","MPX","118056000","8.18","United States"
"8622","Gogo Inflight Internet","GOGO","118020000","2.85","United States"
"8623","NWF Group plc","NWF.L","117674000","2.06519","United Kingdom"
"8624","Megaport Limited","MP1.AX","117540000","12.254","Australia"
"8625","Automotive Axles","AUTOAXLES.NS","117535000","18.0915","India"
"8626","Medical Facilities Corporation","DR.TO","117396000","11.3312","Canada"
"8627","Ölgerðin Egill Skallagrímsson","OLGERD.IC","117393000","0.131611","Iceland"
"8628","Kforce","KFRC","117355000","57","United States"
"8629","Batic Investments and Logistics Company","4110.SR","117320000","0.540685","Saudi Arabia"
"8630","Puuilo","PUUILO.HE","117208000","19.9091","Finland"
"8631","Vst Tillers Tractors","VSTTILLERS.NS","117038000","46.0029","India"
"8632","BTG Consulting plc","BTG.L","116983000","1.53078","United Kingdom"
"8633","Fenix Resources","FEX.AX","116939000","0.197529","Australia"
"8634","Rezolute","RZLT","116834000","5.04","United States"
"8635","Acme United","ACU","116727000","62.28","United States"
"8636","Offcn Education","002607.SZ","116685000","0.3125","China"
"8637","Novolog","NVLG.TA","116589000","0.273627","Israel"
"8638","Enanta Pharmaceuticals","ENTA","116587000","14.15","United States"
"8639","Gogoro","GGR","116541000","2.65","Taiwan"
"8640","Kamux","KAMUX.HE","116437000","1.80207","Finland"
"8641","Digital Arts Inc.","2326.T","116358000","28.362","Japan"
"8642","Whitehawk Therapeutics","WHWK","116175000","4.84","United States"
"8643","Groupe LDLC","ALLDL.PA","116124000","14.3606","France"
"8644","EMX Royalty","EMX","116049000","4.16","Canada"
"8645","Silicom","SILC","116024000","44.93","Israel"
"8646","Trilogy Metals","TMQ","115923000","3.72","Canada"
"8647","Wendy’s","WEN","115551000","9.04","United States"
"8648","Aurelion Inc.","AURE","115540000","1.54","Hong Kong"
"8649","Arctic Fish Holding","AFISH.OL","115479000","2.60987","Iceland"
"8650","Specialities Group Holding Company","SPEC.KW","115381000","857.236","Kuwait"
"8651","The ONE Group Hospitality","STKS","115364000","1.65","United States"
"8652","Allot","ALLT","115336000","7.65","Israel"
"8653","Paref SA","PAR.PA","115301000","29.1409","France"
"8654","All for One Group","A1OS.DE","115147000","79.0302","Germany"
"8655","AS Harju Elekter","HAE1T.TL","114968000","6.01469","Estonia"
"8656","Pricer AB","PRIC-B.ST","114819000","0.456614","Sweden"
"8657","BitFuFu","FUFU","114793000","1.41","Singapore"
"8658","Kempower","KEMPOWR.HE","114700000","12.2625","Finland"
"8659","Kingstone Companies","KINS","114505000","20.16","United States"
"8660","Soluna Holdings","SLNH","114356000","1.16","United States"
"8661","ASOS","ASC.L","114318000","5.66568","United Kingdom"
"8662","SAICO (Saudi Arabian Cooperative Insurance Company)","8100.SR","114253000","2.92183","Saudi Arabia"
"8663","Hoftex Group AG","NBH.MU","114049000","5.82818","Germany"
"8664","Rupa Company","RUPA.NS","114042000","1.54143","India"
"8665","Atoss","AOF.F","114000000","112.601","Germany"
"8666","Cybozu","4776.T","113878000","19.5146","Japan"
"8667","Møns Bank","MNBA.CO","113843000","60.7962","Denmark"
"8668","Audinate Group","AD8.AX","113782000","1.86036","Australia"
"8669","Air Asia Company Limited (AACL)","2630.TW","113586000","1.66047","Taiwan"
"8670","Guillemot Corporation","GUI.PA","113578000","5.05886","France"
"8671","Predictive Discovery Limited","PDI.AX","113422000","3.21434","Australia"
"8672","Australian Clinical Labs","ACL.AX","113131000","2.02557","Australia"
"8673","Talkspace","TALK","113055000","5.25","United States"
"8674","Byggma ASA","BMA.OL","112986000","2.39594","Norway"
"8675","XOMA Royalty","XOMA","112895000","40.17","United States"
"8676","Wheels India","WHEELS.NS","112846000","15.9034","India"
"8677","Pollux Properti Indonesia","POLL.JK","112844000","0.00690974","Indonesia"
"8678","American Battery Technology Company","ABAT","112755000","2.6","United States"
"8679","Renascor Resources","RNU.AX","112743000","0.0409424","Australia"
"8680","Judges Scientific plc","JDG.L","112720000","53.7357","United Kingdom"
"8681","Cigniti Technologies","CIGNITITEC.NS","112702000","13.2083","India"
"8682","Kapsch TrafficCom","KTCG.VI","112667000","5.40856","Austria"
"8683","AMCON Distributing Company","DIT","112367000","67.05","United States"
"8684","OVB Holding","O4B.DE","112198000","22.3802","Germany"
"8685","Kodiak Sciences","KOD","112101000","39.33","United States"
"8686","Quipt Home Medical","QIPT","112097000","3.65","United States"
"8687","Draganfly","DPRO","112050000","4.35","Canada"
"8688","UNITED","2497.T","112021000","3.31309","Japan"
"8689","FingerTango","6860.HK","112020000","0.0142875","China"
"8690","Turtle Beach Corp","TBCH","111858000","12.8","United States"
"8691","Shen Zhen Shengxunda Technology (gamexun)","300518.SZ","111739000","3.50893","China"
"8692","Outset Medical","OM","111688000","4.25","United States"
"8693","Vista Alegre Atlantis","VAF.LS","111535000","1.27054","Portugal"
"8694","Avalon Pharma (Middle East Pharmaceutical)","4016.SR","111357000","17.0595","Saudi Arabia"
"8695","DocGo","DCGO","111210000","0.3952","United States"
"8696","Roche Bobois","RBO.PA","111152000","24.4784","France"
"8697","q.beyond","QBY.DE","111134000","0.940513","Germany"
"8698","Steel &amp; Tube Holdings","STU.NZ","111085000","0.208209","New Zealand"
"8699","Rightmove","RMV.L","110832000","6.85317","United Kingdom"
"8700","Pharol, SGPS S.A.","PHR.LS","110754000","0.103858","Portugal"
"8701","The Pebble Group plc","PEBB.L","110737000","0.806918","United Kingdom"
"8702","Instil Bio","TIL","110698000","7.83","United States"
"8703","izertis","IZER.MC","110658000","9.74473","Spain"
"8704","LACROIX Group SA","LACR.PA","110575000","20.1072","France"
"8705","Braemar","BMS.L","110503000","3.01626","United Kingdom"
"8706","Sound Financial Bancorp","SFBC","110414000","47.69","United States"
"8707","RaySearch Laboratories AB","RAY-B.ST","110390000","18.9678","Sweden"
"8708","LSL Property Services plc","LSL.L","110272000","3.67821","United Kingdom"
"8709","Digia Oyj","DIGIA.HE","109809000","6.48094","Finland"
"8710","Eisen- und Hüttenwerke","EIS.F","109803000","16.552","Germany"
"8711","Montage Gold Corp.","MAU.TO","109802000","14.4071","Canada"
"8712","Nicolás Correa","NEA.MC","109707000","11.2367","Spain"
"8713","Starbox Group","STBX","109589000","2.11","Malaysia"
"8714","Payton Industries","PAYT.TA","109535000","16.4412","Israel"
"8715","Amprius Technologies","AMPX","109414000","10.2","United States"
"8716","Al-Etihad Cooperative Insurance","8170.SR","109375000","2.16274","Saudi Arabia"
"8717","IVU Traffic Technologies","IVU.DE","109221000","28.9078","Germany"
"8718","Gran Tierra Energy","GTE","108920000","10.09","Canada"
"8719","Public Policy Holding Company","PPHC","108887000","10.64","United States"
"8720","Bytes Technology","BYIT.L","108844000","5.82329","United Kingdom"
"8721","AB Vilkyskiu pienine","VLP1L.VS","108828000","18.0674","Lithuania"
"8722","Autolus Therapeutics","AUTL","108826000","2.33","United Kingdom"
"8723","Perma-Pipe International","PPIH","108735000","27.14","United States"
"8724","Bahrain Duty Free Shop Complex","DUTYF.BH","108698000","0.326277","Bahrain"
"8725","Liquidia Corporation","LQDA","108579000","71.36","United States"
"8726","Lang &amp; Schwarz","LUS1.DE","108521000","20.5152","Germany"
"8727","Al Manar Financing and Leasing Company","ALMANAR.KW","108307000","361.799","Kuwait"
"8728","Warpaint London PLC","W7L.L","108213000","2.87021","United Kingdom"
"8729","IperionX","IPX","108202000","21.03","United States"
"8730","Fastned","FAST.AS","107982000","42.3709","Netherlands"
"8731","G2 Goldfields","GTWO.TO","107896000","6.97306","Canada"
"8732","Kura Oncology","KURA","107883000","13.06","United States"
"8733","IPD Group Limited","IPG.AX","107827000","3.95058","Australia"
"8734","Value Line","VALU","107759000","38.34","United States"
"8735","KFIC Invest (K.S.C.P)","KFIC.KW","107672000","606.258","Kuwait"
"8736","Youlife Group Inc.","YOUL","107666000","0.5297","China"
"8737","Shalby","SHALBY.NS","107579000","1.61297","India"
"8738","Al Mahhar Holding Company","MHAR.QA","107515000","0.596154","Qatar"
"8739","Great Elm Capital","GECC","107477000","5.99","United States"
"8740","SELLAS Life Sciences","SLS","107412000","13.73","United States"
"8741","Aura Biosciences","AURA","107247000","7.73","United States"
"8742","Gambling.com Group","GAMB","107147000","1.84","Jersey"
"8743","Alico","ALCO","107131000","40.8","United States"
"8744","Valsoia S.p.A.","VLS.MI","107126000","11.9478","Italy"
"8745","Suominen","SUY1V.HE","107095000","0.794964","Finland"
"8746","Eurocash","EUR.WA","107067000","1.51104","Poland"
"8747","Newsmax","NMAX","107025000","10.56","United States"
"8748","Duos Technologies Group","DUOT","106876000","9.935","United States"
"8749","Kuros Biosciences","KURN.SW","106708000","26.4115","Switzerland"
"8750","Brouwerij Handelsmaatschappij","COBH.BR","106460000","2634.34","Belgium"
"8751","IFB Industries","IFBIND.NS","106420000","14.1856","India"
"8752","Tenaya Therapeutics","TNYA","106189000","0.6962","United States"
"8753","Forrester Research","FORR","106054000","11.7","United States"
"8754","Nano Labs","NA","105902000","2.1","China"
"8755","PGG Wrightson","PGW.NZ","105892000","1.37418","New Zealand"
"8756","Leifheit","LEI.DE","105884000","15.0367","Germany"
"8757","Sichuan Xunyou Network Technology","300467.SZ","105704000","4.99256","China"
"8758","Dubai Taxi Company","DTC.AE","105201000","0","United Arab Emirates"
"8759","Geospace Technologies","GEOS","105133000","5.19","United States"
"8760","GenusPlus Group Limited","GNP.AX","105104000","6.15572","Australia"
"8761","Nordic Mining ASA","NOM.OL","105027000","0.203869","Norway"
"8762","Comscore","SCOR","104994000","5.24","United States"
"8763","Mangalam Cement","MANGLMCEM.NS","104541000","11.1386","India"
"8764","Red Violet","RDVT","104528000","69.5","United States"
"8765","inTEST Corporation","INTT","104469000","11.39","United States"
"8766","MM Forgings","MMFL.NS","104358000","6.53608","India"
"8767","Bourse Direct","BSD.PA","104244000","6.62082","France"
"8768","Latécoère S.A.","LAT.PA","104197000","0.0169017","France"
"8769","Qoria Limited","QOR.AX","103973000","0.168798","Australia"
"8770","Arteche Lantegi Elkartea, S.A.","ART.MC","103960000","34.1532","Spain"
"8771","Tide Water Oil","TIDEWATER.NS","103958000","25.0972","India"
"8772","Quirin Privatbank","QB7.DE","103937000","3.70673","Germany"
"8773","Nova Minerals","NVA","103918000","5.51","Australia"
"8774","Lifedrink Company","2585.T","103715000","9.71337","Japan"
"8775","Nice One Beauty Digital Marketing Company","4193.SR","103714000","3.31602","Saudi Arabia"
"8776","Pyxis Tankers","PXS","103328000","5.2","Greece"
"8777","Cabaletta Bio","CABA","103305000","3.25","United States"
"8778","Prodware","ALPRO.PA","103006000","32.0917","France"
"8779","Mensch und Maschine","MUM.F","102961000","42.604","Germany"
"8780","Devsisters","194480.KQ","102958000","11.7538","South Korea"
"8781","Summit State Bank","SSBI","102661000","12.87","United States"
"8782","ChemoMetec","CHEMM.CO","102642000","77.2892","Denmark"
"8783","Alithya Group","ALYA.TO","102634000","0.753164","Canada"
"8784","Destination XL","DXLG","102570000","0.63","United States"
"8785","Cy4gate","CY4.MI","102499000","11.0269","Italy"
"8786","Sagimet Biosciences","SGMT","102458000","10.86","United States"
"8787","Jacktel AS","JACK.OL","102421000","0.630005","Norway"
"8788","Virco Manufacturing","VIRC","102410000","6.07","United States"
"8789","Beetaloo Energy Australia","BTL.AX","102393000","0.172389","Australia"
"8790","Lindsay Australia","LAU.AX","102262000","0.553081","Australia"
"8791","Hemnet Group AB","HEM.ST","102217000","10.4496","Sweden"
"8792","Skillz","SKLZ","102213000","8.84","United States"
"8793","CBAK Energy Technology","CBAT","102209000","0.9291","China"
"8794","Ascot Resources","AOT.TO","102183000","0.0399384","Canada"
"8795","Sygnity","SGN.WA","102180000","24.0037","Poland"
"8796","Dollar Industries","DOLLAR.NS","102072000","2.78517","India"
"8797","TTEC","TTEC","101758000","1.38","United States"
"8798","Plus Alpha Consulting","4071.T","101445000","13.7794","Japan"
"8799","Mpac Group","MPAC.L","101408000","4.60184","United Kingdom"
"8800","Mortgage Advice Bureau (Holdings)","MAB1.L","101258000","7.10588","United Kingdom"
"8801","Gaia","GAIA","101006000","1.56","United States"
"8802","Ascom Holding","ASCN.SW","100922000","6.65252","Switzerland"
"8803","CARE's Ratings","CARERATING.NS","100886000","17.1782","India"
"8804","Ringmetall","HP3A.DE","100863000","3.24047","Germany"
"8805","Kulmbacher Brauerei","KUL.MU","100496000","40.5642","Germany"
"8806","PayPoint","PAY.L","100428000","8.50276","United Kingdom"
"8807","AirSculpt Technologies","AIRS","100261000","2.72","United States"
"8808","Valens Semiconductor","VLN","100240000","1.79","Israel"
"8809","Hennessy Advisors","HNNA","100016000","10.03","United States"
"8810","Westwing Group","WEW.DE","100001000","14.8619","Germany"
"8811","Privatization Holding Company - K.P.S.C.","KPPC.KW","99879500","453.064","Kuwait"
"8812","Sequent Scientific","SEQUENT.NS","99787600","2.13731","India"
"8813","Indoco Remedies","INDOCO.NS","99707700","2.54111","India"
"8814","TCM Group A/S","TCM.CO","99645400","10.2886","Denmark"
"8815","Dave & Buster's","PLAY","99600000","9.86","United States"
"8816","Acadian Asset Management","AAMI","99400000","95.65","United States"
"8817","EROAD Limited","ERD.NZ","99177500","0.59191","New Zealand"
"8818","Lycopodium","LYL.AX","98982200","15.8526","Australia"
"8819","Travere Therapeutics","TVTX","98728000","67.12","United States"
"8820","IRadimed","IRMD","98514000","87.47","United States"
"8821","AlphaPolis","9467.T","98486500","7.52974","Japan"
"8822","Sivers Semiconductors AB","SIVE.ST","98416300","3.93633","Sweden"
"8823","Vroom","VRM","98416000","9.41","United States"
"8824","Somany Ceramics","SOMANYCERA.NS","98400500","5.84529","India"
"8825","Spinneys","SPINNEYS.AE","98256000","0.345804","United Arab Emirates"
"8826","Platinum Group Metals","PLG","98230000","1.59","Canada"
"8827","Arafura Rare Earths","ARU.AX","98187000","0.147249","Australia"
"8828","Lumax Industries","LUMAXIND.NS","98145300","64.1458","India"
"8829","Iceland Seafood International","ICESEA.IC","98131900","0.0354745","Iceland"
"8830","Acrow Limited","ACF.AX","98071400","0.707513","Australia"
"8831","ACICO Industries Company","ACICO.KW","98012300","1932.86","Kuwait"
"8832","Hydrogène de France","HDF.PA","98008800","3.26378","France"
"8833","Bonesupport Holding AB","BONEX.ST","97845200","23.303","Sweden"
"8834","United Foods Company","UFC.AE","97698700","3.34913","United Arab Emirates"
"8835","eMudhra","EMUDHRA.NS","97619600","5.84582","India"
"8836","McPhy Energy","MCPHY.PA","97549200","2.53774","France"
"8837","Arabian International Healthcare Holding","9530.SR","97431100","4.66107","Saudi Arabia"
"8838","Nucleus Software Exports","NUCLEUS.NS","97069800","7.7197","India"
"8839","Wielton","WLT.WA","96960700","1.43806","Poland"
"8840","Campus Activewear","CAMPUS.NS","96941400","2.36326","India"
"8841","TScan Therapeutics","TCRX","96922000","0.7774","United States"
"8842","Monte Carlo Fashions","MONTECARLO.NS","96900800","5.53315","India"
"8843","MapmyIndia","MAPMYINDIA.NS","96832300","10.464","India"
"8844","MSTC Limited","MSTCLTD.NS","96693800","7.59401","India"
"8845","The NAGA Group","N4G.DE","96670100","0.40047","Germany"
"8846","Genius Group","GNS","96617600","0.1725","Singapore"
"8847","Saudi Company for Hardware (SACO)","4008.SR","96593600","5.64656","Saudi Arabia"
"8848","SmartCraft ASA","SMCRT.OL","96567000","1.99594","Norway"
"8849","Telos","TLS","96531000","4.44","United States"
"8850","Parkin PJSC","PARKIN.AE","96526500","1.55748","United Arab Emirates"
"8851","Aqar Real Estate Investments Company","AQAR.KW","96525500","332.464","Kuwait"
"8852","EML Payments","EML.AX","96330700","0.165206","Australia"
"8853","Emirates Reem Investments Company","ERC.AE","96266600","0.530959","United Arab Emirates"
"8854","VCI Global","VCIG","96211100","2.8","Malaysia"
"8855","National Consumer Holding Company","NCCI.KW","96096800","316.493","Kuwait"
"8856","Netel Holding","NETEL.ST","96025900","0.356894","Sweden"
"8857","Ooma","OOMA","95884000","20.53","United States"
"8858","Shattuck Labs","STTK","95835000","7.9","United States"
"8859","Greenply","GREENPLY.NS","95777800","3.0376","India"
"8860","Air Busan","298690.KS","95684200","1.129","South Korea"
"8861","Universal Store Holdings","UNI.AX","95642000","5.97615","Australia"
"8862","Bioceres Crop Solutions","BIOX","95600000","0.4164","Argentina"
"8863","Apollo Pipes","APOLLOPIPE.NS","95524800","6.67854","India"
"8864","Acrivon Therapeutics","ACRV","95515000","2.08","United States"
"8865","AS Silvano Fashion Group","SFG1T.TL","95430500","1.25889","Estonia"
"8866","Compugen","CGEN","95353000","2.84","Israel"
"8867","Saga","SAGA.L","95348800","9.32053","United Kingdom"
"8868","Burgenland Holding","BHD.VI","95084200","96.8495","Austria"
"8869","WashTec AG","WSU.DE","95023100","44.6439","Germany"
"8870","Lake Resources NL","LKE.AX","95016500","0.0330412","Australia"
"8871","Austin Engineering","ANG.AX","94736900","0.118517","Australia"
"8872","EKF Diagnostics","EKF.L","94640700","0.339669","United Kingdom"
"8873","Medley, Inc.","4480.T","94614900","16.8603","Japan"
"8874","Luna Innovations","LUNA","94612000","1.5","United States"
"8875","Appen","APX.AX","94604000","0.876311","Australia"
"8876","United Wire Factories Company","1301.SR","94593400","5.07658","Saudi Arabia"
"8877","KULR Technology Group","KULR","94575800","2.67","United States"
"8878","Plejd AB","PLEJD.ST","94496900","99.3004","Sweden"
"8879","Griffon Corporation","GFF","94447000","100.82","United States"
"8880","a.k.a. Brands","AKA","94418000","10.6622","United States"
"8881","Cullman Bancorp","CULL","94351000","17","United States"
"8882","Information Services Group","III","94191000","4.96","United States"
"8883","Vaxart","VXRT","94117000","0.5","United States"
"8884","Unibep","UNI.WA","94100300","3.6438","Poland"
"8885","National Building and Marketing Company","9510.SR","93927800","13.0244","Saudi Arabia"
"8886","Afentra","AET.L","93832000","0.997269","United Kingdom"
"8887","Sasken Technologies","SASKEN.NS","93621800","19.5067","India"
"8888","Ash-Sharqiyah Development","6060.SR","93556600","3.88334","Saudi Arabia"
"8889","Tamkeen Human Resources Company","1835.SR","93543800","12.8486","Saudi Arabia"
"8890","Knaus Tabbert AG","KTA.DE","93539300","13.6846","Germany"
"8891","Momentum Group AB","MMGR-B.ST","93450100","14.8426","Sweden"
"8892","Phunware","PHUN","93235000","2.11","United States"
"8893","American Resources Corp","AREC","93188900","2.67","United States"
"8894","SunCar Technology Group","SDA","93146000","0.7032","China"
"8895","ReadyTech Holdings","RDY.AX","93080500","1.01638","Australia"
"8896","Celulosa Argentina","CELU.BA","93018600","0.132739","Argentina"
"8897","Live Ventures","LIVE","92892000","9.51","United States"
"8898","Halwani Bros","6001.SR","92853300","8.54974","Saudi Arabia"
"8899","GrowGeneration","GRWG","92832000","1.7","United States"
"8900","DHI Group","DHX","92519000","4.45","United States"
"8901","3P Learning","3PL.AX","92446400","0.251401","Australia"
"8902","Solar Integrated Roofing","SIRC","92192300","0.0001","United States"
"8903","Almawave","AIW.MI","92188600","5.07032","Italy"
"8904","Enter Air","ENT.WA","92108600","14.2454","Poland"
"8905","Jindal Worldwide","JINDWORLD.NS","92076000","0.388394","India"
"8906","APG|SGA","APGN.SW","92021000","247.608","Switzerland"
"8907","Clorox","CLX","92000000","104.23","United States"
"8908","Coveo Solutions","CVO.TO","91976000","3.06152","Canada"
"8909","Ashiana Housing","ASHIANA.NS","91937400","3.82843","India"
"8910","Silver Mines Limited","SVL.AX","91841300","0.118517","Australia"
"8911","Maisons du Monde","MDM.PA","91767500","0.18163","France"
"8912","Microlise","SAAS.L","91633500","0.679339","United Kingdom"
"8913","eGain","EGAN","91557000","7.18","United States"
"8914","Al Sagr Cooperative Insurance Company","8180.SR","91552900","3.13224","Saudi Arabia"
"8915","Juventus Turin","JUVE.MI","91532800","2.41986","Italy"
"8916","Martifer SGPS","MAR.LS","91435600","2.662","Portugal"
"8917","Wheeler Real Estate Investment Trust","WHLR","91401000","0.399","United States"
"8918","Air T, Inc.","AIRT","91221000","30.79","United States"
"8919","Varengold Bank AG","VG8.DE","91210300","3.36779","Germany"
"8920","Spire Global","SPIR","91206000","13.54","United States"
"8921","Josef Manner &amp; Comp","MAN.VI","91110800","118.895","Austria"
"8922","NIOX Group","NIOX.L","91038300","0.917786","United Kingdom"
"8923","Vadilal Industries","VADILALIND.NS","90991800","78.0455","India"
"8924","TerrAscend","TSND.TO","90939000","0.612304","Canada"
"8925","Alexander's, Inc.","ALX","90724000","271.84","United States"
"8926","Lifeway Foods","LWAY","90322000","26.47","United States"
"8927","Ikegami Tsushinki","6771.T","90194800","4.19783","Japan"
"8928","vTv Therapeutics","VTVT","89959000","33.57","United States"
"8929","Eurofins-Cerep","ALECR.PA","89847000","21214.6","France"
"8930","Detection Technology","DETEC.HE","89658400","9.3251","Finland"
"8931","Marimekko","MEKKO.HE","89584400","11.1901","Finland"
"8932","Squirrel Media","SQRL.MC","89495600","2.43618","Spain"
"8933","Moulinvest","ALMOU.PA","89242400","26.9262","France"
"8934","Top Ships","TOPS","89189000","0.801","Greece"
"8935","LightPath Technologies","LPTH","89089700","13.18","United States"
"8936","Al Moammar Information Systems","7200.SR","89043700","81.7685","Saudi Arabia"
"8937","Real Matters","REAL.TO","89019000","3.41449","Canada"
"8938","Valneva SE","VALN","88773000","6.695","France"
"8939","Dr. Hönle AG","HNL.DE","88682700","9.25516","Germany"
"8940","Orbit Communication Systems","ORBI.TA","88677000","14.3123","Israel"
"8941","R. Stahl AG","RSL2.DE","88555400","14.8036","Germany"
"8942","Visiativ SA","ALVIV.PA","88326300","40.1999","France"
"8943","Origin Materials","ORGN","88320000","0.9501","United States"
"8944","Tracsis","TRCS.L","88299600","4.68744","United Kingdom"
"8945","Méliuz","CASH3.SA","88220000","1.11396","Brazil"
"8946","GEOX","GEO.MI","88215100","0.327544","Italy"
"8947","Deep Fission, Inc.","FISN","88133400","6.89","United States"
"8948","Siebert Financial","SIEB","88120000","2.02","United States"
"8949","Oconee Federal Financial","OFED","88086000","24","United States"
"8950","PMV Pharmaceuticals","PMVP","87967000","1.31","United States"
"8951","India Nippon Electricals","INDNIPPON.NS","87857500","11.1553","India"
"8952","Artiva Biotherapeutics","ARTV","87847000","11.77","United States"
"8953","Rakon Limited","RAK.NZ","87638300","0.895488","New Zealand"
"8954","Nykode Therapeutics","NYKD.OL","87513000","0.526787","Norway"
"8955","Acumen Pharmaceuticals","ABOS","87476000","2.99","United States"
"8956","Sitowise Group Oyj","SITOWS.HE","87474400","2.93741","Finland"
"8957","Kuwait and Middle East Financial Investment Company","KMEFIC.KW","87421200","498.696","Kuwait"
"8958","Healwell AI","AIDX.TO","87376000","0.56548","Canada"
"8959","Tile Shop Holdings","TTSH","87239000","2.55","United States"
"8960","Bever Holding","BEVER.AS","87227200","3.26378","Netherlands"
"8961","Yatra","YTRA","87225100","1.01","India"
"8962","EaseMyTrip","EASEMYTRIP.NS","87171600","0.0637897","India"
"8963","Aardvark Therapeutics","AARD","86986000","6.81","United States"
"8964","Naked Wines","WINE.L","86981400","0.93015","United Kingdom"
"8965","Scienjoy Holding Corporation","SJ","86917100","1","China"
"8966","Piquadro","PQ.MI","86755600","2.93741","Italy"
"8967","Vista Group International","VGL.NZ","86698700","1.67162","New Zealand"
"8968","Feiyu Technology International Company","1022.HK","86562500","0.0459242","China"
"8969","Boundless Bio","BOLD","86383000","2.915","United States"
"8970","High Co.","HCO.PA","86361400","4.24875","France"
"8971","Kellton Tech Solutions","KELLTONTEC.NS","86352000","0.155232","India"
"8972","Pharmanutra","PHN.MI","86197800","96.165","Italy"
"8973","Honda Siel Power Products","HONDAPOWER.NS","85936400","21.6822","India"
"8974","Sporting Clube de Braga","SCB.LS","85887400","26.8097","Portugal"
"8975","Catering International &amp; Services","ALCIS.PA","85851600","25.0612","France"
"8976","Scherzer &amp; Co. AG","PZS.DE","85830500","3.10059","Germany"
"8977","Molecular Partners","MOLN","85819200","4.45","Switzerland"
"8978","D2L Inc.","DTOL.TO","85744500","7.15315","Canada"
"8979","Sporting Clube de Portugal","SCP.LS","85693000","1.14815","Portugal"
"8980","Selvita","SLV.WA","85642800","7.37952","Poland"
"8981","Linz Textil","LTH.VI","85630400","193.496","Austria"
"8982","Westag AG","WUG3.F","85611900","38.466","Germany"
"8983","OMER S.p.A.","OMER.MI","85420500","3.8466","Italy"
"8984","MS INTERNATIONAL plc","MSI.L","85236800","22.9616","United Kingdom"
"8985","Bulten AB","BULTEN.ST","85207600","6.45557","Sweden"
"8986","Naikai Zosen Corporation","7018.T","85168900","80.8192","Japan"
"8987","Chalice Mining","CHN.AX","85132200","1.00201","Australia"
"8988","Heliad AG","A7A.DE","85104400","16.6103","Germany"
"8989","Empire Energy Group","EEG.AX","84867700","0.119432","Australia"
"8990","Figeac Aero","FGA.PA","84786800","12.3091","France"
"8991","Backblaze","BLZE","84643000","14.98","United States"
"8992","Laramide Resources","LAM.TO","84622400","0.533064","Canada"
"8993","Snowline Gold Corp.","SGD.TO","84612600","13.4635","Canada"
"8994","Immix Biopharma","IMMX","84364100","14.07","United States"
"8995","Global Water Resources","GWRS","84234000","9.28","United States"
"8996","Victorian Plumbing Group","VIC.L","84094800","1.01945","United Kingdom"
"8997","Capri Holdings","CPRI","84000000","13.6","United Kingdom"
"8998","1stdibs.com","DIBS","83954000","4.485","United States"
"8999","Fury Gold Mines","FURY","83936400","0.6202","Canada"
"9000","Jazan Development and Investment (JAZADCO)","6090.SR","83909000","2.19204","Saudi Arabia"
"9001","Masterflex","MZX.DE","83894500","16.552","Germany"
"9002","Rico Auto Industries","RICOAUTO.NS","83889000","1.37006","India"
"9003","Solid State Group","SOLI.L","83848500","2.56111","United Kingdom"
"9004","innoscripta SE","1INN.DE","83528100","90.1037","Germany"
"9005","Alcadon Group AB","ALCA.ST","83520500","3.20155","Sweden"
"9006","Warimpex Finanz- und Beteiligungs AG","WXF.VI","83466900","0.582818","Austria"
"9007","Sanofi India Limited","SANOFI.NS","83458300","33.2838","India"
"9008","Weave Communications","WEAV","83277000","7.31","United States"
"9009","Fossil Group","FOSL","83167000","5.42","United States"
"9010","Société Marseillaise du Tunnel Prado-Carénage","ALTPC.PA","83083800","31.3556","France"
"9011","TriNet","TNET","83000000","70.4","United States"
"9012","Betterware de Mexico","BWMX","82948400","16.15","Mexico"
"9013","Al Gassim Investment Holding","6020.SR","82946300","3.34266","Saudi Arabia"
"9014","Ur-Energy","URG","82876000","1.52","United States"
"9015","Churchill China","CHH.L","82875800","4.98635","United Kingdom"
"9016","WA1 Resources","WA1.AX","82846600","8.3896","Australia"
"9017","Schneider Electric Infrastructure","SCHNEIDER.NS","82839600","12.6061","India"
"9018","Fairwood Holdings","0052.HK","82805900","0.598291","Hong Kong"
"9019","Omega Flex","OFLX","82612000","26.9","United States"
"9020","Niagen Bioscience","NAGE","82330000","3.3","United States"
"9021","Réalités","ALREA.PA","82277200","0.582818","France"
"9022","LPKF Laser &amp; Electronics","LPK.DE","82230100","16.0858","Germany"
"9023","Gati","GATI.NS","82210900","1.65","India"
"9024","Modern Mills for Food Products","2284.SR","82119900","7.37781","Saudi Arabia"
"9025","Deterra Royalties","DRR.AX","82002400","2.96653","Australia"
"9026","Verastem Oncology","VSTM","81777000","7.39","United States"
"9027","AN2 Therapeutics","ANTX","81759000","5.53","United States"
"9028","3U Holding","UUU.DE","81720900","1.13067","Germany"
"9029","Graines Voltz","GRVO.PA","81705800","20.3986","France"
"9030","SYLA Technologies","SYT","81599400","2.26","Japan"
"9031","Blue Hat Interactive Entertainment Technology","BHAT","81465400","0.675","China"
"9032","Lightwave Logic","LWLG","81311900","5.83","United States"
"9033","Orient Electric","ORIENTELEC.NS","81307800","1.89044","India"
"9034","Amana Cooperative Insurance Company","8310.SR","81260500","2.21601","Saudi Arabia"
"9035","Bien Sparebank","BIEN.OL","80863000","15.2955","Norway"
"9036","JDC Group AG","JDC.DE","80814600","24.7115","Germany"
"9037","BlackSky Technology","BKSY","80805000","24.68","United States"
"9038","Rafael Holdings","RFL","80803000","2.29","United States"
"9039","APB Apranga","APG1L.VS","80715100","4.63924","Lithuania"
"9040","Tribal Group","TRB.L","80664500","0.880423","United Kingdom"
"9041","Silvercrest Asset Management Group","SAMG","80628000","9.98","United States"
"9042","Procter &amp; Gamble India","PGHH.NS","80598600","84.9796","India"
"9043","Union Bankshares","UNB","80565000","23.5","United States"
"9044","Sanam Real Estate Company","SANAM.KW","80443800","1131.03","Kuwait"
"9045","Rane (Madras) Limited","RML.NS","80287300","11.7691","India"
"9046","Jumbo Interactive Limited","JIN.AX","80053900","5.40152","Australia"
"9047","NSTS Bancorp","NSTS","79974000","13.99","United States"
"9048","Zahrat Al Waha For Trading Company","3007.SR","79938400","0.748435","Saudi Arabia"
"9049","I'LL inc.","3854.T","79895200","15.2289","Japan"
"9050","Intred","ITD.MI","79755700","10.514","Italy"
"9051","Extreme Networks","EXTR","78965000","22.84","United States"
"9052","A.S. Création Tapeten","ACWN.DE","78954600","8.0429","Germany"
"9053","PSI Software","PSAN.DE","78906600","51.9874","Germany"
"9054","DDC Enterprise","DDC","78844500","0.581","Hong Kong"
"9055","Nutun Limited","NTU.JO","78801400","0.0545205","South Africa"
"9056","TSS, Inc.","TSSI","78676000","8.51","United States"
"9057","Sogeclair","ALSOG.PA","78671600","35.4354","France"
"9058","Stille AB","STIL.ST","78658200","23.8279","Sweden"
"9059","Coherus BioSciences","CHRS","78623000","1.45","United States"
"9060","iomart Group","IOM.L","78513400","0.197554","United Kingdom"
"9061","Upland Software","UPLD","78193000","4.5","United States"
"9062","Cheniere Energy
Partners","CQP","78000000","68.54","United States"
"9063","Mercor","MCR.WA","77782200","4.12226","Poland"
"9064","Tillys","TLYS","77767000","3.93","United States"
"9065","iBio","IBIO","77537000","1.43","United States"
"9066","AstroNova, Inc.","ALOT","77522000","28.99","United States"
"9067","Northern Technologies International","NTIC","77281700","8.11","United States"
"9068","Avalon Technologies","AVALON.NS","77200700","23.6985","India"
"9069","Treace Medical Concepts","TMCI","77191000","4.72","United States"
"9070","Saudi Arabian Refineries Company","2030.SR","77102000","13.5304","Saudi Arabia"
"9071","Inotiv","NOTV","77099000","0.0799","United States"
"9072","CTEK AB","CTEK.ST","77041200","1.45487","Sweden"
"9073","Al Madar Kuwait Holding Company","MADAR.KW","76946600","397.653","Kuwait"
"9074","Kewaunee Scientific Corporation","KEQU","76812000","37.88","United States"
"9075","Nova Klúbburinn","NOVA.IC","76751600","0.0293411","Iceland"
"9076","Silvaco Group","SVCO","76713000","6.73","United States"
"9077","Prime Medicine","PRME","76700000","3.58","United States"
"9078","AS Pro Kapital Grupp","PKG1T.TL","76549500","0.757664","Estonia"
"9079","Helios Towers","HTWS.L","76400000","2.76355","United Kingdom"
"9080","Bastei Lübbe","BST.DE","76370100","7.83308","Germany"
"9081","Al Faleh Educational Holding","FALH.QA","76291000","0.152747","Qatar"
"9082","Imagineer","4644.T","76289100","6.71402","Japan"
"9083","Precision BioSciences","DTIL","76101000","8.49","United States"
"9084","Balco Group","BALCO.ST","76027400","1.72673","Sweden"
"9085","INVL Technology UTIB","INC1L.VS","75915700","5.82818","Lithuania"
"9086","Envela Corporation","ELA","75899900","14.2","United States"
"9087","BrainsWay","BWAY","75797000","14.3","Israel"
"9088","Xaar","XAR.L","75792000","1.52172","United Kingdom"
"9089","Wakamoto Pharmaceutical","4512.T","75726200","1.93263","Japan"
"9090","Assertio Holdings","ASRT","75632000","23.5","United States"
"9091","Open Lending","LPRO","75315000","3.14","United States"
"9092","Incannex Healthcare","IXHL","75234000","0.167","Australia"
"9093","Bait Vegag Real Estate Development","BVGG.TA","75202100","1.83091","Israel"
"9094","High Tide","HITI","75047900","2.52","Canada"
"9095","Nama Chemicals Company","2210.SR","74988900","4.99134","Saudi Arabia"
"9096","Burning Rock Biotech","BNR","74911800","10.44","China"
"9097","Lantronix","LTRX","74470000","5.66","United States"
"9098","Jay Bharat Maruti","JAYBARMARU.NS","74463400","1.29517","India"
"9099","AEye","LIDR","74216000","1.18","United States"
"9100","McMillan Shakespeare","MMS.AX","74196200","13.9922","Australia"
"9101","Pelagic Credit Plc","PLGC.OL","74187000","1.81835","Cyprus"
"9102","Microbot Medical","MBOT","74105000","1.52","United States"
"9103","OceanPal","SVRN","74067000","0.3501","Greece"
"9104","Nusantara Pelabuhan Handal","PORT.JK","74061400","0.0509859","Indonesia"
"9105","Anup Engineering","ANUP.NS","73916800","18.8824","India"
"9106","Naqi Water Company","2282.SR","73869600","14.9154","Saudi Arabia"
"9107","Praemium Limited","PPS.AX","73675500","0.513576","Australia"
"9108","lastminute.com","LMN.SW","73496200","14.8937","Netherlands"
"9109","Alamar Foods Company","6014.SR","73451200","11.3038","Saudi Arabia"
"9110","Amar Finance and Leasing Company","AMAR.KW","73101700","342.242","Kuwait"
"9111","NACL Industries","NACLIND.NS","73051800","1.82707","India"
"9112","M-tron Industries","MPTI","73051000","79.27","United States"
"9113","5E Advanced Materials","FEAM","73041000","1.76","United States"
"9114","Aptitude Software Group","APTD.L","73008400","2.92116","United Kingdom"
"9115","AFYREN","ALAFY.PA","72955400","3.17053","France"
"9116","Tatton Asset Management","TAM.L","72900300","9.53465","United Kingdom"
"9117","Lifezone Metals","LZM","72832800","4.43","United Kingdom"
"9118","Sequans Communications","SQNS","72782000","2.9","France"
"9119","Crexendo","CXDO","72711000","6.38","United States"
"9120","Xilio Therapeutics","XLO","72544000","0.5101","United States"
"9121","Fernheizwerk Neukölln","FHW.F","72539000","22.1471","Germany"
"9122","United Bankers Oyj","UNITED.HE","72486700","27.0428","Finland"
"9123","Movella","MVLA","72451000","0.0002","United States"
"9124","Novabase","NBA.LS","72403300","8.39259","Portugal"
"9125","Sigma Lithium","SGML","72396000","12.2","Canada"
"9126","Laiqon AG","LQAG.DE","72220000","5.74659","Germany"
"9127","Innovative Aerosystems","ISSC","72111900","24.78","United States"
"9128","Andrews Sykes Group","ASY.L","72099300","7.92313","United Kingdom"
"9129","WithSecure Oyj","WITH.HE","72049100","2.00023","Finland"
"9130","Bark, Inc.","BARK","72018000","0.5066","United States"
"9131","Stelrad Group","SRAD.L","71887900","1.98367","United Kingdom"
"9132","Bragg Gaming Group","BRAG","71764700","1.4625","Canada"
"9133","Cliq Digital AG","CLIQ.DE","71504600","5.38524","Germany"
"9134","T’way Air","091810.KS","71396900","0.45363","South Korea"
"9135","Keyrus","ALKEY.PA","71334300","9.23185","France"
"9136","Salama Cooperative Insurance Company","8050.SR","71109600","2.45838","Saudi Arabia"
"9137","Oriental Aromatics","OAL.NS","71084500","4.4988","India"
"9138","Black Rifle Coffee Company (BRCC)","BRCC","70706000","8.57","United States"
"9139","Neumora Therapeutics","NMRA","70680000","1.56","United States"
"9140","Epiminder","EPI.AX","70639000","0.262175","Australia"
"9141","Automatic Bank Services","SHVA.TA","70621300","7.52558","Israel"
"9142","Watania International","WATANIA.AE","70296900","0","United Arab Emirates"
"9143","Everspin Technologies","MRAM","70245000","17.61","United States"
"9144","FDM Group","FDM.L","70226000","1.51757","United Kingdom"
"9145","Prevas AB","PREV-B.ST","70211100","7.27433","Sweden"
"9146","MHP Hotel AG","CDZ0.F","70207200","1.51533","Germany"
"9147","Dynavox Group","DYVOX.ST","70191500","8.03535","Sweden"
"9148","Taylor Devices","TAYD","70146900","60.01","United States"
"9149","Mekdam Holding Group","MKDM.QA","70118200","0.551923","Qatar"
"9150","Retractable Technologies","RVP","70092200","0.73","United States"
"9151","Rasiyat Holding Company","RASIYAT.KW","70076600","2099.09","Kuwait"
"9152","Kezar Life Sciences","KZR","70073000","7.29","United States"
"9153","Palladyne AI","PDYN","69915000","5.99","United States"
"9154","Scott Technology","SCT.NZ","69825600","1.71327","New Zealand"
"9155","engcon AB","ENGCON-B.ST","69752800","6.90694","Sweden"
"9156","sterling &amp; wilson solar","SWSOLAR.NS","69662000","2.10108","India"
"9157","Alfa Financial Software","ALFA.L","69625400","2.22551","United Kingdom"
"9158","Buligo Capital","BLGO.TA","69468000","2.67097","Israel"
"9159","Alpha Tau Medical","DRTS","69352000","14.96","Israel"
"9160","LUDWIG BECK am Rathauseck - Textilhaus Feldmeier","ECK.DE","69213800","22.3802","Germany"
"9161","Citius Pharmaceuticals","CTXR","69084600","0.5771","United States"
"9162","LakeShore Biopharma","LSB","68868000","0.627","China"
"9163","WeTrade Group","WETG","68809600","5.05","China"
"9164","Water Intelligence plc","WATR.L","68730000","4.68744","United Kingdom"
"9165","A2Z Cust2Mate Solutions","AZ","68646000","6.92","Canada"
"9166","Edel SE &amp; Co. KGaA","EDL.DE","68541300","5.40856","Germany"
"9167","Kopin Corporation","KOPN","68416900","4.73","United States"
"9168","Real-Estate Trade Centers Company (Marakez)","MARAKEZ.KW","68413100","616.036","Kuwait"
"9169","Cerus Corporation","CERS","68286000","2.74","United States"
"9170","Nightingale Health","HEALTH.HE","68119000","1.03975","Finland"
"9171","İşbir Holding","ISBIR.IS","67918900","1.54265","Turkey"
"9172","Nihon Falcom","3723.T","67806200","17.8894","Japan"
"9173","ADLPartner (Dékuple)","DKUPL.PA","67784500","27.6256","France"
"9174","Heritage Global","HGBL","67770000","1.2","United States"
"9175","SDI Group","SDI.L","67699700","1.24815","United Kingdom"
"9176","Fope S.p.A.","FPE.MI","67641800","61.7788","Italy"
"9177","Sera Prognostics","SERA","67620000","2.09","United States"
"9178","SoundThinking 
 (ShotSpotter)","SSTI","67608000","6.02","United States"
"9179","Creo Medical Group","CREO.L","67336000","0.180025","United Kingdom"
"9180","HireQuest","HQI","67334000","17.06","United States"
"9181","Protalix BioTherapeutics","PLX","67229000","2.48","Israel"
"9182","Scienture Holdings","SCNX","66820400","0.3841","United States"
"9183","Remedy Entertainment","REMEDY.HE","66686000","21.7042","Finland"
"9184","F-Secure","FSECURE.HE","66636600","2.31962","Finland"
"9185","CGRE AG","CGX.F","66606800","15.1533","Germany"
"9186","Barinthus Biotherapeutics","BRNS","66478000","0.7064","United Kingdom"
"9187","Balaji Telefilms","BALAJITELE.NS","66435800","0.97528","India"
"9188","Pulse Biosciences","PLSE","66298000","48.1","United States"
"9189","Immutep","IMMP","66242400","0.38","Australia"
"9190","Broadwind","BWEN","66177000","4.39","United States"
"9191","Gurit Holding","GURN.SW","66140000","47.7839","Switzerland"
"9192","The Hackett Group","HCKT","66012000","10.99","United States"
"9193","Old Market Capital Corporation","OMCC","65890000","4.5","United States"
"9194","KLab","3656.T","65877800","1.22986","Japan"
"9195","Ingersoll Rand India","INGERRAND.NS","65863500","48.2885","India"
"9196","Dierig Holding AG","DIE.DE","65849400","9.67479","Germany"
"9197","Vincorion SE","V1NC.DE","65827200","24.49","Germany"
"9198","Scana ASA","SCANA.OL","65809200","0.157234","Norway"
"9199","Pet Valu","PET.TO","65774800","13.5787","Canada"
"9200","Anaam International","4061.SR","65630400","3.26275","Saudi Arabia"
"9201","AS Ekspress Grupp","EEG1T.TL","65624600","1.46287","Estonia"
"9202","Real Brokerage Inc.","REAX","65580000","26.59","Canada"
"9203","Dar Al-Thuraya Real Estate","THURAYA.KW","65570400","720.339","Kuwait"
"9204","Abdullah Saad Mohammed Abo Moati for Bookstores Company","4191.SR","65538400","11.1599","Saudi Arabia"
"9205","Hoffmann Green Cement Technologies","ALHGR.PA","65417100","4.68586","France"
"9206","Caspian Sunrise","CASP.L","65391000","0.0258149","United Kingdom"
"9207","Mubarrad Holding Company","MUBARRAD.KW","65277700","462.842","Kuwait"
"9208","InfraCom Group AB","INFRA.ST","65085500","2.16236","Sweden"
"9209","Wakou Shokuhin","2813.T","65053900","24.7227","Japan"
"9210","Entravision Communications","EVC","64963000","7.99","United States"
"9211","RPG Life Sciences","RPGLIFE.NS","64754200","27.0137","India"
"9212","Duxton Farms","DBF.AX","64713200","0.306709","Australia"
"9213","Ora Banda Mining","OBM.AX","64595100","1.1313","Australia"
"9214","Kappa Create","7421.T","64586100","10.2655","Japan"
"9215","Netcall","NET.L","64479600","1.58286","United Kingdom"
"9216","BP Castrol K.K.","5015.T","64419600","6.28106","Japan"
"9217","Sýn hf.","SYN.IC","64389700","0.163282","Iceland"
"9218","MS Industrie","MSAG.DE","64319900","1.5503","Germany"
"9219","Ten Square Games","TEN.WA","64305600","27.707","Poland"
"9220","Mips AB","MIPS.ST","64086000","38.6495","Sweden"
"9221","Grace Therapeutics","GRCE","63896000","2.15","United States"
"9222","MPS Limited","MPSLTD.NS","63789300","27.946","India"
"9223","Delticom AG","DEX.DE","63776000","2.63434","Germany"
"9224","FORTEC Elektronik AG","FEV.DE","63755400","13.3465","Germany"
"9225","Filana Therapeutics","FLNA","63609000","0.9244","United States"
"9226","Bahnhof AB","3B7.F","63506900","6.15456","Sweden"
"9227","Ultimate Products","ULTP.L","63500700","0.729066","United Kingdom"
"9228","Gartner","IT","63384000","192.96","United States"
"9229","Supply Network Limited","SNL.AX","63369700","25.5064","Australia"
"9230","11 bit studios","11B.WA","63102400","35.573","Poland"
"9231","Stabilis Solutions","SLNG","63006000","5.82","United States"
"9232","Prodways Group","ALPWG.PA","62909100","0.741345","France"
"9233","Westport Fuel Systems","WPRT","62884000","1.87","Canada"
"9234","Electrovaya","ELVA","62784000","6.55","Canada"
"9235","AFT Pharmaceuticals","AFT.NZ","62781100","2.5699","New Zealand"
"9236","L'azurde Company for Jewelry","4011.SR","62678400","2.86589","Saudi Arabia"
"9237","Mo-BRUK S.A.","MBR.WA","62504900","106.773","Poland"
"9238","Bonei Hatichon Civil Engineering &amp; Infrastructures","BOTI.TA","62445200","14.7382","Israel"
"9239","Serverworks","4434.T","62391100","15.3858","Japan"
"9240","Nectar Lifesciences","NECLIFE.NS","62288000","0.13753","India"
"9241","Oncodesign Precision Medicine","ALOPM.PA","62115600","0.349691","France"
"9242","StorageVault Canada","SVI.TO","62066100","3.19118","Canada"
"9243","Burgundy Diamond Mines","BDM.AX","62041000","0.0122109","Australia"
"9244","Global Mofy AI","GMM","61976500","2.6","China"
"9245","Genfit","GNFT","61849600","4.85","France"
"9246","FUJI UNITED HOLDINGS CO LTD","416A.T","61672700","8.18232","Japan"
"9247","Al-Baha Investment And Development Company","4130.SR","61567400","0.585964","Saudi Arabia"
"9248","Bravura Solutions","BVS.AX","61555700","2.16923","Australia"
"9249","CI Games","CI7.F","61551400","0.6411","Poland"
"9250","Allcargo Logistics","ALLCARGO.NS","61400700","0.13135","India"
"9251","IG Port, Inc.","3791.T","61327600","6.88344","Japan"
"9252","ARS Pharmaceuticals","SPRY","61308000","6.03","United States"
"9253","ADM Hamburg","OEL.F","61259400","265.765","Germany"
"9254","Brooge Energy","BROG","61205400","2.6","United Arab Emirates"
"9255","Kuwait Foundry Company K.S.C.P.","KFOUC.KW","61172600","1456.98","Kuwait"
"9256","Answear.com","ANR.WA","61140100","5.83874","Poland"
"9257","The Elmet Group","ELMT","61010000","17.96","United States"
"9258","Insperity","NSP","61000000","51.91","United States"
"9259","Meyer Burger Technology","MBTN.SW","60553200","0.00608813","Switzerland"
"9260","SNGULAR","SNG.MC","60549800","2.44784","Spain"
"9261","eQ Oyj","EQV1V.HE","60499500","10.4441","Finland"
"9262","IBU-tec advanced materials AG","IBU.DE","60394300","17.7177","Germany"
"9263","Concurrent Technologies","CNC.L","60295700","3.49628","United Kingdom"
"9264","Forgame","0484.HK","60250600","0.0924863","China"
"9265","Mirza International","MIRZAINT.NS","60202600","0.332041","India"
"9266","Prelude Therapeutics","PRLD","60183000","6.56","United States"
"9267","Cellectis","CLLS","59920000","3.42","France"
"9268","Silex Systems Limited","SLX.AX","59826300","4.20917","Australia"
"9269","OSOS Holding Group Company K.P.S.C.","OSOS.KW","59721800","619.296","Kuwait"
"9270","Innoviz Technologies","INVZ","59664000","0.3314","Israel"
"9271","Bredband2 i Skandinavien AB","BRE2.ST","59620200","0.353073","Sweden"
"9272","CarParts.com","PRTS","59607000","6.38","United States"
"9273","Cabka","7GW.F","59537600","2.23802","Germany"
"9274","Equillium","EQ","59487000","2.36","United States"
"9275","Vinco Ventures","BBIG","59483400","0.01","United States"
"9276","PR TIMES Corporation","3922.T","59448000","13.7418","Japan"
"9277","Profound Medical","PROF","59424000","7.11","Canada"
"9278","ThredUp","TDUP","59391000","2.75","United States"
"9279","Weebit Nano","WBT.AX","59322800","2.79414","Australia"
"9280","OPTiM","3694.T","59139200","2.71698","Japan"
"9281","Aeria","3758.T","59010400","1.54987","Japan"
"9282","Ateam","3662.T","58890000","6.01752","Japan"
"9283","InfuSystem","INFU","58749000","12.04","United States"
"9284","National Metal Manufacturing and Casting","2220.SR","58665200","3.36929","Saudi Arabia"
"9285","Zephyr Energy plc","ZPHR.L","58657000","0.0407603","United Kingdom"
"9286","Hyperion DeFi","HYPD","58495000","3.39","United States"
"9287","Mashaer Holding Company K.S.C.P.","MASHAER.KW","58406900","449.804","Kuwait"
"9288","Symphony Limited","SYMPHONY.NS","58322100","6.26375","India"
"9289","Wittchen","WTN.WA","58282900","3.7276","Poland"
"9290","NVE Corporation","NVEC","58249500","107.12","United States"
"9291","Curatis","CURN.SW","58203900","24.0781","Switzerland"
"9292","Home Federal Bancorp (HFB Bank)","HFBL","58004000","25.915","United States"
"9293","Planet Image International","YIBO","57903000","1.21","China"
"9294","Beeks Financial Cloud Group","BKS.L","57857800","2.9755","United Kingdom"
"9295","Enapter AG","H2O.DE","57837200","1.22975","Germany"
"9296","aTyr Pharma","ATYR","57741000","0.551","United States"
"9297","Smart Parking Limited","SPZ.AX","57738300","0.59977","Australia"
"9298","NSE SA","ALNSE.PA","57640400","57.1162","France"
"9299","Grupa Kapitałowa Immobile","GKI.WA","57606600","1.40562","Poland"
"9300","Shuaiba Industrial Company","PAPER.KW","57595200","703.583","Kuwait"
"9301","Baazeem Trading Company","4051.SR","57509300","1.48355","Saudi Arabia"
"9302","Söktas Tekstil","SKTAS.IS","57497100","0.0671078","Turkey"
"9303","NFON AG","NFN.DE","57442800","4.0331","Germany"
"9304","United Homes Group","UHG","57372000","1.22","United States"
"9305","Pixelworks","PXLW","57227000","6.81","United States"
"9306","Cavotec","CCC.ST","57050400","1.29111","Switzerland"
"9307","Restoration Hardware","RH","56927000","148.57","United States"
"9308","Red Hill Minerals Limited","RHI.AX","56912700","3.26821","Australia"
"9309","Frontier Energy Limited","FHE.AX","56796300","0.154432","Australia"
"9310","Fevara","FVA.L","56753700","1.88856","United Kingdom"
"9311","VIA optronics AG","VIAO","56748700","0.2231","Germany"
"9312","NZME Limited","NZM.NZ","56675600","0.660321","New Zealand"
"9313","Bisalloy Steel Group","BIS.AX","56609700","3.42623","Australia"
"9314","Slam Corp","SLMWF","56484000","11.14","United States"
"9315","Apex Frozen Foods","APEX.NS","56479200","3.99707","India"
"9316","Frequency Electronics","FEIM","56403000","60.61","United States"
"9317","Computer Modelling Group","CMG.TO","56341500","2.84146","Canada"
"9318","Verde Clean Fuels","VGAS","56338000","1.34","United States"
"9319","Sterling Tools","STERTOOLS.NS","56292900","2.33529","India"
"9320","Capita plc","CPI.L","56292900","3.87223","United Kingdom"
"9321","Eve Holding, Inc.","EVEX","56053000","2.4","United States"
"9322","Amtech Systems","ASYS","55999000","15.17","United States"
"9323","Softing AG","SYT.DE","55897600","2.92575","Germany"
"9324","CROOZ","2138.T","55862100","2.84875","Japan"
"9325","Silver One Resources","SVE.V","55796100","0.325962","Canada"
"9326","Nouveau Monde Graphite","NMG","55771800","1.48","Canada"
"9327","Smith-Midland Corporation","SMID","55658000","25.61","United States"
"9328","KAP AG","IUR.F","55607000","2.12146","Germany"
"9329","Berentzen-Gruppe","BEZ.DE","55589400","3.8466","Germany"
"9330","SML MAHINDRA LIMITED","SMLMAH.NS","55553600","54.5721","India"
"9331","Serviceware","SJJ.DE","55535900","17.3097","Germany"
"9332","Indorama Synthetics","INDORAMA.NS","55535500","0.666178","India"
"9333","Data#3 Limited","DTL.AX","55367100","7.8868","Australia"
"9334","Mama's Creations","MAMA","55362000","16.76","United States"
"9335","Kuwait Emirates Holding Company","EMIRATES.KW","55322700","498.696","Kuwait"
"9336","SkinHealth Systems","SKIN","55240000","0.685","United States"
"9337","Micware Co., Ltd.","MWC","55197000","1.42","Japan"
"9338","Methanol Chemicals Company","2001.SR","55136400","8.45918","Saudi Arabia"
"9339","Solutions 30","S30.PA","55094800","0.671407","Luxembourg"
"9340","Los Andes Copper","LA.V","55070300","9.61677","Canada"
"9341","Paysign","PAYS","55013400","13.23","United States"
"9342","Lyntris Inc.","LYNX","54852000","13.65","United States"
"9343","edding AG","EDD3.F","54774300","37.7447","Germany"
"9344","PolyNovo","PNV.AX","54770400","0.739836","Australia"
"9345","Bgin Blockchain","BGIN","54749600","1.97","Singapore"
"9346","Sintana Energy","SEI.V","54639500","0.280939","Canada"
"9347","Axsome Therapeutics","AXSM","54587000","207.15","United States"
"9348","Allied Cooperative Insurance Group","8150.SR","54559000","2.2533","Saudi Arabia"
"9349","Diaceutics PLC","DXRX.L","54515200","2.03802","United Kingdom"
"9350","Garo Aktiebolag","GARO.ST","54448700","1.17565","Sweden"
"9351","Blink Charging","BLNK","54022000","0.593","United States"
"9352","Sight Sciences","SGHT","53903000","8.37","United States"
"9353","Energy Vault","NRGV","53776000","3.7","United States"
"9354","JCI Hitachi India","JCHAC.NS","53726500","15.7544","India"
"9355","OEX S.A.","OEX.WA","53689200","13.2621","Poland"
"9356","Lovisa Holdings","LOV.AX","53582900","19.3219","Australia"
"9357","CombinedX","CX.ST","53580600","4.17775","Sweden"
"9358","Botanix Pharmaceuticals","BOT.AX","53479100","0.0143658","Australia"
"9359","Vista Gold","VGZ","53363000","2.365","United States"
"9360","SW Umwelttechnik Stoiser &amp; Wolschner AG","SWUT.VI","53182300","45.4598","Austria"
"9361","Strickland Metals Limited","STK.AX","53141400","0.0588996","Australia"
"9362","Gaming Realms","GMR.L","52951500","0.406244","United Kingdom"
"9363","Spero Therapeutics","SPRO","52934000","1.22","United States"
"9364","Müller - Die lila Logistik","MLL.DE","52890500","5.05886","Germany"
"9365","Comet Ridge","COI.AX","52834500","0.067519","Australia"
"9366","Atlas Lithium","ATLX","52730400","3.31","United States"
"9367","Lineage Cell Therapeutics","LCTX","52695000","1.12","United States"
"9368","U.S. Gold Corp","USAU","52586700","16.25","United States"
"9369","CDON AB","CDON.ST","52525800","5.56334","Sweden"
"9370","Medistim","MEDI.OL","52368700","28.5588","Norway"
"9371","Sensorion","ALSEN.PA","52250800","0.314722","France"
"9372","Drake and Scull International","DSI.AE","52247600","0","United Arab Emirates"
"9373","Context Therapeutics","CNTX","52202400","0.4237","United States"
"9374","RATH Aktiengesellschaft","RAT.VI","52076900","27.509","Austria"
"9375","Blackline Safety","BLN.TO","51883000","6.51923","Canada"
"9376","Vente-Unique.com","ALVU.PA","51757500","19.8158","France"
"9377","Sol-Gel Technologies","SLGL","51406000","79.43","Israel"
"9378","hVIVO","HVO.L","51389500","0.0893792","United Kingdom"
"9379","Cantabil Retail India","CANTABIL.NS","51133300","2.57955","India"
"9380","Filtronic","FTC.L","51105300","3.21733","United Kingdom"
"9381","Serko Limited","SKO.NZ","51035200","0.874479","New Zealand"
"9382","Bilendi SA","ALBLD.PA","51004800","15.5496","France"
"9383","EZGO Technologies","EZGO","50952700","0.9836","China"
"9384","Sidetrade","ALBFR.PA","50947400","224.269","France"
"9385","Dlala Brokerage and Investment Holding Company","DBIS.QA","50879500","0.418956","Qatar"
"9386","HiPay Group","ALHYP.PA","50824700","5.87481","France"
"9387","Western Bulk","WEST.OL","50810000","2.33177","Norway"
"9388","Schwälbchen Molkerei","SMB.F","50662200","50.1224","Germany"
"9389","Livestock Transport and Trading Company","CATTL.KW","50655300","596.48","Kuwait"
"9390","Strawberry Fields REIT","STRW","50634000","13.74","United States"
"9391","COSOL Limited","COS.AX","50583400","0.143658","Australia"
"9392","Cyngn","CYN","50569800","1.055","United States"
"9393","ReposiTrak","TRAK","50493800","7.85","United States"
"9394","STS Group","SF3.DE","50395900","5.24537","Germany"
"9395","Kits Eyecare","KITS.TO","50286600","11.6842","Canada"
"9396","Rallybio","RLYB","50277000","16.88","United States"
"9397","Teads","TEAD","50259000","0.4774","United States"
"9398","W5 Solutions AB","W5.ST","50159700","3.62142","Sweden"
"9399","Sunshine Silver Mining & Refining Company","SSMR","50136100","18.34","United States"
"9400","Nippon Ichi Software","3851.T","50102300","8.1384","Japan"
"9401","ORIOR AG","ORON.SW","50093500","17.2767","Switzerland"
"9402","Powersoft","PWS.MI","50087400","17.4263","Italy"
"9403","Greenlane Holdings, Inc.","GNLN","50080000","3","United States"
"9404","cBrain","CBRAIN.CO","50063100","12.2684","Denmark"
"9405","GEE Group","JOB","50046000","0.2553","United States"
"9406","PowerX, Inc.","485A.T","50031800","11.7464","Japan"
"9407","Igarashi Motors India","IGARASHI.NS","49915300","4.40505","India"
"9408","U10 Corp","ALU10.PA","49855500","1.42208","France"
"9409","First Takaful Insurance Company","FTI.KW","49824000","677.966","Kuwait"
"9410","Ekopak","EKOP.BR","49597100","4.37114","Belgium"
"9411","Legacy Education","LGCY","49518000","10.52","United States"
"9412","G5 Entertainment","G5EN.ST","49500000","6.51856","Sweden"
"9413","Forsee Power","FORSE.PA","49485400","0.307137","France"
"9414","ORBIS AG","OBS.DE","49472500","5.24537","Germany"
"9415","Hvidbjerg Bank","HVID.CO","49452700","28.2157","Denmark"
"9416","Altea Green Power S.p.A.","AGP.MI","49420700","8.25271","Italy"
"9417","Silence Therapeutics","SLN","49402000","13.53","United Kingdom"
"9418","Qatar Oman Investment Company","QOIS.QA","49400200","0.203571","Qatar"
"9419","LeonaBio","LONA","49303000","7.81","United States"
"9420","Bouvet","BOUV.OL","49267100","5.29461","Norway"
"9421","Hyosung ITX","094280.KS","49265100","8.72476","South Korea"
"9422","Quercus TFI","QRS.WA","49098100","3.70327","Poland"
"9423","Fabasoft","FAA.DE","49038800","19.3496","Austria"
"9424","TROOPS, Inc.","TROO","49024000","1.98","Hong Kong"
"9425","Veritone","VERI","48999000","0.8013","United States"
"9426","Coya Therapeutics","COYA","48970400","4.87","United States"
"9427","Cheetah Net Supply Chain Service","CTNT","48893500","1.51","United States"
"9428","DocCheck","AJ91.DE","48878400","12.7054","Germany"
"9429","Clasquin SA","ALCLA.PA","48751300","0.819443","France"
"9430","Talis Biomedical","TLIS","48626000","2.84","United States"
"9431","Userjoy Technology","3546.TWO","48615000","2.25912","Taiwan"
"9432","Xtant Medical","XTNT","48599000","0.321","United States"
"9433","PensionBee Group","PBEE.L","48551900","1.82402","United Kingdom"
"9434","Arbe Robotics","ARBE","48551000","0.6699","Israel"
"9435","IZEA Worldwide","IZEA","48471400","3.12","United States"
"9436","Alan Allman Associates","AAA.PA","48436400","1.85336","France"
"9437","Zion Oil &amp; Gas","ZNOG","48432000","0.39","United States"
"9438","Vince Holding","VNCE","48157000","6.34","United States"
"9439","Culp, Inc.","CULP","48147000","3.43","United States"
"9440","Wafrah for Industry and Development Company","2100.SR","48136400","5.66787","Saudi Arabia"
"9441","Pyramid AG","M3B.DE","48093100","0.904662","Germany"
"9442","Orthex Oyj","ORTHEX.HE","48066500","5.53678","Finland"
"9443","LanzaTech Global","LNZA","48059000","6.18","United States"
"9444","Orion Digital Corp.","ORIO","48006500","0.8255","Canada"
"9445","Madison Square Garden Entertainment","MSGE","48005000","79.49","United States"
"9446","Pattern S.p.A.","PTR.MI","47945400","3.07728","Italy"
"9447","AFC Energy","AFC.L","47892600","0.197071","United Kingdom"
"9448","Shankara Building","SHANKARA.NS","47848700","1.53148","India"
"9449","Cantourage Group SE","HIGH.DE","47738000","6.80732","Germany"
"9450","AB Pieno Zvaigzdes","PZV1L.VS","47644100","2.03986","Lithuania"
"9451","Radio City","RADIOCITY.NS","47638300","0.0694459","India"
"9452","LEWAG Holding","KGR.F","47547100","27.9753","Germany"
"9453","Bloober Team","6BO.SG","47470900","6.25947","Poland"
"9454","Sidus Space","SIDU","47357400","2.25","United States"
"9455","Sanghi Industries","SANGHIIND.NS","47335300","0.522573","India"
"9456","Shenzhen Zqgame","300052.SZ","47325500","1.60119","China"
"9457","DUG Technology","DUG.AX","47276000","1.14926","Australia"
"9458","Asetek","ASTK.CO","47129000","0.260469","Denmark"
"9459","Dialight plc","DIA.L","47100000","7.45234","United Kingdom"
"9460","BG Staffing","BGSF","46991000","5.44","United States"
"9461","Chaince Digital Holdings","CD","46964400","3.285","United States"
"9462","M&amp;C Saatchi","SAA.L","46914300","1.97008","United Kingdom"
"9463","Commerce.com","CMRC","46881000","2.24","United States"
"9464","Pulsar Group","PULS.L","46857600","0.328243","United Kingdom"
"9465","Orapi SA","ORAP.PA","46735600","6.69206","France"
"9466","Quick Heal","QUICKHEAL.NS","46694500","1.41406","India"
"9467","iCandy Interactive","ICI.AX","46605400","0.0112852","Australia"
"9468","MariMed","MRMD","46513000","0.085","United States"
"9469","Silver Bow Mining","SBMT","46382900","8.86","United States"
"9470","Q32 Bio","QTTB","46313000","16.18","United States"
"9471","Global Self Storage","SELF","46294900","5.61","United States"
"9472","Solo Brands","SBDS","46293000","3.56","United States"
"9473","Mister Spex","MRX.F","46265600","1.2822","Germany"
"9474","INMA Holding Company","IHGS.QA","46142000","0.727747","Qatar"
"9475","Sino AG","XTP.DE","46131600","122.392","Germany"
"9476","U.S. Global Investors","GROW","46048000","3.34","United States"
"9477","Nanoform Finland","NANOFS.ST","46001700","1.11687","Finland"
"9478","ESAB India","ESABINDIA.NS","45930700","63.9992","India"
"9479","Offerpad","OPAD","45841000","4.48","United States"
"9480","Viscom SE","V6C.DE","45824600","6.69076","Germany"
"9481","Pulmonx","LUNG","45761000","2.5","United States"
"9482","SOPHiA GENETICS","SOPH","45688000","8.53","Switzerland"
"9483","Smartbroker Holding","SB1.DE","45556000","9.86129","Germany"
"9484","Sensus Healthcare","SRTS","45542000","3.29","United States"
"9485","DATRON AG","DAR.DE","45522100","9.49994","Germany"
"9486","kneat.com","FOBK.F","45381100","4.66255","Ireland"
"9487","2CRSI","AL2SI.PA","45345700","32.1483","France"
"9488","One Stop Systems","OSS","45338200","11.07","United States"
"9489","Techstep ASA","TECH.OL","45308400","0.1813","Norway"
"9490","Osoul Investment Company","OSOUL.KW","45303800","805.085","Kuwait"
"9491","Pro-Dex","PDEX","45198000","63.84","United States"
"9492","Tristel","TSTL.L","45183800","5.70644","United Kingdom"
"9493","illumin","ILLM.TO","45128000","0.561879","Canada"
"9494","Takween Advanced Industries","1201.SR","45107600","1.28646","Saudi Arabia"
"9495","ad pepper media International","APM.DE","45093100","3.14722","Germany"
"9496","Eagle Eye Solutions Group","EYE.L","45039700","6.58958","United Kingdom"
"9497","Delignit AG","DLX.DE","44982700","2.96072","Germany"
"9498","Eledon Pharmaceuticals","ELDN","44764000","3.35","United States"
"9499","Kalray","ALKAL.PA","44647900","7.11039","France"
"9500","Chapel Down Group","CDGP.L","44514500","0.67783","United Kingdom"
"9501","Sadr Logistics Company","1832.SR","44478400","0.676522","Saudi Arabia"
"9502","Cherry SE","C3RY.DE","44463500","0.407973","Germany"
"9503","Llorente &amp; Cuenca","LLYC.MC","44427200","5.54843","Spain"
"9504","VirTra","VTSI","44306000","3.11","United States"
"9505","Quartix Technologies","QTX.L","44305700","3.12496","United Kingdom"
"9506","RCM Technologies","RCMT","44284000","40.59","United States"
"9507","Verkkokauppa.com","VERK.HE","44267700","4.342","Finland"
"9508","Omer-Decugis & Cie","ALODC.PA","44155700","9.83798","France"
"9509","R&S Group","RSGN.SW","44154400","25.4434","Switzerland"
"9510","Aiming Inc","3911.T","44091300","1.15456","Japan"
"9511","Talenom","TNOM.HE","44037500","1.45005","Finland"
"9512","India Tourism Development Corp","ITDC.NS","43955200","6.95245","India"
"9513","Alligator Energy","AGE.AX","43950400","0.0359144","Australia"
"9514","Agile Content","AGIL.MC","43735500","2.5644","Spain"
"9515","Kelly Partners Group","KPG.AX","43728500","3.26821","Australia"
"9516","Planet13","PLTH.CN","43725200","0.129664","United States"
"9517","Team Internet Group","TIG.L","43700000","0.587847","United Kingdom"
"9518","InspireMD","NSPR","43617000","0.89","Israel"
"9519","ProQR Therapeutics","PRQR","43516700","2.35","Netherlands"
"9520","Enzo Biochem","ENZB","43398000","0.69887","United States"
"9521","Bayan Investment Holding Company","BAYANINV.KW","43332500","231.421","Kuwait"
"9522","Passat SA","PSAT.PA","43329100","5.08455","France"
"9523","Fractal Gaming Group","FRACTL.ST","43279500","1.47376","Sweden"
"9524","Codexis","CDXS","43234000","1.65","United States"
"9525","SRP Groupe (Showroomprive.com)","SRP.PA","43188900","1.00478","France"
"9526","Manhattan Bridge Capital","LOAN","43106100","4.03","United States"
"9527","Yellow Pages (Canada)","Y.TO","43059400","9.52312","Canada"
"9528","Vilniaus Baldai AB","VBL1L.VS","43045000","11.4815","Lithuania"
"9529","Perma-Fix Environmental Services","PESI","42979000","18.14","United States"
"9530","Franklin Covey","FC","42936000","20.42","United States"
"9531","Electreon Wireless","ELWS.TA","42924800","14.065","Israel"
"9532","Kistos Holdings","KIST.L","42903000","3.77712","United Kingdom"
"9533","Synektik Spólka Akcyjna","SNT.WA","42854400","92.0682","Poland"
"9534","Gentili Mosconi","GM.MI","42813900","3.46194","Italy"
"9535","Energous","WATT","42759000","11.31","United States"
"9536","InflaRx","IFRX","42697500","2.42","Germany"
"9537","Eleco","ELCO.L","42603500","1.7853","United Kingdom"
"9538","The Metals Royalty Company","TMCR","42575800","6.08","Canada"
"9539","Kooth plc","KOO.L","42545600","2.07198","United Kingdom"
"9540","Asphere Innovations","AS.BK","42467700","0.0695334","Thailand"
"9541","OTC Markets Group","OTCM","42347000","54.5","United States"
"9542","4DMedical Limited","4DX.AX","42254400","2.61457","Australia"
"9543","Björn Borg","BORG.ST","42238400","6.29812","Sweden"
"9544","Aldeyra Therapeutics","ALDX","42156800","1.56","United States"
"9545","Future Kid Entertainment and Real Estate Company","FUTUREKID.KW","42067700","281.943","Kuwait"
"9546","Bank of Innovation","4393.T","41890800","36.9585","Japan"
"9547","Ateme SA","ATEME.PA","41841500","14.3373","France"
"9548","Thinkific Labs","THNC.TO","41835000","1.12376","Canada"
"9549","Astec Lifesciences","ASTEC.NS","41816500","6.16633","India"
"9550","Blossom Gold Inc.","BGAU.TO","41808400","1.31825","Canada"
"9551","Saudi Enaya Cooperative Insurance Company","8311.SR","41770500","3.13757","Saudi Arabia"
"9552","Schlatter Industries AG","STRN.SW","41764600","22.2164","Switzerland"
"9553","Accuray","ARAY","41707000","0.2643","United States"
"9554","VIGO Photonics","VGO.WA","41663100","130.561","Poland"
"9555","Syndax Pharmaceuticals","SNDX","41622000","20.09","United States"
"9556","Chinese Gamer International","3083.TWO","41590900","0.734136","Taiwan"
"9557","Aprea Therapeutics","APRE","41588400","0.98","United States"
"9558","Nyxoah","NYXH","41517800","1.62","Belgium"
"9559","Takaful Emarat - Insurance","TAKAFUL-EM.AE","41424200","0.443827","United Arab Emirates"
"9560","MediWound","MDWD","41423000","12.7","Israel"
"9561","Arco Vara AS","ARC1T.TL","41418300","1.47453","Estonia"
"9562","SCYNEXIS","SCYX","41307000","5.67","United States"
"9563","U Power","UCAR","41276100","0.6345","China"
"9564","Orchestra BioMed","OBIO","41192000","5.26","United States"
"9565","MindMaze Therapeutics","V6M.F","41165900","0.191164","Switzerland"
"9566","Biosynex","ALBIO.PA","41056800","1.06073","France"
"9567","Lilium","LILM","40966200","0.052","Germany"
"9568","Tose Software","4728.T","40913300","4.04724","Japan"
"9569","Gabriel Holding A/S","GABR.CO","40894300","39.5955","Denmark"
"9570","AgEagle Aerial Systems","UAVS","40857800","1.1","United States"
"9571","Tigo Energy","TYGO","40846000","1.04","United States"
"9572","Zwahlen &amp; Mayr SA","ZWM.SW","40752100","179.569","Switzerland"
"9573","Metatek-Group","MTEK.TO","40648000","2.03861","United Kingdom"
"9574","South Port NZ","SPN.NZ","40558900","5.25877","New Zealand"
"9575","Atomera","ATOM","40550000","4.5","United States"
"9576","Poulaillon","ALPOU.PA","40455800","10.4907","France"
"9577","Suja Life, Inc.","SUJA","40444000","9.44","United States"
"9578","3i Infotech","3IINFOLTD.NS","40411100","0.245103","India"
"9579","Gulf General Cooperative Insurance Company","8260.SR","40305500","1.13997","Saudi Arabia"
"9580","Findi Limited","FND.AX","40275100","0.290906","Australia"
"9581","Kayak Inc","3904.T","40261500","2.68561","Japan"
"9582","Dominion Hosting","DHH.MI","40257100","30.7728","Italy"
"9583","Shoe Zone","SHOE.L","40247600","1.08694","United Kingdom"
"9584","Dadelo","DAD.WA","40102800","22.544","Poland"
"9585","Creepy Jar","CRJ.WA","40097000","143.806","Poland"
"9586","Aeluma","ALMU","40085000","13.82","United States"
"9587","Pioneer Credit","PNC.AX","39851300","0.492027","Australia"
"9588","Great Elm Group","GEG","39840000","2.15","United States"
"9589","Kogan.com Ltd","KGN.AX","39815200","2.62893","Australia"
"9590","BMC Minerals","BMC.AX","39798000","2.19078","Canada"
"9591","Fiducian Group Limited","FID.AX","39684300","6.8812","Australia"
"9592","PharmaSGP","PSG.DE","39668500","33.6779","Germany"
"9593","XRF Scientific Limited","XRF.AX","39579200","1.3001","Australia"
"9594","MicroVision","MVIS","39543000","1.85","United States"
"9595","AC Immune","ACIU","39534600","2.85","Switzerland"
"9596","MediciNova","MNOV","39407200","1.48","United States"
"9597","Hester Biosciences","HESTERBIO.NS","39342300","24.6787","India"
"9598","SHL Telemedicine","SHLT","39248000","2.05","Israel"
"9599","Ingevity","NGVT","38900000","69.56","United States"
"9600","Celebrus Technologies","CLBS.L","38850000","1.29074","United Kingdom"
"9601","Crown Crafts","CRWS","38813000","2.94","United States"
"9602","CaliberCos","CWD","38715000","0.5434","United States"
"9603","Wiener Privatbank","WPB.VI","38669200","16.7852","Austria"
"9604","Quest Resource Holding","QRHC","38662000","1.46","United States"
"9605","Hopscotch Global PR Group","ALHOP.PA","38628600","16.96","France"
"9606","Proximar Seafood","PROXI.OL","38497900","0.0469562","Norway"
"9607","EcoSynthetix","ECO.TO","38294400","1.65768","Canada"
"9608","Nilörngruppen","NIL-B.ST","38271600","7.91464","Sweden"
"9609","AGROB Immobilien","AGR.F","38020500","31.0059","Germany"
"9610","Lime Technologies AB","LIME.ST","38012600","26.3996","Sweden"
"9611","Creotech Instruments","CRI.WA","38010000","194.084","Poland"
"9612","LGI Limited","LGI.AX","38000900","1.72389","Australia"
"9613","Al-Omran Industrial Trading Company","4141.SR","37987200","5.43348","Saudi Arabia"
"9614","SiteMinder","SDR.AX","37976600","2.20514","Australia"
"9615","Devyser Diagnostics","DVYSR.ST","37890700","6.21415","Sweden"
"9616","Artifex Mundi","ART.WA","37772600","5.54139","Poland"
"9617","Aura Energy","AURA.L","37762600","0.0951074","Australia"
"9618","CyberStep","3810.T","37740300","1.24241","Japan"
"9619","Gigas Hosting","GIGA.MC","37727800","3.68341","Spain"
"9620","Qatar Electronic Systems","TQES.QA","37723800","0.58022","Qatar"
"9621","Cenntro Inc.","CENN","37630900","0.0775","United States"
"9622","Streamwide","ALSTW.PA","37574900","95.3491","France"
"9623","mwb fairtrade AG","MWB0.DE","37559200","12.1226","Germany"
"9624","Bionano Genomics","BNGO","37463000","1.21","United States"
"9625","Freightos","CRGO","37452000","1.33","Israel"
"9626","GAM Holding AG","GAM.SW","37387900","0.0992913","Switzerland"
"9627","Easy Software","ESY.HM","37381100","21.5643","Germany"
"9628","Qatar Cinema and Film Distribution Company","QCFS.QA","37200400","0.677198","Qatar"
"9629","GE Power India","GEPIL.NS","37048900","4.07664","India"
"9630","Growens S.p.A.","GROW.MI","36942600","2.19723","Italy"
"9631","LMP Automotive Holdings","LMPX","36917100","0.095","United States"
"9632","Record Financial Group","REC.L","36825600","0.595101","United Kingdom"
"9633","Buzzfeed","BZFD","36762000","1.085","United States"
"9634","Sparta AG","SPT6.F","36711400","29.6072","Germany"
"9635","Nekkar ASA","NKR.OL","36591900","1.57769","Norway"
"9636","RYTHM, Inc.","RYM","36575000","23.19","United States"
"9637","Artmarket.com","PRC.PA","36516500","4.77911","France"
"9638","CuriosityStream","CURI","36461000","2.76","United States"
"9639","Sovereign Metals","SVM.AX","36434500","0.384284","Australia"
"9640","GigaMedia","GIGM","36410000","1.43","Taiwan"
"9641","Lucas GC","LGCL","36390000","0.0573","China"
"9642","Senergy Holding Company K.S.C.P.","SENERGY.KW","36289100","821.382","Kuwait"
"9643","Vistin Pharma","VISTN.OL","36201900","2.03227","Norway"
"9644","Castellum","CTM","36142600","0.6099","United States"
"9645","DelfinGroup AS","DGR1R.RG","36112700","1.79508","Latvia"
"9646","Milestone Pharmaceuticals","MIST","36049000","1.18","Canada"
"9647","GCL Global Holdings Ltd","GCL","36006500","0.6055","Singapore"
"9648","Saudi Industrial Development Company","2130.SR","35993600","4.33613","Saudi Arabia"
"9649","Jet.AI","JTAI","35975100","1.49","United States"
"9650","Automated Systems Company KPSC","ASC.KW","35958200","5479.14","Kuwait"
"9651","Pensonic Holdings Berhad","9997.KL","35921600","0.101952","Malaysia"
"9652","Rockwell Medical","RMTI","35857000","7.915","United States"
"9653","Parrot S.A.","PARRO.PA","35853900","10.9337","France"
"9654","MediaCo Holding","MDIA","35853000","1.09","United States"
"9655","Owlet, Inc.","OWLT","35846000","5.16","United States"
"9656","SBF AG","CY1K.DE","35707400","3.76501","Germany"
"9657","Dolphin Drilling","DDRIL.OL","35700000","0.249221","Norway"
"9658","Daldrup &amp; Söhne","4DS.DE","35678800","25.0612","Germany"
"9659","Amaero International Ltd","3DA.AX","35676100","0.172389","Australia"
"9660","Farmer Brothers","FARM","35658000","1.28","United States"
"9661","Halloren Schokoladenfabrik","H2RB.HM","35627300","6.42148","Germany"
"9662","CeoTronics","CEK.DE","35624800","12.5189","Germany"
"9663","Rani Therapeutics","RANI","35543000","0.8414","United States"
"9664","VistaGen Therapeutics","VTGN","35520000","0.26","United States"
"9665","Tihama for Advertising, Public Relations and Marketing","4070.SR","35483800","5.60394","Saudi Arabia"
"9666","Adagene","ADAG","35349500","3.85","China"
"9667","Abundia Global Impact Group","AGIG","35338400","0.95","United States"
"9668","Erayak Power Solution","RAYA","35265900","2.2655","China"
"9669","ArcticZymes Technologies ASA","AZT.OL","35164700","2.19272","Norway"
"9670","Aytu BioScience","AYTU","35143000","2.3","United States"
"9671","Raoom trading Company","4144.SR","35086400","19.6298","Saudi Arabia"
"9672","Lemonsoft","LEMON.HE","35082600","5.82818","Finland"
"9673","Vidhi Specialty Food","VIDHIING.NS","35067800","3.66922","India"
"9674","coly","4175.T","35058600","17.0423","Japan"
"9675","Admicom Oyj","ADMCM.HE","35034300","31.8802","Finland"
"9676","SofWave Medical","SOFW.TA","34995000","11.8807","Israel"
"9677","tinyBuild","8Z3.F","34989000","0.135214","United States"
"9678","IT Link SA","ALITL.PA","34943500","19.641","France"
"9679","VEEM Ltd","VEE.AX","34894100","0.391467","Australia"
"9680","MoneyHero","MNY","34787000","0.8601","Singapore"
"9681","Veru","VERU","34785600","2.8","United States"
"9682","Cake Box Holdings","CBOX.L","34772900","2.64263","United Kingdom"
"9683","Guardian Metal Resources","GMTL","34743000","13.2","United Kingdom"
"9684","Cemtrex","CETX","34709200","2.745","United States"
"9685","The9","NCTY","34667300","4.85","China"
"9686","Spruce Biosciences","SPRB","34648000","61.48","United States"
"9687","Verimatrix","VMX.PA","34597000","0.40331","France"
"9688","Blackbaud","BLKB","34554000","47.09","United States"
"9689","Trio Petroleum","TPET","34553200","0.204","United States"
"9690","Rekor Systems","REKR","34468000","0.573","United States"
"9691","Kokuyo Camlin","KOKUYOCMLN.NS","34441900","0.850634","India"
"9692","United Foodbrands Limited","UFBL.NS","34369900","7.75113","India"
"9693","Hyperfine","HYPR","34361000","0.8681","United States"
"9694","Filling and Packing Materials Manufacturing Company","2180.SR","34358500","9.69503","Saudi Arabia"
"9695","The Beachbody Company","BODI","34351000","6.14","United States"
"9696","Senseonics Holdings","SENS","34335000","9.34","United States"
"9697","Metal and Recycling Company K.S.C.","MRC.KW","34261000","668.188","Kuwait"
"9698","TOP Financial Group Limited","TOP","34245100","2.06","Hong Kong"
"9699","Zevia","ZVIA","34133000","1.4","United States"
"9700","Guardforce AI","GFAI","34107100","0.4003","Singapore"
"9701","PLBY Group (Playboy)","PLBY","34080000","1.22","United States"
"9702","Digimarc","DMRC","34066000","5.92","United States"
"9703","Mereo BioPharma Group","MREO","34054000","0.278","United Kingdom"
"9704","Railcare Group AB","RAIL.ST","34016600","3.32751","Sweden"
"9705","Knightscope","KSCP","34002000","1.38","United States"
"9706","Vuzix","VUZI","33995200","2.66","United States"
"9707","DF Deutsche Forfait AG","DFTK.DE","33892900","1.57361","Germany"
"9708","Vivakor","VIVK","33643300","0.8717","United States"
"9709","Georg Fischer","GF.SW","33386900","69.566","Switzerland"
"9710","Alarum Technologies","ALAR","33364000","1.67","Israel"
"9711","D'Ieteren Group","DIE.BR","33362300","202.355","Belgium"
"9712","Lifevantage","LFVN","33339000","6.61","United States"
"9713","Gurunavi, Inc.","2440.T","33065700","0.821997","Japan"
"9714","Hydrogen-Refueling-Solutions","ALHRS.PA","32930000","1.4384","France"
"9715","Entech SA","ALESE.PA","32829400","11.7729","France"
"9716","PLAID,Inc.","4165.T","32788900","4.29823","Japan"
"9717","Synthaverse","SVE.WA","32742700","0.8231","Poland"
"9718","X-Legend Entertainment","4994.TW","32723100","2.69393","Taiwan"
"9719","Magnora ASA","MGN.OL","32677200","2.3906","Norway"
"9720","Motorpoint Group","MOTR.L","32667400","1.73231","United Kingdom"
"9721","OSE Immunotherapeutics","OSE.PA","32608100","3.76501","France"
"9722","Kingsway Financial Services","KFS","32598000","10.73","Canada"
"9723","TransAct Technologies","TACT","32287000","5.08","United States"
"9724","cyan AG","CYR.DE","32198200","2.33127","Germany"
"9725","KPS AG","KSC.DE","32183200","0.336869","Germany"
"9726","Riber S.A.","ALRIB.PA","32068900","10.6131","France"
"9727","MAG Interactive","MAGI.ST","32053400","0.835551","Sweden"
"9728","CM.com","CMCOM.AS","32052500","8.06621","Netherlands"
"9729","Maui Land &amp; Pineapple Company","MLP","32051000","15.99","United States"
"9730","Otovo ASA","OTOVO.OL","31943500","1.23006","Norway"
"9731","People Can Fly","PCF.WA","31854200","1.02178","Poland"
"9732","Drecom","3793.T","31803100","3.17504","Japan"
"9733","Hayat Communications Company","DIGITUS.KW","31669500","6000.65","Kuwait"
"9734","audius SE","3ITN.DE","31464400","11.6564","Germany"
"9735","Linekong Interactive","8267.HK","31334900","0.0257686","China"
"9736","Pyxis Oncology","PYXS","31268000","3.34","United States"
"9737","OVH Groupe","OVH.PA","31224200","16.7619","France"
"9738","Baird Medical Investment Holdings","BDMD","31223500","1.18","China"
"9739","VIP Industries","VIPIND.NS","30967800","3.17272","India"
"9740","CAMP4 Therapeutics","CAMP","30902000","4.2","United States"
"9741","Journey Medical","DERM","30831000","7.545","United States"
"9742","SeaChange International","SEAC","30735000","3.25","United States"
"9743","BrainChip","BRN.AX","30694000","0.10056","Australia"
"9744","Netfonds AG","NF4.DE","30666700","93.8338","Germany"
"9745","Forsys Metals","FSY.TO","30595400","0.419299","Canada"
"9746","Somec S.p.A.","SOM.MI","30490100","24.1287","Italy"
"9747","Atossa Therapeutics","ATOS","30486000","2.65","United States"
"9748","Northern Dynasty Minerals","NAK","30472800","1.75","Canada"
"9749","Hepsor AS","HPR1T.TL","30455200","6.038","Estonia"
"9750","Natuzzi","NTZ","30404300","1","Italy"
"9751","Koss","KOSS","29727600","3.435","United States"
"9752","Text (LiveChat)","TXT.WA","29700000","13.2074","Poland"
"9753","Aptera Motors","SEV","29644000","2.29","United States"
"9754","Imugene","IMU.AX","29622600","0.0509984","Australia"
"9755","NuCana","NCNA","29621200","1.53","United Kingdom"
"9756","Fermentalg","ALGAE.PA","29578500","0.534445","France"
"9757","Aduro Clean Technologies","ADUR","29555300","15.43","Canada"
"9758","Cyberoo","CYB.MI","29484400","1.43956","Italy"
"9759","Neuphoria Therapeutics","NEUP","29423900","3.86","United States"
"9760","Genovis AB","GENO.ST","29364300","2.1781","Sweden"
"9761","genOway","ALGEN.PA","29338000","2.85581","France"
"9762","Accelya","ACCELYA.NS","29278000","11.8582","India"
"9763","bet-at-home.com","ACX.DE","29226300","3.86991","Germany"
"9764","Icape Holding","ALICA.PA","29138000","9.90791","France"
"9765","CVRx","CVRX","29109000","3.27","United States"
"9766","Netgem","ALNTG.PA","29029900","0.95116","France"
"9767","PetMed Express","PETS","28940000","1.79","United States"
"9768","Nerdy, Inc,","NRDY","28929000","10.39","United States"
"9769","Marchex","MCHX","28852000","1.825","United States"
"9770","Unikai Foods","UNIKAI.AE","28850100","1.36416","United Arab Emirates"
"9771","Andersen Group","ANDG","28694000","34.82","United States"
"9772","HOOKIPA Pharma","HOOK","28684000","1.15","United States"
"9773","Zoomd Technologies","ZOMD.V","28654000","0.345771","Canada"
"9774","Unitronics","UNIT.TA","28616000","6.87938","Israel"
"9775","hGears AG","HGEA.DE","28615200","0.955822","Germany"
"9776","Arqit Quantum","ARQQ","28505000","20.36","United Kingdom"
"9777","Lead Real Estate","LRE","28500100","1.26","Japan"
"9778","Harrow, Inc.","HROW","28351000","39.33","United States"
"9779","Hunyvers","ALHUN.PA","28339200","7.98461","France"
"9780","LiveWire Group","LVWR","28316000","1.37","United States"
"9781","Keystone Law Group","KEYS.L","28313600","7.92109","United Kingdom"
"9782","Airgain","AIRG","28015000","5.35","United States"
"9783","Smartoptics Group","SMOP.OL","27920000","4.95233","Norway"
"9784","MAIA Biotechnology","MAIA","27762800","1.39","United States"
"9785","LumenRadio","LUMEN.ST","27757000","5.50036","Sweden"
"9786","MotorK","MTRK.AS","27740100","2.7509","Italy"
"9787","ecotel communication","E4C.DE","27452900","8.3343","Germany"
"9788","Akebia Therapeutics","AKBA","27375000","0.9065","United States"
"9789","Coheris SA","COH.PA","27374700","12.0061","France"
"9790","Shoper","SHO.WA","27370200","11.3801","Poland"
"9791","PermRock Royalty Trust","PRT","27273000","2.22","United States"
"9792","Arab Sea Information Systems Company","7201.SR","27195600","0.985484","Saudi Arabia"
"9793","Equipment Holding Company K.S.C.P.","EQUIPMENT.KW","27191900","687.744","Kuwait"
"9794","Senzime AB","SEZI.ST","27184000","0.390484","Sweden"
"9795","Momentus Inc.","MNTS","27165000","4.24","United States"
"9796","Wendt India","WENDT.NS","27156400","88.7871","India"
"9797","Pineapple Financial","PAPL","27098900","1.08","Canada"
"9798","Masco","MAS","27000000","73.6","United States"
"9799","TherapeuticsMD","TXMD","26973000","2.28","United States"
"9800","Nordecon AS","NCN1T.TL","26965600","0.699382","Estonia"
"9801","Wolftank-Adisa Holding","WOLF.VI","26952300","4.42942","Austria"
"9802","Forian","FORA","26886700","2.17","United States"
"9803","Talga Group","TLG.AX","26848700","0.226261","Australia"
"9804","Benson Hill","BHIL","26841000","0.249","United States"
"9805","Pioneer Power Solutions","PPSI","26821000","2.95","United States"
"9806","Atlantic Lithium Limited","A11.AX","26774500","0.211895","Australia"
"9807","Umbrella Global Energy","UMB.MC","26694100","3.61347","Spain"
"9808","Aptech","APTECHT.NS","26594500","0.955274","India"
"9809","Jaguar Uranium","JAGU","26569400","1.72","Canada"
"9810","Seres Therapeutics","MCRB","26499000","4.76","United States"
"9811","Steyr Motors AG","4X0.DE","26473700","34.4562","Germany"
"9812","Gamesparcs","6542.TWO","26362700","1.4021","Taiwan"
"9813","Muehlhan AG","M4N.HM","26355700","1.60858","Germany"
"9814","Egetis Therapeutics AB","EGTX.ST","26319200","0.828203","Sweden"
"9815","Porch Group","PRCH","26307000","17.26","United States"
"9816","Optomed","OPTOMED.HE","26293100","1.95827","Finland"
"9817","SIEC (Saudi Industrial Export Company)","4140.SR","26291900","0.609935","Saudi Arabia"
"9818","Workhorse Group","WKHS","26193000","3.02","United States"
"9819","Sinda Ltd.","SIND","26177300","17.01","Mexico"
"9820","Proeduca Altus","PRO.MC","26131800","38.6676","Spain"
"9821","NN, Inc.","NNBR","26103000","3.53","United States"
"9822","Zeo Energy","ZEO","25955200","0.3144","United States"
"9823","Future Care Trading Company","9544.SR","25872200","0.420828","Saudi Arabia"
"9824","PlaySide Studios","PLY.AX","25845900","0.0790116","Australia"
"9825","Aquaporin","AQP.CO","25822000","0.0906825","Denmark"
"9826","uCloudlink Group","UCL","25746000","0.3923","Hong Kong"
"9827","Teac Corporation","6803.T","25665400","0.627479","Japan"
"9828","Genenta Science","GNTA","25656800","1.13","Italy"
"9829","Solitario Resources","XPL","25444000","0.8028","United States"
"9830","Park Dental Partners","PARK","25437000","20.85","United States"
"9831","Manazel Holding Company","MANAZEL.KW","25222600","155.476","Kuwait"
"9832","Lhyfe SA","LHYFE.PA","25216700","2.5236","France"
"9833","Zee Learn","ZEELEARN.NS","25140900","0.0827485","India"
"9834","Kuwait Hotels Company K.S.C.P.","KHOT.KW","25119500","772.49","Kuwait"
"9835","OT Logistics","OTS.WA","25098800","4.18443","Poland"
"9836","SAF Tehnika A/S","SAF1R.RG","25093300","19.5827","Latvia"
"9837","PAVmed","PAVM","24988000","5.32","United States"
"9838","Kuwait and Gulf Link Transport Company","KGL.KW","24971200","234.91","Kuwait"
"9839","Carvolix","CVX.PA","24882700","7.66989","France"
"9840","Orogen Royalties","OGN.V","24744900","3.85391","Canada"
"9841","Carver Bancorp","CARV","24685000","1.73","United States"
"9842","VYNE Therapeutics","VYNE","24637000","0.509","United States"
"9843","ZK International Group","ZKIN","24614500","1.15","China"
"9844","Infinities Tech (Jiu Zun Digital)","1961.HK","24561700","0.0126292","China"
"9845","Yext","YEXT","24479000","6.5","United States"
"9846","eVISO S.p.A.","EVISO.MI","24352900","12.2159","Italy"
"9847","Quicklogic","QUIK","24255000","11.16","United States"
"9848","Cereno Scientific","CRNO-B.ST","24242300","0.476348","Sweden"
"9849","Ryde Group","RYDE","24231100","0.6552","Singapore"
"9850","Encounter Resources","ENR.AX","24193200","0.186755","Australia"
"9851","Milkfood Limited","MLKFOOD.BO","23981600","0.942704","India"
"9852","SKYX Platforms","SKYX","23823300","1.25","United States"
"9853","enVVeno Medical Corporation","NVNO","23747000","11.4678","United States"
"9854","Pine Cliff Energy","PNE.TO","23722400","0.396197","Canada"
"9855","AB INVL Baltic Farmland","INL1L.VS","23696600","7.92633","Lithuania"
"9856","Cettire Limited","CTT.AX","23556400","0.168798","Australia"
"9857","Swarmer","SWMR","23520600","37.05","United States"
"9858","Don't Nod Entertainment","ALDNE.PA","23364200","0.477911","France"
"9859","ATOM Corporation","7412.T","23212400","2.33422","Japan"
"9860","Urban One","UONE","23002000","4.856","United States"
"9861","1Spatial","SPA.L","22960600","0.96671","United Kingdom"
"9862","Auga Group AB","AUG1L.VS","22955400","0.121809","Lithuania"
"9863","Genelux","GNLX","22921000","2.73","United States"
"9864","Digital Domain","0547.HK","22906800","0.0272994","Hong Kong"
"9865","the Marygold Companies","MGLD","22856000","0.9701","United States"
"9866","Neonode","NEON","22847000","0.9008","Sweden"
"9867","Geratherm Medical","GME.DE","22846600","2.89078","Germany"
"9868","Lipocine","LPCN","22830300","2.15","United States"
"9869","Massimo Motor","MAMO","22675700","1","United States"
"9870","Investigator Resources","IVR.AX","22669700","0.037351","Australia"
"9871","Kartoon Studios","TOON","22585000","0.6485","United States"
"9872","Elutia","ELUT","22527000","1","United States"
"9873","Skycorp Solar Group","PN","22477100","2.8","China"
"9874","NeoVolta","NEOV","22181300","3.48","United States"
"9875","Dalqan Real Estate Company","DALQAN.KW","22165100","561.178","Kuwait"
"9876","Norcod AS","NCOD.OL","22137700","1.32633","Norway"
"9877","Intercede Group plc","IGP.L","22122400","1.52172","United Kingdom"
"9878","Agape ATP","ATPC","22071800","2.4","Malaysia"
"9879","Consensus Cloud Solutions","CCSI","22003000","38.39","United States"
"9880","Bango","BGO.L","21982000","0.841021","United Kingdom"
"9881","Uxin Limited","UXIN","21961500","1.16","China"
"9882","Gold Hydrogen Limited","GHY.AX","21946600","0.37351","Australia"
"9883","Kaixin Holdings","KXIN","21929000","5.6","China"
"9884","Videndum Plc","VID.L","21816900","4.38517","United Kingdom"
"9885","Airtasker","ART.AX","21781300","0.158023","Australia"
"9886","Haffner Energy","ALHAF.PA","21707800","0.616622","France"
"9887","Addentax Group","ATXG","21686200","3.8","China"
"9888","Cue Biopharma","CUE","21608000","0.5542","United States"
"9889","Netcapital","NCPL","21602600","0.5008","United States"
"9890","Digital Hollywood Interactive","2022.HK","21588900","0.0062508","China"
"9891","Velo3D","VLDX","21535000","6.15","United States"
"9892","Intellicheck","IDN","21533000","2.85","United States"
"9893","Beam Global","BEEM","21530000","1.71","United States"
"9894","GEN Restaurant Group","GENK","21407000","1.97","United States"
"9895","Fractyl Health","GUTS","21377000","0.7371","United States"
"9896","Palms Agro Production Company","PAPCO.KW","21268600","847.458","Kuwait"
"9897","22nd Century Group","XXII","21218000","3.39","United States"
"9898","MacroGenics","MGNX","21198000","4.04","United States"
"9899","BoomBit","BBT.WA","21170100","1.4759","Poland"
"9900","Odysight.ai","ODYS","21163000","3.52","Israel"
"9901","REGENXBIO","RGNX","21082000","9.38","United States"
"9902","Thunderful Group","THUNDR.ST","21026700","0.0317955","Sweden"
"9903","SolarBank","SUUN","21007100","1.44","Canada"
"9904","Fly-E Group","FLYE","20992000","1.6929","United States"
"9905","Firefly AB","FIRE.ST","20905300","19.3667","Sweden"
"9906","Naturhouse Health","NTH.MC","20860800","2.93741","Spain"
"9907","BioLineRx","BLRX","20835000","2.7","Israel"
"9908","Similarweb","SMWB","20825000","9.06","Israel"
"9909","Gabler Group AG","XK4.F","20690500","45.9261","Germany"
"9910","Sono-Tek Corporation","SOTK","20611000","5.06","United States"
"9911","Rapid Micro Biosystems","RPID","20398000","1.67","United States"
"9912","Calithera Biosciences","CALA","20392000","0.0001","United States"
"9913","Rail Vision","RVSN","20334000","4.85","Israel"
"9914","Toro Energy","TOE.AX","20287100","0.38985","Australia"
"9915","Netmarble Joybomb","6468.TWO","20281600","0.94","Taiwan"
"9916","SUNation Energy Inc.","SUNE","20260300","2.25","United States"
"9917","Minerva Surgical","UTRS","20255000","0.0001","United States"
"9918","Precigen","PGEN","20235000","7.42","United States"
"9919","Reitar Logtech Holdings","RITR","20230700","0.0868","Hong Kong"
"9920","CapsoVision","CV","20220000","5.82","United States"
"9921","CAVE Interactive","3760.T","20173900","4.58059","Japan"
"9922","FORIS AG","FRS.DE","20134900","3.4736","Germany"
"9923","HydrogenPro ASA","HYPRO.OL","20114500","0.0541227","Norway"
"9924","Harte Hanks","HHS","20103000","4.26","United States"
"9925","Tabuk Agricultural Development Company","6040.SR","20098400","2.43974","Saudi Arabia"
"9926","Ocean Power Technologies","OPTT","20088000","0.1813","United States"
"9927","Aiforia Technologies Oyj","AIFORIA.HE","20030300","1.40343","Finland"
"9928","Sphere 3D","ANY","19995000","2.41","Canada"
"9929","YanGuFang International Group","YGF","19942900","0.7332","China"
"9930","CBL International","BANL","19888800","13.7","Malaysia"
"9931","Embention","ALUAV.PA","19848400","44.0611","Spain"
"9932","Australian Ethical Investment Limited","AEF.AX","19810500","3.42623","Australia"
"9933","Xos, Inc.","XOS","19790000","3.6","United States"
"9934","Mobile Factory","3912.T","19715200","7.14698","Japan"
"9935","Indonesia Energy","INDO","19658500","2.81","Indonesia"
"9936","INmune Bio","INMB","19624000","2.445","United States"
"9937","Stereotaxis","STXS","19598000","1.45","United States"
"9938","Sylogist","SYZ.TO","19444100","2.29794","Canada"
"9939","System1 Group","SYS1.L","19306100","4.6195","United Kingdom"
"9940","geechs","7060.T","19262800","3.7335","Japan"
"9941","Faraday Future","FFAI","19241000","0.0717","United States"
"9942","Affimed","AFMD","19149400","0.1815","Germany"
"9943","Air Industries Group","AIRI","19145000","2.59","United States"
"9944","Titanium Oyj","TITAN.HE","19116300","7.04045","Finland"
"9945","LM Funding America","LMFA","19092600","2.6","United States"
"9946","Vivani Medical","VANI","19085000","1.415","United States"
"9947","Research Solutions","RSSS","19059800","2.24","United States"
"9948","Cingulate","CING","18864900","5.4","United States"
"9949","American Uranium Limited","AMU.AX","18690100","0.0581813","Australia"
"9950","Corero Network Security","CNS.L","18552000","0.100542","United Kingdom"
"9951","Elite Express","ETS","18548800","0.8084","United States"
"9952","Talphera","TLPH","18478000","1.26","United States"
"9953","Northann Corp","NCL","18449900","0.159","United States"
"9954","Gentian Diagnostics ASA","GENT.OL","18438100","4.23569","Norway"
"9955","Smith Micro Software","SMSI","18342000","2.97","United States"
"9956","Usio","USIO","18144900","2.91","United States"
"9957","DAVIDsTEA","DTEAF","18126500","0.66","Canada"
"9958","Orosur Mining","OMI.V","17931000","0.212505","Canada"
"9959","Gauzy","GAUZ","17860000","0.4995","United States"
"9960","Ideal Power","IPWR","17807600","4.88","United States"
"9961","QumulusAI, Inc.","QMLS","17730100","6.1","United States"
"9962","FRIWO","CEA.DE","17723100","5.33862","Germany"
"9963","Serina Therapeutics","SER","17628000","2.63","United States"
"9964","Wethaq Takaful Insurance Company K.S.C.P.","WETHAQ.KW","17564900","391.134","Kuwait"
"9965","freelancer.com","FLN.AX","17428900","0.104152","Australia"
"9966","Starbreeze","STAR-B.ST","17420400","0.0104129","Sweden"
"9967","East Side Games","EAGR.TO","17379300","0.050425","Canada"
"9968","Fire Rock","1909.HK","17359700","0.244291","China"
"9969","Saudi Vitrified Clay Pipe Company","2360.SR","17263300","5.64656","Saudi Arabia"
"9970","Secuoya, Grupo de Comunicación, S.A.","SEC.MC","17162100","32.6378","Spain"
"9971","iPower","IPW","17150600","2","United States"
"9972","PodcastOne","PODC","17094000","2.6","United States"
"9973","Neuronetics","STIM","17060000","3","United States"
"9974","J-Long Group","JL","17038700","4.8799","Hong Kong"
"9975","Yuke's","4334.T","16974800","2.41579","Japan"
"9976","Genprex","GNPX","16930300","3.97","United States"
"9977","KORU Medical Systems","KRMD","16922400","3.21","United States"
"9978","Fintech Scion (FintechCashier)","FINR","16772400","0.001","United Kingdom"
"9979","Ascent Solar Technologies","ASTI","16752600","3.03","United States"
"9980","TENDA","4198.T","16743100","3.10602","Japan"
"9981","Orion Energy Systems","OESX","16628000","25.04","United States"
"9982","SM Wirtschaftsberatungs AG","SMWN.DE","16618400","5.22205","Germany"
"9983","Saudi Printing and Packaging Company","4270.SR","16521400","2.17073","Saudi Arabia"
"9984","Natural Health Trends","NHTC","16464000","1.71","United States"
"9985","Phio Pharmaceuticals","PHIO","16462000","1.2","United States"
"9986","Rave Restaurant Group","RAVE","16447000","3.11","United States"
"9987","Credit Rating And Collection Company","TAHSSILAT.KW","16333400","469.361","Kuwait"
"9988","Allbirds","BIRD","16275000","2.38","United States"
"9989","The Glimpse Group","VRAR","16151500","0.68","United States"
"9990","Verrica Pharmaceuticals","VRCA","16055000","4.91","United States"
"9991","Co-Diagnostics","CODX","16042400","1.25","United States"
"9992","029 Group","Z29.DE","16042100","47.7911","Germany"
"9993","Longeveron","LGVN","16027000","0.7033","United States"
"9994","SPI Energy","SPI","16003000","0.766","United States"
"9995","Enigmatig","EGG","15992800","3.04","Singapore"
"9996","Haoxi Health Technology","HAO","15956600","3.58","China"
"9997","CXApp","CXAI","15945000","0.089","United States"
"9998","Sunrise New Energy","EPOW","15892200","0.429","China"
"9999","Beamr Imaging","BMR","15762000","1.25","Israel"
"10000","Quince Therapeutics","QNCX","15672000","0.9206","United States"
"10001","Treasure Global","TGL","15617600","2.14","Malaysia"
"10002","Cadiz Inc.","CDZI","15612000","4.03","United States"
"10003","ALIA MENTIS","ALMS.MI","15602800","5.79322","Italy"
"10004","Magic Empire Global (Giraffe Capital)","MEGL","15580900","1.2","Hong Kong"
"10005","The Joint Corp.","JYNT","15494400","8.54","United States"
"10006","Scandinavian Enviro Systems","SES.ST","15381400","0.0192723","Sweden"
"10007","Apex Critical Metals","KL9.F","15356200","1.12601","Canada"
"10008","HT5 AG","HT5.SW","15269500","3.90969","Switzerland"
"10009","Gaxos.ai","GXAI","15251400","0.8305","United States"
"10010","Moolec Science","MLEC","15179700","6.8101","Luxembourg"
"10011","LifeMD","LFMD","15036800","3.24","United States"
"10012","Al Kathiri Holding Company","3008.SR","15017700","0.324943","Saudi Arabia"
"10013","Nueva Expresión Textil","NXT.MC","14910800","1.30085","Spain"
"10014","Bioventix","BVXP.L","14870000","23.4032","United Kingdom"
"10015","Establishment Labs","ESTA","14783000","72.45","Costa Rica"
"10016","Micro Systemation","MSAB-B.ST","14682100","9.80408","Sweden"
"10017","Primech Holdings","PMEC","14679000","0.5239","Singapore"
"10018","Fonix Mobile","FNX.L","14637500","2.32689","United Kingdom"
"10019","Grom Social Enterprises","GROM","14587600","0.0001","United States"
"10020","Super League Enterprise","SLE","14543000","4.03","United States"
"10021","NeuroPace","NPCE","14454000","14.68","United States"
"10022","Wrap Technologies","WRAP","14434000","1.54","United States"
"10023","Voltage","3639.T","14395900","1.43693","Japan"
"10024","FGI Industries","FGI","14314400","7.54","United States"
"10025","Nuvectis Pharma","NVCT","14220000","25","United States"
"10026","Biotalys","BTLS.BR","14217700","3.12391","Belgium"
"10027","Superior Industries International","SUP","14193000","0.3249","United States"
"10028","Heidmar Maritime Holdings","HMR","14181500","1.33","Greece"
"10029","Precipio","PRPO","14167000","30.405","United States"
"10030","Meds Apotek AB","MEDS.ST","14148900","2.6662","Sweden"
"10031","SGT German Private Equity","GAI.DE","13991700","0.975188","Germany"
"10032","Galmed Pharmaceuticals","GLMD","13948000","4.33","Israel"
"10033","Fun Yours Technology","6482.TWO","13915000","0.792425","Taiwan"
"10034","Wedia SA","ALWED.PA","13900100","31.7526","France"
"10035","INTERSHOP Communications","ISHA.DE","13896000","1.84753","Germany"
"10036","The Payments Group Holding","PGH.DE","13839600","0.238956","Germany"
"10037","CISO Global","CISO","13835900","0.2308","United States"
"10038","Aptorum Group","APM","13791500","0.7","Hong Kong"
"10039","Nelco","NELCO.NS","13780900","10.1152","India"
"10040","Integrated Media Technology Limited","IMTE","13699400","0.471","Australia"
"10041","4basebio","4BB.L","13616700","6.3525","United Kingdom"
"10042","Laird Superfood","LSF","13521100","4.15","United States"
"10043","Abdulmohsen Al-Hokair Group for Tourism and Development Company","1820.SR","13498400","0.556665","Saudi Arabia"
"10044","NRC Health","NRC","13495000","22","United States"
"10045","Mangoceuticals","MGRX","13474700","0.3726","United States"
"10046","Nanexa AB","NANEXA.ST","13459400","0.46921","Sweden"
"10047","Vaxxinity","VAXX","13409000","0.0001","United States"
"10048","Society Pass","SOPA","13331500","0.076","Singapore"
"10049","FingerMotion","FNGR","13329500","0.1617","United States"
"10050","Kuwait Real Estate Holding Company","ALAQARIA.KW","13304400","222.295","Kuwait"
"10051","Fluent","FLNT","13286000","3.88","United States"
"10052","Vislink Technologies","VISL","13242000","3.15","United States"
"10053","Anixa Biosciences","ANIX","13224000","3.605","United States"
"10054","Marks Electrical Group","MRK.L","13222100","0.618198","United Kingdom"
"10055","Saudi Fisheries Company","6050.SR","13137500","17.5922","Saudi Arabia"
"10056","Warba Capital Holding Company","WARBACAP.KW","13108700","2874.84","Kuwait"
"10057","Apyx Medical","APYX","13088000","3.05","United States"
"10058","Mentice AB","MNTC.ST","13060300","1.40133","Sweden"
"10059","Xeris Pharmaceuticals","XERS","13011000","8.68","United States"
"10060","Argo Blockchain","ARBK","12900000","3.79","United Kingdom"
"10061","TriSalus Life Sciences","TLSI","12807000","4.93","United States"
"10062","AnaptysBio","ANAB","12747000","58","United States"
"10063","Curis","CRIS","12707000","1.54","United States"
"10064","PMGC Holdings","ELAB","12606500","6.05","United States"
"10065","WALLIX Group","ALLIX.PA","12604800","25.8189","France"
"10066","Dubai Islamic Insurance &amp; Reinsurance","AMAN.AE","12603600","0","United Arab Emirates"
"10067","Synlogic","SYBX","12554000","1.22","United States"
"10068","DSS, Inc. (Document Security Systems)","DSS","12545000","0.5486","United States"
"10069","Jumia","JMIA","12545000","6.83","Germany"
"10070","Jeffs' Brands","JFBR","12456000","3.08","Israel"
"10071","Leifras","LFS","12429400","2.27","Japan"
"10072","Polymetals Resources","POL.AX","12362000","0.725471","Australia"
"10073","ActiveOps Plc","AOM.L","12292600","2.58488","United Kingdom"
"10074","Gulf Franchising Holding Company","GFC.KW","12245000","1173.4","Kuwait"
"10075","Perrot Duval","PEDU.SW","12210700","111.703","Switzerland"
"10076","Werewolf Therapeutics","HOWL","12202000","0.9888","United States"
"10077","Jeld-Wen","JELD","12181000","2.42","United States"
"10078","Sino-Entertainment Technology","6933.HK","12161100","0.154994","China"
"10079","Inuvo","INUV","12159100","0.6899","United States"
"10080","Astrotech","ASTC","12155000","6.93","United States"
"10081","BNB Plus Corp.","BNBX","12129900","0.13","United States"
"10082","5th Planet Games","5PG.OL","12103200","0.162582","Denmark"
"10083","Appirits","4174.T","12021800","5.42769","Japan"
"10084","Atlantic Sapphire","ASA.OL","11910000","0.0865321","Norway"
"10085","Silicon Studio","3907.T","11888000","13.3967","Japan"
"10086","Rare Earths Americas","REA","11812000","14.64","United States"
"10087","DIRTT Environmental Solutions","DRTT","11783000","0.3343","Canada"
"10088","Forza X1","FRZA","11776600","0.2","United States"
"10089","Passage Bio","PASG","11752000","4.5","United States"
"10090","Avalon GloboCare","ALBT","11724100","0.282","United States"
"10091","NOMADAR","NOMA","11711600","2.34","United States"
"10092","Humacyte","HUMA","11624000","0.6816","United States"
"10093","AXIL Brands","AXIL","11462500","6.24","United States"
"10094","Plutus Financial Group","PLUT","11187000","2.55","United States"
"10095","Superior Resources","SPQ.AX","11152300","0.00287315","Australia"
"10096","Trigon Metals","TM.V","11072000","0.28169","Canada"
"10097","Tivic Health Systems","TIVC","11062000","1.4","United States"
"10098","NJ Holdings","9421.T","10945000","3.18759","Japan"
"10099","MindWalk Holdings","HYFT","10916000","1.43","United States"
"10100","Renegade Gold","RAGE.V","10899500","0.288143","Canada"
"10101","Diginex","DGNX","10881800","1.3","Hong Kong"
"10102","Propanc Biopharma","PPCB","10827900","1.07","Australia"
"10103","Forever Entertainment","8FE.SG","10824500","0.645763","Poland"
"10104","LENSAR","LNSR","10790000","8.65","United States"
"10105","KALA BIO","KALA","10761000","0.8161","United States"
"10106","Entera Bio","ENTX","10687000","3.19","Israel"
"10107","Achieve Life Sciences","ACHV","10678000","8.27","Canada"
"10108","NusaTrip","NUTR","10626500","9","Indonesia"
"10109","CervoMed","CRVO","10615700","2.65","United States"
"10110","Palatin Technologies","PTN","10591900","10.47","United States"
"10111","Race Oncology","RAC.AX","10532500","1.61615","Australia"
"10112","Off the Hook YS Inc","OTH","10484300","2.57","United States"
"10113","AMC Robotics Corporation","AMCI","10482400","3.985","United States"
"10114","Azitra","AZTR","10480300","0.1729","United States"
"10115","Solid Clouds","SOLID.IC","10418800","0.000994613","Iceland"
"10116","Wayi International Digital Entertainment","3086.TWO","10407600","0.827084","Taiwan"
"10117","Trophy Games","TGAMES.CO","10399700","2.15905","Denmark"
"10118","Alector","ALEC","10382000","2.46","United States"
"10119","Edia","3935.T","10353800","4.24803","Japan"
"10120","iFOREX","IFRX.L","10342000","1.97008","Guernsey"
"10121","Phoenix Motor","PEV","10320000","0.23","United States"
"10122","DeFi Development","DFDV","10194000","4.5","United States"
"10123","Innovatec","INC.MI","10193200","0.275673","Italy"
"10124","OpGen","OPGN","10158000","24.75","United States"
"10125","EDAP TMS","EDAP","10101000","4.32","France"
"10126","Harvard Bioscience","HBIO","10046000","7.65","United States"
"10127","Globavend","GVH","10036700","1.02","Australia"
"10128","CCSC Technology International Holdings","CCTG","9982830","0.7005","Hong Kong"
"10129","Intensity Therapeutics","INTS","9979000","4.53","United States"
"10130","Brüder Mannesmann AG","BMM.F","9965920","1.10736","Germany"
"10131","Telesis Bio","TBIO","9946000","0.001","United States"
"10132","BioPorto","BIOPOR.CO","9910350","0.192521","Denmark"
"10133","Arizona Metals","AMC.TO","9773040","0.147673","Canada"
"10134","Mynet","3928.T","9725280","1.48085","Japan"
"10135","Novo Integrated Sciences","NVOS","9663220","0.0006","United States"
"10136","Aterian","ATER","9525000","0.4151","United States"
"10137","Gelteq Limited","GELS","9512250","0.5798","Australia"
"10138","AS PRFoods","PRF1T.TL","9496640","0.0648094","Estonia"
"10139","Gold Road International p.l.c.","GOLDR.OL","9450300","0.849277","Malta"
"10140","ESS Tech","GWH","9446000","0.377","United States"
"10141","reAlpha Tech","AIRE","9311230","1.66","United States"
"10142","PainReform","PRFX","9290000","0.9771","Israel"
"10143","cbdMD","YCBD","9284750","0.5201","United States"
"10144","Where Food Comes From","WFCF","9200000","13.25","United States"
"10145","DigiAsia Corp","FAAS","9176000","0.0807","Indonesia"
"10146","NanoViricides","NNVC","9153600","1.28","United States"
"10147","Heron Therapeutics","HRTX","9137000","0.3122","United States"
"10148","Biodesix","BDSX","9132000","30.6","United States"
"10149","Aker Carbon Capture","ACC.OL","9127620","0.00035151","Norway"
"10150","Quantum Graphite","QGL.AX","9087020","0.229852","Australia"
"10151","Exasol AG","EXL.DE","9049260","2.24968","Germany"
"10152","Mobcast","3664.T","9030170","0.175694","Japan"
"10153","The Energy House Holding Company","ENERGYH.KW","9018970","844.198","Kuwait"
"10154","Skye Bioscience","SKYE","9011800","2.02","United States"
"10155","Myomo","MYO","9001680","1.53","United States"
"10156","Cloudastructure","CSAI","8910000","4.97","United States"
"10157","AlphaTON Capital Corp","ATON","8883000","0.32","British Virgin Islands"
"10158","Eduform'action","ALEFA.PA","8853930","0.326378","France"
"10159","Mobix Labs","MOBX","8845000","1.13","United States"
"10160","Edible Garden","EDBL","8833000","1.44","United States"
"10161","Golden Sun Education Group","GSUN","8828530","0.2667","China"
"10162","Mobilicom","MOB","8823500","5.66","Australia"
"10163","Quoin Pharmaceuticals","QNRX","8773130","5.18","United States"
"10164","Sabre Resources","SBR.AX","8764260","0.00502801","Australia"
"10165","Infant Bacterial Therapeutics AB","IBT-B.ST","8742280","6.79147","Sweden"
"10166","Interlink Electronics","LINK","8741000","5.17","United States"
"10167","Syntec Optics","OPTX","8718000","8.51","United States"
"10168","TechCreate Group","TCGL","8657900","172.84","Singapore"
"10169","Columbus Energy","CLC.WA","8635180","0.917709","Poland"
"10170","Motorsport Gaming","MSGM","8556820","4.01","United States"
"10171","HWA AG","H9W.DE","8497730","3.53188","Germany"
"10172","YOC AG","YOC.DE","8484760","5.7699","Germany"
"10173","Deep Value Driller","DVD.OL","8416740","2.19272","Norway"
"10174","Innovative Eyewear","LUCY","8369220","1.13","United States"
"10175","Mobile-health Network Solutions","MNDR","8326620","1.64","Singapore"
"10176","Ultimate Games","ULG.WA","8318980","3.60866","Poland"
"10177","Actelis Networks","ASNS","8315000","0.043","United States"
"10178","PAL Next AG","PAL.DE","8275320","1.09852","Germany"
"10179","Hinduja Ventures","NXTDIGITAL.NS","8264050","1.43","India"
"10180","AltPlus","3672.T","8255700","0.181969","Japan"
"10181","OLB Group","OLB","8100490","0.322","United States"
"10182","BioNexus Gene Lab","BGLC","8093250","1.43","Malaysia"
"10183","Novaturas AB","NTU1L.VS","8062170","0.829934","Lithuania"
"10184","WeShop Holdings","WSHP","8015860","6.185","British Virgin Islands"
"10185","Smiths News","SNWS.L","7916380","0.937487","United Kingdom"
"10186","Elevate Uranium","EL8.AX","7861130","0.219078","Australia"
"10187","Hour Loop","HOUR","7814720","1.83","United States"
"10188","Games Operators","GOP.WA","7802230","3.06804","Poland"
"10189","Jianzhi Education Technology Group","JZ","7738480","1.72","China"
"10190","Austin Gold","AUST","7719440","1.31","United States"
"10191","Marin Software","MRIN","7678000","0.8981","United States"
"10192","TechPrecision","TPCS","7673000","5.73","United States"
"10193","Maison Solutions","MSS","7560200","1.63","United States"
"10194","InterServ International","6169.TWO","7536940","0.400151","Taiwan"
"10195","Evolva Holding SA","EVE.SW","7507390","2.97874","Switzerland"
"10196","Commvault","CVLT","7494000","134.31","United States"
"10197","PureCycle Technologies","PCT","7424000","6.69","United States"
"10198","AS Latvijas Juras medicinas centrs","LJM1R.RG","7411960","9.17","Latvia"
"10199","Grove Collaborative","GROV","7374000","0.9743","United States"
"10200","T Stamp Inc. (TrustStamp)","IDAI","7341080","3.09","United States"
"10201","Virax Biolabs","VRAX","7334940","2.77","United Kingdom"
"10202","SeaStar Medical","ICU","7315000","3.12","United States"
"10203","Dolphin Entertainment","DLPN","7308390","1.14","United States"
"10204","Femasys","FEMY","7289890","2.92","United States"
"10205","Neo-Concept International Group","NCI","7274370","12.2","Hong Kong"
"10206","Apollo Minerals Limited","AON.AX","7249150","0.0495618","Australia"
"10207","Wolverine Energy and Infrastructure","WEII.V","7237650","0.03","Canada"
"10208","Conexeu Sciences","CNXU","7196380","6.975","United States"
"10209","Zentek","ZTEK","7050430","0.56","Canada"
"10210","Sanara MedTech","SMTI","7019500","34.65","United States"
"10211","Xenetic Biosciences","XBIO","6950750","3.86","United States"
"10212","Groupe OKwind","ALOKW.PA","6916810","0.314722","France"
"10213","Cel-Sci","CVM","6874670","1.61","United States"
"10214","Eterna Therapeutics","ERNA","6859000","4.89","United States"
"10215","BeLive Holdings","BLIV","6828500","2.15","Singapore"
"10216","GreenMobility A/S","GREENM.CO","6815760","10.5068","Denmark"
"10217","Cyclerion Therapeutics","CYCN","6791000","4.15","United States"
"10218","REE Automotive","REE","6750000","0.0769","Israel"
"10219","Davis Commodities","DTCK","6727000","1","Singapore"
"10220","Forafric Global PLC","AFRI","6657000","10.73","Gibraltar"
"10221","Orangekloud Technology","ORKT","6632670","1.05","Singapore"
"10222","Auric Minerals","AUMC.CN","6626640","0.0648322","Canada"
"10223","Altamira Therapeutics","CYTO","6565110","0.3","Bermuda"
"10224","Fragbite Group","FRAG.ST","6549300","0.623514","Sweden"
"10225","Gala Incorporated","4777.T","6519950","1.25496","Japan"
"10226","Witbe S.A.","ALWIT.PA","6352940","4.25457","France"
"10227","Lifeward","LFWD","6291000","0.3829","Israel"
"10228","Clean Energy Technologies","CETY","6246600","1.01","United States"
"10229","U.S. GoldMining","USGO","6241910","9.48","United States"
"10230","Beyond Air","XAIR","6210000","4.97","United States"
"10231","Oragenics","OGEN","6181760","0.53","United States"
"10232","Tharimmune","THAR","6154830","4.74","United States"
"10233","IGC Pharma","IGC","6121000","0.3077","United States"
"10234","Biofrontera","BFRI","6070000","1.53","United States"
"10235","Inovio Pharmaceuticals","INO","6067880","1.3","United States"
"10236","Expion360","XPON","6049600","9.17","United States"
"10237","Wiit S.p.A.","WIIT.MI","5985670","33.2789","Italy"
"10238","BranchOut Food","BOF","5932530","3.85","United States"
"10239","SODITECH","ALSEC.PA","5924380","7.64658","France"
"10240","Modern Dairies Limited","MODAIRY.BO","5921900","0.392689","India"
"10241","Big Cheese Studio","BCS.WA","5842490","1.2137","Poland"
"10242","Ocugen","OCGN","5805000","1.41","United States"
"10243","Ekso Bionics","EKSO","5740000","11.8","United States"
"10244","Allergy Therapeutics","AGY.L","5722210","0.0760859","United Kingdom"
"10245","Ticketplus","TP","5646700","7.81","Chile"
"10246","GenFlat Holdings","GFLT","5596100","3","United States"
"10247","Can Fite Biopharma","CANF","5592000","3.32","Israel"
"10248","Vivoryon Therapeutics","05Y.F","5552940","1.27637","Germany"
"10249","Meteoric Resources","MEI.AX","5547810","0.154432","Australia"
"10250","VITA 34","V3V.DE","5422520","3.36869","Germany"
"10251","EMB Mission Bound AB (publ)","EMB.ST","5386540","0.0617216","Sweden"
"10252","180 Life Sciences","ATNF","5380560","3.58","United States"
"10253","Cimbeton","CMBTN.IS","5369520","32.5774","Turkey"
"10254","Itera ASA","ITERA.OL","5341830","0.703809","Norway"
"10255","CytoMed Therapeutics","GDTC","5338160","0.9967","Singapore"
"10256","Freight Technologies, Inc.","FRGT","5326540","1.51","United States"
"10257","Greenwich LifeSciences","GLSI","5270210","18.23","United States"
"10258","authID","AUID","5200290","0.471","United States"
"10259","Sonendo","SONX","5191000","1","United States"
"10260","Kuke Music Holding","KUKE","5179570","1.39","China"
"10261","Psychemedics","PMD","5130000","2.67","United States"
"10262","Foresight Autonomous Holdings","FRSX","5111000","1.22","Israel"
"10263","FBR Limited","FBR.AX","5009050","0.00279642","Australia"
"10264","Telomir Pharmaceuticals","TELO","4962230","1.17","United States"
"10265","Pacific Century Regional Developments","P15.SI","4952880","0.385584","Singapore"
"10266","Topps Tiles","TPT.L","4950340","0.489124","United Kingdom"
"10267","Nexstim","NXTMH.HE","4912810","10.9803","Finland"
"10268","enish","3667.T","4900440","0.169419","Japan"
"10269","BIO-key International","BKYI","4892010","2.96","United States"
"10270","Bullfrog AI","BFRG","4886790","0.5712","United States"
"10271","Aethlon Medical","AEMD","4886270","2.28","United States"
"10272","VIDA Global Inc.","VIDA","4883020","2.64","United States"
"10273","Asmallworld AG","ASWN.SW","4821650","0.757096","Switzerland"
"10274","Eco Wave Power Global","WAVE","4817000","6.675","Israel"
"10275","Blackboxstocks","BLBX","4784140","18.15","United States"
"10276","Regentis Biomaterials","RGNT","4744000","2.07","Israel"
"10277","Solowin Holdings","SWIN","4731000","3.28","Hong Kong"
"10278","United Cooperative Assurance Company","8190.SR","4725310","0.948195","Saudi Arabia"
"10279","Ontrak","OTRK","4647000","0.0601","United States"
"10280","Kaltura","KLTR","4644000","1.54","United States"
"10281","Flux Power","FLUX","4613000","0.6615","United States"
"10282","Magnetic Resources NL","MAU.AX","4590380","1.30668","Australia"
"10283","ATA Creativity Global","AACG","4571530","0.9701","China"
"10284","GreenX Metals","GRX.AX","4567610","0.750611","Australia"
"10285","Almaden Minerals","AAU","4567550","0.1465","Canada"
"10286","Gaming Factory","GIF.WA","4564720","1.20289","Poland"
"10287","Oatly","OTLY","4545000","15.2","Sweden"
"10288","Nordic Fibreboard AS","SKN1T.TL","4504680","0.728523","Estonia"
"10289","Ourgame International","6899.HK","4489920","0.0302334","China"
"10290","Gameone","8282.HK","4459260","0.0861079","Hong Kong"
"10291","Editas Medicine","EDIT","4408000","3.18","United States"
"10292","Development Works Food Company","6013.SR","4403210","24.7703","Saudi Arabia"
"10293","Alligator Bioscience AB","ATORX.ST","4370290","0.00350595","Sweden"
"10294","Redhill Biopharma","RDHL","4268000","0.6153","Israel"
"10295","Nauticus Robotics","KITT","4247240","0.81","United States"
"10296","Hoth Therapeutics","HOTH","4161370","1.36","United States"
"10297","Groupe Airwell","ALAIR.PA","4161320","1.44539","France"
"10298","Rocky Mountain Chocolate Factory","RMCF","4144000","1.1","United States"
"10299","VS Media","VSME","4137400","1.08","Hong Kong"
"10300","Addex Therapeutics","ADXN","4120530","4.23","Switzerland"
"10301","Cocrystal Pharma","COCP","4116000","1.12","United States"
"10302","pferdewetten.de AG","EMH.F","4108000","2.47115","Germany"
"10303","Lucid Diagnostics","LUCD","4000000","0.9707","United States"
"10304","ATARI","ALATA.PA","3990190","0.120426","France"
"10305","Energy Focus","EFOI","3969000","2.78","United States"
"10306","111, Inc.","YI","3956080","3.74","China"
"10307","Dragonfly Energy","DFLI","3910000","1.13","United States"
"10308","PDS Biotechnology","PDSB","3892640","0.2232","United States"
"10309","Ebusco Holding","EBUS.AS","3867210","0.290244","Netherlands"
"10310","SaverOne 2014","SVRE","3854820","2.9463","Israel"
"10311","Perpetuals.com","PDC","3848660","3.23","Japan"
"10312","Futura Medical","FUM.L","3777820","0.00543471","United Kingdom"
"10313","Adial Pharmaceuticals","ADIL","3717250","5.94","United States"
"10314","bioAffinity Technologies","BIAF","3661390","5.09","United States"
"10315","374Water","SCWO","3659480","2.57","United States"
"10316","Pulmatrix","PULM","3591000","1.525","United States"
"10317","Vicarious Surgical","RBOT","3570000","0.038","United States"
"10318","Socket Mobile","SCKT","3549090","0.7783","United States"
"10319","Masonglory","MSGY","3460290","2.06","Hong Kong"
"10320","Lantern Pharma","LTRN","3445700","2.18","United States"
"10321","Reborn Coffee","REBN","3445210","1.255","United States"
"10322","Ekttitab Holding Company K.S.C","EKTTITAB.KW","3423670","111.799","Kuwait"
"10323","Jasper Therapeutics","JSPR","3400000","0.718","United States"
"10324","BloomZ","BLMZ","3362740","0.128","United States"
"10325","Ampio Pharmaceuticals","AMPE","3360000","0.1831","United States"
"10326","Imunon","IMNN","3359630","1.63","United States"
"10327","Ohmyhome","OMH","3342280","0.098","Singapore"
"10328","Avacta Group","AVCT.L","3334480","0.937487","United Kingdom"
"10329","Biomerica","BMRA","3317000","1.6899","United States"
"10330","Webuy Global","WBUY","3291710","0.8491","Singapore"
"10331","Baosheng Media Group","BAOS","3287310","0.44","China"
"10332","Captor Therapeutics","CTX.WA","3255610","19.7328","Poland"
"10333","Greenland Energy Company","GLND","3242790","1.4","United States"
"10334","AudioEye","AEYE","3179000","7.22","United States"
"10335","Nitro Games","NITRO.ST","3168410","0.203114","Finland"
"10336","ParaZero Technologies","PRZO","3156660","0.8006","Israel"
"10337","Annovis Bio","ANVS","3126060","1.78","United States"
"10338","Azerion Group","AZRN.AS","3125040","1.14466","Netherlands"
"10339","Locafy","LCFY","3110480","2.4","Australia"
"10340","Camber Energy","CEI","3110320","0.0954","United States"
"10341","Sonoma Pharmaceuticals","SNOA","3095000","1.38","United States"
"10342","Soligenix","SNGX","3089900","0.384","United States"
"10343","Genasys","GNSS","3028000","1.54","United States"
"10344","Matinas BioPharma","MTNB","3022000","0.1964","United States"
"10345","Global Interactive Technologies","GITS","2951420","1.71","South Korea"
"10346","Swvl Holdings","SWVL","2945390","2.31","United Arab Emirates"
"10347","Raydan Food","6012.SR","2943610","4.58383","Saudi Arabia"
"10348","Zoom Telephonics","MINM","2933380","3.61","United States"
"10349","iLearningEngines","AILE","2923000","0.42","United States"
"10350","Arcadia Biosciences","RKDA","2885000","0.5145","United States"
"10351","HomeBiogas","HMGS.TA","2794000","0.268578","Israel"
"10352","Axel Mark","3624.T","2757770","0.527082","Japan"
"10353","Titan Medical","TMD.TO","2729000","0.0326591","Canada"
"10354","Reed's, Inc.","REED","2692000","1.03","United States"
"10355","SIMPPLE","SPPL","2673730","2.13","Singapore"
"10356","Nuwellis","NUWE","2669000","1.01","United States"
"10357","HeartSciences Inc.","HSCS","2652120","2.99","United States"
"10358","SOBR Safe","SOBR","2639580","0.4917","United States"
"10359","Arrive AI","ARAI","2617860","0.2356","United States"
"10360","FibroBiologics","FBLG","2600000","1.41","United States"
"10361","Arteris","AIP","2591000","22.81","United States"
"10362","Senti Biosciences","SNTI","2565000","0.3864","United States"
"10363","Optimi Health Corp.","OPTH","2545110","4.9","Canada"
"10364","NervGen Pharma","NGEN.V","2538880","3.74562","Canada"
"10365","Mainz Biomed","MYNZ","2522350","0.8441","Germany"
"10366","Polaryx Therapeutics","PLYX","2488000","2.09","United States"
"10367","Polar Power","POLA","2390000","1.43","United States"
"10368","Pacific Biosciences","PACB","2366000","1.56","United States"
"10369","Inspira Technologies","IINN","2323000","0.38","Israel"
"10370","AS Siguldas Ciltslietu Un Maksligas Apseklosanas Stacija","SCM1R.RG","2304130","7.80977","Latvia"
"10371","Actinium Pharmaceuticals","ATNM","2304000","1.01","United States"
"10372","Milestone Scientific","MLSS","2284930","0.5394","United States"
"10373","Elauwit Connection","ELWT","2279000","7","United States"
"10374","Cytosorbents","CTSO","2194000","0.36","United States"
"10375","WonderPlanet","4199.T","2160680","5.35867","Japan"
"10376","AIM ImmunoTech","AIM","2125000","0.25","United States"
"10377","Compleo Charging Solutions","C0M.F","2101370","0.00757664","Germany"
"10378","Vincerx Pharma","VINC","2066000","0.013","United States"
"10379","Astro Corporation","3064.TWO","2063780","0.597076","Taiwan"
"10380","AHT Syngas Technology","3SQ1.DE","2036750","2.93741","Germany"
"10381","Thimar Development Holding Company","4160.SR","2024090","9.34878","Saudi Arabia"
"10382","AS Trigon Property Development","TPD1T.TL","2004180","0.657419","Estonia"
"10383","Infas Holding AG","IFS.F","1902410","7.80977","Germany"
"10384","Turbo Energy","TURB","1879140","1.1","Spain"
"10385","Hepion Pharmaceuticals","HEPA","1856760","0.065","United States"
"10386","Gamer Pakistan","GPAK","1838780","0.0006","United States"
"10387","Cadrenal Therapeutics","CVKD","1797120","1.55","United States"
"10388","Turn Therapeutics","TTRX","1774500","9.63","United States"
"10389","Petros Pharmaceuticals","PTPI","1771320","0.004","United States"
"10390","Global Bioenergies","ALGBE.PA","1761150","0.0218702","France"
"10391","Veganz Group","VEZ.DE","1756560","1.54447","Germany"
"10392","Focus Universal","FCUV","1750790","9.72","United States"
"10393","Barfresh Food Group","BRFH","1678000","1.29","United States"
"10394","Qiiwi Games","QIIWI.ST","1600640","0.732681","Sweden"
"10395","OYAK Çimento","OYAKC.IS","1560990","0.472456","Turkey"
"10396","GreenPower Motor Company","GP","1548790","1.58","Canada"
"10397","eXoZymes","EXOZ","1528100","7.525","United States"
"10398","Lipella Pharmaceuticals","LIPO","1487600","0.0004","United States"
"10399","Semilux International","SELX","1395970","0.34","Taiwan"
"10400","SunScout Holding","SNSC","1308920","0","New Zealand"
"10401","Tapinator","TAPM","1305490","0.247","United States"
"10402","Alaunos Therapeutics","TCRT","1288000","1.7761","United States"
"10403","Aurora Energy Metals","1AE.AX","1273870","0.0395058","Australia"
"10404","Regencell Bioscience","RGC","1219380","5.54","Hong Kong"
"10405","Onfolio Holdings","ONFO","1216600","1.48","United States"
"10406","Versus Systems","VS","1199610","1.31","Canada"
"10407","Viveve Medical","VIVE","1184000","0.0002","United States"
"10408","Naseej International Trading Company","1213.SR","1124910","4.75696","Saudi Arabia"
"10409","CleanCore Solutions","ZONE","1072090","0.1455","United States"
"10410","Vivid Games","VVD.WA","1067380","0.161917","Poland"
"10411","IO Biotech","IOBT","911000","0.048","Denmark"
"10412","SINTX Technologies","SINT","904000","1.58","United States"
"10413","Grindr","GRND","839000","15.79","United States"
"10414","eFFECTOR Therapeutics","EFTR","827000","0.0003","United States"
"10415","Tempest Therapeutics","TPST","822000","1.08","United States"
"10416","iSpecimen","ISPC","814038","1.64","United States"
"10417","Dare Bioscience","DARE","734451","0.7506","United States"
"10418","Ryvyl Inc.","RVYL","668000","7.81","United States"
"10419","HeartBeam","BEAT","635000","0.4814","United States"
"10420","Maris Tech","MTEK","601583","1.09","Israel"
"10421","Golden Minerals","AUMN","335000","0.23","United States"
"10422","Utenos Trikotazas AB","UTR1L.VS","299772","0.410304","Lithuania"
"10423","AppTech Payments","APCX","297000","0.369","United States"
"10424","PunkPirates","PUN.WA","251979","0.13","Poland"
"10425","La Rosa Holdings","LRHC","151748","0.503","United States"
"10426","Lucy Scientific Discovery","LSDI","81158","0.5139","Canada"
"10427","SPAR Group","SGRP","59000","0.6763","United States"
"10428","Tiziana Life Sciences","TLSA","52000","1.09","United Kingdom"
"10429","GAME HOURS","6626.TWO","51312.6","0.0972769","Taiwan"
"10430","Charming Medical","MCTA","49243","29.355","Hong Kong"
"10431","Mobile Global Esports (Mogo)","MGAM","5583","0.001","United States"
"10432","Yesway, Inc.","YSWY","1000","25.07","United States"
"10433","Qiwi","QIWI.ME","0","2.56","Cyprus"
"10434","Mechel PAO","MTLR.ME","0","0.42","Russia"
"10435","Pampa Energía","PAM","0","80.72","Argentina"
"10436","Mobile TeleSystems","MTSS.ME","0","2.14","Russia"
"10437","First American Financial Corporation","FAF","0","73.63","United States"
"10438","Rosseti","RSTI.ME","0","0","Russia"
"10439","PhosAgro","PHOR.ME","0","59.29","Russia"
"10440","Magnit","MGNT.ME","0","17.84","Russia"
"10441","Severstal","CHMF.ME","0","7.03","Russia"
"10442","Novolipetsk Steel","NLMK.ME","0","0.77","Russia"
"10443","Polyus","PLZL.ME","0","12.81","Russia"
"10444","Tatneft","TATN.ME","0","6.18","Russia"
"10445","Surgutneftegas","SNGS.ME","0","0.18","Russia"
"10446","OCBC Bank","O39.SI","0","24.3154","Singapore"
"10447","Novatek","NVTK.ME","0","11.02","Russia"
"10448","Rosneft","ROSN.ME","0","3.61","Russia"
"10449","Lukoil","LKOH.ME","0","49.48","Russia"
"10450","Sberbank","SBER.ME","0","3.16","Russia"
"10451","Gazprom","GAZP.ME","0","0.99","Russia"
"10452","Proximus","PROX.VI","0","7.27357","Belgium"
"10453","X5 Retail Group","FIVE.ME","0","32.42","Netherlands"
"10454","United Heavy Machinery","OMZZP.ME","0","112.48","Russia"
"10455","Ozon","OZON.ME","0","27.21","United States"
"10456","Elme Communities","ELME","0","1.67","United States"
"10457","Ladun Investment Company","9535.SR","0","0.679185","Saudi Arabia"
"10458","Cairo Communication","CAI.MI","0","2.67514","Italy"
"10459","Merkur PrivatBank","MBK.DE","0","15.0367","Germany"
"10460","Kaival Brands Innovations","KAVL","-20662","0.022","United States"
"10461","Signing Day Sports","SGN","-68309","0.5401","United States"
"10462","Sonim Technologies","SONM","-83000","3.21","United States"
"10463","iEntertainment Network","IENT","-92000","0.0067","United States"
"10464","Trinity Place Holdings","TPHS","-183000","0.044","United States"
"10465","BioLargo","BLGO","-187000","0.11","United States"
"10466","Unity Biotechnology","UBX","-205000","0.2001","United States"
"10467","Playground Ventures","PLAY.CN","-341560","0.00720357","Canada"
"10468","Halo Minerals PLC","HALO.L","-398629","0.143253","United Kingdom"
"10469","T-Bull","TBL.WA","-433910","0.389249","Poland"
"10470","Lulu's Fashion Lounge","LVLU","-525000","13.5","United States"
"10471","ProPhase Labs","PRPH","-614000","0.03","United States"
"10472","Docebo","DCBO","-616000","24.66","Canada"
"10473","NEXT Biometrics Group ASA","NEXT.OL","-644554","0.0299493","Norway"
"10474","Ensysce Biosciences","ENSC","-669012","0.412","United States"
"10475","Perfect Moment","PMNT","-686000","0.1","United Kingdom"
"10476","Polar Resources AS","POLAR.OL","-740990","0.529461","Norway"
"10477","Hempacco","HPCO","-779325","0.0001","United States"
"10478","Freeze Tag","FRZT","-821874","0.0001","United States"
"10479","Carisma Therapeutics","CARM","-867000","0.0012","United States"
"10480","Trulite","TRUL","-1043770","0.0001","United States"
"10481","ManyDev Studio","MAN.WA","-1061160","0.166512","Poland"
"10482","VivoSim Labs","VIVS","-1099000","0.291","United States"
"10483","Smart Good Things Holding","MLSGT.PA","-1118680","3.24751","France"
"10484","Renalytix","RENX.L","-1200000","0.0570644","United Kingdom"
"10485","Cielo Waste Solutions","CMC.V","-1255040","0.0468232","Canada"
"10486","Vogenx","VOGX","-1399540","32.88","United States"
"10487","Sow Good","SOWG","-1450790","0.1099","United States"
"10488","Phaos Technology Holdings","POAS","-1503330","0.1724","Singapore"
"10489","Gaming Corps","GCOR.ST","-1624780","0.0835551","Sweden"
"10490","Adamas One","JEWL","-1658730","0.0001","United States"
"10491","Laser Photonics","LASE","-1700320","1.41","United States"
"10492","Virtual Interactive Technologies","VRVR","-1729890","0.0003","Bermuda"
"10493","GoPro","GPRO","-1869000","0.5969","United States"
"10494","PaxMedica","PXMD","-1931570","0.0005","United States"
"10495","Boxlight","BOXL","-2011000","6.05","United States"
"10496","AquaBounty Technologies","AQB","-2126430","1.29","United States"
"10497","Game Your Game","GYGY","-2338970","1.3","United States"
"10498","AIAI Holdings Corporation","AIAI","-2395000","3.94","United States"
"10499","Energys Group","ENGS","-2461320","2.93","United Kingdom"
"10500","Kidpik","PIK","-2467880","2.38","United States"
"10501","All in! Games","ALG.WA","-2473920","0.201653","Poland"
"10502","Vaccinex","VCNX","-2488000","0.72","United States"
"10503","LightInTheBox Holding","LITB","-2793000","3.092","Singapore"
"10504","Avant Technologies Inc.","AVAI","-2794490","0.113","United States"
"10505","Lakewood-Amedex Biotherapeutics","LABT","-2841650","2.45","United States"
"10506","Nymox Pharmaceutical","NYMX","-2877000","0.2","Bahamas"
"10507","AMASS Brands Inc.","AMSS","-2928600","0.98","United States"
"10508","Wearable Health Solutions","WHSI","-3092620","0.0001","United States"
"10509","Travelzoo","TZOO","-3155000","6.78","United States"
"10510","Lee Enterprises","LEE","-3164000","8.27","United States"
"10511","OKYO Pharma","OKYO","-3415310","1.55","United Kingdom"
"10512","OBOOK Holdings Inc. (OwlTing)","OWLS","-3577780","5.52","Taiwan"
"10513","CMON","1792.HK","-3592000","0.177752","Singapore"
"10514","IM Cannabis","IMCC","-3685560","0.1114","Israel"
"10515","Cardlytics","CDLX","-4003000","4.13","United States"
"10516","Mayar Holding Company","9568.SR","-4143540","0.932215","Saudi Arabia"
"10517","EUDA Health","EUDA","-4267520","0.3661","Singapore"
"10518","Gaming Technologies (Gametech)","GMGT","-4467330","0.0006","United States"
"10519","BRAIN Biotech","BNN.DE","-4479220","3.29875","Germany"
"10520","G Medical Innovations","GMVD","-4571000","0.181","Israel"
"10521","Know Labs","KNW","-4792200","2.24","United States"
"10522","Oncolytics Biotech","ONCY","-5130000","0.8556","Canada"
"10523","TELA Bio","TELA","-5201000","0.6911","United States"
"10524","Full House Resorts","FLL","-5350000","2.18","United States"
"10525","Mercer International","MERC","-5538000","0.413","Canada"
"10526","Mauna Kea Technologies","ALMKT.PA","-5662200","0.186502","France"
"10527","electroCore","ECOR","-5688000","10.35","United States"
"10528","Crossject","ALCJ.PA","-5725630","1.80674","France"
"10529","Amoéba S.A.","ALMIB.PA","-6298020","0.813615","France"
"10530","Stryve Foods","SNAX","-6377710","0.0011","United States"
"10531","PyroGenesis Canada","PYR.TO","-6490800","0.147673","Canada"
"10532","Qatari German Company for Medical Devices","QGMD.QA","-6582150","0.370604","Qatar"
"10533","Viracta Therapeutics","VIRX","-6617000","0.00978","United States"
"10534","Widam Food Company","WDAM.QA","-6629310","0.389011","Qatar"
"10535","Idaho Copper Corporation","COPR","-6718360","3.2","United States"
"10536","Trustpilot Group","TRST.L","-6730000","3.91842","Denmark"
"10537","NGL Energy Partners","NGL","-6741000","17.51","United States"
"10538","FreeCast, Inc.","CAST","-6996230","1.51","United States"
"10539","IMC Rare Earths","IMC","-7093580","11.11","Brazil"
"10540","Airship AI","AISP","-7201110","2.13","United States"
"10541","FC Porto","FCP.LS","-7329140","3.33372","Portugal"
"10542","MakeMyTrip","MMYT","-7352000","59.16","India"
"10543","Iterum Therapeutics","ITRM","-7381000","0.03","Ireland"
"10544","The Arena Group","AREN","-7419000","0.918","United States"
"10545","Hallmark Financial Services","HALL","-7768000","0.08","United States"
"10546","Alkaline Water Company","WTER","-8074810","0.028","United States"
"10547","Predilife","ALPRE.PA","-8121100","1.29386","France"
"10548","Solidion Technology","STI","-8268590","7.325","United States"
"10549","Adlai Nortye","ANL","-8322000","15.06","Cayman Islands"
"10550","ChargePoint","CHPT","-9102000","5.95","United States"
"10551","Kyntra Bio","KYNB","-9290000","8.105","United States"
"10552","Lunai Bioworks","LNAI","-9553430","2.4","United States"
"10553","Direct Digital Holdings","DRCT","-9721000","2.34","United States"
"10554","ToughBuilt Industries","TBLT","-9721030","0.011","United States"
"10555","Tevogen Bio","TVGN","-9842160","0.1551","United States"
"10556","Bakhu Holdings","BKUH","-10227900","0.02","United States"
"10557","Kuuhubb","KUU.V","-10686500","0.01","Canada"
"10558","Insight Molecular Diagnostics","IMDX","-10691000","4.3","United States"
"10559","Lyra Therapeutics","LYRA","-10717000","0.25","United States"
"10560","OS Therapies","OSTX","-10824200","1.65","United States"
"10561","Regis Healthcare","REG.AX","-11001200","4.41747","Australia"
"10562","BrainStorm Cell Therapeutics","BCLI","-11009000","1.2","United States"
"10563","Syros Pharmaceuticals","SYRS","-11123000","0.0001","United States"
"10564","SolarMax Technology","SMXT","-11408000","3.11","United States"
"10565","Impac Mortgage Holdings","IMPM","-11603000","0.01","United States"
"10566","T2 Biosystems","TTOO","-11710000","0.001","United States"
"10567","Akanda","AKAN","-11990400","4.24","United Kingdom"
"10568","Loop Industries","LOOP","-12018000","0.5919","Canada"
"10569","Cyabra, Inc.","CYAB","-12048000","0.305","United States"
"10570","LiveOne","LVO","-12392000","3.8","United States"
"10571","Inspired Entertainment","INSE","-12400000","5.85","United States"
"10572","Aeva Technologies","AEVA","-12409000","15.79","United States"
"10573","Workiva","WK","-12615000","74.5","United States"
"10574","MiNK Therapeutics","INKT","-12686000","11.79","United States"
"10575","ADS-TEC Energy","ADSE","-12712900","11.4","Ireland"
"10576","Newron Pharmaceuticals","NWRN.SW","-13080600","15.4646","Italy"
"10577","VERSES AI","VERS.NE","-13197800","0.273736","Canada"
"10578","Tessellis","TSL.MI","-13295900","0.110269","Italy"
"10579","NRx Pharmaceuticals","NRXP","-13816000","3.46","United States"
"10580","CPI Card Group","PMTS","-14010000","28.41","United States"
"10581","Nathan's Famous","NATH","-14223000","97.68","United States"
"10582","Exyn Technologies","EXYN","-14322800","4","United States"
"10583","Marpai","MRAI","-14496000","2.25","United States"
"10584","Staffing 360 Solutions","STAF","-14635000","1.615","United States"
"10585","Santhera Pharmaceuticals","SANN.SW","-14924800","19.61","Switzerland"
"10586","Charlotte's Web","CWEB.TO","-15041000","0.331364","United States"
"10587","Wellgistics Health","WGRX","-15062400","3.52","United States"
"10588","DataMEDS AI","MEDS","-15062400","1.335","United States"
"10589","Jaguar Health","JAGX","-15752000","0.9194","United States"
"10590","RideNow Group","RDNW","-16200000","5.92","United States"
"10591","Ispire Technology","ISPR","-16204400","1.47","United States"
"10592","The Oncology Institute","TOI","-16285000","5.13","United States"
"10593","Vertical Aerospace","EVTL","-16307800","0.7501","United Kingdom"
"10594","Heidelberg Pharma","HPHA.DE","-16564100","2.91409","Germany"
"10595","Leafly Holdings","LFLY","-16683000","37","United States"
"10596","AEON Biopharma","AEON","-16752000","0.2515","United States"
"10597","Cryo-Cell International","CCEL","-17757500","4.25","United States"
"10598","Advent Technologies","ADN","-17783000","0.9185","United States"
"10599","Sangamo Therapeutics","SGMO","-18955000","0.074","United States"
"10600","Esports Entertainment","GMBL","-19574600","0.09","Malta"
"10601","KalVista Pharmaceuticals","KALV","-19652000","27","United States"
"10602","Snail Inc","SNAL","-19721100","2.96","China"
"10603","Delek Logistics Partners","DKL","-20153000","54.69","United States"
"10604","MDxHealth","MDXH","-20229000","0.7561","Belgium"
"10605","Inhibrx Biosciences","INBX","-21035000","125.34","United States"
"10606","Solocal Group","LOCAL.PA","-21071100","4.84905","France"
"10607","Beyond Meat","BYND","-21083000","14.25","United States"
"10608","NextNRG","NXXT","-22048100","0.2379","United States"
"10609","Rimini Street","RMNI","-22566000","5.15","United States"
"10610","Borealis Foods","BRLS","-22702900","1.25","Canada"
"10611","AVITA Medical","RCEL","-23166000","10.59","United States"
"10612","Trevena","TRVN","-23309000","0.011","United States"
"10613","IHS Towers","IHS","-23700000","8.36","United Kingdom"
"10614","SurgePays","SURG","-23868000","0.1742","United States"
"10615","Century Casinos","CNTY","-24293000","1.25","United States"
"10616","H&amp;R Block","HRB","-24372000","52.67","United States"
"10617","STV Group plc","STVG.L","-24375600","1.46058","United Kingdom"
"10618","Lightning eMotors","ZEVY","-24605000","0.0001","United States"
"10619","zSpace","ZSPC","-25377000","0.16","United States"
"10620","Reading International","RDI","-25387000","1.94","United States"
"10621","Synergy CHC","SNYR","-25405200","0.1","United States"
"10622","Inseego","INSG","-25415000","4.52","United States"
"10623","Innate Pharma","IPHA","-25496300","2.16","France"
"10624","Satellogic","SATL","-25529000","5.13","United States"
"10625","Lazydays Holdings","GORV","-26302000","0.4211","United States"
"10626","Loop Media","LPTV","-26636900","0.0007","United States"
"10627","iRobot","IRBT","-26885000","0.4664","United States"
"10628","The Metals Company","TMC","-27348000","5.01","Canada"
"10629","Alta Equipment Group","ALTG","-28300000","6.2","United States"
"10630","Lifecore Biomedical","LFCR","-28438000","4.65","United States"
"10631","CASI Pharmaceuticals","CASI","-28592000","0.2075","United States"
"10632","Evolus","EOLS","-28781000","8.78","United States"
"10633","Outlook Therapeutics","OTLK","-28994800","0.6233","United States"
"10634","MediaAlpha","MAX","-29092000","12.67","United States"
"10635","GenSight Biologics","SIGHT.PA","-29300100","0.145705","France"
"10636","Playgon Games","DEAL.V","-30225000","0.00360179","Canada"
"10637","BeyondSpring","BYSI","-30354000","0.69","United States"
"10638","Katapult Holdings","KPLT","-31927000","5.7","United States"
"10639","VolitionRx","VNRX","-33359900","0.3392","United States"
"10640","Rein Therapeutics","RNTX","-33414000","0.8","United States"
"10641","Inventiva Pharma","IVA","-33505600","4.82","France"
"10642","Aquestive Therapeutics","AQST","-34054000","5.39","United States"
"10643","Cambium Networks","CMBM","-35948000","0.401","United States"
"10644","Townsquare Media","TSQ","-36246000","5.85","United States"
"10645","Soltec Power Holdings","SOL.MC","-36268600","0.979135","Spain"
"10646","Wallbox","WBX","-36958200","2.89","Spain"
"10647","BioAtla","BCAB","-37309000","3.12","United States"
"10648","Atara Biotherapeutics","ATRA","-37312000","9.38","United States"
"10649","Winmark","WINA","-37622700","346.07","United States"
"10650","VivoPower","VIVO","-37916000","4.205","United Kingdom"
"10651","Celularity","CELU","-38062000","0.8804","United States"
"10652","EagleRock Land","EROK","-38352000","25.02","United States"
"10653","System1","SST","-39024000","1.85","United States"
"10654","Team Inc","TISI","-39419000","23.01","United States"
"10655","Mesa Air","MESA","-41284000","1.4","United States"
"10656","Median Technologies SA","ALMDT.PA","-41292900","5.23954","France"
"10657","RE/MAX Holdings","RMAX","-41658000","12.36","United States"
"10658","Mettler Toledo","MTD","-41883000","1398.46","United States"
"10659","Real Good Food plc","RGF","-43716000","1.25","United Kingdom"
"10660","Amneal Pharmaceuticals","AMRX","-45969000","17.99","United States"
"10661","Saudi Cable Company","2110.SR","-46027900","47.1967","Saudi Arabia"
"10662","Beasley Broadcast Group","BBGI","-46066600","18.51","United States"
"10663","Sequana Medical","SEQUA.BR","-46175800","0.712204","Belgium"
"10664","Urgent.ly Inc.","ULY","-46448000","5.38","United States"
"10665","Japan Display","6740.T","-46759000","0.294915","Japan"
"10666","Noodles &amp; Company","NDLS","-48043000","14.53","United States"
"10667","4Front Ventures","FFNTF","-48453000","1.0E-5","United States"
"10668","Greenidge Generation Holdings","GREE","-50191000","2.84","United States"
"10669","Solaris Resources","SLSR","-50319000","8.88","Canada"
"10670","LivePerson","LPSN","-51496000","2.71","United States"
"10671","Upexi","UPXI","-51918200","1.06","United States"
"10672","Rent the Runway","RENT","-53300000","3.61","United States"
"10673","Clearside Biomedical","CLSD","-53950000","0.41","United States"
"10674","Mynaric","M0YN.DE","-54484900","0.613256","Germany"
"10675","Brookdale Senior Living","BKD","-54571000","12.2","United States"
"10676","New Fortress Energy","NFE","-55036000","0.289","United States"
"10677","PopReach","INIK.V","-55524000","0.0432214","Canada"
"10678","Remark Holdings","MARK","-55615000","0.0012","United States"
"10679","Blend Labs","BLND","-55913000","1.5","United States"
"10680","Surf Air Mobility","SRFM","-56595000","0.6905","United States"
"10681","MeiraGTx","MGTX","-58130000","14.56","United States"
"10682","Presto Automation","PRST","-58168000","0.0001","United States"
"10683","ShiftPixy","PIXY","-58547000","6.53","United States"
"10684","Appian","APPN","-58967000","38.45","United States"
"10685","MannKind Corp","MNKD","-59195000","4.09","United States"
"10686","Airesis SA","AIRE.SW","-59971100","0.0298641","Switzerland"
"10687","Purple Innovation","PRPL","-60140000","0.2897","United States"
"10688","Shimmick","SHIM","-60485000","4.14","United States"
"10689","Leclanché","LECN.SW","-60789400","0.104752","Switzerland"
"10690","SunPower","SPWR","-61453000","0.2994","United States"
"10691","Pizza Pizza","PZA.TO","-61601500","8.92095","Canada"
"10692","Groupon","GRPN","-62473000","19.06","United States"
"10693","Omeros Corporation","OMER","-63334000","18.22","United States"
"10694","FreightCar America","RAIL","-65278000","7.27","United States"
"10695","Maximum Entertainment","8R7.F","-66231100","0.0284415","Sweden"
"10696","Sutro Biopharma","STRO","-66887000","21.43","United States"
"10697","Marti Technologies","MRT","-67087900","2.17","Turkey"
"10698","GoHealth","GOCO","-68788000","0.305","United States"
"10699","Odyssey Marine Exploration","OMEX","-70846600","0.9032","United States"
"10700","Adaptimmune Therapeutics","ADAP","-70958000","0.0549","United Kingdom"
"10701","Trinity Biotech","TRIB","-71982000","9.59","Ireland"
"10702","flyExclusive","FLYX","-72511000","1.3","United States"
"10703","Skillsoft","SKIL","-72815000","6.86","United States"
"10704","Moonpig Group","MOON.L","-73755000","3.88038","United Kingdom"
"10705","GCT Semiconductor","GCTS","-73936000","1.88","United States"
"10706","Cineplex","CGX.TO","-74822500","9.00447","Canada"
"10707","Ascend Wellness (AWH)","AAWH","-75767000","0.431","United States"
"10708","Standard Nuclear","STDN","-76321200","13.7","United States"
"10709","Foghorn Therapeutics","FHTX","-76408000","6.69","United States"
"10710","Boohoo Group","DEBS.L","-77419500","0.294561","United Kingdom"
"10711","TeraWulf","WULF","-77620000","15.97","United States"
"10712","Evofem Biosciences","EVFM","-77630000","0.008","United States"
"10713","Allurion Technologies","ALUR","-77910000","1.75","United States"
"10714","Hydrofarm","HYFM","-78135000","0.8762","United States"
"10715","Braveheart Bio","BRVE","-78392000","27.76","United States"
"10716","HUB Cyber Security","HUBC","-80817000","0.765","Israel"
"10717","Priority Technology Holdings","PRTH","-81836000","5.61","United States"
"10718","ZipRecruiter","ZIP","-83764000","4.31","United States"
"10719","NextNav","NN","-89967000","15.39","United States"
"10720","GDEV Inc.","GDEV","-90564000","10.99","Cyprus"
"10721","Ocean Biomedical","OCEA","-92399000","0.0017","United States"
"10722","Martin Midstream Partners","MMLP","-92709000","2.22","United States"
"10723","Wild Bunch","WBAH.F","-93478500","23.6783","Germany"
"10724","Mobico Group","MCG.L","-93917300","0.325267","United Kingdom"
"10725","Maternus-Kliniken","MAK.DE","-94670300","1.07239","Germany"
"10726","Fervo Energy Company","FRVO","-94957000","15.44","United States"
"10727","Vivid Seats","SEAT","-95392000","6.87","United States"
"10728","Omaxe","OMAXE.NS","-95478100","1.18728","India"
"10729","Clipper Realty","CLPR","-95524000","3.36","United States"
"10730","KLX Energy Services","KLXE","-96100000","1.55","United States"
"10731","Spencer's Retail","SPENCERS.NS","-97655000","0.311092","India"
"10732","Nanobiotix","NBTX","-99244600","44.5","France"
"10733","Tubos Reunidos","TRG.MC","-101065000","0.167893","Spain"
"10734","Wix.com","WIX","-102427000","82.29","Israel"
"10735","Cogent Communications","CCOI","-104162000","10.05","United States"
"10736","Xiao-I","AIXI","-104864000","0.8046","China"
"10737","BioXcel Therapeutics","BTAI","-105543000","0.78","United States"
"10738","Red Robin","RRGB","-106655000","10.09","United States"
"10739","The Children's Place","PLCE","-107233000","2.67","United States"
"10740","USD Partners","USDP","-108882000","0.0002","United States"
"10741","CrossAmerica Partners","CAPL","-109434000","23.29","United States"
"10742","Altisource Portfolio Solutions","ASPS","-109642000","5.69","Luxembourg"
"10743","The InterGroup Corporation","INTG","-113943000","34.27","United States"
"10744","Seaport Therapeutics","SPTX","-115621000","27.84","United States"
"10745","Cooper Standard","CPS","-123484000","26.54","United States"
"10746","UroGen Pharma","URGN","-124253000","45.94","United States"
"10747","Attovia Therapeutics","ATTO","-125515000","0","United States"
"10748","NaaS Technology","NAAS","-127596000","3.21","China"
"10749","Galectin Therapeutics","GALT","-130237000","4.15","United States"
"10750","P3 Health Partners","PIII","-133167000","9.92","United States"
"10751","Wolford","WOL.VI","-134664000","2.54109","Austria"
"10752","Jushi Holdings","JUSHF","-134799000","0.41193","United States"
"10753","Merlin, Inc.","MRLN","-139113000","3.32","United States"
"10754","HP","HPQ","-144000000","29.52","United States"
"10755","Indivior PLC","INDV","-144000000","35.825","United States"
"10756","Novavax","NVAX","-144762000","9.21","United States"
"10757","Cartesian Therapeutics","RNAC","-148118000","10.19","United States"
"10758","Securitize Corp.","SECZ","-148673000","6.8","United States"
"10759","Vor Biopharma","VOR","-150424000","23.67","United States"
"10760","BlossomHill Therapeutics","BLSM","-152120000","18.46","United States"
"10761","The Cannabist Company","CBSTF","-152949000","0.0291","United States"
"10762","SCHMID Group","SHMD","-155258000","3.17","Germany"
"10763","Lindblad Expeditions","LIND","-156827000","31.19","United States"
"10764","Scribe Therapeutics","SCTX","-158738000","31.7","United States"
"10765","Enviva","EVA","-160498000","0.4198","United States"
"10766","MEP Infrastructure","MEP.NS","-160576000","0.00743689","India"
"10767","Southland Holdings","SLND","-160639000","0.72","United States"
"10768","Gossamer Bio","GOSS","-161483000","0.1739","United States"
"10769","Future Retail","FRETAIL.NS","-164390000","0.0238818","India"
"10770","GMR Airports","GMRAIRPORT.NS","-165714000","1.03561","India"
"10771","Mobia Medical, Inc.","MOBI","-167748000","11.65","United States"
"10772","Opthea","OPT","-168705000","3.41","Australia"
"10773","ATI Physical Therapy","ATIP","-171372000","0.675","United States"
"10774","Babcock &amp; Wilcox","BW","-172095000","7.53","United States"
"10775","Local Bounti","LOCL","-178021000","0.9908","United States"
"10776","Alamar Biosciences","ALMR","-178071000","34.08","United States"
"10777","PTC Therapeutics","PTCT","-180465000","72.69","United States"
"10778","Guardant Health","GH","-181073000","170.92","United States"
"10779","Tucows","TCX","-181328000","9.09","Canada"
"10780","Domo, Inc.","DOMO","-186295000","3.78","United States"
"10781","KORE Group","KORE","-191505000","9.25","United States"
"10782","TH International (Tims China)","THCH","-192312000","1.22","China"
"10783","Eagle Football Group","EFG.PA","-192846000","2.07483","France"
"10784","Cerebras Systems","CBRS","-194682000","182.15","United States"
"10785","Hemab Therapeutics Holdings","COAG","-198618000","49.19","United States"
"10786","Quantum Corporation","QMCO","-198857000","23.21","United States"
"10787","Csquare, Inc.","CSQR","-204009000","20.49","United States"
"10788","Goosehead Insurance","GSHD","-204185000","71.31","United States"
"10789","Torrid Holding","CURV","-211920000","2.19","United States"
"10790","Neptune Insurance Holdings","NP","-213358000","34.2","United States"
"10791","ADC Therapeutics","ADCT","-216377000","1.05","Switzerland"
"10792","Ironwood Pharmaceuticals","IRWD","-217144000","4.29","United States"
"10793","Match Group","MTCH","-218117000","42.07","United States"
"10794","W&amp;T Offshore","WTI","-221754000","3.57","United States"
"10795","MarketWise","MKTW","-226894000","17.71","United States"
"10796","Agenus","AGEN","-227983000","8.25","United States"
"10797","Lucky Strike Entertainment","LUCK","-228346000","6.74","United States"
"10798","Ultragenyx Pharmaceutical","RARE","-229000000","26.44","United States"
"10799","Claritev","CTEV","-234414000","37.57","United States"
"10800","Rockpoint Gas Storage","RGSI.TO","-238800000","18.9166","Canada"
"10801","INNOVATE Corp.","VATE","-241700000","7.66","United States"
"10802","Peloton","PTON","-241900000","5.36","United States"
"10803","NantHealth","NHIQ","-250175000","0.012","United States"
"10804","Latigo Biotherapeutics","LTGO","-252579000","24.13","United States"
"10805","Cutera","CUTR","-252874000","0.0969","United States"
"10806","Tullow Oil","TLW.L","-252900000","0.257333","United Kingdom"
"10807","Minerva Neurosciences","NERV","-254014000","5.43","United States"
"10808","Scilex Holding","SCLX","-254070000","5.61","United States"
"10809","ECARX Holdings","ECX","-259900000","1.05","China"
"10810","Avalyn Pharma","AVLN","-264245000","37.04","United States"
"10811","Karyopharm Therapeutics","KPTI","-265646000","1.96","United States"
"10812","Stem, Inc","STEM","-265881000","5.66","United States"
"10813","Deezer","DEEZR.PA","-272938000","1.3638","France"
"10814","Youdao","DAO","-275836000","16.79","China"
"10815","PREIT (Pennsylvania Real Estate Investment Trust)","PRET","-276090000","0.4974","United States"
"10816","Lavoro","LVRO","-279106000","0.304","Brazil"
"10817","Alvotech","ALVO","-282312000","4.91","Iceland"
"10818","Norse Atlantic ASA","NORSE.OL","-283765000","0.0340139","Norway"
"10819","Unisys","UIS","-284500000","2.61","United States"
"10820","ScottsMiracle-Gro","SMG","-286500000","61.35","United States"
"10821","Dine Brands Global","DIN","-290000000","35.21","United States"
"10822","Madison Square Garden Sports","MSGS","-295450000","398.45","United States"
"10823","Liberty Live Holdings","LLYVA","-295734000","101.84","United States"
"10824","Kardigan, Inc.","KARD","-300626000","21.18","United States"
"10825","GrafTech","EAF","-304433000","6.99","United States"
"10826","Esperion Therapeutics","ESPR","-307931000","3.18","United States"
"10827","Armata Pharmaceuticals","ARMP","-311586000","5.45","United States"
"10828","SpiceJet","SPICEJET.BO","-315393000","0.111868","India"
"10829","Aemetis","AMTX","-321138000","1.88","United States"
"10830","Maxeon Solar Technologies","MAXN","-321646000","0.7593","Singapore"
"10831","Postmedia Network Canada","PNC-A.TO","-325442000","0.662729","Canada"
"10832","Nok Air","NOKPF","-326268000","0.008","Thailand"
"10833","Lanvin Group","LANV","-330887000","1.06","China"
"10834","Phathom Pharmaceuticals","PHAT","-336955000","8.77","United States"
"10835","Soho House & Co","SHCO","-348904000","8.99","United States"
"10836","Lucid Motors","LCID","-351366000","4.95","United States"
"10837","The RealReal","REAL","-359372000","10.93","United States"
"10838","Xponential Fitness","XPOF","-371972000","5.68","United States"
"10839","Duro Felguera","MDF.MC","-396752000","0.300734","Spain"
"10840","Pierre et Vacances","VAC.PA","-401544000","2.17974","France"
"10841","Cenomi Retail (Fawaz Abdulaziz Al Hokair &amp; Company)","4240.SR","-408568000","4.68504","Saudi Arabia"
"10842","Kailera Therapeutics","KLRA","-432088000","18.44","United States"
"10843","Dish TV","DISHTV.NS","-432443000","0.0287001","India"
"10844","Herbalife","HLF","-434200000","12.39","United States"
"10845","Papa John's Pizza","PZZA","-437446000","23.61","United States"
"10846","Ashford Hospitality Trust","AHT","-438734000","3.34","United States"
"10847","Yellow Corporation","YELLQ","-447800000","0.0102","United States"
"10848","Cimpress","CMPR","-453897000","87.25","Ireland"
"10849","REC Silicon","RECSI.OL","-455600000","0.024446","Norway"
"10850","Playtika","PLTK","-463100000","2.41","Israel"
"10851","Accendra Health","ACH","-464765000","1.22","United States"
"10852","Wheels Up","UP","-465691000","5.06","United States"
"10853","Rubrik","RBRK","-481325000","96.13","United States"
"10854","Planet Fitness","PLNT","-482792000","53.29","United States"
"10855","TPI Composites","TPIC","-485437000","0.1271","United States"
"10856","BellRing Brands","BRBR","-497800000","10.79","United States"
"10857","Odyssey Therapeutics","ODTX","-523694000","25.62","United States"
"10858","Virgin Australia","VGN.AX","-535851000","2.01839","Australia"
"10859","Leslie's","LESL","-541326000","0.571","United States"
"10860","Victoria PLC","VCP.L","-553599000","0.736403","United Kingdom"
"10861","BioCryst Pharmaceuticals","BCRX","-553843000","9.83","United States"
"10862","United Parks &amp; Resorts","PRKS","-557229000","43.13","United States"
"10863","GTL Infrastructure","GTLINFRA.NS","-557851000","0.0127789","India"
"10864","Vantiva","VANTI.PA","-568569000","0.107355","France"
"10865","Grupo Aeromexico","AERO","-581000000","14.82","Mexico"
"10866","Jaypee Group","JPASSOCIAT.NS","-596068000","0.0256397","India"
"10867","RingCentral","RNG","-609322000","66.06","United States"
"10868","Enviri Corporation","NVRI","-616561000","23.08","United States"
"10869","Embecta","EMBC","-626100000","4.96","United States"
"10870","Sleep Number","SNBR","-626319000","0.125","United States"
"10871","Coca-Cola Consolidated","COKE","-643470000","194.02","United States"
"10872","Sonder Holdings","SOND","-656746000","0.1263","United States"
"10873","Ardagh Metal Packaging","AMBP","-690000000","5.23","Luxembourg"
"10874","Nutanix","NTNX","-725613000","65.39","United States"
"10875","BayWa","BYW.F","-749900000","10.7472","Germany"
"10876","Energy Resources of Australia","ERA.AX","-780498000","0.00143658","Australia"
"10877","Garrett Motion","GTX","-781000000","27.06","Switzerland"
"10878","Hertz","HTZ","-786000000","2.09","United States"
"10879","Calumet, Inc.","CLMT","-792600000","47.79","United States"
"10880","Wingstop Restaurants","WING","-799172000","112.24","United States"
"10881","Tele Columbus","TC1.HM","-821986000","0.477911","Germany"
"10882","Cytokinetics","CYTK","-826568000","79.2","United States"
"10883","McKesson","MCK","-834000000","896.65","United States"
"10884","Trinseo","TSE","-861600000","0.23","United States"
"10885","Eos Energy Enterprises","EOSE","-868438000","3.34","United States"
"10886","ImmunityBio","IBRX","-869126000","8.25","United States"
"10887","Iron Mountain","IRM","-874648000","121.43","United States"
"10888","Pitney Bowes","PBI","-893572000","17.01","United States"
"10889","Liftoff Mobile","LFTO","-894285000","18.44","United States"
"10890","Melco Resorts &amp; Entertainment","MLCO","-894532000","5.41","Hong Kong"
"10891","Exela Technologies","XELA","-908734000","0.0011","United States"
"10892","Bombardier","BBD-B.TO","-916000000","230.694","Canada"
"10893","Jack in the Box","JACK","-922052000","16.47","United States"
"10894","Atos","ATO.PA","-928036000","33.2207","France"
"10895","Wynn Resorts","WYNN","-942340000","97.17","United States"
"10896","Edenred","EDEN.PA","-960929000","35.4237","France"
"10897","Community Health Systems","CYH","-965000000","2.92","United States"
"10898","Zegona Communications","ZEG.L","-1005960000","22.1193","United Kingdom"
"10899","Sabre","SABR","-1014050000","2.18","United States"
"10900","Travel + Leisure","TNL","-1023000000","73.57","United States"
"10901","Lionsgate Studios","LION","-1049400000","11.52","United States"
"10902","CommScope","COMM","-1066000000","19.58","United States"
"10903","O'Reilly Automotive","ORLY","-1067050000","89.55","United States"
"10904","Bausch Health","BHC","-1082000000","6.51","Canada"
"10905","Bath &amp; Body Works","BBWI","-1131000000","18.9","United States"
"10906","Etsy","ETSY","-1136870000","81.74","United States"
"10907","Z.AI","2513.HK","-1159360000","147.978","China"
"10908","Verisk Analytics","VRSK","-1166900000","187.87","United States"
"10909","Unitech Group","UNITECH.NS","-1206540000","0.0420327","India"
"10910","Rackspace Technology","RXT","-1216700000","3.4","United States"
"10911","McDonald","MCD","-1286000000","266.93","United States"
"10912","X-Energy, Inc.","XE","-1290640000","18.26","United States"
"10913","Core Scientific","CORZ","-1305690000","17.42","United States"
"10914","Lumen Technologies","LUMN","-1317000000","6.09","United States"
"10915","Lotus Technology","LOT","-1330250000","1.19","China"
"10916","Dell","DELL","-1404000000","463.82","United States"
"10917","Idorsia","IDIA.SW","-1475080000","7.09312","Switzerland"
"10918","Wynn Macau","1128.HK","-1735040000","0.729047","Macau"
"10919","Crown Castle","CCI","-1920000000","75.54","United States"
"10920","iHeartMedia","IHRT","-1922020000","2.68","United States"
"10921","AMC Entertainment","AMC","-1926500000","2.645","United States"
"10922","Dropbox","DBX","-2011700000","34.8","United States"
"10923","Srei Infrastructure Finance","SREINFRA.NS","-2054980000","0.03","India"
"10924","Fair Isaac (FICO)","FICO","-2101650000","1133.7","United States"
"10925","Tata Teleservices","TTML.NS","-2137620000","0.383262","India"
"10926","VeriSign","VRSN","-2213400000","292.99","United States"
"10927","BridgeBio Pharma","BBIO","-2268880000","79.37","United States"
"10928","MBIA","MBI","-2278000000","5.01","United States"
"10929","Alok Industries","ALOKINDS.NS","-2302820000","0.107783","India"
"10930","MiniMax Group","0100.HK","-2648190000","40.1327","China"
"10931","Cardinal Health","CAH","-2672000000","238.4","United States"
"10932","InterContinental Hotels Group","IHG","-2736000000","164.58","United Kingdom"
"10933","MSCI","MSCI","-2774100000","564.22","United States"
"10934","AutoZone","AZO","-2784550000","3027.34","United States"
"10935","Wayfair","W","-2842000000","104","United States"
"10936","GOL Airlines","GOLL54.SA","-2936130000","1.85711","Brazil"
"10937","HCA Healthcare","HCA","-2978000000","427.16","United States"
"10938","Braskem","BAK","-3126060000","1.48","Brazil"
"10939","QVC Group","QVCGA","-3154000000","0.34","United States"
"10940","Altria Group","MO","-3161000000","69.12","United States"
"10941","Mahanagar Telephone Nigam","MTNL.NS","-3204790000","0.278098","India"
"10942","Avis Budget Group","CAR","-3282000000","144","United States"
"10943","Clear Channel Outdoor","CCO","-3438350000","2.4","United States"
"10944","Honeywell Aerospace","HONA","-3454000000","164.01","United States"
"10945","VinFast Auto","VFS","-3798260000","3.08","Vietnam"
"10946","Vodafone Idea","IDEA.NS","-3825030000","0.157222","India"
"10947","Domino's Pizza","DPZ","-3906770000","344.56","United States"
"10948","American Airlines","AAL","-4077000000","13.84","United States"
"10949","Marriott International","MAR","-4092000000","358.67","United States"
"10950","SBA Communications","SBAC","-4665900000","185.98","United States"
"10951","Polestar","PSNY","-5122220000","12.4","Sweden"
"10952","Optimum Communications","OPTU","-5170410000","1.08","United States"
"10953","Otis Worldwide","OTIS","-5435000000","72.36","United States"
"10954","Hilton Worldwide","HLT","-5867000000","332.56","United States"
"10955","AbbVie","ABBV","-6612000000","262.9","United States"
"10956","Yum! Brands","YUM","-7283000000","154.41","United States"
"10957","Philip Morris International","PM","-7300000000","194.1","United States"
"10958","Starbucks","SBUX","-8457700000","108.49","United States"
"10959","Booking Holdings (Booking.com)","BKNG","-8724000000","208.89","United States"
"10960","Lowe's Companies","LOW","-9270000000","214.6","United States"
"10961","TransDigm Group","TDG","-9394000000","1207.06","United States"
"10962","Reliance Communications","RCOM.NS","-10971900000","0.00858909","India"
"10963","Allied Esports","AESE","","1.3899","United States"
"10964","First National Financial","FN.TO","","35.0708","Canada"
"10965","VIP Gloves","VIP.AX","","0.00215486","Malaysia"
"10966","Central Puerto","CEPU","","13.71","Argentina"
"10967","The Tinplate Company Of India","TINPLATE.NS","","4.50927","India"
"10968","Hindustan Sanitaryware &amp; Industries","HSIL.NS","","3.77","India"
"10969","Ebixcash India","EBIXFOREX.NS","","7.31","India"
"10970","SCB (Siam Commercial Bank)","SCB.BK","","4.63556","Thailand"
"10971","Jump Networks","JUMPNET.NS","","0.12","India"
"10972","Pershing Square Holdings","PSHZF","","56.685","United States"
"10973","Greene Concepts","INKW","","0.0059","United States"
"10974","UmweltBank","UBK.DE","","4.45273","Germany"
"10975","Placoplatre","MLPLC.PA","","746.008","France"
"10976","Grayscale Bitcoin Trust","GBTC","","59.34","United States"
"10977","Banque nationale de Belgique","BNB.BR","","439.907","Belgium"
"10978","Pestech Cambodia","PEPC.KH","","0.64","Cambodia"
"10979","ACLEDA Bank","ABC.KH","","2.23","Cambodia"
"10980","Sihanoukville Autonomous Port","PAS.KH","","3.9","Cambodia"
"10981","Phnom Penh Water Supply Authority","PWSA.KH","","1.67","Cambodia"
"10982","Grand Twins International Cambodia","GTI.KH","","2","Cambodia"
"10983","Phnom Penh Autonomous Port","PPAP.KH","","3.36","Cambodia"
"10984","Phnom Penh SEZ","PPSP.KH","","0.36","Cambodia"
"10985","Sozap","SOZAP.ST","","0.0270876","Sweden"
"10986","International Holding Company","IHC.AE","","101.84","United Arab Emirates"
"10987","Alpha Dhabi","ALPHADHABI.AE","","2.09","United Arab Emirates"
"10988","Multiply Group","MULTIPLY.AE","","0.56","United Arab Emirates"
"10989","Ghitha","GHITHA.AE","","3.13","United Arab Emirates"
"10990","TAQA","TAQA.AE","","0.72","United Arab Emirates"
"10991","Emirates Telecom (Etisalat Group)","EAND.AE","","5.87","United Arab Emirates"
"10992","First Abu Dhabi Bank","FAB.AE","","5.33","United Arab Emirates"
"10993","Borouge","BOROUGE.AE","","0.66","United Arab Emirates"
"10994","Abu Dhabi Commercial Bank (ADCB)","ADCB.AE","","4.18","United Arab Emirates"
"10995","Abu Dhabi National Oil Company (ADNOC)","ADNOCDIST.AE","","1.1","United Arab Emirates"
"10996","ADNOC Drilling Company","ADNOCDRILL.AE","","1.62","United Arab Emirates"
"10997","Al Dar Properties","ALDAR.AE","","2.13","United Arab Emirates"
"10998","Fertiglobe","FERTIGLB.AE","","0.71","United Arab Emirates"
"10999","Abu Dhabi Islamic Bank (ADIB)","ADIB.AE","","6.39","United Arab Emirates"
"11000","Abu Dhabi Ports","ADPORTS.AE","","1.65","United Arab Emirates"
"11001","Americana Restaurants International","AMR.AE","","0.64","United Arab Emirates"
"11002","Ooredoo","ORDS.AE","","3.39","United Arab Emirates"
"11003","National Marine Dredging","NMDC.AE","","6.5","United Arab Emirates"
"11004","Burjeel Holdings","BURJEEL.AE","","0.35","United Arab Emirates"
"11005","ADNOC Gas","ADNOCGAS.AE","","0.87","United Arab Emirates"
"11006","MBME GROUP","MBME.AE","","2.94","United Arab Emirates"
"11007","ADNOC Logistics &amp; Services","ADNOCLS.AE","","1.82","United Arab Emirates"
"11008","Presight AI","PRESIGHT.AE","","1.02","United Arab Emirates"
"11009","Abu Dhabi National Hotels","ADNH.AE","","0.11","United Arab Emirates"
"11010","National Bank of Fujairah","NBF.AE","","1.29","United Arab Emirates"
"11011","EMSTEEL Building Materials PJSC","EMSTEEL.AE","","0.36","United Arab Emirates"
"11012","Al Seer Marine Supplies &amp; Equipment Company","ASM.AE","","1.05","United Arab Emirates"
"11013","Sharjah Islamic Bank","SIB.AE","","0.8","United Arab Emirates"
"11014","Dana Gas","DANA.AE","","0.23","United Arab Emirates"
"11015","Al Yah Satellite Communications Company","YAHSAT.AE","","0.57","United Arab Emirates"
"11016","CAMGSM Plc. (Cellcard)","CGSM.KH","","0.89","Cambodia"
"11017","Mengly J. Quach Education","MJQE.KH","","0.53","Cambodia"
"11018","Sláturfélags Suðurlands","SFS-B.IC","","0.020649","Iceland"
"11019","Al Khazna Insurance","AKIC.AE","","0.06","United Arab Emirates"
"11020","Oman &amp; Emirates Investment Holding Co.","OEIHC.AE","","0.22","Oman"
"11021","BILDCO (Abu Dhabi National Building Materials Co.)","BILDCO.AE","","0.5","United Arab Emirates"
"11022","Methaq Takaful Insurance Compnay","METHAQ.AE","","0.18","United Arab Emirates"
"11023","Insurance House","IH.AE","","0.37","United Arab Emirates"
"11024","Fujairah Cement Industries","FCI.AE","","0.13","United Arab Emirates"
"11025","The National Investor PRJSC","TNI.AE","","0.16","United Arab Emirates"
"11026","Gulf Cement","GCEM.AE","","0.31","United Arab Emirates"
"11027","Union Insurance Company","UNION.AE","","0.36","United Arab Emirates"
"11028","Hayah Insurance Company","HAYAH.AE","","0.36","United Arab Emirates"
"11029","Sharjah Insurance","SICO.AE","","0.41","United Arab Emirates"
"11030","Fidelity United insurance","FIDELITYUNITED.AE","","0.44","United Arab Emirates"
"11031","Al Fujairah National Insurance Company","AFNIC.AE","","57.19","United Arab Emirates"
"11032","Aram Group","ARAM.AE","","0.54","United Arab Emirates"
"11033","Fujairah Building Industries","FBI.AE","","0.81","United Arab Emirates"
"11034","AL KHALEEJ Investment","KICO.AE","","1.26","United Arab Emirates"
"11035","Sawaeed Holding","SAWAEED.AE","","1.85","United Arab Emirates"
"11036","Hily Holding","HH.AE","","0.68","United Arab Emirates"
"11037","Sudatel Telecommunications Group","SUDATEL.AE","","0.15","Sudan"
"11038","Sharjah Cement and Industrial Development","SCIDC.AE","","0.39","United Arab Emirates"
"11039","Foodco National Foodstuff","FNF.AE","","0.37","United Arab Emirates"
"11040","Umm Al Qaiwain General Investment","QIC.AE","","0.39","United Arab Emirates"
"11041","Al Dhafra Insurance","DHAFRA.AE","","2.44","United Arab Emirates"
"11042","Ras Alkhaima National Insurance","RAKNIC.AE","","0.82","United Arab Emirates"
"11043","Abu Dhabi National Takaful","TKFL.AE","","1.63","United Arab Emirates"
"11044","Al Ain Alahlia Insurance","ALAIN.AE","","8.58","United Arab Emirates"
"11045","RAK Co. for White Cement &amp; Construction Materials","RAKWCT.AE","","0.27","United Arab Emirates"
"11046","Finance House","FH.AE","","0.56","United Arab Emirates"
"11047","Al Buhaira National Insurance Company","ABNIC.AE","","0.7","United Arab Emirates"
"11048","Abu Dhabi Ship Building","ADSB.AE","","2.28","United Arab Emirates"
"11049","Response Plus Holding","RPM.AE","","0.56","United Arab Emirates"
"11050","Manazel","MANAZEL.AE","","0.09","United Arab Emirates"
"11051","Easy Lease Motorcycle Rental","EASYLEASE.AE","","5.36","United Arab Emirates"
"11052","Emirates Insurance Company","EIC.AE","","2.2","United Arab Emirates"
"11053","Al Wathba National Insurance","AWNIC.AE","","0.89","United Arab Emirates"
"11054","Eshraq Investments","ESHRAQ.AE","","0.16","United Arab Emirates"
"11055","Gulf Pharmaceutical Industries","JULPHAR.AE","","0.29","United Arab Emirates"
"11056","Gulf Medical Projects Company","GMPC.AE","","0.63","United Arab Emirates"
"11057","Bank of Sharjah","BOS.AE","","0.37","United Arab Emirates"
"11058","Palms Sports","PALMS.AE","","2.07","United Arab Emirates"
"11059","Emirates Stallions Group (ESG)","ESG.AE","","3.1","United Arab Emirates"
"11060","E7 Group PJSC","E7.AE","","0.26","United Arab Emirates"
"11061","RAK Properties","RAKPROP.AE","","0.29","United Arab Emirates"
"11062","United Arab Bank","UAB.AE","","0.35","United Arab Emirates"
"11063","RAK Ceramics","RAKCEC.AE","","0.64","United Arab Emirates"
"11064","National Corporation for Tourism &amp; Hotels","NCTH.AE","","0.39","United Arab Emirates"
"11065","Invictus Investment Company","INVICTUS.AE","","0.4","United Arab Emirates"
"11066","Abu Dhabi Aviation","ADAVIATION.AE","","1.42","United Arab Emirates"
"11067","Emirates Driving Company","DRIVE.AE","","0.99","United Arab Emirates"
"11068","Waha Capital Company","WAHA.AE","","0.53","United Arab Emirates"
"11069","Abu Dhabi National Insurance Company","ADNIC.AE","","1.9","United Arab Emirates"
"11070","National Bank of Umm Al Qaiwain","NBQ.AE","","0.77","United Arab Emirates"
"11071","Agthia Group","AGTHIA.AE","","0.89","United Arab Emirates"
"11072","Investcorp Capital","ICAP.AE","","0.44","United Arab Emirates"
"11073","Apex Investment","APEX.AE","","0.96","United Arab Emirates"
"11074","Anan Investment Holding","ANAN.AE","","0.31","United Arab Emirates"
"11075","RAKBANK (The National Bank of Ras Al Khaimah)","RAKBANK.AE","","2.7","United Arab Emirates"
"11076","Phoenix Group","PHX.AE","","0.16","United Arab Emirates"
"11077","Pure Health Holding","PUREHEALTH.AE","","0.72","United Arab Emirates"
"11078","RAPCO Investment","RAPCO.AE","","0.62","United Arab Emirates"
"11079","Bank Muscat","BKMB.OM","","1.05974","Oman"
"11080","Omantel (Oman Telecom)","OTEL.OM","","3.55844","Oman"
"11081","OQ Gas Network Company","OQGN.OM","","0.579221","Oman"
"11082","Sohar International Bank","BKSB.OM","","0.477922","Oman"
"11083","Bank Dhofar","BKDB.OM","","0.568831","Oman"
"11084","National Bank of Oman","NBOB.OM","","1.27273","Oman"
"11085","Ahlibank","ABOB.OM","","0.558442","Oman"
"11086","HSBC Oman","HBMO.OM","","0.433766","Oman"
"11087","Ominvest","OMVS.OM","","1.04156","Oman"
"11088","Abraj Energy Services","ABRJ.OM","","1.06234","Oman"
"11089","Bank Nizwa","BKNZ.OM","","0.376623","Oman"
"11090","Ooredoo Oman","ORDS.OM","","0.825974","Oman"
"11091","Oman Cables Industry","OCAI.OM","","8.83117","Oman"
"11092","Oman Arab Bank","OAB.OM","","0.672727","Oman"
"11093","Oman Cement Company","OCOI.OM","","1.54286","Oman"
"11094","Liva Group","LIVA.OM","","0.909091","Oman"
"11095","Sembcorp Salalah Power & Water Company","SSPW.OM","","0.662338","Oman"
"11096","Renaissance Services","RNSS.OM","","0.714286","Oman"
"11097","National Finance","NFCI.OM","","0.550649","Oman"
"11098","Phoenix Power Company","PHPC.OM","","0.72987","Oman"
"11099","Dhofar International Development &amp; Investment Holding","DIDI.OM","","0.716883","Oman"
"11100","Al-Maha Petroleum","MHAS.OM","","3.11688","Oman"
"11101","Shell Oman Marketing Company","SOMS.OM","","1.96104","Oman"
"11102","Oman Flour Mills","OFMI.OM","","1.50649","Oman"
"11103","Oman Refreshment Company (Pepsi Oman)","ORCI.OM","","2.85714","Oman"
"11104","The Pearl REIF","PRFD.OM","","0.477922","Oman"
"11105","Batelco (Bahrain Telecommunication Company)","BEYON.BH","","1.46427","Bahrain"
"11106","United Gulf Holding Company","UGH.BH","","0.583585","Bahrain"
"11107","APM Terminals Bahrain","APMTB.BH","","2.4935","Bahrain"
"11108","Oman Reinsurance","ORIC.OM","","0.220779","Oman"
"11109","Taageer Finance","TFCI.OM","","0.293507","Oman"
"11110","Oman Education and Training Investments (OETI)","OETI.OM","","4.67532","Oman"
"11111","OQIC Oman Qatar Insurance Company","OQIC.OM","","0.441558","Oman"
"11112","Al Jazeera Steel Products","ATMI.OM","","2.33507","Oman"
"11113","Galfar Engineering and Contracting","GECS.OM","","0.384416","Oman"
"11114","A'Saffa Foods","SPFI.OM","","1.94805","Oman"
"11115","Oman Chlorine","OCHL.OM","","0.405195","Oman"
"11116","Al Suwadi Power","SUWP.OM","","0.477922","Oman"
"11117","SMN Power Company","SMNP.OM","","0.493507","Oman"
"11118","Salalah Port Services Company","SPSI.OM","","1.23636","Oman"
"11119","Oman Oil Marketing Company (oomco)","OOMS.OM","","3.11688","Oman"
"11120","Al Batinah Power","BATP.OM","","0.477922","Oman"
"11121","Al Omaniya Financial Services","AOFS.OM","","0.379221","Oman"
"11122","Khaleeji Bank","KHALEEJI.BH","","0.981484","Bahrain"
"11123","Mixed Martial Arts Group Limited (MMA)","MMA","","0.45","Australia"
"11124","Agility Global","AGILITY.AE","","0","United Arab Emirates"
"11125","Oil &amp; Gas Development Company","OGDC.PK","","1.17693","Pakistan"
"11126","Meezan Bank","MEBL.PK","","2.06044","Pakistan"
"11127","Mari Petroleum Company","MARI.PK","","2.41802","Pakistan"
"11128","Nestle Pakistan","NESTLE.PK","","27.0861","Pakistan"
"11129","Pakistan Petroleum","PPL.PK","","0.866156","Pakistan"
"11130","United Bank (Pakistan)","UBL.PK","","1.65508","Pakistan"
"11131","Colgate-Palmolive (Pakistan)","COLG.PK","","4.39744","Pakistan"
"11132","Pakistan Tobacco Company","PAKT.PK","","4.99844","Pakistan"
"11133","MCB Bank Pakistan","MCB.PK","","1.45442","Pakistan"
"11134","Lucky Cement","LUCK.PK","","1.60419","Pakistan"
"11135","Standard Chartered Bank (Pakistan)","SCBPL.PK","","0.243426","Pakistan"
"11136","Engro Fertilizers","EFERT.PK","","0.667301","Pakistan"
"11137","The Hub Power Company","HUBC.PK","","0.765104","Pakistan"
"11138","Fauji Fertilizer Company","FFC.PK","","1.98667","Pakistan"
"11139","Habib Bank","HBL.PK","","1.15758","Pakistan"
"11140","Engro Corporation","ENGRO.PK","","1.75173","Pakistan"
"11141","Pakistan Oilfields Limited","POL.PK","","2.71558","Pakistan"
"11142","Bestway Cement","BWCL.PK","","1.7522","Pakistan"
"11143","K-Electric","KEL.PK","","0.0258042","Pakistan"
"11144","Allied Bank (Pakistan)","ABL.PK","","0.62291","Pakistan"
"11145","Bank AL Habib","BAHL.PK","","0.606345","Pakistan"
"11146","IFL (Ibrahim Fibres)","IBFL.PK","","0.957283","Pakistan"
"11147","Millat Tractors","MTL.PK","","1.0863","Pakistan"
"11148","Al Anwar Ceramic Tiles","AACT.OM","","0.358442","Oman"
"11149","Raysut Cement","RCCI.OM","","0.449351","Oman"
"11150","Oman United Insurance","OUIC.OM","","0.831169","Oman"
"11151","Voltamp Energy","VOES.OM","","0.446753","Oman"
"11152","Alef Education","ALEFEDT.AE","","0.26","United Arab Emirates"
"11153","Banader Hotels Company","BANADER.BH","","0.695145","Bahrain"
"11154","National Hotels Company (Bahrain)","NHOTEL.BH","","0.504006","Bahrain"
"11155","Systems Limited (Pakistan)","SYS.PK","","0.444699","Pakistan"
"11156","Unilever Pakistan Foods","UPFL.PK","","91.282","Pakistan"
"11157","Fatima Fertilizer","FATIMA.PK","","0.564914","Pakistan"
"11158","Bank Alfalah","BAFL.PK","","0.207841","Pakistan"
"11159","Interloop","ILP.PK","","0.362703","Pakistan"
"11160","Ismail Industries","ISIL.PK","","6.85346","Pakistan"
"11161","Lucky Core Industries (LCI)","LCI.PK","","0.808051","Pakistan"
"11162","Faysal Bank","FABL.PK","","0.349313","Pakistan"
"11163","National Bank of Pakistan","NBP.PK","","0.697869","Pakistan"
"11164","Pakistan State Oil Company","PSO.PK","","1.31569","Pakistan"
"11165","Dawood Hercules Corporation","DAWH.PK","","0.993481","Pakistan"
"11166","Habib Metropolitan Bank","HMB.PK","","0.368044","Pakistan"
"11167","Abbott Laboratories (Pakistan)","ABOT.PK","","3.36722","Pakistan"
"11168","Rafhan Maize Products Company","RMPL.PK","","33.4914","Pakistan"
"11169","Fauji Cement Company","FCCL.PK","","0.20647","Pakistan"
"11170","Athos Immobilien","ATH.VI","","49.1899","Austria"
"11171","Hutter &amp; Schrantz Stahlbau AG","HST.VI","","32.871","Austria"
"11172","Carasent ASA","CARA.OL","","1.57626","Norway"
"11173","Sultan Center Food Products Company","SULTAN.KW","","0","Kuwait"
"11174","Lassila &amp; Tikanoja Oyj","LAT1V.HE","","9.3635","Finland"
"11175","Héroux-Devtek","HRX.TO","","18.597","Canada"
"11176","Rex Minerals","RXM.AX","","0.295872","Australia"
"11177","Greenthesis S.p.A.","GTH.MI","","2.48305","Italy"
"11178","Relatech S.p.A.","RLT.MI","","2.69088","Italy"
"11179","Defence Tech Holding S.p.A.","DTH.MI","","3.81755","Italy"
"11180","Montepino Logística","MLMTP.PA","","11.8895","Spain"
"11181","Compagnie Du Mont-Blanc","MLCMB.PA","","291.409","France"
"11182","Ecclesiastical Insurance Office plc","ELLA.L","","1.93775","United Kingdom"
"11183","Marlowe plc","MRL.L","","588.911","United Kingdom"
"11184","Stolt-Nielsen Limited","0OHK.L","","32.8984","United Kingdom"
"11185","Eckoh plc","ECK.L","","56.8248","United Kingdom"
"11186","Anexo Group Plc","ANX.L","","80.3296","United Kingdom"
"11187","GBK Beteiligungen AG","GBQ.HM","","6.46929","Germany"
"11188","Nebelhornbahn-Aktiengesellschaft","NHB0.MU","","19.8158","Germany"
"11189","Elbstein AG","EBS.HM","","0.955822","Germany"
"11190","Stock3 AG","BOG.DE","","33.5703","Germany"
"11191","Bertelsmann SE & Co. KGaA","BTG.F","","143.149","Germany"
"11192","SPEEH Hidroelectrica","H2O.RO","","40.9638","Romania"
"11193","Yaoko Co.,Ltd.","8279.T","","65.9184","Japan"
"11194","Chugin Financial Group","5832.T","","21.9178","Japan"
"11195","Nissin Corporation","9066.T","","51.9081","Japan"
"11196","National Gas Company SAOG","NGCI.OM","","0.283117","Oman"
"11197","Gulf International Chemicals","GICI.OM","","0.184416","Oman"
"11198","Muscat Finance","MFCI.OM","","0.174026","Oman"
"11199","Al Maha Ceramics","AMCI.OM","","0.675325","Oman"
"11200","Dhofar Generating Company","DGEN.OM","","0.207792","Oman"
"11201","Al Jazeira Services Co. SAOG","AJSS.OM","","0.662338","Oman"
"11202","Omani Euro Food Industries","OEFI.OM","","2.5974","Oman"
"11203","Dhofar Tourism","DTCS.OM","","2.14805","Oman"
"11204","Al Anwar Investments SAOG","AAIC.OM","","0.485714","Oman"
"11205","Global Financial Investments Holding SAOG","GFIC.OM","","0.883117","Oman"
"11206","Arabia Falcon Insurance Company (AFIC)","AFIC.OM","","0.350649","Oman"
"11207","Oman Chromite Company","OCCI.OM","","9.42857","Oman"
"11208","Majan University College","BACS.OM","","0.358442","Oman"
"11209","Oman National Engineering and Investment Co. (SAOG)","ONES.OM","","0.38961","Oman"
"11210","UBAR Hotels & Resorts SAOG","UBAR.OM","","0.327273","Oman"
"11211","Musandam Power","MSPW.OM","","0.883117","Oman"
"11212","The National Detergent Company SAOG","NDTI.OM","","1.68571","Oman"
"11213","Dhofar Insurance Company SAOG","DICS.OM","","0.883117","Oman"
"11214","Sharqiyah Desalination Company SAOG","SHRQ.OM","","0.444156","Oman"
"11215","Al Madina Investment Holding Co. SAOG","AMII.OM","","0.168831","Oman"
"11216","Takaful Oman Insurance SAOG","TAOI.OM","","0.163636","Oman"
"11217","Dhofar Food & Investment SAOG","DFIN.OM","","0.550649","Oman"
"11218","Bahrain Family Leisure Company","FAMILY.BH","","0.111412","Bahrain"
"11219","United Gulf Investment Corporation","UGIC.BH","","0.968221","Bahrain"
"11220","Bahrain Ship Repairing and Engineering Company","BASREC.BH","","0.0636639","Bahrain"
"11221","Bahrain Flour Mills Company","BFM.BH","","0.326277","Bahrain"
"11222","Al Abraaj Restaurants Group","ABRAAJ.BH","","0.530532","Bahrain"
"11223","Bahrain Cinema Company","CINECO.BH","","2.62613","Bahrain"
"11224","Nass Corporation B.S.C.","NASS.BH","","0.541114","Bahrain"
"11225","SMJ International","SMJF","","11.33","Singapore"
"11226","SPACE42","SPACE42.AE","","0.51","United Arab Emirates"
"11227","National Biscuit Industries","NBII.OM","","15.3273","Oman"
"11228","Muscat Thread Mill","MTMI.OM","","0.584416","Oman"
"11229","Dhofar Beverages and Foodstuff Company","DBCI.OM","","0.472727","Oman"
"11230","Construction Materials Industries","CMII.OM","","0.179221","Oman"
"11231","Alfajar Al Alamia Co. SAOG","AFAI.OM","","1.28312","Oman"
"11232","Muscat Insurance","MCTI.OM","","1.31169","Oman"
"11233","Muscat Gas Company","MGMC.OM","","0.361039","Oman"
"11234","Financial Services Company SAOG","FSCI.OM","","0.623377","Oman"
"11235","Sohar Power Company SAOG","SHPS.OM","","0.571429","Oman"
"11236","Asyad Shipping Company","ASCO.OM","","0.61039","Oman"
"11237","United Finance Co. SAOG","UFCI.OM","","0.228571","Oman"
"11238","Muscat City Desalination Company","MCDE.OM","","0.228571","Oman"
"11239","Gulf Mushroom Products Company SAOG","GMPI.OM","","1.11169","Oman"
"11240","Omani Packaging Company","OPCI.OM","","0.571429","Oman"
"11241","Barka Desalination Company","BRDE.OM","","0.425974","Oman"
"11242","Al Sharqiya Investment Holdings Company","SIHC.OM","","0.257143","Oman"
"11243","National Aluminium Products Company SAOG","NAPI.OM","","0.387013","Oman"
"11244","Atlas Critical Minerals","ATCX","","3.88","Brazil"
"11245","Modon Holding PSC","MODON.AE","","0.77","United Arab Emirates"
"11246","SWI Capital Holding","SWICH.AS","","11.6564","Singapore"
"11247","Saluda Medical","SLD.AX","","0","United States"
"11248","DigiCo Infrastructure REIT","DGT.AX","","1.86036","Australia"
"11249","Samsung Epis Holdings","0126Z0.KS","","279.714","South Korea"
"11250","Valiant Gold","VAL.AX","","0","Australia"
"11251","ASTA Energy Solutions AG","1AST.F","","68.5395","Austria"
"11252","Pershing Square USA","PSUS","","0","United States"
"11253","Centiel","CNTL.SW","","7.7199","Switzerland"
"11254","Giunti Psychometrics","GPSYDD.MI","","0","Italy"
"11255","Le Slip Français","ALLSF.PA","","15.1766","France"
"11256","Pelican Aqua Holding","PLCAN.OL","","1.49747","Cyprus"
"11257","First Breach Inc.","FBDT","","1.2","United States"
"11258","HD Construction Equipment","267270.KS","","101.886","South Korea"
