"Rank","Name","Symbol","pb_ratio","price (USD)","country"
"1","Star Micronics","7718.T","1.03026E-7","14.0138","Japan"
"2","Hogy Medical","3593.T","2.48334E-7","41.0184","Japan"
"3","Adler Group","ADJ.DE","3.83962E-5","0.000230787","Luxembourg"
"4","AiRWA Inc.","YYAI","0.000308963","1.1","United States"
"5","Epiminder","EPI.AX","0.000888603","0.2897","Australia"
"6","Lipella Pharmaceuticals","LIPO","0.00124227","0.0004","United States"
"7","Ayr Wellness","AYRWF","0.00139668","0.0037","United States"
"8","Schweizerische Nationalbank","SNBN.SW","0.00184147","3881.22","Switzerland"
"9","Cenntro Inc.","CENN","0.00301757","0.0775","United States"
"10","Aker Horizons","AKH.OL","0.00436339","0.0013012","Norway"
"11","KMD Brands","KMD.NZ","0.00483784","0.0414161","New Zealand"
"12","Danimer Scientific","DNMR","0.00499526","0.35","United States"
"13","KMC Properties","KMCP.OL","0.00507937","2.49568","Norway"
"14","CS Diagnostics","CSDX","0.00525541","0.0105","Germany"
"15","BigBen Interactive","BIG.PA","0.00809187","0.175799","France"
"16","OceanPal","SVRN","0.00810651","0.3501","Greece"
"17","Gamer Pakistan","GPAK","0.00834629","0.0006","United States"
"18","Faraday Future","FFAI","0.00907463","0.0717","United States"
"19","Traeger","COOK","0.0093956","0.5983","United States"
"20","Starbox Group","STBX","0.0103656","2.11","Malaysia"
"21","Fintech Scion (FintechCashier)","FINR","0.0118494","0.001","United Kingdom"
"22","CXApp","CXAI","0.0121777","0.089","United States"
"23","Wheeler Real Estate Investment Trust","WHLR","0.0123358","0.3651","United States"
"24","VYNE Therapeutics","VYNE","0.0137947","0.509","United States"
"25","Office Properties Income Trust","OPI","0.0138801","0.2","United States"
"26","Kaixin Holdings","KXIN","0.0154685","5.6","China"
"27","VCI Global","VCIG","0.0191081","2.97","Malaysia"
"28","Aker Carbon Capture","ACC.OL","0.0232697","0.00035151","Norway"
"29","Urban-gro","UGRO","0.0250764","3.15","United States"
"30","Nacon","NACON.PA","0.0255989","0.0779902","France"
"31","Blue Hat Interactive Entertainment Technology","BHAT","0.0256712","0.675","China"
"32","Incannex Healthcare","IXHL","0.0265133","0.167","Australia"
"33","iPower","IPW","0.0275667","2.25","United States"
"34","Farmmi","FAMI","0.030922","0.1023","China"
"35","Vincerx Pharma","VINC","0.0329356","0.013","United States"
"36","Lai Sun Development Company","0488.HK","0.0339139","0.0854734","Hong Kong"
"37","Inotiv","NOTV","0.0361556","0.0799","United States"
"38","Xilio Therapeutics","XLO","0.0368944","0.5101","United States"
"39","Greenlane Holdings, Inc.","GNLN","0.0391097","2.82","United States"
"40","SOS Limited","SOS","0.0395084","0.92","China"
"41","AMTD IDEA Group","AMTD","0.0396305","0.7996","Hong Kong"
"42","Aptorum Group","APM","0.0413343","0.7","Hong Kong"
"43","America's Car-Mart","CRMT","0.0431178","2.22","United States"
"44","EZGO Technologies","EZGO","0.0457082","1.01","China"
"45","Shimao Property","0813.HK","0.0490851","0.00867491","Hong Kong"
"46","Freddie Mac","FMCC","0.0492456","5.6","United States"
"47","Top Ships","TOPS","0.0493965","0.795","Greece"
"48","Emperor International","0163.HK","0.0508335","0.0174774","Hong Kong"
"49","Regal Hotels International","0078.HK","0.055092","0.054856","Hong Kong"
"50","Lucas GC","LGCL","0.0552665","0.047","China"
"51","Cherry SE","C3RY.DE","0.0557474","0.408021","Germany"
"52","BloomZ","BLMZ","0.0557673","0.128","United States"
"53","Nationwide Building Society","NBS.L","0.0566413","175.056","United Kingdom"
"54","Benson Hill","BHIL","0.0567189","0.249","United States"
"55","Quince Therapeutics","QNCX","0.0574471","0.9206","United States"
"56","HKR International","0480.HK","0.0579335","0.129486","Hong Kong"
"57","Origin Materials","ORGN","0.0591993","0.9501","United States"
"58","Bark, Inc.","BARK","0.0607886","0.5066","United States"
"59","Jet.AI","JTAI","0.0624409","1.58","United States"
"60","Hapvida","HAPV3.SA","0.0632622","1.23481","Brazil"
"61","MindMaze Therapeutics","V6M.F","0.0640166","0.205176","Switzerland"
"62","Fannie Mae","FNMA","0.0644484","6.27","United States"
"63","Performance Shipping","PSHG","0.0649213","1.74","Greece"
"64","WiMi Hologram Cloud","WIMI","0.0675861","1.4","China"
"65","Erayak Power Solution","RAYA","0.0678897","2.27","China"
"66","Solid Clouds","SOLID.IC","0.0682929","0.00099231","Iceland"
"67","eHealth","EHTH","0.068435","1.23","United States"
"68","Haoxi Health Technology","HAO","0.0690648","3.01","China"
"69","BNB Plus Corp.","BNBX","0.0715266","0.14","United States"
"70","Branicks Group","BRNK.DE","0.0733355","0.979249","Germany"
"71","Society Pass","SOPA","0.0733539","0.076","Singapore"
"72","Vicarious Surgical","RBOT","0.0739104","0.037","United States"
"73","Yiren Digital","YRD","0.0748827","1.09","China"
"74","Casino Guichard-Perrachon","CO.PA","0.0762159","0.216134","France"
"75","Maisons du Monde","MDM.PA","0.0763482","0.18163","France"
"76","Shui On Land","0272.HK","0.0776005","0.0516667","China"
"77","FBR Limited","FBR.AX","0.0777698","0.00279642","Australia"
"78","Franklin Street Properties","FSP","0.0807451","0.463","United States"
"79","Vivakor","VIVK","0.0809659","0.995","United States"
"80","Cue Biopharma","CUE","0.0834931","0.5542","United States"
"81","Reliance Infrastructure","RELINFRA.NS","0.0842661","0.642357","India"
"82","ATARI","ALATA.PA","0.0843915","0.120426","France"
"83","AS Amber Latvijas balzams","BAL1R.RG","0.08449","1.64957","Latvia"
"84","New World Development Company","0017.HK","0.0862922","0.903211","Hong Kong"
"85","Cable One","CABO","0.0875951","22.83","United States"
"86","Ontrak","OTRK","0.0916247","0.0601","United States"
"87","Lifeward","LFWD","0.0927872","0.3829","Israel"
"88","Netcapital","NCPL","0.0928919","0.2557","United States"
"89","Petros Pharmaceuticals","PTPI","0.0956851","0.004","United States"
"90","Granite Point Mortgage Trust","GPMT","0.096597","1.09","United States"
"91","Canacol Energy","CNE.TO","0.0978668","1.10603","Canada"
"92","Argo Blockchain","ARBK","0.0981289","3.79","United Kingdom"
"93","XPLR Infrastructure","XIFR","0.0991938","11.29","United States"
"94","Lufax","LU","0.0997749","1.35","China"
"95","Cheetah Net Supply Chain Service","CTNT","0.10145","1.57","United States"
"96","Basler Kantonalbank","BSKP.SW","0.103277","120.791","Switzerland"
"97","Videndum Plc","VID.L","0.104129","4.38517","United Kingdom"
"98","Yunji","YJ","0.105306","2.86","China"
"99","Allied Group Limited","0373.HK","0.105913","0.273004","Hong Kong"
"100","Agape ATP","ATPC","0.107897","2.38","Malaysia"
"101","Hang Lung Group","0010.HK","0.109939","1.60996","Hong Kong"
"102","BLG Logistics","BLH.F","0.111109","13.523","Germany"
"103","Vanke","2202.HK","0.112265","0.309363","China"
"104","Euroapi","EAPI.PA","0.112385","1.08533","France"
"105","Oncodesign Precision Medicine","ALOPM.PA","0.114155","0.371882","France"
"106","fuboTV","FUBO","0.119112","10.47","United States"
"107","LexinFintech Holdings","LX","0.122014","1.3","China"
"108","Wing Tai Properties","0369.HK","0.123508","0.251317","Hong Kong"
"109","22nd Century Group","XXII","0.123955","3.6836","United States"
"110","Yuexiu Property","0123.HK","0.125095","0.470741","Hong Kong"
"111","Integrated Media Technology Limited","IMTE","0.125788","0.5","Australia"
"112","LM Funding America","LMFA","0.127281","2.6","United States"
"113","Fly-E Group","FLYE","0.128308","1.65","United States"
"114","Rajesh Exports","RAJESHEXPO.NS","0.129156","0.809738","India"
"115","Techstep ASA","TECH.OL","0.132647","0.187412","Norway"
"116","Cemtrex","CETX","0.132894","2.68","United States"
"117","China Railway Group","0390.HK","0.133822","0.433745","China"
"118","ALT5 Sigma","ALTS","0.13385","0.855","United States"
"119","Aroundtown","AT1.F","0.138083","2.33621","Luxembourg"
"120","LOTTE Chemical","011170.KS","0.138699","39.6481","South Korea"
"121","Murano Global Investments","MRNO","0.139465","0.2245","United Kingdom"
"122","ABO Energy","AB9.DE","0.141823","3.90534","Germany"
"123","Deutsche Pfandbriefbank","PBB.DE","0.143649","3.86803","Germany"
"124","China Resources Building Materials Technology","1313.HK","0.144606","0.135227","Hong Kong"
"125","CaliberCos","CWD","0.144873","0.5401","United States"
"126","Grange Resources","GRR.AX","0.144994","0.09299","Australia"
"127","Swiss Steel","STLN.SW","0.147458","1.60943","Switzerland"
"128","Actelis Networks","ASNS","0.14913","0.043","United States"
"129","Affimed","AFMD","0.155368","0.1815","Germany"
"130","Far East Consortium International","0035.HK","0.156078","0.0841976","Hong Kong"
"131","Conduril - Engenharia","CDU.LS","0.157585","14.6887","Portugal"
"132","Yanlord","Z25.SI","0.158322","0.44843","Singapore"
"133","Maison Solutions","MSS","0.160055","1.39","United States"
"134","Aquaporin","AQP.CO","0.160339","0.0906825","Denmark"
"135","Jeffs' Brands","JFBR","0.161487","3.08","Israel"
"136","WISeKey International","WKEY","0.162549","6.31","Switzerland"
"137","Claros Mortgage Trust","CMTG","0.162551","1.72","United States"
"138","Lument Finance Trust","LFT","0.163558","0.6733","United States"
"139","China Yongda Automobiles Services","3669.HK","0.16531","0.11035","China"
"140","Daqo New Energy","DQ","0.165785","14.43","China"
"141","Chinese Estates Holdings","0127.HK","0.167379","0.135864","Hong Kong"
"142","Tian An China Investments Company","0028.HK","0.167641","0.446503","Hong Kong"
"143","Freight Technologies, Inc.","FRGT","0.171856","1.6","United States"
"144","Genting Berhad","3182.KL","0.172511","0.51466","Malaysia"
"145","Altamira Therapeutics","CYTO","0.172664","0.3","Bermuda"
"146","Longfor Group","0960.HK","0.172758","0.849631","China"
"147","Netel Holding","NETEL.ST","0.173333","0.343627","Sweden"
"148","Worldline","WLN.PA","0.17492","14.6305","France"
"149","Lotte Shopping","023530.KS","0.178027","71.4244","South Korea"
"150","Global Mofy AI","GMM","0.178268","2.48","China"
"151","Upland Software","UPLD","0.179263","4.74","United States"
"152","Zenvia","ZENV","0.180349","0.4689","Brazil"
"153","Synthomer","SYNT.L","0.18062","1.32961","United Kingdom"
"154","Shanghai Industrial Holdings Limited","0363.HK","0.181027","1.75284","Hong Kong"
"155","Salem Media Group","SALM","0.181049","1","United States"
"156","Hanwha Corporation","000880.KS","0.18145","85.2905","South Korea"
"157","Volkswagen","VOW3.DE","0.182729","85.3113","Germany"
"158","Getty Images","GETY","0.183088","0.2551","United States"
"159","Dye &amp; Durham","DND.TO","0.183173","0.533949","Canada"
"160","Gray Media","GTN","0.183382","4.92","United States"
"161","Country Garden","2007.HK","0.185827","0.0251317","China"
"162","BBX Capital Corporation","BBXIA","0.187107","3.8","United States"
"163","ACRES Commercial Realty","ACR","0.190446","14.82","United States"
"164","Great Eagle","0041.HK","0.190736","2.03478","Hong Kong"
"165","China Railway Construction","601186.SS","0.19281","0.901477","China"
"166","Jinko Solar","JKS","0.193508","16.16","China"
"167","Genprex","GNPX","0.194635","4.02","United States"
"168","Steel Connect","STCN","0.195703","12.18","United States"
"169","Bank ABC (Arab Banking Corporation)","ABC.BH","0.196794","0.86","Bahrain"
"170","The Payments Group Holding","PGH.DE","0.196856","0.238983","Germany"
"171","Basellandschaftliche Kantonalbank","BLKB.SW","0.196959","1349.72","Switzerland"
"172","Coffee Day Enterprises","COFFEEDAY.NS","0.198148","0.313447","India"
"173","Octave Specialty Group","OSG","0.198228","4.53","United States"
"174","Bally's Corporation","BALY","0.1995","9.26","United States"
"175","VIB Vermögen","VIH1.F","0.199863","7.391","Germany"
"176","Addentax Group","ATXG","0.200981","3.7","China"
"177","Comtech Telecommunications","CMTL","0.201429","1.77","United States"
"178","LOTTE Corporation","004990.KS","0.202765","16.827","South Korea"
"179","SIG (Semen Indonesia)","SMGR.JK","0.202899","0.0850042","Indonesia"
"180","Davis Commodities","DTCK","0.203439","1","Singapore"
"181","Nissan","7201.T","0.203603","2.03254","Japan"
"182","SelectQuote","SLQT","0.206251","0.776","United States"
"183","Baozun","BZUN","0.20633","2.82","China"
"184","NuCana","NCNA","0.206545","1.47","United Kingdom"
"185","CMGE Technology Group","0302.HK","0.207036","0.023856","China"
"186","Solo Brands","SBDS","0.208024","3.75","United States"
"187","q.beyond","QBY.DE","0.21086","0.940513","Germany"
"188","Americanas","AMER3.SA","0.211456","0.900866","Brazil"
"189","Viomi Technology","VIOT","0.2124","0.691","China"
"190","Harbour Centre Development","0051.HK","0.212418","0.580453","Hong Kong"
"191","First Pacific Company","0142.HK","0.213993","0.660186","Hong Kong"
"192","CJ ENM CO., Ltd.","035760.KQ","0.214047","23.5433","South Korea"
"193","China Communications Construction","601800.SS","0.214584","0.885114","China"
"194","Hinduja Global Solutions","HGS.NS","0.21569","4.20019","India"
"195","N.B.I. Industrial Finance","NBIFIN.NS","0.21583","20.6363","India"
"196","Baosheng Media Group","BAOS","0.216638","0.4641","China"
"197","Zhongsheng Group","0881.HK","0.217179","0.574713","China"
"198","Ready Capital","RC","0.217182","1.89","United States"
"199","Angi Inc.","ANGI","0.218441","4.94","United States"
"200","Minera Valparaíso","MINERA.SN","0.219222","11.1819","Chile"
"201","Ontex Group","ONTEX.BR","0.219378","3.07181","Belgium"
"202","China Minsheng Bank","600016.SS","0.220123","0.520655","China"
"203","Kuwait Projects Company Holding","KPROJ.KW","0.220311","253.668","Kuwait"
"204","China Resources Pharmaceutical Group","3320.HK","0.2227","0.593211","Hong Kong"
"205","maison pommery &amp; associes","POMRY.PA","0.225012","11.8326","France"
"206","Global Bioenergies","ALGBE.PA","0.225121","0.0218702","France"
"207","Hysan Development","0014.HK","0.225244","2.14449","Hong Kong"
"208","China State Construction Engineering","601668.SS","0.225943","0.664951","China"
"209","Canadian Solar","CSIQ","0.226286","14.32","Canada"
"210","Xlife Sciences","XLS.SW","0.226534","18.2865","Switzerland"
"211","Melbourne Enterprises","0158.HK","0.22781","7.39919","Hong Kong"
"212","Porsche SE","PAH3.DE","0.228164","31.9305","Germany"
"213","Citius Pharmaceuticals","CTXR","0.22865","0.5754","United States"
"214","Fosun","0656.HK","0.229282","0.678684","China"
"215","Wing On Company International","0289.HK","0.229551","1.69671","Hong Kong"
"216","Doxa AB","DOXA.ST","0.23042","0.0352047","Sweden"
"217","United Development Company","UDCD.QA","0.231459","0.204945","Qatar"
"218","Kerry Properties","0683.HK","0.233715","2.48","Hong Kong"
"219","Caisse régionale de Crédit Agricole Mutuel Atlantique Vendée","CRAV.PA","0.234048","163.791","France"
"220","G8 Education","GEM.AX","0.235119","0.107296","Australia"
"221","Nexity","NXI.PA","0.235231","8.08464","France"
"222","CITIC limited","0267.HK","0.235311","1.64823","China"
"223","Grupo Casas Bahia S.A.","BHIA3.SA","0.235683","0.0796024","Brazil"
"224","Mobile-health Network Solutions","MNDR","0.236709","1.65","Singapore"
"225","G City","GCT.TA","0.237552","3.70652","Israel"
"226","Smith Douglas Homes","SDHC","0.23913","12.42","United States"
"227","Orient Paper Mills","ORIENTPPR.NS","0.239972","0.176889","India"
"228","Kandi Technologies Group","KNDI","0.240943","0.648","China"
"229","Tokyo Electric Power Company","9501.T","0.241661","3.25031","Japan"
"230","Light S.A.","LIGT3.SA","0.242769","0.636819","Brazil"
"231","China Merchants Shekou Industrial Zone","001979.SZ","0.242854","1.06809","China"
"232","Propanc Biopharma","PPCB","0.243031","1.155","Australia"
"233","Hong Kong Ferry","0050.HK","0.243566","0.642964","Hong Kong"
"234","Aprea Therapeutics","APRE","0.243779","0.8052","United States"
"235","AntarChile","ANTARCHILE.SN","0.245822","8.29818","Chile"
"236","E. W. Scripps Company","SSP","0.247038","3.32","United States"
"237","Hongkong and Shanghai Hotels","0045.HK","0.247334","0.700371","Hong Kong"
"238","Crest Nicholson Holdings plc","CRST.L","0.247919","0.904829","United Kingdom"
"239","Samhällsbyggnadsbolaget i Norden","SBB-B.ST","0.249269","0.334155","Sweden"
"240","Credit Agricole Mutuel Toulouse 31","CAT31.PA","0.250843","146.887","France"
"241","Jain Irrigation Systems","JISLDVREQS.NS","0.25085","0.218368","India"
"242","Supermax Corporation Berhad","7106.KL","0.251694","0.0767042","Malaysia"
"243","Sachem Capital","SACH","0.251922","0.87","United States"
"244","CLS Holdings plc","CLI.L","0.252283","0.63211","United Kingdom"
"245","Morguard","MRC.TO","0.252745","82.7982","Canada"
"246","Televisa","TV","0.252957","2.8","Mexico"
"247","Mr.Bricolage","ALMRB.PA","0.253358","4.70972","France"
"248","Brookfield Property Partners","BPYPP","0.254191","16.23","Bermuda"
"249","Caisse Régionale de Crédit Agricole Mutuel Loire Haute-Loire","CRLO.PA","0.25683","114.362","France"
"250","AS PRFoods","PRF1T.TL","0.257195","0.0641175","Estonia"
"251","Caisse Régionale de Crédit Agricole du Morbihan","CMO.PA","0.257723","132.082","France"
"252","China Power International Development","2380.HK","0.258165","0.353375","Hong Kong"
"253","Compagnie de l'Odet","ODET.PA","0.25899","1527.16","France"
"254","Hang Lung Properties","0101.HK","0.260613","0.929363","Hong Kong"
"255","Trio Petroleum","TPET","0.260713","0.2035","United States"
"256","Caisse Régionale de Crédit Agricole Mutuel Alpes Provence","CRAP.PA","0.26088","160.807","France"
"257","Bank Mayapada Internasional","MAYA.JK","0.26154","0.0112398","Indonesia"
"258","Banpu Public Company","BANPU.BK","0.261709","0.442883","Thailand"
"259","Globavend","GVH","0.262324","1.09","Australia"
"260","Reach plc","RCH.L","0.262863","0.584429","United Kingdom"
"261","Crédit Agricole Mutuel de la Touraine et du Poitou","CRTO.PA","0.263613","156.796","France"
"262","Caisse régionale de Crédit Agricole Mutuel d'Ille-et-Vilaine","CIV.PA","0.26435","139.916","France"
"263","Xunlei","XNET","0.264408","4.96","China"
"264","Guoco","0053.HK","0.264883","9.12141","Hong Kong"
"265","Wüstenrot &amp; Württembergische","WUW.F","0.265707","16.5073","Germany"
"266","Scienture Holdings","SCNX","0.265852","0.4326","United States"
"267","Burelle","BUR.PA","0.265975","460.48","France"
"268","Sportsman's Warehouse","SPWH","0.266038","1.14","United States"
"269","Forgame","0484.HK","0.267343","0.0956791","China"
"270","Forza X1","FRZA","0.267561","0.2","United States"
"271","FingerTango","6860.HK","0.268679","0.0163292","China"
"272","CJ Cheiljedang Corporation","097950.KS","0.270621","135.121","South Korea"
"273","Caisse Régionale de Crédit Agricole Mutuel Nord de France","CNDF.PA","0.270875","35.4162","France"
"274","Hua Xia Bank","600015.SS","0.271659","1.00412","China"
"275","CJ Group","001040.KS","0.271788","92.5846","South Korea"
"276","China Zheshang Bank","2016.HK","0.27192","0.292778","China"
"277","Orion Properties","ONL","0.272225","2.91","United States"
"278","Saudi Electricity","5110.SR","0.27271","4.52536","Saudi Arabia"
"279","Empresas CMPC","CMPC.SN","0.272908","1.11602","Chile"
"280","Brera Holdings","SLMT","0.274617","4.16","Ireland"
"281","Playstudios","MYPS","0.274937","0.502","United States"
"282","Bioceres Crop Solutions","BIOX","0.275022","0.412","Argentina"
"283","Future plc","FUTR.L","0.275211","4.14413","United Kingdom"
"284","Grand City Properties","GYC.DE","0.275669","10.7251","Luxembourg"
"285","Infinity Natural Resources","INR","0.276857","14.89","United States"
"286","Agfa-Gevaert","AGFB.BR","0.277011","0.512357","Belgium"
"287","Don't Nod Entertainment","ALDNE.PA","0.277444","0.501282","France"
"288","Hoftex Group AG","NBH.MU","0.278275","5.82886","Germany"
"289","Touax SCA","TOUP.PA","0.278297","6.36395","France"
"290","Burgundy Diamond Mines","BDM.AX","0.278658","0.0121602","Australia"
"291","Stellantis","STLA","0.278783","5.22","Netherlands"
"292","Cavatina Holding Spólka Akcyjna","CAV.WA","0.280184","3.54555","Poland"
"293","Treasure Global","TGL","0.280377","2.24","Malaysia"
"294","Transport International Holdings","0062.HK","0.280424","1.1507","Hong Kong"
"295","Arctic Paper","ARP.ST","0.280769","1.84033","Poland"
"296","Caisse Régionale de Crédit Agricole Mutuel Sud Rhône Alpes","CRSU.PA","0.2817","272.791","France"
"297","Nordic Mining ASA","NOM.OL","0.282667","0.23252","Norway"
"298","Clarivate","CLVT","0.284316","2.13","United Kingdom"
"299","Atlantic Sapphire","ASA.OL","0.284519","0.0918266","Norway"
"300","A.S. Création Tapeten","ACWN.DE","0.284885","8.16041","Germany"
"301","Sabancı Holding","SAHOL.IS","0.285872","1.94525","Turkey"
"302","Akwel SA","AKW.PA","0.286365","7.67079","France"
"303","KAP AG","IUR.F","0.286604","2.05176","Germany"
"304","Bank of Beijing","601169.SS","0.28743","0.764619","China"
"305","Magazine Luíza","MGLU3.SA","0.288629","0.807673","Brazil"
"306","Power Construction Corporation of China","601669.SS","0.289266","0.691728","China"
"307","iomart Group","IOM.L","0.289721","0.198215","United Kingdom"
"308","Nippon Paper Industries","3863.T","0.289869","8.56831","Japan"
"309","Peach Property Group AG","PEAN.SW","0.291207","5.73476","Switzerland"
"310","James River Group","JRVR","0.291686","4.11","Bermuda"
"311","Nu Skin","NUS","0.292396","4.77","United States"
"312","Vitura SA","VTR.PA","0.29316","5.01282","France"
"313","Peugeot Invest Société anonyme","PEUG.PA","0.294769","65.7496","France"
"314","Vistry Group","VTY.L","0.295698","4.24524","United Kingdom"
"315","Compañía de Acero del Pacífico","CAP.SN","0.295789","5.91665","Chile"
"316","Caisse Régionale de Crédit Agricole Mutuel du Languedoc","CRLA.PA","0.29719","106.668","France"
"317","China Everbright Limited","0165.HK","0.299256","0.730989","Hong Kong"
"318","Majestic Gold","MJS.V","0.299282","0.0721553","Canada"
"319","Curis","CRIS","0.301536","1.58","United States"
"320","East Side Games","EAGR.TO","0.301795","0.0505087","Canada"
"321","Jasa Marga","JSMR.JK","0.301957","0.155888","Indonesia"
"322","Cyngn","CYN","0.302328","1.06","United States"
"323","Galmed Pharmaceuticals","GLMD","0.302433","4.05","Israel"
"324","enVVeno Medical Corporation","NVNO","0.302836","10.35","United States"
"325","Peter Warren Automotive Holdings Limited","PWR.AX","0.303338","0.608011","Australia"
"326","Linekong Interactive","8267.HK","0.303868","0.0257696","China"
"327","Texwinca Holdings","0321.HK","0.30423","0.136502","Hong Kong"
"328","VistaGen Therapeutics","VTGN","0.304592","0.2438","United States"
"329","American Realty Investors","ARL","0.304688","15.38","United States"
"330","Bertrandt","BDT.DE","0.305443","10.0956","Germany"
"331","Korea Gas","036460.KS","0.306815","26.5765","South Korea"
"332","Adval Tech","ADVN.SW","0.307241","51.7497","Switzerland"
"333","Citycon","CTY1S.HE","0.307574","3.38074","Finland"
"334","ReneSola","SOL","0.307749","1.94","United States"
"335","Zwahlen &amp; Mayr SA","ZWM.SW","0.308577","179.133","Switzerland"
"336","ARN Media","A1N.AX","0.308875","0.178827","Australia"
"337","Sappi","SAP.JO","0.309339","0.944038","South Africa"
"338","Spruce Power","SPRU","0.309741","1.92","United States"
"339","Sunlight REIT","0435.HK","0.30989","0.281935","Hong Kong"
"340","Stalprodukt","STP.WA","0.310014","60.6262","Poland"
"341","Edible Garden","EDBL","0.311517","1.41","United States"
"342","Retractable Technologies","RVP","0.311791","0.73","United States"
"343","Live Ventures","LIVE","0.311821","9.43","United States"
"344","Asia Financial Holdings","0662.HK","0.313461","0.595762","Hong Kong"
"345","Estoril Sol","ESON.LS","0.313817","3.49732","Portugal"
"346","Ikegami Tsushinki","6771.T","0.31392","4.22452","Japan"
"347","Sun Hung Kai &amp; Co.","0086.HK","0.314358","0.526873","Hong Kong"
"348","Avalon GloboCare","ALBT","0.316241","0.282","United States"
"349","Acanthe Développement","ACAN.PA","0.317353","0.242481","France"
"350","Cogna Educação","COGN3.SA","0.317543","0.415486","Brazil"
"351","Allied Tecnologia","ALLD3.SA","0.317764","0.980468","Brazil"
"352","Logistic Properties of the Americas","LPA","0.318051","3.21","United States"
"353","Yulon Motor Company","2201.TW","0.318266","0.900307","Taiwan"
"354","China Automotive Systems","CAAS","0.318307","4.755","China"
"355","HPH Trust (Hutchison Port)","NS8U.SI","0.321168","0.195","Singapore"
"356","China Everbright Bank","601818.SS","0.322403","0.456689","China"
"357","China Overseas Land &amp; Investment","0688.HK","0.322435","1.75922","Hong Kong"
"358","Exacompta Clairefontaine","ALEXA.PA","0.32268","184.192","France"
"359","Miramar Hotel and Investment","0071.HK","0.323174","1.30379","Hong Kong"
"360","Surteco Group","SUR.DE","0.323689","8.91816","Germany"
"361","SK Innovation","096775.KS","0.323709","48.4588","South Korea"
"362","Globe Trade Centre","GTC.WA","0.32465","0.671219","Poland"
"363","Dah Sing Financial","0440.HK","0.325354","6.07499","Hong Kong"
"364","C&amp;D International Investment Group","1908.HK","0.325964","2.0284","Hong Kong"
"365","Virax Biolabs","VRAX","0.325969","3","United Kingdom"
"366","Resolute Holdings Management","RHLD","0.326548","128.68","United States"
"367","Dometic Group","DOM.ST","0.327656","2.45854","Sweden"
"368","Cato Fashion","CATO","0.329268","2.79","United States"
"369","DMC Global","BOOM","0.329317","6.77","United States"
"370","PainReform","PRFX","0.330705","1.01","Israel"
"371","Sinopharm","1099.HK","0.330712","2.03478","China"
"372","HMH Holding","HMH","0.330782","19.5","United States"
"373","Metagenomi","MGX","0.331751","1.21","United States"
"374","REE Automotive","REE","0.331803","0.0769","Israel"
"375","BTS Group","BTS.BK","0.332074","0.0635308","Thailand"
"376","Shangri-La","0069.HK","0.332506","0.523684","Hong Kong"
"377","SAIC Motor","600104.SS","0.333148","1.5337","China"
"378","Golden Sun Education Group","GSUN","0.3342","0.2942","China"
"379","U Power","UCAR","0.334335","0.5953","China"
"380","Lubelski Wegiel Bogdanka","LWB.WA","0.334448","6.69866","Poland"
"381","UBM Development","UBS.VI","0.335476","19.585","Austria"
"382","Arbonia","ARBN.SW","0.335529","4.75823","Switzerland"
"383","American Vanguard","AVD","0.337603","2.17","United States"
"384","Alliance Aviation Services","AQZ.AX","0.337746","0.64632","Australia"
"385","Cheetah Mobile","CMCM","0.337814","3.03","China"
"386","Moolec Science","MLEC","0.338192","7.07","Luxembourg"
"387","SK Group","034730.KS","0.339288","401.537","South Korea"
"388","DocGo","DCGO","0.339457","0.3816","United States"
"389","Nexen Tire Corporation","002350.KS","0.339819","4.72311","South Korea"
"390","NET Power","NPWR","0.339997","1.99","United States"
"391","The Cross-Harbour Holdings","0032.HK","0.340042","0.969549","Hong Kong"
"392","hGears AG","HGEA.DE","0.341072","0.938447","Germany"
"393","Waldencast","WALD","0.341104","1.33","United States"
"394","Sohu.com","SOHU","0.341674","14.53","China"
"395","SD BioSensor","137310.KS","0.341914","4.51368","South Korea"
"396","Destination XL","DXLG","0.342783","0.6361","United States"
"397","Genius Group","GNS","0.343496","0.1729","Singapore"
"398","Beijing Enterprises Holdings","0392.HK","0.344041","4.01597","Hong Kong"
"399","Poujoulat","ALPJT.PA","0.345834","7.13453","France"
"400","Tamdeen Real Estate Company","TAM.KW","0.346005","1336.81","Kuwait"
"401","Seef Properties","SEEF.BH","0.346119","1.36605","Bahrain"
"402","Grenke","GLJ.F","0.347104","12.9168","Germany"
"403","Lanxess","LXS.F","0.348325","16.3325","Germany"
"404","Champion REIT","2778.HK","0.348585","0.288313","Hong Kong"
"405","Vivendi","VIV.PA","0.34949","1.93402","France"
"406","LG Household &amp; Health Care","051905.KS","0.350103","78.9352","South Korea"
"407","Hain Celestial","HAIN","0.351893","0.8404","United States"
"408","Deutsche Konsum REIT-AG","DKG.DE","0.352122","1.59128","Germany"
"409","Banco de Brasília","BSLI3.SA","0.352438","0.531977","Brazil"
"410","BMW","BMW.DE","0.353422","67.7314","Germany"
"411","Regis Corporation","RGS","0.353482","26.8","United States"
"412","Emperor Watch &amp; Jewellery","0887.HK","0.354899","0.0369959","Hong Kong"
"413","Reitar Logtech Holdings","RITR","0.354957","0.115","Hong Kong"
"414","Nectar Lifesciences","NECLIFE.NS","0.355182","0.11911","India"
"415","DDC Enterprise","DDC","0.355348","0.5897","Hong Kong"
"416","CJ Logistics Corporation","000120.KS","0.356044","53.0809","South Korea"
"417","Thurgauer Kantonalbank","TKBP.SW","0.35634","201.525","Switzerland"
"418","Devolver Digital","DEVO.L","0.356704","0.108167","United States"
"419","Arbor Realty Trust","ABR","0.357269","5.25","United States"
"420","Columbus McKinnon","CMCO","0.357657","17.95","United States"
"421","DEMIRE Deutsche Mittelstand Real Estate","DMRE.DE","0.359168","0.503614","Germany"
"422","EuroGroup Laminations","EGLA.MI","0.36032","1.15936","Italy"
"423","Renault","RNO.PA","0.360375","32.4201","France"
"424","Navigo Invest","NAVIGO-STAM.ST","0.361264","0.327314","Sweden"
"425","Icade","ICAD.PA","0.363044","22.0331","France"
"426","Magic Empire Global (Giraffe Capital)","MEGL","0.364018","1.12","Hong Kong"
"427","Tivic Health Systems","TIVC","0.364229","1.4","United States"
"428","Guardforce AI","GFAI","0.365688","0.3973","Singapore"
"429","Bpost","13B.F","0.366313","1.53882","Belgium"
"430","JSW Holdings","JSWHL.NS","0.366802","119.632","India"
"431","Clariane","CLARI.PA","0.367135","4.6934","France"
"432","Verano Holdings","VRNOF","0.367502","0.94","United States"
"433","Shanghai Pudong Development Bank","600000.SS","0.368614","1.35073","China"
"434","Watkin Jones Plc","WJG.L","0.368836","0.244942","United Kingdom"
"435","Fortune REIT","0778.HK","0.369245","0.577264","Hong Kong"
"436","Warimpex Finanz- und Beteiligungs AG","WXF.VI","0.36938","0.592213","Austria"
"437","SHW AG","SW10.HM","0.370026","7.98554","Germany"
"438","Gaia","GAIA","0.370037","1.47","United States"
"439","Barinthus Biotherapeutics","BRNS","0.370588","0.6031","United Kingdom"
"440","Prosperity Real Estate Investment Trust","0808.HK","0.370666","0.186255","Hong Kong"
"441","Feintool International","FTON.SW","0.370832","13.8704","Switzerland"
"442","Com2uS","078340.KQ","0.371146","22.5684","South Korea"
"443","Glory Ltd.","6457.T","0.371454","30.5634","Japan"
"444","Shutterstock","SSTK","0.3722","5.36","United States"
"445","Marin Software","MRIN","0.372963","0.8981","United States"
"446","Navient","NAVI","0.373322","9.47","United States"
"447","Valhi","VHI","0.373979","18.1","United States"
"448","Venu Holding Corporation","VENU","0.374028","1.83","United States"
"449","Alarum Technologies","ALAR","0.374446","1.7","Israel"
"450","LakeShore Biopharma","LSB","0.375216","0.627","China"
"451","Youlife Group Inc.","YOUL","0.375487","0.499","China"
"452","Zepp Health","ZEPP","0.376881","4.99","China"
"453","Guerbet","GBT.PA","0.377221","9.15132","France"
"454","Cliq Digital AG","CLIQ.DE","0.377237","4.6048","Germany"
"455","Usiminas","USIM5.SA","0.377491","1.38236","Brazil"
"456","Infinities Tech (Jiu Zun Digital)","1961.HK","0.377578","0.0126296","China"
"457","Qfin Holdings","QFIN","0.378123","10.99","China"
"458","Oragenics","OGEN","0.379174","0.5195","United States"
"459","Genworth Financial","GNW","0.379732","9.89","United States"
"460","Banca Sistema S.p.A.","BST.MI","0.380051","1.86757","Italy"
"461","Graines Voltz","GRVO.PA","0.381222","20.9839","France"
"462","Emirates Investment Bank","EIBANK.AE","0.381498","15.2468","United Arab Emirates"
"463","Aumovio SE","AMV0.DE","0.382598","41.1518","Germany"
"464","Hyosung Chemical Corporation","298000.KS","0.382875","43.4757","South Korea"
"465","Paref SA","PAR.PA","0.383019","29.1443","France"
"466","Prodways Group","ALPWG.PA","0.383019","0.746095","France"
"467","Bionano Genomics","BNGO","0.383523","1.22","United States"
"468","Şişecam","SISE.IS","0.383926","0.828838","Turkey"
"469","Close Brothers Group","CBG.L","0.383974","5.80614","United Kingdom"
"470","Aethlon Medical","AEMD","0.384219","2.64","United States"
"471","Indah Kiat Pulp &amp; Paper","INKP.JK","0.385173","0.492799","Indonesia"
"472","CK Hutchison Holdings","0001.HK","0.386579","8.91729","Hong Kong"
"473","KPS AG","KSC.DE","0.387581","0.303101","Germany"
"474","Japan Post Holdings","6178.T","0.387846","14.9271","Japan"
"475","Thryv","THRY","0.388381","1.97","United States"
"476","Everbright Securities Company","6178.HK","0.388831","0.925536","Hong Kong"
"477","Volvo Car","VOLCAR-B.ST","0.389421","2.04387","Sweden"
"478","Conduent","CNDT","0.390622","1.61","United States"
"479","Tuniu Corporation","TOUR","0.390746","4.96","China"
"480","Saga Communications","SGA","0.390965","9.12","United States"
"481","Magnera","MAGN","0.391254","12.43","United States"
"482","HydrogenPro ASA","HYPRO.OL","0.39162","0.0552033","Norway"
"483","KG Mobility (SsangYong Motor)","003620.KS","0.391759","1.9463","South Korea"
"484","Barwa Real Estate Company","BRES.QA","0.391853","0.623352","Qatar"
"485","Turkish Airlines","THYAO.IS","0.39243","6.27971","Turkey"
"486","Mazda","7261.T","0.392523","7.55141","Japan"
"487","Softstar Entertainment","6111.TWO","0.392591","1.13401","Taiwan"
"488","Coronado Global Resources","CRN.AX","0.392871","0.135908","Australia"
"489","TPG Mortgage Investment Trust","MITT","0.393165","6.73","United States"
"490","Gascogne Groupe","ALBI.PA","0.393344","2.51807","France"
"491","Zumtobel Group","ZAG.VI","0.393817","4.69806","Austria"
"492","American Uranium Limited","AMU.AX","0.393865","0.0565093","Australia"
"493","FNM S.p.A.","FNM.MI","0.394094","0.53101","Italy"
"494","Seritage Growth Properties","SRG","0.394426","2.11","United States"
"495","Chimera Investment Corporation","CIM","0.394816","11.62","United States"
"496","Dubai National Insurance & Reinsurance Company","DNIR.AE","0.395236","0.893027","United Arab Emirates"
"497","Transcontinental Realty Investors","TCI","0.395317","39.04","United States"
"498","Unipres Corporation","5949.T","0.396666","8.4616","Japan"
"499","CK Asset Holdings","1113.HK","0.398149","5.98314","Hong Kong"
"500","Bank Ochrony Srodowiska","BOS.WA","0.398188","2.73359","Poland"
"501","Steel &amp; Tube Holdings","STU.NZ","0.398771","0.241229","New Zealand"
"502","Kyoei Steel","5440.T","0.400356","12.7112","Japan"
"503","Bukalapak.com","BUKA.JK","0.400747","0.00638238","Indonesia"
"504","Arcadia Biosciences","RKDA","0.401257","0.4805","United States"
"505","Bapcor Limited","BAP.AX","0.401743","0.336195","Australia"
"506","Prospect Capital","PSEC","0.402749","2.32","United States"
"507","Definitive Healthcare","DH","0.403527","0.7209","United States"
"508","China Motor Bus Company","0026.HK","0.404136","7.6033","Hong Kong"
"509","Wharf Holdings","0004.HK","0.405202","2.59482","Hong Kong"
"510","Hindustan Media Ventures","HMVL.NS","0.406615","0.939714","India"
"511","Ferrum S.A. de Cerámica y Metalurgia","FERR.BA","0.406734","0.0117628","Argentina"
"512","Tilray Brands","TLRY","0.407169","4.72","Canada"
"513","Universal Electronics","UEIC","0.407852","4.41","United States"
"514","NexPoint Diversified Real Estate Trust","NXDT","0.40792","5.4","United States"
"515","Hathway","HATHWAY.NS","0.408359","0.110438","India"
"516","Tamil Nadu Newsprint and Papers Limited","TNPL.NS","0.409814","1.4779","India"
"517","Vanquis Banking Group","VANQ.L","0.410404","1.07517","United Kingdom"
"518","Scully Royalty","SRL","0.410482","5.83","China"
"519","LX International","001120.KS","0.410901","27.6598","South Korea"
"520","Sveafastigheter AB","SVEAF.ST","0.411625","3.25209","Sweden"
"521","Movano","MOVE","0.412308","8.59","United States"
"522","Brinova Fastigheter","BRIN-B.ST","0.412476","1.34714","Sweden"
"523","Xebio Holdings","8281.T","0.412932","7.4447","Japan"
"524","Marston's","MARS.L","0.414098","0.707036","United Kingdom"
"525","Private Equity Holding","PEHN.SW","0.414114","75.3853","Switzerland"
"526","Haulotte Group","PIG.PA","0.414404","2.72791","France"
"527","Himatsingka Seide","HIMATSEIDE.NS","0.41457","0.759273","India"
"528","Natuzzi","NTZ","0.416032","1.1484","Italy"
"529","Henderson Land Development","0012.HK","0.416149","3.77614","Hong Kong"
"530","Westwater Resources","WWR","0.417002","0.5796","United States"
"531","Ayala Corporation","AYALY","0.418246","9.02","Philippines"
"532","Keiyo Gas","9539.T","0.418278","8.69385","Japan"
"533","PMGC Holdings","ELAB","0.418709","6.52","United States"
"534","KKR Real Estate Finance Trust","KREF","0.418857","7.51","United States"
"535","MGI Digital Technology","ALMDG.PA","0.419801","11.681","France"
"536","Savencia Fromage &amp; Dairy","SAVE.PA","0.420191","74.3763","France"
"537","Bonduelle","BON.PA","0.42041","10.2005","France"
"538","POSCO","PKX","0.42078","58.66","South Korea"
"539","Advanced Flower Capital","AFCG","0.420937","3.45","United States"
"540","Clearwater Paper","CLW","0.421314","21.26","United States"
"541","USANA","USNA","0.421851","13.58","United States"
"542","Groupe Partouche","PARP.PA","0.422527","20.809","France"
"543","Industrial Bank","601166.SS","0.423035","2.68063","China"
"544","China Unicom","0762.HK","0.423404","0.737367","Hong Kong"
"545","Ping An Bank","000001.SZ","0.423953","1.72411","China"
"546","MPH Health Care AG","93M1.DE","0.424167","28.3283","Germany"
"547","Birla Carbon (Thailand)","BCT.BK","0.424599","1.51955","Thailand"
"548","Korea Electric Power","KEP","0.424628","11.31","South Korea"
"549","Pullup Entertainment","ALPUL.PA","0.424852","9.68757","France"
"550","China Lesso Group","2128.HK","0.425182","0.496894","China"
"551","Caltagirone Editore","CED.MI","0.425606","3.20588","Italy"
"552","MacroWell OMG Digital Entertainment","3687.TWO","0.426224","1.94492","Taiwan"
"553","Nordwest Handel","NWX.F","0.426446","18.7689","Germany"
"554","Pliant Therapeutics","PLRX","0.427394","1.14","United States"
"555","Carver Bancorp","CARV","0.427519","1.81","United States"
"556","Imperial Petroleum","IMPP","0.427894","5.29","Greece"
"557","Intchains Group","ICG","0.428223","0.98","China"
"558","Lendlease","LLC.AX","0.428261","2.09585","Australia"
"559","Universal Entertainment Corporation","6425.T","0.428265","4.58232","Japan"
"560","Banca IFIS","IF.MI","0.428275","17.4983","Italy"
"561","Vasta Platform","VSTA","0.429524","4.9","Brazil"
"562","Bank of East Asia","0023.HK","0.430539","2.20955","Hong Kong"
"563","China Everbright Environment Group","0257.HK","0.431473","0.652532","Hong Kong"
"564","PWO AG","PWO.DE","0.43154","26.8128","Germany"
"565","Fleury Michon","ALFLE.PA","0.431954","25.0641","France"
"566","Japan Post Insurance","7181.T","0.432018","10.442","Japan"
"567","SNDL Inc.","SNDL","0.432322","1.36","Canada"
"568","Orion Digital Corp.","ORIO","0.432434","0.88","Canada"
"569","LEG Immobilien","LEG.DE","0.43262","57.7291","Germany"
"570","JFE Holdings","5411.T","0.433303","11.5123","Japan"
"571","Gateway Real Estate","GTY.F","0.43331","0.368384","Germany"
"572","Stratus Properties","STRS","0.433388","19.025","United States"
"573","Sunrun","RUN","0.433437","8.92","United States"
"574","Hong Leong Financial Group","1082.KL","0.433827","4.63194","Malaysia"
"575","Pyramid AG","M3B.DE","0.433922","0.904662","Germany"
"576","PennyMac Mortgage Investment Trust","PMT","0.434012","9.29","United States"
"577","Mangoceuticals","MGRX","0.435422","0.3831","United States"
"578","Ternium Argentina","TXAR.BA","0.435455","0.458251","Argentina"
"579","Reworld Media","ALREW.PA","0.435609","2.24761","France"
"580","Allied Properties REIT","AP-UN.TO","0.436462","6.61664","Canada"
"581","LX Hausys","108670.KS","0.437091","25.4571","South Korea"
"582","GigaMedia","GIGM","0.437111","1.44","Taiwan"
"583","Weibo","WB","0.437277","7","China"
"584","KlaraBo Sverige","KLARA-B.ST","0.43733","1.46712","Sweden"
"585","Bolloré","BOL.PA","0.437653","4.46025","France"
"586","Melcor Developments","MRD.TO","0.438997","13.4714","Canada"
"587","China Taiping Insurance","0966.HK","0.440317","2.58972","Hong Kong"
"588","Union Properties","UPP.AE","0.440407","0.154102","United Arab Emirates"
"589","Quadient","QDT.PA","0.440555","14.9685","France"
"590","Efes Beverage Group","AEFES.IS","0.441399","0.393002","Turkey"
"591","Nano Labs","NA","0.441695","2.015","China"
"592","Camellia Plc","CAM.L","0.442342","77.6514","United Kingdom"
"593","Forvia SE","FRVIA.PA","0.443006","10.1609","France"
"594","DouYu","DOYU","0.444456","4.25","China"
"595","Immobiliare Grande Distribuzione SIIQ","IGD.MI","0.444692","4.65143","Italy"
"596","Koç Holding","KCHOL.IS","0.444697","4.49353","Turkey"
"597","Immersion Corporation","IMMR","0.445313","7.54","United States"
"598","DSS, Inc. (Document Security Systems)","DSS","0.445649","0.5567","United States"
"599","Companhia Siderúrgica Nacional","SID","0.446244","1.03","Brazil"
"600","Safehold","SAFE","0.446793","15.53","United States"
"601","Brookfield Renewable Partners","BEP","0.447489","32.35","Bermuda"
"602","KCC Corp","002380.KS","0.447531","327.874","South Korea"
"603","Covivio","COV.PA","0.447532","60.1539","France"
"604","SMCP S.A.","SMCP.PA","0.447564","7.89811","France"
"605","Neobo Fastigheter","NEOBO.ST","0.448148","2.09123","Sweden"
"606","iHuman","IH","0.448284","1.22","China"
"607","China Longyuan Power Group","0916.HK","0.448509","0.710577","China"
"608","Jardine Cycle &amp; Carriage","C07.SI","0.449466","21.4224","Singapore"
"609","Antalpha Platform","ANTA","0.449501","3.97","Singapore"
"610","SUNation Energy Inc.","SUNE","0.449757","2.21","United States"
"611","Mitsuba Corporation","7280.T","0.450307","8.2419","Japan"
"612","Ithmaar Holding","ITHMR.BH","0.45033","0.25","Bahrain"
"613","Topy Industries","7231.T","0.450565","19.1139","Japan"
"614","Pekabex","PBX.WA","0.451103","2.37092","Poland"
"615","Ajial Real Estate Entertainment Company","AREEC.KW","0.451353","997.718","Kuwait"
"616","The ONE Group Hospitality","STKS","0.45145","1.65","United States"
"617","GCL Technology","3800.HK","0.452091","0.0886627","Hong Kong"
"618","Offerpad","OPAD","0.45227","4.29","United States"
"619","Panasonic Manufacturing Malaysia Berhad","3719.KL","0.452273","1.42274","Malaysia"
"620","The Chugoku Electric Power","9504.T","0.452578","6.15349","Japan"
"621","Hokuriku Electric Power Company","9505.T","0.453177","6.17358","Japan"
"622","Alligator Bioscience AB","ATORX.ST","0.453783","0.00314685","Sweden"
"623","Standard BioTools","LAB","0.45476","0.65","United States"
"624","Pensonic Holdings Berhad","9997.KL","0.455238","0.110108","Malaysia"
"625","Mercedes-Benz","MBG.DE","0.455296","52.3957","Germany"
"626","Plains GP","PAGP","0.455413","27.27","United States"
"627","Immobel","IMMO.BR","0.455843","23.8983","Belgium"
"628","Quiñenco","QUINENCO.SN","0.455973","4.87336","Chile"
"629","Pasona Group","2168.T","0.456055","10.5519","Japan"
"630","Qatar Industrial Manufacturing Company","QIMD.QA","0.45648","0.544231","Qatar"
"631","Phunware","PHUN","0.456506","2.08","United States"
"632","Ryobi Limited","5851.T","0.457891","17.4442","Japan"
"633","J-POWER (Electric Power Development)","9513.T","0.457967","25.1776","Japan"
"634","Pakuwon Jati Tbk","PWON.JK","0.458049","0.015137","Indonesia"
"635","Rapala VMC Corporation","RAP1V.HE","0.458066","1.92353","Finland"
"636","Prime Office A/S","PRIMOF.CO","0.458527","36.7957","Denmark"
"637","Schloss Wachenheim","SWA.DE","0.458554","17.6615","Germany"
"638","RENOVA, Inc.","9519.T","0.458567","5.94446","Japan"
"639","Adgar Investments and Development","ADGR.TA","0.458657","1.22062","Israel"
"640","Martinrea International","MRE.TO","0.458988","7.2949","Canada"
"641","Najran Cement Company","3002.SR","0.459421","1.50224","Saudi Arabia"
"642","ZE PAK SA","ZEP.WA","0.459465","4.92047","Poland"
"643","Emak S.p.A.","EM.MI","0.460054","0.97342","Italy"
"644","ProCredit","PCZ.DE","0.460624","9.92073","Germany"
"645","Passat SA","PSAT.PA","0.461439","5.08455","France"
"646","Bank of Changsha","601577.SS","0.462194","1.41916","China"
"647","Northann Corp","NCL","0.463068","0.159","United States"
"648","Hokkaido Electric Power Company","9509.T","0.464379","6.75421","Japan"
"649","LG Chem","051910.KS","0.464752","189.936","South Korea"
"650","Myer Holdings","MYR.AX","0.464819","0.153791","Australia"
"651","Benchmark Holdings","BMK.L","0.465375","0.295906","United Kingdom"
"652","Old Market Capital Corporation","OMCC","0.465608","4.5","United States"
"653","ASGN","ASGN","0.466092","19.53","United States"
"654","Cosan","CSAN","0.466933","2.68","Brazil"
"655","Seer Inc","SEER","0.467779","2.04","United States"
"656","Dongfeng Motor","0489.HK","0.467947","1.2185","China"
"657","Jubilee Metals Group","JLP.L","0.468531","0.0336966","United Kingdom"
"658","Humm Group","HUM.AX","0.46918","0.307582","Australia"
"659","Bystronic AG","BYS.SW","0.469335","171.172","Switzerland"
"660","Quanterix","QTRX","0.469345","2.8","United States"
"661","Chongqing Rural Commercial Bank","3618.HK","0.469686","0.827306","China"
"662","Super League Enterprise","SLE","0.469733","4.03","United States"
"663","KYORIN Pharmaceutical","4569.T","0.470155","7.35054","Japan"
"664","Waterdrop Inc.","WDH","0.47022","0.992","China"
"665","The Italian Sea Group","TISG.MI","0.470267","1.54115","Italy"
"666","GreenTree Hospitality Group","GHG","0.470533","1.1","China"
"667","Prairie Operating","PROP","0.470778","0.5111","United States"
"668","Mercor","MCR.WA","0.470816","4.01919","Poland"
"669","iDreamSky","1119.HK","0.470897","0.0574075","China"
"670","Biosynex","ALBIO.PA","0.471023","1.0492","France"
"671","Amplify Energy","AMPY","0.471178","4.78","United States"
"672","Industrial Bank of Korea (IBK)","024110.KS","0.471281","14.6243","South Korea"
"673","Ashoka Buildcon","ASHOKA.NS","0.471786","1.18869","India"
"674","Franklin BSP Realty Trust","FBRT","0.473567","8.44","United States"
"675","BKS Bank","BKS.VI","0.474118","25.1807","Austria"
"676","Koenig &amp; Bauer","SKB.DE","0.474395","10.3054","Germany"
"677","Immofinanz","IMO1.F","0.474398","18.0928","Austria"
"678","Bahrain Commercial Facilities Company","BCFC.BH","0.474827","0.941645","Bahrain"
"679","Erbud","ERB.WA","0.475088","5.87317","Poland"
"680","enGene","ENGN","0.475181","1.81","Canada"
"681","Co-Diagnostics","CODX","0.475479","1.22","United States"
"682","Australian Agricultural Company","AAC.AX","0.475515","0.969242","Australia"
"683","Onity Group","ONIT","0.475543","35.82","United States"
"684","Al Faleh Educational Holding","FALH.QA","0.476199","0.151099","Qatar"
"685","Cherry Hill Mortgage Investment","CHMI","0.476238","2.93","United States"
"686","Scienjoy Holding Corporation","SJ","0.476476","0.9753","China"
"687","HF Foods Group","HFFG","0.476634","1.81","United States"
"688","Econocom Group","ECONB.BR","0.477013","1.72534","Belgium"
"689","NexPoint Real Estate Finance","NREF","0.477069","17.59","United States"
"690","AS Silvano Fashion Group","SFG1T.TL","0.477154","1.26486","Estonia"
"691","Bahrain Islamic Bank","BISB.BH","0.477632","2.28117","Bahrain"
"692","Instil Bio","TIL","0.478484","7.81","United States"
"693","The Okinawa Electric Power Company","9511.T","0.478551","7.38193","Japan"
"694","Liberty Global","LBTYB","0.478623","13.66","United Kingdom"
"695","GTPL Hathway","GTPL.NS","0.479155","0.572145","India"
"696","SITE Centers","SITC","0.479534","3.07","United States"
"697","China Gas","0384.HK","0.479713","0.717593","China"
"698","Kudelski SA","KUD.SW","0.480127","1.62962","Switzerland"
"699","Alexandria Real Estate Equities","ARE","0.480282","54.04","United States"
"700","Diagnosticos da America (DASA)","DASA3.SA","0.480551","0.51062","Brazil"
"701","Zhihu","ZH","0.480731","3.13","China"
"702","Cegedim SA","ALCGM.PA","0.482141","11.9142","France"
"703","Deutsche Wohnen","DWNI.DE","0.482576","20.9606","Germany"
"704","Fortress Biotech","FBIO","0.48286","2.93","United States"
"705","Far Eastern New Century","1402.TW","0.482863","0.909718","Taiwan"
"706","Polytec Holding","PYT.VI","0.483787","5.58405","Austria"
"707","Duxton Farms","DBF.AX","0.485504","0.293276","Australia"
"708","Hypothekarbank Lenzburg","HBLN.SW","0.485572","5224.73","Switzerland"
"709","CROOZ","2138.T","0.485951","2.83727","Japan"
"710","BAIOO Family Interactive","2100.HK","0.486094","0.0376338","China"
"711","Proficient Auto Logistics","PAL","0.486305","5.3","United States"
"712","Deoleo","OLE.MC","0.486682","0.51294","Spain"
"713","Eurazeo","RF.PA","0.486978","58.4635","France"
"714","Zomedica Pharmaceuticals","ZOM","0.487311","0.0973","United States"
"715","Apollo Commercial Real Estate Finance","ARI","0.487601","6.89","United States"
"716","Battalion Oil","BATL","0.488535","1.34","United States"
"717","Arbuthnot Banking Group","ARBB.L","0.488786","11.1471","United Kingdom"
"718","Cenomi Centers (Arabian Centres Company)","4321.SR","0.488986","4.33358","Saudi Arabia"
"719","UOL Group","U14.SI","0.489957","7.51318","Singapore"
"720","CP Axtra","CPAXT.BK","0.490191","0.452046","Thailand"
"721","Hydrogène de France","HDF.PA","0.490547","3.31079","France"
"722","Salam International Investment","SIIS.QA","0.49072","0.203571","Qatar"
"723","BCP Investment Corporation","BCIC","0.491484","7.66","United States"
"724","Enel Américas","ENELAM.SN","0.491815","0.0948835","Chile"
"725","TAKKT AG","TTK.DE","0.492021","3.25834","Germany"
"726","Rieter Holding","RIEN.SW","0.492324","3.61999","Switzerland"
"727","Largo","LGO","0.492336","0.7426","Canada"
"728","Banco do Estado do Rio Grande do Sul S.A.","BRSR6.SA","0.492526","2.62688","Brazil"
"729","Nordisk Bergteknik AB","NORB-B.ST","0.492549","1.1156","Sweden"
"730","Zain Bahrain","ZAINBH.BH","0.493064","0.644562","Bahrain"
"731","Indofood","INDF.JK","0.493272","0.416549","Indonesia"
"732","Galapagos NV","GLPG","0.494574","27.73","Belgium"
"733","U10 Corp","ALU10.PA","0.49508","1.4339","France"
"734","VP Bank","VPBN.SW","0.495897","117.93","Liechtenstein"
"735","HOOKIPA Pharma","HOOK","0.496199","1.15","United States"
"736","Sun Art Retail Group Limited","6808.HK","0.496598","0.132675","China"
"737","Berli Jucker (BJC)","BJC.BK","0.496666","0.497862","Thailand"
"738","Anhui Conch Cement","AHCHF","0.496696","2.8","China"
"739","Balco Group","BALCO.ST","0.497159","1.68393","Sweden"
"740","China State Construction International","3311.HK","0.497386","1.07926","Hong Kong"
"741","Inmobiliaria Colonial","COL.MC","0.498314","6.41175","Spain"
"742","Bank of Communications","601328.SS","0.498447","1.06511","China"
"743","Magnachip Semiconductor","MX","0.498714","3.18","Luxembourg"
"744","3U Holding","UUU.DE","0.498932","1.10748","Germany"
"745","Chofu Seisakusho","5946.T","0.49907","12.9246","Japan"
"746","PGE Polska","PGE.WA","0.499452","2.80126","Poland"
"747","Mitsubishi Paper Mills","3864.T","0.499538","7.41959","Japan"
"748","Brüder Mannesmann AG","BMM.F","0.500072","1.10748","Germany"
"749","Cloudastructure","CSAI","0.500427","5.14","United States"
"750","Al Argan International Real Estate Company","ARGAN.KW","0.500585","371.699","Kuwait"
"751","Catana Group","ALCAT.PA","0.502056","2.17766","France"
"752","Oceania Healthcare","OCA.NZ","0.50261","0.470546","New Zealand"
"753","Dustin Group","DUST.ST","0.503175","0.187337","Sweden"
"754","Kestrel Group","KG","0.503833","7.82","Bermuda"
"755","Gecina","GFC.PA","0.504084","84.5768","France"
"756","Gogoro","GGR","0.504677","2.93","Taiwan"
"757","Sonendo","SONX","0.504862","0.55","United States"
"758","Lakefront Biotherapeutics","LKFT","0.505023","29.04","Belgium"
"759","Kuantum Papers","KUANTUM.NS","0.505237","0.754571","India"
"760","Identiv","INVE","0.505383","2.86","United States"
"761","Mitsubishi Motors","7211.T","0.505471","2.2943","Japan"
"762","AdaptHealth","AHCO","0.505774","5.63","United States"
"763","StealthGas","GASS","0.5061","9.63","Greece"
"764","Senvest Capital","SEC.TO","0.506244","313.875","Canada"
"765","GAC (Guangzhou Automobile Group)","601238.SS","0.506513","0.779495","China"
"766","Webzen","069080.KQ","0.506599","7.79964","South Korea"
"767","Emergent BioSolutions","EBS","0.507734","5.18","United States"
"768","MFA Financial","MFA","0.507894","8.94","United States"
"769","Town Centre Securities","TOWN.L","0.51092","1.65596","United Kingdom"
"770","BCB Bancorp","BCBP","0.511171","8.68","United States"
"771","Wharf REIC","1997.HK","0.511842","4.03383","Hong Kong"
"772","Fulgent Genetics","FLGT","0.512544","19.45","United States"
"773","Television Broadcasts (TVB)","0511.HK","0.512894","0.31319","Hong Kong"
"774","Instone Real Estate Group","INS.DE","0.513132","8.65003","Germany"
"775","Emilia Development","EMDV.TA","0.513188","6.76306","Israel"
"776","Ryman Healthcare","RYM.NZ","0.513288","1.22104","New Zealand"
"777","BAUER AG","B5A0.HM","0.513896","7.04127","Germany"
"778","Summit Midstream","SMC","0.514141","34.13","United States"
"779","Nissha Co., Ltd.","7915.T","0.514211","8.17285","Japan"
"780","Singapore Land","U06.SI","0.514419","2.59618","Singapore"
"781","COSOL Limited","COS.AX","0.514706","0.143062","Australia"
"782","SIMPAR","SIMH3.SA","0.514899","1.21151","Brazil"
"783","Kohl's","KSS","0.515711","18.3","United States"
"784","iQIYI","IQ","0.515988","1.01","China"
"785","Auric Minerals","AUMC.CN","0.516379","0.0577242","Canada"
"786","WM Technology","MAPS","0.516654","0.4","United States"
"787","Vroom","VRM","0.516974","9.77","United States"
"788","Fortinova Fastigheter AB","FNOVA-B.ST","0.517058","2.50485","Sweden"
"789","ImageneBio","IMA","0.517285","5.62","United States"
"790","Radio City","RADIOCITY.NS","0.517831","0.0687493","India"
"791","Gestamp Automoción","GEST.MC","0.518142","3.46235","Spain"
"792","WASGAU Produktions &amp; Handels AG","MSH.F","0.518179","10.492","Germany"
"793","Omni Bridgeway","OBL.AX","0.518374","1.01574","Australia"
"794","AMC Networks","AMCX","0.518425","12.42","United States"
"795","Aamal Company","AHCS.QA","0.518632","0.191758","Qatar"
"796","Hudson Pacific Properties","HPP","0.518654","14.71","United States"
"797","Intracom Holdings","INTRK.AT","0.519433","3.59058","Greece"
"798","Nutun Limited","NTU.JO","0.519566","0.0524466","South Africa"
"799","Kerry Logistics Network","0636.HK","0.519722","0.744384","Hong Kong"
"800","InterCure","INCR","0.520161","5.48","Israel"
"801","China Resources Land","1109.HK","0.520306","4.37317","Hong Kong"
"802","China Merchants Port","0144.HK","0.520874","2.03095","Hong Kong"
"803","HD Hyundai","267250.KS","0.521199","155.632","South Korea"
"804","Aeria","3758.T","0.521612","1.51907","Japan"
"805","XBiotech","XBIT","0.521613","2.31","United States"
"806","Huadian Power International","600027.SS","0.523185","0.68429","China"
"807","Vonovia","VNA.DE","0.524137","23.1581","Germany"
"808","Huaneng Power International","600011.SS","0.524194","0.995195","China"
"809","Surgery Partners","SGRY","0.524606","13.95","United States"
"810","Shurgard Self Storage","SHUR.BR","0.524792","27.3374","Luxembourg"
"811","ElringKlinger","ZIL2.DE","0.525425","6.4817","Germany"
"812","Gulf Warehousing Company","GWCS.QA","0.526089","0.61978","Qatar"
"813","Singapore Post","S08.SI","0.526596","0.259618","Singapore"
"814","FriendTimes","6820.HK","0.526714","0.0452881","China"
"815","TechTarget","TTGT","0.526762","3.82","United States"
"816","Varia US Properties","VARN.SW","0.526821","16.4828","Switzerland"
"817","TON Strategy Co.","TONX","0.527121","3.03","United States"
"818","Delfingen Industry","ALDEL.PA","0.527186","34.6235","France"
"819","Swire Properties","1972.HK","0.527379","3.1842","Hong Kong"
"820","Sparebanken Sør","SOR.OL","0.527721","20.1631","Norway"
"821","Kumho Petrochemical","011780.KS","0.528422","86.8071","South Korea"
"822","Shengfeng Development","SFWL","0.528743","0.89","China"
"823","DXC Technology","DXC","0.529276","10.63","United States"
"824","Summit Hotel Properties","INN","0.529937","6.14","United States"
"825","MJ Gleeson plc","GLE.L","0.530046","3.70819","United Kingdom"
"826","Brighthouse Financial","BHF","0.530357","51.9","United States"
"827","MFE-Mediaforeurope","MFEA.MI","0.530606","3.09396","Italy"
"828","Golden Agri-Resources","E5H.SI","0.531342","0.23995","Singapore"
"829","Beijing Airport","0694.HK","0.532395","0.21177","China"
"830","Repco Home Finance","REPCOHOME.NS","0.532695","3.69867","India"
"831","Ares Commercial Real Estate","ACRE","0.532933","4.73","United States"
"832","Sangoma Technologies","SANG","0.533204","3.98","Canada"
"833","Hello Group Inc.","MOMO","0.533652","5.69","China"
"834","Rottneros","RROS.ST","0.533711","0.308896","Sweden"
"835","Polyplex","POLYPLEX.NS","0.533775","12.355","India"
"836","CBo Territoria","CBOT.PA","0.534253","4.53486","France"
"837","Medios AG","ILM1.DE","0.534858","12.5903","Germany"
"838","Energisa S.A.","ENGI3.SA","0.535039","2.28608","Brazil"
"839","Syrah Resources Limited","SYR.AX","0.535375","0.0751073","Australia"
"840","Alight","ALIT","0.535581","14.87","United States"
"841","First Foundation","FFWM","0.53613","5.9","United States"
"842","China Resources Gas Group","1193.HK","0.536414","2.08198","Hong Kong"
"843","Prodea Real Estate Investment Company","PRODEA.AT","0.536537","3.474","Greece"
"844","QuidelOrtho","QDEL","0.536706","14.49","United States"
"845","Addiko Bank","ZYE1.F","0.536875","29.3775","Austria"
"846","Seven Hills Realty Trust","SEVN","0.537691","7.76","United States"
"847","Nano-X Imaging","NNOX","0.537704","0.8642","Israel"
"848","Bank of Shanghai","601229.SS","0.537865","1.44593","China"
"849","ICBC","1398.HK","0.537938","0.953602","China"
"850","TScan Therapeutics","TCRX","0.538938","0.7993","United States"
"851","Pyxis Tankers","PXS","0.539072","5.44","Greece"
"852","Mazaya Real Estate Development Q.P.S.C.","MRDS.QA","0.539934","0.151099","Qatar"
"853","Ubisoft","UBI.PA","0.53996","6.36978","France"
"854","Vetropack","VETN.SW","0.541219","24.6806","Switzerland"
"855","Medical Properties Trust","MPT","0.541266","4.12","United States"
"856","Teekay","TK","0.54133","13.35","Canada"
"857","Postal Savings Bank of China","601658.SS","0.541949","0.749743","China"
"858","VakıfBank","VAKBN.IS","0.542053","0.660825","Turkey"
"859","Gauzy","GAUZ","0.542385","0.4214","United States"
"860","Vitru","VTRU3.SA","0.542696","2.60552","Brazil"
"861","Aurelion Inc.","AURE","0.543465","1.67","Hong Kong"
"862","Banco do Brasil","BBAS3.SA","0.543671","3.61123","Brazil"
"863","V-ZUG Holding","VZUG.SW","0.543924","51.9363","Switzerland"
"864","Goodyear","GT","0.544232","6","United States"
"865","Elica S.p.A.","ELC.MI","0.544812","1.38727","Italy"
"866","Bicycle Therapeutics","BCYC","0.545321","4.33","United Kingdom"
"867","uCloudlink Group","UCL","0.54595","0.369","Hong Kong"
"868","OCI Holdings Company","010060.KS","0.545979","198.602","South Korea"
"869","Skycity Entertainment Group","SKC.NZ","0.547139","0.402049","New Zealand"
"870","Enea","ENA.WA","0.547333","5.20465","Poland"
"871","Inclusio","INCLU.BR","0.547716","19.7599","Belgium"
"872","clearvise AG","ABO.DE","0.547764","1.17743","Germany"
"873","Patrizia Immobilien","P1Z.VI","0.549391","8.68501","Germany"
"874","Banqup Group SA","BANQ.BR","0.5499","2.2616","Belgium"
"875","CION Investment Corporation","CION","0.550479","7.38","United States"
"876","CIR S.p.A. - Compagnie Industriali Riunite","CIR.MI","0.551486","0.837025","Italy"
"877","Mirae Asset Securities Co., Ltd.","006805.KS","0.551556","9.04902","South Korea"
"878","Alujain Corporation","2170.SR","0.551739","7.44726","Saudi Arabia"
"879","Honda","HMC","0.552","32.59","Japan"
"880","Qatari Investors Group","QIGD.QA","0.552306","0.354396","Qatar"
"881","Nextensa","NEXTA.BR","0.552634","54.325","Belgium"
"882","Westport Fuel Systems","WPRT","0.552799","1.83","Canada"
"883","Olam","VC2.SI","0.553067","0.818189","Singapore"
"884","Gladstone Land","LAND","0.553366","8.83","United States"
"885","Shinsegae","004170.KS","0.55347","285.264","South Korea"
"886","Gesco SE","GSC1.DE","0.554047","17.0203","Germany"
"887","Northern Region Cement Company","3004.SR","0.554432","1.8778","Saudi Arabia"
"888","Alijarah Holding","NLCS.QA","0.554986","0.189835","Qatar"
"889","Ottogi","007310.KS","0.556644","239.405","South Korea"
"890","Ayala Land","AYAAF","0.557035","0.25","Philippines"
"891","Leonteq","LEON.SW","0.558012","26.248","Switzerland"
"892","Eutelsat","ETL.PA","0.55806","2.17358","France"
"893","DF Deutsche Forfait AG","DFTK.DE","0.55812","1.62042","Germany"
"894","GEE Group","JOB","0.559825","0.255","United States"
"895","Annehem Fastigheter","ANNE-B.ST","0.559878","1.8418","Sweden"
"896","CITIC Bank","601998.SS","0.560323","1.26594","China"
"897","PennantPark Investment","PNNT","0.560445","3.77","United States"
"898","Deyaar Development","DEYAAR.AE","0.56059","0.201476","United Arab Emirates"
"899","AS Pro Kapital Grupp","PKG1T.TL","0.561146","0.757752","Estonia"
"900","BioNexus Gene Lab","BGLC","0.561806","1.55","Malaysia"
"901","Abacus Group","ABG.AX","0.562553","0.647353","Australia"
"902","Nine Dragons Paper","2689.HK","0.563226","0.900022","China"
"903","Hong Kong Technology Venture Company (HKTV)","1137.HK","0.563235","0.130124","Hong Kong"
"904","Paysafe","PSFE","0.563477","6.65","United States"
"905","Organogenesis","ORGO","0.563493","1.67","United States"
"906","Carbios SAS","ALCRB.PA","0.564165","7.43763","France"
"907","JOYY","JOYY","0.564419","73.47","China"
"908","Tabuk Cement Company","3090.SR","0.564827","1.96836","Saudi Arabia"
"909","Rail Vision","RVSN","0.564929","5.24","Israel"
"910","JACCS Co., Ltd.","8584.T","0.565321","24.0729","Japan"
"911","Brookfield Corporation","BN","0.565628","41.97","Canada"
"912","Analogue Holdings (ATAL)","1977.HK","0.566244","0.119918","Hong Kong"
"913","Global Indemnity","GBLI","0.566819","27.26","Cayman Islands"
"914","Netmarble","251270.KS","0.56786","26.7932","South Korea"
"915","Aimco","AIV","0.568227","2.6","United States"
"916","Fastighets AB Balder","BALD-B.ST","0.568296","5.57591","Sweden"
"917","Acco Brands","ACCO","0.56861","4.19","United States"
"918","TPG Real Estate Finance Trust","TRTX","0.569187","7.82","United States"
"919","Mammoth Energy Services","TUSK","0.569224","3.11","United States"
"920","Reliance Power","RPOWER.NS","0.569444","0.237697","India"
"921","PTC Financial Services","PFS.NS","0.569553","0.29255","India"
"922","AdvanSix","ASIX","0.569667","16.8","United States"
"923","B Communications","BCOM.TA","0.570303","8.08819","Israel"
"924","Healius Limited","HLS.AX","0.570833","0.304006","Australia"
"925","Softing AG","SYT.DE","0.571553","2.92609","Germany"
"926","Alony Hetz","ALHE.TA","0.571704","10.4429","Israel"
"927","Digital Hollywood Interactive","2022.HK","0.571848","0.00663375","China"
"928","Sun Hung Kai Properties","0016.HK","0.572593","15.9465","Hong Kong"
"929","Helical","HLCL.L","0.57275","2.75594","United Kingdom"
"930","Qatar National Cement Company","QNCD.QA","0.573405","0.711264","Qatar"
"931","Baosteel","600019.SS","0.574073","0.870238","China"
"932","Orrön Energy","ORRON.ST","0.574302","0.743034","Sweden"
"933","Grammer AG","GMM.DE","0.574724","13.2898","Germany"
"934","Hornbach Holding","HBH.DE","0.574901","95.0105","Germany"
"935","Arq Inc.","ARQ","0.575092","2.21","United States"
"936","Barratt Redrow","BTRW.L","0.575514","4.30761","United Kingdom"
"937","Romande Energie","REHN.SW","0.575688","60.5819","Switzerland"
"938","Toyobo Co., Ltd.","3101.T","0.576155","10.3573","Japan"
"939","Tohoku Electric Power","9506.T","0.576533","8.24503","Japan"
"940","Kojamo","KOJAMO.HE","0.57663","10.1349","Finland"
"941","Paul Hartmann","PHH2.F","0.576699","233.155","Germany"
"942","Qatar General Insurance & Reinsurance Company","QGRI.QA","0.577726","0.671154","Qatar"
"943","Hongkong Land","H78.SI","0.577888","8.35","Hong Kong"
"944","Dah Sing Banking Group","2356.HK","0.578724","1.87276","Hong Kong"
"945","Kuwait Financial Centre "Markaz”","MARKAZ.KW","0.579312","436.909","Kuwait"
"946","India Motor Parts and Accessories","IMPAL.NS","0.579446","11.491","India"
"947","BrightView","BV","0.579511","10.94","United States"
"948","Marqeta","MQ","0.579821","4.06","United States"
"949","Huntsman Corporation","HUN","0.580164","9.6","United States"
"950","Nippon Steel","5401.T","0.580464","4.2195","Japan"
"951","BHG Group AB","BHG.ST","0.58057","2.0565","Sweden"
"952","Doha Bank","DHBK.QA","0.581158","0.774176","Qatar"
"953","Ascot Resources","AOT.TO","0.581256","0.0399384","Canada"
"954","Unite Group (Unite Students)","UTG.L","0.581364","7.22703","United Kingdom"
"955","Türkiye Is Bankasi","ISCTR.IS","0.581378","0.263041","Turkey"
"956","AMCON Distributing Company","DIT","0.582422","67.05","United States"
"957","Summerset Holdings","SUM.NZ","0.582599","4.62803","New Zealand"
"958","Heritage Global","HGBL","0.582691","1.14","United States"
"959","Kunlun Energy Company","0135.HK","0.582901","0.893643","Hong Kong"
"960","Konica Minolta","4902.T","0.582991","4.08391","Japan"
"961","AEON Financial Service","8570.T","0.583067","10.8218","Japan"
"962","Gudang Garam","GGRM.JK","0.583528","1.14798","Indonesia"
"963","Elang Mahkota Teknologi","EMTK.JK","0.58424","0.0296526","Indonesia"
"964","Safestore","SAFE.L","0.584502","8.24195","United Kingdom"
"965","Nomad Foods","NOMD","0.584965","12.1","United Kingdom"
"966","LENZ Therapeutics","LENZ","0.585087","4.59","United States"
"967","StarragTornos Group","STGN.SW","0.585241","42.2954","Switzerland"
"968","Laox Holdings","8202.T","0.585548","0.929018","Japan"
"969","Assured Guaranty","AGO","0.586416","74.19","Bermuda"
"970","Vodafone","VOD","0.586911","15.98","United Kingdom"
"971","Orient Corporation","8585.T","0.587031","5.56155","Japan"
"972","Iberpapel Gestión","IBG.MC","0.587327","21.1005","Spain"
"973","Reit Azorim - H.F Living","AZRT.TA","0.587418","1.94726","Israel"
"974","Air Industries Group","AIRI","0.587805","2.32","United States"
"975","Concentrix","CNXC","0.587981","26.03","United States"
"976","Graubündner Kantonalbank","GRKP.SW","0.588158","3060.2","Switzerland"
"977","Mobility Global, Inc.","MBGL","0.588839","19.7","United States"
"978","cbdMD","YCBD","0.588929","0.488","United States"
"979","Vislink Technologies","VISL","0.589819","3.15","United States"
"980","Nankai Tatsumura Construction","1850.T","0.590498","2.61757","Japan"
"981","JBG SMITH","JBGS","0.590548","12.5","United States"
"982","ACTIA Group","ALATI.PA","0.590699","4.83796","France"
"983","Atrium Ljungberg","ATRLJ-B.ST","0.591442","2.69955","Sweden"
"984","NEC Capital Solutions","8793.T","0.591998","26.6151","Japan"
"985","Schlatter Industries AG","STRN.SW","0.592276","22.3917","Switzerland"
"986","Bumble","BMBL","0.593908","2.85","United States"
"987","Mitchells &amp; Butlers plc","MAB.L","0.594121","3.88938","United Kingdom"
"988","KNOT Offshore Partners","KNOP","0.594794","10.69","United Kingdom"
"989","Adicet Bio","ACET","0.594847","8.9","United States"
"990","Hankook Tire","161390.KS","0.594958","48.3144","South Korea"
"991","Groupe Guillin","ALGIL.PA","0.595066","24.9475","France"
"992","African Rainbow Minerals","ARI.JO","0.595859","11.866","South Africa"
"993","Asia Cement","1102.TW","0.596356","1.0948","Taiwan"
"994","Delticom AG","DEX.DE","0.596431","2.5647","Germany"
"995","LG Corp","003550.KS","0.5965","81.3184","South Korea"
"996","Söktas Tekstil","SKTAS.IS","0.59672","0.0679955","Turkey"
"997","Pegasus Airlines","PGSUS.IS","0.597365","3.1253","Turkey"
"998","Gelteq Limited","GELS","0.598709","0.5317","Australia"
"999","Grifols","GRFS","0.598729","7.99","Spain"
"1000","Esterad Investment Company","ESTERAD.BH","0.598782","0.899204","Bahrain"
"1001","Bank Islam Malaysia","5258.KL","0.598833","0.522083","Malaysia"
"1002","Kobe Steel","5406.T","0.59914","12.7112","Japan"
"1003","Premier Miton Group plc","PMI.L","0.599276","0.542368","United Kingdom"
"1004","Sloman Neptun","NEP.HM","0.599345","69.9464","Germany"
"1005","Sino Land","0083.HK","0.599418","1.37268","Hong Kong"
"1006","E-L Financial","ELF.TO","0.599521","12.7354","Canada"
"1007","Astra Agro Lestari","AALI.JK","0.600365","0.45185","Indonesia"
"1008","CDL Investments New Zealand Limited","CDI.NZ","0.600471","0.381202","New Zealand"
"1009","Semapa","SEM.LS","0.600567","24.2481","Portugal"
"1010","Hutchison Telecommunications Hong Kong Holdings","0215.HK","0.601262","0.14607","Hong Kong"
"1011","SW Umwelttechnik Stoiser &amp; Wolschner AG","SWUT.VI","0.601554","44.0662","Austria"
"1012","Lithium Americas","LAC","0.601564","3.11","Canada"
"1013","Kelly Services","KELYA","0.602116","16.79","United States"
"1014","Rithm Capital","RITM","0.602156","10.25","United States"
"1015","Sparebanken Møre","MORG.OL","0.602543","11.902","Norway"
"1016","Dierig Holding AG","DIE.DE","0.60291","9.67591","Germany"
"1017","SK Innovation","096770.KS","0.603035","90.2736","South Korea"
"1018","WhiteHorse Finance","WHF","0.603101","7.03","United States"
"1019","Arabian Shield Cooperative Insurance Company","8070.SR","0.60331","3.30812","Saudi Arabia"
"1020","Villars Holding","VILN.SW","0.604371","746.389","Switzerland"
"1021","Kamux","KAMUX.HE","0.604587","1.82327","Finland"
"1022","Gambling.com Group","GAMB","0.605271","1.84","Jersey"
"1023","Bank of Suzhou","002966.SZ","0.605526","1.28081","China"
"1024","edenor","EDN","0.605968","23.5","Argentina"
"1025","Pharos Energy","PHAR.L","0.606083","0.409781","United Kingdom"
"1026","CRRC","1766.HK","0.606098","0.673581","China"
"1027","Aoyama Trading","8219.T","0.606284","4.87107","Japan"
"1028","Nufarm","NUF.AX","0.606791","2.20315","Australia"
"1029","Ring Energy","REI","0.607389","1.45","United States"
"1030","Lumo Kodit Oyj","LUMO.HE","0.607434","9.46608","Finland"
"1031","PTT Global Chemical","PTTGC.BK","0.608146","1.25229","Thailand"
"1032","BOE Varitronix","0710.HK","0.608671","0.475844","Hong Kong"
"1033","Wendel","MF.PA","0.609011","101.131","France"
"1034","Shaftesbury Capital","SHC.L","0.609082","2.05445","United Kingdom"
"1035","Samsung Card","029780.KS","0.610774","33.329","South Korea"
"1036","Al Jouf Cement Company","3091.SR","0.610793","1.32911","Saudi Arabia"
"1037","Pan Ocean","028670.KS","0.611088","4.60756","South Korea"
"1038","The Platform Group","TPG.F","0.611491","5.89726","Germany"
"1039","Kinnevik","KINV-A.ST","0.611737","6.63048","Sweden"
"1040","Energy Absolute","EA.BK","0.613074","0.0879658","Thailand"
"1041","Unifi","UFI","0.61324","7.65","United States"
"1042","AB Ignitis grupe","IGN1L.VS","0.613831","25.8219","Lithuania"
"1043","Jagran Prakashan","JAGRAN.NS","0.615008","0.645701","India"
"1044","Mercia Asset Management","MERC.L","0.615922","0.374634","United Kingdom"
"1045","Berentzen-Gruppe","BEZ.DE","0.616599","3.64887","Germany"
"1046","Eidesvik Offshore","EIOF.OL","0.616638","1.83653","Norway"
"1047","Thunderful Group","THUNDR.ST","0.616755","0.0317955","Sweden"
"1048","K+S","SDF.F","0.617081","19.1303","Germany"
"1049","Taiwan Cement","1101.TW","0.61722","0.771692","Taiwan"
"1050","Sequans Communications","SQNS","0.617364","3","France"
"1051","China National Chemical Engineering (CNCEC)","601117.SS","0.617648","1.11866","China"
"1052","RWS Holdings","RWS.L","0.618346","1.65929","United Kingdom"
"1053","Kemper","KMPR","0.618502","27.66","United States"
"1054","Salzgitter","SZG.F","0.619091","60.5036","Germany"
"1055","Cyfrowy Polsat","CPS.WA","0.620427","4.42382","Poland"
"1056","Agrana","AGR.VI","0.620544","13.2315","Austria"
"1057","Arco Vara AS","ARC1T.TL","0.620847","1.4747","Estonia"
"1058","XXL ASA","XXL.OL","0.621204","0.988001","Norway"
"1059","Thai Oil","TOP.BK","0.62167","1.84789","Thailand"
"1060","Clean Energy Fuels","CLNE","0.621828","1.59","United States"
"1061","Perion Network","PERI","0.621872","9.78","Israel"
"1062","Daio Paper Corporation","3880.T","0.622277","6.17671","Japan"
"1063","Ekinops","EKI.PA","0.622682","2.8678","France"
"1064","Empresas Copec","COPEC.SN","0.623627","7.29539","Chile"
"1065","Exxaro Resources","EXX.JO","0.623771","11.404","South Africa"
"1066","Astra International","ASII.JK","0.624024","0.270545","Indonesia"
"1067","Canadian Apartment Properties REIT","CAR-UN.TO","0.624152","24.7781","Canada"
"1068","Bank of China","601988.SS","0.624736","0.913378","China"
"1069","Redwood Trust","RWT","0.624969","4.76","United States"
"1070","Burford Capital","BUR","0.625254","4.31","Guernsey"
"1071","Guillemot Corporation","GUI.PA","0.62629","4.93122","France"
"1072","Prakash Industries","PRAKASH.NS","0.626479","1.3379","India"
"1073","Dexco","DXCO3.SA","0.627013","0.980468","Brazil"
"1074","Lead Real Estate","LRE","0.627047","1.31","Japan"
"1075","Viridien","VIRI.PA","0.627365","101.073","France"
"1076","Runway Growth Finance","RWAY","0.628321","6.57","United States"
"1077","Vocento","VOC.MC","0.62876","0.932618","Spain"
"1078","Aisin Seiki","7259.T","0.628899","14.111","Japan"
"1079","BioLineRx","BLRX","0.628984","3","Israel"
"1080","Bangkok Bank","BBL.BK","0.629305","5.84911","Thailand"
"1081","Sýn hf.","SYN.IC","0.629725","0.163731","Iceland"
"1082","Qatar Insurance Company","QATI.QA","0.630329","0.515385","Qatar"
"1083","Sparebanken Vest","SVEG.OL","0.630411","13.8817","Norway"
"1084","Iida Group","3291.T","0.630608","14.7011","Japan"
"1085","Groupe Minoteries SA","GMI.SW","0.630843","286.116","Switzerland"
"1086","FS KKR Capital","FSK","0.63138","12.05","United States"
"1087","Arkema","AKE.PA","0.631781","69.1886","France"
"1088","Stabilus","STM.DE","0.631828","20.028","Luxembourg"
"1089","GS Holdings Corp.","078930.KS","0.631861","87.9626","South Korea"
"1090","AB Zemaitijos pienas","ZMP1L.VS","0.631906","3.00769","Lithuania"
"1091","Miko Group","MIKO.BR","0.632196","78.1068","Belgium"
"1092","TX Group","TXGN.SW","0.632328","193.315","Switzerland"
"1093","Jacquet Metals","JCQ.PA","0.632498","24.0732","France"
"1094","Fastighets AB Trianon","TRIAN-B.ST","0.63267","1.90495","Sweden"
"1095","AerSale","ASLE","0.633297","5.61","United States"
"1096","Kawai Musical Instruments Manufacturing","7952.T","0.633826","21.7189","Japan"
"1097","Diana Shipping","DSX","0.633872","2.7","Greece"
"1098","Elior Group","ELIOR.PA","0.633974","2.49242","France"
"1099","Vastned Belgium NV","VASTB.BR","0.634074","33.4577","Belgium"
"1100","AB Kauno Energija","KNR1L.VS","0.634088","2.42481","Lithuania"
"1101","Nippon Seiki","7287.T","0.634628","16.2829","Japan"
"1102","Marshalls plc","MSLH.L","0.6349","2.23282","United Kingdom"
"1103","Woori Financial Group","WF","0.635464","69.51","South Korea"
"1104","Industrial Logistics Properties Trust","ILPT","0.635969","8.42","United States"
"1105","Mitsubishi Chemical Holdings","4188.T","0.636277","7.13084","Japan"
"1106","LG Display","LPL","0.636289","3.29","South Korea"
"1107","Bank of Jiangsu","600919.SS","0.63632","1.79105","China"
"1108","European Residential REIT","ERE-UN.TO","0.636498","0.836997","Canada"
"1109","Enapter AG","H2O.DE","0.636667","1.16577","Germany"
"1110","NRJ Group","NRG.PA","0.637221","7.57752","France"
"1111","Taiheiyo Cement","5233.T","0.637777","26.2887","Japan"
"1112","The Mosaic Company","MOS","0.638035","24","United States"
"1113","Bever Holding","BEVER.AS","0.638317","3.26416","Netherlands"
"1114","Fnac Darty","FNAC.PA","0.638992","40.394","France"
"1115","Fabege AB","FABG.ST","0.639311","7.80396","Sweden"
"1116","PPB Group Berhad","4065.KL","0.639359","2.54361","Malaysia"
"1117","Microvast","MVST","0.640195","0.776","United States"
"1118","Bragg Gaming Group","BRAG","0.640619","1.48","Canada"
"1119","Derwent London","DLN.L","0.640923","28.4177","United Kingdom"
"1120","Laurentian Bank of Canada","LB.TO","0.641387","29.1074","Canada"
"1121","Voltage","3639.T","0.641632","1.41864","Japan"
"1122","Italmobiliare","ITM.MI","0.642217","30.5432","Italy"
"1123","Dr. Hönle AG","HNL.DE","0.642267","9.39613","Germany"
"1124","Tallink Grupp","T5N.F","0.642511","0.70063","Estonia"
"1125","PTC India","PTC.NS","0.642841","1.65249","India"
"1126","Milaha - Qatar Navigation","QNNS.QA","0.643199","2.78846","Qatar"
"1127","Scandinavian Tobacco Group","STG.CO","0.643244","11.0231","Denmark"
"1128","LGI Homes","LGIH","0.64368","58.25","United States"
"1129","Mitsubishi Steel Mfg.","5632.T","0.643708","15.1719","Japan"
"1130","China Oilfield Services","2883.HK","0.643748","0.944034","China"
"1131","LIC Housing Finance","LICHSGFIN.NS","0.643822","5.2821","India"
"1132","ZhongAn Insurance","6060.HK","0.644042","1.39309","China"
"1133","Wynnstay Group","WYN.L","0.64447","5.0923","United Kingdom"
"1134","Jindal Poly Films","JINDALPOLY.NS","0.644476","6.72866","India"
"1135","Ezdan Holding Group","ERES.QA","0.644549","0.224725","Qatar"
"1136","Neon Equity AG","D77.DE","0.644731","6.64491","Germany"
"1137","Bénéteau","BEN.PA","0.644904","6.99464","France"
"1138","Agora, Inc.","API","0.644904","4.23","China"
"1139","First Guaranty Bancshares","FGBI","0.645349","8.74","United States"
"1140","Amarin Corporation","AMRN","0.645759","13.84","Ireland"
"1141","T&amp;G Global","TGG.NZ","0.646251","1.45929","New Zealand"
"1142","Oji Holdings","3861.T","0.64631","5.4561","Japan"
"1143","DoubleDown Interactive","DDI","0.646476","12.79","United States"
"1144","DFDS A/S","DFDS.CO","0.647115","24.229","Denmark"
"1145","S Foods Inc.","2292.T","0.647714","18.436","Japan"
"1146","INOVEST","INOVEST.BH","0.647951","0.116","Bahrain"
"1147","BFF Bank","BFF.MI","0.648907","3.71648","Italy"
"1148","Nkarta","NKTX","0.648948","2.59","United States"
"1149","GBL","GBLB.VI","0.649578","85.7426","Belgium"
"1150","MGP Ingredients","MGPI","0.6506","17.95","United States"
"1151","NOVONIX","NVX","0.650806","0.4218","Australia"
"1152","NetDragon Websoft","0777.HK","0.650989","0.958067","China"
"1153","Sonaecom","SNC.LS","0.651023","3.40406","Portugal"
"1154","Abitare In S.p.A.","ABT.MI","0.651063","3.27582","Italy"
"1155","Signify","LIGHT.AS","0.651122","17.6381","Netherlands"
"1156","Tronox","TROX","0.651615","5.39","United States"
"1157","Aluminium Bahrain (Alba)","ALBH.BH","0.651769","0","Bahrain"
"1158","Bitcoin Group","ADE.DE","0.652057","33.3411","Germany"
"1159","Severfield","SFR.L","0.652402","0.526539","United Kingdom"
"1160","1&1","1U1.DE","0.653275","25.9384","Germany"
"1161","Canfor","CFP.TO","0.653365","10.5563","Canada"
"1162","Verve Group SE","VER.ST","0.653587","1.70287","Sweden"
"1163","Bank of Ayudhya","BAY.BK","0.653602","1.22175","Thailand"
"1164","Kuwait Investment Company","KINV.KW","0.653857","642.322","Kuwait"
"1165","B.P. Marsh &amp; Partners","BPM.L","0.653936","9.37266","United Kingdom"
"1166","S4 Capital","SFOR.L","0.654266","0.64437","United Kingdom"
"1167","Groupe SAMSE","SAMS.PA","0.654366","140.476","France"
"1168","illumin","ILLM.TO","0.654516","0.562811","Canada"
"1169","Pricer AB","PRIC-B.ST","0.654539","0.450978","Sweden"
"1170","TS TECH","7313.T","0.655109","11.5876","Japan"
"1171","PTT PCL","PTT-R.BK","0.655127","1.23702","Thailand"
"1172","Carmila","CARM.PA","0.655246","18.9088","France"
"1173","Biesse","BSS.MI","0.655275","6.3418","Italy"
"1174","Ternium","TX","0.655417","55.11","Luxembourg"
"1175","The Commercial Bank (P.S.Q.C.)","CBQK.QA","0.655718","1.15687","Qatar"
"1176","KinderCare Learning Companies","KLC","0.656621","2.61","United States"
"1177","Ascopiave","ASC.MI","0.65712","3.2117","Italy"
"1178","Elco Ltd.","ELCO.TA","0.657719","40.3651","Israel"
"1179","Delignit AG","DLX.DE","0.658295","2.84449","Germany"
"1180","SDIC Capital","600061.SS","0.658296","0.938667","China"
"1181","Sasa Polyester","SASA.IS","0.658616","0.0480335","Turkey"
"1182","Hanwha Solutions","009830.KS","0.658661","23.3628","South Korea"
"1183","TTEC","TTEC","0.658842","1.36","United States"
"1184","Subaru","7270.T","0.658926","16.4022","Japan"
"1185","IP Group","IPO.L","0.658941","0.979497","United Kingdom"
"1186","Neonode","NEON","0.658991","0.8971","Sweden"
"1187","Tsakos Energy Navigation","TEN","0.659359","42.63","Greece"
"1188","FCR Immobilien","FC9.DE","0.659983","11.308","Germany"
"1189","Geospace Technologies","GEOS","0.660727","5.37","United States"
"1190","Austevoll Seafood","AUSS.OL","0.660743","9.5156","Norway"
"1191","Toro Corp.","TORO","0.660749","6.11","Cyprus"
"1192","Norma Group","NOEJ.F","0.660815","23.2455","Germany"
"1193","Global Fashion Group","GFG.DE","0.662683","0.518769","Luxembourg"
"1194","Onex","ONEX.TO","0.663516","83.1806","Canada"
"1195","Pkp Cargo","PKP.WA","0.663598","2.87704","Poland"
"1196","OrganiGram Holdings","OGI","0.664342","1.26","Canada"
"1197","National Industrialization Company (Saudi Arabia)","2060.SR","0.665002","2.57564","Saudi Arabia"
"1198","Heiwado","8276.T","0.665801","17.0801","Japan"
"1199","Fonciere Inea","INEA.PA","0.66587","38.2374","France"
"1200","Solana Company","HSDT","0.666003","2.18","United States"
"1201","ALM Equity","ALM.ST","0.666022","4.78868","Sweden"
"1202","Air New Zealand","AIR.NZ","0.666054","0.244208","New Zealand"
"1203","Yang Ming","2609.TW","0.666493","1.99511","Taiwan"
"1204","Argosy Property","ARG.NZ","0.666504","0.613497","New Zealand"
"1205","Naspers","NPSNY","0.666551","9.59","South Africa"
"1206","GD Power Development","600795.SS","0.666875","0.764619","China"
"1207","Samsung Life Insurance","032830.KS","0.667029","205.824","South Korea"
"1208","Aiphone Co.,Ltd.","6718.T","0.667199","18.0029","Japan"
"1209","Yatsen Holding","YSG","0.667221","3","China"
"1210","Gévelot SA","ALGEV.PA","0.668012","227.326","France"
"1211","Electricity Generating Public Company","EGCO.BK","0.668406","4.00122","Thailand"
"1212","Nano Dimension","NNDM","0.668856","1.54","United States"
"1213","Anora Group","ANORA.HE","0.668875","4.58149","Finland"
"1214","First Northwest Bancorp","FNWB","0.668987","11.04","United States"
"1215","John Mattson Fastighetsföretagen","JOMA.ST","0.669024","6.23054","Sweden"
"1216","Crédit Agricole","ACA.PA","0.669115","22.342","France"
"1217","Kuwait Insurance Company","KINS.KW","0.669817","1499.84","Kuwait"
"1218","Vital KSK Holdings","3151.T","0.670256","10.4891","Japan"
"1219","Kuwait Resorts Company","MUNTAZAHAT.KW","0.670427","381.48","Kuwait"
"1220","Banque Cantonale du Jura","BCJ.SW","0.670503","96.4086","Switzerland"
"1221","Versant Media Group","VSNT","0.672097","39.33","United States"
"1222","TV Asahi Holdings Corporation","9409.T","0.672995","19.7416","Japan"
"1223","Umios (Maruha Nichiro Corporation)","1333.T","0.673244","8.1854","Japan"
"1224","MS Industrie","MSAG.DE","0.673503","1.45722","Germany"
"1225","Power Finance Corp","PFC.NS","0.67416","3.81831","India"
"1226","FORTEC Elektronik AG","FEV.DE","0.674582","13.2315","Germany"
"1227","Tauron Polska","TPE.WA","0.674687","2.25779","Poland"
"1228","Superior Industries International","SUP","0.674715","0.3249","United States"
"1229","Bank AlJazira","1020.SR","0.675547","3.2655","Saudi Arabia"
"1230","CapitaLand Ascott Trust","HMN.SI","0.676241","0.676579","Singapore"
"1231","Archosaur Games","9990.HK","0.676287","0.243663","China"
"1232","Groupe SFPI","SFPI.PA","0.676436","2.37818","France"
"1233","Homeland Interactive Technology","3798.HK","0.6765","0.144794","China"
"1234","Morabaha Marina Financing Company","4082.SR","0.676958","2.22406","Saudi Arabia"
"1235","Great Portland Estates","GPE.L","0.677093","4.76807","United Kingdom"
"1236","Bank of Nanjing","601009.SS","0.677292","1.7256","China"
"1237","Superior Resources","SPQ.AX","0.67749","0.00286123","Australia"
"1238","Aurora Cannabis","ACB","0.677558","3.94","Canada"
"1239","Apetit Oyj","APETIT.HE","0.677861","13.9893","Finland"
"1240","KT Corporation","KT","0.678612","18.95","South Korea"
"1241","Medifast","MED","0.678712","12","United States"
"1242","Gulf International Services","GISS.QA","0.678739","0.448901","Qatar"
"1243","Here Group Limited","HERE","0.678941","1.85","China"
"1244","Monro","MNRO","0.67938","12.86","United States"
"1245","Realia Business","RLIA.MC","0.679533","1.17743","Spain"
"1246","HelloFresh","HFG.DE","0.679663","3.37258","Germany"
"1247","Chubu Electric Power","9502.T","0.681183","18.2696","Japan"
"1248","IDI","IDIP.PA","0.681547","83.2362","France"
"1249","DATA MODUL","DAM.DE","0.681587","32.4085","Germany"
"1250","Link REIT","0823.HK","0.682025","5.00338","Hong Kong"
"1251","Linz Textil","LTH.VI","0.682062","194.684","Austria"
"1252","National Cement Company P.S.C.","NCC.AE","0.682212","1.36132","United Arab Emirates"
"1253","Bellway","BWY.L","0.682223","29.2623","United Kingdom"
"1254","Sinopec","600028.SS","0.682481","0.797346","China"
"1255","Knr Constructions","KNRCON.NS","0.682679","1.29495","India"
"1256","Shizuoka Gas","9543.T","0.682705","8.02847","Japan"
"1257","Charoen Pokphand Foods","CPF.BK","0.683097","0.723885","Thailand"
"1258","PhenixFIN","PFX","0.683175","54.41","United States"
"1259","STS Group","SF3.DE","0.683351","5.32758","Germany"
"1260","Unibail-Rodamco-Westfield","URW.PA","0.683588","120.599","France"
"1261","Eagle Point Credit Company","ECC","0.683709","3.86","United States"
"1262","IAC Inc.","IAC","0.683862","42.24","United States"
"1263","Simply Good Foods","SMPL","0.684145","10.97","United States"
"1264","DoubleUGames","192080.KS","0.684982","41.9592","South Korea"
"1265","Fresh Del Monte Produce","FDP","0.684991","29.22","Cayman Islands"
"1266","BrightSpire Capital","BRSP","0.68556","4.91","United States"
"1267","Eurocommercial Properties","ECMPA.AS","0.685563","31.5342","Netherlands"
"1268","Flagstar Bank","FLG","0.686028","13.42","United States"
"1269","Proximar Seafood","PROXI.OL","0.686236","0.0484372","Norway"
"1270","Alithya Group","ALYA.TO","0.687099","0.728768","Canada"
"1271","Société Foncière Lyonnaise","FLY.PA","0.687236","86.0641","France"
"1272","Kapsch TrafficCom","KTCG.VI","0.688028","5.37421","Austria"
"1273","Grainger plc","GRI.L","0.688167","2.42218","United Kingdom"
"1274","AGC","5201.T","0.688288","35.8739","Japan"
"1275","NewPrinces S.p.A.","NWL.MI","0.688447","18.3609","Italy"
"1276","MAG Interactive","MAGI.ST","0.688453","0.823021","Sweden"
"1277","Knowit","KNOW.ST","0.689348","9.93519","Sweden"
"1278","Formosa Taffeta","1434.TW","0.68938","0.555242","Taiwan"
"1279","accesso Technology Group","ACSO.L","0.689459","4.08692","United Kingdom"
"1280","Stellus Capital Investment Corporation","SCM","0.689646","8.79","United States"
"1281","Neowiz Games","095660.KQ","0.689759","13.1366","South Korea"
"1282","Stride Property Group","SPG.NZ","0.690078","0.670082","New Zealand"
"1283","AS Ekspress Grupp","EEG1T.TL","0.690145","1.46305","Estonia"
"1284","First Internet Bancorp","INBK","0.691274","28.57","United States"
"1285","Quantinuum Inc.","QNT","0.691676","71.1","United States"
"1286","Dexus","DXS.AX","0.691823","4.20601","Australia"
"1287","Nippon Light Metal Holdings Company","5703.T","0.692189","18.9884","Japan"
"1288","Banca Profilo","PRO.MI","0.692874","2.0063","Italy"
"1289","MariMed","MRMD","0.69321","0.08","United States"
"1290","Lenzing","LEN.F","0.693446","27.862","Austria"
"1291","Whirlpool","WHR","0.693651","40.13","United States"
"1292","Exor","EXO.AS","0.69373","82.1287","Netherlands"
"1293","TOMONY Holdings","8600.T","0.694259","6.77304","Japan"
"1294","Autosports Group","ASG.AX","0.69433","1.08369","Australia"
"1295","Greenlight Re","GLRE","0.694499","15.52","Cayman Islands"
"1296","Beach Energy","BPT.AX","0.694787","0.633047","Australia"
"1297","Amlak International Finance Company","1182.SR","0.694937","2.37055","Saudi Arabia"
"1298","MBM Resources","5983.KL","0.694941","1.21984","Malaysia"
"1299","Nippon Electric Glass","5214.T","0.695191","29.9294","Japan"
"1300","Blackstone Mortgage Trust","BXMT","0.696255","14.12","United States"
"1301","Osaka Steel","5449.T","0.696531","16.6658","Japan"
"1302","Nissan Shatai","7222.T","0.696835","5.96329","Japan"
"1303","Bank Danamon","BDMN.JK","0.696858","0.241175","Indonesia"
"1304","Orora Limited","ORA.AX","0.696907","1.08369","Australia"
"1305","Nachi-Fujikoshi","6474.T","0.697152","35.717","Japan"
"1306","STEICO SE","ST5.DE","0.697731","20.9839","Germany"
"1307","Taylor Wimpey","TW.L","0.697892","1.14134","United Kingdom"
"1308","Currys plc","CURY.L","0.697921","2.00395","United Kingdom"
"1309","Central Bank of India","CENTRALBK.NS","0.698347","0.320761","India"
"1310","TF1","TFI.PA","0.698413","8.12544","France"
"1311","Société Générale","GLE.PA","0.698821","88.7153","France"
"1312","Ratch Group","RATCH.BK","0.699151","1.12248","Thailand"
"1313","Danaos","DAC","0.699331","150.5","Greece"
"1314","SLR Investment","SLRC","0.699863","12.71","United States"
"1315","Fuyo General Lease","8424.T","0.69991","27.8078","Japan"
"1316","Saudi International Petrochemical Company (Sipchem)","2310.SR","0.699922","3.58779","Saudi Arabia"
"1317","HighPeak Energy","HPK","0.700319","8.13","United States"
"1318","Douglas Emmett","DEI","0.700325","11.95","United States"
"1319","Kuraray Co., Ltd.","3405.T","0.7008","11.2298","Japan"
"1320","Adient","ADNT","0.700814","18.98","Ireland"
"1321","Alstom","ALO.PA","0.700834","19.0021","France"
"1322","Big Yellow Group","BYG.L","0.701057","12.1926","United Kingdom"
"1323","CISO Global","CISO","0.701184","0.2131","United States"
"1324","Comscore","SCOR","0.701411","4.85","United States"
"1325","Coty","COTY","0.701517","2.79","United States"
"1326","Oil &amp; Natural Gas","ONGC.NS","0.701825","2.44468","India"
"1327","Kaneka Corporation","4118.T","0.701922","38.4475","Japan"
"1328","Atturra","ATA.AX","0.701936","0.286123","Australia"
"1329","Canaan","CAN","0.702074","0.36","China"
"1330","H&amp;R REIT","HR-UN.TO","0.702138","7.42478","Canada"
"1331","Fernheizwerk Neukölln","FHW.F","0.702302","22.1497","Germany"
"1332","Speedy Hire","SDY.L","0.702498","0.255056","United Kingdom"
"1333","China Resources Power Holdings","0836.HK","0.702519","2.33202","Hong Kong"
"1334","Shoe Carnival","SCVL","0.702773","17.43","United States"
"1335","Tata Chemicals","TATACHEM.NS","0.703125","6.54477","India"
"1336","B&amp;G Foods","BGS","0.703146","3.49","United States"
"1337","The Foschini Group","TFG.JO","0.703157","3.2673","South Africa"
"1338","Aimia","AIM.TO","0.703165","1.95541","Canada"
"1339","Asiya Capital Investments Company","ASIYA.KW","0.7032","135.637","Kuwait"
"1340","Oakley Capital Investments","OCI.L","0.70332","7.09305","Bermuda"
"1341","Bank of India","BANKINDIA.NS","0.703402","1.50026","India"
"1342","Solvac","SOLV.BR","0.703542","95.5934","Belgium"
"1343","Komeri Co.,Ltd.","8218.T","0.703932","24.2926","Japan"
"1344","BTB Real Estate Investment Trust","BTB-UN.TO","0.704102","2.79962","Canada"
"1345","Teac Corporation","6803.T","0.704414","0.627715","Japan"
"1346","Churchill China","CHH.L","0.705048","5.40631","United Kingdom"
"1347","Outset Medical","OM","0.70518","4.19","United States"
"1348","Genesco","GCO","0.705298","35.08","United States"
"1349","Aytu BioScience","AYTU","0.705509","2.31","United States"
"1350","Carlyle Secured Lending","CGBD","0.705571","11.45","United States"
"1351","Filana Therapeutics","FLNA","0.706289","0.93","United States"
"1352","Geratherm Medical","GME.DE","0.706945","2.98438","Germany"
"1353","China Tower","0788.HK","0.707001","1.18132","China"
"1354","NOK Corporation","7240.T","0.70712","18.8158","Japan"
"1355","Masraf Al Rayan","MARK.QA","0.70714","0.523077","Qatar"
"1356","Growthpoint Properties","GRT.JO","0.70743","1.0302","South Africa"
"1357","Xerox","XRX","0.70746","2.85","United States"
"1358","Dexelance","DEX.MI","0.707551","2.4831","Italy"
"1359","NACCO Industries","NC","0.70769","40.99","United States"
"1360","Yatra","YTRA","0.708091","0.9652","India"
"1361","Golden Matrix Group","GMGI","0.708106","0.6372","United States"
"1362","Riverview Bancorp","RVSB","0.708327","5.17","United States"
"1363","EML Payments","EML.AX","0.708554","0.17525","Australia"
"1364","Suntec REIT","T82U.SI","0.708607","1.21155","Singapore"
"1365","NTN Corporation","6472.T","0.70869","2.34075","Japan"
"1366","Hong Leong Capital","5274.KL","0.708694","0.769516","Malaysia"
"1367","HilleVax","HLVX","0.708721","2.09","United States"
"1368","PCC Exol","PCX.WA","0.708761","0.562958","Poland"
"1369","Burgan Company for Well Drilling","ABAR.KW","0.709311","727.095","Kuwait"
"1370","TFF Group","TFF.PA","0.709404","19.7016","France"
"1371","Vera Bradley","VRA","0.709563","3.17","United States"
"1372","Samsung SDI","006405.KS","0.709975","149.493","South Korea"
"1373","Nippon Television Holdings","9404.T","0.710143","18.9382","Japan"
"1374","Sumitomo Forestry","1911.T","0.71019","8.41766","Japan"
"1375","Türk Telekom","TTKOM.IS","0.710559","1.11246","Turkey"
"1376","PRA Group","PRAA","0.710646","20.17","United States"
"1377","Tessenderlo Group","TESB.BR","0.710842","24.4229","Belgium"
"1378","Shentel","SHEN","0.711553","12.3","United States"
"1379","Petco","WOOF","0.711874","2.88","United States"
"1380","MM Group (Mayr-Melnhof AG)","MYM.F","0.712235","90.5806","Austria"
"1381","Kyokuyo","1301.T","0.712236","29.8165","Japan"
"1382","Ping An Insurance","601318.SS","0.71225","8.18321","China"
"1383","Bank of Qingdao (BQD)","002948.SZ","0.712362","0.879163","China"
"1384","Pixelworks","PXLW","0.712477","6.74","United States"
"1385","Repay Holdings","RPAY","0.712507","3.84","United States"
"1386","PennantPark Floating Rate Capital Ltd.","PFLT","0.712616","7.46","United States"
"1387","JANOME Corporation","6445.T","0.712727","8.97005","Japan"
"1388","Wemade","112040.KQ","0.713699","11.23","South Korea"
"1389","Green Landscaping Group","GREEN.ST","0.714645","2.39434","Sweden"
"1390","Delta Corp","DELTACORP.NS","0.714699","0.641521","India"
"1391","Clere AG","CAG0.HM","0.71491","14.5722","Germany"
"1392","Siam Cement","SCC.BK","0.714953","7.4832","Thailand"
"1393","Séché Environnement","SCHP.PA","0.715031","95.0105","France"
"1394","Global Atomic","GLO.TO","0.715148","0.425716","Canada"
"1395","Grenevia","GEA.WA","0.715226","0.861864","Poland"
"1396","Gakken Holdings","9470.T","0.715339","6.60356","Japan"
"1397","Bank of Queensland","BOQ.AX","0.71534","4.57797","Australia"
"1398","Criteo","CRTO","0.716042","17.09","France"
"1399","MCI Capital Alternatywna Spólka Inwestycyjna","MCI.WA","0.7161","7.71361","Poland"
"1400","Deutsche EuroShop","DEQ.F","0.716293","21.1238","Germany"
"1401","Xior Student Housing","XIOR.BR","0.716314","31.709","Belgium"
"1402","Auna SA","AUNA","0.716432","5.31","Luxembourg"
"1403","BillerudKorsnäs","BILL.ST","0.716594","8.15128","Sweden"
"1404","Rengo Co., Ltd.","3941.T","0.716677","9.86768","Japan"
"1405","Nabaltec","NTG.DE","0.716782","15.155","Germany"
"1406","OPAL Fuels","OPAL","0.716923","2.1","United States"
"1407","Card Factory plc","CARD.L","0.717054","1.03944","United Kingdom"
"1408","Grace Therapeutics","GRCE","0.717703","2.18","United States"
"1409","The Saudi Arabian Amiantit Company","2160.SR","0.717866","3.50256","Saudi Arabia"
"1410","3P Learning","3PL.AX","0.717952","0.243205","Australia"
"1411","Autohome","ATHM","0.718259","21.85","China"
"1412","Bain Capital Specialty Finance","BCSF","0.718949","12.12","United States"
"1413","Findi Limited","FND.AX","0.71908","0.2897","Australia"
"1414","Grupo Aval","AVAL","0.719102","5.53","Colombia"
"1415","Indel B S.p.A.","INDB.MI","0.719251","22.5577","Italy"
"1416","Tokai Rika","6995.T","0.720193","19.4592","Japan"
"1417","Meitetsu","9048.T","0.720578","11.9831","Japan"
"1418","Südzucker","SZU.F","0.720858","14.782","Germany"
"1419","Brederode","BREB.BR","0.721047","121.474","Luxembourg"
"1420","Turkcell","TKC","0.721055","5.42","Turkey"
"1421","Qisda Corporation","2352.TW","0.72158","0.883054","Taiwan"
"1422","Burgan Bank","BURG.KW","0.721847","616.237","Kuwait"
"1423","Huya","HUYA","0.721901","2.15","China"
"1424","Portillo's","PTLO","0.721918","4.98","United States"
"1425","Jianzhi Education Technology Group","JZ","0.722013","2.32","China"
"1426","Hokkaido Gas","9534.T","0.722248","5.14099","Japan"
"1427","Mapletree Commercial Trust","N2IU.SI","0.72241","1.007","Singapore"
"1428","Eduform'action","ALEFA.PA","0.722471","0.326416","France"
"1429","Yamada Holdings","9831.T","0.722551","4.40279","Japan"
"1430","Care Property Invest NV","CPINV.BR","0.722655","14.2691","Belgium"
"1431","Japan Petroleum Exploration","1662.T","0.722837","11.732","Japan"
"1432","Cannae Holdings","CNNE","0.723688","15.39","United States"
"1433","Telephone and Data Systems","TDS","0.723781","33.09","United States"
"1434","Kraft Heinz","KHC","0.72392","25.67","United States"
"1435","Sime Darby","4197.KL","0.723981","0.616108","Malaysia"
"1436","Izumi Co., Ltd.","8273.T","0.724091","6.79815","Japan"
"1437","Lokum Deweloper","LKD.WA","0.724705","6.11675","Poland"
"1438","Neuphoria Therapeutics","NEUP","0.725532","3.95","United States"
"1439","Bank of Baroda","BANKBARODA.NS","0.725588","2.52064","India"
"1440","PVH Corp.","PVH","0.725623","77.03","United States"
"1441","Forsee Power","FORSE.PA","0.725822","0.307137","France"
"1442","Rhön-Klinikum","RHK.DE","0.726073","17.1369","Germany"
"1443","AlTi Global","ALTI","0.726244","4.11","United States"
"1444","Costamare Bulkers Holdings Limited","CMDB","0.726329","20.22","Monaco"
"1445","Saibu Gas Holdings","9536.T","0.726541","15.6991","Japan"
"1446","Kissei Pharmaceutical","4547.T","0.72656","25.5794","Japan"
"1447","Bank of Hangzhou","600926.SS","0.726701","2.47237","China"
"1448","Arata Corporation","2733.T","0.727336","17.0111","Japan"
"1449","Navkar Corp","NAVKARCORP.NS","0.727378","1.01212","India"
"1450","Kohnan Shoji","7516.T","0.727445","28.0589","Japan"
"1451","TAG Immobilien","TEG.F","0.727943","14.7703","Germany"
"1452","Vertu Motors","VTU.L","0.728041","1.1566","United Kingdom"
"1453","National CineMedia","NCMI","0.728446","2.67","United States"
"1454","MAX Automation","MXHN.DE","0.729109","4.08021","Germany"
"1455","Central Japan Railway","9022.T","0.729296","24.8826","Japan"
"1456","Nexi","NEXI.MI","0.729652","5.1737","Italy"
"1457","SergeFerrari Group","SEFER.PA","0.730002","9.09303","France"
"1458","SES S.A.","SESG.PA","0.730061","5.61903","Luxembourg"
"1459","Hepsor AS","HPR1T.TL","0.730851","5.82886","Estonia"
"1460","Fonar Corporation","FONR","0.73087","19.09","United States"
"1461","Home Invest Belgium","HOMI.BR","0.731438","22.3828","Belgium"
"1462","Akastor ASA","AKAST.OL","0.731469","1.44775","Norway"
"1463","Belpointe PREP, LLC","OZ","0.731535","48.02","United States"
"1464","Metropolitan Bank (Metrobank)","MTPOY","0.73256","21.886","Philippines"
"1465","EVN Group","EVN.F","0.732737","33.1079","Austria"
"1466","Daikoku Denki","6430.T","0.732969","15.7054","Japan"
"1467","gumi","3903.T","0.733277","1.76388","Japan"
"1468","Chubu Steel Plate","5461.T","0.733312","13.1443","Japan"
"1469","Chegg","CHGG","0.733474","0.8003","United States"
"1470","BSR Real Estate Investment Trust","HOM-UN.TO","0.733689","11.3572","Canada"
"1471","Wilmar International","F34.SI","0.734925","2.9502","Singapore"
"1472","Endava","DAVA","0.73498","3.18","United Kingdom"
"1473","Methode Electronics","MEI","0.735047","14.03","United States"
"1474","Drilling Tools International","DTI","0.735333","2.51","United States"
"1475","Commercial Facilities Company S.A.K.P.","FACIL.KW","0.735379","877.079","Kuwait"
"1476","MVV Energie","MVV1.F","0.735427","35.0898","Germany"
"1477","Axiata Group","6888.KL","0.735587","0.470122","Malaysia"
"1478","Winnebago Industries","WGO","0.736035","32.14","United States"
"1479","Hyosung TNC Corporation","298020.KS","0.73614","233.989","South Korea"
"1480","SYLA Technologies","SYT","0.737236","2.26","Japan"
"1481","Baidu","BIDU","0.737325","92.18","China"
"1482","Kossan Rubber Industries","7153.KL","0.737492","0.272176","Malaysia"
"1483","RenaissanceRe","RNR","0.737605","329.42","Bermuda"
"1484","Laurent-Perrier","LPE.PA","0.737765","97.6918","France"
"1485","Growthpoint Properties Australia","GOZ.AX","0.73789","1.50215","Australia"
"1486","The Shikoku Bank","8387.T","0.737949","21.2168","Japan"
"1487","Sumitomo Chemical","4005.T","0.738075","3.48445","Japan"
"1488","Guosen Securities","002736.SZ","0.738577","1.46974","China"
"1489","Two Harbors Investment","TWO","0.739522","12.18","United States"
"1490","Frontera Energy","FEC.TO","0.73983","5.9961","Canada"
"1491","Xperi","XPER","0.739929","6.19","United States"
"1492","Caleres","CAL","0.740266","13.65","United States"
"1493","Princes Group plc","PRN.L","0.740655","4.40025","United Kingdom"
"1494","Naked Wines","WINE.L","0.741152","0.967237","United Kingdom"
"1495","Chow Sang Sang Holdings","0116.HK","0.741253","2.06029","Hong Kong"
"1496","City Developments","C09.SI","0.741448","6.60845","Singapore"
"1497","Navios Maritime Partners","NMM","0.742193","89.72","Monaco"
"1498","Kyodo Printing","7914.T","0.742317","11.0415","Japan"
"1499","Topsports International","6110.HK","0.742448","0.149897","Hong Kong"
"1500","Arçelik","ARCLK.IS","0.742555","1.92654","Turkey"
"1501","Brandywine Realty Trust","BDN","0.743173","3.18","United States"
"1502","WIN Semiconductors","3105.TWO","0.743257","11.8891","Taiwan"
"1503","OneWater Marine","ONEW","0.743534","12.02","United States"
"1504","Genel Energy","GENL.L","0.743678","0.949069","United Kingdom"
"1505","Qatar Oman Investment Company","QOIS.QA","0.743757","0.20467","Qatar"
"1506","High Liner Foods","HLF.TO","0.743831","10.9243","Canada"
"1507","Lipocine","LPCN","0.743887","2.06","United States"
"1508","Hino Motors","7205.T","0.743905","2.42961","Japan"
"1509","Alpen Co.,Ltd.","3028.T","0.744303","14.8768","Japan"
"1510","Agricultural Bank of China","601288.SS","0.744335","1.019","China"
"1511","Zhejiang Zheneng Electric","600023.SS","0.744545","0.72743","China"
"1512","Everforth","EFOR","0.744746","32.5","United States"
"1513","Italian Wine Brands","IWB.MI","0.744816","21.8","Italy"
"1514","Klingelnberg AG","KLIN.SW","0.745023","13.8082","Switzerland"
"1515","LuxExperience","LUXE","0.745085","7.81","Germany"
"1516","Klöckner &amp; Co","KCO.DE","0.745098","14.2457","Germany"
"1517","MediPal Holdings Corporation","7459.T","0.745215","18.2602","Japan"
"1518","Keppel REIT","K71U.SI","0.745283","0.700181","Singapore"
"1519","Judo Capital Holdings","JDO.AX","0.745329","0.736767","Australia"
"1520","Regal Partners Limited","RPL.AX","0.745792","2.03147","Australia"
"1521","SJM Holdings","0880.HK","0.746224","0.18498","Hong Kong"
"1522","Glarner Kantonalbank","GLKBN.SW","0.746931","31.4727","Switzerland"
"1523","Redefine Properties","RDF.JO","0.747422","0.383359","South Africa"
"1524","Ellington Credit Company","EARN","0.747747","4.48","United States"
"1525","F.I.B.I. Holdings","FIBIH.TA","0.747921","102.363","Israel"
"1526","Eagle Bancorp","EGBN","0.748205","28.11","United States"
"1527","Keros Therapeutics","KROS","0.748301","10.78","United States"
"1528","SmartCentres REIT","SRU-UN.TO","0.748394","20.1963","Canada"
"1529","Schweiter Technologies","SWTQ.SW","0.748856","436.638","Switzerland"
"1530","Killam Apartment REIT","KMP-UN.TO","0.74984","13.6373","Canada"
"1531","Kyushu Electric Power Company","9508.T","0.749951","12.2624","Japan"
"1532","CBAK Energy Technology","CBAT","0.750041","0.8648","China"
"1533","Fragbite Group","FRAG.ST","0.750222","0.644103","Sweden"
"1534","Secure Trust Bank PLC","STB.L","0.750516","21.0558","United Kingdom"
"1535","UBE Corporation","4208.T","0.751106","22.1583","Japan"
"1536","Toyota Boshoku Corporation","3116.T","0.751111","14.0263","Japan"
"1537","Flushing Financial Corp","FFIC","0.751611","15.47","United States"
"1538","ATN International","ATNI","0.751715","30.94","United States"
"1539","Hexaom","ALHEX.PA","0.751986","31.1261","France"
"1540","Lands' End","LE","0.75208","12.26","United States"
"1541","Carnarvon Energy","CVN.AX","0.752308","0.0751073","Australia"
"1542","Austin Engineering","ANG.AX","0.752764","0.114449","Australia"
"1543","Gree","3632.T","0.752993","2.61757","Japan"
"1544","Millennium &amp; Copthorne Hotels New Zealand","MCK.NZ","0.753006","1.88814","New Zealand"
"1545","SAICO (Saudi Arabian Cooperative Insurance Company)","8100.SR","0.753232","2.87662","Saudi Arabia"
"1546","Siljansvik AB","SIVI.ST","0.753504","12.3979","Sweden"
"1547","Beazer Homes USA","BZH","0.754508","33.11","United States"
"1548","Árima Real Estate","ARM.MC","0.754553","11.8909","Spain"
"1549","Clarus","CLAR","0.755257","3.82","United States"
"1550","Stillfront Group","SF.ST","0.755672","0.687254","Sweden"
"1551","Seaboard Corporation","SEB","0.756017","4230.81","United States"
"1552","Peninsula Energy","PEN.AX","0.756999","0.225322","Australia"
"1553","Hartalega","5168.KL","0.757026","0.242484","Malaysia"
"1554","Imerys","NK.PA","0.75717","27.7687","France"
"1555","AEye","LIDR","0.757934","1.21","United States"
"1556","The Westaim Corporation","WED.V","0.758022","14.1064","Canada"
"1557","China Construction Bank","601939.SS","0.758551","1.58577","China"
"1558","LIXIL Corporation","5938.T","0.758567","11.1168","Japan"
"1559","ProSiebenSat.1 Media","PSM.F","0.758973","4.32035","Germany"
"1560","Viña Concha y Toro","CONCHATORO.SN","0.758995","0.981881","Chile"
"1561","Michelmersh Brick Holdings plc","MBH.L","0.759009","1.04761","United Kingdom"
"1562","LG Uplus Corp.","032640.KS","0.759108","10.7678","South Korea"
"1563","Birchcliff Energy","BIR.TO","0.759298","4.60351","Canada"
"1564","Tose Software","4728.T","0.75936","4.09898","Japan"
"1565","Aljazira Takaful Taawuni Company","8012.SR","0.759417","3.10569","Saudi Arabia"
"1566","Franchi Umberto Marmi","FUM.MI","0.75948","3.67218","Italy"
"1567","Boyaa Interactive","0434.HK","0.760992","0.387819","China"
"1568","Lundbergföretagen","LUND-B.ST","0.761141","60.2531","Sweden"
"1569","Chicago Atlantic BDC","LIEN","0.761477","10.15","United States"
"1570","OSB Group Plc","OSB.L","0.761624","6.95457","United Kingdom"
"1571","Fresenius Medical Care","FMS","0.76171","23.53","Germany"
"1572","Hurco Companies","HURC","0.762003","22.64","United States"
"1573","Shankara Building","SHANKARA.NS","0.762491","1.52544","India"
"1574","The Securities House","SECH.KW","0.762774","271.275","Kuwait"
"1575","Shanghai Commercial and Savings Bank","5876.TW","0.762934","1.37242","Taiwan"
"1576","Arab Insurance Group","ARIG.BH","0.763181","0.54","Bahrain"
"1577","Gaxos.ai","GXAI","0.763385","0.8466","United States"
"1578","British Land","BLND.L","0.763552","5.87971","United Kingdom"
"1579","FMC Corporation","FMC","0.763587","11.28","United States"
"1580","Melco International Development","0200.HK","0.763792","0.416523","Hong Kong"
"1581","VirTra","VTSI","0.763907","2.99","United States"
"1582","Industrial Securities","601377.SS","0.763993","0.867263","China"
"1583","Angel Oak Mortgage REIT","AOMR","0.764485","8.46","United States"
"1584","Nipro Corporation","8086.T","0.764533","9.89592","Japan"
"1585","Boardwalk Real Estate Investment Trust","BEI-UN.TO","0.764673","47.2617","Canada"
"1586","SYLA Holdings","8887.T","0.765302","2.42298","Japan"
"1587","Timbercreek Financial","TF.TO","0.765402","4.37983","Canada"
"1588","Pantheon Resources","PANR.L","0.76541","0.187317","United Kingdom"
"1589","Sunrise Communications AG","SUNN.SW","0.765504","53.2673","Switzerland"
"1590","Korean Air Lines","003495.KS","0.766382","15.5632","South Korea"
"1591","SunCar Technology Group","SDA","0.766609","0.7","China"
"1592","Groupe LDLC","ALLDL.PA","0.767229","14.5255","France"
"1593","SM Investments Corporation","SVTMF","0.767545","10.153","Philippines"
"1594","Stora Enso","STEAV.HE","0.76789","11.6344","Finland"
"1595","Armada Hoffler Properties","AHH","0.767986","6.25","United States"
"1596","Müller - Die lila Logistik","MLL.DE","0.768054","5.10609","Germany"
"1597","HiPay Group","ALHYP.PA","0.768111","6.0387","France"
"1598","Kezar Life Sciences","KZR","0.768575","7.29","United States"
"1599","Botanix Pharmaceuticals","BOT.AX","0.768673","0.0150215","Australia"
"1600","Wienerberger","WIB.F","0.76926","22.546","Austria"
"1601","Lufthansa","LHA.DE","0.769909","9.28188","Germany"
"1602","Argan SA","ARG.PA","0.770087","86.034","France"
"1603","Outokumpu","OUT1V.HE","0.770101","6.44672","Finland"
"1604","Nautilus Biotechnology","NAUT","0.770226","0.8753","United States"
"1605","Groupe CRIT","CEN.PA","0.770399","61.3197","France"
"1606","ZoomInfo","GTM","0.770446","3.9","United States"
"1607","Heidelberger Druckmaschinen","HDD.DE","0.771188","1.67638","Germany"
"1608","GB Group (GBG)","GBG.L","0.771769","2.12299","United Kingdom"
"1609","Retail Estates NV","RET.BR","0.771884","77.1742","Belgium"
"1610","Shanghai International Port Group (SIPG)","600018.SS","0.771927","0.779495","China"
"1611","Companhia de Saneamento do Paraná (SANEPAR)","SAPR4.SA","0.772564","1.25034","Brazil"
"1612","Acinque","AC5.MI","0.772623","2.42481","Italy"
"1613","Mitsui Chemicals","4183.T","0.772697","13.3264","Japan"
"1614","Interfor","IFP.TO","0.772751","10.3326","Canada"
"1615","Century Communities","CCS","0.772955","69.41","United States"
"1616","Umm Al-Qura Cement Company","3005.SR","0.773096","3.30812","Saudi Arabia"
"1617","Molson Coors","TAP","0.773316","42.99","United States"
"1618","Stanley Electric","6923.T","0.773502","22.6605","Japan"
"1619","Exco Technologies Limited","XTC.TO","0.774183","6.03218","Canada"
"1620","Excel Industries","EXCELINDUS.NS","0.774336","11.0626","India"
"1621","Aedifica","AED.BR","0.774833","80.5549","Belgium"
"1622","Erdemir","EREGL.IS","0.774945","0.790162","Turkey"
"1623","Acacia Research","ACTG","0.775912","4.51","United States"
"1624","Pharol, SGPS S.A.","PHR.LS","0.775935","0.104686","Portugal"
"1625","Daiichi Kensetsu","1799.T","0.776276","20.6518","Japan"
"1626","Skel fjárfestingafélag","SKEL.IC","0.776475","0.13975","Iceland"
"1627","naturenergie holding","NEAG.SW","0.776482","37.9415","Switzerland"
"1628","American Woodmark","AMWD","0.776862","48.09","United States"
"1629","The People's Insurance Company (PICC)","601319.SS","0.777183","1.05619","China"
"1630","Universal Corporation","UVV","0.77742","45.62","United States"
"1631","Accuray","ARAY","0.777762","0.2716","United States"
"1632","O-I Glass","OI","0.777956","7.25","United States"
"1633","Vesuvius plc","VSVS.L","0.777986","5.30754","United Kingdom"
"1634","Beyond Air","XAIR","0.778331","4.91","United States"
"1635","Eagle Nice","2368.HK","0.778347","0.369959","Hong Kong"
"1636","York Space Systems","YSS","0.778361","9.76","United States"
"1637","Wolftank-Adisa Holding","WOLF.VI","0.779009","3.97529","Austria"
"1638","Sri Trang Gloves","STGT.BK","0.779226","0.323763","Thailand"
"1639","Great Elm Capital","GECC","0.779285","6.03","United States"
"1640","Boundless Bio","BOLD","0.779482","2.96","United States"
"1641","Mirza International","MIRZAINT.NS","0.779516","0.338105","India"
"1642","National Gypsum Company","2090.SR","0.77964","3.6677","Saudi Arabia"
"1643","NSK Ltd.","6471.T","0.779741","6.95508","Japan"
"1644","Globant","GLOB","0.78007","39.58","Luxembourg"
"1645","Aqar Real Estate Investments Company","AQAR.KW","0.780152","329.312","Kuwait"
"1646","Hope Bancorp","HOPE","0.780421","13.95","United States"
"1647","goeasy","GSY.TO","0.780451","30.2258","Canada"
"1648","Electrica","ECEA.F","0.781056","15.155","Romania"
"1649","Haw Par","H02.SI","0.781092","11.7772","Singapore"
"1650","Saudi Investment Bank","1030.SR","0.781394","3.81685","Saudi Arabia"
"1651","Walker &amp; Dunlop","WD","0.781629","39.48","United States"
"1652","G-III Apparel Group","GIII","0.781765","33.8","United States"
"1653","VS Media","VSME","0.781924","1.17","Hong Kong"
"1654","Hennessy Advisors","HNNA","0.782411","9.9","United States"
"1655","Telkom SA","TKG.JO","0.782852","3.35596","South Africa"
"1656","Deutsche Bank","DB","0.783111","38.42","Germany"
"1657","Metro Bank Holdings","MTRO.L","0.783789","2.31791","United Kingdom"
"1658","Titan Machinery","TITN","0.784038","19.06","United States"
"1659","Svenska Cellulosa Aktiebolaget (SCA)","SCA-B.ST","0.784097","11.9085","Sweden"
"1660","Kyokuto Kaihatsu Kogyo","7226.T","0.784278","14.7576","Japan"
"1661","Warba Insurance and Reinsurance Company","WINSRE.KW","0.784758","554.288","Kuwait"
"1662","Foxtons Group","FOXT.L","0.785159","0.527125","United Kingdom"
"1663","China National Nuclear Power","601985.SS","0.785355","1.31503","China"
"1664","Iguatemi","IGTI3.SA","0.785529","0.611579","Brazil"
"1665","Saratoga Investment","SAR","0.785658","18.49","United States"
"1666","SHB (Saigon - Hanoi Commercial Joint Stock Bank)","SHB.VN","0.785706","0.460416","Vietnam"
"1667","Blue Owl Capital Corporation","OBDC","0.78583","11.4","United States"
"1668","Maytronics","MTRN.TA","0.786297","0.933296","Israel"
"1669","AB Akola Group","AKO1L.VS","0.786317","2.06925","Lithuania"
"1670","Travis Perkins","TPK.L","0.786568","8.84136","United Kingdom"
"1671","Transocean","RIG","0.78667","5.77","Switzerland"
"1672","National Industries Group Holding","NIND.KW","0.786811","779.263","Kuwait"
"1673","Fukuyama Transporting","9075.T","0.786953","40.1738","Japan"
"1674","Farmer Brothers","FARM","0.787746","1.28","United States"
"1675","Obsidian Energy","OBE","0.788117","11.52","Canada"
"1676","Arena REIT","ARF.AX","0.788126","1.75966","Australia"
"1677","JTEKT Corporation","6473.T","0.788126","12.8838","Japan"
"1678","Electrosteel Castings","ELECTCAST.NS","0.788145","0.797618","India"
"1679","Adaro Energy","ADRO.JK","0.788815","0.148546","Indonesia"
"1680","Kilroy Realty","KRC","0.789097","36.88","United States"
"1681","Helen of Troy","HELE","0.789179","28.58","United States"
"1682","Altarea","ALTA.PA","0.789179","115.178","France"
"1683","SIG plc","SHI.L","0.789415","0.117158","United Kingdom"
"1684","Future Kid Entertainment and Real Estate Company","FUTUREKID.KW","0.78964","285.621","Kuwait"
"1685","RGP (Resources Connection)","RGP","0.78967","4.28","United States"
"1686","Bank Negara Indonesia","BBNI.JK","0.789711","0.207851","Indonesia"
"1687","Castellum","CAST.ST","0.789741","14.0819","Sweden"
"1688","Bank of Chengdu","601838.SS","0.790124","2.78476","China"
"1689","Ricoh Company","7752.T","0.790125","10.5268","Japan"
"1690","Tohokushinsha Film","2329.T","0.791361","3.15113","Japan"
"1691","Cathay Real Estate Development","2501.TW","0.791609","0.718364","Taiwan"
"1692","Orascom Development","ODHN.SW","0.7923","6.66163","Switzerland"
"1693","RATH Aktiengesellschaft","RAT.VI","0.79245","27.5122","Austria"
"1694","Perrigo","PRGO","0.792475","14.27","Ireland"
"1695","Fuji Co., Ltd.","8278.T","0.792921","13.3264","Japan"
"1696","PMV Pharmaceuticals","PMVP","0.793056","1.305","United States"
"1697","Fidelis Insurance","FIHL","0.79314","20.71","Bermuda"
"1698","Cromwell Property Group","CMW.AX","0.793282","0.2897","Australia"
"1699","FORIS AG","FRS.DE","0.793572","3.49732","Germany"
"1700","Villar International","VILR.TA","0.793618","54.9311","Israel"
"1701","Becle","CUERVO.MX","0.794289","0.865094","Mexico"
"1702","Empire State Realty Trust","ESRT","0.794356","4.73","United States"
"1703","Lincoln National Corporation","LNC","0.79451","42.38","United States"
"1704","City Cement Company","3003.SR","0.796003","2.72214","Saudi Arabia"
"1705","United Tractors","UNTR.JK","0.796289","1.36261","Indonesia"
"1706","Alfresa Holdings Corporation","2784.T","0.797233","14.5567","Japan"
"1707","Nishi-Nippon Railroad","9031.T","0.797515","19.5094","Japan"
"1708","Holley","HLLY","0.797661","3","United States"
"1709","Novaturas AB","NTU1L.VS","0.797994","0.83003","Lithuania"
"1710","Inogen","INGN","0.79801","5.5","United States"
"1711","Arabian Cement Company","3010.SR","0.798652","5.81717","Saudi Arabia"
"1712","Sofina","SOF.VI","0.79905","283.982","Belgium"
"1713","Grupo Catalana Occidente","GCO.MC","0.799321","53.2104","Spain"
"1714","Medmix","MEDX.SW","0.799662","10.8226","Switzerland"
"1715","Showa Sangyo","2004.T","0.800172","23.6962","Japan"
"1716","Fiverr","FVRR","0.800717","9.37","Israel"
"1717","Entra","ENTRA.OL","0.801296","11.2984","Norway"
"1718","Al Imtiaz Investment Group Company","ALIMTIAZ.KW","0.801504","233.127","Kuwait"
"1719","Jardine Matheson","J36.SI","0.801654","60.8","Hong Kong"
"1720","Byggmästare Anders J Ahlström","AJA-B.ST","0.802175","5.73589","Sweden"
"1721","Nippon Ichi Software","3851.T","0.80262","7.94687","Japan"
"1722","Sumitomo Rubber Industries","5110.T","0.8028","14.3778","Japan"
"1723","Datalogic S.p.A.","DAL.MI","0.803139","6.60993","Italy"
"1724","YAKUODO HOLDINGS","7679.T","0.803218","10.646","Japan"
"1725","Isras Investment Company","ISRS.TA","0.803324","264.356","Israel"
"1726","Metall Zug AG","METN.SW","0.803699","1020.07","Switzerland"
"1727","Guangzhou Baiyunshan Pharmaceutical Holdings","600332.SS","0.804774","3.0079","China"
"1728","Foxconn Technology Co., Ltd.","2354.TW","0.805637","1.89786","Taiwan"
"1729","Nordecon AS","NCN1T.TL","0.80578","0.706458","Estonia"
"1730","Sogefi S.p.A.","SGF.MI","0.806045","2.38983","Italy"
"1731","Boston Omaha","BOC","0.80619","14","United States"
"1732","Springfield Properties","SPR.L","0.806932","1.53079","United Kingdom"
"1733","Quest Resource Holding","QRHC","0.807445","1.48","United States"
"1734","Grieg Seafood","GSF.OL","0.809037","3.22198","Norway"
"1735","Kingboard Holdings","0148.HK","0.809931","6.4998","Hong Kong"
"1736","Forestar Group","FOR","0.810018","28.9","United States"
"1737","Patrimoine et Commerce SA","PAT.PA","0.810019","29.8438","France"
"1738","Land Securities Group","LAND.L","0.810022","9.44759","United Kingdom"
"1739","Gulf Hotels Group","GHG.BH","0.810197","0.795756","Bahrain"
"1740","GAG Immobilien","GWK3.HM","0.810651","56.4234","Germany"
"1741","Centuria Industrial REIT","CIP.AX","0.810738","2.12446","Australia"
"1742","Bellevue Group","BBN.SW","0.811104","8.98155","Switzerland"
"1743","Stratasys","SSYS","0.811574","7.65","Israel"
"1744","Nippon Shinyaku","4516.T","0.811677","22.1646","Japan"
"1745","Guaranty Trust Bank","9JO.F","0.811946","2.67857","Nigeria"
"1746","TBS Holdings","9401.T","0.812507","37.0101","Japan"
"1747","Abacus Storage King","ASK.AX","0.812756","0.947783","Australia"
"1748","Green Dot","GDOT","0.813122","13.42","United States"
"1749","Montea Comm","MONT.BR","0.813195","77.7571","Belgium"
"1750","Kuwait Portland Cement","PCEM.KW","0.813258","2028.04","Kuwait"
"1751","Pebblebrook Hotel Trust","PEB","0.813784","18.32","United States"
"1752","GOLDCREST Co.,Ltd.","8871.T","0.813796","20.9971","Japan"
"1753","Gimv NV","GIMB.BR","0.813797","51.7603","Belgium"
"1754","Huatai Securities","601688.SS","0.813817","2.76542","China"
"1755","Gerresheimer","GXI.F","0.814419","30.7764","Germany"
"1756","Sto SE &amp; Co. KGaA","STO3.DE","0.814774","112.614","Germany"
"1757","Al Manar Financing and Leasing Company","ALMANAR.KW","0.815231","358.657","Kuwait"
"1758","United Internet","UTDI.F","0.815266","28.8412","Germany"
"1759","CTP N.V.","CTPNV.AS","0.815683","16.8571","Netherlands"
"1760","Takasago International Corporation","4914.T","0.815958","8.23562","Japan"
"1761","Freelance.com SA","ALFRE.PA","0.816302","3.14759","France"
"1762","Sinad Holding Company","4080.SR","0.816591","2.23471","Saudi Arabia"
"1763","BEST S.A.","BST.WA","0.816709","9.2022","Poland"
"1764","Valeo","FR.PA","0.817234","16.3092","France"
"1765","Ayvens","AYV.PA","0.817276","13.5346","France"
"1766","Property For Industry","PFI.NZ","0.817307","1.41164","New Zealand"
"1767","TCL Technology Group Corporation","000100.SZ","0.817393","0.730405","China"
"1768","Sirius XM","SIRI","0.817454","28.45","United States"
"1769","Mega Uranium","MGA.TO","0.817965","0.461794","Canada"
"1770","Fasadgruppen Group","FG.ST","0.818014","2.00809","Sweden"
"1771","SWK Holdings","SWKH","0.818068","15.9","United States"
"1772","Old Mutual","OMU.JO","0.818102","0.780455","South Africa"
"1773","DATRON AG","DAR.DE","0.818222","9.44276","Germany"
"1774","Shikoku Electric Power Company","9507.T","0.818608","11.9956","Japan"
"1775","RLJ Lodging Trust","RLJ","0.818701","11.53","United States"
"1776","Kuwait Business Town Real Estate Company","KBT.KW","0.818915","254.32","Kuwait"
"1777","Context Therapeutics","CNTX","0.81913","0.4654","United States"
"1778","Land and Houses","LH.BK","0.820027","0.11179","Thailand"
"1779","Kameda Seika","2220.T","0.820224","8.70641","Japan"
"1780","CPI Property Group","O5G.DE","0.820308","0.856843","Luxembourg"
"1781","Hana Financial Group","086790.KS","0.82032","94.4623","South Korea"
"1782","KEPCO","9503.T","0.820462","16.2672","Japan"
"1783","Shinagawa Refractories","5351.T","0.820525","13.1443","Japan"
"1784","Suzuken Co., Ltd.","9987.T","0.820707","31.8314","Japan"
"1785","Helloworld Travel","HLO.AX","0.82206","1.12661","Australia"
"1786","SHL Finance Company","1183.SR","0.822151","3.85148","Saudi Arabia"
"1787","Ranpak","PACK","0.822429","5.03","United States"
"1788","Motorcar Parts of America","MPAA","0.822781","11.56","United States"
"1789","Kangwon Land","035250.KS","0.822854","10.4428","South Korea"
"1790","Slate Grocery REIT","SGR-UN.TO","0.822912","11.6819","Canada"
"1791","OPmobility","OPM.PA","0.823301","14.5722","France"
"1792","Aichi Steel","5482.T","0.823412","20.1183","Japan"
"1793","White Mountains Insurance Group","WTM","0.824029","2132.3","Bermuda"
"1794","Zengame Technology","2660.HK","0.824788","0.293416","China"
"1795","The Greenbrier Companies","GBX","0.824963","46.08","United States"
"1796","HBM Healthcare Investments","HBMN.SW","0.825307","292.336","Switzerland"
"1797","The Ehime Bank","8541.T","0.825532","19.2395","Japan"
"1798","Swatch","UHR.SW","0.825653","233.184","Switzerland"
"1799","Phio Pharmaceuticals","PHIO","0.82567","1.17","United States"
"1800","Zhuzhou CRRC Times Electric","3898.HK","0.826002","4.07466","Hong Kong"
"1801","Voltalia","VLTSA.PA","0.826108","7.86897","France"
"1802","Crown Crafts","CRWS","0.826158","2.98","United States"
"1803","Tadano","6395.T","0.826205","8.60597","Japan"
"1804","Nichireki Group","5011.T","0.826235","14.5881","Japan"
"1805","GungHo Online Entertainment","3765.T","0.82661","15.2723","Japan"
"1806","Innovative Industrial Properties","IIPR","0.826614","56.8","United States"
"1807","Bangchak Corporation","BCP.BK","0.826749","1.51955","Thailand"
"1808","Icelandair","ICEAIR.IC","0.827114","0.0061027","Iceland"
"1809","Sukoon Insurance","SUKOON.AE","0.82724","1.63359","United Arab Emirates"
"1810","Ally Financial","ALLY","0.827297","42.45","United States"
"1811","Baladna","BLDN.QA","0.827341","0.343407","Qatar"
"1812","Piedmont Realty Trust","PDM","0.827789","9.81","United States"
"1813","Oramed Pharmaceuticals","ORMP","0.827879","4.82","United States"
"1814","Hanwa Co., Ltd.","8078.T","0.827901","11.7257","Japan"
"1815","Mochida Pharmaceutical","4534.T","0.828182","20.7774","Japan"
"1816","Growens S.p.A.","GROW.MI","0.828447","2.19748","Italy"
"1817","Semperit","SEM.VI","0.828453","20.0513","Austria"
"1818","NextDecade Corp","NEXT","0.828961","7.35","United States"
"1819","Ascencio","ASCE.BR","0.829379","61.2031","Belgium"
"1820","American Well","AMWL","0.829433","11.92","United States"
"1821","Evotec","EVO","0.829492","1.89","Germany"
"1822","Valiant Holding","VATN.SW","0.83097","186.846","Switzerland"
"1823","The RMR Group","RMR","0.831103","19.68","United States"
"1824","Banc of California","BANC","0.831549","18.65","United States"
"1825","Gevo","GEVO","0.831917","1.53","United States"
"1826","MainStreet Bancshares","MNSB","0.832069","25.12","United States"
"1827","Sasol","SSL","0.832521","12.27","South Africa"
"1828","NL Industries","NL","0.832609","6.43","United States"
"1829","Avantium N.V.","AVTX.AS","0.83272","5.79389","Netherlands"
"1830","Gerdau","GGB","0.83286","4.33","Brazil"
"1831","Asahi Group","2502.T","0.832869","10.5958","Japan"
"1832","Asphere Innovations","AS.BK","0.83304","0.0702505","Thailand"
"1833","Manitou Group","MTU.PA","0.8332","24.7727","France"
"1834","RFA Financial Inc.","RFA.TO","0.834249","18.9913","Canada"
"1835","Pareto Bank","PARB.OL","0.834262","6.51915","Norway"
"1836","Walaa Cooperative Insurance Company","8060.SR","0.834845","2.98317","Saudi Arabia"
"1837","HMM","011200.KS","0.83493","16.3576","South Korea"
"1838","Carlo Gavazzi Holding","GAV.SW","0.834932","192.817","Switzerland"
"1839","Frasers Logistics &amp; Industrial Trust","BUOU.SI","0.835001","0.747384","Singapore"
"1840","Greencoat UK Wind","UKW.L","0.835603","1.50147","United Kingdom"
"1841","Kearny Financial","KRNY","0.835622","9.82","United States"
"1842","Solar A/S","SOLAR-B.CO","0.835664","32.3522","Denmark"
"1843","Aterian","ATER","0.836004","0.4432","United States"
"1844","Citizens Inc","CIA","0.836031","3.94","United States"
"1845","Zeria Pharmaceutical","4559.T","0.836306","12.9937","Japan"
"1846","Al-Mazaya Holding Company","MAZAYA.KW","0.836815","247.147","Kuwait"
"1847","Dole PLC","DOLE","0.837074","13.46","Ireland"
"1848","Compagnie des Alpes","CDA.PA","0.837274","23.8401","France"
"1849","Mesaieed Petrochemical Holding Company","MPHC.QA","0.837852","0.290659","Qatar"
"1850","Dream Finders Homes","DFH","0.837889","14.76","United States"
"1851","Imagineer","4644.T","0.838317","6.63495","Japan"
"1852","Embracer Group","EMBRAC-B.ST","0.838422","7.91868","Sweden"
"1853","COLOPL","3668.T","0.838565","2.73684","Japan"
"1854","Powszechny Zakład Ubezpieczeń","PZU.WA","0.838751","19.6277","Poland"
"1855","Arabia Insurance Cooperative Company","8160.SR","0.838789","2.32794","Saudi Arabia"
"1856","Quantum-Si","QSI","0.838816","0.7693","United States"
"1857","Aspen Pharmacare","APN.JO","0.838833","9.25807","South Africa"
"1858","PowerFleet","AIOT","0.838886","3.01","United States"
"1859","Denso","6902.T","0.838969","12.0615","Japan"
"1860","Coast Investment &amp; Development Company","COAST.KW","0.839161","297.359","Kuwait"
"1861","TINC NV","TINC.BR","0.839269","13.01","Belgium"
"1862","Doosan Bobcat","241560.KS","0.839365","44.1257","South Korea"
"1863","Thyssenkrupp","TKA.F","0.839874","15.8312","Germany"
"1864","Synergie SE","SDG.PA","0.840701","32.7582","France"
"1865","OraSure Technologies","OSUR","0.840855","3.82","United States"
"1866","Iren","IRE.MI","0.841466","2.9191","Italy"
"1867","Starwood Property Trust","STWD","0.841838","16.29","United States"
"1868","Rain Industries","RAIN.NS","0.842126","2.10824","India"
"1869","TPBank (Tien Phong Commercial Joint Stock Bank)","TPB.VN","0.84223","0.552117","Vietnam"
"1870","Vaudoise Assurances","VAHN.SW","0.842234","955.378","Switzerland"
"1871","Clairvest Group","CVG.TO","0.84239","58.5684","Canada"
"1872","Kyushu Financial Group","7180.T","0.842423","9.58834","Japan"
"1873","Mitsui O.S.K. Lines","9104.T","0.84243","45.2833","Japan"
"1874","Husqvarna","HUSQ-A.ST","0.842786","3.97829","Sweden"
"1875","Teladoc Health","TDOC","0.842942","6.2","United States"
"1876","Idemitsu Kosan","5019.T","0.842977","8.65305","Japan"
"1877","Enzo Biochem","ENZB","0.843076","0.69887","United States"
"1878","Zee Entertainment","ZEEL.NS","0.843223","1.09602","India"
"1879","Pathfinder Bancorp","PBHC","0.843364","16.6","United States"
"1880","Indian Oil","IOC.NS","0.843605","1.45105","India"
"1881","Summit State Bank","SSBI","0.843677","12.8","United States"
"1882","Smart Sand","SND","0.843928","4.66","United States"
"1883","AS Tallinna Sadam","TSM1T.TL","0.843932","1.43157","Estonia"
"1884","HomeCo Daily Needs REIT","HDN.AX","0.84406","0.815451","Australia"
"1885","AlphaTON Capital Corp","ATON","0.844204","0.32","British Virgin Islands"
"1886","Hufvudstaden AB","HUFV-A.ST","0.84504","12.7242","Sweden"
"1887","Autobacs Seven","9832.T","0.846421","9.74214","Japan"
"1888","Costamare","CMRE","0.846763","15.58","Monaco"
"1889","RBB Bancorp","RBB","0.846986","26.59","United States"
"1890","Harworth Group","HWG.L","0.847204","2.43866","United Kingdom"
"1891","Nichiha Corporation","7943.T","0.847317","19.4905","Japan"
"1892","Gulf General Cooperative Insurance Company","8260.SR","0.848516","1.1613","Saudi Arabia"
"1893","Muehlhan AG","M4N.HM","0.848592","1.60877","Germany"
"1894","Colbún","COLBUN.SN","0.848936","0.158382","Chile"
"1895","Sekisui Jushi Corporation","4212.T","0.84906","18.0029","Japan"
"1896","AH Realty Trust","AHRT","0.8491","6.73","United States"
"1897","Kingfisher","KGF.L","0.849286","4.37572","United Kingdom"
"1898","X-FAB","XFAB.PA","0.849322","6.84892","Belgium"
"1899","Vend Marketplaces","VENDA.OL","0.849585","35.6446","Norway"
"1900","Roularta Media Group","ROU.BR","0.849716","14.2807","Belgium"
"1901","Formycon AG","FYB.DE","0.849806","22.4295","Germany"
"1902","Regional Management Corp.","RM","0.850047","34.63","United States"
"1903","United Super Markets Holdings","3222.T","0.850126","5.27908","Japan"
"1904","The Oita Bank","8392.T","0.850318","17.3689","Japan"
"1905","Zain Saudi Arabia","7030.SR","0.850641","2.78606","Saudi Arabia"
"1906","CM Bank","3968.HK","0.85109","6.29951","China"
"1907","N-Able","NABL","0.851319","3.6","United States"
"1908","Mondi","MNDI.L","0.851709","11.769","United Kingdom"
"1909","Microlise","SAAS.L","0.851983","0.673115","United Kingdom"
"1910","OnKure Therapeutics","OKUR","0.852378","3.89","United States"
"1911","Latitude Group Holdings","LFS.AX","0.852592","0.668813","Australia"
"1912","Heimar","HEIMAR.IC","0.853014","0.284462","Iceland"
"1913","NV Bekaert","BEKB.BR","0.853243","44.1245","Belgium"
"1914","Karoon Energy","KAR.AX","0.85371","1.26252","Australia"
"1915","InterRent Real Estate Investment Trust","IIP-UN.TO","0.854286","9.76982","Canada"
"1916","MaxCyte","MXCT","0.854488","1.39","United States"
"1917","Mainstreet Equity","MEQ.TO","0.854501","122.491","Canada"
"1918","General Insurance Corporation of India","GICRE.NS","0.855211","3.67203","India"
"1919","Storskogen Group","STOR-B.ST","0.855227","1.14402","Sweden"
"1920","TV TOKYO Holdings","9413.T","0.855591","21.7189","Japan"
"1921","Emeco Holdings","EHL.AX","0.855598","0.776109","Australia"
"1922","Eterna Therapeutics","ERNA","0.856172","5.035","United States"
"1923","Adecoagro","AGRO","0.856423","11.26","Luxembourg"
"1924","Arise AB","ARISE.ST","0.856515","4.67444","Sweden"
"1925","enCore Energy","EU","0.856716","1.24","Canada"
"1926","Vital Healthcare Property Trust","VHP.NZ","0.857446","1.08702","New Zealand"
"1927","PagSeguro","PAGS","0.857547","8.7","Brazil"
"1928","Kiwi Property","KPG.NZ","0.857568","0.547978","New Zealand"
"1929","Global Ship Lease","GSL","0.857785","44.64","United Kingdom"
"1930","Barings BDC","BBDC","0.857844","9.45","United States"
"1931","CA Immo","BZY.F","0.858228","27.5705","Austria"
"1932","bioAffinity Technologies","BIAF","0.858545","5.82","United States"
"1933","Jeudan","JDAN.CO","0.858607","32.1183","Denmark"
"1934","Immutep","IMMP","0.85875","0.386","Australia"
"1935","Fujimori Kogyo","7917.T","0.859267","7.92176","Japan"
"1936","Air Lease Corporation","AL","0.859496","65","United States"
"1937","Ricoh Leasing Company","8566.T","0.859519","42.4963","Japan"
"1938","NSTS Bancorp","NSTS","0.85966","13.98","United States"
"1939","Lakeland Industries","LAKE","0.860457","11.38","United States"
"1940","China Telecom","0728.HK","0.86073","0.630207","China"
"1941","Aquafil","ECNL.MI","0.860783","1.58778","Italy"
"1942","Tritax Big Box REIT","BBOX.L","0.860862","2.17015","United Kingdom"
"1943","Remgro Limited","REM.JO","0.861028","11.7755","South Africa"
"1944","SBI Holdings","8473.T","0.861692","20.2877","Japan"
"1945","Ambra","AMB.WA","0.861748","4.93129","Poland"
"1946","Zhongtai Securities","600918.SS","0.861813","0.840486","China"
"1947","Injazzat Real Estate Development Company","INJAZZAT.KW","0.861952","482.556","Kuwait"
"1948","RTL Group","RRTL.F","0.862016","37.3047","Luxembourg"
"1949","Capricorn Energy","CNE.L","0.862016","4.67271","United Kingdom"
"1950","Redhill Biopharma","RDHL","0.862271","0.6052","Israel"
"1951","BNP Paribas","BNP.PA","0.862518","123.852","France"
"1952","Mapletree Logistics Trust","M44U.SI","0.86258","0.920463","Singapore"
"1953","BICO Group","BICO.ST","0.862596","2.1207","Sweden"
"1954","KION Group","KGX.DE","0.863648","48.8459","Germany"
"1955","Shinhan Financial Group","SHG","0.864071","75.04","South Korea"
"1956","Atossa Therapeutics","ATOS","0.864179","2.64","United States"
"1957","Sanyo Chemical Industries","4471.T","0.864251","40.0482","Japan"
"1958","Raiffeisen Bank International","RAW.F","0.864292","70.4127","Austria"
"1959","The Saudi British Bank","1060.SR","0.864639","9.1466","Saudi Arabia"
"1960","Myriad Genetics","MYGN","0.864646","3.05","United States"
"1961","Punjab National Bank","PNB.NS","0.864677","1.21513","India"
"1962","IRSA Inversiones y Representaciones","IRS","0.865439","15.08","Argentina"
"1963","Millrose Properties","MRP","0.865467","30.51","United States"
"1964","Green Thumb Industries","GTII.CN","0.865502","7.51136","United States"
"1965","Big Cheese Studio","BCS.WA","0.865822","1.22064","Poland"
"1966","Hyperion DeFi","HYPD","0.866032","3.26","United States"
"1967","Health Catalyst","HCAT","0.866174","1.59","United States"
"1968","EIZO Corporation","6737.T","0.866977","19.0198","Japan"
"1969","NWF Group plc","NWF.L","0.867021","2.10067","United Kingdom"
"1970","Dürr","DUE.F","0.86807","20.028","Germany"
"1971","Cosmo Energy Holdings","5021.T","0.868368","26.4958","Japan"
"1972","Muninova Holdings","547A.T","0.86881","2.8561","Japan"
"1973","Algonquin Power & Utilities","AQN","0.86885","5.69","Canada"
"1974","Asian Granito India","ASIANTILES.NS","0.869157","0.482604","India"
"1975","AMTD Digital","HKD","0.869442","1.67","Hong Kong"
"1976","Ultralife Corporation","ULBI","0.869477","6.77","United States"
"1977","Azitra","AZTR","0.869708","0.1504","United States"
"1978","Flat Capital AB","FLAT-B.ST","0.869777","0.998781","Sweden"
"1979","Ribbon Communications","RBBN","0.870432","2.04","United States"
"1980","Misto Holdings (Fila)","081660.KS","0.870638","30.1875","South Korea"
"1981","Shibaura Machine","6104.T","0.870748","27.5253","Japan"
"1982","Eramet","ERA.PA","0.871361","53.0893","France"
"1983","LACROIX Group SA","LACR.PA","0.871441","20.6342","France"
"1984","Scholastic","SCHL","0.871845","40.3","United States"
"1985","Hydrogen-Refueling-Solutions","ALHRS.PA","0.871977","1.44556","France"
"1986","BIO-key International","BKYI","0.872022","2.97","United States"
"1987","Cofinimmo","COFB.BR","0.872026","96.5843","Belgium"
"1988","Formosa Chemicals &amp; Fibre","1326.TW","0.872445","1.81944","Taiwan"
"1989","eREX Co.,Ltd.","9517.T","0.872828","5.4674","Japan"
"1990","Sabaf S.p.A.","SAB.MI","0.873375","13.5813","Italy"
"1991","Chargeurs","CRI.PA","0.873402","10.3171","France"
"1992","Bell Food Group","BELL.SW","0.873469","283.006","Switzerland"
"1993","Bank OZK","OZK","0.873901","49.34","United States"
"1994","Brookfield Renewable","BEPC","0.873909","32.88","United States"
"1995","Halloren Schokoladenfabrik","H2RB.HM","0.873957","5.26929","Germany"
"1996","Dream Industrial REIT","DIR-UN.TO","0.873998","10.1162","Canada"
"1997","ANA Holdings","9202.T","0.87427","19.1453","Japan"
"1998","Fenix Outdoor","FOI-B.ST","0.875742","35.6257","Switzerland"
"1999","Pollen Street Group","POLN.L","0.876443","11.8523","United Kingdom"
"2000","Rokiskio Suris AB","RSU1L.VS","0.876554","5.24598","Lithuania"
"2001","PT Aspirasi Hidup Indonesia Tbk","ACES.JK","0.876891","0.0204462","Indonesia"
"2002","Sionna Therapeutics","SION","0.876927","5.59","United States"
"2003","Harbour Energy","HBR.L","0.87716","3.45753","United Kingdom"
"2004","MLP Group S.A.","MLG.WA","0.877509","31.2604","Poland"
"2005","Liberty Broadband","LBRDA","0.877851","35.99","United States"
"2006","Oil States International","OIS","0.877968","8.31","United States"
"2007","Imugene","IMU.AX","0.878008","0.0522175","Australia"
"2008","Zoomlion","1157.HK","0.878048","0.893005","China"
"2009","Bank of Ningbo","002142.SZ","0.878521","4.99234","China"
"2010","Tosoh Corporation","4042.T","0.878627","16.5403","Japan"
"2011","RattanIndia Power","RTNPOWER.NS","0.878783","0.0820186","India"
"2012","Fulcrum Therapeutics","FULC","0.879024","3.84","United States"
"2013","Barco NV","BAR.BR","0.879037","9.03474","Belgium"
"2014","NRC Group ASA","NRC.OL","0.879189","0.890342","Norway"
"2015","FUJI UNITED HOLDINGS CO LTD","416A.T","0.879941","8.22306","Japan"
"2016","Credit Saison","8253.T","0.879971","29.7223","Japan"
"2017","Ladder Capital","LADR","0.879997","10.02","United States"
"2018","Shandong Hi-Speed","600350.SS","0.880197","1.62147","China"
"2019","Wakamoto Pharmaceutical","4512.T","0.880319","1.92081","Japan"
"2020","Helios Underwriting","HUW.L","0.880439","3.06573","United Kingdom"
"2021","Orangekloud Technology","ORKT","0.880455","1","Singapore"
"2022","Kellton Tech Solutions","KELLTONTEC.NS","0.880879","0.142305","India"
"2023","Inpex","1605.T","0.881001","24.3428","Japan"
"2024","Kingdom Holding","4280.SR","0.881392","3.67569","Saudi Arabia"
"2025","Sanok Rubber Company","SNK.WA","0.881487","6.14382","Poland"
"2026","Daido Steel","5471.T","0.881838","14.2868","Japan"
"2027","Vicat S.A.","VCT.PA","0.881933","74.9592","France"
"2028","Oportun Financial","OPRT","0.881953","7.6","United States"
"2029","China Pacific Insurance","601601.SS","0.88198","4.68292","China"
"2030","OLB Group","OLB","0.882174","0.2975","United States"
"2031","RioCan REIT","REI-UN.TO","0.882301","15.4701","Canada"
"2032","NewtekOne","NEWT","0.882906","12.37","United States"
"2033","Ariston Holding","ARIS.MI","0.882945","4.33434","Italy"
"2034","PetroChina","0857.HK","0.882984","1.28338","China"
"2035","Sammaan Capital","SAMMAANCAP.NS","0.883215","1.56609","India"
"2036","Chongqing Changan","000625.SZ","0.883243","1.05619","China"
"2037","Plastika Kritis","PLAKR.AT","0.88334","17.9529","Greece"
"2038","Lindex Group","LINDEX.HE","0.883513","2.69876","Finland"
"2039","CCSC Technology International Holdings","CCTG","0.88355","0.6495","Hong Kong"
"2040","Samty Residential Investment Corporation","3459.T","0.883588","573.731","Japan"
"2041","Esprinet","PRT.MI","0.883751","8.35276","Italy"
"2042","Kumho Tire","073240.KS","0.88378","5.05532","South Korea"
"2043","Acadian Timber","ADN.TO","0.883809","12.2375","Canada"
"2044","Heiwa Corporation","6412.T","0.883904","14.0671","Japan"
"2045","Novavest Real Estate AG","NREN.SW","0.884241","48.5153","Switzerland"
"2046","Palram Industries","PLRM.TA","0.884492","14.7327","Israel"
"2047","Akatsuki Corp.","8737.T","0.884559","3.99854","Japan"
"2048","Kasikornbank","KBANK.BK","0.884873","7.75809","Thailand"
"2049","INMA Holding Company","IHGS.QA","0.885162","0.745604","Qatar"
"2050","Hosiden Corporation","6804.T","0.885605","17.0425","Japan"
"2051","Kongsberg Automotive ASA","KOA.OL","0.885669","0.21641","Norway"
"2052","NCS Multistage","NCSM","0.886619","48.58","United States"
"2053","Douglas Group","DOU.DE","0.886698","9.29121","Germany"
"2054","ENN Natural Gas Co.,Ltd.","600803.SS","0.886866","2.65683","China"
"2055","Barclays","BCS","0.887002","26.97","United Kingdom"
"2056","Toyota","TM","0.887187","193.81","Japan"
"2057","The Glimpse Group","VRAR","0.88735","0.68","United States"
"2058","Rockwell Medical","RMTI","0.88799","7.9","United States"
"2059","Shin Kong Financial Holding","2888.TW","0.888143","0.389619","Taiwan"
"2060","TherapeuticsMD","TXMD","0.888256","2.07","United States"
"2061","Mirvac Group","MGR.AX","0.888301","1.3412","Australia"
"2062","Chatham Lodging Trust","CLDT","0.888375","13.79","United States"
"2063","Brookfield Infrastructure Partners","BIP","0.888421","38.56","Bermuda"
"2064","Banque Cantonale de Genève","BCGE.SW","0.888601","38.9366","Switzerland"
"2065","ENN Energy","2688.HK","0.889297","6.1796","China"
"2066","Mitsubishi Research Institute","3636.T","0.889308","31.5113","Japan"
"2067","BRCK Group","BRCK.L","0.889875","0.717935","United Kingdom"
"2068","Evergreen Marine","2603.TW","0.890447","7.71692","Taiwan"
"2069","Third Harmonic Bio","THRD","0.890568","5.38","United States"
"2070","Guotai Junan Securities","601211.SS","0.890591","2.57501","China"
"2071","Arriyadh Development Company","4150.SR","0.890696","4.25368","Saudi Arabia"
"2072","Bike24 Holding","BIKE.DE","0.890776","2.89112","Germany"
"2073","The Ogaki Kyoritsu Bank","8361.T","0.890883","49.8406","Japan"
"2074","Waypoint REIT","WPR.AX","0.89109","1.73104","Australia"
"2075","Piscines Desjoyaux","ALPDX.PA","0.891834","13.523","France"
"2076","Aisan Industry","7283.T","0.891882","14.3621","Japan"
"2077","SDIC Power Holdings","600886.SS","0.892034","2.06774","China"
"2078","Sarana Menara Nusantara","TOWR.JK","0.892319","0.0257554","Indonesia"
"2079","Hovnanian Enterprises","HOV","0.89247","126.05","United States"
"2080","Zheshang Securities","601878.SS","0.892523","1.37007","China"
"2081","CarParts.com","PRTS","0.89266","6.57","United States"
"2082","Ibstock plc","IBST.L","0.89306","1.18384","United Kingdom"
"2083","Indorama Ventures","IVL.BK","0.893377","0.668906","Thailand"
"2084","CTF Services Limited","0659.HK","0.893407","1.03589","Hong Kong"
"2085","Duni AB","DUNI.ST","0.893431","8.41965","Sweden"
"2086","ZIM Integrated Shipping Services","ZIM","0.893484","28.38","Israel"
"2087","Ernst Russ","ERAG.DE","0.893575","9.32618","Germany"
"2088","Hunting PLC","HTG.L","0.893622","5.44922","United Kingdom"
"2089","Ringmetall","HP3A.DE","0.893705","3.07764","Germany"
"2090","Kakao Games","293490.KQ","0.893753","6.13138","South Korea"
"2091","Bit Digital","BTBT","0.894644","1.51","United States"
"2092","Toagosei","4045.T","0.894666","11.6849","Japan"
"2093","Floridienne S.A.","FLOB.BR","0.894709","66.4491","Belgium"
"2094","F.I.L.A. - Fabbrica Italiana Lapis ed Affini","FILA.MI","0.895089","12.1823","Italy"
"2095","Braemar","BMS.L","0.895155","3.09243","United Kingdom"
"2096","U.S. Global Investors","GROW","0.895673","3.325","United States"
"2097","Sumitomo Osaka Cement","5232.T","0.895806","35.2839","Japan"
"2098","abrdn","ABDN.L","0.89622","3.38124","United Kingdom"
"2099","Orion S.A.","OEC","0.896618","6.02","United States"
"2100","Ponce Financial Group","PDLB","0.896688","20.44","United States"
"2101","Foster Electric Company","6794.T","0.896926","19.365","Japan"
"2102","Toyota Industries","6201.T","0.898373","129.162","Japan"
"2103","KB Home","KBH","0.898458","55.64","United States"
"2104","Tejon Ranch","TRC","0.898575","16.29","United States"
"2105","FingerMotion","FNGR","0.898762","0.1954","United States"
"2106","Elite Express","ETS","0.898793","0.9973","United States"
"2107","Oma Säästöpankki","OMASP.HE","0.898958","19.7249","Finland"
"2108","Southern Province Cement Company","3050.SR","0.899451","5.2232","Saudi Arabia"
"2109","Mobileye","MBLY","0.899758","8.64","Israel"
"2110","Wataniya Insurance Company","8300.SR","0.89997","3.91274","Saudi Arabia"
"2111","WaFd Bank","WAFD","0.900216","36.29","United States"
"2112","aTyr Pharma","ATYR","0.900337","0.53","United States"
"2113","Artmarket.com","PRC.PA","0.90035","4.96619","France"
"2114","Hooker Furnishings","HOFT","0.901416","14.19","United States"
"2115","Provident Financial Holdings","PROV","0.902186","18.26","United States"
"2116","Kingsoft","3888.HK","0.902371","3.11276","China"
"2117","Easterly Government Properties","DEA","0.902386","24.96","United States"
"2118","PennyMac Financial Services","PFSI","0.902434","75.18","United States"
"2119","Oxford Lane Capital","OXLC","0.902559","9.53","United States"
"2120","Edgewell Personal Care","EPC","0.902618","28.36","United States"
"2121","Sanford Limited","SAN.NZ","0.902708","4.13962","New Zealand"
"2122","GPT Group","GPT.AX","0.902744","3.35479","Australia"
"2123","Attica Holdings","ATTICA.AT","0.903352","1.92353","Greece"
"2124","Advantage Solutions","ADV","0.903405","33.68","United States"
"2125","SuRo Capital","SSSS","0.904214","12.54","United States"
"2126","Granite REIT","GRP-UN","0.904498","59.19","Canada"
"2127","Yodogawa Steel Works","5451.T","0.90463","8.90727","Japan"
"2128","Titan International","TWI","0.904666","7.03","United States"
"2129","Piramal Enterprises","PEL.NS","0.904847","12.7318","India"
"2130","Hyundai","005380.KS","0.905094","304.041","South Korea"
"2131","Teijin Limited","3401.T","0.905122","10.9065","Japan"
"2132","Jackson Financial","JXN","0.905239","132.32","United States"
"2133","Bahrain National Holding","BNH.BH","0.905297","1.14058","Bahrain"
"2134","Soochow Securities","601555.SS","0.905369","1.16924","China"
"2135","Maersk","MAERSK-B.CO","0.90549","3426.99","Denmark"
"2136","Central Securities","CET","0.905544","54.79","United States"
"2137","Allgeier","AEIN.DE","0.905661","18.2443","Germany"
"2138","Ellaktor","ELLAKTOR.AT","0.90585","1.48753","Greece"
"2139","Juroku Financial Group","7380.T","0.90633","15.787","Japan"
"2140","Arab National Bank","1080.SR","0.906845","6.03825","Saudi Arabia"
"2141","Toho Gas","9533.T","0.906991","7.67381","Japan"
"2142","Hamborner REIT","HABA.DE","0.907067","5.05363","Germany"
"2143","The Miyazaki Bank","8393.T","0.907304","15.1593","Japan"
"2144","Network18","NETWORK18.NS","0.908406","0.318462","India"
"2145","Paramount Skydance","PSKY","0.908576","10.35","United States"
"2146","Snt Dynamics","003570.KS","0.908634","21.5934","South Korea"
"2147","Logistea AB","LOGI-A.ST","0.908738","1.53824","Sweden"
"2148","Holmen","HOLM-B.ST","0.908829","34.3311","Sweden"
"2149","CARGO Therapeutics","CRGX","0.909513","4.47","United States"
"2150","Smith Micro Software","SMSI","0.909704","2.985","United States"
"2151","Ryoyo Ryosan Holdings","167A.T","0.909773","19.5847","Japan"
"2152","Isuzu","7202.T","0.909801","13.8913","Japan"
"2153","iBio","IBIO","0.909805","1.42","United States"
"2154","Infortar","INF1T.TL","0.910054","63.1849","Estonia"
"2155","Nabors Industries","NBR","0.910058","88.64","Bermuda"
"2156","Duluth Holdings","DLTH","0.910186","3.75","United States"
"2157","Pelagic Credit Plc","PLGC.OL","0.910595","1.82579","Cyprus"
"2158","United Projects Company For Aviation Services","UPAC.KW","0.910873","798.826","Kuwait"
"2159","Chicago Atlantic Real Estate Finance","REFI","0.911111","10.79","United States"
"2160","Culp, Inc.","CULP","0.911453","3.45","United States"
"2161","Hankyu Hanshin Holdings","9042.T","0.911668","29.942","Japan"
"2162","Natural Health Trends","NHTC","0.911761","1.75","United States"
"2163","BHM Capital Financial Services","BHMCAPITAL.AE","0.911997","0.274987","United Arab Emirates"
"2164","Braemar Hotels &amp; Resorts","BHR","0.912177","2.05","United States"
"2165","Nippon Yūsen","9101.T","0.912572","44.8251","Japan"
"2166","Moulinvest","ALMOU.PA","0.913093","26.8128","France"
"2167","Ellington Financial","EFC","0.913502","13.62","United States"
"2168","Covivio Hotels","COVH.PA","0.913505","26.2299","France"
"2169","World Holdings","2429.T","0.913923","17.6576","Japan"
"2170","Bonheur ASA","BONHR.OL","0.914043","26.4203","Norway"
"2171","Amar Finance and Leasing Company","AMAR.KW","0.91432","345.615","Kuwait"
"2172","Polaris Renewable Energy","PIF.TO","0.914511","10.4697","Canada"
"2173","Inabata &amp; Co.,Ltd.","8098.T","0.915028","26.5837","Japan"
"2174","OneConnect Financial Technology","OCFT","0.915421","7.89","China"
"2175","Bank of Jerusalem","JBNK.TA","0.915445","6.7464","Israel"
"2176","Hamat Group","HAMAT.TA","0.915463","4.49649","Israel"
"2177","Universal Logistics Holdings","ULH","0.915503","18.7","United States"
"2178","Toyo Seikan Group Holdings","5901.T","0.915541","27.8956","Japan"
"2179","Noritsu Koki","7744.T","0.915573","12.7928","Japan"
"2180","INVL Technology UTIB","INC1L.VS","0.916032","5.82886","Lithuania"
"2181","Orthofix Medical","OFIX","0.916326","9.79","United States"
"2182","Obrascón Huarte Lain","OHLA.MC","0.916387","0.484962","Spain"
"2183","Tsubakimoto Chain","6371.T","0.916551","16.8793","Japan"
"2184","Natura Cosméticos S.A.","NATU3.SA","0.916558","1.60176","Brazil"
"2185","Ardent Health","ARDT","0.91656","11.25","United States"
"2186","OPKO Health","OPK","0.916949","1.48","United States"
"2187","Golub Capital","GBDC","0.917203","13.24","United States"
"2188","Pacific Industrial","7250.T","0.918171","18.816","Japan"
"2189","Macfarlane Group","MACF.L","0.918599","0.986227","United Kingdom"
"2190","Amadeus Fire","AAD.DE","0.919045","24.9475","Germany"
"2191","IG Design Group","IGR.L","0.91916","1.35004","United Kingdom"
"2192","GF Securities","000776.SZ","0.919861","3.03914","China"
"2193","Tiptree","TIPT","0.919957","18.54","United States"
"2194","Kvika banki","KVIKA.IC","0.920012","0.107914","Iceland"
"2195","Virco Manufacturing","VIRC","0.920027","5.99","United States"
"2196","Northfield Bancorp","NFBK","0.92042","15.31","United States"
"2197","Orient Securities Company Limited (DFZQ)","600958.SS","0.920431","1.33288","China"
"2198","Lightspeed Commerce","LSPD","0.920611","10.56","Canada"
"2199","Renascor Resources","RNU.AX","0.920825","0.0407725","Australia"
"2200","Arclands Corporation","9842.T","0.920918","12.0584","Japan"
"2201","Eik fasteignafélag","EIK.IC","0.920936","0.122385","Iceland"
"2202","Lake Resources NL","LKE.AX","0.921674","0.0350501","Australia"
"2203","Eastern Province Cement Company","3080.SR","0.92171","6.79203","Saudi Arabia"
"2204","Tikehau Capital","TKO.PA","0.923149","19.8648","France"
"2205","Kia","000270.KS","0.923493","97.4232","South Korea"
"2206","Yamama Saudi Cement Company","3020.SR","0.923495","6.23269","Saudi Arabia"
"2207","Bodal Chemicals","BODALCHEM.NS","0.925106","0.909518","India"
"2208","Banan Real Estate Company","4324.SR","0.925591","0.809717","Saudi Arabia"
"2209","Al-Ahleia Insurance","AINS.KW","0.925775","2314.97","Kuwait"
"2210","OCI","OCI.AS","0.925831","4.71205","Netherlands"
"2211","Fundamenta Real Estate AG","FREN.SW","0.92603","21.0855","Switzerland"
"2212","Alps Alpine Co., Ltd.","6770.T","0.926383","13.6873","Japan"
"2213","Azenta","AZTA","0.926506","32.88","United States"
"2214","bet-at-home.com","ACX.DE","0.926577","3.85871","Germany"
"2215","Yanbu Cement Company","3060.SR","0.926961","3.99798","Saudi Arabia"
"2216","China Galaxy Securities","601881.SS","0.927036","1.79105","China"
"2217","Sino-American Silicon Products","5483.TWO","0.927108","5.74064","Taiwan"
"2218","Groupe SEB","SK.PA","0.927224","68.8972","France"
"2219","Midwich Group","MIDW.L","0.927466","1.93297","United Kingdom"
"2220","Saudi Kayan Petrochemical Company","2350.SR","0.927638","1.40635","Saudi Arabia"
"2221","Nankai Electric Railway","9044.T","0.927741","19.1453","Japan"
"2222","Gladstone Capital Corporation","GLAD","0.927852","19.82","United States"
"2223","Meritage Homes","MTH","0.927884","72.52","United States"
"2224","Metsä Board","METSA.HE","0.928041","5.03614","Finland"
"2225","Srisawad Corporation","SAWAD.BK","0.928517","0.729994","Thailand"
"2226","Onfolio Holdings","ONFO","0.929229","1.33","United States"
"2227","The Musashino Bank","8336.T","0.929303","16.942","Japan"
"2228","MOL Group","MOL.BD","0.929383","16.2685","Hungary"
"2229","Nayifat Finance Company","4081.SR","0.929408","2.69018","Saudi Arabia"
"2230","Capital Limited","CAPD.L","0.929487","1.61787","United Kingdom"
"2231","Wakita & Co.,LTD.","8125.T","0.929549","12.3597","Japan"
"2232","Samsung C&T Corporation","028260.KS","0.929891","265.043","South Korea"
"2233","Movida Participações","MOVI3.SA","0.929898","1.36489","Brazil"
"2234","Al Hassan Ghazi Ibrahim Shaker","1214.SR","0.929933","3.19625","Saudi Arabia"
"2235","Yancoal","YAL.AX","0.930423","4.26323","Australia"
"2236","Delta Plus Group","ALDLT.PA","0.93051","41.9678","France"
"2237","Karnataka Bank","KTKBANK.NS","0.930577","3.48553","India"
"2238","Olympic Steel","ZEUS","0.93068","47.86","United States"
"2239","TPG Telecom","TPG.AX","0.93082","2.75393","Australia"
"2240","Japan Pulp and Paper Company","8032.T","0.93088","7.50119","Japan"
"2241","StoneCo","STNE","0.931028","9.55","Brazil"
"2242","Acer","2353.TW","0.931263","0.974026","Taiwan"
"2243","Xtant Medical","XTNT","0.931808","0.3228","United States"
"2244","Finbar Group Limited","FRI.AX","0.932496","0.561516","Australia"
"2245","Prima Meat Packers","2281.T","0.932544","15.2723","Japan"
"2246","Caspian Sunrise","CASP.L","0.932699","0.0258838","United Kingdom"
"2247","Seera Holding Group","1810.SR","0.932881","5.64937","Saudi Arabia"
"2248","Iveco Group","IVG.MI","0.933487","16.2567","Italy"
"2249","Afry AB","AFRY.ST","0.933644","10.8614","Sweden"
"2250","Thai Union Group","TU.BK","0.933688","0.397068","Thailand"
"2251","Linamar","LNR.TO","0.933869","71.8811","Canada"
"2252","Fairwood Holdings","0052.HK","0.934087","0.609795","Hong Kong"
"2253","InspireMD","NSPR","0.934159","0.8699","Israel"
"2254","Rhythm Co.,Ltd.","7769.T","0.934165","25.1086","Japan"
"2255","KDX Realty Investment","8972.T","0.934321","950.36","Japan"
"2256","Bradespar","BRAP3.SA","0.934581","3.58211","Brazil"
"2257","Deceuninck","DECB.BR","0.935484","2.81534","Belgium"
"2258","Selectirente","SELER.PA","0.935688","100.256","France"
"2259","Shawbrook Group PLC","SHAW.L","0.936134","4.45474","United Kingdom"
"2260","Wacker Neuson","WAC.F","0.936831","24.831","Germany"
"2261","TOKAI Corp.","9729.T","0.936911","16.1511","Japan"
"2262","Superior Plus","SPB.TO","0.937104","5.15189","Canada"
"2263","Toho Holdings","8129.T","0.937538","24.8136","Japan"
"2264","MTY Food Group","MTY.TO","0.938358","26.0625","Canada"
"2265","Vulcan Energy Resources","VUL.AX","0.938725","1.97425","Australia"
"2266","The National Agricultural Development Company","6010.SR","0.93878","3.92872","Saudi Arabia"
"2267","East India Distilleries Parry","EIDPARRY.NS","0.938783","8.46881","India"
"2268","Tiny Ltd.","TINY.V","0.938803","6.19559","Canada"
"2269","Alcadon Group AB","ALCA.ST","0.938958","3.19947","Sweden"
"2270","Autohellas","OTOEL.AT","0.939449","13.3364","Greece"
"2271","ComfortDelGro","C52.SI","0.9395","1.01487","Singapore"
"2272","Keihan Holdings","9045.T","0.939848","20.5326","Japan"
"2273","Tonix Pharmaceuticals","TNXP","0.940094","12.45","United States"
"2274","Genting Malaysia Berhad","4715.KL","0.940133","0.420636","Malaysia"
"2275","Aozora Bank","8304.T","0.940341","21.0661","Japan"
"2276","Feiyu Technology International Company","1022.HK","0.941063","0.0465638","China"
"2277","West Coast Paper Mills","WSTCSTPAPR.NS","0.941079","6.34782","India"
"2278","FirstFarms A/S","FFARMS.CO","0.941132","11.0075","Denmark"
"2279","Futura Medical","FUM.L","0.94124","0.00611675","United Kingdom"
"2280","The Japan Wool Textile Co., Ltd. (Nikke Group)","3201.T","0.941245","12.3032","Japan"
"2281","Utz Brands","UTZ","0.941524","14.21","United States"
"2282","PChem (Petronas Chemicals Group)","5183.KL","0.941679","1.07633","Malaysia"
"2283","Drägerwerk","DRW8.F","0.942334","96.2928","Germany"
"2284","Aumann AG","AAG.DE","0.942415","16.7288","Germany"
"2285","Polenergia","PEP.WA","0.942522","14.6964","Poland"
"2286","Urban One","UONE","0.942689","4.8","United States"
"2287","KHD Humboldt Wedag International","KWG.DE","0.943037","2.35486","Germany"
"2288","5E Advanced Materials","FEAM","0.943515","1.66","United States"
"2289","Helix Energy Solutions","HLX","0.943825","9.97","United States"
"2290","Korea Investment Holdings","071050.KS","0.944113","138.299","South Korea"
"2291","ADENTRA Inc.","ADEN.TO","0.944299","26.0697","Canada"
"2292","Furukawa Co.,Ltd.","5715.T","0.944616","27.5881","Japan"
"2293","Liberty Financial Group","LFG.AX","0.944629","2.49642","Australia"
"2294","Foresight Autonomous Holdings","FRSX","0.944632","1.17","Israel"
"2295","Formosa Plastics","1301.TW","0.944682","1.81316","Taiwan"
"2296","Arabian International Healthcare Holding","9530.SR","0.944791","4.6026","Saudi Arabia"
"2297","Everest Group","EG","0.944815","376.79","Bermuda"
"2298","Pegatron","4938.TW","0.944936","2.78562","Taiwan"
"2299","Grupo Financiero Inbursa","GFINBURO.MX","0.945005","2.54984","Mexico"
"2300","Emaar Properties","EMAAR.AE","0.945019","3.0058","United Arab Emirates"
"2301","ARKO Corp.","ARKO","0.945466","4.72","United States"
"2302","NorthWest Healthcare Properties REIT","NWH-UN.TO","0.945529","4.13335","Canada"
"2303","NN Group","NN.AS","0.945859","90.3241","Netherlands"
"2304","Nine Entertainment Co. Holdings","NEC.AX","0.945919","0.697425","Australia"
"2305","ENEOS Holdings","5020.T","0.945947","8.4208","Japan"
"2306","Primis Financial","FRST","0.946224","16.3","United States"
"2307","The Berkeley Group","BKG.L","0.946862","48.7978","United Kingdom"
"2308","Offshore Oil Engineering Co.,Ltd","600583.SS","0.947022","0.901477","China"
"2309","FGI Industries","FGI","0.947125","7.02","United States"
"2310","Tobu Railway","9001.T","0.947426","19.1014","Japan"
"2311","Takara Standard","7981.T","0.947474","19.5533","Japan"
"2312","Dhampur Sugar Mills","DHAMPURSUG.NS","0.947555","1.88267","India"
"2313","Kimball Electronics","KE","0.947565","22.76","United States"
"2314","Konoike Transport","9025.T","0.947692","18.3732","Japan"
"2315","Silvercrest Asset Management Group","SAMG","0.947985","9.95","United States"
"2316","Wakou Shokuhin","2813.T","0.948564","24.732","Japan"
"2317","RS Technologies","3445.T","0.948613","34.9637","Japan"
"2318","Lake Shore Bancorp","LSBK","0.948778","17.2","United States"
"2319","Commercial Vehicle Group (CVG)","CVGI","0.949217","3.06","United States"
"2320","BOC Aviation","2588.HK","0.949317","9.33828","Singapore"
"2321","Air T, Inc.","AIRT","0.950449","32.33","United States"
"2322","VGP NV","VGP.BR","0.950682","95.4768","Belgium"
"2323","MTR Corporation","0066.HK","0.950901","4.26346","Hong Kong"
"2324","IT Link SA","ALITL.PA","0.951426","19.585","France"
"2325","Knightscope","KSCP","0.951625","1.37","United States"
"2326","Hyundai Mobis","012330.KS","0.952013","359.65","South Korea"
"2327","Pattern S.p.A.","PTR.MI","0.952051","3.05432","Italy"
"2328","West Fraser Timber","WFG","0.95234","68.57","Canada"
"2329","Playtech","PTEC.L","0.952535","5.54186","Isle of Man"
"2330","Public Property Invest AS","PUBLI.OL","0.952651","1.99656","Norway"
"2331","Saudi Industrial Investment Group","2250.SR","0.953123","3.31877","Saudi Arabia"
"2332","F.C.C. Co., Ltd.","7296.T","0.953531","26.1443","Japan"
"2333","RLX Technology","RLX","0.95368","1.81","China"
"2334","Hanon Systems","018880.KS","0.954232","2.54571","South Korea"
"2335","KDH (Khang Dien House Trading and Investment)","KDH.VN","0.954375","0.6954","Vietnam"
"2336","Pulsar Group","PULS.L","0.954394","0.329814","United Kingdom"
"2337","COSCO Shipping","601919.SS","0.954752","2.53931","China"
"2338","Nippon Shokubai","4114.T","0.954762","16.5654","Japan"
"2339","MBB SE","MBB.DE","0.95504","219.165","Germany"
"2340","Hanover Bancorp","HNVR","0.955125","27.27","United States"
"2341","Better Collective A/S","BETCO-DKK.CO","0.955196","12.3952","Denmark"
"2342","Matinas BioPharma","MTNB","0.955372","0.1965","United States"
"2343","Integrated Wind Solutions","IWS.OL","0.955436","5.94993","Norway"
"2344","Westlake Chemical Partners","WLKP","0.955445","21.48","United States"
"2345","Toray Industries","3402.T","0.955593","7.97512","Japan"
"2346","Inuvo","INUV","0.95571","0.705","United States"
"2347","Saudi Real Estate Company (Al Akaria)","4020.SR","0.955737","4.17377","Saudi Arabia"
"2348","Asset World Corp","AWC.BK","0.955815","0.0904093","Thailand"
"2349","Harley-Davidson","HOG","0.955872","28.29","United States"
"2350","Fujiya Co., Ltd.","2211.T","0.955945","15.674","Japan"
"2351","BayCom (United Business Bank)","BCML","0.956178","30.12","United States"
"2352","Capacit'e Infraprojects","CAPACITE.NS","0.956252","2.36454","India"
"2353","Nightingale Health","HEALTH.HE","0.956562","1.06085","Finland"
"2354","New Hope Liuhe","000876.SZ","0.956724","1.04577","China"
"2355","ArcelorMittal","MT","0.957396","72.64","Luxembourg"
"2356","Kuwait International Bank","KIB.KW","0.95837","824.91","Kuwait"
"2357","Scherzer &amp; Co. AG","PZS.DE","0.9585","3.07764","Germany"
"2358","JVCKENWOOD Corporation","6632.T","0.958683","6.36503","Japan"
"2359","Thor Industries","THO","0.958705","79.42","United States"
"2360","Bausch + Lomb","BLCO","0.958788","17.32","Canada"
"2361","Canara Bank","CANBK.NS","0.958811","1.33821","India"
"2362","YTL Corporation Berhad","1773.T","0.959418","0.583775","Malaysia"
"2363","WesBanco","WSBC","0.959622","40.73","United States"
"2364","Sumitomo Seika Chemicals Company","4008.T","0.95974","9.73586","Japan"
"2365","Catena AB","CATE.ST","0.959907","40.7722","Sweden"
"2366","CT REIT","CRT-UN.TO","0.960451","12.9302","Canada"
"2367","BrasilAgro","LND","0.960536","3.79","Brazil"
"2368","Daiwa House","1925.T","0.960585","29.5591","Japan"
"2369","Peabody Energy","BTU","0.96071","27.9","United States"
"2370","Seino Holdings","9076.T","0.960873","17.5603","Japan"
"2371","FRP Holdings","FRPH","0.961051","22.78","United States"
"2372","Charter Communications","CHTR","0.961417","150.3","United States"
"2373","Emaar The Economic City","4220.SR","0.961778","2.6449","Saudi Arabia"
"2374","Solidarity Bahrain","SOLID.BH","0.961915","0.188329","Bahrain"
"2375","Al-Etihad Cooperative Insurance","8170.SR","0.961919","2.07756","Saudi Arabia"
"2376","B.Grimm Power","BGRIM.BK","0.961997","0.574221","Thailand"
"2377","Asbury Automotive Group","ABG","0.962701","210.86","United States"
"2378","KCP Limited","KCP.NS","0.962833","1.84672","India"
"2379","BoomBit","BBT.WA","0.963307","1.43987","Poland"
"2380","ProAssurance","PRA","0.963715","25","United States"
"2381","Acom","8572.T","0.963743","3.08082","Japan"
"2382","Mister Spex","MRX.F","0.963801","1.29984","Germany"
"2383","Orchid Island Capital","ORC","0.964176","6.75","United States"
"2384","The NAGA Group","N4G.DE","0.964338","0.40047","Germany"
"2385","The Sumitomo Warehouse Co., Ltd.","9303.T","0.964416","26.1129","Japan"
"2386","Shanghai Lujiazui Finance & Trade Zone Development Co.,Ltd.","600663.SS","0.964711","1.39387","China"
"2387","Okamoto Industries","5122.T","0.964862","39.6088","Japan"
"2388","National Shipping Company of Saudi Arabia (Bahri)","4030.SR","0.964984","9.8551","Saudi Arabia"
"2389","SM Prime Holdings","SPHXF","0.965042","0.2672","Philippines"
"2390","Genting Singapore","G13.SI","0.965256","0.511368","Singapore"
"2391","DIC Corporation","4631.T","0.965263","31.9821","Japan"
"2392","The Keiyo Bank","8544.T","0.965556","17.0236","Japan"
"2393","Simmons First National","SFNC","0.965603","22.97","United States"
"2394","OCB (Orient Commercial Joint Stock Bank)","OCB.VN","0.9664","0.418386","Vietnam"
"2395","Truist Financial Corporation","TFC","0.966625","50.81","United States"
"2396","F.N.B. Corporation","FNB","0.967242","18.48","United States"
"2397","Tokuyama Corporation","4043.T","0.967433","25.253","Japan"
"2398","Star Asia Investment Corporation","3468.T","0.967436","337.083","Japan"
"2399","Jupiter Fund Management","JUP.L","0.967914","2.35406","United Kingdom"
"2400","Carrefour","CA.PA","0.968267","18.7048","France"
"2401","NCR Voyix Corporation","VYX","0.968314","7.96","United States"
"2402","JD.com","JD","0.96844","29.2","China"
"2403","Alembic Limited","ALEMBICLTD.NS","0.96864","0.992477","India"
"2404","Formula Systems","FORTY","0.968894","115.25","Israel"
"2405","Tokyu","9005.T","0.968984","10.5331","Japan"
"2406","Japan Airlines","9201.T","0.969026","18.9758","Japan"
"2407","3i Group","III.L","0.969638","39.8338","United Kingdom"
"2408","Whitefield Industrials Limited","WHF.AX","0.969754","3.57654","Australia"
"2409","SmarTone Telecommunications","0315.HK","0.969916","0.610433","Hong Kong"
"2410","Stanmore Resources","SMR.AX","0.970174","1.85265","Australia"
"2411","Creades AB","CRED-A.ST","0.970363","9.55104","Sweden"
"2412","Voestalpine","VAS.F","0.970962","51.1308","Austria"
"2413","Xinyi Glass Holdings","0868.HK","0.971315","1.15389","Hong Kong"
"2414","Cabka","7GW.F","0.971518","2.33155","Germany"
"2415","The Nanto Bank","8367.T","0.971551","11.7069","Japan"
"2416","Select Medical Holdings","SEM","0.971679","16.51","United States"
"2417","Precision Drilling Corporation","PDS","0.971829","87.68","Canada"
"2418","PAR Technology","PAR","0.972472","19.43","United States"
"2419","Sligro Food","SLIGR.AS","0.972574","12.3805","Netherlands"
"2420","Fairfax India Holdings","FIH-U.TO","0.973862","19.69","Canada"
"2421","Qatar Electricity &amp; Water Company","QEWS.QA","0.973996","3.73901","Qatar"
"2422","RxSight","RXST","0.974106","6.26","United States"
"2423","Merlin Properties","MRL.MC","0.974251","16.2509","Spain"
"2424","Klépierre","LI.PA","0.97471","45.9315","France"
"2425","Maxell, Ltd.","6810.T","0.975263","15.0463","Japan"
"2426","Saudi Advanced Industries Company","2120.SR","0.975279","4.52536","Saudi Arabia"
"2427","Lennar","LEN","0.975724","88.16","United States"
"2428","Buzzi Unicem","BZU.MI","0.976232","46.5493","Italy"
"2429","Ag Growth International","AFN.TO","0.976252","9.39462","Canada"
"2430","Ingles Markets","IMKTA","0.976576","85.45","United States"
"2431","Expion360","XPON","0.976888","6.2","United States"
"2432","PCB Bancorp","PCB","0.977095","27.6","United States"
"2433","FinWise Bancorp","FINW","0.977261","13.84","United States"
"2434","Hvidbjerg Bank","HVID.CO","0.977327","28.3764","Denmark"
"2435","Nongshim","004370.KS","0.977332","325.707","South Korea"
"2436","DeNA","2432.T","0.97747","15.8498","Japan"
"2437","Hudson Technologies","HDSN","0.97749","5.52","United States"
"2438","Frey SA","FREY.PA","0.977799","41.7347","France"
"2439","Star Group","SGU","0.977827","12.62","United States"
"2440","Tokai Carbon","5301.T","0.978197","10.3353","Japan"
"2441","Kennedy Wilson","KW","0.97851","10.92","United States"
"2442","Alpha &amp; Omega Semiconductor","AOSL","0.978841","25.89","United States"
"2443","Renasant Corp","RNST","0.979067","41.42","United States"
"2444","TriMas","TRS","0.979114","39.57","United States"
"2445","Mediterranean Towers","MDTR.TA","0.979194","4.2665","Israel"
"2446","Mutares","MUX.DE","0.979397","31.0096","Germany"
"2447","Suntory","2587.T","0.979636","28.8874","Japan"
"2448","Suzuki Motor","7269.T","0.979851","13.3013","Japan"
"2449","Osisko Development","ODV","0.97991","2.27","Canada"
"2450","Arjo AB","ARJO-B.ST","0.979937","2.99108","Sweden"
"2451","Rural Electrification Corp","RECLTD.NS","0.980208","3.41239","India"
"2452","Siebert Financial","SIEB","0.980315","2.11","United States"
"2453","Kintetsu GHD","9041.T","0.980361","22.4973","Japan"
"2454","Toppan","7911.T","0.980578","31.0468","Japan"
"2455","BV Financial","BVFL","0.980658","21.26","United States"
"2456","PGG Wrightson","PGW.NZ","0.980798","1.3759","New Zealand"
"2457","Region Group","RGN.AX","0.981116","1.60944","Australia"
"2458","PermRock Royalty Trust","PRT","0.981359","2.2","United States"
"2459","Renegade Gold","RAGE.V","0.981464","0.266975","Canada"
"2460","Farmland Partners","FPI","0.981752","10.36","United States"
"2461","Telecom Argentina","TEO","0.981788","13.55","Argentina"
"2462","Algoma Central Corporation","ALC.TO","0.982176","17.5626","Canada"
"2463","Enovis","ENOV","0.982668","25.21","United States"
"2464","Al Sagr Cooperative Insurance Company","8180.SR","0.982759","2.99116","Saudi Arabia"
"2465","First Capital REIT","FCR-UN.TO","0.982903","16.4442","Canada"
"2466","Sport Lisboa e Benfica","SLBEN.LS","0.983176","8.04383","Portugal"
"2467","James Latham plc","LTHM.L","0.983348","14.8491","United Kingdom"
"2468","Chord Energy","CHRD","0.983445","144.67","United States"
"2469","Aviat Networks","AVNW","0.983638","20.66","United States"
"2470","Toei Company","9605.T","0.983692","38.2906","Japan"
"2471","OP Bancorp (Open Bank)","OPBK","0.983696","15.33","United States"
"2472","Gladstone Investment","GAIN","0.983891","16.51","United States"
"2473","Pandox AB","PNDX-B.ST","0.984384","18.1654","Sweden"
"2474","Ultimate Products","ULTP.L","0.984437","0.711123","United Kingdom"
"2475","First Merchants Corporation","FRME","0.985061","41.92","United States"
"2476","Spandana Sphoorty Financial","SPANDANA.NS","0.985076","2.52899","India"
"2477","Ayyan Investment Company","2140.SR","0.985155","2.55434","Saudi Arabia"
"2478","SandRidge Energy","SD","0.986146","13.99","United States"
"2479","Grigeo AB","GRG1L.VS","0.986278","1.19492","Lithuania"
"2480","Murphy Oil","MUR","0.986401","36","United States"
"2481","SES AI","SES","0.986466","0.54","United States"
"2482","LondonMetric Property","LMP.L","0.986587","2.6471","United Kingdom"
"2483","Acrivon Therapeutics","ACRV","0.987043","2.2","United States"
"2484","Dar Al Arkan Real Estate Development Company","4300.SR","0.987088","5.43096","Saudi Arabia"
"2485","Hyosung Corporation","004800.KS","0.987111","113.817","South Korea"
"2486","Parex Resources","PXT.TO","0.987451","19.8427","Canada"
"2487","Paragon Banking Group","PAG.L","0.987761","11.1232","United Kingdom"
"2488","Banco Bradesco","BBD","0.988176","3.15","Brazil"
"2489","National Consumer Holding Company","NCCI.KW","0.988366","321.161","Kuwait"
"2490","EnBW Energie","EBK.DE","0.988617","79.7389","Germany"
"2491","Krispy Kreme","DNUT","0.98906","3.61","United States"
"2492","Compagnie du Cambodge","CBDG.PA","0.989101","123.572","France"
"2493","PEDEVCO","PED","0.98924","13.56","United States"
"2494","Schwälbchen Molkerei","SMB.F","0.98946","50.1282","Germany"
"2495","Clasquin SA","ALCLA.PA","0.989554","0.832362","France"
"2496","AS Latvijas Juras medicinas centrs","LJM1R.RG","0.989751","9.17","Latvia"
"2497","Northern Technologies International","NTIC","0.989957","8.06","United States"
"2498","China Three Gorges Renewables","600905.SS","0.990012","0.553382","China"
"2499","Fosun Pharma","600196.SS","0.990197","3.42442","China"
"2500","Mitsubishi Materials","5711.T","0.990284","35.3278","Japan"
"2501","Mitsubishi HC Capital","8593.T","0.990435","8.75035","Japan"
"2502","Okinawa Financial Group","7350.T","0.990537","47.518","Japan"
"2503","Zug Estates Holding","ZUGN.SW","0.990715","2687","Switzerland"
"2504","Nomura Real Estate Holdings","3231.T","0.990834","5.87164","Japan"
"2505","High Co.","HCO.PA","0.99111","4.27839","France"
"2506","Kanadevia Corporation","7004.T","0.991381","7.55769","Japan"
"2507","Bergbahnen Engelberg-Trübsee-Titlis","TIBN.SW","0.991388","61.7015","Switzerland"
"2508","Axactor ASA","ACR.OL","0.99199","0.53646","Norway"
"2509","Wacoal Holdings","3591.T","0.992115","26.885","Japan"
"2510","ARMOUR Residential REIT","ARR","0.992135","16.38","United States"
"2511","Morita Holdings Corporation","6455.T","0.992296","15.6113","Japan"
"2512","Investec","INVR.L","0.992447","9.04733","United Kingdom"
"2513","Sumitomo Heavy Industries","6302.T","0.993034","36.7339","Japan"
"2514","Rinnai Corporation","5947.T","0.993256","22.4157","Japan"
"2515","Traton","8TRA.DE","0.993294","43.8331","Germany"
"2516","Dubai Islamic Bank","DIB.AE","0.993367","2.01476","United Arab Emirates"
"2517","Linc AB","LINC.ST","0.993654","7.95657","Sweden"
"2518","Horizon Technology Finance","HRZN","0.993668","4.86","United States"
"2519","Pets at Home","PETS.L","0.994396","2.96429","United Kingdom"
"2520","Bassett Furniture","BSET","0.994399","18.89","United States"
"2521","AXIA Energia SA","AXIA3.SA","0.994973","10.1988","Brazil"
"2522","Canopy Growth","CGC","0.99517","1.05","Canada"
"2523","Valley Bank","VLY","0.995311","14.1","United States"
"2524","Jefferies Financial Group","JEF","0.995313","51.91","United States"
"2525","Resimac Group Limited","RMC.AX","0.995315","0.604435","Australia"
"2526","Lojas Renner","LREN3.SA","0.995324","2.06772","Brazil"
"2527","Delek Group","DLEKG.TA","0.995625","28.4022","Israel"
"2528","Reit 1 Ltd","RIT1.TA","0.995718","7.31637","Israel"
"2529","CapitaLand Investment Limited","9CI.SI","0.995787","2.10054","Singapore"
"2530","ATCO","ACO-X.TO","0.99647","54.4267","Canada"
"2531","BDO Unibank","BDOUY","0.996584","19.91","Philippines"
"2532","LY Corporation","4689.T","0.997158","3.39154","Japan"
"2533","South Indian Bank","SOUTHBANK.NS","0.99752","0.473305","India"
"2534","Rexford Industrial","REXR","0.997566","37.67","United States"
"2535","BEWi ASA","BEWI.OL","0.997824","2.22317","Norway"
"2536","China Great Wall Securities","002939.SZ","0.998163","1.18858","China"
"2537","Laboratorio Reig Jofre","RJF.MC","0.998278","3.12427","Spain"
"2538","Solvar Limited","SVR.AX","0.998449","1.24464","Australia"
"2539","AS Harju Elekter","HAE1T.TL","0.998512","6.13197","Estonia"
"2540","Solid Power","SLDP","0.998782","2.3","United States"
"2541","ARCS Company Limited","9948.T","0.999065","23.5707","Japan"
"2542","Locaweb","LWSA3.SA","0.999499","0.80379","Brazil"
"2543","Caesarstone","CSTE","0.999549","3.42","Israel"
"2544","Sonae","SON.LS","0.999849","2.34903","Portugal"
"2545","Sekisui House","1928.T","0.999918","21.7189","Japan"
"2546","Buruj Cooperative Insurance Company","8270.SR","1.00015","4.26876","Saudi Arabia"
"2547","SHL Telemedicine","SHLT","1.0002","2.05","Israel"
"2548","Artea Bankas","ROE1L.VS","1.00022","1.05153","Lithuania"
"2549","MHP Hotel AG","CDZ0.F","1.00041","1.5155","Germany"
"2550","American International Group","AIG","1.0008","77.38","United States"
"2551","Globe Telecom, Inc.","GTMEY","1.00089","23.12","Philippines"
"2552","Ameresco","AMRC","1.00123","20.97","United States"
"2553","PetroVietnam Power","POW.VN","1.00124","0.508177","Vietnam"
"2554","Magyar Bancorp","MGYR","1.00141","19.26","United States"
"2555","PCC Rokita","PCR.WA","1.00153","17.9984","Poland"
"2556","Milkfood Limited","MLKFOOD.BO","1.00164","0.954968","India"
"2557","Jungheinrich","JUN3.F","1.00175","28.3283","Germany"
"2558","Gujarat Alkalies and Chemicals","GUJALKALI.NS","1.00189","7.60265","India"
"2559","Resideo Technologies","REZI","1.00192","19.28","United States"
"2560","Sunteck Realty","SUNTECK.NS","1.00207","3.28388","India"
"2561","Jupiter Mines Limited","JMS.AX","1.00219","0.189557","Australia"
"2562","Daicel Corporation","4202.T","1.00226","9.1615","Japan"
"2563","Zigup","ZIG.L","1.00227","6.3211","United Kingdom"
"2564","Peakstone Realty Trust","PKST","1.00239","20.99","United States"
"2565","MEDIA DO Co., Ltd.","3678.T","1.00249","8.13518","Japan"
"2566","KAMCO Investment Company","KAMCO.KW","1.00261","652.103","Kuwait"
"2567","Northpointe Bancshares","NPB","1.00289","17.11","United States"
"2568","Halkbank","HALKB.IS","1.00307","0.728197","Turkey"
"2569","Teleperformance","TEP.PA","1.00314","82.117","France"
"2570","Sakata INX Corporation","4633.T","1.00339","16.6909","Japan"
"2571","LKQ Corporation","LKQ","1.00343","25.74","United States"
"2572","Montauk Renewables","MNTK","1.00372","1.86","United States"
"2573","Tokyo Century","8439.T","1.00386","16.2233","Japan"
"2574","Marvelous","7844.T","1.00446","3.14485","Japan"
"2575","Accent Group","AX1.AX","1.0045","0.522175","Australia"
"2576","Mepco (Middle East Company for Manufacturing and Producing Paper)","1202.SR","1.00466","5.00213","Saudi Arabia"
"2577","Coop Pank AS","CPA1T.TL","1.00467","2.72208","Estonia"
"2578","Suominen","SUY1V.HE","1.00488","0.804383","Finland"
"2579","Cullman Bancorp","CULL","1.00505","16.5","United States"
"2580","Grendene","GRND3.SA","1.00589","0.681474","Brazil"
"2581","Asahi Kasei","3407.T","1.00608","10.2537","Japan"
"2582","Fujifilm","4901.T","1.00614","20.3945","Japan"
"2583","LCNB Corp.","LCNB","1.00627","19.47","United States"
"2584","Chailease Holding","5871.TW","1.00647","3.6075","Taiwan"
"2585","Bendigo and Adelaide Bank","BEN.AX","1.00658","7.76109","Australia"
"2586","Union Bank of India","UNIONBANK.NS","1.00677","1.9464","India"
"2587","Fortress REIT","FFB.JO","1.00694","1.50284","South Africa"
"2588","Investar Holding","ISTR","1.00711","30.31","United States"
"2589","Admie Holding","ADMIE.AT","1.00748","5.11774","Greece"
"2590","Salama Cooperative Insurance Company","8050.SR","1.00796","2.39719","Saudi Arabia"
"2591","Toyoda Gosei","7282.T","1.00832","33.3568","Japan"
"2592","Xinjiang Daqo New Energy Co.,Ltd.","688303.SS","1.00846","2.61815","China"
"2593","AEON REIT Investment","3292.T","1.00855","754.513","Japan"
"2594","Thai Life Insurance","TLI.BK","1.00891","0.348198","Thailand"
"2595","Bombay Burmah","BBTC.NS","1.00901","14.894","India"
"2596","Primary Health Properties","PHP.L","1.00908","1.32144","United Kingdom"
"2597","Radian Group","RDN","1.00988","36.71","United States"
"2598","HiteJinro","000080.KS","1.01029","11.1","South Korea"
"2599","i3 Verticals","IIIV","1.0103","16.77","United States"
"2600","CIMC Enric","3899.HK","1.0106","0.942758","China"
"2601","So-Young International","SY","1.01086","2.35","China"
"2602","reAlpha Tech","AIRE","1.01113","1.6","United States"
"2603","LNA Santé","LNA.PA","1.01129","39.6363","France"
"2604","Global Payments","GPN","1.0113","94.3","United States"
"2605","West Japan Railway","9021.T","1.01156","18.7436","Japan"
"2606","EPIC Suisse","EPIC.SW","1.01182","104.992","Switzerland"
"2607","G5 Entertainment","G5EN.ST","1.01184","6.58838","Sweden"
"2608","Qingci Games","6633.HK","1.01186","0.382717","China"
"2609","Canon","7751.T","1.01192","28.9314","Japan"
"2610","RCI Hospitality Holdings","RICK","1.01217","30.76","United States"
"2611","Virtus Investment Partners","VRTS","1.01242","168.4","United States"
"2612","Shinkin Central Bank","8421.T","1.0136","1202.07","Japan"
"2613","Eslead Corporation","8877.T","1.01513","33.8338","Japan"
"2614","Wihlborgs Fastigheter AB","WIHL.ST","1.01617","8.26178","Sweden"
"2615","Sokouk Holding Company K.S.C.P.","SOKOUK.KW","1.01626","253.668","Kuwait"
"2616","Beijing New Building Materials","000786.SZ","1.01667","2.5289","China"
"2617","SABIC","2010.SR","1.01671","13.5308","Saudi Arabia"
"2618","Koito Manufacturing","7276.T","1.01678","16.8353","Japan"
"2619","Fountaine Pajot","ALFPC.PA","1.01686","98.1581","France"
"2620","Yalla Group","YALA","1.01715","5.54","United Arab Emirates"
"2621","Fractal Gaming Group","FRACTL.ST","1.01722","1.48396","Sweden"
"2622","Kaken Pharmaceutical Co., Ltd.","4521.T","1.0176","25.0144","Japan"
"2623","ConnectOne Bancorp","CNOB","1.01775","32.19","United States"
"2624","GrainCorp","GNC.AX","1.0178","4.24177","Australia"
"2625","National International Holding Company (Kuwait)","NIH.KW","1.01784","622.758","Kuwait"
"2626","Firm Capital Mortgage Investment Corporation","FC.TO","1.01858","8.47825","Canada"
"2627","Shanghai RAAS Blood Products","002252.SZ","1.01863","0.728917","China"
"2628","Gateway Distriparks","GATEWAY.NS","1.01889","0.552816","India"
"2629","Hilltop Holdings","HTH","1.01911","38.67","United States"
"2630","Aperam","APAM.AS","1.01953","52.7396","Luxembourg"
"2631","Employers Holdings","EIG","1.01959","49.19","United States"
"2632","Calfrac Well Services","CFW.TO","1.01966","5.05809","Canada"
"2633","Air France-KLM","AF.PA","1.01989","14.0534","France"
"2634","VIB (Vietnam International Commercial Joint Stock Bank)","VIB.VN","1.0206","0.559759","Vietnam"
"2635","Daikokutenbussan","2791.T","1.02061","28.969","Japan"
"2636","Dauch Corporation","DCH","1.02083","6.46","United States"
"2637","Zumiez","ZUMZ","1.02105","18.51","United States"
"2638","Aditya Birla Fashion and Retail","ABFRL.NS","1.02151","0.568802","India"
"2639","Keio Corporation","9008.T","1.02182","4.94451","Japan"
"2640","AOKI Holdings","8214.T","1.02197","11.1106","Japan"
"2641","Cymbria","CYB.TO","1.02205","67.1116","Canada"
"2642","IDP Education","IEL.AX","1.02214","1.29113","Australia"
"2643","The Hachijuni Bank","8359.T","1.02249","16.3802","Japan"
"2644","Warehouses De Pauw","WDP.BR","1.02259","25.0641","Belgium"
"2645","Nippon Soda","4041.T","1.02268","24.7947","Japan"
"2646","Southern Petrochemical Industries Corp","SPIC.NS","1.02323","0.738272","India"
"2647","Intrepid Potash","IPI","1.02344","37.89","United States"
"2648","Ares Capital","ARCC","1.02356","20.05","United States"
"2649","CALIDA Holding","CALN.SW","1.02382","17.7392","Switzerland"
"2650","COSCO SHIPPING Development","601866.SS","1.02393","0.357021","China"
"2651","İsdemir","ISDMR.IS","1.02406","1.11143","Turkey"
"2652","Zojirushi","7965.T","1.02464","9.32157","Japan"
"2653","Brightstar Lottery","BRSL","1.02467","11.82","United Kingdom"
"2654","Phoenix Motor","PEV","1.02473","0.23","United States"
"2655","Finnair","FIA1S.HE","1.02484","5.3952","Finland"
"2656","KB Financial Group","KB","1.02492","118.72","South Korea"
"2657","Kolibri Global Energy","KGEI","1.02508","5.98","United States"
"2658","Universal Robina Corporation","UVRBF","1.02523","1","Philippines"
"2659","Unimot","UNT.WA","1.02538","48.1762","Poland"
"2660","Seadrill","SDRL","1.02576","46.76","Bermuda"
"2661","Tatung Co., Ltd.","2371.TW","1.02584","0.868938","Taiwan"
"2662","Capitol Federal Financial","CFFN","1.02594","8.53","United States"
"2663","Community Healthcare Trust","CHCT","1.02598","15.13","United States"
"2664","Grupo Supervielle","SUPV","1.02629","8.55","Argentina"
"2665","OMV","OMV.F","1.02658","79.2143","Austria"
"2666","Nisshinbo Holdings","3105.T","1.02668","13.3013","Japan"
"2667","Halfords Group","HFD.L","1.02679","3.22191","United Kingdom"
"2668","Tegna","TGNA","1.02751","20.03","United States"
"2669","Ramsay Générale de Santé","GDS.PA","1.02782","12.8818","France"
"2670","AvenuesAI Limited","CCAVENUE.NS","1.02811","0.157768","India"
"2671","Nishi-Nippon Financial Holdings","7189.T","1.02817","29.2076","Japan"
"2672","Photronics","PLAB","1.02819","29.53","United States"
"2673","Masi Agricola","MASI.MI","1.02851","5.08277","Italy"
"2674","Enad Global 7","EG7.ST","1.02894","1.98283","Sweden"
"2675","Avex Inc.","7860.T","1.02904","8.04103","Japan"
"2676","Robert Walters","RWA.L","1.02927","2.10767","United Kingdom"
"2677","National Investments Company (Kuwait)","NINV.KW","1.02938","873.818","Kuwait"
"2678","Carlton Investments","CIN.AX","1.02964","26.8169","Australia"
"2679","Ginkgo Bioworks","DNA","1.03027","6.78","United States"
"2680","JD Logistics","2618.HK","1.03032","1.44284","China"
"2681","VICI Properties","VICI","1.03033","26.78","United States"
"2682","SL Green Realty","SLG","1.03037","58.57","United States"
"2683","Kvutzat Acro","ACRO.TA","1.0307","12.9361","Israel"
"2684","WH Group","0288.HK","1.03154","1.02696","Hong Kong"
"2685","Jetblue Airways","JBLU","1.03188","4.95","United States"
"2686","Amot Investment","AMOT.TA","1.03196","6.50974","Israel"
"2687","BML, Inc.","4694.T","1.03216","22.943","Japan"
"2688","Taboola.com","TBLA","1.03217","3.65","United States"
"2689","DB Insurance","005830.KS","1.03254","131.799","South Korea"
"2690","Elkem","ELK.OL","1.03268","3.61936","Norway"
"2691","BWP Trust","BWP.AX","1.03306","2.65379","Australia"
"2692","KVH Industries","KVHI","1.03306","7.49","United States"
"2693","Migros Ticaret A.S.","MGROS.IS","1.03351","11.6029","Turkey"
"2694","Banque Saudi Fransi","1050.SR","1.03388","5.78788","Saudi Arabia"
"2695","Tsubakimoto Kogyo","8052.T","1.03419","17.8145","Japan"
"2696","Pernod Ricard","RI.PA","1.03443","79.3192","France"
"2697","Plaza Retail REIT","PLZ-UN.TO","1.03444","3.82423","Canada"
"2698","The Manitowoc Company","MTW","1.0347","19.68","United States"
"2699","IGG Inc","0799.HK","1.03477","0.419075","Singapore"
"2700","ECB Bancorp","ECBK","1.03505","20.84","United States"
"2701","Kenon Holdings","KEN","1.03541","65.85","Singapore"
"2702","Howard Hughes Holdings","HHH","1.03545","66.75","United States"
"2703","National Industries Company","NICBM.KW","1.03549","864.037","Kuwait"
"2704","BBVA Argentina","BBAR","1.03578","14.76","Argentina"
"2705","Giordano","0709.HK","1.03582","0.177325","Hong Kong"
"2706","Dubai Investments","DIC.AE","1.03592","1.0101","United Arab Emirates"
"2707","China Coal Energy Company Limited","601898.SS","1.03606","2.24328","China"
"2708","BOE Technology","000725.SZ","1.03614","0.853874","China"
"2709","The Pebble Group plc","PEBB.L","1.03619","0.828281","United Kingdom"
"2710","First Busey","BUSE","1.03657","30.29","United States"
"2711","United Foods Company","UFC.AE","1.03689","3.34885","United Arab Emirates"
"2712","Civista Bancshares","CIVB","1.037","27.54","United States"
"2713","China Resources Sanjiu Medical &amp; Pharmaceutical","000999.SZ","1.03717","3.58657","China"
"2714","Repsol","REP.MC","1.03733","31.5342","Spain"
"2715","Graham Holdings","GHC","1.03764","1175.29","United States"
"2716","Amana Cooperative Insurance Company","8310.SR","1.03876","1.98167","Saudi Arabia"
"2717","JM AB","JM.ST","1.03888","13.1557","Sweden"
"2718","Mediclin","MED.DE","1.03934","6.29517","Germany"
"2719","SBF AG","CY1K.DE","1.03942","3.82374","Germany"
"2720","Citigroup","C","1.03942","131.72","United States"
"2721","Zhejiang Chint Electrics","601877.SS","1.03966","3.86029","China"
"2722","Jadwa Investment - Jadwa Reit Saudi Fund","4342.SR","1.03971","2.56233","Saudi Arabia"
"2723","The Kuwait Company for Process Plant Construction and Contracting","KCPC.KW","1.03978","1000.98","Kuwait"
"2724","Tokyu Fudosan Holdings","3289.T","1.03986","8.42707","Japan"
"2725","Sunrise New Energy","EPOW","1.04084","0.4271","China"
"2726","Sawai Group Holdings","4887.T","1.04105","10.1501","Japan"
"2727","Tokai Tokyo Financial Holdings","8616.T","1.04185","5.42346","Japan"
"2728","Basic Chemical Industries Company","1210.SR","1.04195","6.77072","Saudi Arabia"
"2729","Vilniaus Baldai AB","VBL1L.VS","1.04198","11.308","Lithuania"
"2730","Starbreeze","STAR-B.ST","1.04207","0.0107351","Sweden"
"2731","S.S. Lazio","SSL.MI","1.04214","1.86524","Italy"
"2732","RCS MediaGroup","RCS.MI","1.04224","1.08067","Italy"
"2733","Breedon Group","BREE.L","1.0423","4.86615","United Kingdom"
"2734","Treasury Wine Estates","TWE.AX","1.04236","4.0701","Australia"
"2735","Kayak Inc","3904.T","1.04261","2.72428","Japan"
"2736","Amentum","AMTM","1.04291","20.06","United States"
"2737","Oxford Industries","OXM","1.04296","36.56","United States"
"2738","GELEX Group Joint Stock Company","GEX.VN","1.043","0.989607","Vietnam"
"2739","Graphic Packaging","GPK","1.04308","11.45","United States"
"2740","Riso Kagaku Corporation","6413.T","1.04342","7.21872","Japan"
"2741","Riyad Bank","1010.SR","1.04352","5.54816","Saudi Arabia"
"2742","Cencosud","CENCOSUD.SN","1.04382","2.31021","Chile"
"2743","Designer Brands","DBI","1.04411","5.85","United States"
"2744","Budweiser APAC","1876.HK","1.04422","0.811359","Hong Kong"
"2745","Metaplanet Inc.","3350.T","1.04449","2.07146","Japan"
"2746","Safe Bulkers","SB","1.04467","8.65","Monaco"
"2747","Velocity Financial","VEL","1.04542","18.44","United States"
"2748","Cham Swiss Properties AG","CHAM.SW","1.04582","29.6068","Switzerland"
"2749","Mitsubishi Pencil","7976.T","1.04612","18.7812","Japan"
"2750","Australian Foundation Investment Company","AFI.AX","1.04615","4.88555","Australia"
"2751","Kornit Digital","KRNT","1.04643","16.475","Israel"
"2752","Scentre Group","SCG.AX","1.04677","2.5608","Australia"
"2753","Al Salam Bank","SALAM.BH","1.04744","1.19629","Bahrain"
"2754","Perspective Therapeutics","CATX","1.04808","3.19","United States"
"2755","Ipsos","IPS.PA","1.04843","46.491","France"
"2756","SKY Network Television Limited","SKT.NZ","1.04855","2.03705","New Zealand"
"2757","J-Long Group","JL","1.04868","4.75","Hong Kong"
"2758","Samsung Securities","016360.KS","1.04931","63.8415","South Korea"
"2759","Pinnacle Financial Partners","PNFP","1.04932","101.34","United States"
"2760","Trifast","TRI.L","1.04956","1.18521","United Kingdom"
"2761","7Road","0797.HK","1.04959","0.112901","China"
"2762","Bluelinx","BXC","1.04962","83.02","United States"
"2763","Yapı Kredi","YKBNK.IS","1.05","0.76313","Turkey"
"2764","The Hyakugo Bank","8368.T","1.05016","14.1738","Japan"
"2765","National Central Cooling Company","TABREED.AE","1.05018","0.65888","United Arab Emirates"
"2766","Yellow Cake plc","YCA.L","1.0504","8.1337","Jersey"
"2767","Pepper Money Limited","PPM.AX","1.05067","1.36266","Australia"
"2768","Maxvalu Tokai","8198.T","1.05069","20.4949","Japan"
"2769","Planet13","PLTH.CN","1.05135","0.137095","United States"
"2770","ReconAfrica","0XD.F","1.05177","0.480298","Canada"
"2771","Aluar Aluminio Argentino","ALUA.BA","1.05196","0.579523","Argentina"
"2772","Aptiv","APTV","1.0521","47.34","Ireland"
"2773","New India Assurance","NIACL.NS","1.05282","1.95768","India"
"2774","Park Hotels &amp; Resorts","PK","1.05283","15.86","United States"
"2775","Superior Group of Companies","SGC","1.05308","12.73","United States"
"2776","ORBIS AG","OBS.DE","1.05323","5.50245","Germany"
"2777","CVC Limited","CVC.AX","1.05359","1.08011","Australia"
"2778","WEBTOON Entertainment","WBTN","1.05362","9.59","United States"
"2779","Entrada Therapeutics","TRDA","1.05373","7.33","United States"
"2780","Dai Nippon Printing","7912.T","1.05396","19.6224","Japan"
"2781","Huntington Bancshares","HBAN","1.05397","17.04","United States"
"2782","Aston Martin","AML.L","1.05411","0.461277","United Kingdom"
"2783","Fuji Media Holdings","4676.T","1.05423","26.1945","Japan"
"2784","Kaldalón","KALD.IC","1.05448","0.218308","Iceland"
"2785","Douglas Elliman","DOUG","1.05454","1.95","United States"
"2786","Gulf Insurance Group","GINS.KW","1.05506","4251.71","Kuwait"
"2787","Yamato Holdings","9064.T","1.05553","12.2342","Japan"
"2788","Cibus Nordic Real Estate","CIBUS.ST","1.05573","14.9659","Sweden"
"2789","Reitir fasteignafélag","REITIR.IC","1.0558","0.967502","Iceland"
"2790","Princeton Bancorp","BPRN","1.05585","42.4","United States"
"2791","Industrivarden","INDU-A.ST","1.05624","56.6222","Sweden"
"2792","Hammerson Plc","HMSO.L","1.05632","5.12499","United Kingdom"
"2793","IZEA Worldwide","IZEA","1.05637","2.94","United States"
"2794","WELL Health Technologies","WELL.TO","1.05667","3.10989","Canada"
"2795","Beacon Financial Corporation","BBT","1.05674","31.58","United States"
"2796","First Interstate BancSystem","FIBK","1.05676","37.24","United States"
"2797","Orient Overseas Container Line","0316.HK","1.05704","21.4832","Hong Kong"
"2798","Persimmon","PSN.L","1.05738","15.9526","United Kingdom"
"2799","Al Ahli Bank of Kuwait","ABK.KW","1.05779","922.726","Kuwait"
"2800","Sphere 3D","ANY","1.0579","2.43","Canada"
"2801","Yuasa Trading","8074.T","1.05804","38.4789","Japan"
"2802","DocMorris","DOCM.SW","1.05814","12.5518","Switzerland"
"2803","Nippon Kayaku","4272.T","1.05846","12.9811","Japan"
"2804","Doha Insurance Group","DOHI.QA","1.05858","0.807967","Qatar"
"2805","RWE","RWE.DE","1.05859","67.2651","Germany"
"2806","North American Construction Group","NOA","1.05867","13.41","Canada"
"2807","Kayne Anderson Capital Advisors","KYN","1.05873","14.6","United States"
"2808","Commercial Real Estate Company (Kuwait)","ALTIJARIA.KW","1.05937","616.237","Kuwait"
"2809","R. Stahl AG","RSL2.DE","1.05973","14.5722","Germany"
"2810","SOBR Safe","SOBR","1.06108","0.5199","United States"
"2811","Evonik Industries","EVK.DE","1.06113","21.765","Germany"
"2812","Alpine Income Property Trust","PINE","1.06121","19.95","United States"
"2813","Mapletree Industrial Trust","ME8U.SI","1.06129","1.51837","Singapore"
"2814","Vipshop","VIPS","1.06138","14.32","China"
"2815","Mid Penn Bancorp","MPB","1.06148","37.18","United States"
"2816","Bandhan Bank","BANDHANBNK.NS","1.06172","1.80995","India"
"2817","The Pack Corporation","3950.T","1.06173","9.55382","Japan"
"2818","Hankyu Hanshin REIT","8977.T","1.06234","852.437","Japan"
"2819","C&amp;F Financial Corporation","CFFI","1.06295","86.99","United States"
"2820","Nobia AB","NOBI.ST","1.06331","1.60879","Sweden"
"2821","Atrium Mortgage Investment","AI.TO","1.0647","8.37001","Canada"
"2822","SpareBank 1","SPOL.OL","1.06478","21.2071","Norway"
"2823","Heritage Financial","HFWA","1.06498","29.04","United States"
"2824","Prosperity Bancshares","PB","1.06518","72.75","United States"
"2825","Oppein Home Group","603833.SS","1.06541","4.83465","China"
"2826","Keikyu Corporation","9006.T","1.06552","9.95556","Japan"
"2827","The Bank of Nagoya","8522.T","1.06559","42.8729","Japan"
"2828","EXEDY Corporation","7278.T","1.06569","38.9183","Japan"
"2829","Pirelli","PIRC.MI","1.06574","7.81651","Italy"
"2830","Founder Securities","601901.SS","1.06582","0.995195","China"
"2831","Merchants Bancorp","MBIN","1.06604","54.08","United States"
"2832","Skye Bioscience","SKYE","1.06616","2.17","United States"
"2833","Eurofins-Cerep","ALECR.PA","1.06678","19002.1","France"
"2834","Taylor Morrison","TMHC","1.06678","72.45","United States"
"2835","Okumura Corporation","1833.T","1.06691","36.3447","Japan"
"2836","SEACOR Marine","SMHI","1.06741","9.75","United States"
"2837","Fraport","FRA.DE","1.06754","74.726","Germany"
"2838","Strategy 
 (MicroStrategy)","MSTR","1.06754","122.63","United States"
"2839","Maruichi Steel Tube","5463.T","1.06776","11.007","Japan"
"2840","ecotel communication","E4C.DE","1.0682","8.27699","Germany"
"2841","Wilh. Wilhelmsen Holding","WWI.OL","1.06847","87.638","Norway"
"2842","Hotel Properties Limited","H15.SI","1.06849","3.65825","Singapore"
"2843","Nisshin Seifun Group","2002.T","1.0685","12.9686","Japan"
"2844","AGNC Investment","AGNC","1.0686","10.98","United States"
"2845","TMBThanachart Bank (ttb)","TTB.BK","1.06868","0.0879658","Thailand"
"2846","Spectrum Brands","SPB","1.06878","88.34","United States"
"2847","Cemig","CIG","1.06882","1.95","Brazil"
"2848","Towa Pharmaceutical","4553.T","1.0689","24.3867","Japan"
"2849","Tijara &amp; Real Estate Investment Company","TIJARA.KW","1.06962","407.564","Kuwait"
"2850","Siam City Cement (INSEE)","SCCC.BK","1.0697","4.67318","Thailand"
"2851","Budget Saudi (United International Transportation Company)","4260.SR","1.06988","8.48604","Saudi Arabia"
"2852","Schoeller-Bleckmann Oilfield Equipment","SBO.VI","1.06998","34.1571","Austria"
"2853","Lumi Rental Company","4262.SR","1.07039","7.65502","Saudi Arabia"
"2854","TRE Holdings Corporation","9247.T","1.07051","12.2404","Japan"
"2855","Warteck Invest","WARN.SW","1.07068","2388.45","Switzerland"
"2856","Cleveland-Cliffs","CLF","1.07113","11.3","United States"
"2857","Sekisui House Reit","3309.T","1.07118","465.137","Japan"
"2858","Qrf","QRF.BR","1.07158","11.7743","Belgium"
"2859","Pineapple Financial","PAPL","1.07244","1.15","Canada"
"2860","Tuya Inc.","TUYA","1.07283","1.76","China"
"2861","NH Foods (Nipponham)","2282.T","1.07337","40.2177","Japan"
"2862","Annaly Capital Management","NLY","1.07338","23.25","United States"
"2863","AB KN Energies","KNE1L.VS","1.07359","0.585218","Lithuania"
"2864","Richtech Robotics","RR","1.07368","1.62","United States"
"2865","Provident Financial Services","PFS","1.07377","23.57","United States"
"2866","Dukhan Bank","DUBK.QA","1.07386","0.902473","Qatar"
"2867","Fiserv","FISV","1.07404","52.96","United States"
"2868","Azelis Group","AZE.BR","1.07523","14.0126","Belgium"
"2869","Sojitz Corporation","2768.T","1.07528","35.7546","Japan"
"2870","Seatrium","5E2.SI","1.07538","1.69932","Singapore"
"2871","Eurobio Scientific","ALERS.PA","1.07562","23.2572","France"
"2872","SEGRO","SGRO.L","1.07569","13.1299","United Kingdom"
"2873","Coface","COFA.PA","1.0759","18.8039","France"
"2874","Choice Properties REIT","CHP-UN.TO","1.07598","11.2418","Canada"
"2875","YIT","YIT.HE","1.07609","3.80042","Finland"
"2876","Møns Bank","MNBA.CO","1.07647","61.1183","Denmark"
"2877","Manhattan Bridge Capital","LOAN","1.07649","4.06","United States"
"2878","Al Madar Kuwait Holding Company","MADAR.KW","1.0767","391.262","Kuwait"
"2879","Mivne Real Estate (K.D)","MVNE.TA","1.07753","4.25983","Israel"
"2880","Castings P.L.C.","CGS.L","1.07795","4.22315","United Kingdom"
"2881","Kubota","6326.T","1.07878","17.5917","Japan"
"2882","Ferretti","F3T1.F","1.07924","3.49499","Italy"
"2883","Westlake Corporation","WLK","1.08001","76.49","United States"
"2884","Invesco","IVZ","1.08026","32.45","United States"
"2885","Essent Group","ESNT","1.08029","68.47","Bermuda"
"2886","China Mobile","0941.HK","1.0806","10.2249","China"
"2887","INFRONEER Holdings","5076.T","1.08083","17.3814","Japan"
"2888","Okamura Corporation","7994.T","1.08147","14.8455","Japan"
"2889","Western Alliance Bancorporation","WAL","1.08149","78.39","United States"
"2890","Duc Giang Chemicals Group","DGC.VN","1.08184","1.71748","Vietnam"
"2891","Verisure plc","VSURE.ST","1.08188","10.8207","Switzerland"
"2892","AutoCanada Inc.","ACQ.TO","1.08193","15.8453","Canada"
"2893","Installux S.A.","ALLUX.PA","1.08226","575.892","France"
"2894","Streamex Corp.","STEX","1.08263","0.7649","United States"
"2895","Affinity Bancshares","AFBI","1.08279","23","United States"
"2896","Zee Learn","ZEELEARN.NS","1.0828","0.0831679","India"
"2897","Comcast","CMCSA","1.08295","27.02","United States"
"2898","Daiwa House REIT Investment Corporation","8984.T","1.08321","757.024","Japan"
"2899","Eurocell","ECEL.L","1.08328","1.60041","United Kingdom"
"2900","Amanat Holdings","AMANAT.AE","1.08332","0.394783","United Arab Emirates"
"2901","Verde Clean Fuels","VGAS","1.08334","1.37","United States"
"2902","Donegal Group","DGICA","1.08336","18.98","United States"
"2903","Mohawk Industries","MHK","1.08377","134.07","United States"
"2904","HIAG Immobilien","HIAG.SW","1.08385","164.952","Switzerland"
"2905","Inmobiliaria del Sur","ISUR.MC","1.08391","19.4684","Spain"
"2906","ASA Gold and Precious Metals","ASA","1.08416","63.47","United States"
"2907","Verimatrix","VMX.PA","1.08503","0.43017","France"
"2908","Advantage Energy","AAV.TO","1.08513","8.02367","Canada"
"2909","NH Investment & Securities Co., Ltd.","005940.KS","1.08542","19.2102","South Korea"
"2910","Arzan Financial Group for Financing and Investment","ARZAN.KW","1.08558","1056.41","Kuwait"
"2911","Corticeira Amorim","COR.LS","1.08576","8.23036","Portugal"
"2912","Uzin Utz","UZU.DE","1.08597","74.3763","Germany"
"2913","Seacoast Banking","SBCF","1.0863","34.34","United States"
"2914","Bien Sparebank","BIEN.OL","1.08637","15.3581","Norway"
"2915","Malath Cooperative Insurance Company","8020.SR","1.08681","2.71948","Saudi Arabia"
"2916","Miyakoshi Holdings","6620.T","1.08695","4.46933","Japan"
"2917","Shamal Az-Zour Al-Oula Power and Water Company","AZNOULA.KW","1.08709","453.212","Kuwait"
"2918","Tata Investment Corporation","TATAINVEST.NS","1.08719","6.72866","India"
"2919","Top Glove","BVA.SI","1.08757","0.161278","Malaysia"
"2920","Modiv Industrial","MDV","1.08797","18.05","United States"
"2921","Kosé","4922.T","1.08867","37.3804","Japan"
"2922","Sakata Seed","1377.T","1.08873","28.153","Japan"
"2923","BVZ Holding","BVZN.SW","1.08897","1940.61","Switzerland"
"2924","Group 1 Automotive","GPI","1.08906","259.38","United States"
"2925","AGI Inc (Agibank)","AGBK","1.08943","6.11","Brazil"
"2926","Datang International Power Generation Company","601991.SS","1.08945","0.877676","China"
"2927","Acciona Energías Renovables","ANE.MC","1.08973","24.318","Spain"
"2928","MIRAIT ONE Corporation","1417.T","1.0898","22.5475","Japan"
"2929","Cousins Properties","CUZ","1.08987","30.01","United States"
"2930","Aedas Homes","AEDAS.MC","1.08991","26.1133","Spain"
"2931","Village Farms International","VFF","1.09088","2.71","Canada"
"2932","Genuit Group","GEN.L","1.09197","3.89365","United Kingdom"
"2933","TCM Group A/S","TCM.CO","1.09282","10.5398","Denmark"
"2934","Borussia Dortmund","BVB.F","1.09314","3.7363","Germany"
"2935","BankUnited","BKU","1.09321","46.28","United States"
"2936","Waterstone Financial","WSBF","1.09346","21.18","United States"
"2937","Mitsubishi Gas Chemical Company","4182.T","1.09442","24.0478","Japan"
"2938","Rupa Company","RUPA.NS","1.09461","1.57549","India"
"2939","PTT Exploration and Production","PTTEP.BK","1.09496","4.50519","Thailand"
"2940","Hunyvers","ALHUN.PA","1.09564","8.04383","France"
"2941","Gobarto","GOB.WA","1.0957","5.63901","Poland"
"2942","Garo Aktiebolag","GARO.ST","1.09597","1.18086","Sweden"
"2943","UP Fintech (Tiger Brokers)","TIGR","1.09623","5.2","China"
"2944","Kyushu Railway Company","9142.T","1.09633","22.2399","Japan"
"2945","Ceragon Networks","CRNT","1.09646","2.06","Israel"
"2946","Fuji Seal International","7864.T","1.09648","20.9029","Japan"
"2947","OceanFirst Financial","OCFC","1.0965","18.94","United States"
"2948","Nagase &amp; Co.","8012.T","1.09764","7.36623","Japan"
"2949","Nikon","NINOY","1.09771","12.36","Japan"
"2950","Eikon Therapeutics","EIKN","1.09772","11.16","United States"
"2951","Allianz Saudi Fransi Cooperative Insurance","8040.SR","1.09841","3.50256","Saudi Arabia"
"2952","Pico Far East Holdings","0752.HK","1.09881","0.282572","Hong Kong"
"2953","Volati AB","VOLO.ST","1.09918","2.82585","Sweden"
"2954","A2A","A2A.MI","1.09928","2.68244","Italy"
"2955","Sound Financial Bancorp","SFBC","1.09954","47.275","United States"
"2956","Enel Chile","ENIC","1.09958","4.53","Chile"
"2957","Iceland Seafood International","ICESEA.IC","1.10007","0.035227","Iceland"
"2958","Züblin Immobilien","ZUBN.SW","1.10046","62.9455","Switzerland"
"2959","First Western Financial","MYFW","1.10059","30.81","United States"
"2960","Gameone","8282.HK","1.10071","0.0861112","Hong Kong"
"2961","Independent Petroleum Group K.S.C.P.","IPG.KW","1.10166","2314.97","Kuwait"
"2962","Argo Investments","ARG.AX","1.10168","6.56652","Australia"
"2963","I.g. Petrochemicals","IGPL.NS","1.10181","5.13426","India"
"2964","Café de Coral","0341.HK","1.10219","0.673581","Hong Kong"
"2965","Villeroy &amp; Boch","VIB3.DE","1.10254","17.4866","Germany"
"2966","SBI Shinsei Bank","8303.T","1.10274","9.66681","Japan"
"2967","BKW AG","BKW.SW","1.10305","155.995","Switzerland"
"2968","Lifetime Brands","LCUT","1.10349","9.48","United States"
"2969","Newell Brands","NWL","1.10385","6.07","United States"
"2970","AB INVL Baltic Farmland","INL1L.VS","1.10386","8.10212","Lithuania"
"2971","Kore Potash plc","KP2.L","1.10389","0.0456372","United Kingdom"
"2972","Euroseas","ESEA","1.10413","76.79","Greece"
"2973","Sunstone Hotel Investors","SHO","1.10436","11.31","United States"
"2974","Nickel Industries Limited","NIC.AX","1.10538","0.625894","Australia"
"2975","Ercros","ECR.MC","1.10562","4.08021","Spain"
"2976","UACJ Corporation","5741.T","1.1057","14.8203","Japan"
"2977","Outdoor Holding Company","POWW","1.10606","2.24","United States"
"2978","Compagnie d'Entreprises CFE","CFEB.BR","1.10619","13.8144","Belgium"
"2979","Bunka Shutter","5930.T","1.10677","11.9078","Japan"
"2980","EROAD Limited","ERD.NZ","1.107","0.583716","New Zealand"
"2981","TODA corp","1860.T","1.10738","9.50988","Japan"
"2982","“K” Line","9107.T","1.1074","21.4741","Japan"
"2983","Celanese","CE","1.10752","45.26","United States"
"2984","Iwatani Corporation","8088.T","1.10786","13.6277","Japan"
"2985","Neinor Homes","HOME.MC","1.10852","18.734","Spain"
"2986","Yurtec Corporation","1934.T","1.10863","15.8121","Japan"
"2987","Hornbach Baumarkt","HBM.HM","1.10869","72.2779","Germany"
"2988","QLM Life &amp; Medical Insurance Company","QLMI.QA","1.10892","0.576923","Qatar"
"2989","Malibu Boats","MBUU","1.10948","29.47","United States"
"2990","Onward Holdings Co., Ltd.","8016.T","1.10967","4.88362","Japan"
"2991","Ziff Davis","ZD","1.10997","55.73","United States"
"2992","Dior","CDI.PA","1.11021","479.832","France"
"2993","Fomento de Construcciones y Contratas","FCC.MC","1.11022","12.9867","Spain"
"2994","Gold Royalty Corp","GROY","1.11028","3.46","Canada"
"2995","Fairfax Financial","FFH.TO","1.11062","1639.43","Canada"
"2996","Okuma Corporation","6103.T","1.11077","30.7894","Japan"
"2997","MISC Berhad","3816.KL","1.1109","2.12297","Malaysia"
"2998","PICC Property and Casualty Company Limited","2328.HK","1.1112","2.06157","China"
"2999","OptimizeRx","OPRX","1.11175","7.65","United States"
"3000","The Yokohama Rubber Company","5101.T","1.11177","46.8715","Japan"
"3001","Toyo Tire","5105.T","1.11249","24.0038","Japan"
"3002","Netgem","ALNTG.PA","1.11274","0.96526","France"
"3003","Bank of Marin Bancorp","BMRC","1.11289","27.11","United States"
"3004","Arctic Fish Holding","AFISH.OL","1.11337","2.70647","Iceland"
"3005","Doshisha Co.","7483.T","1.11389","18.8942","Japan"
"3006","First Carolina Financial Services","FCBM","1.11402","12.67","United States"
"3007","Vale Indonesia","INCO.JK","1.11421","0.297938","Indonesia"
"3008","China Merchants Securities","600999.SS","1.11422","2.62708","China"
"3009","Koss","KOSS","1.11454","3.5","United States"
"3010","Brockhaus Technologies","BKHT.DE","1.11567","25.0641","Germany"
"3011","Southside Bancshares","SBSI","1.11578","32.06","United States"
"3012","Tōkyō Gas","9531.T","1.11586","38.2529","Japan"
"3013","UNITED","2497.T","1.11615","3.33944","Japan"
"3014","Nitta Corporation","5186.T","1.11621","42.4963","Japan"
"3015","Independent Bank Corp.","INDB","1.11641","83.48","United States"
"3016","MS&amp;AD Insurance","8725.T","1.117","31.8377","Japan"
"3017","Vinhomes","VHM.VN","1.1174","2.81217","Vietnam"
"3018","Cronos Group","CRON","1.11788","3.41","Canada"
"3019","First Citizens BancShares","FCNCA","1.11817","2183.05","United States"
"3020","National Bank Holdings","NBHC","1.11825","41.8","United States"
"3021","Keisei Electric Railway Co., Ltd.","9009.T","1.11835","8.41766","Japan"
"3022","Kakao","035720.KS","1.1185","26.0349","South Korea"
"3023","Tyson Foods","TSN","1.11855","57.87","United States"
"3024","Nedbank","NED.JO","1.11862","18.8008","South Africa"
"3025","Mersen","MRN.PA","1.11931","43.6932","France"
"3026","Navigator Holdings","NVGS","1.11937","22.33","United Kingdom"
"3027","GrowGeneration","GRWG","1.11984","1.73","United States"
"3028","Mubarrad Holding Company","MUBARRAD.KW","1.12014","453.212","Kuwait"
"3029","Plazza AG","PLAN.SW","1.12023","538.644","Switzerland"
"3030","Li Ning Company","2331.HK","1.12052","1.73115","China"
"3031","KLCC Property Holdings","5235SS.KL","1.12056","2.15267","Malaysia"
"3032","Lineage","LINE","1.12077","40.8","United States"
"3033","OSOS Holding Group Company K.P.S.C.","OSOS.KW","1.12081","612.977","Kuwait"
"3034","Autoneum Holding","AUTN.SW","1.12117","152.263","Switzerland"
"3035","CSB Bank","CSBBANK.NS","1.12121","3.53673","India"
"3036","Pro Real Estate Investment Trust","PRV-UN.TO","1.12124","4.92099","Canada"
"3037","Kagome Co., Ltd.","2811.T","1.12129","17.0393","Japan"
"3038","Atland SAS","ATLD.PA","1.12133","42.3176","France"
"3039","Financière Moncey Société anonyme","FMONC.PA","1.1216","136.978","France"
"3040","Novolog","NVLG.TA","1.12171","0.264989","Israel"
"3041","Gravity Co.","GRVY","1.1221","72.29","South Korea"
"3042","Western New England Bancorp","WNEB","1.1223","13.89","United States"
"3043","Ezaki Glico Co., Ltd.","2206.T","1.12249","32.6035","Japan"
"3044","Indofood CBP","ICBP.JK","1.12251","0.437729","Indonesia"
"3045","BKI Investment Company","BKI.AX","1.12284","1.31974","Australia"
"3046","Scana ASA","SCANA.OL","1.12314","0.157877","Norway"
"3047","Klil Industries","KLIL.TA","1.1233","60.6642","Israel"
"3048","Worley","WOR.AX","1.12335","7.93991","Australia"
"3049","Rogers Communications","RCI","1.12369","36.39","Canada"
"3050","NOV","NOV","1.1238","19.76","United States"
"3051","Vietnam Maritime Commercial Joint Stock Bank","MSB.VN","1.12383","0.596057","Vietnam"
"3052","Sinotrans Limited","601598.SS","1.12385","0.98627","China"
"3053","OFX Group","OFX.AX","1.12398","0.586552","Australia"
"3054","AES","AES","1.12431","14.75","United States"
"3055","Pangaea Logistics Solutions","PANL","1.12433","8.36","United States"
"3056","NCC Limited","NCC.NS","1.12504","1.54885","India"
"3057","Mikron Holding","MIKN.SW","1.12514","20.1525","Switzerland"
"3058","Kiwoom Securities","039490.KS","1.12516","199.324","South Korea"
"3059","A'ayan Leasing and Investment Company","AAYAN.KW","1.1252","916.205","Kuwait"
"3060","EDP Group","EDP.F","1.1253","5.36372","Portugal"
"3061","Japan Aviation Electronics Industry","6807.T","1.12562","15.197","Japan"
"3062","VPBank (Vietnam Prosperity Joint Stock Commercial Bank)","VPB.VN","1.12679","1.00871","Vietnam"
"3063","Cementir","CEM.MI","1.12685","16.7988","Italy"
"3064","MoneyHero","MNY","1.12757","0.8898","Singapore"
"3065","National Real Estate Company - K.P.S.C.","NRE.KW","1.12801","456.472","Kuwait"
"3066","Kanamoto","9678.T","1.12816","34.5871","Japan"
"3067","MillerKnoll","MLKN","1.12824","23.16","United States"
"3068","Ioneer","IONR","1.12828","3.24","Australia"
"3069","Borr Drilling","BORR","1.12871","4.38","Bermuda"
"3070","Ferroglobe","GSM","1.12875","4.05","United Kingdom"
"3071","LoveSac","LOVE","1.12886","15.85","United States"
"3072","Íslandsbanki","ISB.IC","1.12889","1.17423","Iceland"
"3073","Makhazen","MKHZN.KW","1.12942","518.422","Kuwait"
"3074","QNB (Qatar National Bank)","QNBK.QA","1.12981","4.59615","Qatar"
"3075","Citizens Financial Group","CFG","1.13019","70.23","United States"
"3076","Mainova","MNV6.F","1.13067","442.994","Germany"
"3077","Columbia Banking System","COLB","1.13068","30.64","United States"
"3078","K's Holdings Corporation","8282.T","1.13153","12.388","Japan"
"3079","STRATEC","SBS.F","1.13236","25.5304","Germany"
"3080","Innoviva","INVA","1.13242","21.03","United States"
"3081","Japan Post Bank","7182.T","1.13249","20.0053","Japan"
"3082","Eimskipafélag Íslands","EIM.IC","1.13272","2.34847","Iceland"
"3083","GarantiBank","GARAN.IS","1.13365","2.77388","Turkey"
"3084","Mitsui Fudosan","8801.T","1.13368","9.50046","Japan"
"3085","Tokyo Kiraboshi Financial Group","7173.T","1.13389","10.577","Japan"
"3086","doValue S.p.A.","DOV.MI","1.13391","2.10655","Italy"
"3087","CNB Financial Corp","CCNE","1.13406","34.04","United States"
"3088","Canon Electronics Inc.","7739.T","1.13418","22.5062","Japan"
"3089","Taiwan Business Bank","2834.TW","1.13421","0.512893","Taiwan"
"3090","Ascendas Reit","A17U.SI","1.13421","1.93533","Singapore"
"3091","Nel ASA","NEL.OL","1.13508","0.226076","Norway"
"3092","Komax Holding","KOMN.SW","1.13539","91.4327","Switzerland"
"3093","BioAge Labs","BIOA","1.13556","9.38","United States"
"3094","Simona","SIM0.F","1.13557","85.1014","Germany"
"3095","Changjiang Securities","000783.SZ","1.13559","1.27932","China"
"3096","Boiron","BOI.PA","1.13615","30.1935","France"
"3097","Wawel","WWL.WA","1.13627","195.411","Poland"
"3098","Woodside Energy","WDS","1.13657","23.82","Australia"
"3099","Enterprise Financial Services Corp","EFSC","1.13686","63.52","United States"
"3100","Fletcher Building","FBU.NZ","1.13695","2.32295","New Zealand"
"3101","Kuwait Reinsurance Company","KUWAITRE.KW","1.13719","1190.09","Kuwait"
"3102","Ardmore Shipping","ASC","1.13724","18.25","Bermuda"
"3103","RHB Bank","1066.KL","1.13763","2.13287","Malaysia"
"3104","Punjab &amp; Sind Bank","PSB.NS","1.13774","0.243444","India"
"3105","Metrovacesa","MVC.MC","1.13843","12.5437","Spain"
"3106","NAGAWA Co., Ltd.","9663.T","1.13853","32.0762","Japan"
"3107","Forbright, Inc.","FRBT","1.13903","18.65","United States"
"3108","ENCE Energía y Celulosa","ENC.MC","1.13977","2.97039","Spain"
"3109","DAVIDsTEA","DTEAF","1.13991","0.676","Canada"
"3110","Sompo Holdings","8630.T","1.13992","42.7034","Japan"
"3111","Bank of the Philippine Islands","BPHLY","1.13998","34.24","Philippines"
"3112","EDION Corporation","2730.T","1.14011","15.9753","Japan"
"3113","WildBrain","WILD.TO","1.14033","1.06068","Canada"
"3114","Haitian International Holdings","1882.HK","1.14094","2.36646","Hong Kong"
"3115","Qatar Cinema and Film Distribution Company","QCFS.QA","1.14104","0.677198","Qatar"
"3116","Strategic Education","STRA","1.14132","84","United States"
"3117","Metallus","MTUS","1.14156","18.73","United States"
"3118","Mach Natural Resources LP","MNR","1.14157","12.64","United States"
"3119","Aktia Bank","AKTIA.HE","1.14231","14.4323","Finland"
"3120","Ice Fish Farm","IFISH.OL","1.14259","3.11459","Iceland"
"3121","Plasson Industries","PLSN.TA","1.14261","50.1647","Israel"
"3122","Vicinity Centres","VCX.AX","1.1427","1.80258","Australia"
"3123","Nomura Real Estate Master Fund","3462.T","1.14295","945.966","Japan"
"3124","Akbank","AKBNK.IS","1.14381","1.50027","Turkey"
"3125","LS Corp.","006260.KS","1.14392","212.685","South Korea"
"3126","ENKA","ENKAI.IS","1.14399","1.73212","Turkey"
"3127","Bridgewater Bancshares","BWB","1.14401","21.68","United States"
"3128","Avista","AVA","1.14436","37.93","United States"
"3129","Osaka Gas","9532.T","1.1447","35.265","Japan"
"3130","First Hawaiian Bank","FHB","1.14481","26.04","United States"
"3131","Jersey Mike's Subs","JMKE","1.14519","23.53","United States"
"3132","Water Intelligence plc","WATR.L","1.14583","4.66283","United Kingdom"
"3133","Bourrelier Group","ALBOU.PA","1.1459","78.5731","France"
"3134","Ackermans &amp; Van Haaren","ACKB.BR","1.14599","301.702","Belgium"
"3135","Telefónica","TEF.MC","1.14636","4.26207","Spain"
"3136","BKV Corporation","BKV","1.14642","24.21","United States"
"3137","Daishi Hokuetsu Financial Group","7327.T","1.14646","15.6866","Japan"
"3138","ALTEN","ATE.PA","1.14673","87.7827","France"
"3139","UPL","UPL.NS","1.14744","6.09027","India"
"3140","Al Mahhar Holding Company","MHAR.QA","1.14778","0.596154","Qatar"
"3141","AXIS Capital","AXS","1.14779","99.34","Bermuda"
"3142","Vanda Pharmaceuticals","VNDA","1.14781","5.33","United States"
"3143","South State Corp","SSB","1.14801","106.91","United States"
"3144","Scorpio Tankers","STNG","1.14815","78.18","Monaco"
"3145","Mitsuuroko Group Holdings","8131.T","1.14826","13.9604","Japan"
"3146","Hyderabad Industries Limited","HIL.NS","1.14869","21.5914","India"
"3147","Métropole Télévision (Groupe M6)","MMT.PA","1.14896","14.0825","France"
"3148","Peapack-Gladstone Financial","PGC","1.14932","45.33","United States"
"3149","Celtic","CCP.L","1.15032","2.71099","United Kingdom"
"3150","Al Khaleej Takaful Insurance Company","AKHI.QA","1.1504","0.775","Qatar"
"3151","REE (Refrigeration Electrical Engineering Corporation)","REE.VN","1.15048","1.72704","Vietnam"
"3152","Tongwei Co.,Ltd","600438.SS","1.15076","1.78659","China"
"3153","Synlogic","SYBX","1.15133","1.18","United States"
"3154","Vinh Hoan Corporation","VHC.VN","1.15159","2.0136","Vietnam"
"3155","Cancom","COK.F","1.15181","24.3647","Germany"
"3156","Innovative Eyewear","LUCY","1.15211","1.12","United States"
"3157","Tokyo Tatemono","8804.T","1.1522","21.449","Japan"
"3158","ACC","ACC.NS","1.15284","13.6234","India"
"3159","Starts Corporation","8850.T","1.15289","29.534","Japan"
"3160","Hanmi Financial","HAFC","1.153","31.22","United States"
"3161","Berner Kantonalbank","BEKN.SW","1.15355","489.507","Switzerland"
"3162","Olin Corporation","OLN","1.15448","17.57","United States"
"3163","Daiwa Industries","6459.T","1.15571","10.6147","Japan"
"3164","Mehadrin","MEDN.TA","1.15637","93.9962","Israel"
"3165","Iino Kaiun Kaisha","9119.T","1.15638","10.9097","Japan"
"3166","Banco Macro","BMA","1.15647","76.65","Argentina"
"3167","Genesis Energy","GNE.NZ","1.15669","1.60224","New Zealand"
"3168","Atlantic Union Bankshares","AUB","1.15669","40.92","United States"
"3169","InfraCom Group AB","INFRA.ST","1.15681","2.16806","Sweden"
"3170","Naver","035420.KS","1.15773","159.243","South Korea"
"3171","HK Electric Investments","2638.HK","1.15822","0.810721","Hong Kong"
"3172","Independence Realty Trust","IRT","1.15831","16.88","United States"
"3173","PSP Swiss Property","PSPN.SW","1.15832","180.999","Switzerland"
"3174","CapitaLand Mall Trust","C38U.SI","1.15838","1.88813","Singapore"
"3175","Old National Bank","ONB","1.15841","25.77","United States"
"3176","Jio Financial Services","JIOFIN.NS","1.15858","2.53474","India"
"3177","Isracard","ISCD.TA","1.15875","3.67652","Israel"
"3178","NFON AG","NFN.DE","1.15896","3.98694","Germany"
"3179","Vincom Retail Joint Stock Company","VRE.VN","1.1593","0.962861","Vietnam"
"3180","Air Water Inc.","4088.T","1.15937","15.6991","Japan"
"3181","BB Biotech","BION.SW","1.16162","69.9118","Switzerland"
"3182","Sea1 Offshore","SEA1.OL","1.16184","2.98571","Norway"
"3183","Alantra Partners","ALNT.MC","1.16198","11.7743","Spain"
"3184","IndusInd Bank","INDUSINDBK.NS","1.16226","10.6133","India"
"3185","JD Sports Fashion","JD.L","1.16232","1.16859","United Kingdom"
"3186","SmartRent","SMRT","1.16292","1.4","United States"
"3187","Savola Group","2050.SR","1.16293","6.97315","Saudi Arabia"
"3188","Loews Corporation","L","1.16296","111.45","United States"
"3189","Aboitiz Power","ABZPY","1.16305","11.768","Philippines"
"3190","Seiko Epson Corporation","6724.T","1.16465","19.5659","Japan"
"3191","Nippon Chemi-Con Corporation","6997.T","1.16467","16.9357","Japan"
"3192","ZPMC (Shanghai Zhenhua Heavy Industries)","600320.SS","1.16487","0.612885","China"
"3193","Post Holdings","POST","1.16488","82.38","United States"
"3194","CNX Resources","CNX","1.16652","36.48","United States"
"3195","Associated Banc-Corp","ASB","1.16677","30.9","United States"
"3196","Bayan Investment Holding Company","BAYANINV.KW","1.16716","231.497","Kuwait"
"3197","JSC Halyk Bank","H4L1.F","1.16729","33.8074","Kazakhstan"
"3198","Gulf Union Alahlia Cooperative Insurance","8120.SR","1.16736","3.89676","Saudi Arabia"
"3199","Third Coast Bancshares","TCBX","1.16737","45.64","United States"
"3200","Mori Hills REIT Investment","3234.T","1.16741","811.635","Japan"
"3201","Oil India","OIL.NS","1.16752","4.88089","India"
"3202","Axial Retailing","8255.T","1.16752","8.03475","Japan"
"3203","Banca Monte dei Paschi di Siena","BMPS.MI","1.16763","13.7025","Italy"
"3204","KeyCorp (KeyBank)","KEY","1.16766","21.87","United States"
"3205","Quantum Computing","QUBT","1.16774","8.24","United States"
"3206","United Community Bank","UCB","1.16792","35.4","United States"
"3207","Tokyo Metro","9023.T","1.16847","9.3247","Japan"
"3208","Sixth Street Specialty Lending","TSLX","1.16871","18.91","United States"
"3209","EQT Corporation","EQT","1.16881","53.79","United States"
"3210","Heritage Commerce","HTBK","1.16916","13.45","United States"
"3211","Alpha Services and Holdings","ALPHA.AT","1.16942","5.34857","Greece"
"3212","Bladex","BLX","1.16943","53.65","Panama"
"3213","Teikoku Sen-i Co., Ltd.","3302.T","1.16957","21.1226","Japan"
"3214","Qatar Aluminium Manufacturing Company","QAMC.QA","1.17033","0.397253","Qatar"
"3215","NB Bancorp","NBBK","1.17036","22.51","United States"
"3216","Wittchen","WTN.WA","1.17097","3.69441","Poland"
"3217","MVB Financial","MVBF","1.17123","30.25","United States"
"3218","Schaffer Corporation","SFC.AX","1.17135","14.3777","Australia"
"3219","FAW Car","000800.SZ","1.17204","0.928254","China"
"3220","SoundThinking 
 (ShotSpotter)","SSTI","1.17214","6.02","United States"
"3221","(HLBank) Hong Leong Bank","5819.KL","1.17251","5.68106","Malaysia"
"3222","Hindustan Petroleum","HINDPETRO.NS","1.17254","3.90503","India"
"3223","Johnson Outdoors","JOUT","1.17259","46.87","United States"
"3224","ICL Group","ICL","1.17338","5.75","Israel"
"3225","Nomura Holdings","NMR","1.17341","9.76","Japan"
"3226","Shoe Zone","SHOE.L","1.17352","1.02173","United Kingdom"
"3227","loanDepot","LDI","1.17383","0.891","United States"
"3228","ÖKOWORLD","VVV3.DE","1.17453","30.3101","Germany"
"3229","PHC Holdings Corporation","6523.T","1.17498","9.422","Japan"
"3230","First Financial Bank","FFBC","1.17583","32.94","United States"
"3231","EDP Renováveis","EDPR.LS","1.17592","15.9827","Spain"
"3232","BIG Shopping Centers","BIG.TA","1.17612","225.958","Israel"
"3233","Essentra plc","ESNT.L","1.17653","1.47674","United Kingdom"
"3234","Acadia Realty Trust","AKR","1.17672","21.34","United States"
"3235","Corporación Financiera Alba","ALB.MC","1.17711","97.9515","Spain"
"3236","Allreal Holding","ALLN.SW","1.17779","247.055","Switzerland"
"3237","Peoples Bancorp","PEBO","1.17784","39.85","United States"
"3238","Gulf Cable and Electrical Industries Company - KPSC","CABLE.KW","1.17798","5696.12","Kuwait"
"3239","Credit Corp Group","CCP.AX","1.17808","10.1359","Australia"
"3240","Noritake","5331.T","1.1786","22.6605","Japan"
"3241","The Saudi National Bank","1180.SR","1.17882","11.4","Saudi Arabia"
"3242","Expand Energy","EXE","1.17901","96.33","United States"
"3243","Mirbud S.A.","MRB.WA","1.17923","3.46977","Poland"
"3244","Société de la Tour Eiffel","EIFF.PA","1.17959","9.55934","France"
"3245","Younited Financial","YOUNI.PA","1.18005","7.57752","Luxembourg"
"3246","Standard Motor Products","SMP","1.18053","37.52","United States"
"3247","Wajax Corporation","WJX.TO","1.18072","21.3075","Canada"
"3248","China General Nuclear Power Group (CGN)","003816.SZ","1.18106","0.589084","China"
"3249","Texas Capital Bancshares","TCBI","1.18143","98","United States"
"3250","Capital One","COF","1.1819","216.27","United States"
"3251","Northwest Bancshares","NWBI","1.1821","15.37","United States"
"3252","Rayonier","RYN","1.18266","21.22","United States"
"3253","Metropolitan Bank Holding","MCB","1.18273","90.47","United States"
"3254","Amphastar Pharmaceuticals","AMPH","1.18364","21.52","United States"
"3255","Société Industrielle et Financière de l'Artois","ARTO.PA","1.18382","11541.2","France"
"3256","Wielton","WLT.WA","1.18384","1.43717","Poland"
"3257","Centerspace","CSR","1.1839","54.6","United States"
"3258","Cemex","CX","1.18394","11.03","Mexico"
"3259","AB Amber Grid","AMG1L.VS","1.18438","1.39893","Lithuania"
"3260","Stepan Company","SCL","1.18444","62.16","United States"
"3261","Etablissements Maurel &amp; Prom","MAU.PA","1.18485","9.15132","France"
"3262","Flowers Foods","FLO","1.18493","7.28","United States"
"3263","Rubis","RUI.PA","1.18497","39.1467","France"
"3264","Galicia Financial Group","GGAL","1.18511","43.45","Argentina"
"3265","China Airlines","2610.TW","1.18588","0.63994","Taiwan"
"3266","TUI","TUI1.F","1.18615","8.27699","Germany"
"3267","Primaris Real Estate Investment Trust","PMZ-UN.TO","1.18636","15.7515","Canada"
"3268","United Bankshares","UBSI","1.18637","47.8","United States"
"3269","Vornado Realty Trust","VNO","1.18642","38.87","United States"
"3270","Dynex Capital","DX","1.18656","13.05","United States"
"3271","JK Paper","JKPAPER.NS","1.18677","4.06175","India"
"3272","KSB SE &amp; Co. KGaA","KSB.DE","1.1868","1107.48","Germany"
"3273","Viking Line Abp","VIK1V.HE","1.1876","24.0149","Finland"
"3274","Ryerson","RYI","1.18791","28.16","United States"
"3275","Cadeler A/S","CDLR","1.18793","23.97","Denmark"
"3276","Baird Medical Investment Holdings","BDMD","1.18817","1.16","China"
"3277","Hakuhodo DY Holdings","2433.T","1.18844","8.40196","Japan"
"3278","Greenfire Resources","GFR","1.18866","6.36","Canada"
"3279","A'ayan Real Estate Company K.S.C.P.","AAYANRE.KW","1.18897","626.019","Kuwait"
"3280","Erste Group Bank","EBO.F","1.18906","143.507","Austria"
"3281","Cresco Labs","CRLBF","1.18927","0.78","United States"
"3282","Aiming Inc","3911.T","1.18928","1.12361","Japan"
"3283","Advance Auto Parts","AAP","1.18941","43.63","United States"
"3284","North Pacific Bank","8524.T","1.1896","7.85271","Japan"
"3285","Wavestone SA","WAVE.PA","1.18996","39.6946","France"
"3286","Teads","TEAD","1.19023","0.61","United States"
"3287","Tsuruha Holdings","3391.T","1.19034","15.0808","Japan"
"3288","Adeka Corporation","4401.T","1.19038","28.7619","Japan"
"3289","Allied Cooperative Insurance Group","8150.SR","1.1905","2.2134","Saudi Arabia"
"3290","PG&amp;E Corporation","PCG","1.19052","18.11","United States"
"3291","Parke Bancorp","PKBK","1.19065","33.97","United States"
"3292","D/S Norden (Dampskibsselskabet Norden)","DNORD.CO","1.19082","55.8796","Denmark"
"3293","Upstream Bio","UPB","1.19093","6.61","United States"
"3294","Gemini Space Station","GEMI","1.19096","4.19","United States"
"3295","Dime Community Bancshares","DCOM","1.19199","40.41","United States"
"3296","Enerjisa Enerji","ENJSA.IS","1.19225","2.28107","Turkey"
"3297","Yuke's","4334.T","1.19232","2.40415","Japan"
"3298","Trina Solar","688599.SS","1.19252","1.89072","China"
"3299","Investor AB","INVE-B.ST","1.19269","43.6927","Sweden"
"3300","Lapidoth Capital","LAPD.TA","1.19319","26.7489","Israel"
"3301","Jaguar Uranium","JAGU","1.19326","1.57","Canada"
"3302","Li Auto","LI","1.19338","12.48","China"
"3303","Mobimo Holding","MOBN.SW","1.19368","427.93","Switzerland"
"3304","Certara","CERT","1.19387","7.96","United States"
"3305","Pepkor","PPH.JO","1.19409","1.25247","South Africa"
"3306","Herfy Food Services Company","6002.SR","1.19414","4.16578","Saudi Arabia"
"3307","Activia Properties","3279.T","1.19415","862.48","Japan"
"3308","Zhejiang Huayou Cobalt","603799.SS","1.1942","5.82092","China"
"3309","Bank Mandiri","BMRI.JK","1.1944","0.237221","Indonesia"
"3310","Kyoto Financial Group","5844.T","1.1944","30.3751","Japan"
"3311","ORLEN","PKN.WA","1.1945","41.3882","Poland"
"3312","California BanCorp","BCAL","1.19458","21.47","United States"
"3313","CDON AB","CDON.ST","1.19465","5.47277","Sweden"
"3314","Ballard Power Systems","BLDP","1.19466","2.29","Canada"
"3315","Kamigumi","9364.T","1.19467","30.5383","Japan"
"3316","CK Infrastructure","1038.HK","1.19467","8.39425","Hong Kong"
"3317","Sun Frontier Fudousan","8934.T","1.19488","15.8624","Japan"
"3318","LUDWIG BECK am Rathauseck - Textilhaus Feldmeier","ECK.DE","1.19491","22.3828","Germany"
"3319","TAV Airports Holding","TAVHL.IS","1.195","5.83784","Turkey"
"3320","Liva Insurance Company","8280.SR","1.19513","3.86214","Saudi Arabia"
"3321","NETGEAR","NTGR","1.19525","20.72","United States"
"3322","Sekisui Chemical","4204.T","1.19588","16.4555","Japan"
"3323","Genomma Lab Internacional","LABB.MX","1.19616","0.801362","Mexico"
"3324","Jyske Bank","JYSK.CO","1.19628","167.452","Denmark"
"3325","genOway","ALGEN.PA","1.19635","2.84449","France"
"3326","SEALSQ","LAES","1.19712","2.48","Switzerland"
"3327","CGRE AG","CGX.F","1.19716","13.2898","Germany"
"3328","Odakyu Electric Railway","9007.T","1.19728","11.2267","Japan"
"3329","Mitsuboshi Belting","5192.T","1.19756","27.4939","Japan"
"3330","InterServ International","6169.TWO","1.19768","0.385846","Taiwan"
"3331","Swire Pacific","0019.HK","1.19794","13.4078","Hong Kong"
"3332","Reinsurance Group of America","RGA","1.19816","245.57","United States"
"3333","Devsisters","194480.KQ","1.19828","11.2517","South Korea"
"3334","CP All","CPALL.BK","1.19832","1.42028","Thailand"
"3335","Trip.com","TCOM","1.19832","46.02","China"
"3336","Perrot Duval","PEDU.SW","1.19889","108.848","Switzerland"
"3337","Al Gassim Investment Holding","6020.SR","1.19937","3.31345","Saudi Arabia"
"3338","Yamaha","7951.T","1.19984","8.25131","Japan"
"3339","Stellar Bancorp","STEL","1.20053","39.32","United States"
"3340","Itochu Enex","8133.T","1.20067","14.1173","Japan"
"3341","Akatsuki Inc","3932.T","1.20073","23.8218","Japan"
"3342","Hirogin Holdings","7337.T","1.2008","14.5442","Japan"
"3343","H.I.S. Co., Ltd.","9603.T","1.2013","7.40704","Japan"
"3344","Al Soor Fuel Marketing Company K.S.C.P.","SOOR.KW","1.20174","896.642","Kuwait"
"3345","Landmark Bancorp","LARK","1.2019","31.84","United States"
"3346","Primech Holdings","PMEC","1.20235","0.4594","Singapore"
"3347","One REIT, Inc.","3290.T","1.20286","488.362","Japan"
"3348","Grid Dynamics","GDYN","1.20286","7.86","United States"
"3349","Sipef","SIP.BR","1.20289","120.774","Belgium"
"3350","A1 Telekom Austria","TA1.F","1.20298","11.5295","Austria"
"3351","Lifestyle Communities Limited","LIC.AX","1.20305","4.09156","Australia"
"3352","Neogen","NEOG","1.2034","11.6","United States"
"3353","Matador Resources","MTDR","1.20341","57.5","United States"
"3354","Franklin Resources","BEN","1.20351","34.62","United States"
"3355","Hawaiian Electric Industries","HE","1.20365","11.41","United States"
"3356","Valsoia S.p.A.","VLS.MI","1.20375","12.0075","Italy"
"3357","Suzano","SUZ","1.20385","9.07","Brazil"
"3358","M/I Homes","MHO","1.20415","152.04","United States"
"3359","Hawesko","HAW.DE","1.20429","19.4684","Germany"
"3360","hVIVO","HVO.L","1.20444","0.0901846","United Kingdom"
"3361","TOYA S.A.","TOA.WA","1.20513","2.57661","Poland"
"3362","PicS N.V. (PicPay)","PICS","1.20589","10.9","Brazil"
"3363","Orient Cement","ORIENTCEM.NS","1.20594","1.36663","India"
"3364","Sainsbury's","SBRY.L","1.20602","4.57326","United Kingdom"
"3365","Ebro Foods","EBRO.MC","1.2061","21.5668","Spain"
"3366","TowneBank","TOWN","1.20613","37.82","United States"
"3367","UPM-Kymmene","UPM.HE","1.20614","28.1184","Finland"
"3368","Krosaki Harima","5352.T","1.20633","26.2423","Japan"
"3369","Transcontinental","TCL-A.TO","1.20646","4.10564","Canada"
"3370","Jakks Pacific","JAKK","1.20654","25.51","United States"
"3371","Eastern Bankshares","EBC","1.20708","22.64","United States"
"3372","Markel Group","MKL","1.2073","1817.3","United States"
"3373","BMMI Group","BMMI.BH","1.20736","0.190981","Bahrain"
"3374","Janux Therapeutics","JANX","1.20776","18.6","United States"
"3375","Standard Chartered","STAN.L","1.20813","29.7459","United Kingdom"
"3376","Pioneer Power Solutions","PPSI","1.20838","2.92","United States"
"3377","Sitowise Group Oyj","SITOWS.HE","1.20862","2.91443","Finland"
"3378","Santos","STO.AX","1.20866","5.82976","Australia"
"3379","Webuild S.p.A.","WBD.MI","1.20871","2.58568","Italy"
"3380","Bank für Tirol und Vorarlberg","BTS.VI","1.20871","102.005","Austria"
"3381","Tri Pointe Homes","TPH","1.20903","46.95","United States"
"3382","Qingdao Port International","601298.SS","1.20912","1.33436","China"
"3383","Ainsworth Game Technology","AGI.AX","1.20925","0.790415","Australia"
"3384","Hoa Phat Group","HPG.VN","1.20948","0.832951","Vietnam"
"3385","Tile Shop Holdings","TTSH","1.20964","2.65","United States"
"3386","Univest Financial Corporation","UVSP","1.2102","41.77","United States"
"3387","Bouygues","EN.PA","1.21033","54.0219","France"
"3388","YG Entertainment","122870.KQ","1.2105","28.382","South Korea"
"3389","La-Z-Boy","LZB","1.21063","32.12","United States"
"3390","Enhabit","EHAB","1.21068","13.8","United States"
"3391","Israel Discount Bank","DSCT.TA","1.21077","11.1796","Israel"
"3392","Bunge Global SA","BG","1.21095","110.16","United States"
"3393","Taiga Building Products","TBL.TO","1.21109","2.56873","Canada"
"3394","Derichebourg","DBG.PA","1.21126","10.4453","France"
"3395","SiriusPoint","SPNT","1.21138","24.02","Bermuda"
"3396","Zeon Corporation","4205.T","1.21155","15.1028","Japan"
"3397","Commerzbank","CBK.F","1.21161","46.4677","Germany"
"3398","Prudential Financial","PRU","1.2117","122.67","United States"
"3399","Emirates NBD Bank PJSC","EMIRATESNBD.AE","1.21196","8.32585","United Arab Emirates"
"3400","Shuaiba Industrial Company","PAPER.KW","1.21229","703.583","Kuwait"
"3401","San-Ai Obbli","8097.T","1.21234","15.1593","Japan"
"3402","Stockland","SGP.AX","1.21241","3.34049","Australia"
"3403","John Marshall Bancorp","JMSB","1.21256","23.04","United States"
"3404","SB Financial Group","SBFG","1.21269","27.86","United States"
"3405","The Shiga Bank","8366.T","1.21286","16.9357","Japan"
"3406","Sustained Infrastructure Holding Company (sisco)","2190.SR","1.21327","10.4358","Saudi Arabia"
"3407","Fonterra","FCG.NZ","1.21345","2.66841","New Zealand"
"3408","ABN AMRO","ABN.AS","1.2136","47.5635","Netherlands"
"3409","ScanSource","SCSC","1.21396","54.13","United States"
"3410","Sakai Moving Service Co.,Ltd.","9039.T","1.21419","18.8942","Japan"
"3411","Wellneo Sugar","2117.T","1.21453","18.0594","Japan"
"3412","Oxford Square Capital","OXSQ","1.21457","1.39","United States"
"3413","GPGI, Inc.","GPGI","1.21489","13.06","United States"
"3414","Strattec Security","STRT","1.21491","77.67","United States"
"3415","Bread Financial","BFH","1.21544","105.19","United States"
"3416","DSM-Firmenich","DSFIR.AS","1.21563","106.692","Switzerland"
"3417","Rakuten","4755.T","1.21637","4.8265","Japan"
"3418","The 77 Bank","8341.T","1.21646","23.7904","Japan"
"3419","Northern Data AG","NB2.DE","1.21662","9.84495","Germany"
"3420","Anima Holding","ANIM.MI","1.21753","8.32362","Italy"
"3421","Midland States Bancorp","MSBI","1.21757","32.795","United States"
"3422","Celebrus Technologies","CLBS.L","1.21759","1.25332","United Kingdom"
"3423","AEGON","AEG","1.21825","9.19","Netherlands"
"3424","Zoomd Technologies","ZOMD.V","1.21832","0.346345","Canada"
"3425","Vossloh AG","VOS.DE","1.21865","67.44","Germany"
"3426","Red Sea International Company","4230.SR","1.21883","6.45642","Saudi Arabia"
"3427","Miquel y Costas &amp; Miquel","MCM.MC","1.21902","15.4465","Spain"
"3428","Canaccord Genuity Group","CF.TO","1.21949","10.3399","Canada"
"3429","Nexxen","NEXN","1.22017","10","Israel"
"3430","MarineMax","HZO","1.22043","52.13","United States"
"3431","Voyager Therapeutics","VYGR","1.22052","3.44","United States"
"3432","Wacker Chemie","WCH.F","1.22069","108.533","Germany"
"3433","Granite Ridge Resources","GRNT","1.22077","5.05","United States"
"3434","Abundia Global Impact Group","AGIG","1.22084","0.98","United States"
"3435","Middlefield Banc","MBCN","1.2209","33.67","United States"
"3436","DigitalBridge Group","DBRG","1.22111","15.98","United States"
"3437","Yellow Hat","9882.T","1.22134","11.2424","Japan"
"3438","Guardian Capital Group","GCG.TO","1.22162","49.1475","Canada"
"3439","Ørsted","ORSTED.CO","1.22217","21.4772","Denmark"
"3440","Northland Power","NPI.TO","1.22227","15.232","Canada"
"3441","Eximbank (Vietnam Export Import Commercial Joint Stock Bank)","EIB.VN","1.22255","0.659101","Vietnam"
"3442","Restar Corporation","3156.T","1.22306","30.0362","Japan"
"3443","Mixi","2121.T","1.22325","22.378","Japan"
"3444","Banner Bank","BANR","1.22383","70.82","United States"
"3445","Inter &amp; Co","INTR","1.22409","5.56","Brazil"
"3446","Israel Canada (T.R) Ltd","ISCN.TA","1.22427","4.53649","Israel"
"3447","BG Staffing","BGSF","1.22434","5.39","United States"
"3448","Smithfield Foods","SFD","1.22438","22.31","United States"
"3449","Telecom Italia","TIT.MI","1.2248","8.96013","Italy"
"3450","Daiwa Securities Group","8601.T","1.22526","11.3836","Japan"
"3451","Is Yatirim Menkul Degerler Anonim Sirketi","ISMEN.IS","1.22535","0.675381","Turkey"
"3452","CIMB Group","1023.KL","1.22574","1.96957","Malaysia"
"3453","ITOCHU-SHOKUHIN","2692.T","1.22627","79.6514","Japan"
"3454","KKR & Co.","KKR","1.22664","107.32","United States"
"3455","Sanken Electric Co., Ltd.","6707.T","1.22714","46.4383","Japan"
"3456","Mitsubishi Logisnext","7105.T","1.22765","9.45216","Japan"
"3457","First Horizon Corporation","FHN","1.22787","24.53","United States"
"3458","ProFrac","ACDC","1.22842","4.82","United States"
"3459","NHN Corp","181710.KS","1.22892","47.6644","South Korea"
"3460","STEF SA","STF.PA","1.22935","149.918","France"
"3461","DMG Mori","6141.T","1.22966","19.0637","Japan"
"3462","Groupe OKwind","ALOKW.PA","1.22975","0.300769","France"
"3463","Gulf Keystone Petroleum","GKP.L","1.23059","2.69736","Bermuda"
"3464","Indus Holding","INH.F","1.23186","39.986","Germany"
"3465","Leggett &amp; Platt","LEG","1.23228","9.38","United States"
"3466","Bahrain Duty Free Shop Complex","DUTYF.BH","1.23249","0.32626","Bahrain"
"3467","Irani Papel e Embalagem S.A.","RANI3.SA","1.23271","1.52021","Brazil"
"3468","NI Holdings","NODK","1.23311","15.12","United States"
"3469","Acadia Healthcare","ACHC","1.23317","28.72","United States"
"3470","Vienna Insurance Group","WSV2.F","1.23362","83.003","Austria"
"3471","St. Galler Kantonalbank","SGKN.SW","1.23363","811.076","Switzerland"
"3472","Amerant Bancorp","AMTB","1.23369","28.77","United States"
"3473","TENDA","4198.T","1.23373","3.11347","Japan"
"3474","Corebridge Financial","CRBG","1.23446","31.96","United States"
"3475","Waystar","WAY","1.23451","25.35","United States"
"3476","YANGHE","002304.SZ","1.2348","5.86555","China"
"3477","Bar Harbor Bankshares","BHB","1.23485","39.62","United States"
"3478","Passage Bio","PASG","1.23488","4.51","United States"
"3479","Ash-Sharqiyah Development","6060.SR","1.23502","3.84349","Saudi Arabia"
"3480","Mashaer Holding Company K.S.C.P.","MASHAER.KW","1.23574","456.472","Kuwait"
"3481","Global Power Synergy","GPSC.BK","1.23575","1.58064","Thailand"
"3482","National Storage REIT","NSR.AX","1.23577","1.93562","Australia"
"3483","General Motors","GM","1.23614","86.98","United States"
"3484","Perfect Corp.","PERF","1.23697","1.89","Taiwan"
"3485","Gigas Hosting","GIGA.MC","1.23701","3.55561","Spain"
"3486","7-Eleven","3382.T","1.23739","12.7614","Japan"
"3487","CNA Financial","CNA","1.23748","49.65","United States"
"3488","Home Bancorp","HBCP","1.23779","69.89","United States"
"3489","The Eastern Company","EML","1.23803","25.62","United States"
"3490","Hokkaido Coca-Cola Bottling","2573.T","1.23838","25.2341","Japan"
"3491","S&amp;T Bancorp","STBA","1.23864","50.25","United States"
"3492","Kaiser (China) Culture","002425.SZ","1.23901","0.465614","China"
"3493","Mabuchi Motor","6592.T","1.23958","11.12","Japan"
"3494","SM Wirtschaftsberatungs AG","SMWN.DE","1.23963","5.17603","Germany"
"3495","Monte Carlo Fashions","MONTECARLO.NS","1.24021","5.79563","India"
"3496","ADTRAN","ADTN","1.24022","7.71","United States"
"3497","Tredegar","TG","1.24024","7.97","United States"
"3498","SAN-A CO.,LTD.","2659.T","1.24052","21.2168","Japan"
"3499","Maruzen","5982.T","1.24056","26.1443","Japan"
"3500","James Fisher and Sons","FSJ.L","1.2406","6.19849","United Kingdom"
"3501","Sotetsu Holdings","9003.T","1.24067","16.5748","Japan"
"3502","Quoin Pharmaceuticals","QNRX","1.24079","5.42","United States"
"3503","Michelin","ML.PA","1.24114","36.9476","France"
"3504","Steel Authority of India","SAIL.NS","1.24231","1.93062","India"
"3505","Janus International Group","JBI","1.24232","5.1","United States"
"3506","Alaska Airlines","ALK","1.24276","41.56","United States"
"3507","Ohio Valley Banc Corp","OVBC","1.24294","45.19","United States"
"3508","Takeda Pharmaceutical","TAK","1.24311","18.24","Japan"
"3509","Addex Therapeutics","ADXN","1.24418","4.05","Switzerland"
"3510","Southern States Bancshares","SSBK","1.24427","36.37","United States"
"3511","Atrys Health","ATRY.MC","1.24445","2.99604","Spain"
"3512","National Fertilizers","NFL.NS","1.24457","0.760213","India"
"3513","Spin Master","TOY.TO","1.24471","14.6475","Canada"
"3514","Integra LifeSciences","IART","1.24521","16.69","United States"
"3515","Farmers &amp; Merchants Bancorp","FMAO","1.24525","33.99","United States"
"3516","Takara Bio","4974.T","1.24532","7.17286","Japan"
"3517","Aluminum Corporation of China","601600.SS","1.24543","1.39387","China"
"3518","Customers Bancorp","CUBI","1.24602","78.99","United States"
"3519","Heiwa Real Estate","8803.T","1.24624","15.0777","Japan"
"3520","First Mid Bancshares","FMBH","1.24654","50.45","United States"
"3521","Auga Group AB","AUG1L.VS","1.24672","0.124155","Lithuania"
"3522","Singapore Airlines","C6L.SI","1.24675","5.4441","Singapore"
"3523","Forterra plc","FORT.L","1.24692","1.9481","United Kingdom"
"3524","Al-Enma'a Real Estate Company","ERESCO.KW","1.24695","423.177","Kuwait"
"3525","Ranger Energy Services","RNGR","1.24723","16.01","United States"
"3526","Presidio Production Company","FTW","1.24731","11.4","United States"
"3527","Compañía Cervecerías Unidas","CCU","1.24768","12.66","Chile"
"3528","Nicolás Correa","NEA.MC","1.24783","11.2381","Spain"
"3529","HTC Corporation","2498.TW","1.24787","1.27047","Taiwan"
"3530","Byggmax Group","BMAX.ST","1.24839","5.51487","Sweden"
"3531","Ecopetrol","EC","1.2485","17.33","Colombia"
"3532","Norion Bank","NORION.ST","1.24883","7.13565","Sweden"
"3533","Nuwellis","NUWE","1.24912","1.05","United States"
"3534","Fenix Resources","FEX.AX","1.24927","0.189557","Australia"
"3535","Ecora Resources","ECOR.L","1.24929","2.33772","United Kingdom"
"3536","Grupo Elektra","XEKT.MC","1.24996","20.2458","Mexico"
"3537","Aica Kogyo Company","4206.T","1.25002","25.8242","Japan"
"3538","Krung Thai Bank","KTB.BK","1.25016","1.35919","Thailand"
"3539","Japan Metropolitan Fund Investment","8953.T","1.25022","727.522","Japan"
"3540","Ethan Allen","ETD","1.25046","23.28","United States"
"3541","GAIL","GAIL.NS","1.2509","1.81789","India"
"3542","United Homes Group","UHG","1.25094","1.22","United States"
"3543","Kurabo Industries","3106.T","1.25106","66.9144","Japan"
"3544","Teixeira Duarte","TDSA.LS","1.25186","0.564234","Portugal"
"3545","Tianqi Lithium","002466.SZ","1.25188","6.99314","China"
"3546","CoastalSouth Bancshares","COSO","1.25217","27.54","United States"
"3547","Dowa Holdings","5714.T","1.25229","63.3678","Japan"
"3548","Apple Hospitality REIT","APLE","1.25271","16.59","United States"
"3549","M&T Bank","MTB","1.2528","241.79","United States"
"3550","Worthington Steel","WS","1.25284","33.38","United States"
"3551","EnQuest","ENQ.L","1.25333","0.350112","United Kingdom"
"3552","RPC, Inc.","RES","1.25356","6.2","United States"
"3553","Kuwait National Cinema Company","KCIN.KW","1.25368","4418","Kuwait"
"3554","Sichuan Changhong Electric","600839.SS","1.25393","1.02941","China"
"3555","Méliuz","CASH3.SA","1.25401","1.06201","Brazil"
"3556","Deutsche Rohstoff","DR0.DE","1.25444","101.772","Germany"
"3557","Conagra Brands","CAG","1.25483","16.67","United States"
"3558","Bitmine Immersion Technologies","BMNR","1.25532","24.14","United States"
"3559","Kuwait and Middle East Financial Investment Company","KMEFIC.KW","1.2554","498.859","Kuwait"
"3560","Asure Software","ASUR","1.25548","8.7","United States"
"3561","Kafrit Industries","KAFR.TA","1.25606","8.74632","Israel"
"3562","Yankuang Energy (Yanzhou Coal Mining)","600188.SS","1.25727","3.22955","China"
"3563","Grafton Group","GFTU.L","1.25743","14.1026","Ireland"
"3564","Omnicell","OMCL","1.25814","34.66","United States"
"3565","Vitesse Energy","VTS","1.25845","17.05","United States"
"3566","River City Bank","RCBC","1.25905","49.345","United States"
"3567","Arion banki","ARION.IC","1.25915","1.56289","Iceland"
"3568","Equity Bancshares","EQBK","1.25931","50","United States"
"3569","Tata Motors","TATAMOTORS.NS","1.25932","4.51722","India"
"3570","Wolfspeed","WOLF","1.2595","24.76","United States"
"3571","Quanex Building Products","NX","1.25971","19.95","United States"
"3572","Grasim Industries","GRASIM.NS","1.25994","34.2033","India"
"3573","Hamilton Insurance Group","HG","1.26018","35.18","Bermuda"
"3574","Macy's","M","1.26054","23.18","United States"
"3575","AerCap","AER","1.26071","147.56","Ireland"
"3576","Sinko Industries","6458.T","1.26117","7.90293","Japan"
"3577","Bill.com","BILL","1.26135","48.16","United States"
"3578","Iyogin Holdings","5830.T","1.26147","24.324","Japan"
"3579","Sensus Healthcare","SRTS","1.26153","3.49","United States"
"3580","Wan Hai Lines","2615.TW","1.26171","3.96825","Taiwan"
"3581","Protara Therapeutics","TARA","1.26208","3.87","United States"
"3582","Ooredoo Qatar","ORDS.QA","1.26214","3.51374","Qatar"
"3583","Nissui Corporation","1332.T","1.2623","8.13518","Japan"
"3584","JGC Holdings","1963.T","1.26243","14.1801","Japan"
"3585","KULR Technology Group","KULR","1.26251","2.58","United States"
"3586","SM Energy","SM","1.26269","36.46","United States"
"3587","Lifenet Insurance Company","7157.T","1.26305","9.47849","Japan"
"3588","Orange","ORA.PA","1.26327","18.4892","France"
"3589","Daiichi Jitsugyo","8059.T","1.26377","22.7547","Japan"
"3590","Lithia Motors","LAD","1.26404","368.55","United States"
"3591","ES-CON JAPAN","8892.T","1.2646","7.16223","Japan"
"3592","Bure Equity AB","BURE.ST","1.26475","32.9419","Sweden"
"3593","Kaga Electronics","8154.T","1.26544","30.7266","Japan"
"3594","Sumitomo Realty &amp; Development","8830.T","1.26594","21.3549","Japan"
"3595","Investis Holding","IREN.SW","1.26597","182.243","Switzerland"
"3596","Sila Realty Trust","SILA","1.26615","30.36","United States"
"3597","Associated British Foods","ABF.L","1.26637","28.2815","United Kingdom"
"3598","MGIC Investment","MTG","1.26643","31.1","United States"
"3599","CombinedX","CX.ST","1.26644","3.5152","Sweden"
"3600","Omron","6645.T","1.26683","40.6508","Japan"
"3601","Hera Group","HER.MI","1.26692","4.54418","Italy"
"3602","SCYNEXIS","SCYX","1.26698","5.26","United States"
"3603","Nelnet","NNI","1.26716","127.71","United States"
"3604","Legacy Housing Corporation","LEGH","1.26719","28.72","United States"
"3605","Tencent Music Entertainment","TME","1.26736","8.66","China"
"3606","ENI","E","1.2674","55.22","Italy"
"3607","Trustmark","TRMK","1.26743","46.47","United States"
"3608","Prashkovsky Investments and Construction","PRSK.TA","1.26818","41.4983","Israel"
"3609","TrueBlue","TBI","1.2685","10.67","United States"
"3610","a.k.a. Brands","AKA","1.26885","10.9","United States"
"3611","W5 Solutions AB","W5.ST","1.26924","3.6415","Sweden"
"3612","Veru","VERU","1.2695","2.59","United States"
"3613","Cogeco","CCA.TO","1.27001","43.8127","Canada"
"3614","VNET Group","VNET","1.27072","6.47","China"
"3615","Rémy Cointreau","RCO.PA","1.27098","53.952","France"
"3616","Beamr Imaging","BMR","1.271","1.29","Israel"
"3617","Premier Foods","PFD.L","1.27102","2.76003","United Kingdom"
"3618","Minerals Technologies","MTX","1.27113","71.93","United States"
"3619","Aspo Oyj","ASPO.HE","1.27153","8.65003","Finland"
"3620","Sera Prognostics","SERA","1.27181","2.18","United States"
"3621","Archer Limited","ARCH.OL","1.27223","2.55611","Norway"
"3622","NTT UD REIT Investment Corporation","8956.T","1.27226","824.817","Japan"
"3623","Spire Healthcare Group","SPI.L","1.27231","3.19461","United Kingdom"
"3624","Pioneer Bancorp","PBFS","1.27233","17.29","United States"
"3625","Emaar Development","EMAARDEV.AE","1.27233","3.50132","United Arab Emirates"
"3626","TWFG, Inc.","TWFG","1.27234","30.27","United States"
"3627","Sarepta Therapeutics","SRPT","1.27235","18.13","United States"
"3628","Village Super Market","VLGEA","1.27243","44.24","United States"
"3629","Dubai Financial Market (DFM)","DFM.AE","1.27255","0.383893","United Arab Emirates"
"3630","Yamato Kogyo","5444.T","1.27262","78.0877","Japan"
"3631","Atlas Energy Solutions","AESI","1.27262","11.9","United States"
"3632","Financial Institutions","FISI","1.27347","40.82","United States"
"3633","Yakult","2267.T","1.27375","18.323","Japan"
"3634","Webuy Global","WBUY","1.27382","0.765","Singapore"
"3635","Banco Sabadell","SAB.MC","1.27409","4.35649","Spain"
"3636","Chang Hwa Commercial Bank","2801.TW","1.27415","0.745028","Taiwan"
"3637","Serve Robotics","SERV","1.27419","4.67","United States"
"3638","Merida Industry","9914.TW","1.27424","2.70406","Taiwan"
"3639","Fresenius","FRE.DE","1.27598","53.7538","Germany"
"3640","Hoffmann Green Cement Technologies","ALHGR.PA","1.27652","4.72138","France"
"3641","Adecco Group","ADEN.SW","1.27656","29.8805","Switzerland"
"3642","Jastrzebska Spólka Weglowa","JSW.WA","1.27658","8.36859","Poland"
"3643","The Kiyo Bank","8370.T","1.27688","31.0719","Japan"
"3644","Creo Medical Group","CREO.L","1.27771","0.1771","United Kingdom"
"3645","Penguin International Limited","BTM.SI","1.27779","1.29809","Singapore"
"3646","Gav-Yam Lands","GVYM.TA","1.2782","12.0562","Israel"
"3647","Power Corporation of Canada","POW.TO","1.27822","66.1664","Canada"
"3648","oOh!media Limited","OML.AX","1.2783","1.18741","Australia"
"3649","PTT Oil and Retail Business","OR.BK","1.27842","0.38485","Thailand"
"3650","CITIC Securities","600030.SS","1.27859","4.0388","China"
"3651","Enact Holdings","ACT","1.27924","49.72","United States"
"3652","MARR S.p.A.","MARR.MI","1.27974","7.50758","Italy"
"3653","ARIAKE JAPAN","2815.T","1.27986","34.1477","Japan"
"3654","Whitehaven Coal","WHC.AX","1.2799","5.83691","Australia"
"3655","LG Electronics","066570.KS","1.28059","144.799","South Korea"
"3656","Elders Limited","ELD.AX","1.28177","4.27039","Australia"
"3657","Mechanics Bancorp","MCHB","1.28189","16.16","United States"
"3658","National Mobile Telecommunications Company","OOREDOO.KW","1.2822","5692.86","Kuwait"
"3659","Gencor Industries","GENC","1.28254","19.17","United States"
"3660","Weis Markets","WMK","1.28256","71.04","United States"
"3661","CAB Payments","CABP.L","1.28287","1.10047","United Kingdom"
"3662","Niu Technologies","NIU","1.28292","1.94","China"
"3663","Koskisen Oyj","KOSKI.HE","1.28304","10.0023","Finland"
"3664","Texaf","TEXF.BR","1.28308","48.7293","Belgium"
"3665","Oppenheimer Holdings","OPY","1.28333","115.73","United States"
"3666","Can Fite Biopharma","CANF","1.28354","3.35","Israel"
"3667","Minor International","MINT.BK","1.28373","0.693341","Thailand"
"3668","Toho Co., Ltd.","8142.T","1.28421","8.98888","Japan"
"3669","Xenetic Biosciences","XBIO","1.2844","3.81","United States"
"3670","Fulton Financial","FULT","1.28483","23.59","United States"
"3671","Qatar Electronic Systems","TQES.QA","1.2849","0.575824","Qatar"
"3672","Mapfre","MAP.MC","1.28507","5.17137","Spain"
"3673","OMER S.p.A.","OMER.MI","1.28573","3.87037","Italy"
"3674","NatWest Group","NWG","1.28616","18.73","United Kingdom"
"3675","Shore Bancshares","SHBI","1.28625","23.23","United States"
"3676","Bristow Group","VTOL","1.28632","45.95","United States"
"3677","Atlas Arteria","ALX.AX","1.28678","3.44063","Australia"
"3678","3i Infotech","3IINFOLTD.NS","1.28697","0.250235","India"
"3679","Kuwait Cement Company","KCEM.KW","1.28801","1287.9","Kuwait"
"3680","Loma Negra","LOMA","1.28803","9.64","Argentina"
"3681","Viscom SE","V6C.DE","1.2884","6.64491","Germany"
"3682","CTEK AB","CTEK.ST","1.28861","1.43345","Sweden"
"3683","Charoen Pokphand Indonesia","CPIN.JK","1.28971","0.170573","Indonesia"
"3684","Posco International","047050.KS","1.28997","38.926","South Korea"
"3685","F&amp;F Co","383220.KS","1.28999","45.3534","South Korea"
"3686","Astrotech","ASTC","1.29005","7.44","United States"
"3687","Vaxart","VXRT","1.29008","0.5","United States"
"3688","Shanghai Electric Group","601727.SS","1.29016","0.966931","China"
"3689","Pick n Pay Stores","PIK.JO","1.29045","1.17693","South Africa"
"3690","AGL Energy","AGL.AX","1.29053","6.13019","Australia"
"3691","The Beachbody Company","BODI","1.29149","6.09","United States"
"3692","Alior Bank S.A.","ALR.WA","1.29157","35.036","Poland"
"3693","Heartland Express","HTLD","1.29158","12.51","United States"
"3694","Bavarian Nordic","BAVA.CO","1.29197","33.6774","Denmark"
"3695","1-800-Flowers.com, Inc.","FLWS","1.29209","3.88","United States"
"3696","TXO Partners, L.P.","TXO","1.29244","14.09","United States"
"3697","Matthews International Corporation","MATW","1.29309","21.22","United States"
"3698","Sanofi","SNY","1.29321","45.69","France"
"3699","GS Yuasa Corporation","6674.T","1.29344","33.6267","Japan"
"3700","China Securities (CSC Financial)","601066.SS","1.29377","3.66541","China"
"3701","Hisense Visual Technology","600060.SS","1.29385","3.8945","China"
"3702","Stewart Information Services","STC","1.29393","69.93","United States"
"3703","Keihanshin Building","8818.T","1.29393","6.96136","Japan"
"3704","Eiffage","FGR.PA","1.29416","138.377","France"
"3705","Sempra","SRE","1.29424","84.57","United States"
"3706","Jin Air","272450.KS","1.29432","4.10925","South Korea"
"3707","First Watch Restaurant","FWRG","1.2949","13.17","United States"
"3708","Harvey Norman","HVN.AX","1.29494","3.31187","Australia"
"3709","Ocado","OCDO.L","1.29511","3.24501","United Kingdom"
"3710","ClearView Wealth Limited","CVW.AX","1.29566","0.46495","Australia"
"3711","Invincible Investment Corporation","8963.T","1.29576","384.161","Japan"
"3712","Luzerner Kantonalbank","LUKN.SW","1.29576","144.053","Switzerland"
"3713","Champion Iron","CIA.AX","1.29597","2.55365","Australia"
"3714","Dupont De Nemours","DD","1.29605","136.67","United States"
"3715","Viatris","VTRS","1.29609","16.54","United States"
"3716","Sonic Healthcare","SHL.AX","1.29647","14.6209","Australia"
"3717","RHI Magnesita","RHF.F","1.29685","37.6545","Austria"
"3718","Industrie De Nora","DNR.MI","1.29716","7.53089","Italy"
"3719","Planet Image International","YIBO","1.29766","1.2685","China"
"3720","Piraeus Financial Holdings","TPEIR.AT","1.29788","11.8909","Greece"
"3721","Taiba Investments","4090.SR","1.29795","4.90891","Saudi Arabia"
"3722","Adairs Limited","ADH.AX","1.29817","1.07654","Australia"
"3723","NMI Holdings","NMIH","1.29924","45.47","United States"
"3724","Rathbones Group","RAT.L","1.29965","23.3772","United Kingdom"
"3725","EVI Industries","EVI","1.30016","14.75","United States"
"3726","Lassonde Industries","LAS-A.TO","1.30033","175.251","Canada"
"3727","Jeju Air","089590.KS","1.30057","3.11624","South Korea"
"3728","Keystone Infra","KSTN.TA","1.3006","6.24642","Israel"
"3729","Unum","UNM","1.30062","89.49","United States"
"3730","Alto Ingredients","ALTO","1.30068","4.19","United States"
"3731","Earth Corporation","4985.T","1.30121","30.8522","Japan"
"3732","Workhorse Group","WKHS","1.30177","3.12","United States"
"3733","Raymond","RAYMOND.NS","1.30273","6.55522","India"
"3734","Origin Bancorp","OBK","1.30275","53.22","United States"
"3735","Direct Finance of Direct Group","DIFI.TA","1.30283","203.492","Israel"
"3736","Vermilion Energy","VET","1.30291","12.54","Canada"
"3737","THG (The Hut Group)","THG.L","1.30313","0.474964","United Kingdom"
"3738","Real-Estate Trade Centers Company (Marakez)","MARAKEZ.KW","1.30396","622.758","Kuwait"
"3739","Allbirds","BIRD","1.304","2.41","United States"
"3740","DNOW Inc.","DNOW","1.30507","15.47","United States"
"3741","Prestige Consumer Healthcare","PBH","1.30564","52.02","United States"
"3742","Core Natural Resources","CNR","1.30589","96.21","United States"
"3743","Salhia Real Estate Company","SRE.KW","1.30636","1278.12","Kuwait"
"3744","DocCheck","AJ91.DE","1.30694","12.5903","Germany"
"3745","BCE Inc.","BCE","1.30728","23.85","Canada"
"3746","Leifheit","LEI.DE","1.30729","15.155","Germany"
"3747","Ferrotec Holdings Corporation","6890.T","1.30761","55.49","Japan"
"3748","Carl Zeiss Meditec","AFXA.F","1.30775","37.3047","Germany"
"3749","Jacktel AS","JACK.OL","1.30789","0.645471","Norway"
"3750","Payton Industries","PAYT.TA","1.30807","17.3126","Israel"
"3751","Alandalus Property Company","4320.SR","1.30817","4.02461","Saudi Arabia"
"3752","Materialise NV","MTLS","1.30848","6.69","Belgium"
"3753","Stoneridge","SRI","1.30943","7.17","United States"
"3754","BioNTech","BNTX","1.30958","112.82","Germany"
"3755","DiDi","DIDIY","1.3099","3.76","China"
"3756","Amotiv Limited","AOV.AX","1.31021","4.66381","Australia"
"3757","HomeTrust Bancshares","HTB","1.31034","46.95","United States"
"3758","Aksa Energy","AKSEN.IS","1.3104","1.68637","Turkey"
"3759","PetMed Express","PETS","1.31092","1.75","United States"
"3760","Zain (Mobile Telecommunications Company)","ZAIN.KW","1.31118","1988.91","Kuwait"
"3761","BlueScope Steel","BSL.AX","1.31129","22.196","Australia"
"3762","Sumitomo Metal Mining","5713.T","1.31181","70.6179","Japan"
"3763","BASF","BAS.DE","1.31197","60.6668","Germany"
"3764","NS United Kaiun Kaisha","9110.T","1.31198","65.7217","Japan"
"3765","Bharat Petroleum","BPCL.NS","1.31275","3.33142","India"
"3766","Webster Financial","WBS","1.31287","77.57","United States"
"3767","Commercial Bank of Kuwait","CBK.KW","1.31327","1630.26","Kuwait"
"3768","Toenec Corporation","1946.T","1.31385","13.5775","Japan"
"3769","InMode","INMD","1.31405","15.1","Israel"
"3770","MicroVision","MVIS","1.31505","1.7","United States"
"3771","Telus","TU","1.31513","9.83","Canada"
"3772","Hitachi Construction Machinery","6305.T","1.31533","37.2612","Japan"
"3773","TriCo Bancshares","TCBK","1.3163","54.52","United States"
"3774","Oki Electric Industry Co., Ltd.","6703.T","1.31667","17.2684","Japan"
"3775","Timberland Bancorp","TSBK","1.31684","45.91","United States"
"3776","Samsonite International","1SO.F","1.31688","1.62917","Luxembourg"
"3777","Jazan Development and Investment (JAZADCO)","6090.SR","1.31734","2.20275","Saudi Arabia"
"3778","MapLight Therapeutics","MPLT","1.31768","11.36","United States"
"3779","SeABank (Southeast Asia Commercial Joint Stock Bank)","SSB.VN","1.31768","0.605609","Vietnam"
"3780","Precia S.A.","ALPM.PA","1.31934","31.1261","France"
"3781","Frauenthal Holding","FKA.VI","1.31948","24.7144","Austria"
"3782","DFS Furniture","DFS.L","1.31975","2.15585","United Kingdom"
"3783","Lyell Immunopharma","LYEL","1.31988","14.74","United States"
"3784","EVgo","EVGO","1.31991","1.48","United States"
"3785","Shanghai Airport (AVINEX)","600009.SS","1.32032","3.47798","China"
"3786","Thai Beverage","Y92.SI","1.32051","0.365825","Thailand"
"3787","Sunway","5211.KL","1.32065","1.26933","Malaysia"
"3788","Mitani Corporation","8066.T","1.32066","20.9029","Japan"
"3789","Hapag-Lloyd","HLAG.DE","1.32074","159.944","Germany"
"3790","Chorus Aviation","CHR.TO","1.32125","21.0188","Canada"
"3791","Asia Commercial Joint Stock Bank","ACB.VN","1.32128","0.848235","Vietnam"
"3792","World Co., Ltd.","3612.T","1.32167","10.7025","Japan"
"3793","Rashtriya Chemicals and Fertilizers","RCF.NS","1.32231","1.30488","India"
"3794","Oberbank","OBS.VI","1.32253","96.9923","Austria"
"3795","Masonglory","MSGY","1.32312","2.16","Hong Kong"
"3796","Sumitomo Mitsui Trust Holdings","8309.T","1.32373","10.8846","Japan"
"3797","SM Entertainment","041510.KQ","1.32373","52.0698","South Korea"
"3798","Genco Shipping &amp; Trading","GNK","1.32385","26.94","United States"
"3799","CNOOC","0883.HK","1.3245","3.20461","China"
"3800","United Security Bancshares","UBFO","1.32463","10.51","United States"
"3801","Ajinomoto (Malaysia)","2658.KL","1.32464","4.67153","Malaysia"
"3802","GPI S.p.A.","GPI.MI","1.32532","16.2276","Italy"
"3803","Poulaillon","ALPOU.PA","1.32554","10.492","France"
"3804","Jassim Transport &amp; Stevedoring Company","JTC.KW","1.3258","1369.42","Kuwait"
"3805","Paltac Corporation","8283.T","1.32614","41.6175","Japan"
"3806","Green Plains","GPRE","1.32654","14.97","United States"
"3807","Unicaja Banco","UNI.MC","1.32709","4.21543","Spain"
"3808","Bank Rakyat Indonesia","BBRI.JK","1.32742","0.17961","Indonesia"
"3809","Solutions 30","S30.PA","1.3276","0.685474","Luxembourg"
"3810","Hillman Solutions","HLMN","1.32792","8.3","United States"
"3811","Rongsheng Petrochemical","002493.SZ","1.32799","1.96659","China"
"3812","Changchun High-Tech Industry","000661.SZ","1.32822","11.8709","China"
"3813","GL Events SA","GLO.PA","1.32858","33.5743","France"
"3814","Sun Country Airlines","SNCY","1.32897","16.17","United States"
"3815","Unibep","UNI.WA","1.32943","3.80538","Poland"
"3816","National General Insurance Company","NGI.AE","1.3299","1.55463","United Arab Emirates"
"3817","UOB","U11.SI","1.3303","32.3421","Singapore"
"3818","Vector Limited","VCT.NZ","1.33037","2.91858","New Zealand"
"3819","Hargreaves Services","HSP.L","1.33057","11.2398","United Kingdom"
"3820","Select Harvests Limited","SHV.AX","1.33059","3.28326","Australia"
"3821","American Coastal Insurance Corporation","ACIC","1.33102","9.34","United States"
"3822","East Japan Railway","9020.T","1.33138","22.7547","Japan"
"3823","JBT Marel Corporation","JBTM","1.33169","115.08","United States"
"3824","Bait Vegag Real Estate Development","BVGG.TA","1.33333","1.81659","Israel"
"3825","Vamos Locação de Caminhões, Máquinas e Equipamentos S.A.","VAMO3.SA","1.33357","0.547509","Brazil"
"3826","JCR Pharmaceuticals","4552.T","1.33361","3.26412","Japan"
"3827","Lindab International","LIAB.ST","1.3347","13.2715","Sweden"
"3828","Seanergy Maritime","SHIP","1.33478","17.82","Greece"
"3829","FirstGroup","FGP.L","1.33512","2.45215","United Kingdom"
"3830","Selvaag Bolig","SBO.OL","1.33556","3.51733","Norway"
"3831","ageas","AGS.BR","1.33572","86.2672","Belgium"
"3832","Merdeka Copper Gold","MDKA.JK","1.33627","0.167184","Indonesia"
"3833","Fukuoka Financial Group","8354.T","1.33638","48.0139","Japan"
"3834","Callaway Golf Company","CALY","1.3364","15.79","United States"
"3835","Whitbread","WTB.L","1.33644","33.7034","United Kingdom"
"3836","Spero Therapeutics","SPRO","1.33667","1.215","United States"
"3837","Syensqo","SYENS.BR","1.3369","93.8447","Belgium"
"3838","SunCoke Energy","SXC","1.33713","9.61","United States"
"3839","Lightbridge Corporation","LTBR","1.33726","7.77","United States"
"3840","Takara Holdings","2531.T","1.33732","13.6967","Japan"
"3841","Andrew Peller","ADW-A.TO","1.33743","5.77242","Canada"
"3842","Sichuan Road and Bridge Group (SRBG)","600039.SS","1.33756","1.27635","China"
"3843","everplay group plc","EVPL.L","1.33761","3.65098","United Kingdom"
"3844","NTT (Nippon Telegraph &amp; Telephone)","9432.T","1.33855","1.06209","Japan"
"3845","Fidelity National Information Services","FIS","1.3391","41.4","United States"
"3846","Invalda INVL, AB","IVL1L.VS","1.33928","32.4085","Lithuania"
"3847","Hopscotch Global PR Group","ALHOP.PA","1.3393","16.962","France"
"3848","Trigano","TRI.PA","1.33935","178.014","France"
"3849","Voya Financial","VOYA","1.33936","99.14","United States"
"3850","Nihon Kohden Corporation","6849.T","1.33938","9.49419","Japan"
"3851","JDE Peet's","JDEP.AS","1.33952","36.4135","Netherlands"
"3852","Bastei Lübbe","BST.DE","1.33981","7.81068","Germany"
"3853","Expro Group","XPRO","1.34017","17.91","United States"
"3854","Gotion High-tech Co.,Ltd.","002074.SZ","1.34021","4.00607","China"
"3855","Prevas AB","PREV-B.ST","1.34045","7.23038","Sweden"
"3856","Intershop Holding","ISN.SW","1.34053","203.267","Switzerland"
"3857","NW Natural Holdings","NWN","1.34057","50.22","United States"
"3858","Kansai Paint","4613.T","1.34137","18.1567","Japan"
"3859","Microbot Medical","MBOT","1.34139","1.48","United States"
"3860","HASEKO Corporation","1808.T","1.3415","17.9966","Japan"
"3861","Aurubis","NDA.F","1.34179","205.176","Germany"
"3862","Mitsubishi Logistics","9301.T","1.34185","9.57579","Japan"
"3863","Rotshtein Realestate","ROTS.TA","1.34211","19.9825","Israel"
"3864","Hyundai Engineering and Construction","000720.KS","1.34231","87.6015","South Korea"
"3865","Ono Pharmaceutical","4528.T","1.3427","15.4355","Japan"
"3866","NCsoft","036570.KS","1.34308","162.492","South Korea"
"3867","Yes Bank","YESBANK.NS","1.34345","0.235503","India"
"3868","Netstreit","NTST","1.34416","20.8","United States"
"3869","ProPetro","PUMP","1.34418","10.82","United States"
"3870","Agile Content","AGIL.MC","1.34431","2.5647","Spain"
"3871","Peoples Financial Services","PFIS","1.34562","70.64","United States"
"3872","Kronos Worldwide","KRO","1.34564","8.71","United States"
"3873","PENN Entertainment","PENN","1.34596","18.26","United States"
"3874","Evolent Health","EVH","1.34624","4.72","United States"
"3875","AMAG Austria Metall","AM8.F","1.34693","32.1753","Austria"
"3876","Orange Polska","OPL.WA","1.34738","3.89334","Poland"
"3877","PEXA Group","PXA.AX","1.34762","5.75823","Australia"
"3878","Propel Funeral Partners","PFP.AX","1.34793","2.28183","Australia"
"3879","IDBI Bank","IDBI.NS","1.34828","0.924773","India"
"3880","Al Ramz Corporation Investment and Development","ALRAMZ.AE","1.34836","0.397506","United Arab Emirates"
"3881","Marcopolo","POMO4.SA","1.34891","0.862036","Brazil"
"3882","RYTHM, Inc.","RYM","1.34912","22.96","United States"
"3883","Academy Sports + Outdoors","ASO","1.34945","46.15","United States"
"3884","Skillz","SKLZ","1.34984","8.84","United States"
"3885","ALSOK","2331.T","1.35142","7.4855","Japan"
"3886","GDS Holdings","GDS","1.35199","31.75","China"
"3887","Bridgestone","5108.T","1.35225","25.9497","Japan"
"3888","Great Southern Bancorp","GSBC","1.35266","78.65","United States"
"3889","International Bancshares Corp","IBOC","1.35314","71.54","United States"
"3890","Camden National Corporation","CAC","1.35365","56.88","United States"
"3891","Air Busan","298690.KS","1.35419","1.11145","South Korea"
"3892","Byline Bancorp","BY","1.35423","38.37","United States"
"3893","Dow","DOW","1.35479","31.44","United States"
"3894","Scor","SCR.PA","1.35529","39.3565","France"
"3895","Makita","6586.T","1.35548","33.3254","Japan"
"3896","Cellnex Telecom","CLNX.MC","1.35576","31.2427","Spain"
"3897","ORION","271560.KS","1.35619","91.5013","South Korea"
"3898","Brembo","BRE.MI","1.35626","11.716","Italy"
"3899","Kulmbacher Brauerei","KUL.MU","1.35639","40.5689","Germany"
"3900","Diamondback Energy","FANG","1.35643","205.6","United States"
"3901","Leroy Seafood","LSG.OL","1.35691","4.74706","Norway"
"3902","SAPTCO (Saudi Public Transport Company)","4040.SR","1.35699","3.03377","Saudi Arabia"
"3903","Carter's","CRI","1.35741","34.33","United States"
"3904","Mereo BioPharma Group","MREO","1.35757","0.2895","United Kingdom"
"3905","Zions Bancorporation","ZION","1.35771","67.87","United States"
"3906","Core Molding Technologies","CMT","1.35793","25.09","United States"
"3907","Hancock Whitney","HWC","1.35884","74.86","United States"
"3908","Ames National Corp.","ATLO","1.35907","31.85","United States"
"3909","Virginia National Bankshares","VABK","1.35954","46.735","United States"
"3910","First Bancorp","FNLC","1.35962","34.56","United States"
"3911","First National of Nebraska","FINN","1.3597","19500","United States"
"3912","China International Capital Corporation","601995.SS","1.36029","5.01019","China"
"3913","Franchise Brands plc","FRAN.L","1.36044","2.09264","United Kingdom"
"3914","GN Store Nord","GN.CO","1.36056","14.8118","Denmark"
"3915","Al Obeikan Glass Company","4145.SR","1.36145","6.61091","Saudi Arabia"
"3916","Telefonica Brasil","VIV","1.36151","11.45","Brazil"
"3917","Morinaga Milk Industry","2264.T","1.36167","7.44156","Japan"
"3918","Hyster-Yale Materials Handling","HY","1.36167","34.27","United States"
"3919","Treatt plc","TET.L","1.36177","4.15503","United Kingdom"
"3920","Seven Bank","8410.T","1.36222","2.10536","Japan"
"3921","Rocky Brands","RCKY","1.36241","45.95","United States"
"3922","Digital Garage","4819.T","1.36294","14.4814","Japan"
"3923","Sharp Corporation","6753.T","1.363","3.90878","Japan"
"3924","11 bit studios","11B.WA","1.36334","35.7262","Poland"
"3925","Nordic Fibreboard AS","SKN1T.TL","1.36368","0.728608","Estonia"
"3926","Black Hills","BKH","1.36396","72.03","United States"
"3927","First Commonwealth Financial Corp","FCF","1.36416","20.96","United States"
"3928","GEOX","GEO.MI","1.36459","0.326416","Italy"
"3929","Afya","AFYA","1.36495","14.22","Brazil"
"3930","Highwoods Properties","HIW","1.36505","31.77","United States"
"3931","Makino Milling Machine","6135.T","1.36541","96.2287","Japan"
"3932","Eastman Chemical","EMN","1.36549","72.69","United States"
"3933","Comstock Resources","CRK","1.36558","14.28","United States"
"3934","Global Net Lease","GNL","1.36605","9.22","United States"
"3935","Cheil Worldwide Inc.","030000.KS","1.36621","13.8155","South Korea"
"3936","Bic Camera Inc.","3048.T","1.36673","11.324","Japan"
"3937","Mengniu Dairy","2319.HK","1.36673","2.38688","China"
"3938","Universal Health Services","UHS","1.36714","176.4","United States"
"3939","GRAIL","GRAL","1.36784","76.58","United States"
"3940","Invivyd","IVVD","1.36819","0.9425","United States"
"3941","Elis","ELIS.PA","1.36823","28.6547","France"
"3942","Cross Country Healthcare","CCRN","1.36845","13.25","United States"
"3943","QXO, Inc.","QXO","1.36871","13.41","United States"
"3944","Epsilon Energy","EPSN","1.36874","5.61","United States"
"3945","Lafinca Global Assets","YLFG.MC","1.36927","4.91956","Spain"
"3946","Lloyds Banking Group","LYG","1.36954","6.04","United Kingdom"
"3947","Sankyu","9065.T","1.3699","52.885","Japan"
"3948","Shikun &amp; Binui","SKBN.TA","1.37","5.52978","Israel"
"3949","Kyocera","6971.T","1.37043","22.6103","Japan"
"3950","Ambuja Cements","AMBUJACEM.NS","1.37083","4.2937","India"
"3951","Orrstown Financial Services","ORRF","1.37189","42.07","United States"
"3952","Brødrene A &amp; O Johansen","AOJ-B.CO","1.37249","16.1527","Denmark"
"3953","Société Fermière du Casino Municipal de Cannes","FCMC.PA","1.37252","3310.8","France"
"3954","Shochiku","9601.T","1.37332","69.3625","Japan"
"3955","Mpac Group","MPAC.L","1.3736","4.5501","United Kingdom"
"3956","Plains All American Pipeline","PAA","1.37371","24.96","United States"
"3957","Auckland Airport","AIA.AX","1.3741","5.15737","New Zealand"
"3958","Vetoquinol","VETO.PA","1.37509","82.4201","France"
"3959","Mitani Sekisan","5273.T","1.37686","12.8493","Japan"
"3960","EnviTec Biogas","ETG.DE","1.37762","20.809","Germany"
"3961","Leon's Furniture","LNF.TO","1.37833","17.678","Canada"
"3962","Shin-Etsu Polymer","7970.T","1.37837","14.0106","Japan"
"3963","Ahli Bank","ABQK.QA","1.37892","1.06319","Qatar"
"3964","The Rank Group","RNK.L","1.3793","1.50654","United Kingdom"
"3965","AT&T","T","1.37937","25.69","United States"
"3966","ACEA","ACE.MI","1.38052","24.6911","Italy"
"3967","Nikkiso Co., Ltd.","6376.T","1.3816","21.6562","Japan"
"3968","Grupo Simec","SIMECB.MX","1.38174","10.3811","Mexico"
"3969","Fox Factory Holding","FOXF","1.38177","21.65","United States"
"3970","CAVE Interactive","3760.T","1.38185","4.62626","Japan"
"3971","Dahua Technology","002236.SZ","1.38204","2.40691","China"
"3972","ManpowerGroup","MAN","1.38227","61.39","United States"
"3973","Greenpanel Industries","GREENPANEL.NS","1.3824","1.63076","India"
"3974","Home BancShares","HOMB","1.38255","30.06","United States"
"3975","Atal S.A.","1AT.WA","1.38281","15.1836","Poland"
"3976","Electra Consumer Products","ECP.TA","1.38366","20.5292","Israel"
"3977","Hingham Institution for Savings","HIFS","1.38373","303.96","United States"
"3978","Taiwan Cooperative Financial","5880.TW","1.38392","0.785808","Taiwan"
"3979","Jet2","JET2.L","1.38435","21.0749","United Kingdom"
"3980","Union Coop","UNIONCOOP.AE","1.38459","0.588091","United Arab Emirates"
"3981","Regions Financial","RF","1.38477","30.63","United States"
"3982","KITZ Corporation","6498.T","1.38492","12.1902","Japan"
"3983","Sogeclair","ALSOG.PA","1.38549","35.6727","France"
"3984","GameStop","GME","1.38553","18.04","United States"
"3985","Washington Trust Bancorp","WASH","1.38564","39.72","United States"
"3986","Auction Technology Group","ATG.L","1.38604","6.05681","United Kingdom"
"3987","ARCHION Corporation","543A.T","1.3863","1.70111","Japan"
"3988","Capital Tankers Corp.","CAPT.OL","1.38718","16.7071","Greece"
"3989","PureTech Health","PRTC","1.3872","17.42","United States"
"3990","inTEST Corporation","INTT","1.38731","11.3","United States"
"3991","Garofalo Health Care","GHC.MI","1.38792","6.59827","Italy"
"3992","Al Safat Investment Company","ALSAFAT.KW","1.38829","599.935","Kuwait"
"3993","KWS","KWS.F","1.38843","87.1998","Germany"
"3994","NIPPON KANZAI Holdings","9347.T","1.38877","18.2916","Japan"
"3995","Federal Agricultural Mortgage Corporation","AGM","1.38878","219.71","United States"
"3996","Warba Bank","WARBABANK.KW","1.389","909.684","Kuwait"
"3997","Nova Klúbburinn","NOVA.IC","1.38902","0.0307616","Iceland"
"3998","Central Asia Metals","CAML.L","1.38906","2.19331","United Kingdom"
"3999","Baader Bank","BWB.DE","1.38911","7.71742","Germany"
"4000","Wintrust Financial","WTFC","1.38981","151.99","United States"
"4001","Citizens &amp; Northern Corp","CZNC","1.39015","26.01","United States"
"4002","Kewaunee Scientific Corporation","KEQU","1.39109","37.25","United States"
"4003","Yamazaki Baking Co., Ltd.","2212.T","1.39121","23.0748","Japan"
"4004","Gurunavi, Inc.","2440.T","1.39126","0.816029","Japan"
"4005","Cathay General Bancorp","CATY","1.39229","62.33","United States"
"4006","Megacable Holdings","MEGACPO.MX","1.39236","3.29102","Mexico"
"4007","Nexa Resources","NEXA","1.39247","15.22","Luxembourg"
"4008","SIGA Technologies","SIGA","1.39319","2.94","United States"
"4009","Zeo Energy","ZEO","1.39357","0.3972","United States"
"4010","IBU-tec advanced materials AG","IBU.DE","1.39365","17.4283","Germany"
"4011","Trigon Metals","TM.V","1.39367","0.28169","Canada"
"4012","Al Eid Food Company","ALEID.KW","1.39384","704.731","Kuwait"
"4013","Petrobras","PBR","1.39443","18.6","Brazil"
"4014","Winpak","WPK.TO","1.3956","32.1163","Canada"
"4015","Samsung Fire & Marine Insurance Co., Ltd.","000810.KS","1.3959","467.978","South Korea"
"4016","UMB Financial","UMBF","1.39693","143.96","United States"
"4017","Diversified Energy","DEC.L","1.39748","14.6312","United States"
"4018","T&amp;D Holdings","8795.T","1.3976","29.9232","Japan"
"4019","Bank of Ireland Group","BIRG.IR","1.39792","22.5402","Ireland"
"4020","Siltronic","WAF.F","1.39798","97.8083","Germany"
"4021","Janus Henderson","JHG","1.39819","51.95","United Kingdom"
"4022","ASR Nederland","ASRNL.AS","1.39835","82.56","Netherlands"
"4023","Jabal Omar Development","4250.SR","1.39865","5.06872","Saudi Arabia"
"4024","Global Self Storage","SELF","1.39885","5.67","United States"
"4025","Boyd Group","BYD.TO","1.3991","86.7667","Canada"
"4026","Hektaş","HEKTS.IS","1.39927","0.0588463","Turkey"
"4027","SF Urban Properties (SFP)","SFPN.SW","1.40008","124.398","Switzerland"
"4028","Hub Group","HUBG","1.40069","40.21","United States"
"4029","IDOM Inc.","7599.T","1.40277","8.02847","Japan"
"4030","Wizz Air","WIZZ.L","1.40291","14.672","Jersey"
"4031","Integral Diagnostics Limited","IDX.AX","1.40303","1.71674","Australia"
"4032","MBC Group Co.","4072.SR","1.40333","5.43895","Saudi Arabia"
"4033","LB Group (LomonBillions)","002601.SZ","1.40344","2.33402","China"
"4034","Arabian Drilling Company","2381.SR","1.40401","24.1716","Saudi Arabia"
"4035","Yara International","YAR.OL","1.40404","49.8441","Norway"
"4036","BellSystem24","6183.T","1.40413","9.05165","Japan"
"4037","National Bankshares","NKSH","1.40487","41.34","United States"
"4038","Aktieselskabet Schouw & Co.","SCHO.CO","1.4053","117.247","Denmark"
"4039","SHUAA Capital","SHUAA.AE","1.4071","0.0571755","United Arab Emirates"
"4040","Nutrien","NTR","1.40727","74.29","Canada"
"4041","Home Federal Bancorp (HFB Bank)","HFBL","1.4073","26.83","United States"
"4042","MCAN Mortgage Corporation","MKP.TO","1.4077","16.2349","Canada"
"4043","Power Assets","0006.HK","1.40828","7.7245","Hong Kong"
"4044","LINK Mobility Group","LINK.OL","1.4092","2.77306","Norway"
"4045","Rafael Holdings","RFL","1.40935","2.19","United States"
"4046","Eastman Kodak Company","KODK","1.41033","9.68","United States"
"4047","Horace Mann Educators","HMN","1.41065","51.2","United States"
"4048","Star Bulk Carriers","SBLK","1.41073","30.7","Greece"
"4049","Celesc (Centrais Elétricas de Santa Catarina)","CLSC4.SA","1.4109","29.1733","Brazil"
"4050","SSAB","SSAB-B.ST","1.4109","10.5456","Sweden"
"4051","Mota-Engil","EGL.LS","1.41114","5.35556","Portugal"
"4052","NBT Bancorp","NBTB","1.41137","52","United States"
"4053","Parken Sport (F.C. Copenhagen)","PARKEN.CO","1.41181","33.8333","Denmark"
"4054","Smurfit Westrock","SW","1.41232","48.69","Ireland"
"4055","Ameris Bancorp","ABCB","1.41296","85.95","United States"
"4056","NP3 Fastigheter AB","NP3.ST","1.41318","26.9429","Sweden"
"4057","Sierra Bancorp","BSRR","1.41319","39.65","United States"
"4058","DNO ASA","DNO.OL","1.41337","1.90849","Norway"
"4059","Edison","EDNR.MI","1.41337","2.24994","Italy"
"4060","Scatec ASA","SCATC.OL","1.41388","10.5413","Norway"
"4061","Betsson AB","BETS-B.ST","1.41428","9.94045","Sweden"
"4062","Mercantile Bank","MBWM","1.41464","60.31","United States"
"4063","Brunel International","BRNL.AS","1.41471","8.91816","Netherlands"
"4064","United Urban Investment Corporation","8960.T","1.416","1016.27","Japan"
"4065","Ricegrowers Limited","SGLLV.AX","1.41606","9.68526","Australia"
"4066","easyJet","EZJ.L","1.41611","9.18766","United Kingdom"
"4067","Nippon Prologis REIT","3283.T","1.41644","539.207","Japan"
"4068","Antero Resources","AR","1.41696","37.9","United States"
"4069","Noor Financial Investment Company","NOOR.KW","1.41756","1558.53","Kuwait"
"4070","Capricor Therapeutics","CAPR","1.41852","6.8","United States"
"4071","Yokorei Co.,Ltd.","2874.T","1.4186","13.2636","Japan"
"4072","Portland General Electric","POR","1.41871","49.7","United States"
"4073","IPG Photonics","IPGP","1.41907","70.74","United States"
"4074","Mattr Corp.","MATR.TO","1.41912","12.8364","Canada"
"4075","B.F. S.p.A.","BFG.MI","1.41964","5.79389","Italy"
"4076","HMS Bergbau","HMU.DE","1.42072","47.7967","Germany"
"4077","Monex Group","8698.T","1.42077","4.63254","Japan"
"4078","ShaMaran Petroleum","SNM.OL","1.42082","0.135109","Bermuda"
"4079","Wells Fargo","WFC","1.42083","84.72","United States"
"4080","LSB Industries","LXU","1.42152","10.72","United States"
"4081","China Railway Materials","000927.SZ","1.42179","0.368921","China"
"4082","Concordia Financial Group","7186.T","1.42215","11.9737","Japan"
"4083","Patterson-UTI Energy","PTEN","1.4222","11.86","United States"
"4084","Banco del Bajío","BBAJIOO.MX","1.42262","3.33173","Mexico"
"4085","MTI Ltd.","9438.T","1.42295","3.77884","Japan"
"4086","Doman Building Materials Group","DBM.TO","1.42298","7.76391","Canada"
"4087","Soft-World International","5478.TWO","1.42302","3.09932","Taiwan"
"4088","Scandinavian Enviro Systems","SES.ST","1.42307","0.0199335","Sweden"
"4089","Boise Cascade","BCC","1.4234","82.24","United States"
"4090","Chesnara plc","CSN.L","1.4236","4.69354","United Kingdom"
"4091","Alerus Financial","ALRS","1.42393","32.86","United States"
"4092","Asseco","ACP.WA","1.42395","64.0094","Poland"
"4093","NioCorp Developments","NB","1.42437","4.25","United States"
"4094","29Metals","29M.AX","1.42459","0.243205","Australia"
"4095","Spire Inc.","SR","1.42464","82.37","United States"
"4096","Tenaya Therapeutics","TNYA","1.42471","0.6747","United States"
"4097","TORM","TRMD","1.42494","31.64","United Kingdom"
"4098","Sun TV Network","SUNTV.NS","1.42553","4.90701","India"
"4099","Hypoport","HYQ.F","1.42555","95.9431","Germany"
"4100","Walliser Kantonalbank","WKBN.SW","1.42585","197.171","Switzerland"
"4101","Arch Capital","ACGL","1.42586","101.14","Bermuda"
"4102","Envista","NVST","1.42597","27.34","United States"
"4103","Sinch","SINCH.ST","1.4263","4.8213","Sweden"
"4104","Localiza","RENT3.SA","1.42649","6.54293","Brazil"
"4105","ADT","ADT","1.42659","7.42","United States"
"4106","LendingTree","TREE","1.42684","30.97","United States"
"4107","Southern Missouri Bancorp","SMBC","1.42768","74.36","United States"
"4108","Talanx","TLX.DE","1.42817","142.457","Germany"
"4109","BOK Financial","BOKF","1.42833","140.46","United States"
"4110","Pilot Corporation","7846.T","1.42926","12.7112","Japan"
"4111","Avnet","AVT","1.42926","86.26","United States"
"4112","Bilendi SA","ALBLD.PA","1.4293","15.8312","France"
"4113","KALA BIO","KALA","1.4295","0.7954","United States"
"4114","Gilat Satellite Networks","GILT","1.42952","9.95","Israel"
"4115","Clearway Energy","CWEN","1.42985","32.28","United States"
"4116","Vecima Networks","VCM.TO","1.43026","8.98333","Canada"
"4117","NoHo Partners","NOHO.HE","1.43106","9.27955","Finland"
"4118","EQB (Equitable Bank)","EQB.TO","1.43116","96.3417","Canada"
"4119","Mativ Holdings","MATV","1.43146","12.25","United States"
"4120","Hulic","3003.T","1.43186","11.3208","Japan"
"4121","Draganfly","DPRO","1.43223","4.32","Canada"
"4122","ONE Gas","OGS","1.43247","80.35","United States"
"4123","Saudi Enaya Cooperative Insurance Company","8311.SR","1.43289","2.65289","Saudi Arabia"
"4124","Barloworld","BAW.JO","1.43307","7.36393","South Africa"
"4125","CTO Realty Growth","CTO","1.43332","22","United States"
"4126","Glacier Bancorp","GBCI","1.43334","46.77","United States"
"4127","Swiss Prime Site","SPSN.SW","1.43343","159.479","Switzerland"
"4128","Kokuyo","7984.T","1.43537","5.61052","Japan"
"4129","Chiba Bank","CHBAY","1.43544","82.32","Japan"
"4130","Navigator Global Investments","NGI.AX","1.43546","1.86695","Australia"
"4131","Cars.com","CARS","1.43607","12.36","United States"
"4132","Tokmanni","TOKMAN.HE","1.43612","8.42854","Finland"
"4133","MasterBrand","MBC","1.43622","9.32","United States"
"4134","Hikari Tsushin","9435.T","1.43643","252.404","Japan"
"4135","Taikisha","1979.T","1.43671","24.4809","Japan"
"4136","Indian Bank","INDIANB.NS","1.43677","9.16937","India"
"4137","Vital Farms","VITL","1.4375","11.08","United States"
"4138","RADCOM","RDCM","1.43781","10.19","Israel"
"4139","ICON plc","ICLR","1.43917","173.48","Ireland"
"4140","InvenTrust Properties","IVT","1.43933","32.82","United States"
"4141","Africa Israel Residences","AFRE.TA","1.44047","76.2636","Israel"
"4142","Mebuki Financial Group","7167.T","1.4406","10.4263","Japan"
"4143","Uchida Yoko Co., Ltd.","8057.T","1.44146","13.9918","Japan"
"4144","Mekdam Holding Group","MKDM.QA","1.44157","0.559615","Qatar"
"4145","Modern Times Group (MTG)","MTG-B.ST","1.44182","14.1345","Sweden"
"4146","Mashreqbank","MASQ.AE","1.44242","81.7066","United Arab Emirates"
"4147","Nauticus Robotics","KITT","1.44276","0.8201","United States"
"4148","Olimpo Real Estate","YORE.MC","1.44278","1.1308","Spain"
"4149","Japan Securities Finance","8511.T","1.4431","15.492","Japan"
"4150","Dubai Electricity and Water Authority (DEWA)","DEWA.AE","1.4436","0.732391","United Arab Emirates"
"4151","Bahrain Kuwait Insurance Company (GIG Bahrain)","BKIC.BH","1.44431","1.03448","Bahrain"
"4152","Malteries Franco-Belges","MALT.PA","1.44434","961.763","France"
"4153","Pihlajalinna Oyj","PIHLIS.HE","1.4444","12.6137","Finland"
"4154","HeidelbergCement","HEI.DE","1.44444","187.107","Germany"
"4155","First Financial","THFF","1.44473","79.61","United States"
"4156","Lesaka Technologies","LSAK","1.44521","4.57","South Africa"
"4157","MDU Resources","MDU","1.44597","19.96","United States"
"4158","Nichicon Corporation","6996.T","1.4462","16.7725","Japan"
"4159","Mynet","3928.T","1.44754","1.47513","Japan"
"4160","Horizon Bancorp","HBNC","1.44773","19.71","United States"
"4161","Havertys","HVT","1.44779","27.58","United States"
"4162","Quipt Home Medical","QIPT","1.44783","3.65","United States"
"4163","Djurslands Bank A/S","DJUR.CO","1.44793","162.93","Denmark"
"4164","Maybank","MLYBY","1.44812","5.55","Malaysia"
"4165","Prosafe SE","PRS.OL","1.44839","0.586401","Norway"
"4166","Old Second Bancorp","OSBC","1.44945","25.45","United States"
"4167","Realty Income","O","1.44954","63.17","United States"
"4168","Bank of America","BAC","1.44963","62.33","United States"
"4169","thyssenkrupp nucera","NCH2.DE","1.45013","9.19795","Germany"
"4170","Air Astana","7YH.F","1.4504","5.7356","Kazakhstan"
"4171","Nynomic AG","M7U.DE","1.4505","27.2791","Germany"
"4172","Hampiðjan","HAMP.IC","1.45061","0.735963","Iceland"
"4173","Cosmo First","COSMOFIRST.NS","1.45073","9.71685","India"
"4174","Bank of China (Hong Kong)","2388.HK","1.45085","6.42964","Hong Kong"
"4175","Trustco Bank","TRST","1.45172","57.2","United States"
"4176","Westwood Holdings Group","WHG","1.45193","19.18","United States"
"4177","Energy Transfer LP","ET","1.45201","21.08","United States"
"4178","Strike Energy","STX.AX","1.45225","0.0786838","Australia"
"4179","NLC India","NLCINDIA.NS","1.45278","2.83669","India"
"4180","Burning Rock Biotech","BNR","1.45289","10.32","China"
"4181","Colruyt","COLR.BR","1.45291","46.0947","Belgium"
"4182","CBL International","BANL","1.45333","13.69","Malaysia"
"4183","Life Healthcare Group","LHC.JO","1.45351","0.719892","South Africa"
"4184","LendingClub","LC","1.45445","19.21","United States"
"4185","Rhinebeck Bancorp","RBKB","1.45485","12.9","United States"
"4186","Live Oak Bank","LOB","1.45521","40.3","United States"
"4187","United Fire Group","UFCS","1.45552","53.93","United States"
"4188","Union Bankshares","UNB","1.45555","23.71","United States"
"4189","Teekay Tankers","TNK","1.45558","92.01","Canada"
"4190","Meiji Holdings","2269.T","1.45636","27.6885","Japan"
"4191","CarMax","KMX","1.45655","62.8","United States"
"4192","Chicony Electronics","2385.TW","1.45715","3.32518","Taiwan"
"4193","PBF Energy","PBF","1.45762","69.51","United States"
"4194","GLP J-REIT","3281.T","1.45866","875.662","Japan"
"4195","H.U. Group Holdings","4544.T","1.45877","23.1627","Japan"
"4196","Fidelity National Financial","FNF","1.45893","47.43","United States"
"4197","First Investment Company K.S.C.P.","ALOLA.KW","1.45909","430.388","Kuwait"
"4198","ULVAC, Inc.","6728.T","1.45926","47.6875","Japan"
"4199","Fifth Third Bank","FITB","1.4593","54.9","United States"
"4200","Cal-Maine Foods","CALM","1.4596","84.6","United States"
"4201","Johnson Matthey","JMAT.L","1.45962","30.8698","United Kingdom"
"4202","Banco di Desio e della Brianza","BDB.MI","1.46014","19.4218","Italy"
"4203","KLab","3656.T","1.46056","1.21149","Japan"
"4204","People Can Fly","PCF.WA","1.46061","1.00142","Poland"
"4205","Barnes &amp; Noble Education","BNED","1.46106","12.41","United States"
"4206","Altareit","AREIT.PA","1.46159","670.319","France"
"4207","La Française de l'Energie","FDE.PA","1.46159","33.5743","France"
"4208","Cedar Woods Properties Limited","CWP.AX","1.46183","5.52933","Australia"
"4209","Melisron","MLSR.TA","1.46198","135.928","Israel"
"4210","Shionogi","4507.T","1.46237","18.2728","Japan"
"4211","IPH Limited","IPH.AX","1.46242","2.62518","Australia"
"4212","Create SD Holdings","3148.T","1.46299","21.4365","Japan"
"4213","BP","BP","1.46367","43.74","United Kingdom"
"4214","Krafton","259960.KS","1.4637","161.048","South Korea"
"4215","Cathay Pacific","0293.HK","1.46492","1.86255","Hong Kong"
"4216","Enento Group","ENENTO.HE","1.46584","18.3493","Finland"
"4217","Mitsui High-tec","6966.T","1.4659","5.88797","Japan"
"4218","Artesian Resources","ARTNA","1.46615","35.89","United States"
"4219","Tillys","TLYS","1.46626","3.74","United States"
"4220","Synthaverse","SVE.WA","1.46662","0.825491","Poland"
"4221","TGS ASA","TGS.OL","1.46673","14.4882","Norway"
"4222","Theeb Rent A Car Company","4261.SR","1.4673","5.57479","Saudi Arabia"
"4223","Qatar Fuel Company (WOQOD)","QFLS.QA","1.46731","3.52473","Qatar"
"4224","Shell","SHEL","1.46741","93","United Kingdom"
"4225","International Paper","IP","1.46769","41.04","United States"
"4226","U.S. Bancorp","USB","1.46804","62.42","United States"
"4227","Amada Co., Ltd.","6113.T","1.4685","16.2327","Japan"
"4228","Huhtamaki India","HUHTAMAKI.NS","1.46867","2.81371","India"
"4229","Takashimaya Company","8233.T","1.46937","15.3539","Japan"
"4230","Hercules Capital","HTGC","1.47076","17.5","United States"
"4231","Elecom","6750.T","1.47106","12.4601","Japan"
"4232","H2O America","HTO","1.47177","64.49","United States"
"4233","Palfinger","PFI.F","1.47194","35.4395","Austria"
"4234","QCR Holdings","QCRH","1.47203","100.9","United States"
"4235","Harte Hanks","HHS","1.47209","3.97","United States"
"4236","authID","AUID","1.47227","0.4579","United States"
"4237","Lion Corp","4912.T","1.47252","11.8544","Japan"
"4238","NorthWestern Energy","NWE","1.47319","69.66","United States"
"4239","Bajaj Holdings &amp; Investment","BAJAJHLDNG.NS","1.47326","117.02","India"
"4240","Kelsian Group","KLS.AX","1.47406","3.41917","Australia"
"4241","ATS Corporation","ATS","1.4743","19.23","Canada"
"4242","Beam Global","BEEM","1.47461","1.43","United States"
"4243","U.S. Physical Therapy, Inc.","USPH","1.47498","77.38","United States"
"4244","FB Financial","FBK","1.47531","58.27","United States"
"4245","SkyWest","SKYW","1.47595","101.68","United States"
"4246","Vitruvio Real Estate","YVIT.MC","1.476","20.9839","Spain"
"4247","Medgulf (The Mediterranean and Gulf Cooperative Insurance and Reinsurance Company)","8030.SR","1.4762","4.60526","Saudi Arabia"
"4248","Eisai","4523.T","1.47621","30.5132","Japan"
"4249","Muangthai Capital","MTC.BK","1.47635","0.962126","Thailand"
"4250","Full Truck Alliance","YMM","1.47642","8.43","China"
"4251","Damaan Islamic Insurance Company (Beema)","BEMA.QA","1.47644","1.35989","Qatar"
"4252","kyowa Kirin","4151.T","1.47661","16.1072","Japan"
"4253","CorMedix","CRMD","1.47667","8.28","United States"
"4254","Landis+Gyr","LAND.SW","1.47669","59.1514","Switzerland"
"4255","LeonaBio","LONA","1.47718","7.73","United States"
"4256","Global Dominion Access","DOM.MC","1.47728","3.17673","Spain"
"4257","SmartStop Self Storage REIT","SMA","1.47775","33.86","United States"
"4258","Magna International","MGA","1.47799","67.8","Canada"
"4259","Grocery Outlet","GO","1.47811","12.04","United States"
"4260","Berkshire Hathaway","BRK-B","1.48002","504.32","United States"
"4261","AB Dynamics","ABDP.L","1.48012","11.1113","United Kingdom"
"4262","Astec Industries","ASTE","1.48047","43.6","United States"
"4263","Life Insurance Corporation of India (LIC)","LICI.NS","1.48073","4.41176","India"
"4264","Hindustan Oil Exploration Company","HINDOILEXP.NS","1.48085","1.65625","India"
"4265","ORIX","IX","1.48129","39.11","Japan"
"4266","L.D.C. S.A.","LOUP.PA","1.48177","128.468","France"
"4267","HIVE Digital Technologies","HIVE","1.48185","2.86","Canada"
"4268","Ford","F","1.48189","13.93","United States"
"4269","Comforia Residential REIT","3282.T","1.48206","631.481","Japan"
"4270","Italtile","ITE.JO","1.4828","0.568796","South Africa"
"4271","Fortis","FTS","1.48357","55.32","Canada"
"4272","Menicon Co., Ltd.","7780.T","1.48372","11.9831","Japan"
"4273","Drax Group","DRX.L","1.48404","10.1764","United Kingdom"
"4274","Peoples Bancorp of North Carolina","PEBK","1.48483","44.12","United States"
"4275","Immunic","IMUX","1.48505","16.46","United States"
"4276","ITV plc","ITV.L","1.48553","0.986799","United Kingdom"
"4277","CI&amp;T","CINT","1.48649","3.7","Brazil"
"4278","Oriola","OKDBV.HE","1.48704","1.17525","Finland"
"4279","Tompkins Financial","TMP","1.48745","97.91","United States"
"4280","LLB (Liechtensteinische Landesbank)","LLBN.SW","1.48745","146.044","Liechtenstein"
"4281","Helia Group","HLI.AX","1.48749","3.70529","Australia"
"4282","Vátryggingafélag Íslands","SKAGI.IC","1.48788","0.120289","Iceland"
"4283","ARE Holdings","5857.T","1.48798","25.1714","Japan"
"4284","Henkel","HEN3.DE","1.48836","88.8086","Germany"
"4285","Relais Group Oyj","RELAIS.HE","1.48942","16.9037","Finland"
"4286","vTv Therapeutics","VTVT","1.48955","33.89","United States"
"4287","Boubyan Petrochemical Company","BPCC.KW","1.48968","2360.61","Kuwait"
"4288","Austal Limited","ASB.AX","1.49055","3.04006","Australia"
"4289","Agree Realty","ADC","1.49101","74.58","United States"
"4290","Sterling Tools","STERTOOLS.NS","1.49114","2.31428","India"
"4291","Bio-Rad Laboratories","BIO","1.49118","381.76","United States"
"4292","Nippon Paint","4612.T","1.4915","7.49492","Japan"
"4293","AS Trigon Property Development","TPD1T.TL","1.49167","0.676148","Estonia"
"4294","Vietcap Securities","VCI.VN","1.49285","0.855877","Vietnam"
"4295","Broadstone Net Lease","BNL","1.49384","21.2","United States"
"4296","Amundi","AMUN.PA","1.49403","110.982","France"
"4297","Brother Industries","6448.T","1.49442","29.2515","Japan"
"4298","Nojima Corporation","7419.T","1.49489","8.02847","Japan"
"4299","ReadyTech Holdings","RDY.AX","1.49557","1.12661","Australia"
"4300","Pacira Biosciences","PCRX","1.49595","24.86","United States"
"4301","WSFS Financial","WSFS","1.49599","79.47","United States"
"4302","AS Siguldas Ciltslietu Un Maksligas Apseklosanas Stacija","SCM1R.RG","1.49613","8.16041","Latvia"
"4303","Socket Mobile","SCKT","1.49662","0.6406","United States"
"4304","Avanos Medical","AVNS","1.4969","24.99","United States"
"4305","Almirall","ALM.MC","1.49762","11.9841","Spain"
"4306","H.B. Fuller","FUL","1.49781","57.99","United States"
"4307","Seibu Holdings","9024.T","1.49818","21.3549","Japan"
"4308","Medicare Group","MCGS.QA","1.49848","1.46731","Qatar"
"4309","Aux Electric Co., Ltd.","2580.HK","1.49888","1.33951","China"
"4310","Sylvamo","SLVM","1.49903","36.91","United States"
"4311","Energous","WATT","1.49943","11.6","United States"
"4312","Byggma ASA","BMA.OL","1.4999","2.49167","Norway"
"4313","Red Eléctrica","RED.MC","1.50036","17.7431","Spain"
"4314","OpenText","OTEX","1.50133","24.58","Canada"
"4315","COMSYS Holdings Corporation","1721.T","1.50167","33.6141","Japan"
"4316","Siam Global House","GLOBAL.BK","1.50218","0.21686","Thailand"
"4317","Marie Brizard Wine &amp; Spirits","MBWS.PA","1.50237","3.48566","France"
"4318","SailPoint","SAIL","1.50289","18.13","United States"
"4319","World Kinect","WKC","1.50357","35.62","United States"
"4320","Perpetual Limited","PPT.AX","1.50359","14.0773","Australia"
"4321","Fury Gold Mines","FURY","1.50386","0.6639","Canada"
"4322","OSG Corporation","6136.T","1.50433","23.4012","Japan"
"4323","Open House Group","3288.T","1.50458","50.236","Japan"
"4324","AS LHV Group","LHV1T.TL","1.50489","3.89368","Estonia"
"4325","Ingredion","INGR","1.50539","106.13","United States"
"4326","Pacific Basin Shipping","2343.HK","1.50578","0.533252","Hong Kong"
"4327","Riley Exploration Permian","REPX","1.5059","37.62","United States"
"4328","Morinaga &amp; Company","2201.T","1.50629","16.2547","Japan"
"4329","Centene","CNC","1.50652","65.65","United States"
"4330","DeFi Technologies","DEFI.NE","1.50656","0.606104","Canada"
"4331","PrimeEnergy Resources","PNRG","1.50666","206.97","United States"
"4332","Chinese Gamer International","3083.TWO","1.50684","0.724638","Taiwan"
"4333","Sanyo Denki","6516.T","1.50689","34.2105","Japan"
"4334","Healthcare Realty Trust","HR","1.5069","19.32","United States"
"4335","Edison International","EIX","1.50734","73.97","United States"
"4336","Nature's Sunshine Products","NATR","1.50744","14.3","United States"
"4337","Arrow Electronics","ARW","1.50751","201.84","United States"
"4338","Talos Energy","TALO","1.50773","16.93","United States"
"4339","NTPC Limited","NTPC.NS","1.50779","3.53359","India"
"4340","AudioCodes","AUDC","1.50779","9.62","Israel"
"4341","Qatar Islamic Bank","QIBK.QA","1.5078","5.87637","Qatar"
"4342","UGI Corporation","UGI","1.50913","38.19","United States"
"4343","National Bank of Kuwait","NBK.KW","1.50953","2849.69","Kuwait"
"4344","BIDV  (Commercial Bank for Investment and Development of Vietnam)","BID.VN","1.51026","1.40226","Vietnam"
"4345","Elvalhalcor Hellenic Copper and Aluminium Industry","ELHA.AT","1.51067","4.55817","Greece"
"4346","Trinity Capital","TRIN","1.51104","18.61","United States"
"4347","AmRest","EAT.MC","1.51112","2.87946","Spain"
"4348","Dlala Brokerage and Investment Holding Company","DBIS.QA","1.51116","0.402198","Qatar"
"4349","Shizuoka Financial Group","5831.T","1.5112","22.1144","Japan"
"4350","Al-Arabiya Real Estate Company","ARABREC.KW","1.51164","547.767","Kuwait"
"4351","Ellomay Capital","ELLO","1.51267","20.18","Israel"
"4352","Kirin Holdings","2503.T","1.51268","19.3587","Japan"
"4353","Bijou Brigitte","BIJ.DE","1.51285","53.2758","Germany"
"4354","CEWE","CWC.F","1.51381","116.81","Germany"
"4355","Emera","EMA.TO","1.51415","50.3644","Canada"
"4356","IDFC FIRST Bank","IDFCFIRSTB.NS","1.51427","0.88998","India"
"4357","Raisio plc","RAIVV.HE","1.51435","2.89695","Finland"
"4358","Corbion","CRBN.AS","1.51467","22.9308","Netherlands"
"4359","Haier Smart Home","600690.SS","1.51474","3.15815","China"
"4360","American Bitcoin Corp","ABTC","1.5148","8.64","United States"
"4361","CONMED","CNMD","1.51541","51.49","United States"
"4362","Keurig Dr Pepper","KDP","1.51602","32.51","United States"
"4363","Americold","COLD","1.51619","15.11","United States"
"4364","KRUK Spólka Akcyjna","KRU.WA","1.51623","118.708","Poland"
"4365","Hibiya Engineering","1982.T","1.5164","18.6933","Japan"
"4366","Specialities Group Holding Company","SPEC.KW","1.51658","854.255","Kuwait"
"4367","Suruga Bank","8358.T","1.5167","18.2916","Japan"
"4368","Hilton Food Group plc","HFG.L","1.51702","8.43267","United Kingdom"
"4369","Ecoener","ENER.MC","1.51703","4.48823","Spain"
"4370","EVA Air","2618.TW","1.51721","1.3238","Taiwan"
"4371","Deutsche Telekom","DTE.DE","1.51746","33.8074","Germany"
"4372","Talenom","TNOM.HE","1.51778","1.47354","Finland"
"4373","Vp plc","VP.L","1.51814","6.71616","United Kingdom"
"4374","Tourmaline Oil","TOU.TO","1.51823","44.8517","Canada"
"4375","REN (Redes Energéticas Nacionais)","RENE.LS","1.51849","4.15015","Portugal"
"4376","Teract S.A.","TRACT.PA","1.51874","3.23688","France"
"4377","Zimmer Biomet","ZBH","1.51879","100.98","United States"
"4378","Dai-ichi Life Holdings","8750.T","1.51883","11.3114","Japan"
"4379","Fitaihi Holding Group","4180.SR","1.5189","0.663222","Saudi Arabia"
"4380","Occidental Petroleum","OXY","1.51891","60.11","United States"
"4381","Helvetia Baloise Holding AG","HBAN.SW","1.51902","265.963","Switzerland"
"4382","Zealand Pharma","ZEAL.CO","1.51916","50.2511","Denmark"
"4383","Quirin Privatbank","QB7.DE","1.51921","3.63721","Germany"
"4384","Middle East Healthcare Company","4009.SR","1.52002","8.65651","Saudi Arabia"
"4385","MPC Container Ships","MPCC.OL","1.52032","2.96315","Norway"
"4386","IDEC Corporation","6652.T","1.52085","22.6605","Japan"
"4387","Norcros","NXR.L","1.52119","4.41373","United Kingdom"
"4388","Citic Pacific Special Steel Group","000708.SZ","1.52125","2.05436","China"
"4389","State Bank of India","SBIN.NS","1.52197","10.908","India"
"4390","TransAct Technologies","TACT","1.52211","4.76","United States"
"4391","Frasers Group","FRAS.L","1.5228","11.2149","United Kingdom"
"4392","Movado Group","MOV","1.52284","34.73","United States"
"4393","Oconee Federal Financial","OFED","1.52299","23.05","United States"
"4394","Clearfield","CLFD","1.5234","27.23","United States"
"4395","Eurobank Ergasias Services and Holdings","EUROB.AT","1.52352","5.36722","Greece"
"4396","Detection Technology","DETEC.HE","1.52446","9.32618","Finland"
"4397","Nippon Building Fund","8951.T","1.52519","806.614","Japan"
"4398","Ingram Micro Holding Corporation","INGM","1.52527","27.8","United States"
"4399","Wabash National","WNC","1.52574","12.05","United States"
"4400","GoldMining Inc.","GLDG","1.52575","1.18","Canada"
"4401","Kura Sushi,Inc.","2695.T","1.52584","10.9599","Japan"
"4402","Phu Nhuan Jewelry (PNJ)","PNJ.VN","1.52603","1.6296","Vietnam"
"4403","Mandarin Oriental","M04.SI","1.52608","3.34","Hong Kong"
"4404","Knaus Tabbert AG","KTA.DE","1.52611","13.7561","Germany"
"4405","Vedanta","VEDL.NS","1.52639","2.87274","India"
"4406","PNC Financial Services","PNC","1.52671","243.68","United States"
"4407","Westamerica Bancorporation","WABC","1.52723","58.33","United States"
"4408","Essential Properties Realty Trust","EPRT","1.52763","30.98","United States"
"4409","Sundrug","9989.T","1.52766","23.5519","Japan"
"4410","Alinma Bank","1150.SR","1.52784","6.75474","Saudi Arabia"
"4411","Western Bulk","WEST.OL","1.52787","2.30909","Norway"
"4412","Dalqan Real Estate Company","DALQAN.KW","1.52831","561.178","Kuwait"
"4413","Arnarlax (Icelandic Salmon)","ISLAX.OL","1.52857","7.03467","Iceland"
"4414","centrotherm international","CTNK.F","1.52911","10.8417","Germany"
"4415","United Wire Factories Company","1301.SR","1.52916","5.15395","Saudi Arabia"
"4416","Nam Tai Property","NTPIF","1.53047","4.5","China"
"4417","Enghouse Systems","ENGH.TO","1.5308","12.3674","Canada"
"4418","Bulten AB","BULTEN.ST","1.53209","6.20949","Sweden"
"4419","Gree Electric Appliances","000651.SZ","1.53388","6.19133","China"
"4420","Ekopak","EKOP.BR","1.53456","4.32502","Belgium"
"4421","Commercial Bank of Dubai","CBD.AE","1.53476","2.61374","United Arab Emirates"
"4422","Cyient","CYIENT.NS","1.53528","10.2528","India"
"4423","Elia Group","ELI.BR","1.53537","148.053","Belgium"
"4424","VIEL &amp; Cie","VIL.PA","1.53562","22.1963","France"
"4425","International Financial Advisors Holding","IFA.KW","1.53567","1164","Kuwait"
"4426","Egypt Kuwait Holding Company","EKHOLDING.KW","1.53581","685.921","Egypt"
"4427","Focusrite","TUNE.L","1.53592","3.78939","United Kingdom"
"4428","EQT Holdings Limited","EQT.AX","1.53647","15.2361","Australia"
"4429","New China Life Insurance","601336.SS","1.5366","8.83031","China"
"4430","Unitil Corporation","UTL","1.53664","53.59","United States"
"4431","Hawthorn Bancshares","HWBK","1.53723","39.07","United States"
"4432","Hualu Hengsheng","600426.SS","1.53729","2.96922","China"
"4433","Alexander &amp; Baldwin","ALEX","1.53841","20.84","United States"
"4434","Ebos Group","EBO.NZ","1.53856","13.2825","New Zealand"
"4435","NHK Spring","5991.T","1.53889","21.7001","Japan"
"4436","Selective Insurance","SIGI","1.53927","92.65","United States"
"4437","VersaBank","VBNK","1.53985","19.45","Canada"
"4438","BAVARIA Industries Group AG","B8A.MU","1.54038","122.406","Germany"
"4439","Kimco Realty","KIM","1.5406","24.22","United States"
"4440","MATSUDA SANGYO","7456.T","1.54065","44.7561","Japan"
"4441","Mitsubishi Estate","8802.T","1.54093","23.2882","Japan"
"4442","First Business Financial Services","FBIZ","1.54121","70","United States"
"4443","Prothena","PRTA","1.542","9.39","Ireland"
"4444","Gefran","GE.MI","1.5425","13.0567","Italy"
"4445","NHPC Limited","NHPC.NS","1.54251","0.798245","India"
"4446","ICF International","ICFI","1.54398","88.84","United States"
"4447","Miller Industries","MLR","1.54398","56.75","United States"
"4448","Kajima","1812.T","1.54468","30.35","Japan"
"4449","NJ Holdings","9421.T","1.54507","3.19507","Japan"
"4450","Gamania Digital","6180.TWO","1.54513","1.30498","Taiwan"
"4451","Uniper","UN0.DE","1.54517","54.2084","Germany"
"4452","Chubb Arabia Cooperative Insurance Company","8240.SR","1.54547","4.92222","Saudi Arabia"
"4453","Bang &amp; Olufsen A/S","BO.CO","1.54554","1.69634","Denmark"
"4454","ACNB Corporation","ACNB","1.54665","64.44","United States"
"4455","The National Company for Glass Industries","2150.SR","1.54674","10.4091","Saudi Arabia"
"4456","Itaúsa","ITSA3.SA","1.54744","2.52398","Brazil"
"4457","Aeroporto G. Marconi Bologna","ADB.MI","1.5476","11.4712","Italy"
"4458","Liberty Energy","LBRT","1.54785","18.48","United States"
"4459","International Flavors & Fragrances","IFF","1.54791","85.81","United States"
"4460","Mitsui Bussan","8031.T","1.54827","31.0656","Japan"
"4461","Al-Jouf Agricultural Development","6070.SR","1.54902","10.7341","Saudi Arabia"
"4462","Mitsui Fudosan Logistics Park","3471.T","1.54922","669.772","Japan"
"4463","Medical Facilities Corporation","DR.TO","1.54954","11.2201","Canada"
"4464","Komerční banka","KOMB.PR","1.54971","51.5439","Czech Republic"
"4465","STINAG Stuttgart Invest","STG.F","1.54977","16.9982","Germany"
"4466","FleetPartners Group","FPR.AX","1.55009","3.0329","Australia"
"4467","CVS Health","CVS","1.55034","94.11","United States"
"4468","Lear Corporation","LEA","1.55101","122.9","United States"
"4469","Limoneira","LMNR","1.55149","14.01","United States"
"4470","HELLENiQ ENERGY","ELPE.AT","1.55204","17.7081","Greece"
"4471","Ngern Tid Lor","TIDLOR.BK","1.55211","0.598656","Thailand"
"4472","National Grid","NGG","1.55227","80.42","United Kingdom"
"4473","Aramis Group","ARAMI.PA","1.55362","4.6048","France"
"4474","MiniMed Group","MMED","1.55362","19.94","United States"
"4475","Intensity Therapeutics","INTS","1.55408","4.75","United States"
"4476","Tenaris","TS","1.55455","53.42","Luxembourg"
"4477","AL Sydbank A/S","ALSYDB.CO","1.55529","102.202","Denmark"
"4478","Momentum Metropolitan","MTM.JO","1.55568","2.46624","South Africa"
"4479","Anaam International","4061.SR","1.55581","3.24153","Saudi Arabia"
"4480","SThree","STEM.L","1.5562","4.03923","United Kingdom"
"4481","Consolidated Edison","ED","1.55627","107.71","United States"
"4482","Nissin Foods","2897.T","1.55645","18.9947","Japan"
"4483","Veris Residential","VRE","1.55652","18.99","United States"
"4484","SmartFinancial (SmartBank)","SMBK","1.55667","51.18","United States"
"4485","Capgemini","CAP.PA","1.55676","128.235","France"
"4486","Tong Ren Tang","600085.SS","1.55682","3.6074","China"
"4487","Talgo S.A.","TLGO.MC","1.55708","3.14759","Spain"
"4488","Exelon Corporation","EXC","1.5583","44.34","United States"
"4489","Phoenix Mecano","PMN.SW","1.55831","546.108","Switzerland"
"4490","Kuwait Emirates Holding Company","EMIRATES.KW","1.55837","482.556","Kuwait"
"4491","ERG","ERG.MI","1.55848","25.8335","Italy"
"4492","Compagnie de Saint-Gobain","SGO.PA","1.55879","93.938","France"
"4493","Naikai Zosen Corporation","7018.T","1.55884","78.3388","Japan"
"4494","tinyBuild","8Z3.F","1.55931","0.138727","United States"
"4495","Gibraltar Industries","ROCK","1.55965","46.27","United States"
"4496","Nifco Inc.","7988.T","1.55989","31.6431","Japan"
"4497","Rane Holdings","RANEHOLDIN.NS","1.55992","16.644","India"
"4498","Barito Pacific","BRPT.JK","1.55995","0.105055","Indonesia"
"4499","Richardson Electronics","RELL","1.56021","16.81","United States"
"4500","ENGIE","ENGI.PA","1.56053","29.4591","France"
"4501","Zephyr Energy plc","ZPHR.L","1.56125","0.0409373","United Kingdom"
"4502","WPP","WPP","1.56126","27.02","United Kingdom"
"4503","Yamaha Motor","7272.T","1.56127","12.322","Japan"
"4504","Upbound Group","UPBD","1.56148","19.17","United States"
"4505","Terex","TEX","1.56161","65.88","United States"
"4506","AIB Group (Allied Irish Banks)","A5G.IR","1.56168","12.8993","Ireland"
"4507","Great Wall Motors","601633.SS","1.56221","2.29088","China"
"4508","Tracsis","TRCS.L","1.56224","4.50923","United Kingdom"
"4509","Ford Otosan","FROTO.IS","1.56235","1.64063","Turkey"
"4510","PORR","ABS2.F","1.56244","45.9315","Austria"
"4511","Nidec","6594.T","1.56283","16.3582","Japan"
"4512","Bank Jago","ARTO.JK","1.56336","0.0567636","Indonesia"
"4513","National Building and Marketing Company","9510.SR","1.56396","12.2416","Saudi Arabia"
"4514","Huuuge","HUG.WA","1.56432","5.87317","United States"
"4515","Riyadh Cement Company","3092.SR","1.56442","6.19273","Saudi Arabia"
"4516","CBIZ","CBZ","1.56447","54.6","United States"
"4517","Clariant","CLN.SW","1.56456","13.1489","Switzerland"
"4518","ReNew Energy Global","RNW","1.56499","6.8","India"
"4519","Obayashi","1802.T","1.56507","18.9005","Japan"
"4520","Biomerica","BMRA","1.56516","1.68","United States"
"4521","Nama Chemicals Company","2210.SR","1.56556","4.99148","Saudi Arabia"
"4522","Vitrolife AB","VITR.ST","1.56575","9.71944","Sweden"
"4523","Marten Transport","MRTN","1.56621","14.67","United States"
"4524","Credito Emiliano","CE.MI","1.56731","24.4113","Italy"
"4525","Aeon Kyushu","2653.T","1.56764","17.802","Japan"
"4526","JM Holdings Co.,Ltd.","3539.T","1.56812","9.42828","Japan"
"4527","EKF Diagnostics","EKF.L","1.56821","0.336725","United Kingdom"
"4528","1st Source","SRCE","1.5684","86.07","United States"
"4529","Finolex Industries","FINPIPE.NS","1.56846","1.70473","India"
"4530","Blink Charging","BLNK","1.56872","0.5847","United States"
"4531","Knights Group","KGH.L","1.56915","2.44534","United Kingdom"
"4532","MinebeaMitsumi","6479.T","1.5697","21.0033","Japan"
"4533","Nippon Express","9147.T","1.5698","35.8614","Japan"
"4534","PlaySide Studios","PLY.AX","1.57003","0.0894135","Australia"
"4535","ABM Industries","ABM","1.57007","46.86","United States"
"4536","MITSUI-SOKO HOLDINGS Co., Ltd.","9302.T","1.57084","20.8025","Japan"
"4537","Falabella","FALABELLA.SN","1.57101","6.92628","Chile"
"4538","National Bank of Greece","ETE.AT","1.57242","19.4509","Greece"
"4539","TKM Grupp AS","TKM1T.TL","1.57246","10.6085","Estonia"
"4540","Broadwind","BWEN","1.57294","4.4","United States"
"4541","Southern First Bancshares","SFST","1.573","63.01","United States"
"4542","Banco BPM","BAMI.MI","1.57393","19.2061","Italy"
"4543","Mercialys","MERY.PA","1.57407","13.2898","France"
"4544","SBS Holdings","2384.T","1.57462","32.0762","Japan"
"4545","Spok Holdings","SPOK","1.57594","10.62","United States"
"4546","Insteel Industries","IIIN","1.57618","30.24","United States"
"4547","Pulmatrix","PULM","1.57645","1.55","United States"
"4548","Koppers Holdings","KOP","1.57728","45.83","United States"
"4549","Capital City Bank Group","CCBG","1.57742","51.61","United States"
"4550","Ovintiv","OVV","1.57756","65.92","United States"
"4551","Green Brick Partners","GRBK","1.57771","72.77","United States"
"4552","Gentili Mosconi","GM.MI","1.57791","3.6139","Italy"
"4553","Vinci Compass Investments","VINP","1.57828","9.66","Brazil"
"4554","Arvinas","ARVN","1.57887","9.34","United States"
"4555","FuRyu","6238.T","1.57896","8.88217","Japan"
"4556","Sixt","SIX2.F","1.5791","84.7517","Germany"
"4557","Tate &amp; Lyle","TATE.L","1.57972","7.55398","United Kingdom"
"4558","TotalEnergies","TTE","1.57973","89.35","France"
"4559","Daimler Truck","DTG.F","1.57997","54.4416","Germany"
"4560","Synchrony Financial","SYF","1.58015","80.02","United States"
"4561","Sumitomo Mitsui Financial Group","SMFG","1.58084","25","Japan"
"4562","Digia Oyj","DIGIA.HE","1.58134","6.4817","Finland"
"4563","Aeon Hokkaido Corporation","7512.T","1.58157","5.41718","Japan"
"4564","Pennon Group","PNN.L","1.58201","6.30747","United Kingdom"
"4565","Southwest Gas","SWX","1.58203","89.57","United States"
"4566","Kemira","KEMIRA.HE","1.58237","20.3777","Finland"
"4567","Energiekontor","EKT.DE","1.58266","30.485","Germany"
"4568","Commercial Metals Company","CMC","1.5834","64.87","United States"
"4569","Bank Handlowy w Warszawie","BHW.WA","1.58341","33.3444","Poland"
"4570","ATRenew","RERE","1.5837","4.09","China"
"4571","UMH Properties","UMH","1.58377","16.62","United States"
"4572","Commercial Bancgroup","CBK","1.58384","33.93","United States"
"4573","INWIT","INW.MI","1.58414","7.19865","Italy"
"4574","FW Thorpe Plc","TFW.L","1.58419","3.52606","United Kingdom"
"4575","Japan Real Estate Investment","8952.T","1.58458","745.725","Japan"
"4576","Olaplex","OLPX","1.58463","2.07","United States"
"4577","Deluxe Corporation","DLX","1.5847","24.08","United States"
"4578","Cathay Financial Holding","2882.TW","1.58485","3.23107","Taiwan"
"4579","Sonoco","SON","1.58488","57.49","United States"
"4580","Dollar Industries","DOLLAR.NS","1.58491","2.86804","India"
"4581","Reliance Industries","RELIANCE.NS","1.58499","13.7154","India"
"4582","Gaming Factory","GIF.WA","1.58559","1.2017","Poland"
"4583","Danieli &amp; C. Officine Meccaniche","DAN.MI","1.58687","75.1341","Italy"
"4584","UFP Industries","UFPI","1.58716","89.23","United States"
"4585","Surge Energy","SGY.TO","1.58812","7.98759","Canada"
"4586","Under Armour","UA","1.58837","5.23","United States"
"4587","Vopak","VPK.AS","1.58849","55.3276","Netherlands"
"4588","Gujarat Gas","GUJGASLTD.NS","1.5893","3.41709","India"
"4589","Regal Rexnord","RRX","1.59002","162.72","United States"
"4590","EMEIS","EMEIS.PA","1.59003","16.3092","France"
"4591","Greif","GEF","1.59028","85.99","United States"
"4592","Sopra Steria Group","SOP.PA","1.59034","210.072","France"
"4593","Industries Qatar","IQCD.QA","1.59052","2.63874","Qatar"
"4594","Suburban Propane Partners","SPH","1.5918","17.75","United States"
"4595","Knight-Swift Transportation","KNX","1.59269","69.12","United States"
"4596","S.F. Express","002352.SZ","1.59285","4.89713","China"
"4597","NOBA Bank Group AB","NOBA.ST","1.59286","9.41949","Sweden"
"4598","Piquadro","PQ.MI","1.5929","2.91443","Italy"
"4599","Micware Co., Ltd.","MWC","1.59322","1.48","Japan"
"4600","California Resources Corporation","CRC","1.59346","52.35","United States"
"4601","Tosei Corporation","8923.T","1.59348","11.4621","Japan"
"4602","OVS S.p.A.","OVS.MI","1.59352","7.02961","Italy"
"4603","NICE","NICE","1.59366","100.25","Israel"
"4604","Gofore Oyj","GOFORE.HE","1.5944","13.2665","Finland"
"4605","Castellum","CTM","1.59443","0.608","United States"
"4606","Musashi Seimitsu Industry","7220.T","1.59559","20.1496","Japan"
"4607","Minto Apartment Real Estate Investment Trust","MI-UN.TO","1.59585","12.9807","Canada"
"4608","Confidence Petroleum","CONFIPET.NS","1.59598","0.808171","India"
"4609","Atresmedia Corporación de Medios de Comunicación, S.A.","A3M.MC","1.59624","6.07368","Spain"
"4610","Kennametal","KMT","1.59701","29.3","United States"
"4611","Integrated Holding Company K.S.C.P.","INTEGRATED.KW","1.59713","1271.6","Kuwait"
"4612","SoftBank Group Corp.","9984.T","1.5974","31.9319","Japan"
"4613","Anheuser-Busch Inbev","BUD","1.59769","79.3","Belgium"
"4614","Community Trust Bancorp","CTBI","1.59837","76.65","United States"
"4615","PVR INOX","PVRINOX.NS","1.59863","12.8952","India"
"4616","Hafnia Limited","HAFN","1.59881","8.13","Bermuda"
"4617","Varex Imaging","VREX","1.59923","18.52","United States"
"4618","Shalby","SHALBY.NS","1.59988","1.61749","India"
"4619","Endeavour Group","EDV.AX","1.60007","2.24607","Australia"
"4620","Sacyr","SCYR.MC","1.60017","5.06878","Spain"
"4621","Iluka Resources","ILU.AX","1.60041","5.14306","Australia"
"4622","Kuwait Foundry Company K.S.C.P.","KFOUC.KW","1.60061","1516.14","Kuwait"
"4623","E.ON","EOAN.DE","1.60073","20.4418","Germany"
"4624","El Pollo Loco","LOCO","1.6008","15.9","United States"
"4625","cyan AG","CYR.DE","1.60116","2.37818","Germany"
"4626","Preferred Bank","PFBC","1.60145","104.06","United States"
"4627","German American Bancorp","GABC","1.6019","50.07","United States"
"4628","SkinHealth Systems","SKIN","1.60202","0.68","United States"
"4629","United International Holding Company","4083.SR","1.60229","8.43277","Saudi Arabia"
"4630","Bank Hapoalim","POLI.TA","1.6025","25.5556","Israel"
"4631","Nürnberger Versicherung","NBG6.F","1.60252","145.722","Germany"
"4632","Northern Oil and Gas","NOG","1.60266","26.84","United States"
"4633","PT XLSMART Telecom Sejahtera Tbk","EXCL.JK","1.60333","0.152499","Indonesia"
"4634","Xaar","XAR.L","1.60484","1.54622","United Kingdom"
"4635","Toll Brothers","TOL","1.60496","147.45","United States"
"4636","Kuala Lumpur Kepong","2445.KL","1.60504","5.42373","Malaysia"
"4637","Doosan","000150.KS","1.60508","795.13","South Korea"
"4638","First Bancorp","FBNC","1.60511","65.29","United States"
"4639","National Vision Holdings","EYE","1.60515","18.23","United States"
"4640","Inox Wind","INOXWIND.NS","1.60552","0.767631","India"
"4641","Nicolet Bankshares","NIC","1.60593","172.94","United States"
"4642","ANZ Bank","ANZ.AX","1.60607","26.4878","Australia"
"4643","Independent Bank Corporation","IBCP","1.60705","36.96","United States"
"4644","HD Korea Shipbuilding &amp; Offshore Engineering","009540.KS","1.60717","261.793","South Korea"
"4645","Eversource Energy","ES","1.60837","71.25","United States"
"4646","Digital Bros","DIB.MI","1.60862","14.5022","Italy"
"4647","Korro Bio","KRRO","1.60879","13.07","United States"
"4648","Telkom Indonesia","TLK","1.60949","15.02","Indonesia"
"4649","PBBank (Public Bank Bhd)","1295.KL","1.60962","1.26191","Malaysia"
"4650","Alcon","ALC","1.60966","73.7","Switzerland"
"4651","Victory Supermarket Chain","VCTR.TA","1.60966","14.7861","Israel"
"4652","Plumas Bancorp","PLBC","1.61001","61.4","United States"
"4653","Kuaishou Technology","1024.HK","1.61015","4.24305","China"
"4654","KGI Financial Holding","2883.TW","1.61025","0.994416","Taiwan"
"4655","Shimizu Corporation","1803.T","1.61025","14.9679","Japan"
"4656","Dana Incorporated","DAN","1.61045","30.15","United States"
"4657","Einhell Germany","EIN.DE","1.6105","85.218","Germany"
"4658","Sichuan Chuantou Energy","600674.SS","1.61057","2.31171","China"
"4659","Tiantan Bio","600161.SS","1.6122","1.83271","China"
"4660","Heisco (Heavy Engineering Industries and Shipbuilding Company)","SHIP.KW","1.61323","2037.82","Kuwait"
"4661","Arrow Financial","AROW","1.61357","38.34","United States"
"4662","Fun Yours Technology","6482.TWO","1.61382","0.78424","Taiwan"
"4663","Caledonia Mining","CMCL","1.61416","25","Jersey"
"4664","Chambal Fertilisers","CHAMBLFERT.NS","1.61433","4.47759","India"
"4665","Helmerich &amp; Payne","HP","1.61469","42.49","United States"
"4666","Permata Bank","BNLI.JK","1.61485","0.121435","Indonesia"
"4667","Aker ASA","AKER.OL","1.61568","158.736","Norway"
"4668","Svenska Handelsbanken","SHB-A.ST","1.61588","15.3185","Sweden"
"4669","XANO Industri","XANO-B.ST","1.61687","5.42015","Sweden"
"4670","Fuji Oil Holdings","2607.T","1.61847","29.0193","Japan"
"4671","Canada Packers","CPKR.TO","1.61858","12.1509","Canada"
"4672","OFG Bancorp","OFG","1.61902","52.36","United States"
"4673","BIC","BB.PA","1.61972","78.2234","France"
"4674","Liberty Latin America","LILA","1.62047","8.42","United States"
"4675","YTO Express","600233.SS","1.62051","2.51551","China"
"4676","Bicecorp","BICE.SN","1.62083","0.431763","Chile"
"4677","SSI Securities Corporation","SSI.VN","1.62087","0.811936","Vietnam"
"4678","ESS Tech","GWH","1.62173","0.3891","United States"
"4679","Immuneering","IMRX","1.62278","5.18","United States"
"4680","Optomed","OPTOMED.HE","1.62296","1.98181","Finland"
"4681","Prim, S.A.","PRM.MC","1.62389","15.5631","Spain"
"4682","Smith &amp; Wesson","SWBI","1.62541","13.65","United States"
"4683","The Navigator Company","NVG.LS","1.62571","3.84705","Portugal"
"4684","Scotiabank","BNS","1.62619","86.86","Canada"
"4685","Fate Therapeutics","FATE","1.62688","2.44","United States"
"4686","Mitsubishi Kakoki Kaisha","6331.T","1.6277","20.2438","Japan"
"4687","Rocket Pharmaceuticals","RCKT","1.6279","3.53","United States"
"4688","Apollo Tyres","APOLLOTYRE.NS","1.62829","4.62439","India"
"4689","Evommune","EVMN","1.62898","13.67","United States"
"4690","New Wave Group","NEWA-B.ST","1.62907","9.25109","Sweden"
"4691","Xenia Hotels &amp; Resorts","XHR","1.62925","19.66","United States"
"4692","First Financial Holding","2892.TW","1.6293","1.06029","Taiwan"
"4693","Implenia AG","IMPN.SW","1.6295","83.72","Switzerland"
"4694","Nxera Pharma","4565.T","1.62966","6.95508","Japan"
"4695","StubHub Holdings","STUB","1.62993","6.67","United States"
"4696","Archer Daniels Midland (ADM)","ADM","1.63051","78.16","United States"
"4697","First International Bank of Israel","FIBI.TA","1.6312","77.2636","Israel"
"4698","trivago","TRVG","1.63137","5.58","Germany"
"4699","Equatorial Energia","EQTL3.SA","1.63179","7.05355","Brazil"
"4700","PAVmed","PAVM","1.63195","5.1","United States"
"4701","Lundbeck","HLUN-B.CO","1.63209","6.59205","Denmark"
"4702","TT Electronics","TTG.L","1.63236","1.84415","United Kingdom"
"4703","Arabian Mills for Food Products","2285.SR","1.63271","11.2828","Saudi Arabia"
"4704","Montana Aerospace","AERO.SW","1.63364","30.8508","Switzerland"
"4705","Toshiba Tec Corporation","6588.T","1.63375","19.7102","Japan"
"4706","Arwana Citramulia Tbk","ARNA.JK","1.63411","0.0276758","Indonesia"
"4707","Bank Albilad","1140.SR","1.63469","6.91455","Saudi Arabia"
"4708","Bank of Hawaii","BOH","1.63476","76.85","United States"
"4709","Bastide Le Confort Médical","BLC.PA","1.63568","26.5796","France"
"4710","Werner Enterprises","WERN","1.63573","37.67","United States"
"4711","Corbus Pharmaceuticals","CRBP","1.6365","10.69","United States"
"4712","Central Pacific Financial","CPF","1.63664","37.75","United States"
"4713","Noble Corporation","NE","1.63703","45.98","United Kingdom"
"4714","Innolux","3481.TW","1.63814","1.4681","Taiwan"
"4715","ADLPartner (Dékuple)","DKUPL.PA","1.63816","27.862","France"
"4716","Community Financial System","CBU","1.63828","63.02","United States"
"4717","Compass Diversified Holdings","CODI","1.63835","11.55","United States"
"4718","Unitika Ltd.","3103.T","1.63856","9.68564","Japan"
"4719","BXP, Inc.","BXP","1.63892","69.99","United States"
"4720","Genie Energy","GNE","1.63944","15.28","United States"
"4721","COG Financial Services","COG.AX","1.63965","1.04435","Australia"
"4722","Umm Al Qura for development and construction","4325.SR","1.64157","4.83699","Saudi Arabia"
"4723","NiSource","NI","1.64162","40.83","United States"
"4724","South Plains Financial","SPFI","1.64163","44","United States"
"4725","HD Bank (Ho Chi Minh City Development Joint Stock Commercial Bank)","HDB.VN","1.64303","1.03164","Vietnam"
"4726","Rosenbauer International","ROS.VI","1.64367","70.4127","Austria"
"4727","Santander","SAN","1.64375","14.72","Spain"
"4728","Viohalco","VIO.BR","1.64385","20.1446","Belgium"
"4729","Qatar International Islamic Bank","QIIK.QA","1.64403","2.96703","Qatar"
"4730","Escalade Sports","ESCA","1.64407","21","United States"
"4731","China Southern Airlines","600029.SS","1.64509","0.752719","China"
"4732","Republic Bank","RBCAA","1.64538","94.98","United States"
"4733","Dentsply Sirona","XRAY","1.64592","10.89","United States"
"4734","Dar Al-Thuraya Real Estate","THURAYA.KW","1.64636","723.834","Kuwait"
"4735","NANO Nuclear Energy","NNE","1.64639","18.27","United States"
"4736","CIE Automotive","CIE.MC","1.6466","30.1352","Spain"
"4737","Goldwind Science&amp;Technology","002202.SZ","1.6467","2.74608","China"
"4738","Strive Asset Management, LLC","ASST","1.6476","19.73","United States"
"4739","Sanlam","SLM.JO","1.64899","5.30772","South Africa"
"4740","Almawave","AIW.MI","1.64902","5.07032","Italy"
"4741","PepGen","PEPG","1.64904","3.19","United States"
"4742","Coca-Cola Bottlers Japan","2579.T","1.64931","24.6755","Japan"
"4743","Vallourec","VK.PA","1.64969","20.809","France"
"4744","BRT Apartments","BRT","1.64983","14.85","United States"
"4745","Albemarle","ALB","1.65203","141.51","United States"
"4746","Boss Energy","BOE.AX","1.65212","1.26609","Australia"
"4747","Odfjell Drilling","0QHX.IL","1.65234","9.99889","United Kingdom"
"4748","Locafy","LCFY","1.65268","2.29","Australia"
"4749","Mitsubishi UFJ Financial","MUFG","1.6539","21.96","Japan"
"4750","Seco S.p.A.","IOT.MI","1.65403","4.24341","Italy"
"4751","Standard Lithium","SLI","1.6542","2.43","Canada"
"4752","Hangzhou Electronic Soul Network Technology","603258.SS","1.65475","1.92642","China"
"4753","Prudential","PUK","1.65482","28.5","United Kingdom"
"4754","BT Group","BT-A.L","1.65548","2.79409","United Kingdom"
"4755","Celon Pharma","CLN.WA","1.65549","6.00849","Poland"
"4756","Canadian Tire","CTC.TO","1.65568","155.17","Canada"
"4757","Nitro Games","NITRO.ST","1.65583","0.212596","Finland"
"4758","Visteon","VC","1.65594","101.86","United States"
"4759","MLP SE","MLP.DE","1.65612","10.9466","Germany"
"4760","Walt Disney","DIS","1.65628","110.61","United States"
"4761","ad pepper media International","APM.DE","1.65654","3.07764","Germany"
"4762","Transportadora de Gas del Sur","TGS","1.65665","28.52","Argentina"
"4763","Stanley Black &amp; Decker","SWK","1.65725","98.51","United States"
"4764","Hudco","HUDCO.NS","1.65794","1.94661","India"
"4765","Qatar Gas Transport Company","QGTS.QA","1.65801","1.14231","Qatar"
"4766","Japan Lifeline","7575.T","1.65856","9.82374","Japan"
"4767","Selvita","SLV.WA","1.65869","7.74067","Poland"
"4768","ING","ING","1.65942","35.03","Netherlands"
"4769","Bayer","BAYN.DE","1.66081","56.4934","Germany"
"4770","Scientific and Medical Equipment House Company","4014.SR","1.66125","7.56446","Saudi Arabia"
"4771","AgEagle Aerial Systems","UAVS","1.6628","1.08","United States"
"4772","American Assets Trust","AAT","1.66322","23","United States"
"4773","Bank of Bahrain and Kuwait","BBK.BH","1.66338","1.40053","Bahrain"
"4774","The Shibusawa Warehouse","9304.T","1.66362","12.956","Japan"
"4775","Unity Bancorp","UNTY","1.66416","59.34","United States"
"4776","Hormel Foods","HRL","1.66456","24.09","United States"
"4777","Pinnacle West Capital","PNW","1.66534","97.71","United States"
"4778","AMP Limited","AMP.AX","1.66544","1.71674","Australia"
"4779","HUGO BOSS","BOSS.DE","1.66607","44.5209","Germany"
"4780","Coterra Energy","CTRA","1.66631","32.56","United States"
"4781","Longeveron","LGVN","1.66661","0.8378","United States"
"4782","BPER Banca","BPE.MI","1.66677","16.5563","Italy"
"4783","NETSCOUT","NTCT","1.66685","37.81","United States"
"4784","Hindalco Industries","HINDALCO.NS","1.66718","10.9414","India"
"4785","Hyundai Glovis","086280.KS","1.6672","154.187","South Korea"
"4786","Meridian Energy","MEZ.AX","1.66836","3.35479","New Zealand"
"4787","TXNM Energy","TXNM","1.66858","57.08","United States"
"4788","Frontier Developments","FDEV.L","1.66877","5.75002","United Kingdom"
"4789","Recticel","RECT.BR","1.66922","14.8986","Belgium"
"4790","Chubb","CB","1.6696","345.83","Switzerland"
"4791","Solstad Offshore","SOFF.OL","1.66966","7.36761","Norway"
"4792","Mahanagar Gas","MGL.NS","1.66987","11.5171","India"
"4793","Integral Corporation","5842.T","1.67022","19.5533","Japan"
"4794","The Gunma Bank","8334.T","1.67024","17.2339","Japan"
"4795","Stabilis Solutions","SLNG","1.67056","5.66","United States"
"4796","YouGov plc","YOU.L","1.67155","3.65643","United Kingdom"
"4797","Edel SE &amp; Co. KGaA","EDL.DE","1.67173","5.38587","Germany"
"4798","CryoPort","CYRX","1.67197","16.34","United States"
"4799","Cincinnati Financial","CINF","1.6722","171.21","United States"
"4800","Vietnam National Petroleum Group","PLX.VN","1.6724","1.43283","Vietnam"
"4801","EPAM Systems","EPAM","1.67251","111.26","United States"
"4802","China State Shipbuilding Corporation (CSSC)","600150.SS","1.67354","5.03399","China"
"4803","CoStar Group","CSGP","1.67359","32.84","United States"
"4804","Al-Omran Industrial Trading Company","4141.SR","1.67439","5.42297","Saudi Arabia"
"4805","Radiant Logistics","RLGT","1.67526","8.43","United States"
"4806","Instabank ASA","INSTA.OL","1.67619","0.532702","Norway"
"4807","AltaGas","ALA.TO","1.67698","38.1341","Canada"
"4808","Al Meera Consumer Goods Company","MERS.QA","1.67735","3.56868","Qatar"
"4809","Comstock Inc.","LODE","1.67741","3.53","United States"
"4810","Indian Overseas Bank","IOB.NS","1.67796","0.345941","India"
"4811","Central Garden &amp; Pet","CENT","1.67814","44.3","United States"
"4812","Bucher Industries","BUCN.SW","1.6786","389.988","Switzerland"
"4813","DRI Healthcare Trust","DHT-UN.TO","1.67866","12.9374","Canada"
"4814","eToro","ETOR","1.6787","29.07","Israel"
"4815","MidWestOne Financial Group","MOFG","1.67885","49.31","United States"
"4816","China Resources Beer","0291.HK","1.67934","2.66371","Hong Kong"
"4817","AGCO","AGCO","1.67957","110.13","United States"
"4818","CLP Group","0002.HK","1.67966","10.0527","Hong Kong"
"4819","Caesars Entertainment","CZR","1.67983","29.66","United States"
"4820","Aurizon Holdings","AZJ.AX","1.67993","2.6824","Australia"
"4821","Vince Holding","VNCE","1.68071","6.3","United States"
"4822","SG Holdings","9143.T","1.68079","9.74527","Japan"
"4823","Forever Entertainment","8FE.SG","1.68164","0.659827","Poland"
"4824","Four Corners Property Trust","FCPT","1.68172","25.5","United States"
"4825","Prosegur","PSG.MC","1.68227","3.31079","Spain"
"4826","Mears Group plc","MER.L","1.68245","5.86132","United Kingdom"
"4827","Natco Pharma","NATCOPHARM.NS","1.68246","9.05235","India"
"4828","Krones","KRN.F","1.68277","138.028","Germany"
"4829","Community West Bancshares","CWBC","1.68358","26.01","United States"
"4830","KFIC Invest (K.S.C.P)","KFIC.KW","1.6836","599.935","Kuwait"
"4831","Duke Energy","DUK","1.68385","121.97","United States"
"4832","Gelsenwasser","WWG.F","1.68391","641.175","Germany"
"4833","PHINIA","PHIN","1.68478","71.23","United States"
"4834","Avient","AVNT","1.68494","44.42","United States"
"4835","Apogee Enterprises","APOG","1.6853","41.35","United States"
"4836","Thinkific Labs","THNC.TO","1.68533","1.04625","Canada"
"4837","Huhtamäki","HUH1V.HE","1.68584","37.4913","Finland"
"4838","Calbee, Inc.","2229.T","1.68635","19.3964","Japan"
"4839","Fukuda Denshi","6960.T","1.68653","74.3214","Japan"
"4840","KakaoBank","323410.KS","1.68688","15.5993","South Korea"
"4841","Mastek","MASTEK.NS","1.68712","17.4475","India"
"4842","TAL Education Group","TAL","1.68747","11.48","China"
"4843","Saudi Ceramic Company","2040.SR","1.68751","6.92521","Saudi Arabia"
"4844","Zotefoams","ZTF.L","1.68795","5.99755","United Kingdom"
"4845","Kintetsu Department Store","8244.T","1.68872","12.2969","Japan"
"4846","Shin Nippon Air Technologies","1952.T","1.6892","19.365","Japan"
"4847","Westpac Banking","WBC.AX","1.68957","24.3348","Australia"
"4848","Bank Leumi","LUMI.TA","1.68974","25.099","Israel"
"4849","Vivara","VIVA3.SA","1.68978","4.19369","Brazil"
"4850","SFL Corp","SFL","1.68993","12.26","Bermuda"
"4851","Al Khaleej Training and Education Company","4290.SR","1.69008","3.97667","Saudi Arabia"
"4852","Gentherm","THRM","1.69068","39.45","United States"
"4853","Methanex","MEOH","1.69112","59.07","Canada"
"4854","China Steel","2002A.TW","1.69117","1.17165","Taiwan"
"4855","HUTCHMED","HCM","1.69194","12.18","Hong Kong"
"4856","Kuwait Hotels Company K.S.C.P.","KHOT.KW","1.69209","730.355","Kuwait"
"4857","Great Elm Group","GEG","1.69221","2.15","United States"
"4858","Gränges","GRNG.ST","1.69222","18.5232","Sweden"
"4859","Innoviz Technologies","INVZ","1.69229","0.3387","Israel"
"4860","Healthpeak Properties","DOC","1.69255","21.63","United States"
"4861","Sumou Real Estate Company","4323.SR","1.69287","7.05839","Saudi Arabia"
"4862","Alfen","ALFEN.AS","1.69352","14.0942","Netherlands"
"4863","PotlatchDeltic","PCH","1.69372","41.73","United States"
"4864","Mitsubishi Corporation","8058.T","1.69427","29.9106","Japan"
"4865","Foxconn (Hon Hai Precision Industry)","2317.TW","1.69499","7.62281","Taiwan"
"4866","Raito Kogyo","1926.T","1.69514","23.6649","Japan"
"4867","Opera","OPRA","1.69568","18.86","Norway"
"4868","Corem Property Group AB","CORE-PREF.ST","1.69614","24.7327","Sweden"
"4869","ABC-Mart","2670.T","1.69651","17.6074","Japan"
"4870","Kinden Corporation","1944.T","1.69717","43.0675","Japan"
"4871","Oriental Aromatics","OAL.NS","1.6974","3.648","India"
"4872","Seneca Foods","SENEA","1.69801","189.66","United States"
"4873","Cargojet","CJT.TO","1.6982","61.231","Canada"
"4874","Algoma Steel","ASTL","1.69861","4.01","Canada"
"4875","National Petroleum Services Company","NAPESCO.KW","1.69915","4890.77","Kuwait"
"4876","NetLink Trust","CJLU.SI","1.69918","0.767052","Singapore"
"4877","Tenaga Nasional","TNABY","1.69922","15.13","Malaysia"
"4878","FutureFuel","FF","1.69981","5.5","United States"
"4879","Mizrahi-Tefahot","MZTF.TA","1.70004","76.3969","Israel"
"4880","Bankwell Financial Group","BWFG","1.70014","66.51","United States"
"4881","Geojit Financial Services","GEOJITFSL.NS","1.7002","0.843695","India"
"4882","MCH Group","MCHN.SW","1.70036","7.71269","Switzerland"
"4883","Crombie Real Estate Investment Trust","CRR-UN.TO","1.70051","11.9561","Canada"
"4884","Recursion Pharmaceuticals","RXRX","1.70075","3.25","United States"
"4885","CVB Financial","CVBF","1.70138","22.44","United States"
"4886","DOF Group","DOFG.OL","1.70138","14.209","Norway"
"4887","Essential Utilities","WTRG","1.70188","41.34","United States"
"4888","WHA Corporation","WHA.BK","1.70194","0.147221","Thailand"
"4889","Popular, Inc. (Banco Popular de Puerto Rico)","BPOP","1.70212","168.43","United States"
"4890","Quick Heal","QUICKHEAL.NS","1.70213","1.47111","India"
"4891","Shofu Inc.","7979.T","1.70267","14.6885","Japan"
"4892","GlobalData","DATA.L","1.70277","1.13643","United Kingdom"
"4893","DEUTZ","DEZ.DE","1.70279","13.0217","Germany"
"4894","Synnex Technology International","2347.TW","1.70285","2.71974","Taiwan"
"4895","Banco Comercial Português (Millennium bcp)","BCP.LS","1.70324","1.30217","Portugal"
"4896","Standard Bank Group","SBK.JO","1.70339","19.8847","South Africa"
"4897","SigmaRoc plc","SRC.L","1.70365","1.78189","United Kingdom"
"4898","Reservoir Media","RSVR","1.70376","9.8","United States"
"4899","Al-Deera Holding Company","ALDEERA.KW","1.70415","1630.26","Kuwait"
"4900","Vale","VALE","1.70448","15.04","Brazil"
"4901","ParkOhio Holdings Corp.","PKOH","1.70457","44.82","United States"
"4902","Secom","9735.T","1.70526","40.4248","Japan"
"4903","Alleima AB","ALLEI.ST","1.7056","12.198","Sweden"
"4904","Peab","PEAB-B.ST","1.70564","10.0931","Sweden"
"4905","AS Tallinna Vesi","TVE1T.TL","1.70659","12.7069","Estonia"
"4906","Grupo Empresarial San José","GSJ.MC","1.70662","9.36116","Spain"
"4907","Palatin Technologies","PTN","1.70672","10.16","United States"
"4908","Sweetgreen","SG","1.70674","7.01","United States"
"4909","Nittetsu Mining","1515.T","1.70697","23.2882","Japan"
"4910","Northrim BanCorp","NRIM","1.70706","25.77","United States"
"4911","Velan","VLN.TO","1.70816","13.2188","Canada"
"4912","The Andersons, Inc.","ANDE","1.70967","65.76","United States"
"4913","Intercorp Financial Services","IFS","1.7099","54.98","Peru"
"4914","Old Republic International","ORI","1.71011","41.97","United States"
"4915","Zignago Vetro","ZV.MI","1.71053","8.07881","Italy"
"4916","AeroVironment","AVAV","1.71164","148.2","United States"
"4917","AFYREN","ALAFY.PA","1.71201","3.22336","France"
"4918","Alamo Group","ALG","1.71464","165.24","United States"
"4919","Siyaram Silk Mills","SIYSIL.NS","1.71542","5.95549","India"
"4920","Aeon","8267.T","1.71554","8.75976","Japan"
"4921","Chain Bridge Bancorp","CBNA","1.71555","45.72","United States"
"4922","LanzaTech Global","LNZA","1.71584","6.3","United States"
"4923","Canon Marketing Japan","8060.T","1.71666","22.0579","Japan"
"4924","Bullish","BLSH","1.7172","30.61","Cayman Islands"
"4925","Rocket Companies","RKT","1.71751","14.09","United States"
"4926","Delta Galil Industries","DELG.TA","1.7179","59.131","Israel"
"4927","Sunoco","SUN","1.718","76.11","United States"
"4928","DNB","DNB.OL","1.71826","33.8416","Norway"
"4929","Banca Popolare di Sondrio","BPSO.MI","1.71873","20.5062","Italy"
"4930","Emirates Reem Investments Company","ERC.AE","1.71887","0.52547","United Arab Emirates"
"4931","Paramount Resources","POU.TO","1.71894","23.3422","Canada"
"4932","American Eagle Outfitters","AEO","1.72004","16.87","United States"
"4933","Sega Sammy Holdings","6460.T","1.72036","18.9695","Japan"
"4934","D. R. Horton","DHI","1.72185","148.97","United States"
"4935","Gentera, S.A.B. de C.V.","GENTERA.MX","1.72207","2.33091","Mexico"
"4936","Laramide Resources","LAM.TO","1.72242","0.497871","Canada"
"4937","Uniqa Insurance Group","UN9.F","1.72253","20.6808","Austria"
"4938","GATX","GATX","1.72373","178.51","United States"
"4939","Thermador Groupe","THEP.PA","1.72389","90.3474","France"
"4940","Eleving Group","OT8.F","1.72397","1.87689","Luxembourg"
"4941","Nippon Air conditioning Services","4658.T","1.72413","9.70447","Japan"
"4942","GDI Integrated Facility Services","GDI.TO","1.72541","26.8246","Canada"
"4943","Innospec","IOSP","1.72556","94.73","United States"
"4944","International General Insurance Holdings Ltd.","IGIC","1.7257","26.56","Jordan"
"4945","Avantor","AVTR","1.72578","14.26","United States"
"4946","Arnoldo Mondadori Editore","MN.MI","1.72616","2.47727","Italy"
"4947","EVS Broadcast Equipment","EVS.BR","1.72652","35.1481","Belgium"
"4948","Anglo-Eastern Plantations","AEP.L","1.72685","2.61563","United Kingdom"
"4949","Biogen","BIIB","1.72789","218.12","United States"
"4950","YPF S.A.","YPF","1.72803","51.28","Argentina"
"4951","Porsche","P911.DE","1.72813","50.9792","Germany"
"4952","Mizuho Financial Group","MFG","1.72818","10.23","Japan"
"4953","Chugoku Marine Paints","4617.T","1.72888","22.3467","Japan"
"4954","Computer Engineering &amp; Consulting","9692.T","1.72922","15.5234","Japan"
"4955","SK Telecom","SKM","1.72948","40","South Korea"
"4956","Dialog Group","7277.KL","1.72977","0.489917","Malaysia"
"4957","Signet Jewelers","SIG","1.72995","83.45","Bermuda"
"4958","Etteplan","ETTE.HE","1.73064","9.72255","Finland"
"4959","Électricite de Strasbourg","ELEC.PA","1.73073","197.016","France"
"4960","Aardvark Therapeutics","AARD","1.73094","6.88","United States"
"4961","Peyto Exploration &amp; Development","PEY.TO","1.73148","18.0749","Canada"
"4962","CPH Group AG","CPHN.SW","1.73187","74.3901","Switzerland"
"4963","Laiqon AG","LQAG.DE","1.73232","5.36256","Germany"
"4964","Axis Bank","AXISBANK.BO","1.73387","12.8978","India"
"4965","Duniec Bros.","DUNI.TA","1.73407","73.0304","Israel"
"4966","Venture Corporation","V03.SI","1.73488","13.1854","Singapore"
"4967","GUANGHUI ENERGY","600256.SS","1.73489","0.917841","China"
"4968","Norsk Hydro","NHY.OL","1.73526","9.96453","Norway"
"4969","Grupa Kapitałowa Immobile","GKI.WA","1.73601","1.33973","Poland"
"4970","Empire Energy Group","EEG.AX","1.73726","0.119432","Australia"
"4971","Saudi Company for Hardware (SACO)","4008.SR","1.73728","5.66003","Saudi Arabia"
"4972","Dominion Energy","D","1.73802","66.61","United States"
"4973","Alibaba","BABA","1.73818","118.47","China"
"4974","Alan Allman Associates","AAA.PA","1.7385","1.85358","France"
"4975","Linedata Services","LIN.PA","1.73914","50.2448","France"
"4976","HF Sinclair","DINO","1.73928","95.18","United States"
"4977","Tokio Marine","8766.T","1.73975","46.5011","Japan"
"4978","Daikin","6367.T","1.74013","130.753","Japan"
"4979","Qatar Islamic Insurance Group","QISI.QA","1.74023","2.11593","Qatar"
"4980","Metal and Recycling Company K.S.C.","MRC.KW","1.74041","668.406","Kuwait"
"4981","Birkenstock","BIRK","1.7407","35.3","Germany"
"4982","Santander Polska","SPL.WA","1.74141","164.74","Poland"
"4983","Strabag","XD4.F","1.74141","100.723","Austria"
"4984","MFHC","2886.TW","1.74146","1.47437","Taiwan"
"4985","SaverOne 2014","SVRE","1.74247","2.85","Israel"
"4986","J. Front Retailing","3086.T","1.74274","19.4403","Japan"
"4987","Kooth plc","KOO.L","1.74302","2.01621","United Kingdom"
"4988","Eiken Chemical","4549.T","1.7431","14.6823","Japan"
"4989","Lexeo Therapeutics","LXEO","1.74373","4.92","United States"
"4990","Motor Oil (Hellas) Corinth Refineries","MOH.AT","1.74395","67.9646","Greece"
"4991","Skyworks Solutions","SWKS","1.74413","66.86","United States"
"4992","Gulfport Energy","GPOR","1.7448","175.52","United States"
"4993","The Cigna Group","CI","1.74606","280.45","United States"
"4994","Terreno Realty","TRNO","1.7481","68.91","United States"
"4995","HBT Financial","HBT","1.7482","35.93","United States"
"4996","Nitori Holdings","9843.T","1.74846","19.2897","Japan"
"4997","Befesa","BFSA.DE","1.74902","42.609","Luxembourg"
"4998","Twin Disc","TWIN","1.74906","22.62","United States"
"4999","Permian Resources","PR","1.75144","23.69","United States"
"5000","Asetek","ASTK.CO","1.75187","0.260469","Denmark"
"5001","Massimo Motor","MAMO","1.7519","0.954","United States"
"5002","Banco Santander Brasil","BSBR","1.75202","5.78","Brazil"
"5003","GMO internet group","9449.T","1.75258","25.5354","Japan"
"5004","Skycorp Solar Group","PN","1.75259","2.67","China"
"5005","Fevara","FVA.L","1.75282","1.8797","United Kingdom"
"5006","OC Oerlikon","OERL.SW","1.75449","6.36919","Switzerland"
"5007","Alpha Metallurgical Resources","AMR","1.75464","209.93","United States"
"5008","Veritone","VERI","1.75537","0.8562","United States"
"5009","PPL","PPL","1.75572","35.04","United States"
"5010","DEME Group","DEME.BR","1.756","198.881","Belgium"
"5011","Asmodee Group AB","ASMDEE-B.ST","1.75628","16.2815","Sweden"
"5012","Agios Pharmaceuticals","AGIO","1.75695","32.64","United States"
"5013","Weyco Group","WEYS","1.75698","44.82","United States"
"5014","Orange County Bancorp","OBT","1.75883","38.26","United States"
"5015","OppFi","OPFI","1.75891","7.08","United States"
"5016","China Tourism Group Duty Free","601888.SS","1.75899","7.82619","China"
"5017","Cushman &amp; Wakefield","CWK","1.75972","14.64","United States"
"5018","Teck Resources","TECK","1.75997","70.2","Canada"
"5019","Cytek Biosciences","CTKB","1.76144","4.44","United States"
"5020","Fiskars","FSKRS.HE","1.76165","16.3441","Finland"
"5021","Incap Oyj","ICP1V.HE","1.76189","9.66426","Finland"
"5022","Covestro","1COV.F","1.76218","69.9464","Germany"
"5023","Sumitomo","8053.T","1.76228","11.1043","Japan"
"5024","Vaalco Energy","EGY","1.76283","5.78","United States"
"5025","Pfizer","PFE","1.76342","27.97","United States"
"5026","Riken Keiki","7734.T","1.76468","20.9029","Japan"
"5027","Bakkafrost","BAKKA.OL","1.76569","52.3895","Denmark"
"5028","Indraprastha Gas","IGL.NS","1.76575","1.55355","India"
"5029","SJVN","SJVN.NS","1.76603","0.689061","India"
"5030","Hikma Pharmaceuticals","HIK.L","1.76613","22.2655","United Kingdom"
"5031","Seres Therapeutics","MCRB","1.76643","4.66","United States"
"5032","Intesa Sanpaolo","ISP.MI","1.76681","8.03917","Italy"
"5033","Gates Industrial Corp","GTES","1.76767","26.03","United States"
"5034","The Tourism Enterprise company (SHAMS)","4170.SR","1.76782","3.92606","Saudi Arabia"
"5035","GoTo","GOTO.JK","1.76914","0.00282406","Indonesia"
"5036","ARGO GRAPHICS","7595.T","1.76924","8.34233","Japan"
"5037","Chagee","CHA","1.76941","10.84","China"
"5038","RAIZNEXT Corporation","6379.T","1.77023","19.1453","Japan"
"5039","Wonderla Holidays","WONDERLA.NS","1.7708","5.36621","India"
"5040","Flexsteel Industries","FLXS","1.77276","80.6","United States"
"5041","Craneware","CRW.L","1.77285","17.3972","United Kingdom"
"5042","ZTO Express","ZTO","1.77316","21.28","China"
"5043","Kalyani Steels","KSL.NS","1.7739","9.10145","India"
"5044","Rallybio","RLYB","1.7745","16.8","United States"
"5045","Komatsu","6301.T","1.77454","46.702","Japan"
"5046","Texmaco Rail &amp; Engineering","TEXRAIL.NS","1.77465","1.13353","India"
"5047","Klaveness Combination Carriers","KCC.OL","1.77475","11.234","Norway"
"5048","Verbund AG","OEWA.F","1.77544","68.0811","Austria"
"5049","Ascent Solar Technologies","ASTI","1.77547","3.03","United States"
"5050","Surya Roshni","SURYAROSNI.NS","1.7758","2.29558","India"
"5051","Arbe Robotics","ARBE","1.77627","0.6769","Israel"
"5052","South32","S32.AX","1.77662","3.66953","Australia"
"5053","Capital B","ALCPB.PA","1.7771","0.681977","France"
"5054","Heliad AG","A7A.DE","1.7776","16.6706","Germany"
"5055","Acciona","ANA.MC","1.7776","246.444","Spain"
"5056","UBS","UBS","1.77776","53.71","Switzerland"
"5057","Marubeni","8002.T","1.77843","31.1158","Japan"
"5058","Mayora","MYOR.JK","1.7791","0.0914996","Indonesia"
"5059","DAIHEN Corporation","6622.T","1.77951","81.1635","Japan"
"5060","Safety Insurance","SAFT","1.77976","103.745","United States"
"5061","Eurocash","EUR.WA","1.78005","1.3668","Poland"
"5062","Formosa Petrochemical","6505.TW","1.78039","2.22724","Taiwan"
"5063","Main Street Capital","MAIN","1.78092","58.92","United States"
"5064","China Life Insurance","601628.SS","1.78097","5.59332","China"
"5065","Oula Fuel Marketing Company","OULAFUEL.KW","1.78141","1111.84","Kuwait"
"5066","Kartoon Studios","TOON","1.78143","0.6468","United States"
"5067","Nichirei Corporation","2871.T","1.78148","13.6465","Japan"
"5068","Fox-Wizel","FOX.TA","1.78276","100.863","Israel"
"5069","Sano Bruno's Enterprises","SANO1.TA","1.7839","116.295","Israel"
"5070","EuroTeleSites","ETS.VI","1.78423","5.22266","Austria"
"5071","Textron","TXT","1.78474","82.13","United States"
"5072","Mizuno Corporation","8022.T","1.78546","25.7991","Japan"
"5073","Corsair Gaming","CRSR","1.78601","10.91","United States"
"5074","JD Health","6618.HK","1.78649","4.84009","China"
"5075","Red River Bancshares","RRBI","1.78674","101.31","United States"
"5076","Richmond Mutual Bancorporation","RMBI","1.78737","16.15","United States"
"5077","Campbell's","CPB","1.78776","24.16","United States"
"5078","Curbline Properties","CURB","1.78808","29.78","United States"
"5079","West Bancorporation","WTBA","1.78972","28.43","United States"
"5080","Panoro Energy ASA","PEN.OL","1.78996","2.98034","United Kingdom"
"5081","Serverworks","4434.T","1.79011","15.0652","Japan"
"5082","IIFL Finance","IIFL.NS","1.79029","6.99666","India"
"5083","Expensify","EXFY","1.79045","2.72","United States"
"5084","Golden Entertainment","GDEN","1.79067","28.55","United States"
"5085","Canada Goose","GOOS","1.79075","8.28","Canada"
"5086","DB HiTek","000990.KS","1.79203","66.9469","South Korea"
"5087","Restore plc","RST.L","1.79231","3.99155","United Kingdom"
"5088","CMB.TECH","CMBT","1.79254","18.17","Belgium"
"5089","Dor Alon Energy In Israel","DRAL.TA","1.79271","60.3309","Israel"
"5090","Channel Infrastructure NZ Limited","CHI.NZ","1.79303","1.95366","New Zealand"
"5091","Mavi Giyim Sanayi ve Ticaret","MAVI.IS","1.79357","0.798895","Turkey"
"5092","GXO Logistics","GXO","1.79417","46.98","United States"
"5093","Zuger Kantonalbank","ZUGER.SW","1.7942","12813","Switzerland"
"5094","Axos Financial","AX","1.79428","96.94","United States"
"5095","Cooper Companies","COO","1.79429","75.8","United States"
"5096","Weichai Power","2338.HK","1.79484","4.01852","China"
"5097","Síminn hf.","SIMINN.IC","1.79493","0.102539","Iceland"
"5098","Infratil","IFT.NZ","1.79677","8.82721","New Zealand"
"5099","Maximus","MMS","1.79693","58.24","United States"
"5100","United Carton Industries Company","1323.SR","1.79722","7.3567","Saudi Arabia"
"5101","Solid State Group","SOLI.L","1.79735","2.54969","United Kingdom"
"5102","Answear.com","ANR.WA","1.79737","5.85963","Poland"
"5103","Piaggio","PIA.MI","1.79789","2.40382","Italy"
"5104","Biocon","BIOCON.NS","1.79882","4.33863","India"
"5105","Tabcorp","TAH.AX","1.79921","0.647353","Australia"
"5106","KEC International","KEC.NS","1.80032","4.45617","India"
"5107","Diamondrock Hospitality Company","DRH","1.80039","12.74","United States"
"5108","Artifex Mundi","ART.WA","1.80103","5.68371","Poland"
"5109","Orell Füssli AG","OFN.SW","1.80145","172.292","Switzerland"
"5110","Quilter","QLT.L","1.8018","2.64151","United Kingdom"
"5111","Saudi Research and Media Group","4210.SR","1.80208","16.7004","Saudi Arabia"
"5112","LXP Industrial Trust","LXP","1.80248","61.12","United States"
"5113","Ramaco Resources","METC","1.80299","12.43","United States"
"5114","Hualan Biological Engineering","002007.SZ","1.80322","1.9532","China"
"5115","Galaxy Entertainment","0027.HK","1.80357","4.43186","Hong Kong"
"5116","Safilo Group","SFL.MI","1.80364","2.19049","Italy"
"5117","United Real Estate Company","URC.KW","1.80401","867.297","Kuwait"
"5118","Total Energy Services","TOT.TO","1.80423","22.231","Canada"
"5119","ERock, Inc.","EROC","1.80433","10.26","United States"
"5120","Appirits","4174.T","1.80442","5.36068","Japan"
"5121","Trican Well Service","TCW.TO","1.80444","4.37261","Canada"
"5122","One Liberty Properties","OLP","1.80542","24.53","United States"
"5123","Premium Brands","PBH.TO","1.80566","57.6376","Canada"
"5124","Amalgamated Financial","AMAL","1.80643","48.79","United States"
"5125","Privatization Holding Company - K.P.S.C.","KPPC.KW","1.80709","453.212","Kuwait"
"5126","HSBC","HSBC","1.80822","104.09","United Kingdom"
"5127","SSR Mining","SSRM","1.80891","38.61","Canada"
"5128","Ashland","ASH","1.80891","73.71","United States"
"5129","Tanmiah Food Company","2281.SR","1.809","17.1798","Saudi Arabia"
"5130","Olvi plc","OLVAS.HE","1.80955","37.9459","Finland"
"5131","SSE","SSE.L","1.80974","32.5727","United Kingdom"
"5132","Kontron AG","KTN.F","1.80977","25.7869","Austria"
"5133","Jahez International Company for Information Systems Technology","6017.SR","1.81021","3.32943","Saudi Arabia"
"5134","Telesat","TSAT","1.81022","42.17","Canada"
"5135","technotrans","TTR1.DE","1.81034","32.5251","Germany"
"5136","WhiteHawk Minerals Corp","WHK","1.81054","26.22","United States"
"5137","Informa plc","INF.L","1.81128","12.1872","United Kingdom"
"5138","Bao Viet Holdings","BVH.VN","1.81144","2.43008","Vietnam"
"5139","Azkoyen S.A.","AZK.MC","1.81204","11.7743","Spain"
"5140","MT Højgaard Holding","MTHH.CO","1.81303","43.9678","Denmark"
"5141","Nabtesco Corporation","6268.T","1.81445","28.5924","Japan"
"5142","AS Merko Ehitus","MRK1T.TL","1.8148","31.4176","Estonia"
"5143","Titan Cement International","TITC.BR","1.81507","59.6876","Belgium"
"5144","U-Haul","UHAL","1.81582","71.1","United States"
"5145","Richter Gedeon","RIG2.F","1.81616","42.4808","Hungary"
"5146","Nohmi Bosai Ltd.","6744.T","1.81703","27.0545","Japan"
"5147","Companhia Paranaense de Energia (COPEL)","ELPC","1.81771","11.22","Brazil"
"5148","ALX Oncology","ALXO","1.81815","1.99","United States"
"5149","Mabanee Company","MABANEE.KW","1.81909","3146.4","Kuwait"
"5150","Montrose Environmental","MEG","1.81962","22.14","United States"
"5151","Nederman Holding","NMAN.ST","1.81991","13.8714","Sweden"
"5152","Fintel Plc","FNTL.L","1.81999","2.48416","United Kingdom"
"5153","LONGi Green Energy Technology","601012.SS","1.82051","1.81039","China"
"5154","MITSUI E&amp;S","7003.T","1.82078","26.6026","Japan"
"5155","BitGo","BTGO","1.82142","6.8","United States"
"5156","EyePoint Pharmaceuticals","EYPT","1.82171","4.87","United States"
"5157","Chennai Petroleum","CHENNPETRO.NS","1.82275","14.6662","India"
"5158","Dongfang Electric Corporation","600875.SS","1.82306","3.80822","China"
"5159","audius SE","3ITN.DE","1.82315","11.6577","Germany"
"5160","Freenet","FNTN.F","1.8238","28.4682","Germany"
"5161","Cinda Securities","601059.SS","1.82497","2.43964","China"
"5162","Stella-Jones","SJ.TO","1.82555","50.5087","Canada"
"5163","Transgene SA","TNG.PA","1.82599","0.940779","France"
"5164","Kite Realty","KRG","1.82628","26.26","United States"
"5165","Bank Mega","MEGA.JK","1.82698","0.111833","Indonesia"
"5166","Takeuchi Mfg. Co., Ltd.","6432.T","1.82735","47.3925","Japan"
"5167","Dalmia Bharat","DALBHARAT.NS","1.82999","19.1924","India"
"5168","Global Interactive Technologies","GITS","1.83","1.47","South Korea"
"5169","KBC","KBCSF","1.83057","150.21","Belgium"
"5170","Bawan Company","1302.SR","1.83106","9.48753","Saudi Arabia"
"5171","LCI Industries","LCII","1.83159","104.51","United States"
"5172","Meritz Financial Group","138040.KS","1.83193","87.2404","South Korea"
"5173","Modern Dairies Limited","MODAIRY.BO","1.8327","0.378017","India"
"5174","Ito En, Ltd.","2593.T","1.83292","19.1076","Japan"
"5175","Flutter Entertainment","FLUT","1.83352","102.58","Ireland"
"5176","Danske Bank","DANS.VI","1.83399","58.1371","Denmark"
"5177","What's Cooking Group","WHATS.BR","1.8341","170.203","Belgium"
"5178","Freightos","CRGO","1.83539","1.33","Israel"
"5179","Kewpie Corporation","2809.T","1.83578","29.8039","Japan"
"5180","Unikai Foods","UNIKAI.AE","1.83642","1.36404","United Arab Emirates"
"5181","TIM S.A.","TIMB","1.83649","18.18","Brazil"
"5182","MetroCity Bankshares","MCBS","1.83652","35.51","United States"
"5183","United Natural Foods","UNFI","1.83715","48.54","United States"
"5184","Sumitomo Bakelite Company","4203.T","1.83761","46.3128","Japan"
"5185","Rogers Corporation","ROG","1.83828","122.84","United States"
"5186","Balaji Telefilms","BALAJITELE.NS","1.83834","0.992582","India"
"5187","Evergy","EVRG","1.83867","81.39","United States"
"5188","Resona Holdings","8308.T","1.83869","15.1656","Japan"
"5189","Davide Campari-Milano","CPR.MI","1.83878","6.93868","Italy"
"5190","Nykode Therapeutics","NYKD.OL","1.83945","0.489742","Norway"
"5191","HDFC Bank","HDB","1.84054","23.54","India"
"5192","Ashtead Technology","AT.L","1.84056","4.77488","United Kingdom"
"5193","Gabriel Holding A/S","GABR.CO","1.84087","41.785","Denmark"
"5194","Shinpoong Pharm","019170.KS","1.84123","6.6658","South Korea"
"5195","LTC Properties","LTC","1.84176","40.42","United States"
"5196","Interpump Group","IP.MI","1.84191","44.0429","Italy"
"5197","Litgrid AB","LGD1L.VS","1.84247","1.28818","Lithuania"
"5198","Bank of Maharashtra","MAHABANK.NS","1.84445","0.853098","India"
"5199","Randstad","RAND.AS","1.84568","46.2112","Netherlands"
"5200","Liontrust Asset Management PLC","LIO.L","1.84613","4.29126","United Kingdom"
"5201","Savills","SVS.L","1.84691","14.5767","United Kingdom"
"5202","AXA","CS.PA","1.84773","51.4222","France"
"5203","Marfrig Global Foods","MBRF3.SA","1.84786","3.58405","Brazil"
"5204","Gulf Bank","GBK.KW","1.84798","1183.57","Kuwait"
"5205","S-OIL","010950.KS","1.84809","101.034","South Korea"
"5206","Strata Critical Medical","SRTA","1.84841","5.97","United States"
"5207","Global Medical REIT","GMRE","1.84841","35.98","United States"
"5208","Sembcorp","U96.SI","1.84862","4.75966","Singapore"
"5209","Pure Cycle (water)","PCYO","1.85042","11.64","United States"
"5210","MARA Holdings","MARA","1.851","11.18","United States"
"5211","Jungfraubahn Holding AG","JFN.SW","1.85151","314.106","Switzerland"
"5212","Aalberts","AALB.AS","1.85221","49.9417","Netherlands"
"5213","Challenger Limited","CGF.AX","1.85267","6.90987","Australia"
"5214","Triumph Financial","TFIN","1.85282","73.72","United States"
"5215","Rogers Sugar (Lantic)","RSI.TO","1.85286","4.94985","Canada"
"5216","Kuwait Real Estate Company (AQARAT)","KRE.KW","1.85322","1167.26","Kuwait"
"5217","UniCredit","UCG.MI","1.85327","98.8575","Italy"
"5218","NGK Insulators","5333.T","1.85391","33.9468","Japan"
"5219","Daiwabo Holdings","3107.T","1.85395","23.1062","Japan"
"5220","Hangzhou Greatstar Industrial","002444.SZ","1.85593","4.3854","China"
"5221","Sopharma","3JR.F","1.85613","2.19165","Bulgaria"
"5222","Keppel","BN4.SI","1.85615","9.00008","Singapore"
"5223","EcoPro Materials","450080.KS","1.85779","26.0349","South Korea"
"5224","EssilorLuxottica","EL.PA","1.8599","187.165","France"
"5225","RGC Resources","RGCO","1.85996","22.15","United States"
"5226","Samsung SDS","018260.KS","1.86047","163.937","South Korea"
"5227","Kelt Exploration","KEL.TO","1.8613","7.5763","Canada"
"5228","Panasonic","6752.T","1.86174","27.0608","Japan"
"5229","Manulife Financial","MFC","1.86178","42.82","Canada"
"5230","Weyerhaeuser","WY","1.86235","24.39","United States"
"5231","BigBear.ai","BBAI","1.8624","3.07","United States"
"5232","Tongling Nonferrous Metals Group Co.,Ltd.","000630.SZ","1.86264","0.956518","China"
"5233","Beyout Investment Group","BEYOUT.KW","1.86519","1111.84","Kuwait"
"5234","Faes Farma","FAE.MC","1.86546","5.27512","Spain"
"5235","Veolia","VIE.PA","1.86706","39.8345","France"
"5236","Sally Beauty Holdings","SBH","1.86714","16.71","United States"
"5237","Hengli Petrochemical","600346.SS","1.86799","2.72228","China"
"5238","California Water Service Group","CWT","1.86828","50.85","United States"
"5239","B2 Impact ASA","B2I.OL","1.86852","2.92127","Norway"
"5240","Hexagon Composites","HEX.OL","1.86881","1.48426","Norway"
"5241","MOIL","MOIL.NS","1.86887","2.65855","India"
"5242","Ahold Delhaize","AD.AS","1.86915","36.5353","Netherlands"
"5243","Toyo Suisan","2875.T","1.86915","66.6947","Japan"
"5244","Inwido AB","INWI.ST","1.86952","18.3233","Sweden"
"5245","MatsukiyoCocokara","3088.T","1.86969","16.3206","Japan"
"5246","Prio SA (Petro Rio)","PRIO3.SA","1.86994","11.9637","Brazil"
"5247","Synchronoss Technologies","SNCR","1.87088","9","United States"
"5248","Jay Bharat Maruti","JAYBARMARU.NS","1.87158","1.2867","India"
"5249","Qassim Cement Company","3040.SR","1.87236","12.0019","Saudi Arabia"
"5250","Brouwerij Handelsmaatschappij","COBH.BR","1.87251","2657.96","Belgium"
"5251","1stdibs.com","DIBS","1.87388","4.68","United States"
"5252","Fiera Capital","FSZ.TO","1.87398","3.08825","Canada"
"5253","Kamada","KMDA","1.87505","8.43","Israel"
"5254","AMN Healthcare Services","AMN","1.87509","34.51","United States"
"5255","Sabra Health Care REIT","SBRA","1.87571","20.47","United States"
"5256","Banca Transilvania","TLV.RO","1.87623","8.22331","Romania"
"5257","Torex Gold Resources","TXG.TO","1.87685","51.0571","Canada"
"5258","Elanco","ELAN","1.87704","24.42","United States"
"5259","Elutia","ELUT","1.87758","0.955","United States"
"5260","Nilkamal","NILKAMAL.NS","1.87762","21.0939","India"
"5261","AMH (American Homes 4 Rent)","AMH","1.87769","34.81","United States"
"5262","Zad Holding Company","ZHCD.QA","1.87806","3.35165","Qatar"
"5263","Sumco Corporation","3436.T","1.87807","22.2399","Japan"
"5264","Upwork","UPWK","1.87916","8.57","United States"
"5265","CIE Automotive India","CIEINDIA.NS","1.87946","4.12757","India"
"5266","Black Rifle Coffee Company (BRCC)","BRCC","1.87969","9.33","United States"
"5267","Generali","G.MI","1.88066","50.9326","Italy"
"5268","Huadong Medicine (HD Medicine)","000963.SZ","1.88078","4.05813","China"
"5269","Afcons Infrastructure","AFCONS.NS","1.88165","2.97983","India"
"5270","4D Molecular Therapeutics","FDMT","1.88167","15.39","United States"
"5271","Unipol Assicurazioni","UNI.MI","1.8838","33.073","Italy"
"5272","British American Tobacco","BTI","1.88416","56.71","United Kingdom"
"5273","Bank Pekao (Bank Polska Kasa Opieki)","PEO.WA","1.8843","69.9367","Poland"
"5274","Valaris","VAL","1.88452","85.81","United Kingdom"
"5275","SoftwareONE","SWON.SW","1.88486","10.6671","Switzerland"
"5276","EZCorp","EZPW","1.88594","35.05","United States"
"5277","GoodRx","GDRX","1.88676","3.44","United States"
"5278","Builders FirstSource","BLDR","1.88687","70.22","United States"
"5279","China Shenhua Energy","601088.SS","1.88754","7.01694","China"
"5280","Amrize","AMRZ","1.888","45.18","Switzerland"
"5281","Taishin Financial Holdings","2887.TW","1.88896","1.16538","Taiwan"
"5282","Rumo","RAIL3.SA","1.88915","2.76473","Brazil"
"5283","Reformation Inc.","REF","1.8901","14.48","United States"
"5284","Zillow","Z","1.89011","37.05","United States"
"5285","State Street Corporation","STT","1.89049","190.92","United States"
"5286","Gaumont SA","GAM.PA","1.8906","118.909","France"
"5287","Neurones","NRO.PA","1.89084","43.3085","France"
"5288","Atea Pharmaceuticals","AVIR","1.89093","5.51","United States"
"5289","Aevis Victoria","AEVS.SW","1.8914","15.5498","Switzerland"
"5290","Alcoa","AA","1.89152","49.39","United States"
"5291","Enel","ENEL.MI","1.89222","11.1145","Italy"
"5292","Vista Alegre Atlantis","VAF.LS","1.89247","1.27069","Portugal"
"5293","Parsons","PSN","1.89284","48.81","United States"
"5294","Aegean Airlines","AEGN.AT","1.89297","14.1059","Greece"
"5295","Amdocs","DOX","1.89406","62.1","United States"
"5296","Utah Medical Products","UTMD","1.89432","71.62","United States"
"5297","Prince Pipes And Fittings","PRINCEPIPE.NS","1.89486","3.00021","India"
"5298","WeRide","WRD","1.89605","5.97","China"
"5299","Orkla","ORK.OL","1.89646","10.3372","Norway"
"5300","Mission Produce","AVO","1.89731","13.13","United States"
"5301","Camping World","CWH","1.89761","6.42","United States"
"5302","Munich RE (Münchener Rück)","MUV2.DE","1.89771","605.502","Germany"
"5303","Masterflex","MZX.DE","1.89788","16.554","Germany"
"5304","Hoshizaki Corporation","6465.T","1.89802","35.8614","Japan"
"5305","Getty Realty","GTY","1.8982","33.39","United States"
"5306","Willis Lease Finance Corporation","WLFC","1.89822","55.15","United States"
"5307","AirSculpt Technologies","AIRS","1.89836","2.64","United States"
"5308","Meliá Hotels International","MEL.MC","1.89844","12.0075","Spain"
"5309","Senshu Electric","9824.T","1.89852","44.1911","Japan"
"5310","Lumexa Imaging","LMRI","1.89868","11.85","United States"
"5311","Yanbu National Petrochemical","2290.SR","1.89916","9.2052","Saudi Arabia"
"5312","Morgan Advanced Materials","MGAM.L","1.89936","3.22185","United Kingdom"
"5313","Olema Pharmaceuticals","OLMA","1.89936","10.43","United States"
"5314","Fubon Financial","2881.TW","1.89938","4.4388","Taiwan"
"5315","Amcor","AMCR","1.89942","47.91","Switzerland"
"5316","Teleflex","TFX","1.90003","138.31","United States"
"5317","Sagax","SAGA-B.ST","1.90059","17.9339","Sweden"
"5318","Omer-Decugis & Cie","ALODC.PA","1.90101","9.88575","France"
"5319","PM Capital Global Opportunities Fund","PGF.AX","1.90117","2.32475","Australia"
"5320","FuelCell Energy","FCEL","1.90157","18.75","United States"
"5321","Oeneo","SBT.PA","1.90166","11.0049","France"
"5322","Shoals Technologies","SHLS","1.90218","6.8","United States"
"5323","Atmos Energy","ATO","1.90222","167.82","United States"
"5324","Bushiroad","7803.T","1.90261","2.53597","Japan"
"5325","adesso SE","ADN1.DE","1.90309","68.5474","Germany"
"5326","Alliance Resource Partners","ARLP","1.90429","26.38","United States"
"5327","Cembra Money Bank","CMBN.SW","1.90475","108.662","Switzerland"
"5328","Saudi Cement Company","3030.SR","1.90565","7.69231","Saudi Arabia"
"5329","PulteGroup","PHM","1.90586","129.61","United States"
"5330","DoubleVerify","DV","1.9064","13.3","United States"
"5331","Terveystalo","TTALO.HE","1.90663","9.11634","Finland"
"5332","J&amp;J Snack Foods","JJSF","1.90748","89.86","United States"
"5333","Hayward Holdings, Inc.","HAYW","1.90834","14.5","United States"
"5334","FirstEnergy","FE","1.90965","46.57","United States"
"5335","COSMOS Pharmaceutical","3349.T","1.90984","41.561","Japan"
"5336","Revvity","RVTY","1.91085","123","United States"
"5337","MediciNova","MNOV","1.91103","1.53","United States"
"5338","Equasens","EQS.PA","1.9112","39.17","France"
"5339","Valens Semiconductor","VLN","1.91197","1.77","Israel"
"5340","Atlas Lithium","ATLX","1.91226","3.35","United States"
"5341","Bank7","BSVN","1.91235","52.16","United States"
"5342","SRA Holdings","3817.T","1.91272","30.35","Japan"
"5343","SDI Group","SDI.L","1.91281","1.22635","United Kingdom"
"5344","Nilfisk Holding","NLFSK.CO","1.9133","21.9239","Denmark"
"5345","Vinci","DG.PA","1.91345","139.485","France"
"5346","Ateam","3662.T","1.91376","6.06373","Japan"
"5347","KDDI","9433.T","1.91453","18.2634","Japan"
"5348","Bank of Montreal","BMO","1.91467","172.35","Canada"
"5349","TripAdvisor","TRIP","1.9148","10.19","United States"
"5350","Kirloskar Ferrous Industries","KIRLFER.NS","1.91496","4.61289","India"
"5351","Skanska","SKA-B.ST","1.91544","28.7952","Sweden"
"5352","BCI Minerals Limited","BCI.AX","1.91576","0.329041","Australia"
"5353","Ecovyst","ECVT","1.91651","10.07","United States"
"5354","Skyward Specialty Insurance Group","SKWD","1.91713","57.92","United States"
"5355","Indian Railway Finance","IRFC.NS","1.91732","0.89207","India"
"5356","Ponsse","PON1V.HE","1.91866","27.1625","Finland"
"5357","OGE Energy","OGE","1.92034","45.96","United States"
"5358","Saudi Ground Services Company","4031.SR","1.92146","7.20222","Saudi Arabia"
"5359","SeaStar Medical","ICU","1.92178","3.19","United States"
"5360","Molecular Partners","MOLN","1.92322","4.4","Switzerland"
"5361","Ashmore Group","ASHM.L","1.92383","3.1535","United Kingdom"
"5362","National Cleaning Company","CLEANING.KW","1.92403","916.205","Kuwait"
"5363","Shimano","7309.T","1.92661","126.014","Japan"
"5364","Hamburger Hafen","HHFA.F","1.92691","25.1807","Germany"
"5365","Beijing Yanjing Brewery","000729.SZ","1.92733","1.69734","China"
"5366","Sailun Group","601058.SS","1.92748","2.05436","China"
"5367","Dorian LPG","LPG","1.92766","51.32","United States"
"5368","NerdWallet","NRDS","1.92796","10.14","United States"
"5369","Clean Energy Technologies","CETY","1.92797","0.9899","United States"
"5370","Federal-Mogul Goetze","FMGOETZE.NS","1.92842","5.61227","India"
"5371","Becamex (Investment and Industrial Development Corporation)","BCM.VN","1.92885","1.58757","Vietnam"
"5372","Kaufman &amp; Broad","KOF.PA","1.92915","29.086","France"
"5373","Sabesp","SBS","1.92933","4.63","Brazil"
"5374","REX American Resources","REX","1.9296","42.4","United States"
"5375","Hong Kong and China Gas","0003.HK","1.93028","0.952326","Hong Kong"
"5376","San’an Optoelectronics","600703.SS","1.93105","1.96659","China"
"5377","Lang &amp; Schwarz","LUS1.DE","1.93141","22.4411","Germany"
"5378","Nippon Sanso","4091.T","1.93209","35.4847","Japan"
"5379","OrthoPediatrics","KIDS","1.93253","25.07","United States"
"5380","AB Pieno Zvaigzdes","PZV1L.VS","1.93264","2.05759","Lithuania"
"5381","Boralex","BLX.TO","1.93289","26.8706","Canada"
"5382","Petronet LNG","PETRONET.NS","1.93291","3.06656","India"
"5383","Principal Financial Group","PFG","1.93307","111.89","United States"
"5384","Nordea Bank","NDA-FI.HE","1.93334","20.3136","Finland"
"5385","Parque Arauco","PARAUCO.SN","1.93359","4.2893","Chile"
"5386","Jaguar Mining","JAG.TO","1.93418","5.67141","Canada"
"5387","The Property Franchise Group","TPFG.L","1.93422","6.27546","United Kingdom"
"5388","the Marygold Companies","MGLD","1.93429","1.02","United States"
"5389","London Stock Exchange","LSEG.L","1.9351","119.165","United Kingdom"
"5390","KGHM Polska Miedź","KGH.WA","1.93537","97.3268","Poland"
"5391","Silgan Holdings","SLGN","1.93548","42.5","United States"
"5392","Mirion Technologies","MIR","1.93586","14.68","United States"
"5393","Belships ASA","BELCO.OL","1.93617","2.00572","Norway"
"5394","Nitto Denko","6988.T","1.93749","21.223","Japan"
"5395","Skandinaviska Enskilda Banken","SEB-A.ST","1.93781","23.154","Sweden"
"5396","Penta-Ocean Construction","1893.T","1.93811","8.99829","Japan"
"5397","The Bidvest Group","BVT.JO","1.93825","14.6869","South Africa"
"5398","Innovex International","INVX","1.93835","28.62","United States"
"5399","Trulieve Cannabis","TRUL.CN","1.93848","11.5854","United States"
"5400","Osaka Soda","4046.T","1.93861","12.8807","Japan"
"5401","Unicharm","8113.T","1.93928","6.27715","Japan"
"5402","Elevance Health","ELV","1.93945","402.63","United States"
"5403","Amorepacific","090430.KS","1.9408","103.49","South Korea"
"5404","Exmar","EXM.BR","1.94136","13.4064","Belgium"
"5405","Johnson Service Group PLC","JSG.L","1.94269","1.99714","United Kingdom"
"5406","PZ Cussons plc","PZC.L","1.94299","1.42664","United Kingdom"
"5407","Vestis","VSTS","1.94308","12.75","United States"
"5408","Hyosung ITX","094280.KS","1.94339","8.67348","South Korea"
"5409","Commerce Bancshares","CBSH","1.94375","58.63","United States"
"5410","Columbia Sportswear","COLM","1.94421","60.08","United States"
"5411","Civmec Limited","CVL.AX","1.9445","1.36624","Australia"
"5412","Türkiye Petrol Rafinerileri","TUPRS.IS","1.94518","7.9588","Turkey"
"5413","Embassy Office Parks REIT","EMBASSY.BO","1.94605","4.5477","India"
"5414","Kadokawa","9468.T","1.94691","23.1187","Japan"
"5415","Aspen Aerogels","ASPN","1.94745","5.01","United States"
"5416","Mercury NZ","MCY.AX","1.94853","4.08441","New Zealand"
"5417","Zentalis Pharmaceuticals","ZNTL","1.94858","3.76","United States"
"5418","Sany Heavy Industry","600031.SS","1.94862","2.81898","China"
"5419","Adastria","2685.T","1.9492","22.1583","Japan"
"5420","W. P. Carey","WPC","1.95037","71.58","United States"
"5421","Ramsay Health Care","RHC.AX","1.95047","31.731","Australia"
"5422","8x8","EGHT","1.95065","1.98","United States"
"5423","Tigo Energy","TYGO","1.95139","1.05","United States"
"5424","Geely","0175.HK","1.95158","2.42132","China"
"5425","Takuma Co., Ltd.","6013.T","1.95171","19.2708","Japan"
"5426","Northeast Bank","NBN","1.95217","129.53","United States"
"5427","Lux Industries","LUXIND.NS","1.95229","12.8022","India"
"5428","Cognizant Technology Solutions","CTSH","1.95252","62.2","United States"
"5429","Amano Corporation","6436.T","1.95277","24.7508","Japan"
"5430","Baldwin Insurance Group","BWIN","1.95342","31.3","United States"
"5431","Fortescue","FMG.AX","1.95453","12.6681","Australia"
"5432","Hippo Holdings","HIPO","1.95553","33.25","United States"
"5433","Itaú Unibanco","ITUB","1.95623","7.52","Brazil"
"5434","Heineken","HEIA.AS","1.95696","84.845","Netherlands"
"5435","China Eastern Airlines","600115.SS","1.95701","0.525118","China"
"5436","AG Barr","BAG.L","1.95703","8.29644","United Kingdom"
"5437","HCI Group","HCI","1.95724","185.31","United States"
"5438","Wipro","WIT","1.95819","1.88","India"
"5439","Bilfinger","GBF.F","1.95906","86.1506","Germany"
"5440","Colliers International","CIGI","1.96037","107.86","Canada"
"5441","Fortuna Mining","FSM","1.96047","12.19","Canada"
"5442","Isetan Mitsukoshi Holdings","3099.T","1.96059","22.0391","Japan"
"5443","CPFL Energia","CPFE3.SA","1.96095","8.31942","Brazil"
"5444","Want Want China","0151.HK","1.96105","0.419075","Hong Kong"
"5445","Porto Seguro","PSSA3.SA","1.96222","9.2397","Brazil"
"5446","East West Bancorp","EWBC","1.96259","128.91","United States"
"5447","Accsys Technologies","AXS.L","1.96321","0.968435","United Kingdom"
"5448","Nusantara Pelabuhan Handal","PORT.JK","1.96358","0.0516803","Indonesia"
"5449","Unibel S.A.","UNBL.PA","1.96376","1370.66","France"
"5450","KOBAYASHI Pharmaceutical","4967.T","1.96472","35.6542","Japan"
"5451","Religare","RELIGARE.NS","1.96497","2.38324","India"
"5452","Pony AI","PONY","1.96588","7.555","China"
"5453","Rexel","RXL.PA","1.96652","42.644","France"
"5454","Boliden","BOL.ST","1.9671","59.8006","Sweden"
"5455","IVF Hartmann","VBSN.SW","1.96937","160.474","Switzerland"
"5456","Sunny Optical","2382.HK","1.96964","7.79466","China"
"5457","Mallplaza","MALLPLAZA.SN","1.9697","4.45105","Chile"
"5458","GemLife Communities Group","GLF.AX","1.97139","3.53362","Australia"
"5459","Sims Limited","SGM.AX","1.97143","17.3605","Australia"
"5460","Wave Life Sciences","WVE","1.97152","5.12","Singapore"
"5461","Lindsay Australia","LAU.AX","1.97264","0.550787","Australia"
"5462","Scott Technology","SCT.NZ","1.97273","1.63798","New Zealand"
"5463","Banco de Crédito e Inversiones","BCI.SN","1.97322","73.8224","Chile"
"5464","Chesapeake Utilities","CPK","1.97397","135.25","United States"
"5465","Jiangsu Yuyue Medical Equipment &amp; Supply Co., Ltd.","002223.SZ","1.97422","3.93169","China"
"5466","Marriott Vacations Worldwide","VAC","1.97445","114.35","United States"
"5467","en Japan","4849.T","1.97486","10.4891","Japan"
"5468","Enagás","ENG.MC","1.97586","19.6549","Spain"
"5469","HSC (Ho Chi Minh City Securities Corporation)","HCM.VN","1.97599","1.00298","Vietnam"
"5470","National Australia Bank","NAB.AX","1.97605","27.3605","Australia"
"5471","Heritage Insurance","HRTG","1.97636","34.59","United States"
"5472","Saudi Steel Pipes","1320.SR","1.97656","13.1313","Saudi Arabia"
"5473","Indosat","ISAT.JK","1.97712","0.148546","Indonesia"
"5474","McEwen Mining","MUX","1.97734","21.01","Canada"
"5475","Yuntianhua","600096.SS","1.97762","4.43003","China"
"5476","Aflac","AFL","1.97786","118.2","United States"
"5477","Seika Corporation","8061.T","1.97788","19.1767","Japan"
"5478","SUNeVision","1686.HK","1.97848","0.628931","Hong Kong"
"5479","Mediobanca","MB.MI","1.97851","33.0263","Italy"
"5480","Yunnan Energy New Material","002812.SZ","1.97877","8.00173","China"
"5481","Brenntag","BNR.DE","1.97894","71.5785","Germany"
"5482","Brown &amp; Brown","BRO","1.97959","74.62","United States"
"5483","TOTO","5332.T","1.97974","40.5316","Japan"
"5484","Springer Nature AG","SPG.DE","1.98005","23.7235","Germany"
"5485","DHI Group","DHX","1.98068","4.22","United States"
"5486","AltPlus","3672.T","1.98109","0.182037","Japan"
"5487","Invitation Homes","INVH","1.98217","30.46","United States"
"5488","Richelieu Hardware","RCH.TO","1.98223","25.5285","Canada"
"5489","Excelerate Energy","EE","1.98275","39.43","United States"
"5490","AB Vilkyskiu pienine","VLP1L.VS","1.98298","18.0695","Lithuania"
"5491","geechs","7060.T","1.98309","3.76001","Japan"
"5492","Apollo Global Management","APO","1.98361","132.79","United States"
"5493","Jubilant Pharmova","JUBLPHARMA.NS","1.98525","9.35534","India"
"5494","Kering","KER.PA","1.98546","292.667","France"
"5495","Perma-Pipe International","PPIH","1.98556","26.57","United States"
"5496","ALSO Holding","ALSN.SW","1.98604","231.132","Switzerland"
"5497","Mister Car Wash","MCW","1.98704","7.1","United States"
"5498","BancFirst","BANF","1.9872","112.53","United States"
"5499","Kitex Garments","KITEX.NS","1.9872","1.32431","India"
"5500","Knowledge Economic City Company","4310.SR","1.98828","4.77573","Saudi Arabia"
"5501","GFH Financial Group","GFH.AE","1.98889","0.53","Bahrain"
"5502","Darling Ingredients","DAR","1.98902","62.32","United States"
"5503","STAG Industrial","STAG","1.98993","37.05","United States"
"5504","DWS Group","DWS.F","1.99006","87.433","Germany"
"5505","Azrieli Group","AZRG.TA","1.99024","132.461","Israel"
"5506","Avio S.p.A.","AVIO.MI","1.99026","35.8825","Italy"
"5507","Hesai Group","HSAI","1.99059","16.4","China"
"5508","Gamuda Berhad","5398.KL","1.99132","1.07881","Malaysia"
"5509","Verizon","VZ","1.99157","50.15","United States"
"5510","Ategrity Specialty Insurance Company","ASIC","1.99265","26.33","United States"
"5511","The Hartford","HIG","1.993","138.98","United States"
"5512","Taiwan High Speed Rail","2633.TW","1.99358","0.82502","Taiwan"
"5513","Combined Group Contracting Company","CGC.KW","1.99443","2804.04","Kuwait"
"5514","ASP Isotopes","ASPI","1.99445","3.89","United States"
"5515","HNI Corporation","HNI","1.99501","49.02","United States"
"5516","Oryzon Genomics","ORY.MC","1.99502","3.32245","Spain"
"5517","McCormick & Company","MKC","1.9951","56.2","United States"
"5518","TietoEVRY","TIETO.HE","1.99524","22.3595","Finland"
"5519","Edelweiss Financial Services","EDELWEISS.NS","1.99553","1.33852","India"
"5520","Dolphin Entertainment","DLPN","1.99615","1.12","United States"
"5521","Coal India","COALINDIA.NS","1.99654","4.20176","India"
"5522","PLDT","PHI","1.99756","19.41","Philippines"
"5523","Swiss Re","SREN.SW","1.99765","174.033","Switzerland"
"5524","GVS S.p.A.","GVS.MI","1.99784","5.46165","Italy"
"5525","Lakeland Financial Corp","LKFN","1.9986","60.22","United States"
"5526","Aéroports de Paris","ADP.PA","1.99966","129.401","France"
"5527","Aker Solutions ASA","AKSO.OL","1.99985","4.60959","Norway"
"5528","Aviva","AV.L","2.00001","9.97207","United Kingdom"
"5529","HASI (HA Sustainable Infrastructure Capita)","HASI","2.00083","39.47","United States"
"5530","Chandra Asri Petrochemical","TPIA.JK","2.00093","0.112398","Indonesia"
"5531","Regency Centers","REG","2.00112","76.69","United States"
"5532","Marui Group","8252.T","2.00142","18.9695","Japan"
"5533","Friedman Industries","FRD","2.00205","42.05","United States"
"5534","PUMA","PUM.DE","2.00221","29.7156","Germany"
"5535","KBC Ancora","KBCA.BR","2.00232","110.049","Belgium"
"5536","Al Hammadi Holding Company","4007.SR","2.00298","6.80268","Saudi Arabia"
"5537","EPR Properties","EPR","2.00306","60.56","United States"
"5538","AMERISAFE","AMSF","2.00351","26.415","United States"
"5539","Van Lanschot Kempen","VLK.AS","2.00474","77.2325","Netherlands"
"5540","Gentex","GNTX","2.00491","23.59","United States"
"5541","Palms Agro Production Company","PAPCO.KW","2.00503","834.692","Kuwait"
"5542","Gap Inc.","GAP","2.00525","20.36","United States"
"5543","Assertio Holdings","ASRT","2.0079","23.5","United States"
"5544","CNO Financial Group","CNO","2.00863","54.24","United States"
"5545","Ultrapar Participacoes","UGP","2.00896","6.72","Brazil"
"5546","Core Laboratories","CLB","2.00953","12.05","Netherlands"
"5547","PROG Holdings","PRG","2.0097","39.07","United States"
"5548","Munshaat Real Estate Projects Company","MUNSHAAT.KW","2.00971","749.919","Kuwait"
"5549","Mattel","MAT","2.01006","14.82","United States"
"5550","Phreesia","PHR","2.01103","11.69","United States"
"5551","City Union Bank","CUB.NS","2.01109","2.31094","India"
"5552","Otsuka Holdings","4578.T","2.01195","75.8907","Japan"
"5553","Hiscox","HSX.L","2.01233","25.0528","Bermuda"
"5554","Haleon","HLN","2.01267","10.16","United Kingdom"
"5555","Hansen Technologies","HSN.AX","2.0136","2.46066","Australia"
"5556","American Electric Power","AEP","2.01363","121.98","United States"
"5557","Digital China Group Co., Ltd.","000034.SZ","2.01412","3.45715","China"
"5558","XP Inc.","XP","2.01443","17.07","Brazil"
"5559","Rockwool","ROCK-B.CO","2.01478","32.3054","Denmark"
"5560","Aavas Financiers","AAVAS.NS","2.01541","13.7154","India"
"5561","Turtle Beach Corp","TBCH","2.0158","12.59","United States"
"5562","Gentrack Group","GTK.NZ","2.01613","2.53738","New Zealand"
"5563","Securitas AB","SECU-B.ST","2.01637","15.5553","Sweden"
"5564","Washington H. Soul Pattinson and Company (Soul Patts)","SOL.AX","2.01691","32.1173","Australia"
"5565","Nova Minerals","NVA","2.01711","5.49","Australia"
"5566","T. Rowe Price","TROW","2.01723","112.3","United States"
"5567","Veganz Group","VEZ.DE","2.01731","1.58545","Germany"
"5568","PDD Holdings (Pinduoduo)","PDD","2.0179","87.07","China"
"5569","QBE Insurance","QBE.AX","2.01872","15.7725","Australia"
"5570","Gloo Holdings","GLOO","2.01989","3.33","United States"
"5571","Addus HomeCare","ADUS","2.02039","120.82","United States"
"5572","Forbo Holding","FORN.SW","2.02109","1171.83","Switzerland"
"5573","Hexatronic Group AB","HTRO.ST","2.0218","4.19404","Sweden"
"5574","Buligo Capital","BLGO.TA","2.02183","2.4999","Israel"
"5575","Schneider National","SNDR","2.02208","34.84","United States"
"5576","ARYZTA AG","ARYN.SW","2.02234","51.3765","Switzerland"
"5577","Quaker Houghton","KWR","2.02328","162.16","United States"
"5578","SPIMACO (Saudi Pharmaceutical Industries and Medical Appliances Corporation)","2070.SR","2.02352","8.29427","Saudi Arabia"
"5579","Acme United","ACU","2.02354","61.61","United States"
"5580","NNN REIT","NNN","2.02356","46.34","United States"
"5581","Trisura Group","TSU.TO","2.0237","29.2157","Canada"
"5582","Aker BP","AKRBP.OL","2.02438","37.0528","Norway"
"5583","SenseTime","0020.HK","2.02449","0.192634","China"
"5584","Klarna","KLAR","2.02551","14.11","Sweden"
"5585","Otter Tail","OTTR","2.02579","92.05","United States"
"5586","M.P. Evans Group PLC","MPE.L","2.02582","23.6496","United Kingdom"
"5587","Pilgrim's Pride","PPC","2.02582","31.79","United States"
"5588","Bank of N. T. Butterfield & Son","NTB","2.02641","58.54","Bermuda"
"5589","Pathward Financial","CASH","2.0266","82.99","United States"
"5590","SIA Engineering Company","S59.SI","2.02715","2.4939","Singapore"
"5591","Wirtualna Polska (WP Holding)","WPL.WA","2.02757","17.1594","Poland"
"5592","BioMarin Pharmaceutical","BMRN","2.02763","65.07","United States"
"5593","Ackerstein Group","ACKR.TA","2.02828","2.73789","Israel"
"5594","Santen Pharmaceutical","4536.T","2.02828","11.7697","Japan"
"5595","Federal Bank","FEDERALBNK.NS","2.02861","3.63703","India"
"5596","Xcel Energy","XEL","2.02903","77.33","United States"
"5597","Bell Financial Group","BFG.AX","2.02962","1.08011","Australia"
"5598","National Healthcare Properties","NHP","2.02995","16.61","United States"
"5599","Gasco (National Gas and Industrialization Company)","2080.SR","2.03089","15.9013","Saudi Arabia"
"5600","EFG International","EFGN.SW","2.03128","20.4759","Switzerland"
"5601","SLM Corporation (Sallie Mae)","SLM","2.03145","26.34","United States"
"5602","Kendrion","KENDR.AS","2.03186","22.5227","Netherlands"
"5603","Nordic Paper","NPAPER.ST","2.03247","5.00414","Sweden"
"5604","Amara Raja Energy &amp; Mobility","ARE&M.NS","2.0326","9.627","India"
"5605","Virgin Galactic","SPCE","2.03276","3","United States"
"5606","Whitecap Resources","WCP.TO","2.03367","13.0096","Canada"
"5607","Merck KGaA","MRK.DE","2.03398","161.926","Germany"
"5608","APA Corporation","APA","2.03448","42.96","United States"
"5609","B2Gold","BTG","2.0349","5.72","Canada"
"5610","Tecan","TECN.SW","2.03504","240.711","Switzerland"
"5611","Westag AG","WUG3.F","2.03505","38.4705","Germany"
"5612","Philips","PHG","2.03541","27.52","Netherlands"
"5613","Cyberoo","CYB.MI","2.03552","1.46887","Italy"
"5614","Migdal Insurance and Financial Holdings","MGDL.TA","2.0359","6.23308","Israel"
"5615","Allegiant Travel Company","ALGT","2.03598","81.63","United States"
"5616","Nokian Tyres","TYRES.HE","2.03662","19.3518","Finland"
"5617","Zhifei Biological Products","300122.SZ","2.03745","1.93981","China"
"5618","Beiersdorf","BEI.DE","2.03773","94.2877","Germany"
"5619","Kitwave Group","KITW.L","2.03817","3.99424","United Kingdom"
"5620","Coway","021240.KS","2.03834","71.28","South Korea"
"5621","LSI Industries","LYTS","2.03847","19.59","United States"
"5622","Stifel","SF","2.03876","80.8","United States"
"5623","News Corp","NWS","2.039","35.05","United States"
"5624","Serica Energy","SQZ.L","2.04129","3.44118","United Kingdom"
"5625","Icahn Enterprises","IEP","2.04157","6.74","United States"
"5626","Animalcare Group","ANCR.L","2.04279","4.56372","United Kingdom"
"5627","Central Bancompany","CBC","2.04678","32.46","United States"
"5628","Bed Bath &amp; Beyond","BBBY","2.04689","4.35","United States"
"5629","New Jersey Resources","NJR","2.04773","53.74","United States"
"5630","Yelp","YELP","2.049","23.83","United States"
"5631","Luxfer","LXFR","2.04916","17.12","United Kingdom"
"5632","National Metal Manufacturing and Casting","2220.SR","2.04924","3.39069","Saudi Arabia"
"5633","National Fuel Gas","NFG","2.04927","82.46","United States"
"5634","Itōchū Shōji","8001.T","2.05013","13.295","Japan"
"5635","Krungthai Card","KTC.BK","2.05074","1.13012","Thailand"
"5636","Vontobel","VONN.SW","2.05079","114.073","Switzerland"
"5637","Mowi","MNHVF","2.05152","21.2","Norway"
"5638","Acerinox","ACX.MC","2.05254","20.2961","Spain"
"5639","Vitec Software Group","VIT-B.ST","2.05266","27.3428","Sweden"
"5640","Keyrus","ALKEY.PA","2.05311","9.20961","France"
"5641","CAE Inc.","CAE","2.05457","24.74","Canada"
"5642","Empire Company","EMP-A.TO","2.05598","34.8493","Canada"
"5643","Buenaventura Mining Company","BVN","2.05605","35.2","Peru"
"5644","MARAFIQ (The Power and Water Utility Company for Jubail and Yanbu)","2083.SR","2.05644","11.7462","Saudi Arabia"
"5645","Carriage Services","CSV","2.05684","34.57","United States"
"5646","Investors Title Company","ITIC","2.05916","297.63","United States"
"5647","Uni-President Enterprises","1216.TW","2.05919","2.44369","Taiwan"
"5648","Multiplan Empreendimentos Imobiliários","MULT3.SA","2.05963","5.23046","Brazil"
"5649","Swedbank","SWED-A.ST","2.05992","39.0146","Sweden"
"5650","Coeur Mining","CDE","2.06134","20.88","United States"
"5651","Nucleus Software Exports","NUCLEUS.NS","2.06141","7.75572","India"
"5652","Toyo Construction","1890.T","2.06146","11.3574","Japan"
"5653","Snam","SRG.MI","2.06167","6.80578","Italy"
"5654","Super Hi International","9658.HK","2.06249","1.40329","Singapore"
"5655","Hannover Rück","HNR1.DE","2.06292","294.941","Germany"
"5656","Trump Media &amp; Technology Group","DJT","2.0631","9.3","United States"
"5657","CJ CGV Co., Ltd.","079160.KS","2.06323","3.77705","South Korea"
"5658","Vir Biotechnology","VIR","2.06324","9.91","United States"
"5659","HEXPOL AB","HPOL-B.ST","2.06369","9.58262","Sweden"
"5660","MINISO Group","MNSO","2.06433","11.11","China"
"5661","Trinity Industries","TRN","2.06458","29.69","United States"
"5662","Arendals Fossekompani","AFK.OL","2.06478","19.6541","Norway"
"5663","Schroders","SDR.L","2.06533","7.94973","United Kingdom"
"5664","Perdoceo Education","PRDO","2.06586","33.01","United States"
"5665","DCM Shriram","DCMSHRIRAM.NS","2.06631","10.9947","India"
"5666","Wistron Corporation","3231.TW","2.06707","5.59947","Taiwan"
"5667","Orthex Oyj","ORTHEX.HE","2.06741","5.59571","Finland"
"5668","Al-Baha Investment And Development Company","4130.SR","2.06822","0.585979","Saudi Arabia"
"5669","Definity Financial","DFY.TO","2.06858","53.4166","Canada"
"5670","Copa Holdings","CPA","2.06966","131.5","Panama"
"5671","Corporación América Airports","CAAP","2.07091","23.85","Luxembourg"
"5672","Silicom","SILC","2.07144","41.815","Israel"
"5673","Dentsu","4324.T","2.07159","22.8551","Japan"
"5674","Cleanaway Waste Management","CWY.AX","2.07172","1.85265","Australia"
"5675","Equipment Holding Company K.S.C.P.","EQUIPMENT.KW","2.072","701.011","Kuwait"
"5676","LyondellBasell","LYB","2.07202","65.2","United States"
"5677","Sonoma Pharmaceuticals","SNOA","2.07318","1.34","United States"
"5678","AUB Group","AUB.AX","2.07352","21.6524","Australia"
"5679","Aptech","APTECHT.NS","2.07368","0.950789","India"
"5680","Centrica","CNA.L","2.0738","2.10544","United Kingdom"
"5681","Saudi Reinsurance Company","8200.SR","2.0742","7.27147","Saudi Arabia"
"5682","Universal Insurance Holdings","UVE","2.0751","43.6","United States"
"5683","AkzoNobel","AKZA.AS","2.07547","71.0189","Netherlands"
"5684","BRC Group Holdings","RILY","2.07586","7.04","United States"
"5685","Latham Group","SWIM","2.07592","7","United States"
"5686","Banorte","GFNORTEO.MX","2.08092","11.081","Mexico"
"5687","SATS","S58.SI","2.0815","3.20195","Singapore"
"5688","Koei Tecmo","3635.T","2.08205","10.7057","Japan"
"5689","GPA","PCAR3.SA","2.08244","0.555275","Brazil"
"5690","Allstate","ALL","2.08285","260.19","United States"
"5691","Bank First","BFC","2.08339","154.08","United States"
"5692","Marcus Corporation","MCS","2.08592","30.91","United States"
"5693","Totech Corporation","9960.T","2.08611","23.6335","Japan"
"5694","Rohto Pharmaceutical","4527.T","2.08616","18.64","Japan"
"5695","Esentia Energy Systems","ESENTIAII.MX","2.08647","3.15234","Mexico"
"5696","Seek Limited","SEK.AX","2.08669","10.3505","Australia"
"5697","Hikal","HIKAL.NS","2.0869","2.18368","India"
"5698","Jason Furniture (Kuka Home)","603816.SS","2.08706","3.72789","China"
"5699","Rigel Pharmaceuticals","RIGL","2.08711","45.11","United States"
"5700","Pantoro Limited","PNR.AX","2.08858","1.79542","Australia"
"5701","Hansol Chemical","014680.KS","2.08929","148.049","South Korea"
"5702","YTL Power International","6742.KL","2.08943","1.32871","Malaysia"
"5703","Zalando","ZAL.DE","2.09075","27.0926","Germany"
"5704","KE Holdings","BEKE","2.09093","17.71","China"
"5705","enish","3667.T","2.09133","0.188314","Japan"
"5706","NOF Corporation","4403.T","2.09208","17.4034","Japan"
"5707","Hamamatsu","6965.T","2.09343","14.7639","Japan"
"5708","Range Resources","RRC","2.09441","41.25","United States"
"5709","Info Edge","NAUKRI.NS","2.09505","14.01","India"
"5710","Consolidated Water","CWCO","2.09511","29.93","Cayman Islands"
"5711","Indoco Remedies","INDOCO.NS","2.09614","2.3519","India"
"5712","Shimadzu","7701.T","2.0962","25.8556","Japan"
"5713","Essity","ESSITY-B.ST","2.0971","29.7529","Sweden"
"5714","Healwell AI","AIDX.TO","2.0984","0.54838","Canada"
"5715","Games Operators","GOP.WA","2.09841","3.05838","Poland"
"5716","Contango Ore","CTGO","2.09883","20.18","United States"
"5717","Taisei Corporation","1801.T","2.09892","80.3789","Japan"
"5718","Ansell","ANN.AX","2.10035","29.5851","Australia"
"5719","Silver One Resources","SVE.V","2.10039","0.331967","Canada"
"5720","PC Connection","CNXN","2.1005","76.71","United States"
"5721","New Hope Corporation","NHC.AX","2.10071","4.20601","Australia"
"5722","Suncorp","SUN.AX","2.10106","13.8555","Australia"
"5723","Service Properties Trust","SVC","2.10106","8.01","United States"
"5724","GFT Technologies","GFT.DE","2.1021","26.463","Germany"
"5725","BTG Consulting plc","BTG.L","2.10221","1.50535","United Kingdom"
"5726","Celcomdigi","6947.KL","2.10264","0.707658","Malaysia"
"5727","Hanza AB","HANZA.ST","2.10265","14.8186","Sweden"
"5728","CMS Energy","CMS","2.1029","68.42","United States"
"5729","WaterBridge Infrastructure","WBI","2.10312","31.48","United States"
"5730","ODDITY Tech","ODD","2.10323","13.63","Israel"
"5731","Toronto Dominion Bank","TD","2.10324","116.55","Canada"
"5732","Whitestone REIT","WSR","2.10365","18.99","United States"
"5733","Chevron","CVX","2.10371","203.09","United States"
"5734","Pulmonx","LUNG","2.10443","2.28","United States"
"5735","Sheela Foam","SFL.NS","2.10482","6.76053","India"
"5736","ViaSat","VSAT","2.10526","72.275","United States"
"5737","MTN Group","MTN.JO","2.10557","11.6762","South Africa"
"5738","Grupo Carso","GCARSOA1.MX","2.10569","8.23845","Mexico"
"5739","Australian Finance Group","AFG.AX","2.10692","1.14092","Australia"
"5740","Daewoo Engineering &amp; Construction","047040.KS","2.10861","12.725","South Korea"
"5741","Platinum Group Metals","PLG","2.10907","1.62","Canada"
"5742","SKF (Svenska Kullagerfabriken)","SKF-B.ST","2.10956","28.9005","Sweden"
"5743","lastminute.com","LMN.SW","2.10964","14.6168","Netherlands"
"5744","Impala Platinum","IMP.JO","2.10991","14.4284","South Africa"
"5745","Islamic Arab Insurance","SALAMA.AE","2.10994","0.348498","United Arab Emirates"
"5746","Coca-Cola İçecek","CCOLA.IS","2.10994","1.62087","Turkey"
"5747","SIG Combibloc","SIGN.SW","2.1102","17.3287","Switzerland"
"5748","ePlus","PLUS","2.11029","86.26","United States"
"5749","Macnica Holdings","3132.T","2.1106","21.5495","Japan"
"5750","Enerflex","EFXT","2.11217","19.72","Canada"
"5751","SHIFT UP","462870.KS","2.11307","23.1461","South Korea"
"5752","Commercial International Bank","CIN.F","2.1139","2.54138","Egypt"
"5753","Julius Bär","BAER.SW","2.11403","93.8211","Switzerland"
"5754","SMIC","0981.HK","2.11436","8.65577","China"
"5755","Encore Capital Group","ECPG","2.11436","103.16","United States"
"5756","Henry Schein","HSIC","2.11462","89.51","United States"
"5757","Minerva S.A.","BEEF3.SA","2.11587","0.763018","Brazil"
"5758","Kinder Morgan","KMI","2.11674","31","United States"
"5759","PSEG","PEG","2.11764","73.53","United States"
"5760","Mobcast","3664.T","2.11799","0.188314","Japan"
"5761","Sino Biopharmaceutical","1177.HK","2.11803","0.716318","China"
"5762","Diodes Incorporated","DIOD","2.11861","89.75","United States"
"5763","Gaming Realms","GMR.L","2.11895","0.403242","United Kingdom"
"5764","National Bank of Bahrain","NBB.BH","2.11924","2.33422","Bahrain"
"5765","KT&amp;G (Korea Tobacco)","033780.KS","2.11931","126.672","South Korea"
"5766","Tekscend Photomask","429A.T","2.11964","23.4765","Japan"
"5767","Intred","ITD.MI","2.11964","10.865","Italy"
"5768","Latécoère S.A.","LAT.PA","2.12083","0.01737","France"
"5769","Canadian Utilities","CU.TO","2.12321","37.8022","Canada"
"5770","Nyab AB","NYAB.ST","2.12334","0.727247","Sweden"
"5771","360 Security Technology","601360.SS","2.12503","1.2823","China"
"5772","OneSpan","OSPN","2.12611","15.6","United States"
"5773","Aptitude Software Group","APTD.L","2.12717","2.9562","United Kingdom"
"5774","New Oriental","EDU","2.12751","56.38","China"
"5775","ZTE","000063.SZ","2.12824","4.97151","China"
"5776","Sonida Senior Living","SNDA","2.12834","39.38","United States"
"5777","Shift4 Payments","FOUR","2.12926","48","United States"
"5778","Arcturus Therapeutics","ARCT","2.12993","14.34","United States"
"5779","Altimmune","ALT","2.1302","3.11","United States"
"5780","NOS","NOS.LS","2.13083","5.73793","Portugal"
"5781","SNGULAR","SNG.MC","2.13158","2.44812","Spain"
"5782","SAF Tehnika A/S","SAF1R.RG","2.1319","17.8946","Latvia"
"5783","SMC corp","6273.T","2.13284","452.52","Japan"
"5784","Anika Therapeutics","ANIK","2.13286","21.34","United States"
"5785","Time Technoplast","TIMETECHNO.NS","2.13291","1.93073","India"
"5786","Bullfrog AI","BFRG","2.13312","0.5622","United States"
"5787","Warner Bros. Discovery","WBD","2.13471","28.7","United States"
"5788","Bega Cheese","BGA.AX","2.13567","4.50644","Australia"
"5789","Arizona Metals","AMC.TO","2.13585","0.151526","Canada"
"5790","Kuwait Finance House","KFH.KW","2.13631","2533.42","Kuwait"
"5791","bioMérieux","BIM.PA","2.13669","87.6078","France"
"5792","Comet Ridge","COI.AX","2.13676","0.0672389","Australia"
"5793","Public Power Corporation","PPC.AT","2.13795","26.6496","Greece"
"5794","Italgas","IG.MI","2.13816","10.2984","Italy"
"5795","TECOM Group","TECOM.AE","2.13826","0.914809","United Arab Emirates"
"5796","Altshuler Shaham Finance","ALTF.TA","2.13833","2.16658","Israel"
"5797","Elementis","ELM.L","2.13846","2.42218","United Kingdom"
"5798","OT Logistics","OTS.WA","2.13854","4.18429","Poland"
"5799","Sensata Technologies","ST","2.13857","41.96","United States"
"5800","eGain","EGAN","2.14067","7.14","United States"
"5801","Daiseki","9793.T","2.1407","24.1984","Japan"
"5802","Bitfarms","BITF","2.14086","1.98","Canada"
"5803","Capital Power","CPX.TO","2.14132","47.0452","Canada"
"5804","Ataa Educational Company","4292.SR","2.14208","11.9593","Saudi Arabia"
"5805","OneMain Financial","OMF","2.14242","62.89","United States"
"5806","Nanoform Finland","NANOFS.ST","2.14245","1.14718","Finland"
"5807","Kotak Mahindra Bank","KOTAKBANK.NS","2.1427","4.18295","India"
"5808","Kirby Corporation","KEX","2.14372","138.72","United States"
"5809","Ganfeng Lithium","002460.SZ","2.1448","7.89164","China"
"5810","Iberdrola","IBE.MC","2.1455","23.4087","Spain"
"5811","Victrex","VCT.L","2.14613","11.2763","United Kingdom"
"5812","GlobalFoundries","GFS","2.14633","45.95","United States"
"5813","BGF Retail","282330.KS","2.14641","104.934","South Korea"
"5814","Bechtle","BC8.F","2.14647","41.4316","Germany"
"5815","Kyoritsu Maintenance Co., Ltd.","9616.T","2.14845","21.675","Japan"
"5816","iA Financial","IAG.TO","2.14888","141.807","Canada"
"5817","Seres Group","601127.SS","2.14917","7.54652","China"
"5818","Kyndryl","KD","2.14952","12.75","United States"
"5819","Downer EDI Limited","DOW.AX","2.14955","4.80687","Australia"
"5820","Jenoptik","JEN.F","2.14995","45.4885","Germany"
"5821","Forrester Research","FORR","2.15067","11.98","United States"
"5822","Inchcape","INCH.L","2.15089","11.2595","United Kingdom"
"5823","Baytex Energy","BTE","2.15133","4.72","Canada"
"5824","Campine","CAMB.BR","2.15153","232.572","Belgium"
"5825","Al Kout Industrial Projects Company","ALKOUT.KW","2.1522","2712.75","Kuwait"
"5826","Advanced Petrochemical","2330.SR","2.15275","6.63755","Saudi Arabia"
"5827","Urban Edge Properties","UE","2.15284","21.6","United States"
"5828","Kier Group","KIE.L","2.15293","3.50874","United Kingdom"
"5829","Becton Dickinson","BDX","2.15295","190.74","United States"
"5830","Stride (K12 Education)","LRN","2.15327","85.07","United States"
"5831","C4 Therapeutics","CCCC","2.1533","4.1","United States"
"5832","Gruma (Maseca)","GRUMAB.MX","2.15344","14.8677","Mexico"
"5833","Tsingtao","600600.SS","2.1537","7.62239","China"
"5834","CGI","GIB","2.15377","74.82","Canada"
"5835","Sanwa Holdings","5929.T","2.15379","22.8865","Japan"
"5836","JCDecaux","DEC.PA","2.15535","28.1184","France"
"5837","Covenant Logistics","CVLG","2.15547","34.62","United States"
"5838","Barrick Gold","B","2.15554","48.16","Canada"
"5839","Bakkt Holdings","BKKT","2.15749","8.18","United States"
"5840","Marcus &amp; Millichap","MMI","2.15758","32.42","United States"
"5841","Mullen Group","MTL.TO","2.15808","18.479","Canada"
"5842","Groupe Airwell","ALAIR.PA","2.15812","1.50385","France"
"5843","Rico Auto Industries","RICOAUTO.NS","2.15842","1.33737","India"
"5844","National Mineral Development Corporation","NMDC.NS","2.15894","0.892592","India"
"5845","Tata Steel","TATASTEEL.NS","2.15905","1.92665","India"
"5846","Zahrat Al Waha For Trading Company","3007.SR","2.15913","0.769763","Saudi Arabia"
"5847","Matrix Service Company","MTRX","2.15918","10.7","United States"
"5848","CIBC (Canadian Imperial Bank of Commerce)","CM","2.15958","114.93","Canada"
"5849","Cerence","CRNC","2.1596","7.57","United States"
"5850","Park National Corp","PRK","2.15966","203.46","United States"
"5851","Mannai Corporation","MCCS.QA","2.16011","1.42033","Qatar"
"5852","Beazley","BEZ.L","2.1602","17.6487","United Kingdom"
"5853","Energy Recovery","ERII","2.16051","7.8","United States"
"5854","Genenta Science","GNTA","2.1612","1.15","Italy"
"5855","Gamesparcs","6542.TWO","2.16129","1.38967","Taiwan"
"5856","Tofaş Türk Otomobil Fabrikası","TOASO.IS","2.16144","5.66629","Turkey"
"5857","Samsung E&A","028050.KS","2.1615","33.1123","South Korea"
"5858","ICU Medical","ICUI","2.16155","182.55","United States"
"5859","OTP Bank","OTP.BD","2.16169","149.889","Hungary"
"5860","Strathcona Resources","SCR.TO","2.16208","31.3443","Canada"
"5861","Festi hf.","FESTI.IC","2.16211","2.54693","Iceland"
"5862","Asmallworld AG","ASWN.SW","2.16401","0.72151","Switzerland"
"5863","Civeo","CVEO","2.16581","33.68","United States"
"5864","City of London Investment Group Plc","CLIG.L","2.1659","6.64805","United Kingdom"
"5865","Ålandsbanken","ALBAV.HE","2.16738","53.3924","Finland"
"5866","Ameren","AEE","2.16781","107.16","United States"
"5867","Mahindra Lifespaces","MAHLIFE.NS","2.16843","3.9395","India"
"5868","Phillips Edison &amp; Company","PECO","2.16849","39.63","United States"
"5869","Cosmo Pharmaceuticals","C43.F","2.16914","72.5111","Ireland"
"5870","Sturm, Ruger &amp; Co","RGR","2.16916","38.46","United States"
"5871","First Takaful Insurance Company","FTI.KW","2.16958","681.448","Kuwait"
"5872","Warpaint London PLC","W7L.L","2.17035","2.87794","United Kingdom"
"5873","TKH Group","TWEKA.AS","2.17096","57.7757","Netherlands"
"5874","CASIO","6952.T","2.17102","14.6823","Japan"
"5875","Vidrala","VID.MC","2.17152","105.153","Spain"
"5876","Motorsport Gaming","MSGM","2.17191","4.05","United States"
"5877","Wiener Privatbank","WPB.VI","2.17262","16.7871","Austria"
"5878","ASUS","2357.TW","2.17328","29.0169","Taiwan"
"5879","Pursuit Attractions and Hospitality","PRSU","2.17387","48.77","United States"
"5880","Daito Trust Construction","1878.T","2.17448","20.9092","Japan"
"5881","Citizen Watch","7762.T","2.17451","16.9797","Japan"
"5882","Aldeyra Therapeutics","ALDX","2.17512","1.52","United States"
"5883","Australian United Investment Company","AUI.AX","2.17534","8.64092","Australia"
"5884","Tokyo Electron Device Limited","2760.T","2.17594","25.0458","Japan"
"5885","Imagicaaworld Entertainment","IMAGICAA.NS","2.17596","0.520844","India"
"5886","Alm. Brand","ALMB.CO","2.1763","2.68328","Denmark"
"5887","Vaibhav Global","VAIBHAVGBL.NS","2.17638","2.3101","India"
"5888","TD Synnex","SNX","2.17667","243.65","United States"
"5889","Euronet Worldwide","EEFT","2.17856","70.2","United States"
"5890","Jollibee","JBFCF","2.17881","2.58","Philippines"
"5891","Stitch Fix","SFIX","2.17887","3.29","United States"
"5892","SoFi","SOFI","2.17898","18.24","United States"
"5893","Rentokil Initial","RTO","2.18007","23.8","United Kingdom"
"5894","K-Bro Linen","KBL.TO","2.18036","33.076","Canada"
"5895","NH Hotel Group","NHH.MC","2.18052","7.53012","Spain"
"5896","COSCO Shipping Energy","600026.SS","2.18149","2.83236","China"
"5897","Norwegian Air Shuttle","NAS.OL","2.1815","1.40264","Norway"
"5898","Wuliangye Yibin","000858.SZ","2.18205","10.6392","China"
"5899","Tennant Company","TNC","2.18218","68.22","United States"
"5900","Oshkosh Corporation","OSK","2.18243","156.33","United States"
"5901","Geopark","GPRK","2.18294","9.84","Chile"
"5902","MSI (Micro-Star International)","2377.TW","2.18376","4.51722","Taiwan"
"5903","Roper Technologies","ROP","2.18378","415.51","United States"
"5904","Electra Real Estate","ELCRE.TA","2.18415","8.45633","Israel"
"5905","Masan Group","MSN.VN","2.18472","2.65551","Vietnam"
"5906","Affiliated Managers Group","AMG","2.18512","358.94","United States"
"5907","MMG Limited","1208.HK","2.18516","1.17494","Australia"
"5908","Huntington Ingalls Industries","HII","2.18558","294.63","United States"
"5909","Valmet","VALMT.HE","2.18649","33.4577","Finland"
"5910","Globe Life","GL","2.18666","173.13","United States"
"5911","Jumbo S.A.","5JB.F","2.18912","30.1702","Greece"
"5912","Niterra","5334.T","2.18978","54.6175","Japan"
"5913","Arca Continental","AC.MX","2.19038","11.5277","Mexico"
"5914","Fermentalg","ALGAE.PA","2.19069","0.535673","France"
"5915","Idacorp","IDA","2.19131","138.23","United States"
"5916","Jensen-Group","JEN.BR","2.19261","85.1014","Belgium"
"5917","Arcos Dorados Holdings","ARCO","2.19299","8.09","Uruguay"
"5918","Thob Al Aseel Company","4012.SR","2.19315","0.937567","Saudi Arabia"
"5919","Dan Hotels","DANH.TA","2.19389","8.70965","Israel"
"5920","Middleby","MIDD","2.19397","115.22","United States"
"5921","Ivanhoe Mines","IVN.TO","2.19465","8.76687","Canada"
"5922","NZME Limited","NZM.NZ","2.19523","0.661147","New Zealand"
"5923","Great Lakes Dredge &amp; Dock Corp.","GLDD","2.19528","17","United States"
"5924","Fuchs Petrolub","FPE.F","2.19593","40.5106","Germany"
"5925","Getinge","GETI-B.ST","2.19816","25.8378","Sweden"
"5926","Korn Ferry","KFY","2.1989","84.73","United States"
"5927","MetLife","MET","2.19917","96.21","United States"
"5928","IsoEnergy","ISO.TO","2.19959","11.6459","Canada"
"5929","Fortum","FORTUM.HE","2.19982","23.4204","Finland"
"5930","AMS-Osram","AMS.SW","2.1999","21.6702","Austria"
"5931","Zurich Airport","FHZN.SW","2.20052","285.867","Switzerland"
"5932","Sumitomo Pharma","4506.T","2.20165","9.05165","Japan"
"5933","TruBridge","TBRG","2.20259","26.24","United States"
"5934","V2X","VVX","2.20333","77.57","United States"
"5935","Takween Advanced Industries","1201.SR","2.20338","1.29714","Saudi Arabia"
"5936","Jindal Steel &amp; Power","JINDALSTEL.NS","2.20367","11.9758","India"
"5937","ESAB","ESAB","2.20372","79.25","United States"
"5938","Technip Energies","TE.PA","2.2038","34.7167","France"
"5939","FDC India","FDC.NS","2.20384","3.59158","India"
"5940","Grab Holdings","GRAB","2.20407","3.52","Singapore"
"5941","HYBE","352820.KS","2.20564","124.361","South Korea"
"5942","Lahav LR Real Estate","LAHAV.TA","2.20576","3.64985","Israel"
"5943","Hirose Electric","6806.T","2.20591","160.726","Japan"
"5944","Sinopac Financial Holdings","2890.TW","2.20604","1.23283","Taiwan"
"5945","Ascom Holding","ASCN.SW","2.20743","6.69262","Switzerland"
"5946","United Airlines Holdings","UAL","2.20766","113.57","United States"
"5947","Zensar","ZENSARTECH.NS","2.2084","4.93418","India"
"5948","JustSystems Corporation","4686.T","2.20845","25.7363","Japan"
"5949","Südwestdeutsche Salzwerke","SSH.F","2.2086","69.9464","Germany"
"5950","Roche Bobois","RBO.PA","2.20903","24.4812","France"
"5951","Meier Tobler Group","MTG.SW","2.20936","42.171","Switzerland"
"5952","IGM Financial","IGM.TO","2.20936","63.1864","Canada"
"5953","Al-Maidan Clinic for Oral Health Services","MIDAN.KW","2.21","3162.7","Kuwait"
"5954","Bajaj Finserv","BAJAJFINSV.NS","2.21006","20.9153","India"
"5955","CS Disco","LAW","2.21031","4.22","United States"
"5956","Orion Group Holdings","ORN","2.21103","9.1","United States"
"5957","Société Marseillaise du Tunnel Prado-Carénage","ALTPC.PA","2.21151","31.2427","France"
"5958","ADF Group","DRX.TO","2.21161","11.1552","Canada"
"5959","Itoki Corporation","7972.T","2.21169","16.239","Japan"
"5960","Lyft","LYFT","2.21174","17.68","United States"
"5961","3D Systems","DDD","2.21204","3.12","United States"
"5962","Pason Systems","PSI.TO","2.21251","9.76261","Canada"
"5963","Sable Offshore","SOC","2.21495","4.87","United States"
"5964","Takaful Emarat - Insurance","TAKAFUL-EM.AE","2.21571","0.443791","United Arab Emirates"
"5965","JOST Werke SE","JST.DE","2.21583","69.8298","Germany"
"5966","Intact Financial","IFC.TO","2.21646","191.818","Canada"
"5967","CytoMed Therapeutics","GDTC","2.21665","1","Singapore"
"5968","Grupo Bimbo","BIMBOA.MX","2.21668","3.56246","Mexico"
"5969","Vista Energy","VIST","2.21716","70.66","Mexico"
"5970","Hanover Insurance Group","THG","2.21839","227.47","United States"
"5971","TISCO Financial Group","TISCO.BK","2.21972","3.8485","Thailand"
"5972","Jiangsu Eastern Shenghong","000301.SZ","2.22043","1.93684","China"
"5973","MGE Energy","MGEE","2.22101","79.32","United States"
"5974","CEVA","CEVA","2.22114","26.68","United States"
"5975","ORIOR AG","ORON.SW","2.22242","18.2865","Switzerland"
"5976","Vitasoy","0345.HK","2.22242","0.838787","Hong Kong"
"5977","Centerra Gold","CGAU","2.22347","23.48","Canada"
"5978","Croda International","CRDA.L","2.22515","47.3401","United Kingdom"
"5979","Metlen Energy &amp; Metals","MTLN.AT","2.22679","56.913","Greece"
"5980","ARC Resources","ARX.TO","2.2289","24.3957","Canada"
"5981","Gek Terna","GEKTERNA.AT","2.22895","53.7888","Greece"
"5982","Ultimate Games","ULG.WA","2.22903","3.57262","Poland"
"5983","Middlesex Water Company","MSEX","2.23064","59.47","United States"
"5984","Intermediate Capital Group (ICG)","ICG.L","2.23247","27.6003","United Kingdom"
"5985","Equity Residential","EQR","2.23282","63.66","United States"
"5986","Embla Medical","EMBLA.CO","2.23347","4.7242","Iceland"
"5987","Metcash","MTS.AX","2.23348","2.13162","Australia"
"5988","Relmada Therapeutics","RLMD","2.23354","4.58","United States"
"5989","Kaveri Seed","KSCL.NS","2.23382","8.22798","India"
"5990","Nexon","3659.T","2.23408","19.547","Japan"
"5991","Middle East Specialized Cables Company","2370.SR","2.23439","8.3209","Saudi Arabia"
"5992","Melrose Industries","MRO.L","2.23478","6.87419","United Kingdom"
"5993","Iwaki Co.","6237.T","2.23568","26.364","Japan"
"5994","DKSH Holding","DKSH.SW","2.23689","80.3612","Switzerland"
"5995","Shikoku Kasei Holdings Corp","4099.T","2.23725","15.6427","Japan"
"5996","Terna","TRN.MI","2.23827","11.5155","Italy"
"5997","Indonesia Energy","INDO","2.23854","2.86","Indonesia"
"5998","Beacon Lighting Group","BLX.AX","2.23974","1.1731","Australia"
"5999","Origin Energy","ORG.AX","2.23992","8.48355","Australia"
"6000","CytomX Therapeutics","CTMX","2.24067","3.29","United States"
"6001","AIA","1299.HK","2.24099","9.48499","Hong Kong"
"6002","Atlanticus","ATLC","2.24145","95.15","United States"
"6003","Gr. Sarantis S.A.","SAR.AT","2.24221","16.5307","Greece"
"6004","Inspire Medical Systems","INSP","2.24288","61.47","United States"
"6005","AvalonBay Communities","AVB","2.24364","184.06","United States"
"6006","BP Castrol K.K.","5015.T","2.24375","6.29598","Japan"
"6007","Enbridge","ENB","2.24449","50.08","Canada"
"6008","AlphaPolis","9467.T","2.24492","7.6079","Japan"
"6009","Greene County Bancorp","GCBC","2.24531","35.29","United States"
"6010","Corteva","CTVA","2.2455","82.81","United States"
"6011","JYP Entertainment","035900.KQ","2.24573","28.4181","South Korea"
"6012","Archer Aviation","ACHR","2.24779","6.07","United States"
"6013","Inter Cars","CAR.WA","2.24782","261.992","Poland"
"6014","Apex Frozen Foods","APEX.NS","2.24795","4.08212","India"
"6015","Dr. Soliman Abdel Kader Fakeeh","4017.SR","2.24826","9.5781","Saudi Arabia"
"6016","Vishay Intertechnology","VSH","2.24838","30.43","United States"
"6017","Calavo Growers","CVGW","2.24912","26.09","United States"
"6018","Pearson","PSO","2.24935","16.64","United Kingdom"
"6019","FirstRand","FSR.JO","2.24936","5.99389","South Africa"
"6020","Albany International","AIN","2.24938","58.34","United States"
"6021","CenterPoint Energy","CNP","2.24963","39.1","United States"
"6022","Wanhua Chemical","600309.SS","2.24973","10.84","China"
"6023","Abacus Global Management","ABX","2.25042","9.61","United States"
"6024","Nextdoor","NXDR","2.25139","2.37","United States"
"6025","Immatics","IMTX","2.25159","8.69","Germany"
"6026","Monte Rosa Therapeutics","GLUE","2.25169","13.775","United States"
"6027","Kerry Group","KRZ.IR","2.25441","99.2073","Ireland"
"6028","Curatis","CURN.SW","2.2547","24.7552","Switzerland"
"6029","On the Beach Group","OTB.L","2.25472","2.64287","United Kingdom"
"6030","Sjóvá-Almennar tryggingar","SJOVA.IC","2.25487","0.363847","Iceland"
"6031","Cullen/Frost Bankers","CFR","2.255","164.39","United States"
"6032","Block","XYZ","2.25509","81.38","United States"
"6033","CareTrust REIT","CTRE","2.25549","39.65","United States"
"6034","International Seaways","INSW","2.25616","99.95","United States"
"6035","Lesha Bank","QFBQ.QA","2.25681","0.782143","Qatar"
"6036","Integra Resources","ITRG","2.25721","2.86","Canada"
"6037","Nokia","NOK","2.25824","9.96","Finland"
"6038","Accor","AC.PA","2.25895","54.4766","France"
"6039","Viper Energy","VNOM","2.26024","44.71","United States"
"6040","VEON","VEON","2.26026","61.15","Netherlands"
"6041","DelfinGroup AS","DGR1R.RG","2.2606","1.78363","Latvia"
"6042","L.B. Foster","FSTR","2.26077","37.5","United States"
"6043","TOCALO Co.,Ltd.","3433.T","2.26175","17.4254","Japan"
"6044","Almarai","2280.SR","2.26248","12.8969","Saudi Arabia"
"6045","VSE Corporation","VSEC","2.26312","215","United States"
"6046","M1 Kliniken AG","M12.DE","2.26337","21.2404","Germany"
"6047","Gaotu Techedu","GOTU","2.26392","1.69","China"
"6048","CTBC Financial Holding","2891.TW","2.26449","2.02334","Taiwan"
"6049","Mobix Labs","MOBX","2.2646","1.18","United States"
"6050","Vodafone Qatar","VFQS.QA","2.26493","0.718407","Qatar"
"6051","E.SUN Bank","2884.TW","2.26591","1.22341","Taiwan"
"6052","Newegg","NEGG","2.26595","18.19","United States"
"6053","Fujibo Holdings","3104.T","2.26613","21.9072","Japan"
"6054","Mandatum","MANTA.HE","2.26615","7.38517","Finland"
"6055","First Solar","FSLR","2.26622","208.31","United States"
"6056","Central Plaza Hotel","CENTEL.BK","2.26871","1.29811","Thailand"
"6057","Funko","FNKO","2.2709","6.87","United States"
"6058","Cardinal Energy","CJ.TO","2.2709","8.62256","Canada"
"6059","Extra Space Storage","EXR","2.27108","146.25","United States"
"6060","Mercury General","MCY","2.27276","106.28","United States"
"6061","Serko Limited","SKO.NZ","2.27449","0.920245","New Zealand"
"6062","Osoul Investment Company","OSOUL.KW","2.27472","811.868","Kuwait"
"6063","Sodexo","SW.PA","2.27506","66.2159","France"
"6064","Diebold Nixdorf","DBD","2.2759","68.8","United States"
"6065","Catering International &amp; Services","ALCIS.PA","2.27605","25.0641","France"
"6066","Whirlpool India","WHIRLPOOL.NS","2.27639","8.007","India"
"6067","Baxter","BAX","2.27647","26.49","United States"
"6068","Anavex Life Sciences","AVXL","2.27683","3.11","United States"
"6069","Fortune Brands Innovations","FBIN","2.27712","44.96","United States"
"6070","Crane NXT","CXT","2.27757","49.8","United States"
"6071","Qoria Limited","QOR.AX","2.2777","0.168097","Australia"
"6072","ME Group International","MEGP.L","2.27827","1.70561","United Kingdom"
"6073","Wealthfront Corporation","WLTH","2.27864","9.37","United States"
"6074","Turners Automotive Group","TRA.NZ","2.27872","4.58038","New Zealand"
"6075","Patriot Battery Metals","PMET.TO","2.28029","3.75207","Canada"
"6076","eDreams ODIGEO","EDR.MC","2.28225","6.35346","Spain"
"6077","IVE Group","IGL.AX","2.28371","2.09585","Australia"
"6078","HBX Group International plc","HBX.MC","2.28426","9.0872","United Kingdom"
"6079","Senergy Holding Company K.S.C.P.","SENERGY.KW","2.28485","824.91","Kuwait"
"6080","Universal Display Corporation","OLED","2.28515","84.71","United States"
"6081","Senzime AB","SEZI.ST","2.28861","0.395724","Sweden"
"6082","SKC Co., Ltd.","011790.KS","2.28878","62.036","South Korea"
"6083","Fluidra","FDR.MC","2.28928","22.8142","Spain"
"6084","Cellcom Israel","CEL.TA","2.28944","11.6795","Israel"
"6085","WhiteFiber","WYFI","2.2896","20.78","United States"
"6086","DTE Energy","DTE","2.28985","135.66","United States"
"6087","Hotai Motor","2207.TW","2.28985","16.2808","Taiwan"
"6088","Banco Bilbao Vizcaya Argentaria","BBVA","2.29041","29.21","Spain"
"6089","Nakanishi","7716.T","2.29098","20.1183","Japan"
"6090","Altri","ALTR.LS","2.29099","5.57239","Portugal"
"6091","Namura Shipbuilding","7014.T","2.29176","28.561","Japan"
"6092","IOI Corporation Berhad","1961.KL","2.292","1.19015","Malaysia"
"6093","Central Retail Corporation","CRC.BK","2.29206","0.862859","Thailand"
"6094","IHH Healthcare","Q0F.SI","2.2922","2.08481","Malaysia"
"6095","Gérard Perrier Industrie S.A.","PERR.PA","2.29228","97.4586","France"
"6096","Edisun Power Europe","ESUN.SW","2.29232","89.8155","Switzerland"
"6097","Science Group","SAG.L","2.29306","7.89102","United Kingdom"
"6098","Schaeffler","SHA0.DE","2.29439","8.8249","Germany"
"6099","Collins Foods Limited","CKF.AX","2.29597","5.88698","Australia"
"6100","Host Hotels & Resorts","HST","2.29694","23.19","United States"
"6101","Hua Nan Financial Holdings","2880.TW","2.29803","1.24918","Taiwan"
"6102","Pearl Abyss","263750.KQ","2.29934","23.9405","South Korea"
"6103","Sun Communities","SUI","2.29959","123.43","United States"
"6104","Patrick Industries","PATK","2.30055","85.12","United States"
"6105","Saigon Thuong Tin Commercial Bank","STB.VN","2.30085","2.83509","Vietnam"
"6106","McGrath RentCorp","MGRC","2.30108","116.51","United States"
"6107","Yuanta Financial Holding","2885.TW","2.30271","1.95746","Taiwan"
"6108","Stock Yards Bancorp","SYBT","2.30407","81.8","United States"
"6109","Equinor","EQNR","2.30475","42.37","Norway"
"6110","IG Port, Inc.","3791.T","2.30501","7.01158","Japan"
"6111","Archicom","ARH.WA","2.30663","13.9657","Poland"
"6112","BitFuFu","FUFU","2.30832","1.59","Singapore"
"6113","Aura Energy","AURA.L","2.30959","0.0817383","Australia"
"6114","Tribal Group","TRB.L","2.30992","0.841905","United Kingdom"
"6115","Discovery Limited","DSY.JO","2.30995","15.3269","South Africa"
"6116","Flynas Company","4264.SR","2.31049","13.2698","Saudi Arabia"
"6117","Construcciones y Auxiliar de Ferrocarriles","CAF.MC","2.31207","78.6897","Spain"
"6118","Wilmington plc","WIL.L","2.31244","3.74634","United Kingdom"
"6119","Ourpalm","300315.SZ","2.31373","0.580159","China"
"6120","Avingtrans","AVG.L","2.31436","9.87065","United Kingdom"
"6121","Karur Vysya Bank","KARURVYSYA.NS","2.31498","3.60673","India"
"6122","Al-Dawaa Medical Services Company","4163.SR","2.31506","10.4144","Saudi Arabia"
"6123","Alliance Entertainment","AENT","2.31528","5.45","United States"
"6124","Kanzhun","BZ","2.31587","15.44","China"
"6125","York Water","YORW","2.31626","34.58","United States"
"6126","Beetaloo Energy Australia","BTL.AX","2.31649","0.157368","Australia"
"6127","ENAV","ENAV.MI","2.31652","5.94544","Italy"
"6128","Knife River Corporation","KNF","2.31699","63.66","United States"
"6129","Methanol Chemicals Company","2001.SR","2.31735","8.52333","Saudi Arabia"
"6130","Compass Therapeutics","CMPX","2.31782","2.4","United States"
"6131","Graphite India","GRAPHITE.NS","2.31854","7.39055","India"
"6132","Biglari","BH","2.31886","378.04","United States"
"6133","Edia","3935.T","2.3192","4.2308","Japan"
"6134","Porvair plc","PRV.L","2.31949","11.7431","United Kingdom"
"6135","Solvay","SOLB.VI","2.32028","30.007","Belgium"
"6136","Fox Corporation","FOX","2.32032","61.59","United States"
"6137","Capstone Copper","CS.TO","2.32108","11.9922","Canada"
"6138","Vimian Group","VIMIAN.ST","2.32165","3.73096","Sweden"
"6139","Zamil Industrial Investment Company","2240.SR","2.32193","7.49521","Saudi Arabia"
"6140","Boyd Gaming","BYD","2.32194","81","United States"
"6141","Wallenius Wilhelmsen","WAWI.OL","2.32307","18.0861","Norway"
"6142","discoverIE Group plc","DSCV.L","2.32313","10.6941","United Kingdom"
"6143","BorgWarner","BWA","2.32328","64.36","United States"
"6144","Automotive Axles","AUTOAXLES.NS","2.3239","18.0848","India"
"6145","Mayville Engineering Company","MEC","2.32394","21.16","United States"
"6146","Fluor Corporation","FLR","2.32404","51.28","United States"
"6147","Emperador Brandy","EMI.SI","2.32434","0.267485","Philippines"
"6148","Lectra SA","LSS.PA","2.32476","26.2299","France"
"6149","Infotel SA","INF.PA","2.32511","47.7967","France"
"6150","RXO","RXO","2.3258","21.28","United States"
"6151","Robertet","CBE.PA","2.32664","784.915","France"
"6152","Shiseido","4911.T","2.32723","23.1313","Japan"
"6153","CI Games","CI7.F","2.32921","0.655164","Poland"
"6154","Rekor Systems","REKR","2.32961","0.5834","United States"
"6155","Groupe Pizzorno Environnement","GPE.PA","2.33006","72.8025","France"
"6156","nCino","NCNO","2.3314","20.95","United States"
"6157","Pembina Pipeline","PBA","2.33148","48.73","Canada"
"6158","ArcBest","ARCB","2.33585","134.45","United States"
"6159","Türkiye Kalkınma","KLNMA.IS","2.33706","0.182985","Turkey"
"6160","Rayonier Advanced Materials","RYAM","2.33792","8.33","United States"
"6161","Mobile Factory","3912.T","2.33843","7.09945","Japan"
"6162","Funkwerk AG","FEW.F","2.33902","36.3083","Germany"
"6163","Newmark","NMRK","2.34022","16.07","United States"
"6164","SHO-BOND Holdings","1414.T","2.34072","7.99081","Japan"
"6165","Austin Gold","AUST","2.34146","1.32","United States"
"6166","Costain Group","COST.L","2.34147","3.14692","United Kingdom"
"6167","National Health Investors","NHI","2.34155","73.07","United States"
"6168","Smith & Nephew","SNN","2.34376","29.62","United Kingdom"
"6169","Dubai Refreshment","DRC.AE","2.34412","8.4402","United Arab Emirates"
"6170","Equillium","EQ","2.34501","2.2","United States"
"6171","Y.H. Dimri Construction &amp; Development","DIMRI.TA","2.34544","121.095","Israel"
"6172","Londian Wason New Energy Tech Inc.","FOIL","2.34555","24.1","China"
"6173","Somany Ceramics","SOMANYCERA.NS","2.34635","5.6154","India"
"6174","Sysmex","6869.T","2.34752","12.3691","Japan"
"6175","Rakon Limited","RAK.NZ","2.34819","0.895488","New Zealand"
"6176","Scanfil","SCANFL.HE","2.34936","13.1499","Finland"
"6177","Benchmark Electronics","BHE","2.34946","71.72","United States"
"6178","Elopak ASA","ELO.OL","2.34984","3.7375","Norway"
"6179","Central Pattana","CPN.BK","2.35039","2.00061","Thailand"
"6180","Japan Airport Terminal","9706.T","2.35057","36.7088","Japan"
"6181","T Stamp Inc. (TrustStamp)","IDAI","2.35064","3.06","United States"
"6182","Zhejiang NHU Co., Ltd.","002001.SZ","2.35085","3.91533","China"
"6183","Reynolds Consumer Products","REYN","2.35334","25.29","United States"
"6184","Grupo Cibest (Bancolombia)","CIB","2.35363","101.82","Colombia"
"6185","LiveRamp","RAMP","2.35367","37.63","United States"
"6186","Astellas Pharma","4503.T","2.35422","15.1593","Japan"
"6187","DiaSorin","DIA.MI","2.35432","88.0158","Italy"
"6188","Dolby","DLB","2.35497","66.05","United States"
"6189","Spring Airlines","601021.SS","2.35588","6.51116","China"
"6190","Comer Industries","COM.MI","2.35676","54.4416","Italy"
"6191","Malam - Team","MLTM.TA","2.35779","26.9356","Israel"
"6192","Sun Life Financial","SLF","2.35786","79.05","Canada"
"6193","Ridley Corporation","RIC.AX","2.3579","1.89557","Australia"
"6194","Bankinter","BKT.MC","2.35822","19.7773","Spain"
"6195","Flight Centre Travel Group Limited","FLT.AX","2.35858","9.27039","Australia"
"6196","Bajaj Electricals","BAJAJELEC.NS","2.36105","3.48919","India"
"6197","DCC plc","DCC.L","2.36267","86.6426","Ireland"
"6198","EverCommerce","EVCM","2.36306","9.55","United States"
"6199","Tsuburaya Fields Holdings","2767.T","2.36317","15.8435","Japan"
"6200","Nilörngruppen","NIL-B.ST","2.36417","7.93552","Sweden"
"6201","Great-West Lifeco","GWO.TO","2.36428","64.3336","Canada"
"6202","Fluxys Belgium","FLUX.BR","2.36428","23.8983","Belgium"
"6203","PetGas (Petronas Gas)","6033.KL","2.36455","4.35482","Malaysia"
"6204","Avax S.A.","AVAX.AT","2.36478","3.98111","Greece"
"6205","Develia","DVL.WA","2.36504","2.89599","Poland"
"6206","Tower Bersama Infrastructure","TBIG.JK","2.36635","0.0821802","Indonesia"
"6207","Nerolac Paints","KANSAINER.NS","2.36701","2.09633","India"
"6208","Resorttrust","4681.T","2.36702","11.7163","Japan"
"6209","Filatex India","FILATEX.NS","2.36762","0.860725","India"
"6210","Arkan Al-Kuwait Real Estate Company","ARKAN.KW","2.36825","1124.88","Kuwait"
"6211","Lindsay Corporation","LNN","2.36834","116.24","United States"
"6212","CF Industries","CF","2.36906","129.24","United States"
"6213","Ithaca Energy","ITH.L","2.36945","3.64553","United Kingdom"
"6214","BİM Birleşik Mağazalar","BIMAS.IS","2.36982","8.57222","Turkey"
"6215","Colowide","7616.T","2.3703","13.16","Japan"
"6216","Marine Products Corporation","MPX","2.37207","8.18","United States"
"6217","CITIC Metal","601061.SS","2.37274","1.7018","China"
"6218","indie Semiconductor","INDI","2.37355","3.92","United States"
"6219","Xylem","XYL","2.37417","114.18","United States"
"6220","Carlyle Group","CG","2.37439","49.14","United States"
"6221","Viemed Healthcare","VMD","2.3747","9.09","United States"
"6222","Medtronic","MDT","2.37478","92.9","Ireland"
"6223","Pioneer Credit","PNC.AX","2.37539","0.500715","Australia"
"6224","Coya Therapeutics","COYA","2.37594","4.96","United States"
"6225","Audax Renovables","ADX.MC","2.37714","1.40825","Spain"
"6226","Lion Finance Group PLC","BGEO.L","2.37724","182.276","United Kingdom"
"6227","Subsea 7","SUBC.OL","2.37724","36.4299","Luxembourg"
"6228","Alerion Clean Power","ARN.MI","2.37836","22.5927","Italy"
"6229","Floor &amp; Decor","FND","2.3784","54.87","United States"
"6230","Evertec","EVTC","2.37849","29.56","United States"
"6231","PKO Bank Polski","PKO.WA","2.37979","30.8544","Poland"
"6232","Shin-Etsu Chemical","4063.T","2.38119","37.6943","Japan"
"6233","USA Rare Earth","USAR","2.38166","18.29","United States"
"6234","Benitec Biopharma","BNTC","2.38171","12.71","United States"
"6235","Holcim Group","HOLN.SW","2.38289","87.7007","Switzerland"
"6236","Tsugami Corporation","6101.T","2.38353","34.3988","Japan"
"6237","X4 Pharmaceuticals","XFOR","2.38376","4.05","United States"
"6238","Ormat Technologies","ORA","2.38428","105.4","United States"
"6239","CyberAgent","4751.T","2.38471","8.43335","Japan"
"6240","Globus Medical","GMED","2.38546","84.08","United States"
"6241","Aura Investments","AURA.TA","2.38583","5.26312","Israel"
"6242","NCC Group plc","NCC.L","2.38628","1.93175","United Kingdom"
"6243","Advanced Medical Solutions Group","AMS.L","2.38653","3.8417","United Kingdom"
"6244","Bank Millennium","MIL.WA","2.3886","5.73243","Poland"
"6245","JEOL Ltd.","6951.T","2.38884","44.8188","Japan"
"6246","Royal holdings","8179.T","2.38901","8.59969","Japan"
"6247","Hong Kong Telecom","6823.HK","2.38903","1.55638","Hong Kong"
"6248","Rohm","6963.T","2.38986","29.6156","Japan"
"6249","Kingsoft Cloud","KC","2.39","10.42","China"
"6250","Ohsho Food Service","9936.T","2.39004","18.6682","Japan"
"6251","Alliant Energy","LNT","2.39023","68.42","United States"
"6252","Corby Spirit and Wine","CSW-A.TO","2.3906","11.4943","Canada"
"6253","HealthStream","HSTM","2.39075","28.78","United States"
"6254","Abeona Therapeutics","ABEO","2.3909","6.06","United States"
"6255","Webjet Limited","WEB.AX","2.39148","2.66094","Australia"
"6256","Murapol S.A.","MUR.WA","2.39197","10.4878","Poland"
"6257","Kawasaki Heavy Industries","7012.T","2.39273","16.3896","Japan"
"6258","Suncor Energy","SU","2.39322","67.37","Canada"
"6259","Barry Callebaut","BARN.SW","2.3934","1424.36","Switzerland"
"6260","Aurobindo Pharma","AUROPHARMA.NS","2.39365","16.924","India"
"6261","Whitehawk Therapeutics","WHWK","2.3947","4.88","United States"
"6262","Eventbrite","EB","2.39512","4.51","United States"
"6263","Capital Securities Corporation","601136.SS","2.39706","2.05584","China"
"6264","Global Partners LP","GLP","2.39727","50.41","United States"
"6265","Tuas Limited","TUA.AX","2.39728","1.50215","Australia"
"6266","Aiforia Technologies Oyj","AIFORIA.HE","2.39786","1.30333","Finland"
"6267","CoreCivic","CXW","2.39792","33.84","United States"
"6268","Port of Tauranga","POT.NZ","2.39841","4.88415","New Zealand"
"6269","Jones Lang LaSalle","JLL","2.39876","387.21","United States"
"6270","Toho Co.","9602.T","2.40001","9.85512","Japan"
"6271","UniFirst","UNF","2.40035","291.75","United States"
"6272","Par Pacific Holdings","PARR","2.4004","74.33","United States"
"6273","Al-Yamamah Steel Industries Company","1304.SR","2.40067","10.0629","Saudi Arabia"
"6274","Daily Journal","DJCO","2.40097","607.26","United States"
"6275","Cavotec","CCC.ST","2.40134","1.27873","Switzerland"
"6276","Primoris Services Corporation","PRIM","2.402","75.14","United States"
"6277","CNH Industrial","CNH","2.40365","11.76","United Kingdom"
"6278","C3 AI","AI","2.40396","10.11","United States"
"6279","TIS","3626.T","2.4048","24.2737","Japan"
"6280","Prologis","PLD","2.40488","143.36","United States"
"6281","Aarti Drugs","AARTIDRUGS.NS","2.4056","4.41699","India"
"6282","WEC Energy Group","WEC","2.40608","107.58","United States"
"6283","Terumo","4543.T","2.40616","16.2986","Japan"
"6284","Xiaomi","XIACF","2.40686","3.56","China"
"6285","J.Jill","JILL","2.40708","20.01","United States"
"6286","HELLA","HLE.F","2.40867","80.3218","Germany"
"6287","Cy4gate","CY4.MI","2.40882","10.6552","Italy"
"6288","Sumitomo Denki Kōgyō","5802.T","2.40929","13.8066","Japan"
"6289","Kokuyo Camlin","KOKUYOCMLN.NS","2.4099","0.831157","India"
"6290","Tamboran Resources","TBN","2.41186","37.82","Australia"
"6291","Medline","MDLN","2.41287","34.7","United States"
"6292","Roland Corporation","7944.T","2.41355","24.1984","Japan"
"6293","Clinuvel Pharmaceuticals","CUV.AX","2.41378","7.58226","Australia"
"6294","Five Star Bancorp","FSBC","2.41503","45.13","United States"
"6295","Structure Therapeutics","GPCR","2.41512","49.01","United States"
"6296","Endúr ASA","ENDUR.OL","2.41528","11.8999","Norway"
"6297","Fuji Electric","6504.T","2.41534","87.9429","Japan"
"6298","Generation Development Group","GDG.AX","2.41544","2.78255","Australia"
"6299","The Travelers Companies","TRV","2.41629","370.55","United States"
"6300","Centuri Holdings","CTRI","2.41801","20.79","United States"
"6301","Assurant","AIZ","2.41862","287.81","United States"
"6302","TC Energy","TRP","2.419","62.06","Canada"
"6303","Saputo","SAP.TO","2.41904","29.829","Canada"
"6304","Yokogawa Electric Corporation","6841.T","2.42002","32.3148","Japan"
"6305","Virbac SA","VIRP.PA","2.42142","382.374","France"
"6306","Bowhead Specialty Holdings","BOW","2.42144","33.75","United States"
"6307","Galiano Gold","GAU","2.42174","2.42","Canada"
"6308","Prodware","ALPRO.PA","2.42239","32.0917","France"
"6309","STMicroelectronics","STM","2.42378","49.35","Switzerland"
"6310","Shanghai Zhangjiang Hi-Tech Park Development","600895.SS","2.42547","4.49846","China"
"6311","Tata Power","TATAPOWER.NS","2.42556","3.87055","India"
"6312","Sonic Automotive","SAH","2.4266","75.32","United States"
"6313","J.M. Smucker Company","SJM","2.42669","125.87","United States"
"6314","BNY Mellon (Bank of New York Mellon)","BNY","2.42752","162.14","United States"
"6315","FDM Group","FDM.L","2.42809","1.5721","United Kingdom"
"6316","Tactile Medical","TCMD","2.42882","23.36","United States"
"6317","JCU Corporation","4975.T","2.42977","33.9594","Japan"
"6318","Ridgepost Capital","RPC","2.42992","8.89","United States"
"6319","Bodycote","BOY.L","2.43177","12.4106","United Kingdom"
"6320","Powergrid Corporation of India","POWERGRID.NS","2.43213","2.82468","India"
"6321","Prada","1913.HK","2.43352","5.2177","Italy"
"6322","Omnicom Group","OMC","2.43377","88.94","United States"
"6323","Hamilton Beach Brands","HBB","2.43429","33.46","United States"
"6324","Supernus Pharmaceuticals","SUPN","2.43509","45.11","United States"
"6325","Hays plc","HAS.L","2.43566","1.00879","United Kingdom"
"6326","Matson","MATX","2.43907","222.68","United States"
"6327","National Bank of Canada","NA.TO","2.43907","156.62","Canada"
"6328","Parag Milk Foods","PARAGMILK.NS","2.4398","2.61979","India"
"6329","CPKC (Canadian Pacific Kansas City)","CP","2.44043","94.68","Canada"
"6330","SoftBank Corp.","9434.T","2.44069","1.50212","Japan"
"6331","Ocean Power Technologies","OPTT","2.44077","0.1815","United States"
"6332","Airgain","AIRG","2.44095","5.22","United States"
"6333","Ollie's Bargain Outlet","OLLI","2.442","76.35","United States"
"6334","Josef Manner &amp; Comp","MAN.VI","2.44246","117.743","Austria"
"6335","ProKidney","PROK","2.4427","1.61","United States"
"6336","Golar LNG","GLNG","2.44273","51.41","Bermuda"
"6337","Redwire","RDW","2.44291","11.38","United States"
"6338","Mezzan Holding Company","MEZZAN.KW","2.44331","3743.07","Kuwait"
"6339","CaixaBank","CABK.MC","2.44573","15.5281","Spain"
"6340","Wethaq Takaful Insurance Company K.S.C.P.","WETHAQ.KW","2.44592","394.522","Kuwait"
"6341","Bridgepoint Group plc","BPT.L","2.44636","4.3621","United Kingdom"
"6342","Select Water Solutions","WTTR","2.44895","19.21","United States"
"6343","Soluna Holdings","SLNH","2.44899","1.145","United States"
"6344","mwb fairtrade AG","MWB0.DE","2.44955","12.0075","Germany"
"6345","NCC","NCC-B.ST","2.45066","18.8811","Sweden"
"6346","Tecnoglass","TGLS","2.45104","40.62","Colombia"
"6347","AS ONE Corporation","7476.T","2.45289","15.4481","Japan"
"6348","Azimut Holding","AZM.MI","2.45376","45.3369","Italy"
"6349","AWL Agri Business","AWL.NS","2.45392","2.09759","India"
"6350","The9","NCTY","2.45394","5.57","China"
"6351","YOC AG","YOC.DE","2.45514","5.94544","Germany"
"6352","RS Group","RS1.L","2.45529","10.0811","United Kingdom"
"6353","Publicis Groupe","PUB.PA","2.45582","120.424","France"
"6354","IG Group","IGG.L","2.45597","18.4729","United Kingdom"
"6355","Bloomin' Brands","BLMN","2.45633","11.44","United States"
"6356","Goldman Sachs","GS","2.45749","1036.28","United States"
"6357","BIPROGY","8056.T","2.45882","29.0569","Japan"
"6358","ChipMOS Technologies","IMOS","2.4591","54.49","Taiwan"
"6359","Pediatrix Medical Group","MD","2.46005","26.6","United States"
"6360","Sabeco Brewery (Saigon Beer)","SAB.VN","2.46005","1.76142","Vietnam"
"6361","Anta Sports","2020.HK","2.46058","9.17244","China"
"6362","NS Solutions Corporation","2327.T","2.4609","24.4934","Japan"
"6363","Nucor","NUE","2.46154","244.64","United States"
"6364","Harmony Biosciences","HRMY","2.4629","38.5","United States"
"6365","Mühlbauer Holding","MUB.DE","2.4644","52.2266","Germany"
"6366","Dar Global","DAR.L","2.46445","8","United Kingdom"
"6367","Atkore","ATKR","2.46498","93.49","United States"
"6368","Polar Power","POLA","2.46572","1.53","United States"
"6369","Allianz SE","ALV.DE","2.46663","523.898","Germany"
"6370","Flex LNG","FLNG","2.46755","31.85","Bermuda"
"6371","Rockhopper Exploration","RKH.L","2.46761","0.997207","United Kingdom"
"6372","Russel Metals","RUS.TO","2.46766","53.2867","Canada"
"6373","Super Retail Group","SUL.AX","2.46793","9.49928","Australia"
"6374","Mitsubishi Electric","6503.T","2.47","35.2399","Japan"
"6375","Dallah Healthcare","4004.SR","2.47045","27.0083","Saudi Arabia"
"6376","Genscript Biotech","1548.HK","2.47128","4.47013","China"
"6377","TOWA Corporation","6315.T","2.47192","14.6697","Japan"
"6378","Postal Realty Trust","PSTL","2.47214","23.01","United States"
"6379","Luzhou Laojiao","000568.SZ","2.47236","12.6043","China"
"6380","Aubay","AUB.PA","2.47549","66.0993","France"
"6381","Ohmyhome","OMH","2.47573","0.098","Singapore"
"6382","FRoSTA AG","NLM.F","2.47704","120.657","Germany"
"6383","AtkinsRéalis","ATRL.TO","2.47806","61.0073","Canada"
"6384","Siemens Healthineers","SHL.DE","2.47838","46.6426","Germany"
"6385","Toyota Tsusho","8015.T","2.47841","46.9782","Japan"
"6386","Synopsys","SNPS","2.4786","394.51","United States"
"6387","Bloomsbury Publishing","BMY.L","2.47878","8.9231","United Kingdom"
"6388","Hydro One","H.TO","2.47969","38.5309","Canada"
"6389","Gujarat Mineral Development","GMDCLTD.NS","2.47971","5.93982","India"
"6390","Slide Insurance","SLDE","2.47971","23.64","United States"
"6391","Veracyte","VCYT","2.47975","41.47","United States"
"6392","Gulf Development Public Company","GULF.BK","2.4815","1.93189","Thailand"
"6393","ConocoPhillips","COP","2.48212","133.35","United States"
"6394","Gorilla Technology","GRRR","2.48269","15.83","Taiwan"
"6395","TerrAscend","TSND.TO","2.48381","0.606104","Canada"
"6396","MediaCo Holding","MDIA","2.48406","1.06","United States"
"6397","Distribution Solutions Group","DSGR","2.48439","34.81","United States"
"6398","Brim hf.","BRIM.IC","2.48499","0.775242","Iceland"
"6399","Sudarshan Chemical","SUDARSCHEM.NS","2.48501","12.8555","India"
"6400","J D Wetherspoon","JDW.L","2.48635","11.5251","United Kingdom"
"6401","Delta Air Lines","DAL","2.4864","82.48","United States"
"6402","L3Harris Technologies","LHX","2.48693","262.83","United States"
"6403","Vtech","0303.HK","2.48702","6.37861","Hong Kong"
"6404","Ecopro","086520.KQ","2.48845","61.5305","South Korea"
"6405","Umicore","UMI.VI","2.48974","27.0926","Belgium"
"6406","Humana","HUM","2.48977","386.61","United States"
"6407","Puig Brands","PUIG.MC","2.49072","20.4593","Spain"
"6408","Shandong Gold Mining","600547.SS","2.491","5.20209","China"
"6409","Sundaram Finance","SUNDARMHLD.NS","2.49138","7.58155","India"
"6410","Sotherly Hotels","SOHO","2.49168","2.25","United States"
"6411","Nolato AB","NOLA-B.ST","2.49227","5.49382","Sweden"
"6412","Renesas Electronics","6723.T","2.49305","21.3549","Japan"
"6413","Urban Outfitters","URBN","2.49465","76.05","United States"
"6414","Danone","BN.PA","2.49511","77.1975","France"
"6415","ON24","ONTF","2.49732","8.1","United States"
"6416","Verra Mobility","VRRM","2.49766","4.47","United States"
"6417","Metatek-Group","MTEK.TO","2.49916","2.06364","United Kingdom"
"6418","SRP Groupe (Showroomprive.com)","SRP.PA","2.50012","0.932618","France"
"6419","Maple Leaf Foods","MFI.TO","2.5004","19.3953","Canada"
"6420","Indus Towers","INDUSTOWER.NS","2.50112","4.02727","India"
"6421","Dr. Reddy's Laboratories","RDY","2.50121","12.22","India"
"6422","SFC Energy AG","F3C.DE","2.50125","23.6652","Germany"
"6423","Creepy Jar","CRJ.WA","2.50196","144.529","Poland"
"6424","Contineum Therapeutics","CTNM","2.50215","16.63","United States"
"6425","Integer Holdings","ITGR","2.50266","125.07","United States"
"6426","The Gym Group","GYM.L","2.50323","2.75553","United Kingdom"
"6427","New Found Gold","NFGC","2.50357","1.9","Canada"
"6428","First Financial Bankshares","FFIN","2.50387","33.96","United States"
"6429","Saul Centers","BFS","2.50415","34.14","United States"
"6430","Anglo American","AAL.L","2.50515","56.268","United Kingdom"
"6431","MISUMI Group","9962.T","2.50565","22.9995","Japan"
"6432","Zuken Inc.","6947.T","2.50566","30.9463","Japan"
"6433","Cyclerion Therapeutics","CYCN","2.50598","3.93","United States"
"6434","Xos, Inc.","XOS","2.50734","3.49","United States"
"6435","Western Union","WU","2.50736","7.32","United States"
"6436","Trimble","TRMB","2.50958","60.67","United States"
"6437","Ryanair","RYAAY","2.51069","56.59","Ireland"
"6438","ServisFirst Bancshares","SFBS","2.51217","43.94","United States"
"6439","Etihad Etisalat (Mobily)","7020.SR","2.51249","17.4728","Saudi Arabia"
"6440","Flughafen Wien (Vienna Airport)","FLU.VI","2.51259","61.3197","Austria"
"6441","Beam Therapeutics","BEAM","2.51292","28.33","United States"
"6442","Beijing Roborock Technology","688169.SS","2.51396","20.0824","China"
"6443","Allogene Therapeutics","ALLO","2.51491","2.03","United States"
"6444","Qorvo","QRVO","2.51573","95.37","United States"
"6445","First Quantum Minerals","FM.TO","2.51629","34.3748","Canada"
"6446","OPTiM","3694.T","2.5163","2.73056","Japan"
"6447","Sanlorenzo","SL.MI","2.51692","45.2087","Italy"
"6448","PostNL","PNL.AS","2.51692","1.0422","Netherlands"
"6449","Tryg","TRYG.CO","2.51765","24.1511","Denmark"
"6450","American Water","AWK","2.51918","139.91","United States"
"6451","Coursera","COUR","2.51929","6.02","United States"
"6452","United Electronics Company (eXtra Saudi)","4003.SR","2.51948","17.7658","Saudi Arabia"
"6453","Penske Automotive Group","PAG","2.51999","218.07","United States"
"6454","Equita Group","EQUI.MI","2.52024","6.80811","Italy"
"6455","INTERSHOP Communications","ISHA.DE","2.52071","1.74866","Germany"
"6456","Forian","FORA","2.52142","2.17","United States"
"6457","Kurita Water Industries Ltd.","6370.T","2.5232","50.8198","Japan"
"6458","Saudi Telecom Company","7010.SR","2.5238","11.7942","Saudi Arabia"
"6459","Isrotel","ISRO.TA","2.52389","38.3985","Israel"
"6460","Van de Velde","VAN.BR","2.5249","34.5069","Belgium"
"6461","Capital A (Air Asia)","5099.KL","2.52716","0.0791785","Malaysia"
"6462","Yellow Pages (Canada)","Y.TO","2.5278","9.41626","Canada"
"6463","World Acceptance Corporation","WRLD","2.52831","190.31","United States"
"6464","Coheris SA","COH.PA","2.5302","12.1823","France"
"6465","Silvercorp Metals","SVM","2.53083","12.65","Canada"
"6466","Timken Company","TKR","2.53225","122.72","United States"
"6467","Limbach Holdings","LMB","2.53255","41.71","United States"
"6468","Sime Darby Plantation","5285.KL","2.53295","1.64543","Malaysia"
"6469","Tenet Healthcare","THC","2.53467","278.59","United States"
"6470","Cenovus Energy","CVE","2.53542","32.17","Canada"
"6471","Electrolux","ELUX-A.ST","2.53551","3.17842","Sweden"
"6472","Sphere Entertainment","SPHR","2.53587","157.31","United States"
"6473","Sendas Distribuidora (Assaí Atacadista)","ASAI3.SA","2.53872","1.6134","Brazil"
"6474","Molina Healthcare","MOH","2.53963","198.5","United States"
"6475","Kingstone Companies","KINS","2.53985","20.09","United States"
"6476","Trident","TRIDENT.NS","2.53996","0.255355","India"
"6477","Himax Technologies","HIMX","2.54002","13.44","Taiwan"
"6478","Tesco","TSCO.L","2.54025","6.28295","United Kingdom"
"6479","Premium Water Holdings","2588.T","2.54043","23.9159","Japan"
"6480","Eisen- und Hüttenwerke","EIS.F","2.54127","15.8545","Germany"
"6481","The Trade Desk","TTD","2.5414","13.27","United States"
"6482","Acumen Pharmaceuticals","ABOS","2.54213","3.075","United States"
"6483","UWM Holdings","UWMC","2.54214","1.42","United States"
"6484","Rio Tinto","RIO","2.54301","104.8","United Kingdom"
"6485","LG Innotek","011070.KS","2.5435","434.757","South Korea"
"6486","Silicon Studio","3907.T","2.54372","11.0164","Japan"
"6487","Vistin Pharma","VISTN.OL","2.54561","2.07818","Norway"
"6488","GuangZhou Wahlap Technology","301011.SZ","2.54658","2.27452","China"
"6489","Pinewood Technologies Group","PINE.L","2.54737","6.09018","United Kingdom"
"6490","Squirrel Media","SQRL.MC","2.54804","2.37818","Spain"
"6491","Northern Star","NST.AX","2.5488","17.5536","Australia"
"6492","Hanjin Kal","180640.KS","2.55036","88.3237","South Korea"
"6493","Genpact","G","2.55189","37.59","Bermuda"
"6494","MAAS Group Holdings","MGH.AX","2.55245","4.14163","Australia"
"6495","Meeza QSTP LLC (Public)","MEZA.QA","2.55269","0.799725","Qatar"
"6496","Warrior Met Coal","HCC","2.55323","106.6","United States"
"6497","Alibaba Health Information Technology","0241.HK","2.55342","0.408231","Hong Kong"
"6498","Information Services Group","III","2.55454","4.97","United States"
"6499","Yaskawa","6506.T","2.55575","31.1723","Japan"
"6500","Honda Siel Power Products","HONDAPOWER.NS","2.55717","21.7114","India"
"6501","Livestock Transport and Trading Company","CATTL.KW","2.55861","554.288","Kuwait"
"6502","Bangkok Airways","BA.BK","2.55984","0.58033","Thailand"
"6503","American Financial Group","AFG","2.56032","144.44","United States"
"6504","SiteOne Landscape Supply","SITE","2.56128","95.27","United States"
"6505","Buzzfeed","BZFD","2.56156","1.13","United States"
"6506","MiMedx Group","MDXG","2.56198","4.27","United States"
"6507","City Holding Company","CHCO","2.56243","144.93","United States"
"6508","Marks &amp; Spencer","MKS.L","2.56251","5.33751","United Kingdom"
"6509","Verallia","VRLA.PA","2.56253","22.5927","France"
"6510","Interroll","INRN.SW","2.56398","1940.61","Switzerland"
"6511","NEUCA","NEU.WA","2.56562","208.673","Poland"
"6512","Insurance Australia Group","IAG.AX","2.56648","5.62232","Australia"
"6513","Major Drilling Group International","MDI.TO","2.56655","12.7787","Canada"
"6514","CCC Intelligent Solutions","CCC","2.56657","7.5","United States"
"6515","Cabot Corporation","CBT","2.56669","83.88","United States"
"6516","RB Global","RBA","2.56703","84.07","Canada"
"6517","Austriacard Holdings","ACAG.VI","2.56879","11.4246","Austria"
"6518","Redington India","REDINGTON.NS","2.57047","3.69397","India"
"6519","Sildarvinnslan","SVN.IC","2.57059","1.03366","Iceland"
"6520","Bloober Team","6BO.SG","2.57096","6.28352","Poland"
"6521","Groupe Lagardère","MMB.PA","2.57231","21.7067","France"
"6522","HomeBiogas","HMGS.TA","2.57256","0.256656","Israel"
"6523","Compugen","CGEN","2.57292","2.59","Israel"
"6524","Socionext","6526.T","2.57293","12.3158","Japan"
"6525","Ambev","ABEV","2.57436","2.92","Brazil"
"6526","TFS Financial","TFSL","2.57472","17.65","United States"
"6527","DMG Mori Aktiengesellschaft","GIL.F","2.57552","54.9079","Germany"
"6528","Propel Holdings","PRL.TO","2.57573","17.9378","Canada"
"6529","LumenRadio","LUMEN.ST","2.57615","5.72536","Sweden"
"6530","Per Aarsleff Holding A/S B","PAAL-B.CO","2.57705","121.925","Denmark"
"6531","NeoGenomics","NEO","2.57828","16.41","United States"
"6532","Ramco Cements","RAMCOCEM.NS","2.57862","9.50789","India"
"6533","DHT Holdings","DHT","2.57918","19.72","Bermuda"
"6534","Industrias Peñoles","PE&OLES.MX","2.57924","54.0973","Mexico"
"6535","Singtel","Z74.SI","2.58026","3.53237","Singapore"
"6536","Telecom Plus PLC","TEP.L","2.58051","11.6927","United Kingdom"
"6537","Salvatore Ferragamo","SFER.MI","2.58145","10.7951","Italy"
"6538","XPeng","XPEV","2.58379","11.15","China"
"6539","Novonesis","NZYM.VI","2.58381","70.0163","Denmark"
"6540","FTI Consulting","FCN","2.58419","155.52","United States"
"6541","Exxon Mobil","XOM","2.58456","164.05","United States"
"6542","Advanced Technology Company K.S.C.P.","ATC.KW","2.58492","1757.42","Kuwait"
"6543","ACM Research","ACMR","2.5856","77.345","United States"
"6544","ARB Corporation Limited","ARB.AX","2.58629","15.3863","Australia"
"6545","Satellite Chemical","002648.SZ","2.58675","3.95103","China"
"6546","Verbio","VBK.F","2.58777","36.139","Germany"
"6547","Lifevantage","LFVN","2.58833","6.84","United States"
"6548","EOG Resources","EOG","2.58853","150.21","United States"
"6549","Metro Mining","MMI.AX","2.58888","1.0515","Australia"
"6550","Riverstone Holdings","AP4.SI","2.58894","0.637243","Singapore"
"6551","Qiagen","QGEN","2.58947","41.78","Netherlands"
"6552","AAK","AAK.ST","2.59018","20.7123","Sweden"
"6553","WSP Global","WSP.TO","2.5914","138.74","Canada"
"6554","Transport Corporation of India","TCI.NS","2.59225","9.34176","India"
"6555","Credicorp","BAP","2.59311","379.74","Bermuda"
"6556","Giant Biogene","2367.HK","2.59312","3.45976","China"
"6557","Smoore International Holdings","6969.HK","2.59328","1.30889","China"
"6558","Al Taiseer Group TALCO Industrial Company","4143.SR","2.5944","9.56211","Saudi Arabia"
"6559","Gamma Communications","GAMA.L","2.5952","15.0807","United Kingdom"
"6560","Adtalem Global Education","ATGE","2.59633","98.54","United States"
"6561","Cement Roadstone Holding","CRH","2.59636","95.79","Ireland"
"6562","Southern Company","SO","2.59691","90.1","United States"
"6563","CTT - Correios De Portugal","CTT.LS","2.5977","7.57169","Portugal"
"6564","Amkor Technology","AMKR","2.59854","47.9","United States"
"6565","AN2 Therapeutics","ANTX","2.59855","5.63","United States"
"6566","Chunghwa Telecom","CHT","2.59961","43.17","Taiwan"
"6567","JPMorgan Chase","JPM","2.60234","356.39","United States"
"6568","Baazeem Trading Company","4051.SR","2.60261","1.48892","Saudi Arabia"
"6569","M3, Inc","2413.T","2.60307","10.985","Japan"
"6570","Helios Technologies","HLIO","2.60325","73.98","United States"
"6571","MISTRAS Group","MG","2.6042","19.1","United States"
"6572","Kyverna Therapeutics","KYTX","2.60553","8.24","United States"
"6573","DIP Corporation","2379.T","2.60576","11.8638","Japan"
"6574","Oneok","OKE","2.60609","93.02","United States"
"6575","OmniAb","OABI","2.60727","4.71","United States"
"6576","Heidelbergcement India","HEIDELBERG.NS","2.60756","1.6899","India"
"6577","EVE Energy","300014.SZ","2.60917","8.11776","China"
"6578","Kuwait and Gulf Link Transport Company","KGL.KW","2.60944","234.91","Kuwait"
"6579","De' Longhi","DLG.MI","2.61037","47.4003","Italy"
"6580","TaskUs","TASK","2.61091","7.83","United States"
"6581","Kura Sushi USA","KRUS","2.61159","49.62","United States"
"6582","Gaming and Leisure Properties","GLPI","2.61217","43.93","United States"
"6583","Takasago Thermal Engineering","1969.T","2.61309","27.0796","Japan"
"6584","Lemonsoft","LEMON.HE","2.61353","5.23432","Finland"
"6585","T’way Air","091810.KS","2.61365","0.45209","South Korea"
"6586","TDK","6762.T","2.61441","19.139","Japan"
"6587","Railcare Group AB","RAIL.ST","2.61552","3.58888","Sweden"
"6588","Lisi S.A.","FII.PA","2.6156","73.6768","France"
"6589","Gurit Holding","GURN.SW","2.61819","36.0755","Switzerland"
"6590","ICICI Bank","IBN","2.61825","29.64","India"
"6591","LG CNS","064400.KS","2.61843","52.7198","South Korea"
"6592","Poste Italiane","PST.MI","2.61909","32.0121","Italy"
"6593","mBank","MBK.WA","2.62039","371.742","Poland"
"6594","DT Midstream","DTM","2.62051","125.74","United States"
"6595","Smith-Midland Corporation","SMID","2.62095","27.5","United States"
"6596","Titan America","TTAM","2.62137","15.09","United States"
"6597","Equinox Gold","EQX","2.62264","13.76","Canada"
"6598","Gokaldas Exports","GOKEX.NS","2.62373","8.27709","India"
"6599","Option Care Health","OPCH","2.62415","23.67","United States"
"6600","Bajaj Mobility AG","BMAG.VI","2.62487","38.1791","Austria"
"6601","Solid Biosciences","SLDB","2.62523","9.16","United States"
"6602","Array Technologies","ARRY","2.62731","4.57","United States"
"6603","India Glycols","INDIAGLYCO.NS","2.6283","12.2631","India"
"6604","Metals Exploration","MTL.L","2.629","0.214291","United Kingdom"
"6605","Cirrus Logic","CRUS","2.62929","111.64","United States"
"6606","Orica","ORI.AX","2.62944","15.9585","Australia"
"6607","Northern Trust","NTRS","2.62953","186.66","United States"
"6608","The Japan Steel Works","5631.T","2.62968","48.1708","Japan"
"6609","L'azurde Company for Jewelry","4011.SR","2.63163","2.85798","Saudi Arabia"
"6610","Nextera Energy","NEE","2.63236","84.1","United States"
"6611","Perseus Mining","PRU.AX","2.63366","4.38484","Australia"
"6612","Madras Rubber Factory","MRF.NS","2.63366","1389.25","India"
"6613","Vishay Precision Group","VPG","2.6348","66.16","United States"
"6614","Al-Babtain Power and Telecommunications","2320.SR","2.63655","15.9946","Saudi Arabia"
"6615","International Money Express","IMXI","2.63692","14.2","United States"
"6616","Kandenko","1942.T","2.63692","33.8966","Japan"
"6617","Waters Corporation","WAT","2.63732","410.75","United States"
"6618","Manazel Holding Company","MANAZEL.KW","2.63741","156.505","Kuwait"
"6619","Entain","ENT.L","2.63756","7.35372","Isle of Man"
"6620","Northwest Pipe Company","NWPX","2.63793","110.51","United States"
"6621","Furuno Electric Co., Ltd.","6814.T","2.63826","48.0202","Japan"
"6622","West African Resources","WAF.AX","2.63995","2.71817","Australia"
"6623","Hyperfine","HYPR","2.64281","0.8563","United States"
"6624","Generalfinance","GF.MI","2.64395","25.0641","Italy"
"6625","Dai-Dan","1980.T","2.64401","17.1241","Japan"
"6626","FRIWO","CEA.DE","2.64464","5.47913","Germany"
"6627","Sony","SONY","2.64522","24.26","Japan"
"6628","Econergy Renewable Energy","ECNR.TA","2.64524","20.0892","Israel"
"6629","Nihon Falcom","3723.T","2.64627","18.1849","Japan"
"6630","Nexstar Media Group","NXST","2.64656","186.24","United States"
"6631","Yili Group","600887.SS","2.64657","3.85285","China"
"6632","Calian Group","CGY.TO","2.64708","54.9895","Canada"
"6633","Saudi Arabian Refineries Company","2030.SR","2.64793","13.4908","Saudi Arabia"
"6634","Celltrion","068270.KS","2.6499","136.927","South Korea"
"6635","Athabasca Oil Corporation","ATH.TO","2.65006","7.77834","Canada"
"6636","Spark New Zealand","SPK.NZ","2.65028","1.29847","New Zealand"
"6637","Al Rajhi Bank","1120.SR","2.6512","18.1787","Saudi Arabia"
"6638","Auto Partner","APR.WA","2.65149","8.24138","Poland"
"6639","Goodman Group","GMG.AX","2.65181","19.8856","Australia"
"6640","Dorman Products","DORM","2.65233","131.09","United States"
"6641","Fomento Económico Mexicano (FEMSA)","FMX","2.65264","121.99","Mexico"
"6642","FedEx","FDX","2.65266","334.05","United States"
"6643","C.Uyemura & Co.,Ltd.","4966.T","2.65278","122.216","Japan"
"6644","Itron","ITRI","2.65282","98.69","United States"
"6645","W. R. Berkley","WRB","2.65363","69.7","United States"
"6646","Sienna Senior Living","SIA.TO","2.65474","15.5711","Canada"
"6647","PayPal","PYPL","2.65522","61.68","United States"
"6648","Imunon","IMNN","2.65569","1.59","United States"
"6649","SeSa S.p.A.","SES.MI","2.65844","107.018","Italy"
"6650","Escorts Kubota","ESCORTS.NS","2.65872","32.004","India"
"6651","Trelleborg AB","TREL-B.ST","2.65886","46.5186","Sweden"
"6652","Insight Enterprises","NSIT","2.66074","145.29","United States"
"6653","Chery Automobile","9973.HK","2.66161","3.36025","China"
"6654","Larimar Therapeutics","LRMR","2.66227","4.05","United States"
"6655","Hua Hong Semiconductor Limited","1347.HK","2.66318","14.084","China"
"6656","Virtu Financial","VIRT","2.66486","66.29","United States"
"6657","Rocky Mountain Chocolate Factory","RMCF","2.66513","1.17","United States"
"6658","Godawari Power &amp; Ispat","GPIL.NS","2.6654","2.55553","India"
"6659","Sporting Clube de Portugal","SCP.LS","2.66545","1.1308","Portugal"
"6660","Taylor Devices","TAYD","2.6661","57.99","United States"
"6661","KOMEDA Holdings","3543.T","2.6663","18.8314","Japan"
"6662","EaseMyTrip","EASEMYTRIP.NS","2.66775","0.0639432","India"
"6663","Exide Industries","EXIDEIND.NS","2.66837","4.69125","India"
"6664","Fattal Holdings (Leonardo Hotels)","FTAL.TA","2.66845","221.824","Israel"
"6665","Redcare Pharmacy","RDC.DE","2.66888","71.9282","Netherlands"
"6666","Intercos","ICOS.MI","2.67131","16.2975","Italy"
"6667","Halliburton","HAL","2.6725","34.63","United States"
"6668","Coherus BioSciences","CHRS","2.67252","1.36","United States"
"6669","Legacy Education","LGCY","2.67257","10.46","United States"
"6670","Saudi Chemical Holding Company","2230.SR","2.67312","2.09354","Saudi Arabia"
"6671","Camden Property Trust","CPT","2.67339","109.15","United States"
"6672","Simulations Plus","SLP","2.67657","18.4","United States"
"6673","Sinclair, Inc.","SBGI","2.67688","14.51","United States"
"6674","VTEX","VTEX","2.67769","3.66","United Kingdom"
"6675","Rave Restaurant Group","RAVE","2.67866","3.1","United States"
"6676","Shihlin Electric & Engineering Corp.","1503.TW","2.68054","6.25823","Taiwan"
"6677","coly","4175.T","2.68087","17.0801","Japan"
"6678","Kazatomprom","0ZQ.F","2.6813","69.4801","Kazakhstan"
"6679","DHL Group (Deutsche Post)","DHL.DE","2.68183","66.2392","Germany"
"6680","M&G plc","MNG.L","2.68225","4.7885","United Kingdom"
"6681","Diamond Hill Investment Group","DHIL","2.68258","174.99","United States"
"6682","Steadfast Group","SDF.AX","2.68269","4.17024","Australia"
"6683","Sadr Logistics Company","1832.SR","2.6828","0.68453","Saudi Arabia"
"6684","NIBE Industrier","NIBE-B.ST","2.6829","4.48031","Sweden"
"6685","AllianceBernstein","AB","2.68324","36.36","United States"
"6686","Pentair","PNR","2.6853","63.31","United Kingdom"
"6687","Ten Square Games","TEN.WA","2.68564","28.1208","Poland"
"6688","YOOZOO Interactive","002174.SZ","2.68601","1.80444","China"
"6689","Indian Metals &amp; Ferro Alloys","IMFA.NS","2.68719","14.3997","India"
"6690","Dermapharm","DMP.F","2.68776","46.1646","Germany"
"6691","Root Insurance","ROOT","2.68791","56.54","United States"
"6692","Icape Holding","ALICA.PA","2.68832","9.9557","France"
"6693","Protolabs","PRLB","2.6887","76.78","United States"
"6694","Happinet","7552.T","2.68911","23.6021","Japan"
"6695","Arcosa","ACA","2.68924","145.27","United States"
"6696","TAT Technologies","TATT","2.69001","37.35","Israel"
"6697","NEC Corp","6701.T","2.69044","29.1887","Japan"
"6698","Amer Sports","AS","2.69053","31.24","Finland"
"6699","Yadea Group","1585.HK","2.69116","1.31399","China"
"6700","Loomis AB","LOOMIS.ST","2.69313","55.7276","Sweden"
"6701","Macquarie Group Limited","MQG.AX","2.69358","180.258","Australia"
"6702","Omega Healthcare Investors","OHI","2.69371","46.59","United States"
"6703","Raymond James Financial","RJF","2.6952","176.68","United States"
"6704","Synaptics","SYNA","2.69636","93.68","United States"
"6705","PDS Multinational","PDSL.NS","2.69675","3.81778","India"
"6706","REVO Insurance S.p.A.","REVO.MI","2.69683","28.7946","Italy"
"6707","Banque Cantonale Vaudoise","BCVN.SW","2.69758","157.986","Switzerland"
"6708","Driven Brands","DRVN","2.69824","13.03","United States"
"6709","Sylogist","SYZ.TO","2.69937","2.24403","Canada"
"6710","Dingdong Maicai","DDL","2.70342","2.36","China"
"6711","Marchex","MCHX","2.70465","1.76","United States"
"6712","Jonhon Optronic Technology","002179.SZ","2.70467","4.96407","China"
"6713","Bangkok Expressway and Metro (BEM)","BEM.BK","2.70547","0.212279","Thailand"
"6714","ENGIE Brasil","EGIE3.SA","2.70574","5.44403","Brazil"
"6715","Teledyne Technologies","TDY","2.70594","625.21","United States"
"6716","Cadrenal Therapeutics","CVKD","2.70699","1.57","United States"
"6717","NEXTDC","NXT.AX","2.70727","9.72103","Australia"
"6718","Muyuan Foods","002714.SZ","2.70794","5.93993","China"
"6719","Carnival Corporation","CCL","2.71229","25.71","United States"
"6720","Collegium Pharmaceutical","COLL","2.71373","27.35","United States"
"6721","Regeneron Pharmaceuticals","REGN","2.71446","828.5","United States"
"6722","Meshek Energy - Renewable Energies","MSKE.TA","2.7155","3.15487","Israel"
"6723","Enter Air","ENT.WA","2.71672","14.2634","Poland"
"6724","Fuji Corporation","6134.T","2.71773","45.3147","Japan"
"6725","Santam","SNT.JO","2.71793","24.9209","South Africa"
"6726","Labrador Iron Ore Royalty Corp.","LIF.TO","2.71796","19.5252","Canada"
"6727","Alembic Pharmaceuticals","APLLTD.NS","2.72004","8.40038","India"
"6728","Intellicheck","IDN","2.72005","2.89","United States"
"6729","Transcat","TRNS","2.72059","87.38","United States"
"6730","Boston Scientific","BSX","2.72091","49.01","United States"
"6731","Sampoerna","HMSP.JK","2.7244","0.0420785","Indonesia"
"6732","Enterprise Products","EPD","2.72573","38.36","United States"
"6733","Kimbell Royalty Partners","KRP","2.72583","15.46","United States"
"6734","Bilia AB","BILI-A.ST","2.726","15.1764","Sweden"
"6735","COPT Defense Properties","CDP","2.72623","37.46","United States"
"6736","Corero Network Security","CNS.L","2.72666","0.0987671","United Kingdom"
"6737","James Hardie Industries","JHX","2.72847","30.2","Ireland"
"6738","Almoosa Health Company","4018.SR","2.72901","31.9359","Saudi Arabia"
"6739","PeptiDream","4587.T","2.72902","6.99274","Japan"
"6740","Chapel Down Group","CDGP.L","2.72962","0.661399","United Kingdom"
"6741","Galenica","GALE.SW","2.73107","103.002","Switzerland"
"6742","The North West Company","NWC.TO","2.73112","35.3994","Canada"
"6743","Dalrymple Bay Infrastructure","DBI.AX","2.73213","3.8269","Australia"
"6744","Align Technology","ALGN","2.73311","159.64","United States"
"6745","Aris Mining","ARIS","2.7332","20.81","Canada"
"6746","Bangkok Dusit Medical Services (BDMS)","BDMS.BK","2.73358","0.60171","Thailand"
"6747","Yum China","YUMC","2.73381","48.92","China"
"6748","Hindustan Construction Company","HCC.NS","2.73398","0.23707","India"
"6749","Cranswick","CWK.L","2.73474","73.5645","United Kingdom"
"6750","Royal Bank Of Canada","RY","2.73495","204.02","Canada"
"6751","Wafrah for Industry and Development Company","2100.SR","2.73499","5.66269","Saudi Arabia"
"6752","Stille AB","STIL.ST","2.73515","24.0486","Sweden"
"6753","Reliance","RS","2.73794","382.49","United States"
"6754","OSE Immunotherapeutics","OSE.PA","2.73822","3.72814","France"
"6755","Hewlett Packard Enterprise","HPE","2.73845","52.43","United States"
"6756","AGROB Immobilien","AGR.F","2.73976","31.0096","Germany"
"6757","BMV (Bolsa Mexicana de Valores)","BOLSAA.MX","2.74184","2.22647","Mexico"
"6758","Metro","MRU.TO","2.74336","65.0913","Canada"
"6759","DSV","DSV.VI","2.74375","218.699","Denmark"
"6760","Petro Rabigh","2380.SR","2.74403","4.79704","Saudi Arabia"
"6761","Toscana Aeroporti","TYA.MI","2.74461","21.0422","Italy"
"6762","Fuso Chemical","4368.T","2.74473","19.1767","Japan"
"6763","CompX International","CIX","2.74585","31.37","United States"
"6764","First Advantage","FA","2.74667","20.69","United States"
"6765","Mani, Inc.","7730.T","2.74817","10.1313","Japan"
"6766","Eurofins Scientific","ERF.PA","2.74856","85.8242","Luxembourg"
"6767","Constellation Brands","STZ","2.74892","137.6","United States"
"6768","Reece Group","REH.AX","2.74963","11.8956","Australia"
"6769","Drecom","3793.T","2.75034","3.06325","Japan"
"6770","CEAT","CEATLTD.NS","2.75079","36.9711","India"
"6771","Naturgy","NTGY.MC","2.75302","34.81","Spain"
"6772","Lumibird","LBIRD.PA","2.75434","30.4267","France"
"6773","Whirlpool S.A.","WHRL3.SA","2.75587","0.679532","Brazil"
"6774","Systemair AB","SYSR.ST","2.75713","8.87221","Sweden"
"6775","Korea Zinc","010130.KS","2.75715","1030.56","South Korea"
"6776","Innovatec","INC.MI","2.75765","0.290277","Italy"
"6777","Vodacom","VOD.JO","2.75924","9.1026","South Africa"
"6778","HORIBA","6856.T","2.76029","146.414","Japan"
"6779","Custom Truck One Source","CTOS","2.76033","9.77","United States"
"6780","Arabi Group Holding","AGHC.KW","2.76114","1254.07","Kuwait"
"6781","O.Y. Nofar Energy","NOFR.TA","2.76311","56.2977","Israel"
"6782","NIKKON Holdings","9072.T","2.76317","34.11","Japan"
"6783","Midea","000333.SZ","2.7634","12.8959","China"
"6784","American Public Education","APEI","2.76467","46.25","United States"
"6785","Fourth Milling","2286.SR","2.76588","1.06275","Saudi Arabia"
"6786","EcoSynthetix","ECO.TO","2.7691","1.80388","Canada"
"6787","Coats Group","COA.L","2.77052","1.11437","United Kingdom"
"6788","Worthington Enterprises","WOR","2.77146","56.79","United States"
"6789","Persol Holdings","2181.T","2.77197","1.87122","Japan"
"6790","Flywire","FLYW","2.77248","19.42","United States"
"6791","International Consolidated Airlines","BABWF","2.77446","5.65","Spain"
"6792","CSPC Pharmaceutical Group Limited","1093.HK","2.7754","1.20045","China"
"6793","freelancer.com","FLN.AX","2.77593","0.107296","Australia"
"6794","EHang Holdings","EH","2.77601","5.2","China"
"6795","Ovid Therapeutics","OVID","2.77774","2.82","United States"
"6796","Cettire Limited","CTT.AX","2.77838","0.171674","Australia"
"6797","CSL","CSL.AX","2.77871","124.206","Australia"
"6798","Batic Investments and Logistics Company","4110.SR","2.77887","0.546026","Saudi Arabia"
"6799","IMCD","IMCD.AS","2.78028","112.334","Netherlands"
"6800","Saizeriya","7581.T","2.78051","45.886","Japan"
"6801","OceanaGold","OGC.TO","2.78131","31.1855","Canada"
"6802","Witbe S.A.","ALWIT.PA","2.78198","4.19678","France"
"6803","Herc Holdings","HRI","2.78302","158","United States"
"6804","Zura Bio","ZURA","2.78347","6.3","United States"
"6805","Mid-America Apartment Communities","MAA","2.78349","133.16","United States"
"6806","ING Bank Slaski","ING.WA","2.78417","120.116","Poland"
"6807","Kewal Kiran Clothing","KKCL.NS","2.78517","5.39338","India"
"6808","Cracker Barrel","CBRL","2.78607","58.02","United States"
"6809","Höegh Autoliners","HAUTO.OL","2.78821","18.4942","Norway"
"6810","BAWAG Group","0B2.F","2.78835","207.508","Austria"
"6811","Devyser Diagnostics","DVYSR.ST","2.7886","6.29369","Sweden"
"6812","Westwing Group","WEW.DE","2.78899","15.0385","Germany"
"6813","GFL Environmental","GFL","2.79048","41.5","Canada"
"6814","First Milling Company","2283.SR","2.79065","14.1967","Saudi Arabia"
"6815","Alfamart","AMRT.JK","2.79426","0.0799209","Indonesia"
"6816","Asiana Airlines","020560.KS","2.79428","5.12754","South Korea"
"6817","Storebrand","STB.OL","2.7947","21.9954","Norway"
"6818","LEWAG Holding","KGR.F","2.79508","27.9785","Germany"
"6819","Crexendo","CXDO","2.79524","6.27","United States"
"6820","Digital Realty","DLR","2.79667","188.55","United States"
"6821","Oklo","OKLO","2.79806","39.69","United States"
"6822","Eldorado Gold","EGO","2.79862","46.37","Canada"
"6823","National Presto Industries","NPK","2.80156","155.14","United States"
"6824","Hilton Grand Vacations","HGV","2.80252","45.36","United States"
"6825","Zydus Wellness","ZYDUSWELL.NS","2.80305","5.49316","India"
"6826","Wacom Co., Ltd.","6727.T","2.80433","4.98406","Japan"
"6827","Strides Pharma","STAR.NS","2.80522","10.3134","India"
"6828","Pagaya Technologies","PGY","2.80579","21.82","Israel"
"6829","Watches of Switzerland Group","WOSG.L","2.8068","9.39309","United Kingdom"
"6830","Viscofan","VIS.MC","2.8084","67.0319","Spain"
"6831","Viant Technology","DSP","2.80911","12.24","United States"
"6832","COLTENE Holding AG","CLTN.SW","2.80976","59.4623","Switzerland"
"6833","CeoTronics","CEK.DE","2.80981","12.3805","Germany"
"6834","GAM Holding AG","GAM.SW","2.81176","0.0945426","Switzerland"
"6835","Perfect Presentation for Commercial Services CompanyPerfect Presentation for Commercial Services","7204.SR","2.81195","1.7606","Saudi Arabia"
"6836","Iamgold","IAG","2.81198","21.8","Canada"
"6837","GCL Global Holdings Ltd","GCL","2.81248","0.7911","Singapore"
"6838","Cloetta","CLA-B.ST","2.81413","5.76746","Sweden"
"6839","Igarashi Motors India","IGARASHI.NS","2.81717","4.47602","India"
"6840","Aecon Group","ARE.TO","2.8175","31.8277","Canada"
"6841","Primo Brands","PRMB","2.81751","23.02","United States"
"6842","Construtora Tenda S.A.","TEND3.SA","2.81999","6.01489","Brazil"
"6843","Olympus","7733.T","2.82203","13.5963","Japan"
"6844","Userjoy Technology","3546.TWO","2.82253","2.23665","Taiwan"
"6845","Saudi Arabian Fertilizer Company","2020.SR","2.82254","34.4662","Saudi Arabia"
"6846","Puravankara","PURVA.NS","2.82389","2.27709","India"
"6847","Glencore","GLCNF","2.82438","8.1","Switzerland"
"6848","GO (Etihad Atheeb Telecommunication Company)","7040.SR","2.82463","23.4658","Saudi Arabia"
"6849","Patanjali Foods","PATANJALI.NS","2.82519","3.64643","India"
"6850","Curaleaf","CURLF","2.82608","9.7","United States"
"6851","Meituan","3690.HK","2.8274","9.84857","China"
"6852","Sanoma","SANOMA.HE","2.82849","11.1098","Finland"
"6853","Stadler Rail","SRAIL.SW","2.82947","30.6766","Switzerland"
"6854","Martifer SGPS","MAR.LS","2.83004","2.66962","Portugal"
"6855","VIGO Photonics","VGO.WA","2.83008","133.973","Poland"
"6856","Entergy","ETR","2.83087","105.79","United States"
"6857","Grupo Aeroportuario del Sureste
(ASUR)","ASR","2.83094","260.52","Mexico"
"6858","Fiera Milano","FM.MI","2.83178","9.3495","Italy"
"6859","Geo Group","GEO","2.83206","32.18","United States"
"6860","THK Co.","6481.T","2.83262","42.942","Japan"
"6861","Maharah for Human Resources Company","1831.SR","2.83351","1.2492","Saudi Arabia"
"6862","Tri Chemical Laboratories","4369.T","2.8342","20.3693","Japan"
"6863","Intellia Therapeutics","NTLA","2.8344","12.56","United States"
"6864","Jindal Stainless","JSL.NS","2.83447","7.32421","India"
"6865","Kusuri No Aoki Holdings","3549.T","2.83617","26.4331","Japan"
"6866","ZK International Group","ZKIN","2.8365","1.15","China"
"6867","Magic Software","MGIC","2.83667","17.38","Israel"
"6868","Elecnor","ENO.MC","2.83749","37.1882","Spain"
"6869","Gooch &amp; Housego","GHH.L","2.83782","16.3477","United Kingdom"
"6870","Midera Food Processing","MFP","2.8411","48.75","United States"
"6871","Kaiser Aluminum","KALU","2.84194","152.5","United States"
"6872","SS&C Technologies","SSNC","2.84206","83.54","United States"
"6873","ECN Capital","ECN.TO","2.84236","2.18172","Canada"
"6874","Sanghi Industries","SANGHIIND.NS","2.84472","0.521262","India"
"6875","Thule Group AB","THULE.ST","2.84488","22.2068","Sweden"
"6876","EL.En. S.p.A. (Elen Group)","ELN.MI","2.84522","17.7897","Italy"
"6877","Lundin Mining","LUN.TO","2.84558","27.4912","Canada"
"6878","TOMY Company","7867.T","2.84804","23.2192","Japan"
"6879","Acrow Limited","ACF.AX","2.84882","0.675966","Australia"
"6880","Guangdong HAID Group","002311.SZ","2.84996","6.69414","China"
"6881","Soligenix","SNGX","2.85074","0.4047","United States"
"6882","Boubyan Bank","BOUBYAN.KW","2.85145","2187.81","Kuwait"
"6883","India Nippon Electricals","INDNIPPON.NS","2.85214","11.2151","India"
"6884","Noevir Holdings","4928.T","2.85362","30.6011","Japan"
"6885","Alico","ALCO","2.85438","41.22","United States"
"6886","Aktis Oncology","AKTS","2.85511","25.98","United States"
"6887","Danaher","DHR","2.85551","215.11","United States"
"6888","Element Fleet Management","EFN.TO","2.85681","19.684","Canada"
"6889","Mangalam Cement","MANGLMCEM.NS","2.85962","10.8176","India"
"6890","Air Asia Company Limited (AACL)","2630.TW","2.86026","1.55123","Taiwan"
"6891","Macerich","MAC","2.86119","24.36","United States"
"6892","Sociedad Química y Minera","SQM","2.86218","82.33","Chile"
"6893","Kuwait Telecommunications Company","STC.KW","2.8633","1956.31","Kuwait"
"6894","Dick's Sporting Goods","DKS","2.86399","179.33","United States"
"6895","Constellation Energy","CEG","2.86453","273.43","United States"
"6896","Western Copper and Gold","WRN","2.86516","2.55","Canada"
"6897","Beijer Ref","BEIJ-B.ST","2.86546","13.903","Sweden"
"6898","Altius Minerals","ALS.TO","2.86577","47.0092","Canada"
"6899","HEG","HEG.NS","2.86582","7.54571","India"
"6900","Federal Realty Investment Trust","FRT","2.86628","117.54","United States"
"6901","Jefferson Capital","JCAP","2.8669","22.11","United States"
"6902","ReposiTrak","TRAK","2.86854","7.97","United States"
"6903","EVT Limited","EVT.AX","2.86935","11.0372","Australia"
"6904","Mr Price Group","MRP.JO","2.87085","10.1746","South Africa"
"6905","MA Financial Group","MAF.AX","2.87136","4.69957","Australia"
"6906","MODEC, Inc.","6269.T","2.87171","61.9366","Japan"
"6907","JTEKT India","JTEKTINDIA.NS","2.87235","1.31825","India"
"6908","McBride","MCB.L","2.87259","2.23535","United Kingdom"
"6909","OVB Holding","O4B.DE","2.87267","22.616","Germany"
"6910","Cognyte Software","CGNT","2.874","8.54","Israel"
"6911","EPC Groupe","EXPL.PA","2.87478","312.427","France"
"6912","CTS Corporation","CTS","2.87521","56.13","United States"
"6913","Dolphin Drilling","DDRIL.OL","2.87566","0.252389","Norway"
"6914","TANLA","TANLA.NS","2.87587","5.81496","India"
"6915","CCL Industries","CCL-B.TO","2.87634","68.6702","Canada"
"6916","Rakuten Bank","5838.T","2.87954","40.5316","Japan"
"6917","Ermenegildo Zegna","ZGN","2.88029","13.86","Italy"
"6918","High Tide","HITI","2.8803","2.46","Canada"
"6919","American Resources Corp","AREC","2.88122","2.51","United States"
"6920","Mitra Keluarga","MIKA.JK","2.88166","0.104208","Indonesia"
"6921","CVRx","CVRX","2.88299","3.15","United States"
"6922","JSW Energy","JSWENERGY.NS","2.88368","5.69481","India"
"6923","Riskified","RSKD","2.88584","5.95","Israel"
"6924","Protalix BioTherapeutics","PLX","2.8883","2.41","Israel"
"6925","Siegfried Holding","SFZN.SW","2.88896","93.7963","Switzerland"
"6926","Telenor","TEL.OL","2.88906","14.5849","Norway"
"6927","lululemon athletica","LULU","2.88921","122.78","Canada"
"6928","Yuhan","000100.KS","2.88922","60.1583","South Korea"
"6929","Boston Beer Company","SAM","2.89004","189.44","United States"
"6930","Elekta AB","EKTA-B.ST","2.89028","5.86745","Sweden"
"6931","Southwest Airlines","LUV","2.89682","40.71","United States"
"6932","AutoNation","AN","2.89692","195.13","United States"
"6933","37 Interactive Entertainment","002555.SZ","2.89815","2.7803","China"
"6934","Galaxy Surfactants","GALAXYSURF.NS","2.89827","23.8418","India"
"6935","Neo Performance Materials","NEO.TO","2.89858","23.9628","Canada"
"6936","Bank Central Asia","BBCA.JK","2.90049","0.36148","Indonesia"
"6937","Tencent","TCEHY","2.90314","57.17","China"
"6938","American Battery Technology Company","ABAT","2.90359","2.4","United States"
"6939","NSD Co., Ltd.","9759.T","2.90498","18.0845","Japan"
"6940","Nutex Health","NUTX","2.90617","187.6","United States"
"6941","Stagwell","STGW","2.9069","8.88","United States"
"6942","iSoftStone Information Technology","301236.SZ","2.90754","5.54275","China"
"6943","Bisalloy Steel Group","BIS.AX","2.9077","3.42632","Australia"
"6944","Kalray","ALKAL.PA","2.90942","7.0063","France"
"6945","Investment AB Latour","LATO-B.ST","2.90984","21.0176","Sweden"
"6946","Artivion","AORT","2.91043","26.89","United States"
"6947","Telekom Malaysia","4863.KL","2.91052","1.94482","Malaysia"
"6948","TMX Group","X.TO","2.91086","38.6608","Canada"
"6949","Sprout Social","SPT","2.91149","10.34","United States"
"6950","Morgan Stanley","MS","2.91398","214.08","United States"
"6951","Zhaojin Mining Industry Company","1818.HK","2.91482","3.16634","China"
"6952","Freshpet","FRPT","2.91495","76.55","United States"
"6953","Evolva Holding SA","EVE.SW","2.91571","2.86116","Switzerland"
"6954","Amper, S.A.","AMP.MC","2.91807","5.51877","Spain"
"6955","Kratos Defense &amp; Security Solutions","KTOS","2.91838","53.07","United States"
"6956","Tera Light","TRLT.TA","2.919","5.34312","Israel"
"6957","Österreichische Post","POST.VI","2.91977","36.2555","Austria"
"6958","Container Corporation of India","CONCOR.NS","2.92237","5.38397","India"
"6959","FACC AG","FACC.VI","2.92244","18.3726","Austria"
"6960","Odysight.ai","ODYS","2.92253","3.68","Israel"
"6961","America Movil","AMX","2.92301","23.8","Mexico"
"6962","Swisscom","SCMN.SW","2.92311","790.551","Switzerland"
"6963","Coelacanth Energy","CEI.V","2.92381","0.555596","Canada"
"6964","AstroNova, Inc.","ALOT","2.92419","28.91","United States"
"6965","Fagron","FAGR.BR","2.92456","25.9967","Belgium"
"6966","South Bow","SOBO","2.92462","37.31","Canada"
"6967","Patria Investments","PAX","2.92508","11.48","Cayman Islands"
"6968","Freehold Royalties","FRU.TO","2.92517","12.7787","Canada"
"6969","Hanwha Systems","272210.KS","2.92681","52.5031","South Korea"
"6970","ČEZ Group","CEZ.PR","2.92741","66.5473","Czech Republic"
"6971","Meidensha Corporation","6508.T","2.92898","72.6894","Japan"
"6972","Petrovietnam Gas","GAS.VN","2.92917","3.19043","Vietnam"
"6973","Arthur J. Gallagher & Co.","AJG","2.92926","271.99","United States"
"6974","Leonardo","LDO.MI","2.9296","64.4906","Italy"
"6975","SLB (Schlumberger)","SLB","2.92998","54","United States"
"6976","Man Group","EMG.L","2.93024","4.1741","Jersey"
"6977","Kaō","4452.T","2.93265","22.6856","Japan"
"6978","Pigeon","7956.T","2.93453","13.4896","Japan"
"6979","Louisiana-Pacific","LPX","2.93517","72.62","United States"
"6980","Karnov Group","KAR.ST","2.93668","8.72486","Sweden"
"6981","Real Matters","REAL.TO","2.93857","3.52118","Canada"
"6982","Coca-Cola FEMSA","KOF","2.93862","114.87","Mexico"
"6983","Gogo Inflight Internet","GOGO","2.93933","2.56","United States"
"6984","Bosideng","3998.HK","2.94155","0.571523","Hong Kong"
"6985","Iress Limited","IRE.AX","2.94199","4.46352","Australia"
"6986","Frontier Energy Limited","FHE.AX","2.94253","0.150215","Australia"
"6987","Celsius Holdings","CELH","2.94407","35.03","United States"
"6988","Mentice AB","MNTC.ST","2.94644","1.36293","Sweden"
"6989","Reply","REY.MI","2.94689","142.224","Italy"
"6990","Pfeiffer Vacuum","PFV.F","2.94761","189.088","Germany"
"6991","Emerald Holding","EEX","2.94771","5.04","United States"
"6992","Serco Group","SRP.L","2.94821","3.56924","United Kingdom"
"6993","Clarkson PLC","CKN.L","2.94983","68.5921","United Kingdom"
"6994","Aussie Broadband Limited","ABB.AX","2.94984","3.35479","Australia"
"6995","Solitario Resources","XPL","2.95098","0.793","United States"
"6996","PILLAR Corporation","6490.T","2.95139","64.6546","Japan"
"6997","Five9","FIVN","2.95154","32.77","United States"
"6998","China Yangtze Power","600900.SS","2.95182","4.19648","China"
"6999","Ceconomy","CEC.DE","2.95332","4.61646","Germany"
"7000","Lithium Royalty Corp.","LIRC.TO","2.9535","7.68248","Canada"
"7001","Azbil Corporation","6845.T","2.95526","9.52243","Japan"
"7002","Enovix","ENVX","2.95636","3.27","United States"
"7003","Lubawa","LBW.WA","2.95691","3.28031","Poland"
"7004","MAIA Biotechnology","MAIA","2.95814","1.35","United States"
"7005","Zevia","ZVIA","2.95875","1.4","United States"
"7006","Japan Tobacco","2914.T","2.95896","43.8522","Japan"
"7007","Atul","ATUL.NS","2.9595","67.8821","India"
"7008","Dom Development","DOM.WA","2.95976","67.5279","Poland"
"7009","Aditya Birla Capital","ABCAPITAL.NS","2.96078","4.25974","India"
"7010","Amplifon","AMP.MI","2.96379","13.8727","Italy"
"7011","Hepion Pharmaceuticals","HEPA","2.96397","0.061","United States"
"7012","General Mills","GIS","2.96413","40.92","United States"
"7013","Bafang Yunji","2753.TW","2.96459","5.91317","Taiwan"
"7014","gremz, Inc.","3150.T","2.96581","15.8184","Japan"
"7015","JSW Steel","JSWSTEEL.NS","2.96641","13.7321","India"
"7016","Bango","BGO.L","2.96734","0.834631","United Kingdom"
"7017","Group Five Pipe Saudi Company","9523.SR","2.96771","13.8504","Saudi Arabia"
"7018","LG Energy Solution","373220.KS","2.96798","252.405","South Korea"
"7019","Oculis Holding AG","OCS","2.96852","13.18","Switzerland"
"7020","PubMatic","PUBM","2.96892","16.36","United States"
"7021","Hydratec Industries","HYDRA.AS","2.9703","314.759","Netherlands"
"7022","CVS Group","CVSG.L","2.97093","17.72","United Kingdom"
"7023","Kikkoman","2801.T","2.97176","11.4903","Japan"
"7024","National Medical Care Company","4005.SR","2.97199","33.8536","Saudi Arabia"
"7025","Global Business Travel Group","GBTG","2.97602","9.48","United States"
"7026","Tejas Networks","TEJASNET.NS","2.97713","5.27479","India"
"7027","West Holdings","1407.T","2.97727","16.7098","Japan"
"7028","Black Stone Minerals","BSM","2.97865","15.05","United States"
"7029","Fanuc","6954.T","2.98307","37.9579","Japan"
"7030","FRP Advisory Group","FRP.L","2.98601","1.62182","United Kingdom"
"7031","Gildan","GIL","2.98619","54.95","Canada"
"7032","Saudi Automotive Services Company","4050.SR","2.98751","11.4692","Saudi Arabia"
"7033","Diaceutics PLC","DXRX.L","2.98827","1.9481","United Kingdom"
"7034","Develop Global Limited","DVP.AX","2.98829","3.75536","Australia"
"7035","Brixmor Property Group","BRX","2.98899","29.58","United States"
"7036","POET Technologies","POET","2.98945","7.75","Canada"
"7037","KBR","KBR","2.99024","37.69","United States"
"7038","Royal Gold","RGLD","2.99467","263.75","United States"
"7039","Kalpataru Projects International","KPIL.NS","2.99602","14.4645","India"
"7040","Air Canada","AC.TO","2.99654","20.925","Canada"
"7041","Ninety One Group","N91.L","2.99731","2.92078","South Africa"
"7042","Sintana Energy","SEI.V","2.99737","0.292229","Canada"
"7043","Power Mech Projects","POWERMECH.NS","2.99834","26.177","India"
"7044","Pharming Group","PHAR","2.9987","11.46","Netherlands"
"7045","Leapmotor","9863.HK","2.99929","5.14371","China"
"7046","Shufersal","SAE.TA","2.99986","14.2194","Israel"
"7047","Supermicro","SMCI","3.00314","35.17","United States"
"7048","Funding Circle","FCH.L","3.00369","3.27975","United Kingdom"
"7049","Indorama Synthetics","INDORAMA.NS","3.00398","0.633372","India"
"7050","Axalta","AXTA","3.00411","36.06","United States"
"7051","TSS, Inc.","TSSI","3.00569","8.38","United States"
"7052","Sandhar","SANDHAR.NS","3.00602","7.10114","India"
"7053","Soitec","SOI.PA","3.00694","128.76","France"
"7054","BlackRock","BLK","3.00905","1172.61","United States"
"7055","Nexans","NEX.PA","3.01086","163.791","France"
"7056","CyberStep","3810.T","3.01094","1.38725","Japan"
"7057","WideOpenWest","WOW","3.01254","5.2","United States"
"7058","Sedlmayr Grund und Immobilien AG","SPB.F","3.01273","1282.35","Germany"
"7059","Viaplay Group","VPLAY-B.ST","3.01512","0.144187","Sweden"
"7060","Sanki Engineering","1961.T","3.01672","15.1217","Japan"
"7061","Borregaard","BRG.OL","3.01677","17.141","Norway"
"7062","Forge Global","FRGE","3.01845","45","United States"
"7063","YONEX Co., Ltd.","7906.T","3.02083","17.9778","Japan"
"7064","Anteris Technologies","AVR.AX","3.02227","8.63376","Australia"
"7065","StandardAero","SARO","3.02288","24.57","United States"
"7066","Pan American Silver","PAAS","3.02324","53.63","Canada"
"7067","Victory Capital","VCTR","3.02356","116","United States"
"7068","Duos Technologies Group","DUOT","3.02428","10.27","United States"
"7069","Volaris","VLRS","3.02434","6.94","Mexico"
"7070","Prenetics","PRE","3.02528","21.82","Hong Kong"
"7071","Silvaco Group","SVCO","3.02579","6.85","United States"
"7072","Fortive","FTV","3.02589","60.46","United States"
"7073","ACV Auctions","ACVA","3.0264","7.47","United States"
"7074","Bajaj Housing Finance Limited (BHFL)","BAJAJHFL.NS","3.02712","0.87786","India"
"7075","StoneX Group","SNEX","3.02737","67.75","United States"
"7076","FPT Corporation","FPT.VN","3.02765","2.70136","Vietnam"
"7077","ANI Pharmaceuticals","ANIP","3.0299","74.17","United States"
"7078","George Weston","WN.TO","3.03007","71.3111","Canada"
"7079","Ingersoll Rand","IR","3.03093","79.99","Ireland"
"7080","Filling and Packing Materials Manufacturing Company","2180.SR","3.03111","9.06669","Saudi Arabia"
"7081","SP Group A/S","SPG.CO","3.03147","75.1506","Denmark"
"7082","GEN Restaurant Group","GENK","3.0336","1.97","United States"
"7083","Marimaca Copper","MARI.TO","3.03382","5.88787","Canada"
"7084","Home Product Center","HMPRO.BK","3.03409","0.197007","Thailand"
"7085","Genus","GNS.L","3.03456","31.2785","United Kingdom"
"7086","SODITECH","ALSEC.PA","3.03548","7.32105","France"
"7087","MNTN, Inc.","MNTN","3.03554","12.93","United States"
"7088","Square Enix","9684.T","3.03589","18.5364","Japan"
"7089","Bicara Therapeutics","BCAX","3.03596","23.58","United States"
"7090","The Marzetti Company","MZTI","3.0383","115.76","United States"
"7091","Vox Royalty","VOXR","3.03893","5.84","Canada"
"7092","Theravance Biopharma","TBPH","3.03908","17.01","Cayman Islands"
"7093","Beijing Wantai Biological Pharmacy Enterprise","603392.SS","3.03949","4.18012","China"
"7094","Chart Industries","GTLS","3.04006","209.9","United States"
"7095","Black Diamond Group","BDI.TO","3.04044","13.1178","Canada"
"7096","VF Corporation","VFC","3.04115","14.31","United States"
"7097","Cass Information Systems","CASS","3.04116","57.42","United States"
"7098","CRISPR Therapeutics","CRSP","3.04136","57.075","Switzerland"
"7099","EastGroup Properties","EGP","3.04211","202.36","United States"
"7100","PCBL Limited","PCBL.NS","3.04312","3.35649","India"
"7101","SPS Commerce","SPSC","3.04379","81.35","United States"
"7102","Hollywood Bowl Group","BOWL.L","3.04429","3.82808","United Kingdom"
"7103","System1 Group","SYS1.L","3.04431","4.63184","United Kingdom"
"7104","Royal Unibrew","RBREW.CO","3.04451","68.4463","Denmark"
"7105","Yü Group","YU.L","3.04561","22.6688","United Kingdom"
"7106","Healthcare Services Group","HCSG","3.04577","22.8","United States"
"7107","Musti Group","MUSTI.HE","3.04612","17.4283","Finland"
"7108","Forum Energy Technologies","FET","3.04714","76.05","United States"
"7109","PAL GROUP Holdings","2726.T","3.04718","9.7233","Japan"
"7110","First Industrial Realty Trust","FR","3.04807","63.43","United States"
"7111","PPG Industries","PPG","3.04956","113.23","United States"
"7112","Bilibili","BILI","3.04997","16.5","China"
"7113","Daktronics","DAKT","3.05177","19","United States"
"7114","Ball Corporation","BALL","3.05243","64.42","United States"
"7115","Air China","601111.SS","3.05437","0.880651","China"
"7116","NKT A/S","NKT.CO","3.05509","146.403","Denmark"
"7117","Continental","CON.DE","3.05547","81.6974","Germany"
"7118","Burgenland Holding","BHD.VI","3.0557","96.8495","Austria"
"7119","Bravida Holding","BRAV.ST","3.05966","14.2397","Sweden"
"7120","I.D.I. Insurance Company","IDIN.TA","3.06135","84.03","Israel"
"7121","Adtran Networks","ADV.DE","3.06223","26.8128","Germany"
"7122","Altea Green Power S.p.A.","AGP.MI","3.0627","8.33528","Italy"
"7123","Finolex Cables","FINCABLES.NS","3.06331","13.1648","India"
"7124","Build-A-Bear Workshop","BBW","3.0646","38.87","United States"
"7125","Precision BioSciences","DTIL","3.06478","8.45","United States"
"7126","Afentra","AET.L","3.06551","1.0517","United Kingdom"
"7127","Veridis Environment","VRDS.TA","3.06563","15.8127","Israel"
"7128","Futu Holdings","FUTU","3.06733","115.81","Hong Kong"
"7129","IBEX","IBEX","3.06783","36.84","United States"
"7130","Psychemedics","PMD","3.06788","2.67","United States"
"7131","MM Forgings","MMFL.NS","3.06808","6.58343","India"
"7132","Sensorion","ALSEN.PA","3.06988","0.311261","France"
"7133","Telia Lietuva","ZWS.F","3.07232","2.52973","Lithuania"
"7134","Vaxcyte","PCVX","3.07295","61.87","United States"
"7135","BinDawood","4161.SR","3.0736","1.24387","Saudi Arabia"
"7136","AZZ","AZZ","3.07407","140.76","United States"
"7137","Genius Sports","GENI","3.07631","7.99","United Kingdom"
"7138","Greggs","GRG.L","3.07656","25.407","United Kingdom"
"7139","Godrej Properties","GODREJPROP.NS","3.07676","21.3384","India"
"7140","Ferrari Group PLC","046.F","3.07681","8.95314","United Kingdom"
"7141","Public Policy Holding Company","PPHC","3.07751","11.09","United States"
"7142","Ericsson","ERIC","3.07855","10.16","Sweden"
"7143","Otovo ASA","OTOVO.OL","3.07883","1.22972","Norway"
"7144","Daiichi Sankyō","4568.T","3.07969","17.7612","Japan"
"7145","NOMADAR","NOMA","3.07978","2.36","United States"
"7146","Zoom","ZM","3.08285","104.83","United States"
"7147","AO World","AO.L","3.0834","1.28874","United Kingdom"
"7148","Keller Group","KLR.L","3.08362","39.8338","United Kingdom"
"7149","Osotspa","OSP.BK","3.08682","0.537569","Thailand"
"7150","Resolute Mining","RSG.AX","3.0869","0.987124","Australia"
"7151","Eckert &amp; Ziegler","EUZ.F","3.0901","15.4931","Germany"
"7152","Donnelley Financial Solutions","DFIN","3.09292","47.39","United States"
"7153","Akamai","AKAM","3.09343","105.66","United States"
"7154","Appen","APX.AX","3.09349","1.09084","Australia"
"7155","Tectonic Therapeutic","TECX","3.09424","36.47","United States"
"7156","First Majestic Silver","AG","3.09492","20.83","Canada"
"7157","Ipsen","IPN.PA","3.09498","191.77","France"
"7158","Intercontinental Exchange","ICE","3.09525","162.99","United States"
"7159","Hyliion","HYLN","3.0958","3.15","United States"
"7160","GE HealthCare Technologies","GEHC","3.09675","74.19","United States"
"7161","Nat Games (Nexon Games)","225570.KQ","3.09719","7.74186","South Korea"
"7162","Element Solutions","ESI","3.09991","34.98","United States"
"7163","Zehnder Group","ZEHN.SW","3.10072","88.0739","Switzerland"
"7164","PR TIMES Corporation","3922.T","3.1037","13.6591","Japan"
"7165","Phoenix Education Partners","PXED","3.10414","28.11","United States"
"7166","Torrent Power","TORNTPOWER.NS","3.10489","12.9882","India"
"7167","Niagen Bioscience","NAGE","3.10529","3.21","United States"
"7168","NPK International","NPKI","3.10579","13.16","United States"
"7169","Toho Titanium","5727.T","3.10656","17.1892","Japan"
"7170","CleanSpark","CLSK","3.10683","11.93","United States"
"7171","ADES Holding Company","2382.SR","3.10725","5.15129","Saudi Arabia"
"7172","ASX","ASX.AX","3.11044","40.5508","Australia"
"7173","Ampol","ALD.AX","3.1115","30.1931","Australia"
"7174","Perfect World Entertainment","002624.SZ","3.11233","1.63188","China"
"7175","SFS Group","SFSN.SW","3.11253","165.947","Switzerland"
"7176","Jerónimo Martins","JEM.F","3.11403","20.7158","Portugal"
"7177","PDS Biotechnology","PDSB","3.11732","0.2168","United States"
"7178","izertis","IZER.MC","3.11943","9.72255","Spain"
"7179","Domino's Pizza Enterprises (Australia)","DMP.AX","3.11998","14.3634","Australia"
"7180","Laird Superfood","LSF","3.12084","3.77","United States"
"7181","Solventum","SOLV","3.12533","91.25","United States"
"7182","Dollar General","DG","3.12623","125.33","United States"
"7183","Savaria Corporation","SIS.TO","3.12631","20.5715","Canada"
"7184","Alarm.com","ALRM","3.12751","57.58","United States"
"7185","Multiconsult","MULTI.OL","3.13017","15.5085","Norway"
"7186","Cardinal Infrastructure Group","CDNL","3.13095","41.23","United States"
"7187","Renew Holdings plc","RNWH.L","3.13158","13.065","United Kingdom"
"7188","Shenzhen Bingchuan Network","300533.SZ","3.13201","2.12725","China"
"7189","Mouwasat Medical Services Company","4002.SR","3.13341","17.2597","Saudi Arabia"
"7190","Riot Platforms","RIOT","3.13408","20","United States"
"7191","Nextage Co Ltd","3186.T","3.13498","21.2795","Japan"
"7192","Coveo Solutions","CVO.TO","3.1351","3.10268","Canada"
"7193","Compass","COMP","3.13518","11.55","United States"
"7194","Hagar hf.","HAGA.IC","3.13566","1.01712","Iceland"
"7195","Siemens","SIE.DE","3.13866","332.245","Germany"
"7196","NSE SA","ALNSE.PA","3.13912","55.1411","France"
"7197","B&M European Value Retail","BME.L","3.1417","3.34037","Luxembourg"
"7198","Fujitsu","6702.T","3.14182","23.4012","Japan"
"7199","LifeStance Health Group","LFST","3.14453","12.16","United States"
"7200","Bright Horizons","BFAM","3.14491","74.08","United States"
"7201","BTG Pactual","BPAC3.SA","3.14549","4.19369","Brazil"
"7202","LabCorp","LH","3.14682","339.34","United States"
"7203","Almunajem Foods Company","4162.SR","3.15406","16.2609","Saudi Arabia"
"7204","Owens Corning","OC","3.15444","146.97","United States"
"7205","IFA Hotels and Resorts","IFAHR.KW","3.15569","2249.76","Kuwait"
"7206","GAMCO Investors","GAMI","3.15571","25.3","United States"
"7207","Baker Hughes","BKR","3.15705","61.985","United States"
"7208","Cohu","COHU","3.15798","51.3","United States"
"7209","Champion Homes","SKY","3.15858","91.53","United States"
"7210","Apollo Pipes","APOLLOPIPE.NS","3.15968","6.94233","India"
"7211","Allcargo Logistics","ALLCARGO.NS","3.16037","0.131334","India"
"7212","Solaria Energía","SLR.MC","3.16186","19.8123","Spain"
"7213","Malaysian Pacific Industries","3867.KL","3.16199","10.2685","Malaysia"
"7214","Radware","RDWR","3.16344","27.68","Israel"
"7215","DBS Group","D05.SI","3.16359","60.1054","Singapore"
"7216","Fujimi Incorporated","5384.T","3.16421","22.786","Japan"
"7217","Muthoot Finance","MUTHOOTFIN.NS","3.16638","33.5817","India"
"7218","China Resources Microelectronics","688396.SS","3.16766","8.7232","China"
"7219","Giant Network Group","002558.SZ","3.17007","3.97334","China"
"7220","APB Apranga","APG1L.VS","3.17038","4.62812","Lithuania"
"7221","QuantumScape","QS","3.17088","5.72","United States"
"7222","Sampo","SAMPO.HE","3.17182","11.4269","Finland"
"7223","MONETA Money Bank","MONET.PR","3.17186","9.60701","Czech Republic"
"7224","Serviceware","SJJ.DE","3.17389","17.4283","Germany"
"7225","Life Time Group","LTH","3.1743","45.73","United States"
"7226","Bid Corp","BID.JO","3.17619","26.7996","South Africa"
"7227","Janus Living","JAN","3.17841","31.2","United States"
"7228","Record Financial Group","REC.L","3.17848","0.594333","United Kingdom"
"7229","Judges Scientific plc","JDG.L","3.17973","53.9473","United Kingdom"
"7230","Asseco South Eastern Europe","ASE.WA","3.18086","21.4628","Poland"
"7231","Luceco plc","LUCE.L","3.18137","3.06519","United Kingdom"
"7232","Formula One Group","FWONK","3.18151","106.66","United States"
"7233","John Wiley &amp; Sons","WLY","3.18379","53.2","United States"
"7234","FLSmidth","FLS.CO","3.18615","94.328","Denmark"
"7235","Versamet Royalties Corporation","VMET","3.18704","10.71","Canada"
"7236","Constellium","CSTM","3.18825","26.63","France"
"7237","BlueNord ASA","BNOR.OL","3.19004","57.9957","Norway"
"7238","Kuwait Real Estate Holding Company","ALAQARIA.KW","3.19044","224.323","Kuwait"
"7239","Ichor Systems","ICHR","3.19083","56.91","United States"
"7240","Udemy","UDMY","3.19205","4.63","United States"
"7241","PageGroup","PAGE.L","3.1933","3.03249","United Kingdom"
"7242","Harel Group","HARL.TA","3.19408","59.7976","Israel"
"7243","All for One Group","A1OS.DE","3.19607","79.2726","Germany"
"7244","Meiko Electronics","6787.T","3.19621","112.926","Japan"
"7245","Regentis Biomaterials","RGNT","3.19808","2.16","Israel"
"7246","Global Water Resources","GWRS","3.19971","9.36","United States"
"7247","Genki Global Dining Concepts","9828.T","3.19982","22.1897","Japan"
"7248","Aptera Motors","SEV","3.20075","2.4","United States"
"7249","MasterCraft Boat","MCFT","3.20102","25.01","United States"
"7250","Dassault Systèmes","DSY.PA","3.2011","26.125","France"
"7251","Allot","ALLT","3.20255","7.55","Israel"
"7252","AptarGroup","ATR","3.20372","134.75","United States"
"7253","International Petroleum","IPCO.TO","3.20453","25.4131","Canada"
"7254","Aarti Industries","AARTIIND.NS","3.20499","5.64779","India"
"7255","NFI Group","NFI.TO","3.205","16.0834","Canada"
"7256","NetEase","NTES","3.20503","122.965","China"
"7257","Gold Hydrogen Limited","GHY.AX","3.20545","0.389843","Australia"
"7258","Avolta AG","AVOL.SW","3.20998","58.6662","Switzerland"
"7259","Ölgerðin Egill Skallagrímsson","OLGERD.IC","3.21041","0.131611","Iceland"
"7260","East Money Information","300059.SZ","3.21272","2.816","China"
"7261","Neste","NESTE.HE","3.21313","36.7568","Finland"
"7262","AEVEX Corp.","AVEX","3.21608","18","United States"
"7263","Western Mining","601168.SS","3.21635","5.42671","China"
"7264","Cigniti Technologies","CIGNITITEC.NS","3.21803","13.1658","India"
"7265","Banco Santander-Chile","BSAC","3.21846","36.1","Chile"
"7266","Mondelez International","MDLZ","3.21858","64.7","United States"
"7267","SolarBank","SUUN","3.21881","1.44","Canada"
"7268","Digital Arts Inc.","2326.T","3.21912","27.9019","Japan"
"7269","Tradeweb","TW","3.22011","108.38","United States"
"7270","WESCO International","WCC","3.22161","337.01","United States"
"7271","Steris","STE","3.22241","237.87","Ireland"
"7272","Mahindra Logistics","MAHLOG.NS","3.22279","4.17929","India"
"7273","Yangzijiang Shipbuilding (Holdings) Ltd.","BS6.SI","3.22324","3.78412","China"
"7274","Canadian Natural Resources","CNQ","3.22494","50.68","Canada"
"7275","SGT German Private Equity","GAI.DE","3.22712","0.975188","Germany"
"7276","Gran Tierra Energy","GTE","3.23205","9.95","Canada"
"7277","Synsam","SYNSAM.ST","3.23407","6.27264","Sweden"
"7278","Veeco","VECO","3.23475","46.76","United States"
"7279","Hologic","HOLX","3.23518","76.01","United States"
"7280","Zhejiang Century Huatong","002602.SZ","3.23618","2.09155","China"
"7281","LVMH","MC.PA","3.23647","531.534","France"
"7282","Mainfreight","MFT.NZ","3.23763","39.6093","New Zealand"
"7283","Senior plc","SNR.L","3.23837","4.01199","United Kingdom"
"7284","CMOC","3993.HK","3.23962","2.15087","China"
"7285","Flux Power","FLUX","3.24102","0.6999","United States"
"7286","Arabian Pipes Company","2200.SR","3.24163","1.43299","Saudi Arabia"
"7287","Magnolia Oil &amp; Gas","MGY","3.24215","27.22","United States"
"7288","Cipla","CIPLA.NS","3.2422","14.7717","India"
"7289","Sasken Technologies","SASKEN.NS","3.24224","19.6427","India"
"7290","Imdex Limited","IMD.AX","3.2452","2.58226","Australia"
"7291","Revolve Group","RVLV","3.24556","23.96","United States"
"7292","El Al Israel Airlines","ELAL.TA","3.24604","5.55978","Israel"
"7293","Coor Service Management Holding AB","COOR.ST","3.24792","5.27281","Sweden"
"7294","ADM Hamburg","OEL.F","3.24894","265.796","Germany"
"7295","Nordic American Tankers","NAT","3.25098","7","Bermuda"
"7296","Norwegian Cruise Line","NCLH","3.25206","17.22","United States"
"7297","Boozt","BOOZT.ST","3.25277","16.3657","Sweden"
"7298","Phillips 66","PSX","3.25283","241.96","United States"
"7299","Halwani Bros","6001.SR","3.25367","8.54997","Saudi Arabia"
"7300","Westrock Coffee","WEST","3.2544","8.44","United States"
"7301","Voyageurs du Monde","ALVDM.PA","3.2548","209.256","France"
"7302","PI Industries","PIIND.NS","3.2557","25.8803","India"
"7303","Kinetik","KNTK","3.25642","54.7","United States"
"7304","Bunzl","BNZL.L","3.25658","38.2263","United Kingdom"
"7305","BYD","002594.SZ","3.25899","13.5906","China"
"7306","ArcticZymes Technologies ASA","AZT.OL","3.26001","2.25539","Norway"
"7307","Shenzhen Transsion Holdings","688036.SS","3.26007","8.79163","China"
"7308","National Healthcare","NHC","3.26164","228.38","United States"
"7309","Cantaloupe","CTLP","3.26226","11.2","United States"
"7310","nib holdings limited","NHF.AX","3.26329","4.8784","Australia"
"7311","Armah Sports","9590.SR","3.26507","14.6495","Saudi Arabia"
"7312","Reborn Coffee","REBN","3.26611","1.37","United States"
"7313","Syngene International","SYNGENE.NS","3.26685","4.24668","India"
"7314","Fielmann","FIE.F","3.26781","45.64","Germany"
"7315","Tanzanian Gold Corporation","TRX","3.27087","1.21","Canada"
"7316","Beta Bionics","BBNX","3.27249","19.73","United States"
"7317","Value Line","VALU","3.27329","37.595","United States"
"7318","Astrana Health","ASTH","3.27371","38.11","United States"
"7319","Cake Box Holdings","CBOX.L","3.27521","2.58838","United Kingdom"
"7320","Bank of Innovation","4393.T","3.27537","34.5243","Japan"
"7321","Evolution Gaming","EVO.ST","3.27674","87.8591","Sweden"
"7322","Bourse Direct","BSD.PA","3.27821","6.43507","France"
"7323","Sanam Real Estate Company","SANAM.KW","3.27873","1141.18","Kuwait"
"7324","Qube Holdings","QUB.AX","3.28019","3.65522","Australia"
"7325","Glanbia plc","GL9.IR","3.28073","26.2765","Ireland"
"7326","Zhongjin Gold","600489.SS","3.2817","3.90343","China"
"7327","IGO Limited","IGO.AX","3.28219","5.96567","Australia"
"7328","Tootsie Roll Industries","TR","3.28286","41.44","United States"
"7329","Piramal Pharma","PPLPHARMA.NS","3.28601","2.17219","India"
"7330","Ryder","R","3.28632","244.93","United States"
"7331","CACI International Inc","CACI","3.28645","636.5","United States"
"7332","Brunswick Corporation","BC","3.28741","81.25","United States"
"7333","Service Stream Limited","SSM.AX","3.28971","1.80973","Australia"
"7334","Hudbay Minerals","HBM","3.2898","29.6","Canada"
"7335","Otsuka","4768.T","3.28997","22.1646","Japan"
"7336","TF Bank AB","TFBANK.ST","3.29276","18.8323","Sweden"
"7337","Ivanhoe Electric","IE","3.29316","11.26","Canada"
"7338","Anritsu Corporation","6754.T","3.29563","21.5495","Japan"
"7339","The Honest Company","HNST","3.29609","5.195","United States"
"7340","FirstService","FSV","3.29624","143.91","Canada"
"7341","LSL Property Services plc","LSL.L","3.29704","3.71909","United Kingdom"
"7342","Telia Company","TELIA.ST","3.29737","4.62239","Sweden"
"7343","PT Amman Mineral Internasional Tbk","AMMN.JK","3.2976","0.254165","Indonesia"
"7344","AIER Eye Hospital","300015.SZ","3.29771","1.26594","China"
"7345","AAR","AIR","3.29831","134.64","United States"
"7346","MGM Resorts","MGM","3.29895","43.69","United States"
"7347","Prosegur Cash","CASH.MC","3.29971","0.763581","Spain"
"7348","Trainline","TRN.L","3.30423","2.68783","United Kingdom"
"7349","Saipem","SPM.MI","3.30574","5.2623","Italy"
"7350","BETA Technologies","BETA","3.30611","23.84","United States"
"7351","Kosmos Energy","KOS","3.30628","2.86","United States"
"7352","Abdullah Saad Mohammed Abo Moati for Bookstores Company","4191.SR","3.30817","10.8566","Saudi Arabia"
"7353","Brady Corporation","BRC","3.30844","94.38","United States"
"7354","TransUnion","TRU","3.30866","84.87","United States"
"7355","STAAR Surgical","STAA","3.31005","23.26","United States"
"7356","Cricut","CRCT","3.31018","5.65","United States"
"7357","Fortrea","FTRE","3.31105","18.31","United States"
"7358","Merit Medical","MMSI","3.3138","90.28","United States"
"7359","American Axle &amp; Manufacturing","AXL","3.31408","9","United States"
"7360","Symrise","SY1.DE","3.31416","105.829","Germany"
"7361","Cactus Inc","WHD","3.31431","68.05","United States"
"7362","Turk Altin Isletmeleri A.S.","TRALT.IS","3.31482","1.12286","Turkey"
"7363","OPENLANE Corporate","OPLN","3.31563","34.05","United States"
"7364","Vanguard International Semiconductor","5347.TWO","3.31635","4.72364","Taiwan"
"7365","Walmex","WMMVF","3.31669","2.72","Mexico"
"7366","DATAGROUP SE","D6H.DE","3.31798","84.8","Germany"
"7367","Triple Flag Precious Metals","TFPM","3.32581","34.7","Canada"
"7368","Okta","OKTA","3.32876","130.97","United States"
"7369","Workman","7564.T","3.32997","39.4833","Japan"
"7370","Omega Flex","OFLX","3.33089","27.26","United States"
"7371","Privia Health Group","PRVA","3.33163","21.02","United States"
"7372","Topaz Energy","TPZ.TO","3.33184","23.2917","Canada"
"7373","IonQ","IONQ","3.33384","41.06","United States"
"7374","Delhivery","DELHIVERY.NS","3.33431","4.65416","India"
"7375","Neurogene","NGNE","3.33603","39.64","United States"
"7376","JAPAN MATERIAL Co., Ltd.","6055.T","3.33698","12.9435","Japan"
"7377","INmune Bio","INMB","3.3377","2.36","United States"
"7378","Wickes Group","WIX.L","3.34091","2.66641","United Kingdom"
"7379","BeLive Holdings","BLIV","3.3413","2.1","Singapore"
"7380","Talphera","TLPH","3.34278","1.19","United States"
"7381","PrairieSky Royalty","PSK.TO","3.34418","26.1635","Canada"
"7382","NuScale Power","SMR","3.34627","9.05","United States"
"7383","Forsys Metals","FSY.TO","3.34749","0.418501","Canada"
"7384","Euronext","ENX.PA","3.34785","192.469","Netherlands"
"7385","South Port NZ","SPN.NZ","3.34802","5.17601","New Zealand"
"7386","Brown Forman","BF-A","3.35017","29.35","United States"
"7387","Martin Marietta Materials","MLM","3.35143","533.11","United States"
"7388","Taiyo Yuden","6976.T","3.35298","58.1892","Japan"
"7389","Fermi Inc.","FRMI","3.3568","5.62","United States"
"7390","Venture Global","VG","3.35725","14.39","United States"
"7391","ORIC Pharmaceuticals","ORIC","3.35734","13.46","United States"
"7392","WuXi Biologics","WXXWY","3.35811","12.4","China"
"7393","M.Yochananof and Sons","YHNF.TA","3.35871","115.962","Israel"
"7394","Eleco","ELCO.L","3.36075","1.72958","United Kingdom"
"7395","Astec Lifesciences","ASTEC.NS","3.36105","6.28409","India"
"7396","Zevra Therapeutics","ZVRA","3.36155","11.65","United States"
"7397","Interparfums","IPAR","3.3622","116.8","United States"
"7398","Bora Pharmaceuticals","6472.TW","3.36285","14.7437","Taiwan"
"7399","GMR Solutions Inc.","GMRS","3.3632","13.24","United States"
"7400","Sapporo","2501.T","3.36324","12.1369","Japan"
"7401","Momentus Inc.","MNTS","3.36344","4.16","United States"
"7402","Albertsons","ACI","3.36353","12.61","United States"
"7403","908 Devices","MASS","3.3641","10.92","United States"
"7404","Six Flags","FUN","3.3643","16.91","United States"
"7405","Mitek Systems","MITK","3.36439","17.855","United States"
"7406","Century Aluminum","CENX","3.36477","43.66","United States"
"7407","PlayWay","PLW.WA","3.3668","66.3099","Poland"
"7408","Moncler","MONC.MI","3.37378","55.4791","Italy"
"7409","Dassault Aviation","AM.PA","3.3757","345.302","France"
"7410","Freshworks","FRSH","3.37671","13.19","United States"
"7411","AECOM","ACM","3.3788","64.99","United States"
"7412","TomTom","TOM2.AS","3.38054","4.78433","Netherlands"
"7413","National Aluminum &amp; Alloy","NATIONALUM.NS","3.38447","4.12862","India"
"7414","Team Internet Group","TIG.L","3.38485","0.596008","United Kingdom"
"7415","National Energy Services Reunited","NESR","3.38669","33.42","United States"
"7416","Sibanye-Stillwater","SBSW","3.38733","12.47","South Africa"
"7417","Tidewater","TDW","3.38958","92.92","United States"
"7418","Swiss Life","SLHN.SW","3.38998","1144.46","Switzerland"
"7419","Telos","TLS","3.39111","4.38","United States"
"7420","Antin Infrastructure Partners","ANTIN.PA","3.39146","10.5736","France"
"7421","Franklin Electric","FELE","3.3917","103.15","United States"
"7422","Unitronics","UNIT.TA","3.39173","6.83306","Israel"
"7423","Bellevue Gold","BGL.AX","3.39178","1.22675","Australia"
"7424","Rede D'Or Sao Luiz","RDOR3.SA","3.39183","6.70213","Brazil"
"7425","Viva Energy","VEA.AX","3.39245","1.97425","Australia"
"7426","Alaunos Therapeutics","TCRT","3.39257","1.72","United States"
"7427","Piper Sandler","PIPR","3.3932","74.8","United States"
"7428","American States Water","AWR","3.39412","91.1","United States"
"7429","Calix","CALX","3.39572","39.8","United States"
"7430","Future Corporation","4722.T","3.39634","15.3665","Japan"
"7431","SmartCraft ASA","SMCRT.OL","3.39788","1.99594","Norway"
"7432","Contact Energy","CEN.NZ","3.39801","5.33683","New Zealand"
"7433","UnitedHealth","UNH","3.39848","398.76","United States"
"7434","Ambu","AMBU-B.CO","3.39858","12.3328","Denmark"
"7435","Dutch Lady Milk Industries","3026.KL","3.39982","7.91785","Malaysia"
"7436","MIXUE Group","2097.HK","3.4006","31.6124","China"
"7437","Newag","NWG.WA","3.40127","24.6835","Poland"
"7438","Wheels India","WHEELS.NS","3.40237","15.6723","India"
"7439","RLI Corp.","RLI","3.40345","66.62","United States"
"7440","Hanmi Pharmaceutical","008930.KS","3.40352","33.4373","South Korea"
"7441","Kakao Pay","377300.KS","3.40508","33.2929","South Korea"
"7442","Bright Minds Biosciences","DRUG","3.40563","77.025","United States"
"7443","Accenture","ACN","3.40655","186.53","Ireland"
"7444","Powerchip Semiconductor Manufacturing","6770.TW","3.40723","2.1645","Taiwan"
"7445","Snap-on","SNA","3.41058","394.49","United States"
"7446","Autoliv","ALV","3.41201","123.18","Sweden"
"7447","Fuji Kyuko","9010.T","3.41256","17.4254","Japan"
"7448","Sartorius","SRT.DE","3.41433","227.326","Germany"
"7449","Kesko","KESKOA.HE","3.41605","25.1807","Finland"
"7450","Ali Al-Ghanim Sons Automotive Company","ALG.KW","3.41611","3064.88","Kuwait"
"7451","ID Logistics Group","IDL.PA","3.41839","396.363","France"
"7452","Magellan Financial Group","MFG.AX","3.41891","7.71102","Australia"
"7453","init innovation in traffic systems","IXX.DE","3.41925","52.8095","Germany"
"7454","Harvard Bioscience","HBIO","3.42125","7.55","United States"
"7455","Femasys","FEMY","3.42359","2.98","United States"
"7456","Dottikon ES","DESN.SW","3.42579","342.095","Switzerland"
"7457","Vst Tillers Tractors","VSTTILLERS.NS","3.42581","46.3818","India"
"7458","Scandi Standard AB","SCST.ST","3.42587","15.5132","Sweden"
"7459","Imeik Technology Development","300896.SZ","3.42622","13.8866","China"
"7460","Quartix Technologies","QTX.L","3.42676","3.04482","United Kingdom"
"7461","CubeSmart","CUBE","3.42925","40.91","United States"
"7462","EIH Limited","EIHOTEL.NS","3.42939","3.16686","India"
"7463","Ratio Energies","RATI.TA","3.42955","1.45428","Israel"
"7464","Qiiwi Games","QIIWI.ST","3.43011","0.570431","Sweden"
"7465","Praemium Limited","PPS.AX","3.43129","0.518598","Australia"
"7466","Stevanato Group","STVN","3.4314","22.27","Italy"
"7467","Eurowag (W.A.G payment solutions)","EWG.L","3.43302","1.4277","United Kingdom"
"7468","Eagers Automotive Limited","APE.AX","3.43364","16.1445","Australia"
"7469","Taihan Cable & Solution Co., Ltd.","001440.KS","3.43453","19.8602","South Korea"
"7470","Zijin Mining","601899.SS","3.4346","5.01019","China"
"7471","Stantec","STN","3.43564","74.21","Canada"
"7472","Paisalo Digital","PAISALO.NS","3.43616","0.725525","India"
"7473","SMG Swiss Marketplace Group Holding AG","SMG.SW","3.43807","40.8026","Switzerland"
"7474","Lantronix","LTRX","3.43834","5.74","United States"
"7475","Leidos","LDOS","3.43848","138.43","United States"
"7476","Devon Energy","DVN","3.43875","48.23","United States"
"7477","Douglas Dynamics","PLOW","3.43884","41.64","United States"
"7478","Desay SV","002920.SZ","3.44611","12.823","China"
"7479","OPC Energy","OPCE.TA","3.45118","31.1854","Israel"
"7480","Frontline","FRO","3.45206","44.05","Bermuda"
"7481","RBL Bank","RBLBANK.NS","3.45692","4.01473","India"
"7482","FibroBiologics","FBLG","3.45714","1.35","United States"
"7483","TOTVS","TOTS3.SA","3.4588","6.19734","Brazil"
"7484","Arvind","ARVIND.NS","3.4598","5.63943","India"
"7485","Sweco","SWEC-A.ST","3.45982","13.5241","Sweden"
"7486","Hikvision","002415.SZ","3.4611","5.16936","China"
"7487","Paccar","PCAR","3.46192","129.94","United States"
"7488","Union Tool","6278.T","3.46252","90.8931","Japan"
"7489","Gielda Papierów Wartosciowych w Warszawie","GPW.WA","3.46286","27.0382","Poland"
"7490","Andritz","AZ2.F","3.46433","95.0105","Austria"
"7491","UDR Apartments","UDR","3.46442","38.39","United States"
"7492","Tinexta","TNXT.MI","3.46586","17.4983","Italy"
"7493","Foseco India","FOSECOIND.NS","3.4679","58.3325","India"
"7494","Opendoor","OPEN","3.4686","3.43","United States"
"7495","Bruker","BRKR","3.46869","56.98","United States"
"7496","Shoei Co., Ltd.","7839.T","3.47155","13.0125","Japan"
"7497","Rani Therapeutics","RANI","3.47513","0.879","United States"
"7498","Quest Diagnostics","DGX","3.47537","243.87","United States"
"7499","Shoulder Innovations","SI","3.47773","22.22","United States"
"7500","Wall Financial Corporation","WFC.TO","3.4784","15.0444","Canada"
"7501","Westshore Terminals Investment","WTE.TO","3.47848","30.0527","Canada"
"7502","American Healthcare REIT","AHR","3.47859","56.19","United States"
"7503","Abdullah Al-Othaim Markets Company","4001.SR","3.47966","1.32911","Saudi Arabia"
"7504","Estithmar Holding","IGRD.QA","3.47991","1.11813","Qatar"
"7505","Kelly Partners Group","KPG.AX","3.48084","3.36195","Australia"
"7506","Alamos Gold","AGI","3.48125","38.32","Canada"
"7507","Pan Pacific International Holdings","7532.T","3.48186","5.1096","Japan"
"7508","EMB Mission Bound AB (publ)","EMB.ST","3.48203","0.0589376","Sweden"
"7509","Sinfonia Technology","6507.T","3.48438","77.0206","Japan"
"7510","SPIE","SPIE.PA","3.4854","53.2991","France"
"7511","Interface, Inc.","TILE","3.48578","38.27","United States"
"7512","Kingnet Network","002517.SZ","3.48658","2.46047","China"
"7513","Hitachi","6501.T","3.48684","33.2689","Japan"
"7514","Kaspi.kz Joint Stock Company","KKS.F","3.48723","105.619","Kazakhstan"
"7515","Nintendo","7974.T","3.48789","55.6406","Japan"
"7516","The Pennant Group","PNTG","3.4881","38.89","United States"
"7517","Telstra","TLS.AX","3.48923","3.36195","Australia"
"7518","Galp Energia","GZ5.F","3.49081","25.0408","Portugal"
"7519","Mineralys Therapeutics","MLYS","3.49101","25.27","United States"
"7520","Alimentation Couche-Tard","ATD.TO","3.49277","62.0463","Canada"
"7521","Firefly Aerospace","FLY","3.49997","23.1","United States"
"7522","PROCEPT BioRobotics","PRCT","3.50066","21.25","United States"
"7523","Gulf Oil Lubricants","GULFOILLUB.NS","3.50148","12.0593","India"
"7524","Australian Clinical Labs","ACL.AX","3.5026","2.12446","Australia"
"7525","Gentian Diagnostics ASA","GENT.OL","3.50273","4.17784","Norway"
"7526","T-Mobile US","TMUS","3.50563","182.62","United States"
"7527","Arabian Contracting Services Company","4071.SR","3.50904","17.313","Saudi Arabia"
"7528","BLS International","BLS.NS","3.50913","2.54414","India"
"7529","POSCO Future M","003670.KS","3.50923","121.183","South Korea"
"7530","Toyo Engineering Corporation","6330.T","3.5094","16.5089","Japan"
"7531","Tetra Technologies","TTI","3.5098","6.77","United States"
"7532","SpyGlass Pharma","SGP","3.5118","26.26","United States"
"7533","Unipar Carbocloro","UNIP6.SA","3.51224","11.4317","Brazil"
"7534","Coinbase","COIN","3.51271","179.48","United States"
"7535","Arhaus","ARHS","3.51446","9.24","United States"
"7536","Arab Sea Information Systems Company","7201.SR","3.51605","0.950884","Saudi Arabia"
"7537","Werewolf Therapeutics","HOWL","3.51807","0.8833","United States"
"7538","Kenvue","KVUE","3.51816","19.43","United States"
"7539","u-blox","UBXN.SW","3.51874","166.427","Switzerland"
"7540","Progress Software","PRGS","3.51875","43.42","United States"
"7541","Performance Food Group","PFGC","3.51889","105.78","United States"
"7542","Macmahon Holdings","MAH.AX","3.52007","0.74392","Australia"
"7543","Enanta Pharmaceuticals","ENTA","3.52242","14.1","United States"
"7544","Beeks Financial Cloud Group","BKS.L","3.52378","2.91533","United Kingdom"
"7545","Nitto Boseki","3110.T","3.52433","18.6494","Japan"
"7546","Menora Mivtachim Holdings","MMHD.TA","3.52473","163.26","Israel"
"7547","Accel Entertainment","ACEL","3.52564","11.97","United States"
"7548","ACI Worldwide","ACIW","3.52587","52.41","United States"
"7549","Trupanion","TRUP","3.52917","31.76","United States"
"7550","Hanwha Aerospace","012450.KS","3.52949","795.852","South Korea"
"7551","Tamkeen Human Resources Company","1835.SR","3.5298","12.4654","Saudi Arabia"
"7552","Diginex","DGNX","3.53005","1.32","Hong Kong"
"7553","Jamieson Wellness","JWEL.TO","3.53018","32.9245","Canada"
"7554","Cel-Sci","CVM","3.53076","1.38","United States"
"7555","Acuity Brands","AYI","3.53358","336.59","United States"
"7556","Konecranes","KCR.HE","3.53367","34.0872","Finland"
"7557","GigaCloud Technology","GCT","3.53464","50.51","China"
"7558","Volex plc","VLX.L","3.53585","8.75962","United Kingdom"
"7559","Bestechnic","688608.SS","3.53703","15.4858","China"
"7560","Yoshinoya Holdings Co., Ltd.","9861.T","3.54053","24.2172","Japan"
"7561","NanoViricides","NNVC","3.54175","1.27","United States"
"7562","Qnity Electronics","Q","3.54202","126.24","United States"
"7563","EnerSys","ENS","3.54234","187.49","United States"
"7564","Encompass Health","EHC","3.54276","120.92","United States"
"7565","ATHEX  (Athens Stock Exchange)","EXAE.AT","3.54375","9.29121","Greece"
"7566","S&P Global","SPGI","3.54542","435.42","United States"
"7567","Freeport-McMoRan","FCX","3.5455","77.8","United States"
"7568","Archrock","AROC","3.54604","30.7","United States"
"7569","Taiwan Mobile","3045.TW","3.5464","3.62319","Taiwan"
"7570","Steve Madden","SHOO","3.54665","45.91","United States"
"7571","Stelrad Group","SRAD.L","3.54767","1.98215","United Kingdom"
"7572","Saia","SAIA","3.55027","349.54","United States"
"7573","Vontier","VNT","3.5512","33.24","United States"
"7574","GÜBRETAŞ","GUBRF.IS","3.55295","9.9654","Turkey"
"7575","Astra Industrial Group Company","1212.SR","3.5531","37.1564","Saudi Arabia"
"7576","Prosus","PRX.AS","3.55461","43.8039","Netherlands"
"7577","Belden","BDC","3.55633","116.76","United States"
"7578","LivaNova","LIVN","3.55941","78.26","United Kingdom"
"7579","AddLife AB","ALIF-B.ST","3.56163","17.0498","Sweden"
"7580","Sprinklr","CXM","3.56287","7.43","United States"
"7581","Elmos Semiconductor","ELG.DE","3.56422","157.612","Germany"
"7582","AutoStore Holdings","AUTO.OL","3.56634","1.71624","Norway"
"7583","Royalty Pharma","RPRX","3.56639","61.33","United Kingdom"
"7584","Tingyi (master kang)","0322.HK","3.56782","1.67885","China"
"7585","Clearwater Analytics","CWAN","3.5681","24.56","United States"
"7586","Nice One Beauty Digital Marketing Company","4193.SR","3.56837","3.22555","Saudi Arabia"
"7587","Knowles","KN","3.5688","32.6","United States"
"7588","Fire Rock","1909.HK","3.56886","0.255144","China"
"7589","Assa Abloy","ASSA-B.ST","3.56902","37.1938","Sweden"
"7590","Universal Technical Institute","UTI","3.56922","22.02","United States"
"7591","NIPPON PARKING DEVELOPMENT","2353.T","3.57123","1.70111","Japan"
"7592","Biofrontera","BFRI","3.5724","1.46","United States"
"7593","Bonei Hatichon Civil Engineering &amp; Infrastructures","BOTI.TA","3.57418","13.6661","Israel"
"7594","Fever-Tree Drinks","FEVR.L","3.57869","11.6886","United Kingdom"
"7595","SNP Schneider-Neureither &amp; Partner","SHF.DE","3.57913","96.9923","Germany"
"7596","Toei Animation","4816.T","3.5851","18.9256","Japan"
"7597","Cicor Technologies","CICN.SW","3.58517","158.483","Switzerland"
"7598","Ibotta","IBTA","3.58588","38.44","United States"
"7599","Focus Universal","FCUV","3.5884","8.94","United States"
"7600","Milestone Pharmaceuticals","MIST","3.59172","1.04","Canada"
"7601","Essex Property Trust","ESS","3.5964","293.61","United States"
"7602","Alkhorayef Water and Power Technologies Company","2081.SR","3.59706","26.9284","Saudi Arabia"
"7603","Steel Dynamics","STLD","3.59788","229.27","United States"
"7604","Vinamilk (Vietnam Dairy Products)","VNM.VN","3.59806","2.39187","Vietnam"
"7605","TRIAL Holdings","141A.T","3.60105","24.7006","Japan"
"7606","Xero","XRO.AX","3.60451","63.6266","New Zealand"
"7607","TransAlta","TAC","3.60498","12.1","Canada"
"7608","Electra","ELTR.TA","3.6052","35.6319","Israel"
"7609","Carrier Global","CARR","3.60915","59.97","United States"
"7610","Arcadis","ARCAD.AS","3.60975","51.2474","Netherlands"
"7611","eGuarantee","8771.T","3.61206","11.4809","Japan"
"7612","Kobe Bussan","3038.T","3.61279","17.8805","Japan"
"7613","Tihama for Advertising, Public Relations and Marketing","4070.SR","3.61494","5.59077","Saudi Arabia"
"7614","Kalmar Oyj","KALMAR.HE","3.61523","45.7449","Finland"
"7615","Smartbroker Holding","SB1.DE","3.6158","9.6526","Germany"
"7616","Weatherford International","WFRD","3.61606","88.73","United States"
"7617","JAC Motors","600418.SS","3.61918","3.15666","China"
"7618","Redox Limited","RDX.AX","3.61929","2.46781","Australia"
"7619","Meds Apotek AB","MEDS.ST","3.61948","2.73639","Sweden"
"7620","Bergman &amp; Beving","BERG-B.ST","3.6196","29.7319","Sweden"
"7621","Ion Beam Applications","IBAB.BR","3.62134","18.4892","Belgium"
"7622","MDA Space","MDA","3.62248","29.69","Canada"
"7623","Saudi Industrial Development Company","2130.SR","3.62306","4.33092","Saudi Arabia"
"7624","Genmab","GMAB","3.62356","33.02","Denmark"
"7625","DLF","DLF.NS","3.62556","7.13144","India"
"7626","Commonwealth Bank","CBA.AX","3.63033","112.31","Australia"
"7627","Saudi Aramco","2222.SR","3.63212","7.03708","Saudi Arabia"
"7628","Joby Aviation","JOBY","3.63272","7.19","United States"
"7629","ITM Power","ITM.L","3.633","1.45903","United Kingdom"
"7630","HireQuest","HQI","3.63485","17.62","United States"
"7631","Okinawa Cellular Telephone Company","9436.T","3.63544","25.4852","Japan"
"7632","Técnicas Reunidas","TRE.MC","3.63673","31.8489","Spain"
"7633","Ventas","VTR","3.63716","93.47","United States"
"7634","OSI Systems","OSIS","3.63737","204.05","United States"
"7635","Emmi AG","EMMN.SW","3.63743","1054.9","Switzerland"
"7636","AIM ImmunoTech","AIM","3.63873","0.254","United States"
"7637","Dave & Buster's","PLAY","3.63954","10.42","United States"
"7638","The Phoenix Holdings","PHOE.TA","3.64191","60.7642","Israel"
"7639","Copart","CPRT","3.64441","33.26","United States"
"7640","Jazz Pharmaceuticals","JAZZ","3.64469","254.47","Ireland"
"7641","Mercury Systems","MRCY","3.64601","89.59","United States"
"7642","Mahindra &amp; Mahindra","M&M.NS","3.6495","35.9241","India"
"7643","Palomar Holdings","PLMR","3.65057","133.03","United States"
"7644","Axcelis Technologies","ACLS","3.65059","123.49","United States"
"7645","Ero Copper","ERO","3.65075","38.55","Canada"
"7646","Tomen Devices Corporation","2737.T","3.65131","200.555","Japan"
"7647","NTG Nordic Transport Group A/S","NTG.CO","3.6537","43.578","Denmark"
"7648","Leejam Sports Company","1830.SR","3.65495","21.5747","Saudi Arabia"
"7649","Zurich Insurance Group","ZURN.SW","3.65515","738.179","Switzerland"
"7650","Payoneer","PAYO","3.65547","7.11","United States"
"7651","Intuitive Machines","LUNR","3.65604","16.66","United States"
"7652","Shree Cement","SHREECEM.NS","3.65657","254.989","India"
"7653","Zydus Lifesciences","ZYDUSLIFE.NS","3.65882","11.6968","India"
"7654","Hallador Energy Company","HNRG","3.66003","15.96","United States"
"7655","RITES","RITES.NS","3.66062","2.27249","India"
"7656","Dover Corporation","DOV","3.66141","203.62","United States"
"7657","Balfour Beatty","BBY.L","3.66281","12.1313","United Kingdom"
"7658","SCHOTT Pharma","1SXP.DE","3.66346","26.8128","Germany"
"7659","Primerica","PRI","3.66392","299.98","United States"
"7660","HOMAG Group","HG1.F","3.66462","29.1443","Germany"
"7661","AbCellera","ABCL","3.66507","10.61","Canada"
"7662","Puma Biotechnology","PBYI","3.66601","9.12","United States"
"7663","Mueller Water Products","MWA","3.66694","25.15","United States"
"7664","Kadant","KAI","3.66861","312.57","United States"
"7665","Tutor Perini Corporation","TPC","3.67025","88.32","United States"
"7666","Tamarack Valley Energy","TVE.TO","3.67346","9.84198","Canada"
"7667","Houlihan Lokey","HLI","3.67392","128.95","United States"
"7668","Kunlun Tech","300418.SZ","3.6767","5.99795","China"
"7669","Bandwidth","BAND","3.67682","46.35","United States"
"7670","Levi Strauss &amp; Co.","LEVI","3.67847","21.72","United States"
"7671","SalMar ASA","SALM.OL","3.67902","58.8012","Norway"
"7672","Magnite","MGNI","3.68128","23.56","United States"
"7673","Treace Medical Concepts","TMCI","3.68179","4.37","United States"
"7674","CATRION Catering Holding Company","6004.SR","3.68264","19.4305","Saudi Arabia"
"7675","Banco de Chile","BCH","3.6854","43.04","Chile"
"7676","Genesis Energy  L.P.","GEL","3.68579","16.15","United States"
"7677","Abercrombie &amp; Fitch","ANF","3.68738","112.36","United States"
"7678","Harmonic Inc.","HLIT","3.68823","12.01","United States"
"7679","Intel","INTC","3.69045","87.26","United States"
"7680","Antofagasta","ANTO.L","3.69116","53.9064","United Kingdom"
"7681","Howden Joinery","HWDN.L","3.69717","10.8984","United Kingdom"
"7682","Valero Energy","VLO","3.69878","346","United States"
"7683","VietJet Aviation","VJC.VN","3.69989","4.76463","Vietnam"
"7684","Unusual Machines","UMAC","3.70113","24.57","United States"
"7685","Anant Raj","ANANTRAJ.NS","3.70128","6.40424","India"
"7686","Oberoi Realty","OBEROIRLTY.NS","3.70354","19.5894","India"
"7687","Tiger Brands","TBS.JO","3.70392","16.9727","South Africa"
"7688","Embraer","EMBJ","3.704","76.26","Brazil"
"7689","Compagnie Financière Tradition","CFT.SW","3.70458","320.325","Switzerland"
"7690","Miahona Company","2084.SR","3.70483","3.02845","Saudi Arabia"
"7691","Red Hill Minerals Limited","RHI.AX","3.70534","3.28326","Australia"
"7692","OBIC Business Consultants","4733.T","3.70681","52.6653","Japan"
"7693","Revenio","REG1V.HE","3.70697","17.3234","Finland"
"7694","Ringkjøbing Landbobank","RILBA.CO","3.71322","277.683","Denmark"
"7695","Boot Barn Holdings","BOOT","3.71619","161.81","United States"
"7696","Simpson Manufacturing Company","SSD","3.72191","187.53","United States"
"7697","The Company for Cooperative Insurance","8010.SR","3.72198","37.6358","Saudi Arabia"
"7698","Seven Group Holdings
 (SGH)","SGH.AX","3.72202","28.9199","Australia"
"7699","Rush Enterprises","RUSHA","3.72386","78.73","United States"
"7700","United Therapeutics","UTHR","3.72774","512.88","United States"
"7701","Vente-Unique.com","ALVU.PA","3.72911","19.9347","France"
"7702","Sportradar","SRAD","3.72943","13.1","Switzerland"
"7703","Carabao Group","CBG.BK","3.73163","1.68754","Thailand"
"7704","Mesa Laboratories","MLAB","3.73529","124.32","United States"
"7705","Chiyoda Corporation","6366.T","3.73756","4.50699","Japan"
"7706","Thermon Group","THR","3.73846","61.14","United States"
"7707","Plutus Financial Group","PLUT","3.73905","2.725","United States"
"7708","Internet Initiative Japan Inc.","3774.T","3.73913","21.2042","Japan"
"7709","Fastly","FSLY","3.73981","22.94","United States"
"7710","Sun Corp","6736.T","3.74053","52.7908","Japan"
"7711","CervoMed","CRVO","3.7457","2.63","United States"
"7712","Subros","SUBROS.NS","3.74728","7.62512","India"
"7713","Robert Half","RHI","3.74868","45.12","United States"
"7714","Compass Minerals","CMP","3.75103","24.5","United States"
"7715","United Microelectronics","UMC","3.75147","19.05","Taiwan"
"7716","Lens Technology","300433.SZ","3.75215","5.63795","China"
"7717","Mesoblast","MESO","3.75536","16.64","Australia"
"7718","Norconsult","NORCO.OL","3.75584","4.09192","Norway"
"7719","Air Products and Chemicals","APD","3.75735","306.24","United States"
"7720","Leonardo DRS","DRS","3.75864","39.01","United States"
"7721","Scout24 (ImmoScout24)","G24.F","3.76017","90.3474","Germany"
"7722","Samsung","005930.KS","3.76506","185.602","South Korea"
"7723","SMASCO (Saudi Manpower Solutions Company)","1834.SR","3.76511","1.57415","Saudi Arabia"
"7724","Marex Group","MRX","3.76829","70.54","United Kingdom"
"7725","Partner Communications","PTNR.TA","3.76844","12.2695","Israel"
"7726","SAIC (Science Applications International Corp)","SAIC","3.76867","126.85","United States"
"7727","OTE Group","OTE.F","3.77019","22.7442","Greece"
"7728","Happiest Minds Technologies","HAPPSTMNDS.NS","3.77108","4.63954","India"
"7729","CME Group","CME","3.77118","279.165","United States"
"7730","PNE AG","PNE3.DE","3.77775","8.54512","Germany"
"7731","Getlink","GET.PA","3.77784","22.6626","France"
"7732","Gulf Franchising Holding Company","GFC.KW","3.77926","1157.48","Kuwait"
"7733","Nazara Technologies","NAZARA.NS","3.78109","3.75457","India"
"7734","Tadiran Group","TDRN.TA","3.78455","65.1307","Israel"
"7735","Björn Borg","BORG.ST","3.78651","6.35684","Sweden"
"7736","PayPay Corporation","PAYP","3.78908","15.2","Japan"
"7737","Serina Therapeutics","SER","3.78961","2.63","United States"
"7738","IO Biotech","IOBT","3.79094","0.048","Denmark"
"7739","QuinStreet","QNST","3.79217","20.49","United States"
"7740","Kingspan Group","KRX.IR","3.79281","118.676","Ireland"
"7741","Zeal Network","TIMA.F","3.79287","49.7785","Germany"
"7742","AXIL Brands","AXIL","3.79749","6.38","United States"
"7743","General Oceans ASA","GENO.OL","3.79837","2.39501","Norway"
"7744","Carlsberg","CARL-B.CO","3.80043","137.766","Denmark"
"7745","Sanmina","SANM","3.80483","185.41","United States"
"7746","Catalyst Pharmaceuticals","CPRX","3.80658","31.49","United States"
"7747","McDonald's Japan","2702.T","3.80735","51.3471","Japan"
"7748","Tube Investments of India","TIINDIA.NS","3.81325","30.0805","India"
"7749","Adial Pharmaceuticals","ADIL","3.8146","5.4","United States"
"7750","AngioDynamics","ANGO","3.81567","15.77","United States"
"7751","Crown Holdings","CCK","3.81746","119.76","United States"
"7752","XPS Pensions Group","XPS.L","3.82236","4.35938","United Kingdom"
"7753","Adani Ports & SEZ","ADANIPORTS.NS","3.82365","17.7453","India"
"7754","ON Semiconductor","ON","3.82522","71.93","United States"
"7755","SBI Card","SBICARD.NS","3.82611","6.79814","India"
"7756","Federated Hermes","FHI","3.82631","64.72","United States"
"7757","Mitsui Mining &amp; Smelting","5706.T","3.83349","177.832","Japan"
"7758","Cullinan Therapeutics","CGEM","3.83486","21.82","United States"
"7759","Swedish Orphan Biovitrum","SOBI.ST","3.83923","48.3078","Sweden"
"7760","Largan Precision","3008.TW","3.8418","179.434","Taiwan"
"7761","Dino Polska","DNP.WA","3.84204","9.67584","Poland"
"7762","BJ's Restaurants","BJRI","3.8421","67.28","United States"
"7763","UCB","UCB.VI","3.84268","257.986","Belgium"
"7764","TXT e-solutions","TXT.MI","3.84367","61.6694","Italy"
"7765","Casella Waste Systems","CWST","3.8461","94.78","United States"
"7766","Welltower","WELL","3.84926","240.01","United States"
"7767","Chartwell Retirement Residences","CSH-UN.TO","3.84941","15.1959","Canada"
"7768","East Pipes Integrated Company for Industry","1321.SR","3.84954","50.7138","Saudi Arabia"
"7769","QL Resources","7084.KL","3.85543","0.984783","Malaysia"
"7770","Abbott Laboratories","ABT","3.85604","116.67","United States"
"7771","Europris","EPR.OL","3.85801","9.52634","Norway"
"7772","Saudi Paper Manufacturing Company","2300.SR","3.85822","16.8203","Saudi Arabia"
"7773","Catapult Group International","CAT.AX","3.86349","2.59657","Australia"
"7774","Grupo Aeroportuario del Pacífico","PAC","3.86874","205.41","Mexico"
"7775","Far EasTone","4904.TW","3.86912","3.21538","Taiwan"
"7776","IPD Group Limited","IPG.AX","3.86971","4.01288","Australia"
"7777","Almawarid Manpower Company","1833.SR","3.87164","27.9139","Saudi Arabia"
"7778","Maruti Suzuki India","MARUTI.NS","3.87173","142.493","India"
"7779","PriceSmart","PSMT","3.87549","174.86","United States"
"7780","Kid ASA","KID.OL","3.87592","14.0264","Norway"
"7781","Humansoft Holding Company","HUMANSOFT.KW","3.87636","7750.24","Kuwait"
"7782","Astro Corporation","3064.TWO","3.8764","0.614844","Taiwan"
"7783","Park Dental Partners","PARK","3.87762","20.7422","United States"
"7784","Research Solutions","RSSS","3.87827","2.21","United States"
"7785","ITT","ITT","3.88005","204.96","United States"
"7786","Aurinia Pharmaceuticals","AUPH","3.884","16.57","Canada"
"7787","Savers Value Village","SVV","3.8874","10.92","United States"
"7788","Bachem","BANB.SW","3.88914","95.5378","Switzerland"
"7789","Alamar Foods Company","6014.SR","3.88929","11.2295","Saudi Arabia"
"7790","Samvardhana Motherson","MOTHERSON.NS","3.89503","1.73305","India"
"7791","Charter Hall Group","CHC.AX","3.89562","14.6853","Australia"
"7792","Ramkrishna Forgings","RKFORGE.NS","3.89686","7.54832","India"
"7793","Vizsla Silver","VZLA","3.8989","3.93","Canada"
"7794","Diageo","DEO","3.89991","96.07","United Kingdom"
"7795","Upstart","UPST","3.90201","29.89","United States"
"7796","Greenply","GREENPLY.NS","3.9023","3.00439","India"
"7797","Quercus TFI","QRS.WA","3.90263","3.76207","Poland"
"7798","Nyxoah","NYXH","3.90478","1.62","Belgium"
"7799","EMX Royalty","EMX","3.90603","4.16","Canada"
"7800","Blossom Gold Inc.","BGAU.TO","3.90707","1.24107","Canada"
"7801","Titanium Oyj","TITAN.HE","3.90896","7.11121","Finland"
"7802","The Bancorp, Inc.","TBBK","3.90926","66.8","United States"
"7803","EverQuote","EVER","3.90936","26.62","United States"
"7804","Poonawalla Fincorp","POONAWALLA.NS","3.91037","4.96239","India"
"7805","NTPC Green Energy","NTPCGREEN.NS","3.91205","0.957894","India"
"7806","Strike Company","6196.T","3.91459","8.53692","Japan"
"7807","Plug Power","PLUG","3.91776","2.17","United States"
"7808","Shriram Transport Finance","SHRIRAMFIN.NS","3.91914","11.8838","India"
"7809","Ashtead","AHT.L","3.92875","72.3405","United Kingdom"
"7810","Alpha HPA Limited","A4N.AX","3.93123","0.389843","Australia"
"7811","Medartis Holding","MED.SW","3.93239","110.092","Switzerland"
"7812","Precipio","PRPO","3.93242","31.12","United States"
"7813","Gladstone Commercial","GOOD","3.93371","13.18","United States"
"7814","Universal Health Realty Income Trust","UHT","3.93443","41.84","United States"
"7815","Hangzhou EZVIZ Network","688475.SS","3.93515","4.32888","China"
"7816","Ma'aden","1211.SR","3.9363","18.7114","Saudi Arabia"
"7817","WH Smith","SMWH.L","3.93686","5.66446","United Kingdom"
"7818","Barrett Business Services","BBSI","3.93813","33.42","United States"
"7819","Nan Ya Plastics","1303.TW","3.94086","5.91317","Taiwan"
"7820","Air Liquide","AI.PA","3.94245","196.806","France"
"7821","Fuyao Glass Industry Group","600660.SS","3.94378","8.57891","China"
"7822","Computer Modelling Group","CMG.TO","3.94546","2.85013","Canada"
"7823","CCC S.A.","CCC.WA","3.94942","34.9389","Poland"
"7824","ASMPT
 (ASM Pacific Technology)","0522.HK","3.95085","20.7305","Hong Kong"
"7825","Genfit","GNFT","3.95206","4.85","France"
"7826","Banca Mediolanum","BMED.MI","3.95214","28.2933","Italy"
"7827","SWCC Corporation","5805.T","3.95328","89.1983","Japan"
"7828","Wolverine World Wide","WWW","3.95548","20.87","United States"
"7829","Penguin Solutions","PENG","3.95634","50.68","United States"
"7830","CAR Group (Carsales)","CAR.AX","3.95678","20.9585","Australia"
"7831","EquipmentShare.com","EQPT","3.95781","18.76","United States"
"7832","Newmont","NEM","3.95803","131.84","United States"
"7833","Phibro Animal Health","PAHC","3.95863","35.31","United States"
"7834","Hamilton Lane","HLNE","3.95866","105.2","United States"
"7835","Arbutus Biopharma","ABUS","3.95942","5.2","United States"
"7836","Fossil Group","FOSL","3.96069","5.57","United States"
"7837","Lincoln Educational Services","LINC","3.96144","24.83","United States"
"7838","Apnimed, Inc.","APMD","3.96237","25.63","United States"
"7839","Digimarc","DMRC","3.96515","6.01","United States"
"7840","Deepak Nitrite","DEEPAKNTR.NS","3.96625","18.3596","India"
"7841","OBIC","4684.T","3.96682","29.9797","Japan"
"7842","Specialized Medical Company","4019.SR","3.96868","4.33891","Saudi Arabia"
"7843","DUG Technology","DUG.AX","3.96882","1.38412","Australia"
"7844","Sulzer","SUN.SW","3.97241","196.052","Switzerland"
"7845","Danya Cebus","DNYA.TA","3.97305","34.6653","Israel"
"7846","Jindal Worldwide","JINDWORLD.NS","3.97396","0.366942","India"
"7847","Perpetua Resources","PPTA","3.97431","25.93","United States"
"7848","Commerce.com","CMRC","3.97672","2.25","United States"
"7849","Strauss Group","STRS.TA","3.9785","38.1318","Israel"
"7850","General Dynamics","GD","3.98143","383.77","United States"
"7851","Thomson Reuters","TRI","3.98382","108.62","Canada"
"7852","Ateme SA","ATEME.PA","3.98437","14.9219","France"
"7853","Exchange Income Corporation","EIF.TO","3.98663","90.9156","Canada"
"7854","Samsung Electro-Mechanics","009155.KS","3.9868","354.233","South Korea"
"7855","Watsco","WSO","3.98802","310.8","United States"
"7856","Convatec Group","CTEC.L","3.98833","3.11695","United Kingdom"
"7857","The Weir Group","WEIR.L","3.99082","39.6976","United Kingdom"
"7858","Automatic Bank Services","SHVA.TA","3.99119","7.07972","Israel"
"7859","Charles Schwab","SCHW","3.99194","113.65","United States"
"7860","Luxshare Precision","002475.SZ","3.99486","8.1609","China"
"7861","Organon","OGN","3.99876","13.75","United States"
"7862","AQ Group","AQ.ST","3.9995","23.0698","Sweden"
"7863","Tyra Biosciences","TYRA","4.00331","26.09","United States"
"7864","DO &amp; CO Aktiengesellschaft","DOC.VI","4.00423","244.229","Austria"
"7865","Swiggy","SWIGGY.NS","4.01592","3.00491","India"
"7866","Velo3D","VLDX","4.01736","6.15","United States"
"7867","180 Life Sciences","ATNF","4.01824","3.58","United States"
"7868","Sensirion Holding","SENS.SW","4.01846","101.011","Switzerland"
"7869","G-bits Network Technology","603444.SS","4.02037","57.2855","China"
"7870","Novanta","NOVT","4.02342","139.48","United States"
"7871","Makkah Construction &amp; Development","4100.SR","4.02482","22.1473","Saudi Arabia"
"7872","Granules India","GRANULES.NS","4.02677","8.85017","India"
"7873","J.S.B.Co.","3480.T","4.03125","56.1177","Japan"
"7874","Skylark Holdings","3197.T","4.04157","21.3109","Japan"
"7875","Willis Towers Watson","WTW","4.04204","350.75","United Kingdom"
"7876","Avon Protection","AVON.L","4.04388","24.685","United Kingdom"
"7877","Al Rajhi Company for Cooperative Insurance","8230.SR","4.04671","14.4364","Saudi Arabia"
"7878","Rane (Madras) Limited","RML.NS","4.0501","11.8044","India"
"7879","Xvivo Perfusion AB","XVIVO.ST","4.05033","29.7214","Sweden"
"7880","Balkrishna Industries","BALKRISIND.NS","4.05036","24.7613","India"
"7881","Monarch Casino &amp; Resort","MCRI","4.05095","124.28","United States"
"7882","MediWound","MDWD","4.0517","13","Israel"
"7883","Neumora Therapeutics","NMRA","4.05406","1.525","United States"
"7884","Relaxo Footwear","RELAXO.NS","4.05495","3.85383","India"
"7885","5th Planet Games","5PG.OL","4.05609","0.182579","Denmark"
"7886","Cavco Industries","CVCO","4.06043","582.54","United States"
"7887","Bitdeer Technologies Group","BTDR","4.0612","10.91","Singapore"
"7888","Progressive","PGR","4.0613","223.92","United States"
"7889","Core &amp; Main","CNM","4.06397","44.39","United States"
"7890","Sono-Tek Corporation","SOTK","4.06434","5.33","United States"
"7891","Prestige Group","PRESTIGE.NS","4.06444","16.8791","India"
"7892","Stingray Group","RAY-A.TO","4.066","12.3987","Canada"
"7893","Nike","NKE","4.06677","40.75","United States"
"7894","ACADIA Pharmaceuticals","ACAD","4.068","29.65","United States"
"7895","National Silicon Industry Group","688126.SS","4.06882","3.59401","China"
"7896","Mortgage Advice Bureau (Holdings)","MAB1.L","4.0707","7.07036","United Kingdom"
"7897","Ocular Therapeutix","OCUL","4.07078","10.78","United States"
"7898","Naqi Water Company","2282.SR","4.07087","15.0357","Saudi Arabia"
"7899","Lingyi iTECH","002600.SZ","4.07197","1.81039","China"
"7900","Weathernews Inc.","4825.T","4.0735","13.3201","Japan"
"7901","UltraTech Cement","ULTRACEMCO.NS","4.07502","120.541","India"
"7902","Littelfuse","LFUS","4.07512","403.37","United States"
"7903","Palladyne AI","PDYN","4.0789","5.78","United States"
"7904","Rapid Micro Biosystems","RPID","4.08201","1.66","United States"
"7905","TORIDOLL Holdings Corporation","3397.T","4.08283","27.042","Japan"
"7906","Dundee Precious Metals","DPM.TO","4.08348","50.3572","Canada"
"7907","Adaptive Biotechnologies","ADPT","4.08602","22.9","United States"
"7908","Bioventus","BVS","4.08784","14.02","United States"
"7909","Volvo Group","VOLV-A.ST","4.0886","36.8991","Sweden"
"7910","Spadel","SPA.BR","4.09054","403.357","Belgium"
"7911","Qt Group","QTCOM.HE","4.09122","40.3824","Finland"
"7912","Norcod AS","NCOD.OL","4.09337","1.16528","Norway"
"7913","Tyler Technologies","TYL","4.09485","355.79","United States"
"7914","Altus Group","AIF.TO","4.09648","34.5552","Canada"
"7915","Willdan Group","WLDN","4.09828","83.5","United States"
"7916","MIAX (Miami International Holdings)","MIAX","4.10032","44.03","United States"
"7917","LEW (Lechwerke)","LEC.F","4.10154","75.1924","Germany"
"7918","Orbit Communication Systems","ORBI.TA","4.10212","14.3123","Israel"
"7919","Tide Water Oil","TIDEWATER.NS","4.10341","25.0972","India"
"7920","Helus Pharma","HELP","4.10392","13.02","Canada"
"7921","InfuSystem","INFU","4.10511","11.95","United States"
"7922","Renishaw","RSW.L","4.10512","69.75","United Kingdom"
"7923","Agomab Therapeutics","AGMB","4.10576","12.82","Belgium"
"7924","Aditya Birla Real Estate","ABREL.NS","4.1066","14.7069","India"
"7925","Hangzhou Shunwang Technology","300113.SZ","4.10696","2.38311","China"
"7926","Finning","FTT.TO","4.11051","65.3727","Canada"
"7927","Netcompany Group","NETC.CO","4.11115","49.1753","Denmark"
"7928","Shanghai United Imaging Healthcare","688271.SS","4.11235","15.883","China"
"7929","T1 Energy","TE","4.1149","4.32","United States"
"7930","JDC Group AG","JDC.DE","4.11554","24.5978","Germany"
"7931","Seabridge Gold","SA","4.11846","33.03","Canada"
"7932","BASF India","BASF.NS","4.1209","40.5015","India"
"7933","Grupo México","GMBXF","4.12159","14.24","Mexico"
"7934","IDEAYA Biosciences","IDYA","4.12203","40.04","United States"
"7935","St. James's Place","STJ.L","4.12268","16.3953","United Kingdom"
"7936","Lamb Weston","LW","4.12352","54.8","United States"
"7937","EnPro Industries","NPO","4.1249","304.52","United States"
"7938","Skipper Limited","SKIPPER.NS","4.125","5.79824","India"
"7939","Descartes Systems Group","DSGX","4.12593","78.47","Canada"
"7940","Gallantt Ispat","GALLANTT.NS","4.12678","6.08871","India"
"7941","Rezolute","RZLT","4.12915","5.01","United States"
"7942","TopBuild","BLD","4.13231","354.53","United States"
"7943","Bandai Namco","7832.T","4.13258","35.0014","Japan"
"7944","Endeavour Mining","EDV.TO","4.13731","65.3077","United Kingdom"
"7945","Owlet, Inc.","OWLT","4.14122","5.08","United States"
"7946","Resonac Holdings Corporation","4004.T","4.14187","101.564","Japan"
"7947","AU Small Finance Bank","AUBANK.NS","4.14335","11.8525","India"
"7948","RTX","RTX","4.14466","209.22","United States"
"7949","Ducommun","DCO","4.14717","183.96","United States"
"7950","Ashiana Housing","ASHIANA.NS","4.14754","3.8136","India"
"7951","Dayforce","DAY","4.1489","69.86","United States"
"7952","MPLX","MPLX","4.14922","58.46","United States"
"7953","Infineon","IFX.DE","4.15114","64.5722","Germany"
"7954","USS Co., Ltd.","4732.T","4.15328","12.4036","Japan"
"7955","Saudia Dairy &amp; Foodstuff Company","2270.SR","4.1576","54.7091","Saudi Arabia"
"7956","PagerDuty","PD","4.15977","12.4","United States"
"7957","Imperial Oil","IMO","4.16186","136.95","Canada"
"7958","The Energy House Holding Company","ENERGYH.KW","4.16272","824.91","Kuwait"
"7959","United Bankers Oyj","UNITED.HE","4.16342","27.1625","Finland"
"7960","Genuine Parts Company","GPC","4.16413","135.69","United States"
"7961","Perimeter Solutions","PRM","4.16537","30.66","United States"
"7962","Fabasoft","FAA.DE","4.16541","19.4684","Austria"
"7963","Funai Soken Holdings Incorporated","9757.T","4.16625","7.35682","Japan"
"7964","Credit Acceptance","CACC","4.16627","603.07","United States"
"7965","Mphasis","MPHASIS.NS","4.16695","25.1949","India"
"7966","Metalla Royalty & Streaming","MTA","4.17351","11.3","Canada"
"7967","Quad","QUAD","4.17445","10.25","United States"
"7968","IHI Corporation","7013.T","4.1746","16.9232","Japan"
"7969","Mueller Industries","MLI","4.17574","63.45","United States"
"7970","Denali Therapeutics","DNLI","4.177","24.2","United States"
"7971","LEM Holding","LEHN.SW","4.17788","623.235","Switzerland"
"7972","The Hackett Group","HCKT","4.17948","11.09","United States"
"7973","Profound Medical","PROF","4.18049","6.8","Canada"
"7974","Xencor","XNCR","4.18103","28.995","United States"
"7975","Exail Technologies","EXA.PA","4.18155","145.022","France"
"7976","SK Square","402340.KS","4.18304","765.52","South Korea"
"7977","Victorian Plumbing Group","VIC.L","4.18704","1.05218","United Kingdom"
"7978","Mainz Biomed","MYNZ","4.18824","0.8441","Germany"
"7979","Cantabil Retail India","CANTABIL.NS","4.19082","2.56389","India"
"7980","JBCC Holdings","9889.T","4.19158","10.7967","Japan"
"7981","Shapir Civil and Marine Engineering","SPEN.TA","4.19216","14.2961","Israel"
"7982","Turning Point Brands","TPB","4.19315","83.46","United States"
"7983","Yonyou","600588.SS","4.19381","1.51436","China"
"7984","eXp World Holdings","EXPI","4.19488","6.74","United States"
"7985","Burberry","BRBY.L","4.19511","14.6788","United Kingdom"
"7986","Nissan Chemical","4021.T","4.19559","51.3785","Japan"
"7987","Sandoz Group","SDZ.SW","4.19598","90.8605","Switzerland"
"7988","TFI International","TFII","4.19655","135.82","Canada"
"7989","Coromandel","COROMANDEL.NS","4.19684","20.0021","India"
"7990","Romgaz","SNG.RO","4.1983","4.42896","Romania"
"7991","Agnico Eagle Mines","AEM","4.1991","217.89","Canada"
"7992","Preformed Line Products","PLPC","4.20066","406.93","United States"
"7993","Française des Jeux","FDJ.VI","4.20095","25.9851","France"
"7994","Codexis","CDXS","4.20455","1.66","United States"
"7995","Chow Tai Fook","1929.HK","4.20461","1.73626","Hong Kong"
"7996","Hiab Oyj","HIAB.HE","4.20671","74.2014","Finland"
"7997","Legend Biotech","LEGN","4.20852","20.94","United States"
"7998","Digi International","DGII","4.21218","73.92","United States"
"7999","GEA Group","G1A.F","4.21225","77.8153","Germany"
"8000","Chocoladefabriken Lindt &amp; Sprüngli","LISP.SW","4.21273","11388.7","Switzerland"
"8001","Cadre Holdings, Inc.","CDRE","4.21435","33.08","United States"
"8002","PVA TePla AG","TPE.DE","4.21707","33.924","Germany"
"8003","Tidewater Renewables","LCFS.TO","4.21748","13.7744","Canada"
"8004","Vulcan Materials","VMC","4.21864","275.94","United States"
"8005","Remedy Entertainment","REMEDY.HE","4.21945","20.4477","Finland"
"8006","Hanwha Ocean (DSME)","042660.KS","4.21975","62.5415","South Korea"
"8007","Ebara Corporation","6361.T","4.22633","30.9526","Japan"
"8008","Crocs","CROX","4.22688","125.84","United States"
"8009","Motorpoint Group","MOTR.L","4.23047","1.68245","United Kingdom"
"8010","Asker Healthcare Group AB","ASKER.ST","4.23396","7.94078","Sweden"
"8011","Derayah Financial Company","4084.SR","4.23598","5.56414","Saudi Arabia"
"8012","The a2 Milk Company","A2M.AX","4.23599","5.07153","New Zealand"
"8013","Bupa Arabia for Cooperative Insurance Company","8210.SR","4.23755","44.5078","Saudi Arabia"
"8014","CVR Partners","UAN","4.24049","125.07","United States"
"8015","Kinross Gold","KGC","4.24278","32.98","Canada"
"8016","Tokyo Ohka Kogyo Co., Ltd.","4186.T","4.2437","54.7932","Japan"
"8017","Luckin Coffee","LKNCY","4.24388","35","China"
"8018","Eagle Materials","EXP","4.24824","204.25","United States"
"8019","Intercede Group plc","IGP.L","4.25039","1.5394","United Kingdom"
"8020","Plexus","PLXS","4.25078","237.61","United States"
"8021","B3","B3SA3.SA","4.25334","2.99965","Brazil"
"8022","J&amp;T Global Express","1519.HK","4.25467","1.25276","China"
"8023","IDEX","IEX","4.25541","233.69","United States"
"8024","Samsung Heavy Industries","010140.KS","4.25634","14.7688","South Korea"
"8025","Dis-Chem Pharmacies","DCP.JO","4.25676","1.77756","South Africa"
"8026","Geron","GERN","4.26244","1.52","United States"
"8027","Zephyrus Wing Energies","ZPRS.TA","4.26387","8.28967","Israel"
"8028","Dominion Hosting","DHH.MI","4.26692","30.7764","Italy"
"8029","Reckitt Benckiser","RKT.L","4.26754","70.4584","United Kingdom"
"8030","Larsen &amp; Toubro","LT.NS","4.26915","42.9903","India"
"8031","ISS A/S","ISS.CO","4.26993","46.0258","Denmark"
"8032","Idaho Strategic Resources","IDR","4.27304","32.22","United States"
"8033","Viridian Therapeutics","VRDN","4.27869","24.02","United States"
"8034","iFOREX","IFRX.L","4.28036","1.97534","Guernsey"
"8035","Al-Saif Stores for Development &amp; Investment","4192.SR","4.28043","1.73929","Saudi Arabia"
"8036","NIOX Group","NIOX.L","4.28256","0.926367","United Kingdom"
"8037","Organo Corporation","6368.T","4.28548","84.0196","Japan"
"8038","Imperial Brands","IMB.L","4.28616","34.4118","United Kingdom"
"8039","SOL S.p.A.","SOL.MI","4.28722","61.786","Italy"
"8040","Somnigroup International","SGI","4.28758","64.31","United States"
"8041","Netcall","NET.L","4.28913","1.59745","United Kingdom"
"8042","Ideal Power","IPWR","4.29149","4.65","United States"
"8043","TKO Group Holdings","TKO","4.2935","193.42","United States"
"8044","VRL Logistics","VRLLOG.NS","4.29474","3.01588","India"
"8045","SÜSS MicroTec","SMHN.DE","4.29524","82.5367","Germany"
"8046","IndiaMART","INDIAMART.NS","4.29767","18.3493","India"
"8047","Smart Parking Limited","SPZ.AX","4.29917","0.590129","Australia"
"8048","ArriVent BioPharma","AVBP","4.301","28.26","United States"
"8049","Moltiply Group (Gruppo Mutuionline)","MOL.MI","4.30514","43.2502","Italy"
"8050","International Tower Hill Mines","THM","4.30723","2.76","Canada"
"8051","AFT Pharmaceuticals","AFT.NZ","4.30794","2.57907","New Zealand"
"8052","President Chain Store (PSCS)","2912.TW","4.3124","7.02679","Taiwan"
"8053","RPM International","RPM","4.31245","106.36","United States"
"8054","Uranium Energy","UEC","4.31428","12.51","United States"
"8055","Adidas","ADS.DE","4.31443","181.627","Germany"
"8056","HealthEquity","HQY","4.31561","105.4","United States"
"8057","Lupin Limited","LUPIN.NS","4.31658","22.7531","India"
"8058","Meitav Investment House","MTAV.TA","4.31782","36.7319","Israel"
"8059","Quess","QUESS.NS","4.32143","3.63024","India"
"8060","flatexDEGIRO AG","FTK.DE","4.32192","42.3409","Germany"
"8061","Alkem Laboratories","ALKEM.NS","4.32421","55.6891","India"
"8062","Dragonfly Energy","DFLI","4.32891","1.13","United States"
"8063","Aena","AENA.MC","4.32952","32.0121","Spain"
"8064","National Storage Affiliates Trust","NSA","4.3329","43.41","United States"
"8065","Allegro.eu","ALE.WA","4.33296","12.1388","Poland"
"8066","Verkkokauppa.com","VERK.HE","4.33594","4.33085","Finland"
"8067","Jumbo Interactive Limited","JIN.AX","4.33607","5.47926","Australia"
"8068","PTC","PTC","4.33787","154.31","United States"
"8069","Bgin Blockchain","BGIN","4.33949","2.1","Singapore"
"8070","Regis Resources","RRL.AX","4.34155","6.08727","Australia"
"8071","Spirax-Sarco Engineering","SPX.L","4.3423","97.7454","United Kingdom"
"8072","Engineers India","ENGINERSIN.NS","4.34329","2.61822","India"
"8073","Emerson","EMR","4.34347","157.57","United States"
"8074","Dakota Gold","DC","4.34517","6.18","United States"
"8075","RadNet","RDNT","4.3453","74.69","United States"
"8076","Gland Pharma","GLAND.NS","4.34795","29.6207","India"
"8077","Zai Lab","ZLAB","4.34832","25.64","China"
"8078","Atomera","ATOM","4.34991","4.52","United States"
"8079","Ondas Holdings","ONDS","4.35181","8.24","United States"
"8080","Myers Industries","MYE","4.3533","33.43","United States"
"8081","Easy Software","ESY.HM","4.35451","21.5668","Germany"
"8082","Pluxee","PLX.PA","4.35558","18.3026","France"
"8083","Fujita Kanko","9722.T","4.3573","17.1115","Japan"
"8084","MTU Aero Engines","MTX.DE","4.35744","418.163","Germany"
"8085","Shenzhen Salubris Pharmaceuticals","002294.SZ","4.35817","4.74837","China"
"8086","KPIT Technologies","KPITTECH.NS","4.35984","6.16237","India"
"8087","EchoStar","ECHO","4.3655","85.32","United States"
"8088","Nektar Therapeutics","NKTR","4.36641","73.69","United States"
"8089","Shenzhen New Industries Biomedical Engineering","300832.SZ","4.36683","7.64768","China"
"8090","Hexagon AB","HEXA-B.ST","4.36818","10.6298","Sweden"
"8091","CMC Markets Plc","CMCX.L","4.36934","9.78135","United Kingdom"
"8092","Design Therapeutics","DSGN","4.37102","15.23","United States"
"8093","IDT Corporation","IDT","4.37197","68.29","United States"
"8094","Ratnamani Metals &amp; Tubes","RATNAMANI.NS","4.37353","28.4129","India"
"8095","Rasiyat Holding Company","RASIYAT.KW","4.37595","2063.91","Kuwait"
"8096","Amtech Systems","ASYS","4.3771","14","United States"
"8097","KPN","KPN.AS","4.37722","4.77034","Netherlands"
"8098","Cingulate","CING","4.37837","5.68","United States"
"8099","Novabase","NBA.LS","4.37964","8.41688","Portugal"
"8100","Powersoft","PWS.MI","4.38061","17.0786","Italy"
"8101","Daldrup &amp; Söhne","4DS.DE","4.38151","25.1807","Germany"
"8102","Xenon Pharmaceuticals","XENE","4.38374","60.56","Canada"
"8103","TE Connectivity","TEL","4.38551","202.41","Switzerland"
"8104","D2L Inc.","DTOL.TO","4.38553","6.91248","Canada"
"8105","Eagle Eye Solutions Group","EYE.L","4.38828","6.59015","United Kingdom"
"8106","Tata Consumer Products","TATACONSUM.NS","4.38881","11.0647","India"
"8107","Twilio","TWLO","4.39157","222.59","United States"
"8108","RVRC Holding","RVRC.ST","4.39204","5.69379","Sweden"
"8109","PLBY Group (Playboy)","PLBY","4.39435","1.25","United States"
"8110","Amber Enterprises India","AMBER.NS","4.39827","77.6983","India"
"8111","Enova International","ENVA","4.39893","247.66","United States"
"8112","RaiaDrogasil","RADL3.SA","4.39972","3.55687","Brazil"
"8113","SPX Technologies","SPXC","4.40284","200.9","United States"
"8114","Balchem","BCPC","4.40297","177.5","United States"
"8115","Lifeway Foods","LWAY","4.40464","26.335","United States"
"8116","Fluence Energy","FLNC","4.40648","10.86","United States"
"8117","Huber+Suhner","HUBN.SW","4.40818","207.496","Switzerland"
"8118","The Ensign Group","ENSG","4.41158","179.37","United States"
"8119","AHT Syngas Technology","3SQ1.DE","4.41252","3.26416","Germany"
"8120","Renta 4 Banco","R4.MC","4.41378","22.4994","Spain"
"8121","Generate Biomedicines","GENB","4.41803","17.72","United States"
"8122","Power Integrations","POWI","4.42292","53.18","United States"
"8123","Nichols plc","NICL.L","4.42419","15.6093","United Kingdom"
"8124","MMTC","MMTC.NS","4.42426","0.668478","India"
"8125","Swissquote","SQN.SW","4.43069","52.2473","Switzerland"
"8126","Elisa","ELISA.HE","4.43397","42.3642","Finland"
"8127","Crompton Greaves Consumer Electricals","CROMPTON.NS","4.43469","2.53787","India"
"8128","Bossard Holding","BOSN.SW","4.43667","291.092","Switzerland"
"8129","Webull","BULL","4.43803","8.53","United States"
"8130","Nekkar ASA","NKR.OL","4.43873","1.58951","Norway"
"8131","On Holding","ONON","4.43999","29.51","Switzerland"
"8132","Silan Microelectronics","600460.SS","4.44036","5.1054","China"
"8133","MS INTERNATIONAL plc","MSI.L","4.44361","23.0502","United Kingdom"
"8134","Progyny","PGNY","4.44457","25.45","United States"
"8135","XD Inc.","2400.HK","4.44477","5.44223","China"
"8136","Enphase Energy","ENPH","4.44528","37.18","United States"
"8137","Financière de Tubize","TUB.BR","4.44647","221.613","Belgium"
"8138","Star Health and Allied Insurance Company","STARHEALTH.NS","4.44861","6.08139","India"
"8139","Ralliant Corporation","RAL","4.44892","62.95","United States"
"8140","CBL Properties","CBL","4.45042","55.71","United States"
"8141","BHP Group","BHP","4.45062","97.13","Australia"
"8142","Saudi Tadawul Group Holding Company","1111.SR","4.45134","34.5994","Saudi Arabia"
"8143","Oriental Land","4661.T","4.45141","18.8314","Japan"
"8144","Admicom Oyj","ADMCM.HE","4.45212","32.2919","Finland"
"8145","Enlight Renewable Energy","ENLT","4.4545","77.635","Israel"
"8146","FirstCash","FCFS","4.46216","236.43","United States"
"8147","Sika","SIKA.SW","4.46298","235.921","Switzerland"
"8148","Thermo Fisher Scientific","TMO","4.46543","628.74","United States"
"8149","Shenzhen Inovance","300124.SZ","4.46568","9.13229","China"
"8150","BGC Group","BGC","4.46684","11.95","United States"
"8151","Gulf Investment House Company","GIH.KW","4.46751","2083.47","Kuwait"
"8152","Headwater Exploration","HWX.TO","4.46764","10.2388","Canada"
"8153","Al Majed for Oud Company","4165.SR","4.46816","32.8947","Saudi Arabia"
"8154","Ströer","SAX.F","4.46868","46.048","Germany"
"8155","Alma Media","ALMA.HE","4.47131","16.3791","Finland"
"8156","Endesa","ELE.MC","4.4733","48.9625","Spain"
"8157","Ichibanya Co., Ltd.","7630.T","4.47338","5.9068","Japan"
"8158","Schrödinger","SDGR","4.47811","18.77","United States"
"8159","Snap","SNAP","4.4871","5.53","United States"
"8160","Generac","GNRC","4.48966","203.56","United States"
"8161","JX Advanced Metals","5016.T","4.49061","23.9787","Japan"
"8162","Altius Telecom Infrastructure Trust","ALTIUSINVIT.BO","4.49112","1.86187","India"
"8163","Usio","USIO","4.49145","2.86","United States"
"8164","Klaviyo","KVYO","4.4926","18.2","United States"
"8165","Mindray","300760.SZ","4.49277","24.1167","China"
"8166","GSK plc","GSK","4.49478","51.78","United Kingdom"
"8167","Maruwa","5344.T","4.49676","338.401","Japan"
"8168","LeMaitre Vascular","LMAT","4.49711","79.96","United States"
"8169","Doosan Enerbility","034020.KS","4.50011","58.2806","South Korea"
"8170","Sungrow Power Supply","300274.SZ","4.50057","16.3025","China"
"8171","ESCO Technologies","ESE","4.50394","275.62","United States"
"8172","Smiths Group","SMIN.L","4.50529","35.9649","United Kingdom"
"8173","SolarEdge","SEDG","4.50747","30.09","Israel"
"8174","Laboratorios Farmaceuticos Rovi","ROVI.MC","4.50813","70.1795","Spain"
"8175","Tech Mahindra","TECHM.NS","4.50817","16.619","India"
"8176","Wabtec","WAB","4.50823","297.62","United States"
"8177","Flowserve","FLS","4.50975","80.46","United States"
"8178","UiPath","PATH","4.51153","16.57","United States"
"8179","Oceaneering International","OII","4.51338","50.46","United States"
"8180","Disc Medicine","IRON","4.51393","80.94","United States"
"8181","SunOpta","STKL","4.51397","6.5","Canada"
"8182","Enerpac Tool Group","EPAC","4.51581","37.15","United States"
"8183","PolyPeptide Group","PPGN.SW","4.51666","54.673","Switzerland"
"8184","Marathon Petroleum","MPC","4.51756","362.52","United States"
"8185","ITC","ITC.NS","4.51931","2.8252","India"
"8186","Fincantieri","FCT.MI","4.5197","14.6538","Italy"
"8187","CTS Eventim","EVD.F","4.52796","70.879","Germany"
"8188","SIEC (Saudi Industrial Export Company)","4140.SR","4.52962","0.615278","Saudi Arabia"
"8189","PAL Next AG","PAL.DE","4.5337","1.09852","Germany"
"8190","CATL","300750.SZ","4.53431","56.0418","China"
"8191","A. O. Smith","AOS","4.53921","62.72","United States"
"8192","Avino Silver &amp; Gold Mines","ASM","4.53946","7.36","Canada"
"8193","A2Z Cust2Mate Solutions","AZ","4.54079","7.08","Canada"
"8194","HeartSciences Inc.","HSCS","4.54267","2.76","United States"
"8195","Yubico","YUBICO.ST","4.54278","9.55104","Sweden"
"8196","Lazard","LAZ","4.54789","44.07","Bermuda"
"8197","Eastroc Beverage Group","605499.SS","4.55043","18.4014","China"
"8198","Silergy","6415.TW","4.55198","14.1634","China"
"8199","HCL Technologies","HCLTECH.NS","4.55276","13.6705","India"
"8200","Northrop Grumman","NOC","4.5593","549.28","United States"
"8201","Centrus Energy","LEU","4.5594","177.14","United States"
"8202","Volution Group","FAN.L","4.5638","9.11382","United Kingdom"
"8203","Riyadh Cables Group Company","4142.SR","4.56503","29.1391","Saudi Arabia"
"8204","Neurocrine Biosciences","NBIX","4.56547","153.04","United States"
"8205","LPKF Laser &amp; Electronics","LPK.DE","4.56682","15.2133","Germany"
"8206","Motilal Oswal Financial Services","MOTILALOFS.NS","4.57039","10.5339","India"
"8207","ACWA POWER Company","2082.SR","4.57226","51.5928","Saudi Arabia"
"8208","Legrand","LR.PA","4.57406","157.787","France"
"8209","Ethos Watches","ETHOSLTD.NS","4.57422","30.2069","India"
"8210","Retal Urban Development Company","4322.SR","4.57466","2.6742","Saudi Arabia"
"8211","CSN Mineração","CMIN3.SA","4.57504","1.15909","Brazil"
"8212","Harmony Gold","HMY","4.57556","22.81","South Africa"
"8213","HENGTONG Optic-Electric","600487.SS","4.57773","9.60981","China"
"8214","Kinsale Capital Group","KNSL","4.5793","395.51","United States"
"8215","Arrive AI","ARAI","4.57954","0.2311","United States"
"8216","IVU Traffic Technologies","IVU.DE","4.58588","28.678","Germany"
"8217","Vista Group International","VGL.NZ","4.58658","1.6618","New Zealand"
"8218","Nasdaq","NDAQ","4.58725","98.79","United States"
"8219","Senti Biosciences","SNTI","4.58975","0.378","United States"
"8220","Banca Generali","BGN.MI","4.59073","78.6897","Italy"
"8221","Teradata","TDC","4.5949","27.52","United States"
"8222","SAKURA Internet","3778.T","4.59773","21.97","Japan"
"8223","NexPoint Residential Trust","NXRT","4.59897","24.7","United States"
"8224","Standex International","SXI","4.59926","302.99","United States"
"8225","SPARC","SPARC.NS","4.60253","2.02591","India"
"8226","Hawkins","HWKN","4.603","117.75","United States"
"8227","Dexerials Corporation","4980.T","4.60606","18.9633","Japan"
"8228","Credit Rating And Collection Company","TAHSSILAT.KW","4.61128","469.514","Kuwait"
"8229","Pinterest","PINS","4.61201","23.47","United States"
"8230","Incyte","INCY","4.61354","127.98","United States"
"8231","Marksans Pharma","MARKSANS.NS","4.61521","3.33612","India"
"8232","Concurrent Technologies","CNC.L","4.61804","3.06519","United Kingdom"
"8233","CuriosityStream","CURI","4.62192","2.84","United States"
"8234","Reed's, Inc.","REED","4.62479","1.05","United States"
"8235","China Northern Rare Earth (CNREHT)","600111.SS","4.62911","5.92803","China"
"8236","Focus Media Information Technology","002027.SZ","4.62997","0.73933","China"
"8237","Boursa Kuwait Securities Company","BOURSA.KW","4.63024","9602.22","Kuwait"
"8238","Honeywell","HON","4.64098","214.77","United States"
"8239","Freightways","FRW.NZ","4.64327","7.89207","New Zealand"
"8240","Burckhardt Compression","BCHN.SW","4.64547","629.455","Switzerland"
"8241","UCT (Ultra Clean Holdings)","UCTT","4.64693","72.78","United States"
"8242","Brooge Energy","BROG","4.65529","2.6","United Arab Emirates"
"8243","Nahdi Medical Company","4164.SR","4.66727","25.0506","Saudi Arabia"
"8244","Ola Electric Mobility","OLAELEC.NS","4.67011","0.377703","India"
"8245","RBC Bearings","RBC","4.67118","495.9","United States"
"8246","Aramark","ARMK","4.67587","59.28","United States"
"8247","AFC Energy","AFC.L","4.6765","0.197071","United Kingdom"
"8248","Oil-Dri Corporation Of America","ODC","4.68019","92.19","United States"
"8249","Alkermes","ALKS","4.68082","48.87","Ireland"
"8250","Orla Mining","ORLA","4.68379","9.44","Canada"
"8251","Suprajit Engineering","SUPRAJIT.NS","4.68753","5.26068","India"
"8252","Friedrich Vorwerk Group","VH2.DE","4.68889","82.8865","Germany"
"8253","WillScot","WSC","4.6894","22.53","United States"
"8254","PodcastOne","PODC","4.68993","2.65","United States"
"8255","Annexon","ANNX","4.69005","5.06","United States"
"8256","Oxford Instruments","OXIG.L","4.69041","38.7984","United Kingdom"
"8257","Techtronic Industries","0669.HK","4.69078","17.8601","Hong Kong"
"8258","Ituran","ITRN","4.69108","50.62","Israel"
"8259","MSC Industrial Direct","MSM","4.69222","119.26","United States"
"8260","ICICI Lombard","ICICIGI.NS","4.69447","16.784","India"
"8261","EQT","EQT.ST","4.6982","35.6467","Sweden"
"8262","Bliss GVS Pharma","BLISSGVS.NS","4.70032","5.84056","India"
"8263","Rapid7","RPD","4.70106","12.19","United States"
"8264","M-tron Industries","MPTI","4.70282","79.04","United States"
"8265","Target","TGT","4.70647","169.89","United States"
"8266","TROOPS, Inc.","TROO","4.70959","1.89","Hong Kong"
"8267","Zhejiang Sanhua Intelligent Controls Co.,Ltd","002050.SZ","4.71038","5.34787","China"
"8268","Phoenix Mills","PHOENIXLTD.NS","4.71091","20.164","India"
"8269","LGI Limited","LGI.AX","4.71199","1.73104","Australia"
"8270","Röko AB","ROKO-B.ST","4.71295","200.809","Sweden"
"8271","I'LL inc.","3854.T","4.714","15.0652","Japan"
"8272","Mitsubishi Heavy Industries","7011.T","4.71602","24.7696","Japan"
"8273","Target Hospitality","TH","4.71636","17.83","United States"
"8274","cBrain","CBRAIN.CO","4.72035","12.3328","Denmark"
"8275","Energix Renewable Energies","ENRG.TA","4.72263","6.70973","Israel"
"8276","Nanosonics Limited","NAN.AX","4.72281","2.18169","Australia"
"8277","Pro-Dex","PDEX","4.72295","66.86","United States"
"8278","One Software Technologies","ONE.TA","4.72333","21.5325","Israel"
"8279","Once Upon A Farm","OFRM","4.72352","17.76","United States"
"8280","CBRE Group","CBRE","4.72711","151.93","United States"
"8281","Chrysos Corporation Limited","C79.AX","4.72787","5.29328","Australia"
"8282","Global Industrial Company","GIC","4.7327","39.57","United States"
"8283","Graco","GGG","4.73389","80.16","United States"
"8284","Check Point Software","CHKP","4.73444","130.5","Israel"
"8285","Visional, Inc.","4194.T","4.73586","58.8608","Japan"
"8286","Chalice Mining","CHN.AX","4.7371","1.03362","Australia"
"8287","Adani Enterprises","ADANIENT.NS","4.74218","32.47","India"
"8288","Sonos","SONO","4.74268","15.41","United States"
"8289","Doximity","DOCS","4.74279","25.3","United States"
"8290","Daifuku","6383.T","4.74334","36.7904","Japan"
"8291","Sidus Space","SIDU","4.7452","2.22","United States"
"8292","MarketAxess","MKTX","4.74902","162.46","United States"
"8293","Murata Manufacturing (Murata Seisakusho)","6981.T","4.75363","44.7561","Japan"
"8294","Aixtron","AIXA.F","4.75849","43.4134","Germany"
"8295","Airtel Africa","AAF.L","4.7596","4.54737","United Kingdom"
"8296","Sangfor Technologies","300454.SZ","4.76152","17.3943","China"
"8297","CGN Mining Company","1164.HK","4.76165","0.368046","Hong Kong"
"8298","Praj Industries","PRAJIND.NS","4.76253","3.63233","India"
"8299","YETI Holdings","YETI","4.76471","43.08","United States"
"8300","Deep Fission, Inc.","FISN","4.7655","7.13","United States"
"8301","XPEL","XPEL","4.76615","50.58","United States"
"8302","OR Royalties","OR","4.7666","37.49","Canada"
"8303","eMudhra","EMUDHRA.NS","4.76815","5.68854","India"
"8304","Deutsche Börse","DB1.DE","4.76915","333.411","Germany"
"8305","Charles River Laboratories","CRL","4.76988","298.58","United States"
"8306","VA Tech Wabag","WABAG.NS","4.77068","21.1253","India"
"8307","Cobram Estate Olives","CBO.AX","4.77198","2.39628","Australia"
"8308","Frequentis","FQT.VI","4.77204","84.5185","Austria"
"8309","Tabuk Agricultural Development Company","6040.SR","4.77654","2.42915","Saudi Arabia"
"8310","Leifras","LFS","4.77775","2.27","Japan"
"8311","XRF Scientific Limited","XRF.AX","4.77871","1.31617","Australia"
"8312","Hyatt Hotels","H","4.77924","180.09","United States"
"8313","Energy Focus","EFOI","4.78213","2.98","United States"
"8314","Keel Infrastructure","KEEL","4.7887","3.25","United States"
"8315","Immunocore","IMCR","4.78916","36.61","United Kingdom"
"8316","Evli","EVLI.HE","4.78932","29.7272","Finland"
"8317","OneSpaWorld","OSW","4.78991","26.51","Bahamas"
"8318","Paladin Energy","PDN.AX","4.79601","8.55508","Australia"
"8319","MotorK","MTRK.AS","4.79706","2.77454","Italy"
"8320","Information Services Corporation","ISC.TO","4.79886","36.7775","Canada"
"8321","Sensient Technologies","SXT","4.80039","137.45","United States"
"8322","Lhyfe SA","LHYFE.PA","4.80401","2.51224","France"
"8323","Athens International Airport","AIA.AT","4.80479","12.3222","Greece"
"8324","SAP","SAP","4.80662","218.66","Germany"
"8325","Maze Therapeutics","MAZE","4.81197","29.6","United States"
"8326","Shibaura Mechatronics","6590.T","4.81296","25.7049","Japan"
"8327","Hill &amp; Smith PLC","HILS.L","4.81505","39.8474","United Kingdom"
"8328","Genovis AB","GENO.ST","4.81626","2.10491","Sweden"
"8329","NRG Energy","NRG","4.82095","111.78","United States"
"8330","AIA Engineering","AIAENG.NS","4.82173","44.6212","India"
"8331","SEI Investments","SEIC","4.82177","110.75","United States"
"8332","NewAmsterdam Pharma Company","NAMS","4.82482","26.85","Netherlands"
"8333","SI-BONE","SIBN","4.82548","19.47","United States"
"8334","Gorman-Rupp","GRC","4.82901","77.82","United States"
"8335","MONY Group plc","MONY.L","4.83058","2.86158","United Kingdom"
"8336","Dorchester Minerals","DMLP","4.83165","29.2","United States"
"8337","360 One Wam","360ONE.NS","4.83269","12.5535","India"
"8338","Packaging Corporation of America","PKG","4.83342","248.88","United States"
"8339","Applied Digital","APLD","4.83483","26.89","United States"
"8340","Hansoh Pharma","3692.HK","4.83522","4.02873","China"
"8341","Fope S.p.A.","FPE.MI","4.83544","60.0373","Italy"
"8342","China Jushi Co., Ltd.","600176.SS","4.83767","5.91911","China"
"8343","Envela Corporation","ELA","4.84036","14.15","United States"
"8344","Orosur Mining","OMI.V","4.841","0.216466","Canada"
"8345","Electreon Wireless","ELWS.TA","4.84836","13.6328","Israel"
"8346","Polaris","PII","4.84859","64.34","United States"
"8347","Forward Air","FWRD","4.85402","17.57","United States"
"8348","United Utilities","UU.L","4.85488","19.4265","United Kingdom"
"8349","iSpecimen","ISPC","4.8575","1.57","United States"
"8350","Vera Therapeutics","VERA","4.8629","33.72","United States"
"8351","Indra Sistemas","IDR.MC","4.86323","71.322","Spain"
"8352","Andrews Sykes Group","ASY.L","4.86412","8.37818","United Kingdom"
"8353","Spruce Biosciences","SPRB","4.86495","58.65","United States"
"8354","Infosys","INFY","4.86509","11.82","India"
"8355","Repligen","RGEN","4.86822","181.62","United States"
"8356","Maxis Berhad","6012.KL","4.86891","0.942719","Malaysia"
"8357","National Beverage","FIZZ","4.86972","33.07","United States"
"8358","iFLYTEK","002230.SZ","4.87072","5.85365","China"
"8359","Solaris Energy Infrastructure","SEI","4.8761","53.53","United States"
"8360","Marks Electrical Group","MRK.L","4.87688","0.616443","United Kingdom"
"8361","Sandvik","SAND.ST","4.87757","41.6036","Sweden"
"8362","Afcon Holdings","AFHL.TA","4.87897","177.026","Israel"
"8363","NVR","NVR","4.87937","6397.59","United States"
"8364","Gold Fields","GFI","4.88133","47.33","South Africa"
"8365","WithSecure Oyj","WITH.HE","4.88189","2.00023","Finland"
"8366","Equifax","EFX","4.88299","194.63","United States"
"8367","Bumrungrad Hospital","BH.BK","4.88358","6.20037","Thailand"
"8368","Sol-Gel Technologies","SLGL","4.88564","77.39","Israel"
"8369","Biolife Solutions","BLFS","4.88633","37.19","United States"
"8370","Novatek Microelectronics","3034.TW","4.88643","17.4101","Taiwan"
"8371","Compagnie Financière Richemont","CFR.SW","4.88813","232.003","Switzerland"
"8372","TeamViewer","TMV.DE","4.89053","7.69993","Germany"
"8373","Zhejiang Supor","002032.SZ","4.89672","6.05745","China"
"8374","Laureate Education","LAUR","4.89726","37.31","United States"
"8375","Coherent Corp.","COHR","4.89754","275.49","United States"
"8376","Intuit","INTU","4.90508","369.92","United States"
"8377","Hexaware Technologies","HEXT.NS","4.91189","5.8275","India"
"8378","VusionGroup","VU.PA","4.91483","153.649","France"
"8379","Vesuvius India","VESUVIUS.NS","4.91498","4.47707","India"
"8380","Millicom","TIGO","4.92016","92.97","Luxembourg"
"8381","Coca-Cola HBC","CCH.L","4.92189","62.6933","Switzerland"
"8382","Basler Aktiengesellschaft","BSL.DE","4.9222","26.2882","Germany"
"8383","GlobalWafers","6488.TWO","4.92231","30.7422","Taiwan"
"8384","Corvus Pharmaceuticals","CRVS","4.92467","14.09","United States"
"8385","Rorze Corporation","6323.T","4.92642","25.4789","Japan"
"8386","Mishra Dhatu Nigam","MIDHANI.NS","4.92657","4.33549","India"
"8387","Blue Owl Capital","OWL","4.9289","11.68","United States"
"8388","Inspur","000977.SZ","4.93114","11.0245","China"
"8389","Trex","TREX","4.9322","47.27","United States"
"8390","Open Lending","LPRO","4.93305","3.14","United States"
"8391","Jiangsu Hengrui Medicine","600276.SS","4.93325","6.91579","China"
"8392","Bob's Discount Furniture","BOBS","4.93438","17.83","United States"
"8393","Duolingo","DUOL","4.93626","146.84","United States"
"8394","Toromont","TIH.TO","4.93859","146.208","Canada"
"8395","Citi Trends, Inc.","CTRN","4.94104","74.35","United States"
"8396","Endeavour Silver","EXK","4.94263","10.76","Canada"
"8397","SentinelOne","S","4.94372","20.82","United States"
"8398","Taesa (Transmissora Aliança de Energia Elétrica)","TAEE11.SA","4.94591","7.33507","Brazil"
"8399","Dillard's","DDS","4.9547","642.63","United States"
"8400","Universal Store Holdings","UNI.AX","4.9576","6.18026","Australia"
"8401","Sino-Entertainment Technology","6933.HK","4.96126","0.140967","China"
"8402","Alfa Laval","ALFA.ST","4.96194","60.4742","Sweden"
"8403","Roivant Sciences","ROIV","4.96252","36.36","United Kingdom"
"8404","AF Gruppen","AFG.OL","4.96287","20.7281","Norway"
"8405","Waaree Energies Limited (WEL)","WAAREEENER.NS","4.96812","27.74","India"
"8406","Vidhi Specialty Food","VIDHIING.NS","4.97019","3.60516","India"
"8407","Tomra","TOM.OL","4.97045","11.8247","Norway"
"8408","NewMarket Corp","NEU","4.9716","936.62","United States"
"8409","Swvl Holdings","SWVL","4.97305","1.47","United Arab Emirates"
"8410","UBTECH Robotics","9880.HK","4.97397","10.3844","China"
"8411","Hyundai Rotem Company","064350.KS","4.97446","96.4844","South Korea"
"8412","NXP Semiconductors","NXPI","4.97529","222.44","Netherlands"
"8413","AVIC Shenyang Aircraft Company Limited","600760.SS","4.9759","6.59298","China"
"8414","Neo-Concept International Group","NCI","4.97958","14.85","Hong Kong"
"8415","Coca-Cola European Partners","CCEP","4.98316","110.12","United Kingdom"
"8416","Gyre Therapeutics","GYRE","4.98491","6.44","United States"
"8417","Buckle","BKE","4.98577","44.41","United States"
"8418","Zebra Technologies","ZBRA","4.98709","363.3","United States"
"8419","CSW Industrials","CSW","4.99074","327.56","United States"
"8420","Energean","ENOG.L","4.99181","10.4284","United Kingdom"
"8421","Transurban","TCL.AX","4.99326","10.0143","Australia"
"8422","Troax Group AB","TROAX.ST","4.99345","15.0291","Sweden"
"8423","Canadian National Railway","CNI","4.9947","127.4","Canada"
"8424","Septerna","SEPN","4.99752","40.52","United States"
"8425","Seiko Group","8050.T","4.99753","68.4209","Japan"
"8426","Hochschild Mining","HOC.L","4.99811","8.43267","United Kingdom"
"8427","Prysmian Group","PRY.MI","5.00037","141.059","Italy"
"8428","Salesforce","CRM","5.00132","209.06","United States"
"8429","Cera Sanitaryware","CERA.NS","5.00309","60.8505","India"
"8430","Materion","MTRN","5.00377","229.84","United States"
"8431","Himalaya Shipping","HSHP","5.005","16.54","Bermuda"
"8432","Instacart (Maplebear Inc.)","CART","5.00504","51.78","United States"
"8433","Ipca Laboratories","IPCALAB.NS","5.00704","20.0857","India"
"8434","ISE Chemicals","4107.T","5.00705","25.1714","Japan"
"8435","Orient Electric","ORIENTELEC.NS","5.00764","1.89656","India"
"8436","Rosetti Marino","YRM.MI","5.00936","291.443","Italy"
"8437","M&amp;C Saatchi","SAA.L","5.01087","1.94143","United Kingdom"
"8438","1Spatial","SPA.L","5.01265","0.96671","United Kingdom"
"8439","Mitie Group PLC","MTO.L","5.01431","2.84","United Kingdom"
"8440","Deckers Brands","DECK","5.01657","92.08","United States"
"8441","Norfolk Southern","NSC","5.01659","352.98","United States"
"8442","Knorr-Bremse","KBX.DE","5.01911","121.823","Germany"
"8443","Rapport Therapeutics","RAPP","5.01953","49.33","United States"
"8444","Sealed Air","SEE","5.01964","42.15","United States"
"8445","QinetiQ","QQ.L","5.02251","7.22703","United Kingdom"
"8446","Hero MotoCorp","HEROMOTOCO.NS","5.02363","58.7556","India"
"8447","Infleqtion","INFQ","5.02501","13.05","United States"
"8448","Cochlear","COH.AX","5.02619","98.598","Australia"
"8449","Borosil","BORORENEW.NS","5.02766","5.52502","India"
"8450","Cholamandalam Investment and Finance","CHOLAFIN.NS","5.02877","19.4504","India"
"8451","Quebecor","QBR-B.TO","5.03156","45.1692","Canada"
"8452","JBS N.V.","JBS","5.03894","13.88","Brazil"
"8453","Day One Biopharmaceuticals","DAWN","5.04301","21.53","United States"
"8454","LPL Financial","LPLA","5.04359","364.18","United States"
"8455","Zurn Elkay Water Solutions","ZWS","5.04364","48.86","United States"
"8456","Anup Engineering","ANUP.NS","5.04427","18.554","India"
"8457","CARE's Ratings","CARERATING.NS","5.04475","16.8833","India"
"8458","Edwards Lifesciences","EW","5.04574","90.5","United States"
"8459","Electrovaya","ELVA","5.04663","6.4","Canada"
"8460","APi Group","APG","5.04807","40.72","United States"
"8461","PayPoint","PAY.L","5.05308","8.59615","United Kingdom"
"8462","Marimekko","MEKKO.HE","5.05685","11.273","Finland"
"8463","Ferrovial","FER.MC","5.05801","63.418","Spain"
"8464","Iovance Biotherapeutics","IOVA","5.05844","8.06","United States"
"8465","Wesdome Gold Mines","WDO.TO","5.0604","25.8605","Canada"
"8466","Granite Construction","GVA","5.06062","123.14","United States"
"8467","U.S. Gold Corp","USAU","5.06281","16.11","United States"
"8468","Tetra Tech","TTEK","5.06388","36.86","United States"
"8469","Ambarella","AMBA","5.0688","70","United States"
"8470","Foshan Haitian Flavouring and Food","603288.SS","5.07346","5.34936","China"
"8471","Amadeus IT Group","AMS.MC","5.07374","67.848","Spain"
"8472","IGC Pharma","IGC","5.07715","0.3006","United States"
"8473","ICICI Prulife","ICICIPRULI.NS","5.07882","5.3171","India"
"8474","Zip Co","ZIP.AX","5.07927","1.90272","Australia"
"8475","Ametek","AME","5.08666","242.33","United States"
"8476","Cabaletta Bio","CABA","5.08776","3.1","United States"
"8477","Lexicon Pharmaceuticals","LXRX","5.08882","2.32","United States"
"8478","Simplex Holdings","4373.T","5.08898","7.37565","Japan"
"8479","Indutrade","INDT.ST","5.08935","26.1641","Sweden"
"8480","Al Kathiri Holding Company","3008.SR","5.09158","0.33827","Saudi Arabia"
"8481","Kodiak Gas Services","KGS","5.09216","59.18","United States"
"8482","Kulicke and Soffa Industries","KLIC","5.09594","83.51","Singapore"
"8483","Federal Signal","FSS","5.09694","119.78","United States"
"8484","AtriCure","ATRC","5.09808","49.28","United States"
"8485","Pilbara Minerals","PLS.AX","5.10214","3.67668","Australia"
"8486","Victoria's Secret &amp; Co","VSCO","5.10392","54.3","United States"
"8487","Sify Technologies","SIFY","5.10733","14.28","India"
"8488","China Satellite Communications","601698.SS","5.10792","3.53897","China"
"8489","JB Hi-Fi","JBH.AX","5.10958","49.8569","Australia"
"8490","Pharmaron Beijing","300759.SZ","5.11069","6.90537","China"
"8491","Energy Fuels","UUUU","5.11398","14.88","United States"
"8492","Lonza","LONN.SW","5.11713","736.438","Switzerland"
"8493","Carborundum Universal","CARBORUNIV.NS","5.11946","11.5631","India"
"8494","Nordic Semiconductor","NOD.OL","5.1216","17.6672","Norway"
"8495","I.B.I. Investment House","IBI.TA","5.13474","138.361","Israel"
"8496","AT&amp;S Austria Technologie &amp; Systemtechnik","ATS.VI","5.13677","160.644","Austria"
"8497","ParaZero Technologies","PRZO","5.14028","0.6258","Israel"
"8498","Sky Harbour Group","SKYH","5.14546","10.54","United States"
"8499","SCREEN Holdings","7735.T","5.14566","83.5175","Japan"
"8500","MoonLake Immunotherapeutics","MLTX","5.14947","15.37","Switzerland"
"8501","St. Joe Company","JOE","5.15052","70.06","United States"
"8502","Chalet Hotels","CHALET.NS","5.15263","9.35117","India"
"8503","COVER Corporation","5253.T","5.15499","10.1753","Japan"
"8504","Amaero International Ltd","3DA.AX","5.16085","0.193133","Australia"
"8505","Quanta Computer","2382.TW","5.16098","10.3049","Taiwan"
"8506","Orion Energy Systems","OESX","5.16202","20.99","United States"
"8507","ResMed","RMD","5.16511","232.45","United States"
"8508","Galaxycore","688728.SS","5.17082","2.27006","China"
"8509","Pexip","PEXIP.OL","5.17147","8.34494","Norway"
"8510","Gold Road International p.l.c.","GOLDR.OL","5.17271","0.84416","Malta"
"8511","Allient","ALNT","5.17313","93.08","United States"
"8512","Galliford Try","GFRD.L","5.17543","8.51441","United Kingdom"
"8513","Maire Tecnimont","MAIRE.MI","5.17968","14.1175","Italy"
"8514","Pinnacle Investment Management Group","PNI.AX","5.18101","12.99","Australia"
"8515","Lifedrink Company","2585.T","5.18181","10.3573","Japan"
"8516","Sparta AG","SPT6.F","5.18484","30.3101","Germany"
"8517","RaySearch Laboratories AB","RAY-B.ST","5.19143","19.3336","Sweden"
"8518","Cenergy Holdings","CENER.BR","5.19241","26.463","Belgium"
"8519","Cocrystal Pharma","COCP","5.19489","1.11","United States"
"8520","NIO","NIO","5.19653","4.36","China"
"8521","MP Materials","MP","5.19868","57.42","United States"
"8522","Entegris","ENTG","5.19991","138.25","United States"
"8523","Atea ASA","ATEA.OL","5.20071","18.9668","Norway"
"8524","ChinaLin Securities","002945.SZ","5.20105","2.05436","China"
"8525","CVR Energy","CVI","5.2016","38.03","United States"
"8526","Verrica Pharmaceuticals","VRCA","5.21088","4.87","United States"
"8527","Arabian Internet and Communications Services","7202.SR","5.21183","54.6559","Saudi Arabia"
"8528","Sygnity","SGN.WA","5.21291","23.4385","Poland"
"8529","BAE Systems","BA.L","5.21475","28.7583","United Kingdom"
"8530","SMA Solar Technology","S92.F","5.22469","63.7678","Germany"
"8531","Teva Pharmaceutical Industries","TEVA","5.22769","36.93","Israel"
"8532","Lineage Cell Therapeutics","LCTX","5.23141","1.09","United States"
"8533","Los Andes Copper","LA.V","5.23651","9.48842","Canada"
"8534","United States Lime &amp; Minerals","USLM","5.24554","120.89","United States"
"8535","Ventyx Biosciences","VTYX","5.24917","14","United States"
"8536","Delta Israel Brands","DLTI.TA","5.24949","33.932","Israel"
"8537","monday.com","MNDY","5.25159","94.25","Israel"
"8538","Alumis","ALMS","5.25711","23.03","United States"
"8539","SRF Limited","SRF.NS","5.25723","26.7516","India"
"8540","Melexis NV","MELE.BR","5.26023","76.5913","Belgium"
"8541","Avalon Pharma (Middle East Pharmaceutical)","4016.SR","5.26157","16.6871","Saudi Arabia"
"8542","Greenlam Industries","GREENLAM.NS","5.26937","2.59691","India"
"8543","Tele2","TEL2-B.ST","5.27382","17.8234","Sweden"
"8544","Waste Connections","WCN","5.27546","168.97","United States"
"8545","AVI Limited","AVI.JO","5.27676","5.28149","South Africa"
"8546","SCSK Corporation","9719.T","5.27711","36.1482","Japan"
"8547","Bannerman Energy","BMN.AX","5.2776","3.11874","Australia"
"8548","Stoke Therapeutics","STOK","5.28136","32.32","United States"
"8549","Recordati","REC.MI","5.28171","61.4945","Italy"
"8550","Lodha Group","LODHA.NS","5.28218","13.3424","India"
"8551","Chifeng Jilong Gold Mining","600988.SS","5.28795","7.08984","China"
"8552","Kitron ASA","KIT.OL","5.29239","9.91834","Norway"
"8553","Entech SA","ALESE.PA","5.29876","11.9841","France"
"8554","Severn Trent","SVT.L","5.29879","42.6401","United Kingdom"
"8555","Kinepolis Group","KIN.BR","5.30068","53.9753","Belgium"
"8556","Konami Holdings","9766.T","5.30373","139.29","Japan"
"8557","Truecaller","TRUE-B.ST","5.30613","2.18385","Sweden"
"8558","Lifezone Metals","LZM","5.3085","4.3","United Kingdom"
"8559","Breville Group","BRG.AX","5.31354","23.4979","Australia"
"8560","X-Legend Entertainment","4994.TW","5.31374","2.61936","Taiwan"
"8561","LTIMindtree","LTIM.NS","5.3141","47.4605","India"
"8562","QNB Finansbank","QNBTR.IS","5.31795","4.03399","Turkey"
"8563","Nick Scali Limited","NCK.AX","5.31861","10.9084","Australia"
"8564","Hecla Mining","HL","5.32227","20.4","United States"
"8565","Suja Life, Inc.","SUJA","5.32311","9.05","United States"
"8566","Force Motors","FORCEMOT.NS","5.32358","181.737","India"
"8567","Yealink Network Technology","300628.SZ","5.32537","6.0872","China"
"8568","Grove Collaborative","GROV","5.3275","0.92","United States"
"8569","Ashok Leyland","ASHOKLEY.NS","5.32884","1.81945","India"
"8570","Zensho Holdings","7550.T","5.32994","73.3485","Japan"
"8571","Analog Devices","ADI","5.33034","371.17","United States"
"8572","Sun Pharmaceutical","SUNPHARMA.NS","5.33193","20.0188","India"
"8573","Metso","METSO.HE","5.33533","21.1471","Finland"
"8574","IREN (Iris Energy)","IREN","5.3395","39.81","Australia"
"8575","Grupo ACS","ACS.MC","5.3408","123.106","Spain"
"8576","Evercore","EVR","5.34185","290.11","United States"
"8577","FactSet","FDS","5.343","305.31","United States"
"8578","The Monogatari Corporation","3097.T","5.34326","35.9053","Japan"
"8579","BEML","BEML.NS","5.34663","20.1442","India"
"8580","Voyager Technologies","VOYG","5.35644","35.5","United States"
"8581","Bharat Heavy Electricals Limited","BHEL.NS","5.35724","4.34542","India"
"8582","Cellectis","CLLS","5.3611","3.19","France"
"8583","Hester Biosciences","HESTERBIO.NS","5.36557","25.4822","India"
"8584","Genelux","GNLX","5.36919","2.72","United States"
"8585","Gala Incorporated","4777.T","5.36927","1.24915","Japan"
"8586","Bata India","BATAINDIA.NS","5.37017","7.15651","India"
"8587","LTM Limited","LTM.NS","5.37518","47.2511","India"
"8588","MSA Safety","MSA","5.37675","188.9","United States"
"8589","OFILM Group","002456.SZ","5.38281","1.06511","China"
"8590","Perpetuals.com","PDC","5.38631","3.06","Japan"
"8591","Trophy Games","TGAMES.CO","5.38971","2.08925","Denmark"
"8592","UFP Technologies","UFPT","5.38989","305.39","United States"
"8593","Acast AB","ACAST.ST","5.39062","3.78884","Sweden"
"8594","Trend Micro","4704.T","5.39765","34.8633","Japan"
"8595","Immunome","IMNM","5.40409","28.01","United States"
"8596","Bio-Techne","TECH","5.40888","72.39","United States"
"8597","PLAID,Inc.","4165.T","5.41135","4.31868","Japan"
"8598","Franklin Covey","FC","5.41336","20.58","United States"
"8599","China Gold International Resources","CGG.TO","5.41434","32.542","Canada"
"8600","Advanced Drainage Systems","WMS","5.41495","140.46","United States"
"8601","Rivian","RIVN","5.42662","16.6","United States"
"8602","Antero Midstream","AM","5.42709","22.14","United States"
"8603","Lantheus Holdings","LNTH","5.42729","100.8","United States"
"8604","Dynatrace","DT","5.42836","49.05","United States"
"8605","KATITAS CO., Ltd.","8919.T","5.4326","23.2254","Japan"
"8606","WEX","WEX","5.43557","203.25","United States"
"8607","Haffner Energy","ALHAF.PA","5.43612","0.666822","France"
"8608","New York Times","NYT","5.43849","67.49","United States"
"8609","ASBISc Enterprises","ASB.WA","5.44064","36.2404","Cyprus"
"8610","AirTAC International","1590.TW","5.44216","45.7996","Taiwan"
"8611","Sonova","SOON.SW","5.44285","303.532","Switzerland"
"8612","Luberef (Saudi Aramco Base Oil Company)","2223.SR","5.44444","36.7835","Saudi Arabia"
"8613","HD Hyundai Heavy Industries","329180.KS","5.44801","335.457","South Korea"
"8614","Jacobs Engineering","J","5.45054","151.61","United States"
"8615","AstraZeneca","AZN","5.45645","166.71","United Kingdom"
"8616","Sea Limited","SE","5.45798","115.68","Singapore"
"8617","FedEx Freight","FDXF","5.45808","131.27","United States"
"8618","US Foods","USFD","5.46044","109.37","United States"
"8619","Polar Capital Holdings","POLR.L","5.467","11.9065","United Kingdom"
"8620","Gibson Energy","GEI.TO","5.4682","22.3898","Canada"
"8621","Shoprite","SHP.JO","5.4707","18.7353","South Africa"
"8622","True Corporation","TRUE.BK","5.47113","0.400122","Thailand"
"8623","Stryker Corporation","SYK","5.47191","327.81","United States"
"8624","IFB Industries","IFBIND.NS","5.47387","14.335","India"
"8625","ADMA Biologics","ADMA","5.48019","9.55","United States"
"8626","Basic-Fit","BFIT.AS","5.48698","39.4731","Netherlands"
"8627","Tongfu Microelectronics Co.,Ltd","002156.SZ","5.48917","9.0594","China"
"8628","Medley, Inc.","4480.T","5.49164","17.1931","Japan"
"8629","MedCap","MCAP.ST","5.49272","59.5164","Sweden"
"8630","PT Bumi Resources Minerals Tbk","BRMS.JK","5.50154","0.0412313","Indonesia"
"8631","MapmyIndia","MAPMYINDIA.NS","5.50391","10.0805","India"
"8632","BlackLine","BL","5.50735","31.98","United States"
"8633","JK Cement","JKCEMENT.NS","5.51588","54.2106","India"
"8634","Hai Di Lao Hot Pot","6862.HK","5.51687","1.4556","China"
"8635","Monopar Therapeutics","MNPR","5.52068","111.36","United States"
"8636","MSTC Limited","MSTCLTD.NS","5.52234","7.61676","India"
"8637","Ares Management","ARES","5.52454","140.01","United States"
"8638","Veeva Systems","VEEV","5.52557","248.46","United States"
"8639","Churchill Downs","CHDN","5.52667","90.71","United States"
"8640","Park Aerospace","PKE","5.52693","33.02","United States"
"8641","Grand Canyon Education","LOPE","5.52832","147.66","United States"
"8642","Waga Energy","WAGA.PA","5.52833","27.2208","France"
"8643","Hexcel","HXL","5.52872","92.57","United States"
"8644","e.l.f. Beauty","ELF","5.53006","105.95","United States"
"8645","United Parcel Service","UPS","5.53431","102.72","United States"
"8646","Valmont Industries","VMI","5.53547","481.47","United States"
"8647","DBV Technologies","DBVT","5.54015","14.14","France"
"8648","TPG Inc.","TPG","5.54063","52.84","United States"
"8649","Chugai Pharmaceutical","4519.T","5.54376","43.6262","Japan"
"8650","Mankind Pharma","MANKIND.NS","5.55027","24.7717","India"
"8651","Kingfa Science & Technology","KINGFA.NS","5.55061","61.6863","India"
"8652","CRA International","CRAI","5.55517","175.58","United States"
"8653","Lumine Group","LMN.V","5.55525","17.9667","Canada"
"8654","Rusta AB","RUSTA.ST","5.55762","8.59331","Sweden"
"8655","Mo-BRUK S.A.","MBR.WA","5.55968","98.7883","Poland"
"8656","i-80 Gold","IAUX","5.56224","1.92","United States"
"8657","GAME HOURS","6626.TWO","5.57048","0.0972769","Taiwan"
"8658","Soleno Therapeutics","SLNO","5.57259","53.01","United States"
"8659","Nextpower","NXT","5.57584","84.72","United States"
"8660","Fractyl Health","GUTS","5.58473","0.75","United States"
"8661","Kroger","KR","5.5874","59.08","United States"
"8662","Bajaj Finance","BAJFINANCE.NS","5.58929","11.3321","India"
"8663","Nagarro","NA9.DE","5.59067","91.2217","Germany"
"8664","Everspin Technologies","MRAM","5.59483","16.14","United States"
"8665","HawkEye 360","HAWK","5.59559","20.34","United States"
"8666","Sprouts Farmers Market","SFM","5.59977","86.13","United States"
"8667","Ligand Pharmaceuticals","LGND","5.60056","280.18","United States"
"8668","Trilogy Metals","TMQ","5.60306","3.76","Canada"
"8669","Com7 Public Company","COM7.BK","5.60468","0.885767","Thailand"
"8670","Fiducian Group Limited","FID.AX","5.6047","7.04578","Australia"
"8671","PMetal (Press Metal Aluminium)","8869.KL","5.60638","1.94977","Malaysia"
"8672","Dyne Therapeutics","DYN","5.61067","25.99","United States"
"8673","Linde","LIN","5.63439","490.03","United Kingdom"
"8674","Cellebrite","CLBT","5.64408","11.49","Israel"
"8675","Grupa Kety","KTY.WA","5.64925","335.88","Poland"
"8676","Jamjoom Pharmaceuticals Factory Company","4015.SR","5.6575","37.4228","Saudi Arabia"
"8677","DXP Enterprises","DXPE","5.65916","186.8","United States"
"8678","Nu Holdings","NU","5.66249","14.76","Brazil"
"8679","Unisplendour","000938.SZ","5.66323","5.22143","China"
"8680","Bredband2 i Skandinavien AB","BRE2.ST","5.66795","0.353073","Sweden"
"8681","FinecoBank","FBK.MI","5.67367","27.9203","Italy"
"8682","Jack Henry &amp; Associates","JKHY","5.67492","170.51","United States"
"8683","Glass House Brands","GLASF","5.67763","11.81","United States"
"8684","Crane Company","CR","5.68119","206.33","United States"
"8685","SKF India","SKFINDIA.NS","5.68209","16.3964","India"
"8686","L&amp;T Technology Services","LTTS.NS","5.68469","37.367","India"
"8687","Iljin Electric","103590.KS","5.69043","47.8811","South Korea"
"8688","Allison Transmission","ALSN","5.70105","131.38","United States"
"8689","Badger Meter","BMI","5.70139","135.8","United States"
"8690","Republic Services","RSG","5.70153","223.08","United States"
"8691","Cembre S.p.A.","CMB.MI","5.70644","97.2255","Italy"
"8692","Somec S.p.A.","SOM.MI","5.70682","24.831","Italy"
"8693","Core Lithium Ltd","CXO.AX","5.70898","0.271817","Australia"
"8694","Red Cat Holdings","RCAT","5.71226","8.93","United States"
"8695","DroneShield","DRO.AX","5.71693","1.39485","Australia"
"8696","Western Midstream","WES","5.71754","48.53","United States"
"8697","Keyence","6861.T","5.71989","516.295","Japan"
"8698","Exzeo Group","XZO","5.72086","17.46","United States"
"8699","Autolus Therapeutics","AUTL","5.72308","2.34","United Kingdom"
"8700","Lincoln International, Inc.","LCLN","5.72478","23.42","United States"
"8701","Williams Companies","WMB","5.72538","70.97","United States"
"8702","dormakaba","DOKA.SW","5.72629","72.3998","Switzerland"
"8703","Ecopro BM","247540.KQ","5.73088","81.2462","South Korea"
"8704","Emirates Integrated Telecommunications Company","DU.AE","5.74223","3.15827","United Arab Emirates"
"8705","Enigmatig","EGG","5.74365","3.28","Singapore"
"8706","TechnoPro Holdings","6028.T","5.75939","31.1589","Japan"
"8707","Dabur","DABUR.NS","5.76063","4.11921","India"
"8708","Al Masane Al Kobra Mining Company","1322.SR","5.76731","23.6922","Saudi Arabia"
"8709","OdontoPrev","ODPV3.SA","5.76879","2.92371","Brazil"
"8710","Loar Holdings","LOAR","5.77419","72.72","United States"
"8711","TKMS","TKMS.DE","5.77429","106.318","Germany"
"8712","InnovAge","INNV","5.77771","11.02","United States"
"8713","Protector Forsikring","PROT.OL","5.7792","52.4754","Norway"
"8714","pferdewetten.de AG","EMH.F","5.78265","2.49475","Germany"
"8715","Lenovo","0992.HK","5.78374","3.92922","Hong Kong"
"8716","Adani Power","ADANIPOWER.NS","5.78375","2.15777","India"
"8717","Pine Cliff Energy","PNE.TO","5.78405","0.382423","Canada"
"8718","Espressif Systems (Shanghai)","688018.SS","5.78714","16.2147","China"
"8719","United States Antimony Corporation","UAMY","5.78728","5.1","United States"
"8720","APA Group","APA.AX","5.78914","7.67525","Australia"
"8721","Hut 8","HUT","5.80206","79.56","Canada"
"8722","Ryohin Keikaku","7453.T","5.80257","26.9227","Japan"
"8723","PFISTERER Holding SE","PFSE.DE","5.80585","84.2854","Germany"
"8724","Aurora Innovation","AUR","5.80634","5.69","United States"
"8725","Paradox Interactive","PDX.ST","5.80712","15.1448","Sweden"
"8726","Church & Dwight","CHD","5.80997","102.53","United States"
"8727","Nordson","NDSN","5.81029","333.93","United States"
"8728","Taseko Mines","TGB","5.8105","9.34","Canada"
"8729","Pharma Mar","PHM.MC","5.81465","96.7009","Spain"
"8730","Formosa Sumco Technology","3532.TW","5.81544","11.8577","Taiwan"
"8731","ASOS","ASC.L","5.81767","5.58545","United Kingdom"
"8732","Ionic Digital","IOND","5.81902","69.545","United States"
"8733","Lumax Industries","LUMAXIND.NS","5.822","61.8378","India"
"8734","Heidmar Maritime Holdings","HMR","5.8237","1.4","Greece"
"8735","Shake Shack","SHAK","5.82732","75.44","United States"
"8736","Westports","5246.KL","5.82926","1.7444","Malaysia"
"8737","IntegraFin","IHP.L","5.82996","5.44241","United Kingdom"
"8738","Silver Bow Mining","SBMT","5.83148","9.16","United States"
"8739","Skellerup Holdings","SKL.NZ","5.83398","4.35404","New Zealand"
"8740","Ambiq Micro","AMBQ","5.8343","56.73","United States"
"8741","Vail Resorts","MTN","5.83459","150","United States"
"8742","Meta Platforms (Facebook)","META","5.84414","559.02","United States"
"8743","Alto Neuroscience","ANRO","5.84514","36.25","United States"
"8744","ServiceTitan","TTAN","5.84613","95.635","United States"
"8745","Emami","EMAMILTD.NS","5.85522","4.20802","India"
"8746","Alkami Technology","ALKT","5.85989","20.31","United States"
"8747","Universal Music Group","UMG.AS","5.86077","17.1019","Netherlands"
"8748","Ryde Group","RYDE","5.86099","0.788","Singapore"
"8749","Fine Organics","FINEORG.NS","5.86335","54.1365","India"
"8750","mobilezone Holding","MOZN.SW","5.86348","16.2215","Switzerland"
"8751","Kempower","KEMPOWR.HE","5.86633","12.2523","Finland"
"8752","FIGS","FIGS","5.86799","15.21","United States"
"8753","AngloGold Ashanti","AU","5.87108","120.47","South Africa"
"8754","Firefly AB","FIRE.ST","5.87652","20.5229","Sweden"
"8755","MilDef Group","MILDEF.ST","5.87911","21.4175","Sweden"
"8756","F5","FFIV","5.88123","379.04","United States"
"8757","L'Oréal","OR.PA","5.8828","454.127","France"
"8758","Bufab AB","BUFAB.ST","5.88518","14.145","Sweden"
"8759","Evertz Technologies","ET.TO","5.88715","11.5448","Canada"
"8760","Oscar Health","OSCR","5.88944","31.81","United States"
"8761","Cummins","CMI","5.89869","571.62","United States"
"8762","BB Seguridade Participações","BBSE3.SA","5.89882","7.3972","Brazil"
"8763","Harvia Oyj","HARVIA.HE","5.90001","52.4015","Finland"
"8764","Novocure","NVCR","5.90122","16.76","Jersey"
"8765","Plus Alpha Consulting","4071.T","5.91127","14.1424","Japan"
"8766","BJ's Wholesale Club","BJ","5.91481","98.49","United States"
"8767","BrightSpring Health Services","BTSG","5.91537","59.49","United States"
"8768","NexGen Energy","NXE","5.92384","10.93","Canada"
"8769","Money Forward","3994.T","5.92562","38.6045","Japan"
"8770","VZ Holding","VZN.SW","5.92826","225.658","Switzerland"
"8771","nLIGHT","LASR","5.92846","44.11","United States"
"8772","Medacta Group","MOVE.SW","5.92966","159.976","Switzerland"
"8773","Watts Water Technologies","WTS","5.93675","372.8","United States"
"8774","MindWalk Holdings","HYFT","5.94013","1.38","United States"
"8775","Artisan Partners","APAM","5.94142","42.98","United States"
"8776","Equitable Holdings","EQH","5.94387","49.03","United States"
"8777","Kweichow Moutai","600519.SS","5.94656","193.981","China"
"8778","Uranium Royalty","UROY","5.94952","4.37","Canada"
"8779","GMO Payment Gateway","3769.T","5.94959","59.6141","Japan"
"8780","Rai Way","RWAY.MI","5.95019","5.47913","Italy"
"8781","Clean Harbors","CLH","5.96702","313.74","United States"
"8782","Erie Indemnity","ERIE","5.96857","268.64","United States"
"8783","V-Guard Industries","VGUARD.NS","5.97015","3.47874","India"
"8784","BlackBerry","BB","5.97265","7.65","Canada"
"8785","Solstice Advanced Materials","SOLS","5.97404","55.36","United States"
"8786","Foresight Group","FSG.L","5.9741","6.80471","United Kingdom"
"8787","MasTec","MTZ","5.97874","255.36","United States"
"8788","Best Buy","BBY","5.98051","87.48","United States"
"8789","Cboe Global Markets","CBOE","5.98756","308.09","United States"
"8790","Phoenix Group","PHNX.L","5.99592","10.4178","United Kingdom"
"8791","Kajaria Ceramics","KAJARIACER.NS","5.99593","12.7009","India"
"8792","Endurance Technologies","ENDURANCE.NS","6.00154","31.2183","India"
"8793","Demant","DEMANT.CO","6.00266","44.5914","Denmark"
"8794","Frontier Airlines","ULCC","6.00428","5.79","United States"
"8795","Bharti Airtel","BHARTIARTL.NS","6.00982","20.2602","India"
"8796","Voltamp Transformers","VOLTAMP.NS","6.01248","114.638","India"
"8797","COMPASS Pathways","CMPS","6.01913","14.2","United Kingdom"
"8798","Accelya","ACCELYA.NS","6.01962","11.8483","India"
"8799","NACL Industries","NACLIND.NS","6.02243","1.89844","India"
"8800","PCCW","0008.HK","6.0226","0.679322","Hong Kong"
"8801","Asahi India Glass","ASAHIINDIA.NS","6.02533","9.98746","India"
"8802","HDFC Life","HDFCLIFE.NS","6.02794","5.72406","India"
"8803","Computacenter","CCC.L","6.02794","70.2949","United Kingdom"
"8804","Dycom Industries","DY","6.03238","380.95","United States"
"8805","POOLCORP","POOL","6.03643","188.24","United States"
"8806","Navan","NAVN","6.03837","29.36","United States"
"8807","Life360","LIF","6.03982","44.3","United States"
"8808","Aselsan","ASELS.IS","6.04165","8.44226","Turkey"
"8809","Dätwyler","DAE.SW","6.0462","166.694","Switzerland"
"8810","Bayer Crop Science","BAYERCROP.NS","6.05444","42.7416","India"
"8811","Garmin","GRMN","6.0586","291.25","Switzerland"
"8812","Schindler Group","SCHN.SW","6.06487","321.569","Switzerland"
"8813","Plus500","PLUS.L","6.07099","50.4053","Israel"
"8814","Braze","BRZE","6.07232","31.44","United States"
"8815","One Stop Systems","OSS","6.073","11.04","United States"
"8816","Kestra Medical Technologies","KMTS","6.07335","26.91","United States"
"8817","Terns Pharmaceuticals","TERN","6.07722","52.95","United States"
"8818","Vericel","VCEL","6.08044","42.3","United States"
"8819","Agilent Technologies","A","6.08446","153.43","United States"
"8820","Ooma","OOMA","6.08616","21.24","United States"
"8821","Aristocrat","ALL.AX","6.09645","44.2632","Australia"
"8822","HubSpot","HUBS","6.09773","244.17","United States"
"8823","Zijin Gold International Company Limited","2259.HK","6.09913","20.3478","Hong Kong"
"8824","Liquidity Services","LQDT","6.09933","43.23","United States"
"8825","QUALCOMM","QCOM","6.10358","158.53","United States"
"8826","CenturyPly","CENTURYPLY.NS","6.10497","7.93856","India"
"8827","Avery Dennison","AVY","6.10759","183.69","United States"
"8828","AlzChem Group","ACT.DE","6.11296","194.218","Germany"
"8829","Myomo","MYO","6.11607","1.39","United States"
"8830","Galderma Group","GALD.SW","6.11741","212.845","Switzerland"
"8831","SHIFT Inc.","3697.T","6.12059","5.91935","Japan"
"8832","Lycopodium","LYL.AX","6.12572","15.2575","Australia"
"8833","Off the Hook YS Inc","OTH","6.12797","2.57","United States"
"8834","K92 Mining","KNT.TO","6.13934","22.1877","Canada"
"8835","TTM Technologies","TTMI","6.14095","107.12","United States"
"8836","Zenas BioPharma","ZBIO","6.14254","31.65","United States"
"8837","F-Secure","FSECURE.HE","6.1436","2.3432","Finland"
"8838","LPP SA","LPP.WA","6.14501","5580.86","Poland"
"8839","Nestlé","NESN.SW","6.14507","99.4688","Switzerland"
"8840","Innovative Aerosystems","ISSC","6.15074","24.78","United States"
"8841","Koh Young Technology","098460.KQ","6.15143","21.2685","South Korea"
"8842","Vadilal Industries","VADILALIND.NS","6.16413","77.7766","India"
"8843","Grupa Pracuj","GPP.WA","6.16508","14.1281","Poland"
"8844","Tristel","TSTL.L","6.16733","5.7932","United Kingdom"
"8845","Munters Group AB","MTRS.ST","6.17297","18.6074","Sweden"
"8846","Spire Global","SPIR","6.17758","13.87","United States"
"8847","Ajinomoto","2802.T","6.17869","34.5055","Japan"
"8848","D-Wave Quantum","QBTS","6.18828","18.68","Canada"
"8849","Eledon Pharmaceuticals","ELDN","6.19025","3.41","United States"
"8850","Medibank","MPL.AX","6.19174","3.45494","Australia"
"8851","Haemonetics","HAE","6.19334","108.4","United States"
"8852","Sagimet Biosciences","SGMT","6.19415","10.21","United States"
"8853","Basilea Pharmaceutica","BSLN.SW","6.20224","80.4856","Switzerland"
"8854","Remitly","RELY","6.20281","26.59","United States"
"8855","Wrap Technologies","WRAP","6.2059","1.45","United States"
"8856","Adeia","ADEA","6.21167","26.28","United States"
"8857","ThredUp","TDUP","6.21386","2.81","United States"
"8858","Voltas","VOLTAS.NS","6.22082","12.9746","India"
"8859","Philip Morris ČR","TABAK.PR","6.23096","902.139","Czech Republic"
"8860","Sino AG","XTP.DE","6.23189","122.989","Germany"
"8861","Airbus","AIR.PA","6.23192","239.858","Netherlands"
"8862","Karat Packaging","KRT","6.23232","48.52","United States"
"8863","Aeluma","ALMU","6.23345","13.65","United States"
"8864","Semrush","SEMR","6.23436","12","United States"
"8865","Procter & Gamble","PG","6.23728","146.6","United States"
"8866","Gujarat Fluorochemicals","FLUOROCHEM.NS","6.24085","48.2113","India"
"8867","Hoth Therapeutics","HOTH","6.25121","1.36","United States"
"8868","Shen Zhen Shengxunda Technology (gamexun)","300518.SZ","6.26261","3.50922","China"
"8869","Microchip Technology","MCHP","6.26464","74.21","United States"
"8870","Blue Bird Corporation","BLBD","6.26763","58.95","United States"
"8871","Unity Software","U","6.26774","46.16","United States"
"8872","Delivery Hero","DHER.F","6.26945","43.0287","Germany"
"8873","Uber","UBER","6.27439","79.29","United States"
"8874","Marsh & McLennan Companies","MRSH","6.2744","194.67","United States"
"8875","Glenmark Pharmaceuticals","GLENMARK.NS","6.27596","25.0026","India"
"8876","Five Below","FIVE","6.28211","262.72","United States"
"8877","Apex Critical Metals","KL9.F","6.28268","1.00023","Canada"
"8878","Construction Partners","ROAD","6.28702","108.49","United States"
"8879","Hubbell","HUBB","6.28713","466.76","United States"
"8880","XOMA Royalty","XOMA","6.2904","40.17","United States"
"8881","Logitech","LOGI","6.29438","97.21","Switzerland"
"8882","H&amp;K AG (Heckler &amp; Koch)","MLHK.PA","6.30353","39.17","Germany"
"8883","HWA AG","H9W.DE","6.30566","3.49732","Germany"
"8884","WuXi AppTec","2359.HK","6.30894","26.0502","China"
"8885","Wendt India","WENDT.NS","6.31401","85.6389","India"
"8886","Atlantic Lithium Limited","A11.AX","6.31682","0.211016","Australia"
"8887","Donaldson Company","DCI","6.31962","92.43","United States"
"8888","Carel Industries","CRL.MI","6.32209","32.117","Italy"
"8889","Vietnam Airlines","HVN.VN","6.32455","0.863518","Vietnam"
"8890","Dialight plc","DIA.L","6.32481","7.28833","United Kingdom"
"8891","Acushnet Holdings","GOLF","6.33558","89.67","United States"
"8892","ARKO Petroleum","APC","6.33896","18.77","United States"
"8893","Atlanta Braves Holdings, Inc.","BATRK","6.34247","52.5","United States"
"8894","CG Oncology","CGON","6.35141","78.23","United States"
"8895","Fresnillo","FNLPF","6.36018","43.8","Mexico"
"8896","Adyen","ADYEN.AS","6.36071","1251.57","Netherlands"
"8897","NRW Holdings Limited","NWH.AX","6.36399","5.55794","Australia"
"8898","Cereno Scientific","CRNO-B.ST","6.36531","0.488761","Sweden"
"8899","Deere &amp; Company (John Deere)","DE","6.38028","648.64","United States"
"8900","AvePoint","AVPT","6.38349","13.24","United States"
"8901","Johnson Controls","JCI","6.39555","142.99","Ireland"
"8902","Amazon","AMZN","6.39665","262.07","United States"
"8903","WonderPlanet","4199.T","6.39956","5.42346","Japan"
"8904","Experian","EXPGF","6.40226","40.44","Ireland"
"8905","Artiva Biotherapeutics","ARTV","6.41131","11.52","United States"
"8906","Cohen &amp; Steers","CNS","6.41141","83.16","United States"
"8907","Japan Exchange Group","8697.T","6.41394","14.202","Japan"
"8908","Thales","HO.PA","6.4147","294.474","France"
"8909","Gjensidige Forsikring","GJF.OL","6.41753","30.2437","Norway"
"8910","Steyr Motors AG","4X0.DE","6.42385","32.8748","Germany"
"8911","Franco-Nevada","FNV","6.4263","270.13","Canada"
"8912","AUTO1","AG1.F","6.43074","25.0641","Germany"
"8913","Clover Health Investments","CLOV","6.4316","4.11","United States"
"8914","Furukawa Electric","5801.T","6.43593","25.1086","Japan"
"8915","Exasol AG","EXL.DE","6.4385","2.23828","Germany"
"8916","Safari Industries India","SAFARI.NS","6.44019","15.6838","India"
"8917","Shanghai BOCHU Electronic Technology","688188.SS","6.44832","14.8357","China"
"8918","ACICO Industries Company","ACICO.KW","6.45311","1910.66","Kuwait"
"8919","Halma","HLMA.L","6.45556","49.2432","United Kingdom"
"8920","Loblaw Companies","L.TO","6.45771","44.4188","Canada"
"8921","Aclaris Therapeutics","ACRS","6.46593","6.31","United States"
"8922","MKS Instruments","MKSI","6.47214","269.06","United States"
"8923","Savara","SVRA","6.4724","5.56","United States"
"8924","iFAST Corporation","AIY.SI","6.47905","7.08048","Singapore"
"8925","CDW Corporation","CDW","6.48277","132.51","United States"
"8926","Sidetrade","ALBFR.PA","6.48831","231.756","France"
"8927","Figeac Aero","FGA.PA","6.4912","12.4271","France"
"8928","Anker Innovations","300866.SZ","6.4912","18.1634","China"
"8929","Ardelyx","ARDX","6.49716","3.74","United States"
"8930","Mercari","4385.T","6.49876","27.971","Japan"
"8931","Vedant Fashions","MANYAVAR.NS","6.5006","5.6154","India"
"8932","SITC International","1308.HK","6.5076","6.07499","Hong Kong"
"8933","Nomura Research Institute","4307.T","6.50841","32.0951","Japan"
"8934","Huron Consulting","HURN","6.5087","162.59","United States"
"8935","Blue Dart Express","BLUEDART.NS","6.51134","52.2359","India"
"8936","Public Storage","PSA","6.51165","324.97","United States"
"8937","G Mining Ventures","GMIN.TO","6.51411","39.9163","Canada"
"8938","Vivani Medical","VANI","6.52243","1.38","United States"
"8939","Kogan.com Ltd","KGN.AX","6.52269","2.73963","Australia"
"8940","CeriBell","CBLL","6.52477","23.94","United States"
"8941","Raspberry Pi","RPI.L","6.53018","8.06485","United Kingdom"
"8942","Compass Group","CPG.L","6.53335","30.92","United Kingdom"
"8943","Kymera Therapeutics","KYMR","6.53749","121.05","United States"
"8944","SKYX Platforms","SKYX","6.53753","1.15","United States"
"8945","nVent Electric","NVT","6.53784","153.35","United Kingdom"
"8946","Dadelo","DAD.WA","6.5391","22.4101","Poland"
"8947","Kri-Kri Milk Industry","KRI.AT","6.54197","37.1299","Greece"
"8948","Q2","QTWO","6.54256","64.18","United States"
"8949","Fabrinet","FN","6.54811","421.14","Cayman Islands"
"8950","TransMedics Group","TMDX","6.54829","93.6","United States"
"8951","WashTec AG","WSU.DE","6.55087","45.5817","Germany"
"8952","eClerx Services","ECLERX.NS","6.55113","19.5633","India"
"8953","DRDGOLD","DRD","6.55236","30.92","South Africa"
"8954","Vaisala","VAIAS.HE","6.55435","65.2833","Finland"
"8955","DocuSign","DOCU","6.56436","62.56","United States"
"8956","Varun Beverages","VBL.NS","6.56536","4.54811","India"
"8957","Shriram Pistons &amp; Rings","SHRIPISTON.NS","6.5738","48.5446","India"
"8958","Paytm","PAYTM.NS","6.57559","17.8424","India"
"8959","Aktor","AKTR.AT","6.57822","12.0308","Greece"
"8960","Givaudan","GIVN.SW","6.57984","4112.61","Switzerland"
"8961","Allegion","ALLE","6.58173","162.63","Ireland"
"8962","Bel Fuse","BELFB","6.58371","247.98","United States"
"8963","IBM","IBM","6.58511","231.04","United States"
"8964","Suzlon","SUZLON.NS","6.58856","0.488246","India"
"8965","Vista Gold","VGZ","6.59241","2.41","United States"
"8966","Novo Nordisk","NVO","6.59638","46.92","Denmark"
"8967","Varroc","VARROC.NS","6.59677","8.46307","India"
"8968","RCM Technologies","RCMT","6.60271","41.12","United States"
"8969","Fortis Healthcare","FORTIS.NS","6.6057","9.63222","India"
"8970","Asahi Intecc","7747.T","6.60656","25.2592","Japan"
"8971","National Company for Learning and Education","4291.SR","6.60881","37.3162","Saudi Arabia"
"8972","Yageo","2327.TW","6.62043","17.0651","Taiwan"
"8973","Silicon Labs","SLAB","6.62396","218.08","United States"
"8974","SRG Global Limited","SRG.AX","6.63273","2.73247","Australia"
"8975","PDF Solutions","PDFS","6.63374","44.06","United States"
"8976","Capcom","9697.T","6.6352","26.7783","Japan"
"8977","Cochin Shipyard Limited","COCHINSHIP.NS","6.63852","15.875","India"
"8978","Asseco Business Solutions","ABS.WA","6.6451","24.3588","Poland"
"8979","Grenergy Renovables","GRE.MC","6.65021","109","Spain"
"8980","USA TODAY Co.","TDAY","6.65387","6.41","United States"
"8981","Cognex","CGNX","6.65857","58.54","United States"
"8982","Avidity Biosciences","RNAM","6.66182","72.82","United States"
"8983","Benefit Systems","BFT.WA","6.6657","1456.11","Poland"
"8984","momo.com Inc.","8454.TW","6.67176","7.88945","Taiwan"
"8985","Tanger Inc.","SKT","6.67262","38.95","United States"
"8986","Wise PLC","WISE.L","6.67309","13.0999","United Kingdom"
"8987","Chorus","CNU.NZ","6.67338","5.313","New Zealand"
"8988","Gen Digital","GEN","6.67364","29.11","United States"
"8989","Action Construction Equipment","ACE.NS","6.68113","12.1032","India"
"8990","Vivoryon Therapeutics","05Y.F","6.68346","1.25321","Germany"
"8991","Applied Industrial Technologies","AIT","6.68359","338.75","United States"
"8992","Cheniere Energy","LNG","6.68735","280.79","United States"
"8993","Warba Capital Holding Company","WARBACAP.KW","6.69329","2901.86","Kuwait"
"8994","Smartgroup Corporation","SIQ.AX","6.69415","9.04149","Australia"
"8995","IMI plc","IMI.L","6.69621","42.4767","United Kingdom"
"8996","American Express","AXP","6.70105","337.33","United States"
"8997","Heron Therapeutics","HRTX","6.70727","0.3228","United States"
"8998","Aaon","AAON","6.71661","76.1","United States"
"8999","PACS Group","PACS","6.72003","44.25","United States"
"9000","Straumann","STMN.SW","6.72327","115.218","Switzerland"
"9001","Streamwide","ALSTW.PA","6.72732","95.1271","France"
"9002","Schneider Electric","SU.PA","6.72914","344.486","France"
"9003","Versus Systems","VS","6.73255","1.3","Canada"
"9004","Lampsa Hellenic Hotels","LAMPS.AT","6.73926","55.0245","Greece"
"9005","Freedom Holding","FRHC","6.74206","157.41","Kazakhstan"
"9006","Relay Therapeutics","RLAY","6.743","19.76","United States"
"9007","Daeduck Electronics","353200.KS","6.74538","80.0185","South Korea"
"9008","IQVIA","IQV","6.74681","260.24","United States"
"9009","SoundHound AI","SOUN","6.74842","7","United States"
"9010","Anterix","ATEX","6.75635","90.38","United States"
"9011","Rambus","RMBS","6.75798","87.07","United States"
"9012","MYR Group","MYRG","6.76252","305.27","United States"
"9013","IQE plc","IQE.L","6.76264","0.621892","United Kingdom"
"9014","Digital Turbine","APPS","6.76367","10.74","United States"
"9015","2G Energy AG","2GB.DE","6.76533","64.5255","Germany"
"9016","Nurix Therapeutics","NRIX","6.77139","26.27","United States"
"9017","Harmonic Drive Systems","6324.T","6.77528","36.2819","Japan"
"9018","secunet","YSN.F","6.78023","203.777","Germany"
"9019","J. B. Hunt","JBHT","6.78917","259.88","United States"
"9020","Shanghai Allist Pharmaceuticals","688578.SS","6.79408","16.9585","China"
"9021","Oracle Corp Japan","4716.T","6.80238","58.1892","Japan"
"9022","Affirm","AFRM","6.80524","76.88","United States"
"9023","Secure Energy Services","SES.TO","6.80668","17.4471","Canada"
"9024","Unilever","UL","6.8079","65.32","United Kingdom"
"9025","GCM Grosvenor","GCMG","6.82347","13.65","United States"
"9026","Elastic NV","ESTC","6.8308","83.24","United States"
"9027","Bristol-Myers Squibb","BMY","6.83682","67.28","United States"
"9028","sterling &amp; wilson solar","SWSOLAR.NS","6.84265","2.05987","India"
"9029","Rotork","ROR.L","6.84287","6.61263","United Kingdom"
"9030","Paylocity","PCTY","6.85045","152.45","United States"
"9031","Perella Weinberg Partners","PWP","6.8562","16.46","United States"
"9032","Vishal Mega Mart Limited","VMM.NS","6.86375","1.16801","India"
"9033","Ur-Energy","URG","6.86502","1.43","United States"
"9034","RPG Life Sciences","RPGLIFE.NS","6.86952","27.1121","India"
"9035","Y.D. More Investments","MRIN.TA","6.87778","13.2361","Israel"
"9036","GitLab","GTLB","6.88281","42.03","United States"
"9037","Indian Hotels Company","INDHOTEL.NS","6.8878","7.62982","India"
"9038","Turpaz Industries","TRPZ.TA","6.88944","18.4626","Israel"
"9039","Nanexa AB","NANEXA.ST","6.89957","0.495707","Sweden"
"9040","ALS Global","ALQ.AX","6.9013","16.0443","Australia"
"9041","Vuzix","VUZI","6.90308","2.78","United States"
"9042","Mader Group Limited","MAD.AX","6.90908","4.74249","Australia"
"9043","Zangge Mining Company","000408.SZ","6.9189","11.264","China"
"9044","The Toro Company","TTC","6.92452","99.48","United States"
"9045","Atlanta Braves Holdings","BATRA","6.9296","57.36","United States"
"9046","Foxconn Industrial Internet","601138.SS","6.93348","8.94783","China"
"9047","Lifco","LIFCO-B.ST","6.93561","33.5734","Sweden"
"9048","WeShop Holdings","WSHP","6.93587","4.77","British Virgin Islands"
"9049","Allegro MicroSystems","ALGM","6.94395","35.63","United States"
"9050","Nordex","NDX1.F","6.94413","45.8149","Germany"
"9051","Saudi Vitrified Clay Pipe Company","2360.SR","6.94551","5.75858","Saudi Arabia"
"9052","Riber S.A.","ALRIB.PA","6.96017","10.6901","France"
"9053","Oxford Biomedica","OXB.L","6.9704","6.98862","United Kingdom"
"9054","Mensch und Maschine","MUM.F","6.97061","43.0753","Germany"
"9055","Circle Internet Group","CRCL","6.9742","87.72","United States"
"9056","Legal &amp; General","LGEN.L","6.97461","3.98883","United Kingdom"
"9057","SAAB AB","SAAB-B.ST","6.9781","67.6309","Sweden"
"9058","Exelixis","EXEL","6.98256","54.55","United States"
"9059","Celldex Therapeutics","CLDX","6.98326","40.57","United States"
"9060","Badger Infrastructure Solutions","BDGI.TO","6.98457","60.3723","Canada"
"9061","LegalZoom","LZ","6.99478","6","United States"
"9062","SOLV Energy","MWH","6.99551","28.04","United States"
"9063","Bureau Veritas","BVI.PA","7.0007","32.63","France"
"9064","Southern Cross Electrical Engineering","SXE.AX","7.00157","3.10443","Australia"
"9065","Weave Communications","WEAV","7.00306","7.29","United States"
"9066","Keyera","KEY.TO","7.00631","43.3509","Canada"
"9067","Where Food Comes From","WFCF","7.00942","12.95","United States"
"9068","Grupo Aeroportuario Centro Norte","OMAB","7.01443","102.91","Mexico"
"9069","Pattern Group","PTRN","7.01458","21.48","United States"
"9070","Imax Corp","IMAX","7.01504","54.79","Canada"
"9071","CSX Corporation","CSX","7.01652","51.44","United States"
"9072","CD Projekt","CDR.WA","7.0175","65.4168","Poland"
"9073","Crinetics Pharmaceuticals","CRNX","7.02358","84.78","United States"
"9074","GenFlat Holdings","GFLT","7.02555","3","United States"
"9075","Realtek","2379.TW","7.02786","22.8998","Taiwan"
"9076","Bezeq","BEZQ.TA","7.02904","2.57356","Israel"
"9077","Corpay","CPAY","7.03451","413.92","United States"
"9078","Hanwha Engine","082740.KS","7.04509","34.2678","South Korea"
"9079","Restaurant Brands International","QSR","7.06258","81.57","Canada"
"9080","Honeywell Automation India","HONAUT.NS","7.0679","383.868","India"
"9081","Jasper Therapeutics","JSPR","7.06987","0.7224","United States"
"9082","InflaRx","IFRX","7.07547","2.05","Germany"
"9083","Adani Energy Solutions","ADANIENSOL.NS","7.07731","16.5782","India"
"9084","Raoom trading Company","4144.SR","7.07896","19.7768","Saudi Arabia"
"9085","Machvision Inc.","3563.TW","7.0921","20.5785","Taiwan"
"9086","Adani Green Energy","ADANIGREEN.NS","7.10178","13.8397","India"
"9087","VisEra Technologies","6789.TW","7.12034","13.1909","Taiwan"
"9088","Korea Aerospace Industries","047810.KS","7.12257","94.5345","South Korea"
"9089","Airports of Thailand","AOT.BK","7.12589","2.02352","Thailand"
"9090","Inspira Technologies","IINN","7.12876","0.38","Israel"
"9091","Hagerty","HGTY","7.13446","13.4","United States"
"9092","Sovereign Metals","SVM.AX","7.14745","0.396996","Australia"
"9093","Personalis","PSNL","7.14843","17.06","United States"
"9094","Vestas Wind Systems","VWS.CO","7.15004","33.0538","Denmark"
"9095","Ypsomed","YPSN.SW","7.16296","509.784","Switzerland"
"9096","Vertex Pharmaceuticals","VRTX","7.16379","547.59","United States"
"9097","StepStone Group","STEP","7.16788","49.2","United States"
"9098","Rational AG","RAA.F","7.17047","729.774","Germany"
"9099","eQ Oyj","EQV1V.HE","7.18093","10.5852","Finland"
"9100","Arxis, Inc.","ARXS","7.18118","53.06","United States"
"9101","Supreme Industries","SUPREMEIND.NS","7.18735","37.3545","India"
"9102","AC Immune","ACIU","7.19271","2.86","Switzerland"
"9103","Modern Mills for Food Products","2284.SR","7.19454","7.33007","Saudi Arabia"
"9104","Liontown Resources","LTR.AX","7.20489","0.865522","Australia"
"9105","Valneva SE","VALN","7.21006","6.75","France"
"9106","Netfonds AG","NF4.DE","7.21872","95.0105","Germany"
"9107","Tata Elxsi","TATAELXSI.NS","7.23685","38.1851","India"
"9108","Equity LifeStyle Properties","ELS","7.23689","65.74","United States"
"9109","Journey Medical","DERM","7.24125","7.91","United States"
"9110","create restaurants holdings","3387.T","7.24126","4.92756","Japan"
"9111","Service Corporation International","SCI","7.24303","84.23","United States"
"9112","Computershare","CPU.AX","7.24524","28.1474","Australia"
"9113","Betterware de Mexico","BWMX","7.24688","16.14","Mexico"
"9114","Godrej","GODREJCP.NS","7.25563","9.6876","India"
"9115","Ourgame International","6899.HK","7.25778","0.0302346","China"
"9116","NBCC India","NBCC.NS","7.25921","0.932818","India"
"9117","Stereotaxis","STXS","7.26029","1.42","United States"
"9118","IperionX","IPX","7.26597","21.71","United States"
"9119","ALK-Abelló","ALK-B.CO","7.266","33.2721","Denmark"
"9120","Equinix","EQIX","7.27084","1055.2","United States"
"9121","Praxis Precision Medicines","PRAX","7.28772","368.03","United States"
"9122","Allied Gold Corporation","AAUC.TO","7.28896","23.3062","Canada"
"9123","Adagene","ADAG","7.28958","3.9","China"
"9124","Monotaro","3064.T","7.29362","11.6567","Japan"
"9125","CVC Capital Partners plc","CVC.AS","7.30289","17.7664","Jersey"
"9126","MBX Biosciences","MBX","7.30395","66.39","United States"
"9127","Navitas Petroleum","NVPT.TA","7.31798","44.5982","Israel"
"9128","Lite-On Technology","2301.TW","7.31819","9.2854","Taiwan"
"9129","Arcus Biosciences","RCUS","7.31924","30.12","United States"
"9130","GH Research","GHRS","7.32353","28.1","Ireland"
"9131","Ekso Bionics","EKSO","7.32542","11.8","United States"
"9132","Symphony Limited","SYMPHONY.NS","7.32785","6.2167","India"
"9133","Flotek Industries","FTK","7.33144","23.92","United States"
"9134","Nayax","NYAX","7.33347","46.18","Israel"
"9135","Hyundai Autoever Corporation","307950.KS","7.33625","329.318","South Korea"
"9136","Kits Eyecare","KITS.TO","7.34363","10.8594","Canada"
"9137","Global-e","GLBE","7.3461","39.86","Israel"
"9138","Kontoor Brands","KTB","7.35022","83.23","United States"
"9139","Turbo Energy","TURB","7.35427","1.15","Spain"
"9140","Wärtsilä","WRT1V.HE","7.35867","34.9149","Finland"
"9141","Workday","WDAY","7.35968","199.15","United States"
"9142","Nemetschek","NEM.F","7.38723","76.125","Germany"
"9143","EXL Service","EXLS","7.388","37.66","United States"
"9144","Nebius Group","NBIS","7.39442","210.91","Netherlands"
"9145","Tata Consultancy Services","TCS.NS","7.40226","23.893","India"
"9146","GE Power India","GEPIL.NS","7.41069","4.07664","India"
"9147","Nuvation Bio","NUVB","7.4276","6.76","United States"
"9148","Columbus Energy","CLC.WA","7.43674","0.941872","Poland"
"9149","Brookfield Asset Management","BAM","7.43678","52.31","Canada"
"9150","Tractor Supply","TSCO","7.44535","35.92","United States"
"9151","Epiroc","EPI-A.ST","7.44659","28.4374","Sweden"
"9152","ASRock Rack Incorporation","7711.TW","7.45324","16.1553","Taiwan"
"9153","Hammond Power Solutions","HPS-A.TO","7.45462","167.003","Canada"
"9154","Interactive Brokers","IBKR","7.4572","93.05","United States"
"9155","Magnora ASA","MGN.OL","7.45937","2.47556","Norway"
"9156","Extendicare","EXE.TO","7.4597","22.195","Canada"
"9157","MPS Limited","MPSLTD.NS","7.46278","28.3774","India"
"9158","Campus Activewear","CAMPUS.NS","7.46651","2.3684","India"
"9159","Uniti","UNIT","7.47839","9.85","United States"
"9160","Kardex Holding","KARN.SW","7.48166","310.374","Switzerland"
"9161","Moderna","MRNA","7.48513","138.89","United States"
"9162","Kraken Robotics","PNG.V","7.49252","4.14893","Canada"
"9163","Sumitomo Chemical
 India","SUMICHEM.NS","7.49312","5.43778","India"
"9164","Dollar Tree","DLTR","7.49355","136.75","United States"
"9165","SmartSens Technology","688213.SS","7.49664","14.7569","China"
"9166","Cybozu","4776.T","7.50094","18.957","Japan"
"9167","Coupang","CPNG","7.50912","16.44","United States"
"9168","Ryman Hospitality Properties","RHP","7.5119","131.13","United States"
"9169","United Rentals","URI","7.52046","1083.56","United States"
"9170","Fastned","FAST.AS","7.52282","42.1427","Netherlands"
"9171","BrainsWay","BWAY","7.5238","14.19","Israel"
"9172","Bet Shemesh Engines","BSEN.TA","7.54327","253.69","Israel"
"9173","Aldrees Petroleum and Transport Services","4200.SR","7.54413","32.0158","Saudi Arabia"
"9174","Mr D.I.Y. Group","5296.KL","7.54669","0.363726","Malaysia"
"9175","Amplitude","AMPL","7.55917","13.15","United States"
"9176","NAPCO Security Technologies","NSSC","7.56283","37.59","United States"
"9177","Kistos Holdings","KIST.L","7.58783","3.82263","United Kingdom"
"9178","4basebio","4BB.L","7.59113","6.67529","United Kingdom"
"9179","TechPrecision","TPCS","7.59531","5.77","United States"
"9180","Verastem Oncology","VSTM","7.59707","6.86","United States"
"9181","Navitas Semiconductor","NVTS","7.60191","12.23","Ireland"
"9182","WisdomTree","WT","7.60403","23.84","United States"
"9183","Chefs' Warehouse","CHEF","7.60447","113.45","United States"
"9184","Intuitive Surgical","ISRG","7.60587","373.57","United States"
"9185","Broadridge Financial Solutions","BR","7.60921","185.45","United States"
"9186","Alchip Technologies","3661.TW","7.61728","121.243","Taiwan"
"9187","KEPCO Engineering & Construction Company","052690.KS","7.62204","78.4297","South Korea"
"9188","Copenhagen Airport","KBHL.CO","7.63138","857.527","Denmark"
"9189","Aon","AON","7.63269","359.1","United Kingdom"
"9190","Americas Gold and Silver Corp","USAS","7.63809","5.39","Canada"
"9191","Aura Biosciences","AURA","7.63908","7.9","United States"
"9192","Landstar System","LSTR","7.6422","179.92","United States"
"9193","Clicks Group","CLS.JO","7.64683","12.5297","South Africa"
"9194","Technogym","TGYM.MI","7.64921","15.225","Italy"
"9195","United Breweries","UBL.NS","7.65785","14.0581","India"
"9196","Flex","FLEX","7.65879","106.65","Singapore"
"9197","Sheng Siong Group","OV8.SI","7.66055","2.5175","Singapore"
"9198","Heineken Malaysia","3255.KL","7.67545","3.98862","Malaysia"
"9199","Prime Medicine","PRME","7.68546","3.25","United States"
"9200","Axfood","AXFO.ST","7.6927","26.0062","Sweden"
"9201","SK Biopharmaceuticals","326030.KS","7.69914","60.9527","South Korea"
"9202","Talkspace","TALK","7.70046","5.25","United States"
"9203","The Joint Corp.","JYNT","7.70396","8.44","United States"
"9204","Galaxy Digital Holdings","7LX.F","7.70873","22.3715","United States"
"9205","Veidekke","VEI.OL","7.71562","21.8558","Norway"
"9206","Novartis","NVS","7.71575","158.02","Switzerland"
"9207","Lynas","LYC.AX","7.71768","11.867","Australia"
"9208","Viking Therapeutics","VKTX","7.72314","33.23","United States"
"9209","Insulet","PODD","7.74258","145.42","United States"
"9210","Hindustan Aeronautics","HAL.NS","7.74406","51.0814","India"
"9211","Gulf Navigation Holding","GULFNAV.AE","7.7493","0.822261","United Arab Emirates"
"9212","KEI Industries","KEI.NS","7.75845","57.8612","India"
"9213","WA1 Resources","WA1.AX","7.76055","8.64807","Australia"
"9214","Gilead Sciences","GILD","7.7654","146.74","United States"
"9215","Kappa Create","7421.T","7.77045","10.169","Japan"
"9216","Outfront Media","OUT","7.77428","30.42","United States"
"9217","Ralph Lauren","RL","7.77585","370.82","United States"
"9218","United Cooperative Assurance Company","8190.SR","7.77872","0.972193","Saudi Arabia"
"9219","KSB ltd","KSB.NS","7.78245","8.3753","India"
"9220","SSP Group","SSPG.L","7.78289","2.75186","United Kingdom"
"9221","Ferguson Enterprises","FERG","7.78718","236.45","United Kingdom"
"9222","Woodward","WWD","7.78912","333.15","United States"
"9223","Momentum Group AB","MMGR-B.ST","7.79473","14.9449","Sweden"
"9224","Roche","RO.SW","7.79732","468.981","Switzerland"
"9225","Wuhan Guide Infrared","002414.SZ","7.81112","1.9651","China"
"9226","Thermax","THERMAX.NS","7.81182","41.7428","India"
"9227","LEENO Industrial","058470.KQ","7.81251","48.6755","South Korea"
"9228","Royal Caribbean Group","RCL","7.81447","293","United States"
"9229","5N Plus","VNP.TO","7.82429","18.8614","Canada"
"9230","Electronic Arts","EA","7.82461","209.7","United States"
"9231","Evolv Technologies","EVLV","7.82542","5.25","United States"
"9232","CSG International","CSGS","7.82628","80.69","United States"
"9233","Lantern Pharma","LTRN","7.82847","2.11","United States"
"9234","Bajaj Auto","BAJAJ-AUTO.NS","7.82898","124.313","India"
"9235","Timken India","TIMKEN.NS","7.82948","32.6225","India"
"9236","Indian Energy Exchange","IEX.NS","7.83345","1.2936","India"
"9237","CareDx","CDNA","7.83764","47.5","United States"
"9238","111, Inc.","YI","7.84951","3.53","China"
"9239","Procore","PCOR","7.85993","62.09","United States"
"9240","ZF Commercial Vehicle Control Systems India","ZFCVINDIA.NS","7.86333","27.2438","India"
"9241","SK Hynix","000660.KS","7.86715","1211.83","South Korea"
"9242","New Pacific Metals","NEWP","7.86811","6.79","Canada"
"9243","Wheaton Precious Metals","WPM","7.87079","160.19","Canada"
"9244","BrainChip","BRN.AX","7.87553","0.100143","Australia"
"9245","ProQR Therapeutics","PRQR","7.88018","2.43","Netherlands"
"9246","Pyxis Oncology","PYXS","7.89586","2.96","United States"
"9247","ASE Group","ASX","7.90662","36.24","Taiwan"
"9248","Planisware","PLNW.PA","7.91063","28.9112","France"
"9249","Tatton Asset Management","TAM.L","7.91353","9.48164","United Kingdom"
"9250","Krystal Biotech","KRYS","7.9222","341.72","United States"
"9251","TOP Financial Group Limited","TOP","7.92259","2.06","Hong Kong"
"9252","XTB S.A.","XTB.WA","7.93219","46.2383","Poland"
"9253","China National Uranium","001280.SZ","7.93495","10.245","China"
"9254","Orchestra BioMed","OBIO","7.93774","5.44","United States"
"9255","Cerus Corporation","CERS","7.9387","2.69","United States"
"9256","FormFactor","FORM","7.9442","107.9","United States"
"9257","Advanced Energy","AEIS","7.94615","274.67","United States"
"9258","InterDigital","IDCC","7.97233","341.09","United States"
"9259","Ethos Technologies","LIFE","7.97418","36.72","United States"
"9260","Real Brokerage Inc.","REAX","7.976","2.4","Canada"
"9261","Pegasystems","PEGA","7.98368","34.28","United States"
"9262","Ameriprise Financial","AMP","7.98517","561.13","United States"
"9263","Micronics Japan Co., Ltd.","6871.T","7.99343","87.0641","Japan"
"9264","OEM International","OEM-B.ST","7.99511","18.0391","Sweden"
"9265","Casey's General Stores","CASY","7.99904","854.21","United States"
"9266","JCI Hitachi India","JCHAC.NS","8.00241","15.7544","India"
"9267","Morningstar","MORN","8.00943","217.5","United States"
"9268","Blackstone Group","BX","8.01676","143.64","United States"
"9269","Ecolab","ECL","8.01921","286.98","United States"
"9270","Tower Semiconductor","TSEM","8.0229","211.1","Israel"
"9271","Eaton","ETN","8.02866","408.67","Ireland"
"9272","Elbit Systems","ESLT","8.03251","730.4","Israel"
"9273","Belite Bio","BLTE","8.03987","158.87","United States"
"9274","dLocal","DLO","8.04095","15.12","Uruguay"
"9275","Hoya","7741.T","8.04159","156.897","Japan"
"9276","Innovent Biologics","1801.HK","8.04336","12.77","China"
"9277","Lemonade","LMND","8.04596","53.85","United States"
"9278","Perma-Fix Environmental Services","PESI","8.04717","16.3","United States"
"9279","Fast Retailing","9983.T","8.04828","455.282","Japan"
"9280","Intertek","ITRK.L","8.04937","79.6948","United Kingdom"
"9281","Amerigo Resources","ARG.TO","8.05053","5.93116","Canada"
"9282","Chaince Digital Holdings","CD","8.05745","3.44","United States"
"9283","Veralto","VLTO","8.05913","99.37","United States"
"9284","The Hershey Company","HSY","8.0619","189.94","United States"
"9285","Coloplast","COLO-B.CO","8.07203","71.6737","Denmark"
"9286","LATAM Airlines","LTM","8.07716","53.16","Chile"
"9287","PJT Partners","PJT","8.08259","176.41","United States"
"9288","Merck","MRK","8.09266","150.66","United States"
"9289","Avanza Bank","AZA.ST","8.10041","42.4245","Sweden"
"9290","Johnson & Johnson","JNJ","8.10483","273.04","United States"
"9291","Hour Loop","HOUR","8.10773","1.8","United States"
"9292","Onto Innovation","ONTO","8.11017","282.91","United States"
"9293","Vivid Games","VVD.WA","8.11127","0.164557","Poland"
"9294","Vistra","VST","8.11627","135.66","United States"
"9295","Zeta Global","ZETA","8.11786","28.47","United States"
"9296","Jazeera Airways","JAZEERA.KW","8.12149","5575.48","Kuwait"
"9297","Apogee Therapeutics","APGE","8.12393","134.79","United States"
"9298","Graham Corporation","GHM","8.12722","97.16","United States"
"9299","Mycronic","MYCR.ST","8.12946","33.9943","Sweden"
"9300","Craftsman Automation","CRAFTSMAN.NS","8.13214","108.332","India"
"9301","Ceres Power","CWR.L","8.13654","5.61815","United Kingdom"
"9302","APG|SGA","APGN.SW","8.14554","250.04","Switzerland"
"9303","HT5 AG","HT5.SW","8.14878","3.90969","Switzerland"
"9304","Aya Gold &amp; Silver","AYA.TO","8.15533","26.5387","Canada"
"9305","Moelis &amp; Company","MC","8.15556","68.5","United States"
"9306","Aker BioMarine","AKBM.OL","8.17094","13.339","Norway"
"9307","Future Care Trading Company","9544.SR","8.18452","0.423503","Saudi Arabia"
"9308","American Tower","AMT","8.18773","178.39","United States"
"9309","Booz Allen Hamilton","BAH","8.18809","75.22","United States"
"9310","Nanya Technology","2408.TW","8.20188","15.9985","Taiwan"
"9311","Havells India","HAVELLS.NS","8.21378","13.2327","India"
"9312","Narayana Hrudayalaya","NH.NS","8.21777","19.7012","India"
"9313","Akeso","9926.HK","8.22037","11.3412","China"
"9314","santec Holdings Corporation","6777.T","8.22208","122.718","Japan"
"9315","Logista (Compañía de Distribución Integral Logista)","LOG.MC","8.23063","41.7347","Spain"
"9316","Applied Optoelectronics","AAOI","8.263","107.63","United States"
"9317","Shattuck Labs","STTK","8.27328","7.9","United States"
"9318","Sieyuan Electric","002028.SZ","8.27621","25.2295","China"
"9319","NeoVolta","NEOV","8.27965","3.12","United States"
"9320","Max Financial Services","MFSL.NS","8.29403","16.5625","India"
"9321","A10 Networks","ATEN","8.29537","25.23","United States"
"9322","CM.com","CMCOM.AS","8.30038","8.2187","Netherlands"
"9323","SAL Saudi Logistics Services","4263.SR","8.30399","44.9872","Saudi Arabia"
"9324","LandBridge","LB","8.30838","87.1","United States"
"9325","Nova Ltd.","NVMI","8.31491","362.75","Israel"
"9326","West Pharmaceutical Services","WST","8.315","353.32","United States"
"9327","Modine Manufacturing","MOD","8.31796","188.37","United States"
"9328","Nuvalent","NUVL","8.33858","123.96","United States"
"9329","Exact Sciences","EXAS","8.34055","104.91","United States"
"9330","Replimune","REPL","8.34118","14.71","United States"
"9331","Capita plc","CPI.L","8.34153","3.86761","United Kingdom"
"9332","Chemed","CHE","8.34356","541.34","United States"
"9333","SIMPPLE","SPPL","8.34508","2.28","Singapore"
"9334","Keysight","KEYS","8.35656","310.66","United States"
"9335","Berger Paints","BERGEPAINT.NS","8.35854","5.32807","India"
"9336","Olectra Greentech","OLECTRA.NS","8.35876","13.5085","India"
"9337","Partners Group","PGHN.SW","8.36133","897.906","Switzerland"
"9338","Atlas Copco","ATCO-B.ST","8.36377","18.96","Sweden"
"9339","Coforge","COFORGE.NS","8.38241","19.837","India"
"9340","Walmart","WMT","8.39273","106.49","United States"
"9341","H&amp;M","HM-B.ST","8.40567","19.4704","Sweden"
"9342","Elgi Equipments","ELGIEQUIP.NS","8.40929","6.3729","India"
"9343","Bursa Malaysia","1818.KL","8.41458","2.11555","Malaysia"
"9344","Armstrong World Industries","AWI","8.43694","178.25","United States"
"9345","Admiral Group","ADM.L","8.44921","55.0916","United Kingdom"
"9346","Maravai LifeSciences","MRVI","8.45912","8.43","United States"
"9347","HBL","HBLENGINE.NS","8.48887","7.25839","India"
"9348","Energizer Holdings","ENR","8.49198","21.48","United States"
"9349","SkyWater Technology","SKYT","8.5022","32.46","United States"
"9350","Naturhouse Health","NTH.MC","8.50946","2.97272","Spain"
"9351","Quicklogic","QUIK","8.51127","11.27","United States"
"9352","Clas Ohlson AB","CLAS-B.ST","8.52443","46.266","Sweden"
"9353","Tianyu Digital Technology (Dalian)","002354.SZ","8.54085","1.04875","China"
"9354","OUTsurance Group","OUT.JO","8.5559","4.96869","South Africa"
"9355","Guzman y Gomez","GYG.AX","8.55754","21.5021","Australia"
"9356","Nouveau Monde Graphite","NMG","8.55768","1.45","Canada"
"9357","Eicher Motors","EICHERMOT.NS","8.56059","84.1396","India"
"9358","Prelude Therapeutics","PRLD","8.5623","6.47","United States"
"9359","Sight Sciences","SGHT","8.56422","8.38","United States"
"9360","Grindwell Norton","GRINDWELL.NS","8.56617","20.9821","India"
"9361","Norbit ASA","NORBT.OL","8.57979","17.8391","Norway"
"9362","Chime Financial","CHYM","8.58845","32.7","United States"
"9363","Mobilicom","MOB","8.58962","5.89","Australia"
"9364","Klabin","KLBN11.SA","8.59035","3.62676","Brazil"
"9365","Comet Holding","COTN.SW","8.59493","431.911","Switzerland"
"9366","Bioventix","BVXP.L","8.6161","23.3635","United Kingdom"
"9367","Cipher Mining","CIFR","8.61625","15.36","United States"
"9368","Paymentus","PAY","8.62055","39.94","United States"
"9369","Warby Parker","WRBY","8.62087","26.21","United States"
"9370","NCAB Group AB","NCAB.ST","8.62705","7.81975","Sweden"
"9371","Curtiss-Wright","CW","8.63027","614.97","United States"
"9372","Argenx","ARGX","8.63789","1011.11","Netherlands"
"9373","Aether Industries","AETHER.NS","8.64297","17.0494","India"
"9374","Rupert Resources","RUP.TO","8.645","7.33956","Canada"
"9375","Penumbra","PEN","8.65263","323.75","United States"
"9376","Babcock International Group","BAB.L","8.65487","14.6889","United Kingdom"
"9377","Hainan Airlines","900945.SS","8.66239","0.205","China"
"9378","NCR Atleos Corporation","NATL","8.67543","46.49","United States"
"9379","ARS Pharmaceuticals","SPRY","8.6782","5.35","United States"
"9380","Eco Wave Power Global","WAVE","8.67879","6.7","Israel"
"9381","Agilon Health","AGL","8.68005","93.79","United States"
"9382","Carlisle Companies","CSL","8.70867","362.52","United States"
"9383","Samyang Foods","003230.KS","8.71","1032.73","South Korea"
"9384","Interlink Electronics","LINK","8.72286","4.84","United States"
"9385","Emcor","EME","8.72371","764.9","United States"
"9386","Hermès","RMS.PA","8.72718","1839.59","France"
"9387","Microsoft","MSFT","8.7327","487.31","United States"
"9388","Rheinmetall","RHM.F","8.73359","1306.83","Germany"
"9389","Gens Aurea","OROX.MI","8.73625","13.1732","Italy"
"9390","Kotobuki Spirits","2222.T","8.74062","17.1084","Japan"
"9391","Indian Railway Catering & Tourism","IRCTC.NS","8.74156","5.04232","India"
"9392","Parker-Hannifin","PH","8.74614","1014.24","United States"
"9393","Texas Roadhouse","TXRH","8.75943","205.29","United States"
"9394","Cameco","CCJ","8.76577","102.27","Canada"
"9395","CAMP4 Therapeutics","CAMP","8.7727","4.32","United States"
"9396","Blue Star","BLUESTARCO.NS","8.78424","15.8123","India"
"9397","KORU Medical Systems","KRMD","8.78561","3.22","United States"
"9398","Hyundai Motor India","HYUNDAI.NS","8.78701","23.3225","India"
"9399","Sotera Health","SHC","8.7881","19.17","United States"
"9400","Roku","ROKU","8.78936","158.18","United States"
"9401","Shenzhen Zqgame","300052.SZ","8.79073","1.58874","China"
"9402","Saudi Fisheries Company","6050.SR","8.80047","17.0733","Saudi Arabia"
"9403","Keystone Law Group","KEYS.L","8.80069","7.92521","United Kingdom"
"9404","Alphabet (Google)","GOOG","8.80282","344.59","United States"
"9405","Kforce","KFRC","8.8038","57.69","United States"
"9406","The Elmet Group","ELMT","8.81683","17.66","United States"
"9407","Absci","ABSI","8.82165","8.84","United States"
"9408","Max Healthcare Institute","MAXHEALTH.NS","8.82205","10.5339","India"
"9409","TechnipFMC","FTI","8.82451","75.85","United Kingdom"
"9410","Genesis Minerals Limited","GMD.AX","8.82621","6.20172","Australia"
"9411","Bird Construction","BDT.TO","8.834","49.4769","Canada"
"9412","Arlo Technologies","ARLO","8.83714","13.09","United States"
"9413","BeOne Medicines","ONC","8.83935","371.98","United States"
"9414","NVE Corporation","NVEC","8.85811","106.67","United States"
"9415","Advanced Info Service (AIS)","ADVANC.BK","8.86646","11.0263","Thailand"
"9416","Karooooo","KARO","8.87009","64.275","Singapore"
"9417","Pepsico","PEP","8.87379","144.67","United States"
"9418","ATA Creativity Global","AACG","8.8845","0.94","China"
"9419","The Metals Royalty Company","TMCR","8.88518","6","Canada"
"9420","Syrma SGS Technology","SYRMA.NS","8.88598","15.244","India"
"9421","Cisco","CSCO","8.89184","110.23","United States"
"9422","Saudi Printing and Packaging Company","4270.SR","8.91366","2.20808","Saudi Arabia"
"9423","ULTA Beauty","ULTA","8.9738","538.76","United States"
"9424","Capitec Bank","CPI.JO","8.97787","288.925","South Africa"
"9425","Vertex","VERX","8.9802","13.68","United States"
"9426","Kokusai Electric","6525.T","8.99405","53.2867","Japan"
"9427","Atour Lifestyle","ATAT","8.99645","34.75","China"
"9428","Neuren Pharmaceuticals","NEU.AX","9.0124","16.1159","Australia"
"9429","Kinaxis","KXS.TO","9.01313","130.017","Canada"
"9430","Indoritel","DNET.JK","9.01417","0.590229","Indonesia"
"9431","BillionToOne","BLLN","9.02827","96.74","United States"
"9432","SBI Life Insurance","SBILIFE.NS","9.03097","18.3325","India"
"9433","Prime Focus","PFOCUS.NS","9.03144","3.16895","India"
"9434","Waste Management","WM","9.03208","226.46","United States"
"9435","Palvella Therapeutics","PVLA","9.03964","145.75","United States"
"9436","BRP (Bombardier Recreational Products)","DOO","9.04012","63.77","Canada"
"9437","Zoom Telephonics","MINM","9.04556","3.61","United States"
"9438","PensionBee Group","PBEE.L","9.04791","1.87181","United Kingdom"
"9439","Silicon Motion","SIMO","9.09997","243.18","Hong Kong"
"9440","Diagnostyka S.A.","DIA.WA","9.10256","45.6591","Poland"
"9441","Coles Group","COL.AX","9.11403","16.9886","Australia"
"9442","Akebia Therapeutics","AKBA","9.11642","0.9006","United States"
"9443","Castrol India","CASTROLIND.NS","9.11862","1.95152","India"
"9444","AST SpaceMobile","ASTS","9.11918","62.35","United States"
"9445","CorVel Corporation","CRVL","9.12738","71.23","United States"
"9446","Orogen Royalties","OGN.V","9.1396","3.8098","Canada"
"9447","HEICO","HEI","9.14044","352.67","United States"
"9448","Tarsus Pharmaceuticals","TARS","9.15636","72.81","United States"
"9449","Ottobock","OBCK.F","9.15693","69.4801","Germany"
"9450","Ventia Services Group","VNT.AX","9.16817","4.21316","Australia"
"9451","Sprott Inc","SII","9.17191","135.46","Canada"
"9452","Safran","SAF.PA","9.17416","404.989","France"
"9453","Taysha Gene Therapies","TSHA","9.17802","5.97","United States"
"9454","Global Health Limited (Medanta)","MEDANTA.NS","9.20953","14.6181","India"
"9455","LiveWire Group","LVWR","9.21295","1.27","United States"
"9456","Sanofi India Limited","SANOFI.NS","9.21624","33.4134","India"
"9457","RENK Group","R3NK.DE","9.21691","54.9983","Germany"
"9458","Lime Technologies AB","LIME.ST","9.21699","26.6798","Sweden"
"9459","Huagong Tech","000988.SZ","9.22075","15.6598","China"
"9460","Reddit","RDDT","9.23948","152.7","United States"
"9461","GreenPower Motor Company","GP","9.2528","1.63","Canada"
"9462","Hemnet Group AB","HEM.ST","9.27128","10.7351","Sweden"
"9463","Invisio AB","IVSO.ST","9.27214","24.3328","Sweden"
"9464","Bentley Systems","BSY","9.28539","37.68","United States"
"9465","H World Group Limited","HTHT","9.28956","48.64","China"
"9466","Arafura Rare Earths","ARU.AX","9.2902","0.150215","Australia"
"9467","BOSCH India","BOSCHLTD.NS","9.30762","505.172","India"
"9468","Anixa Biosciences","ANIX","9.31363","3.62","United States"
"9469","LightPath Technologies","LPTH","9.32435","13.23","United States"
"9470","SharkNinja","SN","9.32944","182.99","United States"
"9471","Sequent Scientific","SEQUENT.NS","9.33256","2.13731","India"
"9472","Zion Oil &amp; Gas","ZNOG","9.35158","0.38","United States"
"9473","Ouster","OUST","9.35348","35.75","United States"
"9474","Comgás","CGAS5.SA","9.35415","23.405","Brazil"
"9475","OHB SE","OHB.DE","9.35841","230.124","Germany"
"9476","Rigetti Computing","RGTI","9.36226","16.37","United States"
"9477","ZOZO","3092.T","9.37408","7.20931","Japan"
"9478","Sanrio Company","8136.T","9.39787","7.6236","Japan"
"9479","JBM Auto","JBMA.NS","9.40674","6.75687","India"
"9480","Kingsway Financial Services","KFS","9.42249","10.73","Canada"
"9481","Hindustan Unilever","HINDUNILVR.NS","9.42716","21.1201","India"
"9482","Telix Pharmaceuticals","TLX.AX","9.42772","11.5594","Australia"
"9483","Estee Lauder","EL","9.43494","104.13","United States"
"9484","Sanil Electric","062040.KS","9.44178","122.267","South Korea"
"9485","Diploma plc","DPLM.L","9.45751","98.9033","United Kingdom"
"9486","United Foodbrands Limited","UFBL.NS","9.46684","8.31784","India"
"9487","Hong Kong Exchanges & Clearing","0388.HK","9.47176","53.2997","Hong Kong"
"9488","Union Pacific Corporation","UNP","9.47988","309.86","United States"
"9489","ASM International","ASM.AS","9.48141","966.659","Netherlands"
"9490","Sana Biotechnology","SANA","9.48996","3.78","United States"
"9491","Old Dominion Freight Line","ODFL","9.49565","201.48","United States"
"9492","Golden Minerals","AUMN","9.49893","0.21","United States"
"9493","Sichuan Xunyou Network Technology","300467.SZ","9.51432","4.9492","China"
"9494","Inditex","ITX.MC","9.51729","68.3842","Spain"
"9495","Confluent","CFLT","9.52301","30.99","United States"
"9496","Oracle","ORCL","9.52999","142.45","United States"
"9497","Adobe","ADBE","9.53441","276.27","United States"
"9498","Devyani International","DEVYANI.NS","9.536","1.56817","India"
"9499","GreenMobility A/S","GREENM.CO","9.54051","10.9763","Denmark"
"9500","Estun Automation","002747.SZ","9.54528","4.71267","China"
"9501","Eternal (Zomato)","ETERNAL.NS","9.56088","3.44739","India"
"9502","PolyNovo","PNV.AX","9.56384","0.758226","Australia"
"9503","Pharvaris","PHVS","9.57581","37.31","Netherlands"
"9504","BioPorto","BIOPOR.CO","9.58055","0.190215","Denmark"
"9505","Ems-Chemie","EMSN.SW","9.58077","966.574","Switzerland"
"9506","Baycurrent","6532.T","9.6068","49.0245","Japan"
"9507","Robinhood","HOOD","9.61632","103.62","United States"
"9508","Parrot S.A.","PARRO.PA","9.63758","11.1914","France"
"9509","Dicker Data","DDR.AX","9.64668","9.15594","Australia"
"9510","Schaeffler India","SCHAEFFLER.NS","9.66664","41.8316","India"
"9511","Alfa Financial Software","ALFA.L","9.67837","2.28867","United Kingdom"
"9512","UNO Minda","UNOMINDA.NS","9.68419","13.0561","India"
"9513","KFin Technologies","KFINTECH.NS","9.69269","10.0825","India"
"9514","Kalyan Jewellers India","KALYANKJIL.NS","9.69766","6.40059","India"
"9515","Powell Industries","POWL","9.70971","188.98","United States"
"9516","DoorDash","DASH","9.72093","229.06","United States"
"9517","Light &amp; Wonder","LNW","9.72198","86.22","United States"
"9518","Camtek","CAMT","9.73188","142.33","Israel"
"9519","Atmus Filtration Technologies","ATMU","9.73282","48.13","United States"
"9520","NovaGold Resources","NG","9.7445","9.35","Canada"
"9521","Medistim","MEDI.OL","9.74872","28.1387","Norway"
"9522","Installed Building Products","IBP","9.75127","244.89","United States"
"9523","Maui Land &amp; Pineapple Company","MLP","9.76507","15.76","United States"
"9524","PharmaSGP","PSG.DE","9.77391","33.6779","Germany"
"9525","Intapp","INTA","9.77772","40.92","United States"
"9526","C. H. Robinson","CHRW","9.79589","142.86","United States"
"9527","Super Group","SGHC","9.81767","13.99","Guernsey"
"9528","Agilysys","AGYS","9.82396","113.82","United States"
"9529","Concentra Group","CON","9.8285","34.99","United States"
"9530","Dr. Sulaiman Al Habib Medical Services Group Company","4013.SR","9.829","63.925","Saudi Arabia"
"9531","Bayan Resources","BYAN.JK","9.83692","0.852866","Indonesia"
"9532","Zoetis","ZTS","9.86343","77.17","United States"
"9533","Astral Poly Technik","ASTRAL.NS","9.87429","16.0756","India"
"9534","Enliven Therapeutics","ELVN","9.88278","61.15","United States"
"9535","Dutch Bros","BROS","9.89853","51.95","United States"
"9536","Next plc","NXT.L","9.91211","212.996","United Kingdom"
"9537","Apyx Medical","APYX","9.91305","3.08","United States"
"9538","Fluent","FLNT","9.92033","4.17","United States"
"9539","kneat.com","FOBK.F","9.92315","4.66309","Ireland"
"9540","Bittium","BITTI.HE","9.92429","43.017","Finland"
"9541","Bharat Forge","BHARATFORG.NS","9.93622","21.3468","India"
"9542","NGEx Minerals","NGEX.TO","9.94206","20.9755","Canada"
"9543","Exponent","EXPO","9.94663","70.78","United States"
"9544","Digital Domain","0547.HK","9.95409","0.0285762","Hong Kong"
"9545","Empyrean Technology","301269.SZ","9.96045","13.7453","China"
"9546","Unilever Indonesia","UNVR.JK","9.96935","0.101666","Indonesia"
"9547","Chaozhou Three-Circle","300408.SZ","9.97334","16.2296","China"
"9548","CoreWeave","CRWV","9.9958","86.25","United States"
"9549","GeneDx Holdings","WGS","9.99741","85.19","United States"
"9550","Burkhalter Holding","BRKN.SW","10.0031","164.703","Switzerland"
"9551","Ibiden","4062.T","10.0296","125.417","Japan"
"9552","Mazagon Dock Shipbuilders Limited","MAZDOCK.NS","10.0315","27.1027","India"
"9553","Orion Corporation","ORNAV.HE","10.0369","92.9121","Finland"
"9554","Figma","FIG","10.0386","27.44","United States"
"9555","Kuros Biosciences","KURN.SW","10.0452","26.5963","Switzerland"
"9556","CRISIL","CRISIL.NS","10.0461","46.6858","India"
"9557","Samsung Biologics","207940.KS","10.0542","1144.67","South Korea"
"9558","Biotalys","BTLS.BR","10.0607","3.14759","Belgium"
"9559","Black Box","BBOX.NS","10.0617","7.81214","India"
"9560","LifeMD","LFMD","10.0653","3.14","United States"
"9561","Kiniksa Pharmaceuticals","KNSA","10.0833","79.38","Bermuda"
"9562","Corning","GLW","10.132","145.55","United States"
"9563","Quanta Services","PWR","10.1421","616.78","United States"
"9564","Lincoln Electric","LECO","10.1794","282.24","United States"
"9565","Doosan Fuel Cell","336260.KS","10.1902","30.5847","South Korea"
"9566","DMart","DMART.NS","10.1952","40.8087","India"
"9567","10x Genomics","TXG","10.2079","63.8","United States"
"9568","Micron Technology","MU","10.2084","910.43","United States"
"9569","Kura Oncology","KURA","10.2251","12.4","United States"
"9570","Siemens India","SIEMENS.NS","10.2407","42.8367","India"
"9571","BranchOut Food","BOF","10.2494","3.97","United States"
"9572","Constellation Software","CSU.TO","10.2801","2235.85","Canada"
"9573","Hensoldt","HAG.F","10.283","101.912","Germany"
"9574","Torrent Pharmaceuticals","TORNTPHARM.NS","10.2912","51.2486","India"
"9575","International Games System","3293.TWO","10.303","22.3038","Taiwan"
"9576","InPost","INPST.AS","10.3044","18.1045","Luxembourg"
"9577","VIDA Global Inc.","VIDA","10.3263","2.52","United States"
"9578","Palo Alto Networks","PANW","10.3363","350.9","United States"
"9579","Cogent Biosciences","COGT","10.3454","36.23","United States"
"9580","Kühne + Nagel","KNIN.SW","10.3603","273.676","Switzerland"
"9581","CAVA Group","CAVA","10.3731","71.93","United States"
"9582","NextVision Stabilized Systems","NXSN.TA","10.3882","69.1639","Israel"
"9583","WD-40 Company","WDFC","10.3952","215.89","United States"
"9584","Varonis Systems","VRNS","10.3967","41.05","United States"
"9585","Woolworths Group","WOW.AX","10.4006","27.7897","Australia"
"9586","The Vita Coco Company","COCO","10.4104","63.36","United States"
"9587","Atrium Therapeutics","RNA","10.4169","15.47","United States"
"9588","Xi'an Eswin Material Technology Co.,Ltd.","688783.SS","10.4372","4.59962","China"
"9589","Ekttitab Holding Company K.S.C","EKTTITAB.KW","10.4383","112.814","Kuwait"
"9590","Bahnhof AB","3B7.F","10.4453","6.16694","Sweden"
"9591","Itera ASA","ITERA.OL","10.4469","0.687357","Norway"
"9592","innoscripta SE","1INN.DE","10.4535","86.2672","Germany"
"9593","TSMC","TSM","10.4586","410.12","Taiwan"
"9594","Immunovant","IMVT","10.4949","43.32","United States"
"9595","CSG N.V. (The Czechoslovak Group)","CSG.AS","10.4982","21.3103","Czech Republic"
"9596","LENSAR","LNSR","10.5096","9.23","United States"
"9597","Sivers Semiconductors AB","SIVE.ST","10.5138","3.57625","Sweden"
"9598","Q32 Bio","QTTB","10.516","16.36","United States"
"9599","4imprint Group","FOUR.L","10.5189","61.222","United Kingdom"
"9600","Veradermics","MANE","10.5306","98.46","United States"
"9601","Greatland Resources","GGP.L","10.5363","9.6071","Australia"
"9602","Tango Therapeutics","TNGX","10.5558","24.51","United States"
"9603","Semilux International","SELX","10.5594","0.34","Taiwan"
"9604","Cytosorbents","CTSO","10.6036","0.3702","United States"
"9605","PSI Software","PSAN.DE","10.6109","51.8769","Germany"
"9606","Pharmanutra","PHN.MI","10.6318","95.5934","Italy"
"9607","Brunello Cucinelli","BC.MI","10.651","102.938","Italy"
"9608","Toast","TOST","10.6625","36.71","United States"
"9609","Expeditors International","EXPD","10.6778","187.83","United States"
"9610","Applied Aerospace &amp; Defense","AADX","10.6848","14.49","United States"
"9611","ISU Petasys","007660.KS","10.6888","77.2019","South Korea"
"9612","AMC Robotics Corporation","AMCI","10.6929","4.83","United States"
"9613","BWX Technologies","BWXT","10.7007","149.52","United States"
"9614","Iridium Communications","IRDM","10.7012","47.3","United States"
"9615","Netflix","NFLX","10.7034","80.01","United States"
"9616","Hycroft Mining","HYMC","10.7172","25.74","United States"
"9617","Chemours","CC","10.7231","15.39","United States"
"9618","VIAVI Solutions","VIAV","10.7707","36.95","United States"
"9619","Red Violet","RDVT","10.7724","70.17","United States"
"9620","Auto Trader Group","AUTO.L","10.7746","7.51447","United Kingdom"
"9621","Vingroup Company","VIC.VN","10.795","8.42503","Vietnam"
"9622","eBay","EBAY","10.8002","107.08","United States"
"9623","Zentek","ZTEK","10.8078","0.6018","Canada"
"9624","DaVita","DVA","10.808","176.5","United States"
"9625","Axogen","AXGN","10.8112","49.23","United States"
"9626","Hindustan Zinc","HINDZINC.NS","10.8242","6.18953","India"
"9627","Aritzia","ATZ.TO","10.8243","96.8973","Canada"
"9628","Bouvet","BOUV.OL","10.8337","5.25721","Norway"
"9629","Food &amp; Life Companies","3563.T","10.8363","35.7484","Japan"
"9630","eVISO S.p.A.","EVISO.MI","10.8466","11.9375","Italy"
"9631","Persistent Systems","PERSISTENT.NS","10.859","58.9019","India"
"9632","ABB","ABBN.SW","10.8624","98.9215","Switzerland"
"9633","Addtech AB","ADDT-B.ST","10.8833","36.0572","Sweden"
"9634","WEG ON","WEGE3.SA","10.893","9.52705","Brazil"
"9635","Hacksaw AB","HACK.ST","10.8946","8.61436","Sweden"
"9636","Bharti Hexacom","BHARTIHEXA.NS","10.8986","16.6576","India"
"9637","Cimbeton","CMBTN.IS","10.9054","32.8541","Turkey"
"9638","QumulusAI, Inc.","QMLS","10.9188","5.89","United States"
"9639","VITA 34","V3V.DE","10.943","3.40406","Germany"
"9640","LIG Defense & Aerospace","079550.KS","10.9443","518.531","South Korea"
"9641","Nongfu Spring","9633.HK","10.9607","5.49071","China"
"9642","APL Apollo","APLAPOLLO.NS","10.9612","22.2756","India"
"9643","Hyosung Heavy Industries Corporation","298040.KS","10.9725","1989.63","South Korea"
"9644","Monster Beverage","MNST","10.9816","48.92","United States"
"9645","Polycab India","POLYCAB.NS","10.9893","94.6871","India"
"9646","Juventus Turin","JUVE.MI","10.9946","2.43413","Italy"
"9647","Blackline Safety","BLN.TO","11.0051","6.53005","Canada"
"9648","Discovery Silver Corp.","DSV.TO","11.0069","8.9689","Canada"
"9649","Infant Bacterial Therapeutics AB","IBT-B.ST","11.0119","7.08303","Sweden"
"9650","Lightwave Logic","LWLG","11.0158","5.81","United States"
"9651","Alliance Laundry Holdings","ALH","11.0175","23.84","United States"
"9652","Qualys","QLYS","11.0285","178.46","United States"
"9653","MongoDB","MDB","11.0356","402.69","United States"
"9654","Kakaku.com","2371.T","11.0447","22.943","Japan"
"9655","RAPT Therapeutics","RAPT","11.0562","58.02","United States"
"9656","PB Fintech","POLICYBZR.NS","11.0723","18.718","India"
"9657","Coca-Cola","KO","11.076","91.99","United States"
"9658","Dunelm Group","DNLM.L","11.1004","12.0973","United Kingdom"
"9659","Asian Paints","ASIANPAINT.NS","11.1027","27.529","India"
"9660","Wesfarmers","WES.AX","11.1092","59.1488","Australia"
"9661","Collective Mining","CNL","11.135","16.13","Canada"
"9662","Disco Corp.","6146.T","11.1437","381.023","Japan"
"9663","GigaDevice Semiconductor","603986.SS","11.156","58.8355","China"
"9664","Paychex","PAYX","11.1669","126.01","United States"
"9665","UL Solutions","ULS","11.1886","74.16","United States"
"9666","Optimi Health Corp.","OPTH","11.2038","4.98","Canada"
"9667","freee K.K.","4478.T","11.2103","24.324","Japan"
"9668","Japan Elevator Service Holdings","6544.T","11.2676","9.93359","Japan"
"9669","SINTX Technologies","SINT","11.2796","1.53","United States"
"9670","ServiceNow","NOW","11.288","128.05","United States"
"9671","Burlington Stores","BURL","11.3114","330.64","United States"
"9672","Marvell Technology","MRVL","11.3124","229.29","United States"
"9673","IRadimed","IRMD","11.3159","87.18","United States"
"9674","Frequency Electronics","FEIM","11.3411","58.38","United States"
"9675","Lennox","LII","11.3627","399.1","United States"
"9676","Backblaze","BLZE","11.3718","15.55","United States"
"9677","374Water","SCWO","11.378","2.35","United States"
"9678","SKAN Group","SKAN.SW","11.4021","81.7296","Switzerland"
"9679","Uxin Limited","UXIN","11.419","1.14","China"
"9680","Cinemark Theatres","CNK","11.4216","38.4","United States"
"9681","Carpenter Technology","CRS","11.4357","477.1","United States"
"9682","NAURA Technology Group","002371.SZ","11.4515","104.191","China"
"9683","Text (LiveChat)","TXT.WA","11.4747","13.262","Poland"
"9684","Immix Biopharma","IMMX","11.4847","13.61","United States"
"9685","Abbott India","ABBOTINDIA.NS","11.4879","276.042","India"
"9686","Entravision Communications","EVC","11.5213","8.11","United States"
"9687","ST Engineering","S63.SI","11.5297","8.42577","Singapore"
"9688","NN, Inc.","NNBR","11.5473","3.65","United States"
"9689","AMD","AMD","11.5669","456.745","United States"
"9690","Trane Technologies","TT","11.5718","452.96","Ireland"
"9691","Hatsun Agro Products","HATSUN.NS","11.5815","10.7408","India"
"9692","Vicor","VICR","11.6159","189.99","United States"
"9693","Nordnet AB","SAVE.ST","11.6183","38.9198","Sweden"
"9694","DexCom","DXCM","11.6211","91.06","United States"
"9695","Bharat Dynamics","BDL.NS","11.6251","14.2148","India"
"9696","Siemens Energy","ENR.F","11.6439","176.918","Germany"
"9697","Tandem Diabetes Care","TNDM","11.6768","22.22","United States"
"9698","Weebit Nano","WBT.AX","11.6832","2.88269","Australia"
"9699","Shoper","SHO.WA","11.7127","11.3945","Poland"
"9700","ALIA MENTIS","ALMS.MI","11.7246","5.98042","Italy"
"9701","Advantech","2395.TW","11.7316","21.0176","Taiwan"
"9702","SofWave Medical","SOFW.TA","11.7574","10.9529","Israel"
"9703","Raydan Food","6012.SR","11.7796","4.6612","Saudi Arabia"
"9704","AJ Bell","AJB.L","11.7856","8.44629","United Kingdom"
"9705","Brink's","BCO","11.8173","112.78","United States"
"9706","MGM China Holdings","2282.HK","11.8337","1.29613","Macau"
"9707","Spotify","SPOT","11.9287","537.84","Sweden"
"9708","Bytes Technology","BYIT.L","11.94","5.65357","United Kingdom"
"9709","Singapore Exchange","S68.SI","11.9442","19.9827","Singapore"
"9710","Masimo","MASI","11.9455","179.95","United States"
"9711","HD Hyundai Marine Solution","443060.KS","11.9522","150.215","South Korea"
"9712","ASICS Corporation","7936.T","11.9547","29.4712","Japan"
"9713","IES Holdings","IESC","11.9896","324.12","United States"
"9714","United Spirits","UNITDSPR.BO","11.9905","16.1425","India"
"9715","Dynavox Group","DYVOX.ST","11.9992","8.03024","Sweden"
"9716","JFrog","FROG","12.0286","90.14","United States"
"9717","Zscaler","ZS","12.0302","176.06","United States"
"9718","GenusPlus Group Limited","GNP.AX","12.0384","6.22318","Australia"
"9719","INFICON","IFCN.SW","12.0531","210.482","Switzerland"
"9720","Valvoline","VVV","12.0589","33.37","United States"
"9721","Astra Microwave","ASTRAMICRO.NS","12.0598","17.8571","India"
"9722","OPAP (Organization of Football Prognostics)","OPAP.AT","12.0601","16.8777","Greece"
"9723","Jarir","4190.SR","12.0767","4.57596","Saudi Arabia"
"9724","MacroGenics","MGNX","12.0801","4.02","United States"
"9725","HDFC Asset Management Company Limited","HDFCAMC.NS","12.0881","27.9616","India"
"9726","Metro Brands","METROBRAND.NS","12.0994","9.63954","India"
"9727","USA Compression Partners","USAC","12.102","26.44","United States"
"9728","Tokyo Electron","8035.T","12.1051","347.817","Japan"
"9729","Geberit","GEBN.SW","12.1248","719.768","Switzerland"
"9730","Guidewire Software","GWRE","12.1294","191.89","United States"
"9731","Madison Air Solutions","MAIR","12.1395","24.97","United States"
"9732","Budimex","BDX.WA","12.142","191.297","Poland"
"9733","XPO Logistics","XPO","12.1445","191.99","United States"
"9734","Bharat Electronics","BEL.NS","12.1712","4.30154","India"
"9735","Darden Restaurants","DRI","12.1723","225.56","United States"
"9736","Axel Mark","3624.T","12.1904","0.514726","Japan"
"9737","Lotus Bakeries","LOTB.BR","12.2178","15294.9","Belgium"
"9738","Plejd AB","PLEJD.ST","12.2227","101.878","Sweden"
"9739","APT Medical","688617.SS","12.237","37.7133","China"
"9740","Dr Lal PathLabs","LALPATHLAB.NS","12.2449","20.0345","India"
"9741","Micro Systemation","MSAB-B.ST","12.259","9.80889","Sweden"
"9742","China Rare Earth Resources And Technology","000831.SZ","12.274","8.60271","China"
"9743","Ross Stores","ROST","12.2879","241.52","United States"
"9744","Arqit Quantum","ARQQ","12.2894","20.13","United Kingdom"
"9745","Energy Vault","NRGV","12.3084","3.64","United States"
"9746","Apollo Hospitals","APOLLOHOSP.NS","12.3292","92.3414","India"
"9747","Wyndham Hotels &amp; Resorts","WH","12.3436","74.35","United States"
"9748","The Cheesecake Factory","CAKE","12.4189","114.61","United States"
"9749","Aveanna Healthcare","AVAH","12.4203","13.7","United States"
"9750","Embention","ALUAV.PA","12.4299","42.6673","Spain"
"9751","Take-Two Interactive","TTWO","12.4355","233.5","United States"
"9752","DeFi Development","DFDV","12.4368","4.09","United States"
"9753","Caris Life Sciences","CAI","12.442","26.13","United States"
"9754","Butterfly Network","BFLY","12.4633","8.95","United States"
"9755","MaxLinear","MXL","12.536","62.78","United States"
"9756","Barfresh Food Group","BRFH","12.5373","1.29","United States"
"9757","Zymeworks","ZYME","12.5762","28.77","Canada"
"9758","Illumina","ILMN","12.5957","223.22","United States"
"9759","Linde India","LINDEINDIA.NS","12.6468","68.1016","India"
"9760","Apellis Pharmaceuticals","APLS","12.6595","41.03","United States"
"9761","Spinneys","SPINNEYS.AE","12.6689","0.343053","United Arab Emirates"
"9762","Sterling Infrastructure","STRL","12.7102","496.66","United States"
"9763","Tradegate Exchange","T2G.F","12.7136","94.4276","Germany"
"9764","Garden Reach Shipbuilders & Engineers Limited","GRSE.NS","12.7249","27.249","India"
"9765","AXT Inc","AXTI","12.7268","65.4","United States"
"9766","KONE","KNEBV.HE","12.748","61.2963","Finland"
"9767","Paycom","PAYC","12.7502","229.62","United States"
"9768","Newsmax","NMAX","12.7682","10.58","United States"
"9769","Electrical Industries Company (EIC)","1303.SR","12.7876","4.13115","Saudi Arabia"
"9770","Gaztransport & Technigaz","GTT.PA","12.7896","238.983","France"
"9771","Elm Company","7203.SR","12.7908","169.401","Saudi Arabia"
"9772","Sansan, Inc.","4443.T","12.7971","13.5147","Japan"
"9773","Zabka Group","ZAB.WA","12.8054","8.47414","Poland"
"9774","Costco","COST","12.8561","971.4","United States"
"9775","Centessa Pharmaceuticals","CNTA","12.8586","40.5","United Kingdom"
"9776","Constellation Oil Services Holding","QG21.F","12.865","14.7812","Luxembourg"
"9777","Kopin Corporation","KOPN","12.8775","4.74","United States"
"9778","Apar Industries","APARINDS.NS","12.8905","177.672","India"
"9779","Fisher & Paykel Healthcare","FPH.NZ","12.899","26.7437","New Zealand"
"9780","Tata Communications","TATACOMM.NS","12.9043","17.7745","India"
"9781","Neuronetics","STIM","12.908","2.89","United States"
"9782","BlackSky Technology","BKSY","12.9604","25.59","United States"
"9783","Rollins","ROL","12.975","37.26","United States"
"9784","Pop Mart International Group","9992.HK","13.0245","19.7992","China"
"9785","REA Group","REA.AX","13.0308","127.811","Australia"
"9786","KIOCL","KIOCL.NS","13.0384","3.97085","India"
"9787","ChemoMetec","CHEMM.CO","13.0481","77.4581","Denmark"
"9788","HUB24 Limited","HUB.AX","13.1179","55.9156","Australia"
"9789","Amprius Technologies","AMPX","13.1643","9.86","United States"
"9790","CECO Environmental","CECO","13.1653","71.3","United States"
"9791","Simon Property Group","SPG","13.2235","220.73","United States"
"9792","Rasan Information Technology Company","8313.SR","13.2695","38.3284","Saudi Arabia"
"9793","Cadence Design Systems","CDNS","13.2799","315.92","United States"
"9794","La Rosa Holdings","LRHC","13.3043","0.6085","United States"
"9795","Rockwell Automation","ROK","13.3435","429.69","United States"
"9796","Divis Laboratories","DIVISLAB.NS","13.36","90.4399","India"
"9797","Delta Electronics","2308.TW","13.3791","53.642","Taiwan"
"9798","Lundin Gold","LUG.TO","13.4175","75.6043","Canada"
"9799","Alignment Healthcare","ALHC","13.4657","13.43","United States"
"9800","BioArctic AB","BIOA-B.ST","13.4667","35.5099","Sweden"
"9801","HD Hyundai Electric","267260.KS","13.4858","519.254","South Korea"
"9802","Mobile Global Esports (Mogo)","MGAM","13.5155","0.001","United States"
"9803","International Container Terminal Services","ICTEF","13.5165","16.05","Philippines"
"9804","MercadoLibre","MELI","13.563","1947.9","Argentina"
"9805","Amphenol","APH","13.6104","155.55","United States"
"9806","Indian Telephone Industries","ITI.NS","13.626","2.9161","India"
"9807","Lasertec","6920.T","13.6356","219.386","Japan"
"9808","Talen Energy","TLN","13.6435","305.535","United States"
"9809","McMillan Shakespeare","MMS.AX","13.6565","14.5494","Australia"
"9810","Jubilant FoodWorks","JUBLFOOD.NS","13.6742","5.32964","India"
"9811","Gabler Group AG","XK4.F","13.7033","46.8641","Germany"
"9812","Axon Enterprise","AXON","13.7366","597.59","United States"
"9813","atai Life Sciences","ATAI","13.769","7.38","Germany"
"9814","Delek US","DK","13.8036","68.08","United States"
"9815","Spyre Therapeutics","SYRE","13.8066","106.65","United States"
"9816","ViTrox Corporation","0097.KL","13.8323","2.2269","Malaysia"
"9817","Kainos Group","KNOS.L","13.8484","16.9062","United Kingdom"
"9818","Mama's Creations","MAMA","13.858","16.5","United States"
"9819","India Tourism Development Corp","ITDC.NS","13.8635","7.12412","India"
"9820","MACOM Technology Solutions","MTSI","13.8671","257.43","United States"
"9821","Argan","AGX","13.8851","468.98","United States"
"9822","Guardian Metal Resources","GMTL","13.8944","12.39","United Kingdom"
"9823","Automated Systems Company KPSC","ASC.KW","13.9458","5057.06","Kuwait"
"9824","Softcat","SCT.L","13.9555","28.0635","United Kingdom"
"9825","Puuilo","PUUILO.HE","13.9701","19.7715","Finland"
"9826","IONOS Group","IOS.DE","13.9707","39.0767","Germany"
"9827","QNB Finans Finansal Kiralama (QNB Finansleasing)","QNBFK.IS","13.9741","0.889972","Turkey"
"9828","CarGurus","CARG","13.9774","37.21","United States"
"9829","Paysign","PAYS","14.0095","13.65","United States"
"9830","Pet Valu","PET.TO","14.0247","13.7239","Canada"
"9831","Adani Total Gas","ATGL.NS","14.0561","6.68112","India"
"9832","CDSL","CDSL.NS","14.08","14.545","India"
"9833","SML MAHINDRA LIMITED","SMLMAH.NS","14.0919","54.3935","India"
"9834","Texas Instruments","TXN","14.0944","258.94","United States"
"9835","Technoprobe","TPRO.MI","14.1615","32.4318","Italy"
"9836","Ryan Specialty","RYAN","14.1855","44.34","United States"
"9837","Victory Giant Technology","300476.SZ","14.1879","36.4444","China"
"9838","Saga","SAGA.L","14.1941","9.33179","United Kingdom"
"9839","Egetis Therapeutics AB","EGTX.ST","14.2046","0.803024","Sweden"
"9840","MediaTek","2454.TW","14.2883","117.165","Taiwan"
"9841","AMEC","688012.SS","14.2894","52.6605","China"
"9842","Actinium Pharmaceuticals","ATNM","14.2985","1.05","United States"
"9843","W. W. Grainger","GWW","14.3705","1321.9","United States"
"9844","Recruit","6098.T","14.381","104.232","Japan"
"9845","CapsoVision","CV","14.4299","5.83","United States"
"9846","Sterlite Technologies","STLTECH.NS","14.4347","6.81225","India"
"9847","Senseonics Holdings","SENS","14.4447","9.38","United States"
"9848","Fastenal","FAST","14.4618","51.28","United States"
"9849","Doosan Robotics","454910.KS","14.4832","50.6976","South Korea"
"9850","VIP Industries","VIPIND.NS","14.5005","3.13133","India"
"9851","Creotech Instruments","CRI.WA","14.5321","199.471","Poland"
"9852","Wendy’s","WEN","14.5845","8.84","United States"
"9853","LG Electronics India Ltd.","LGEINDIA.NS","14.5916","17.6847","India"
"9854","SG Micro","300661.SZ","14.6796","17.0864","China"
"9855","DigitalOcean","DOCN","14.6949","111.54","United States"
"9856","TG Therapeutics","TGTX","14.7024","56.01","United States"
"9857","Fujikura","5803.T","14.7033","33.2187","Japan"
"9858","Pidilite","PIDILITIND.NS","14.78","17.2145","India"
"9859","Utenos Trikotazas AB","UTR1L.VS","14.7824","0.466309","Lithuania"
"9860","LS ELECTRIC Co., Ltd.","010120.KS","14.7897","141.116","South Korea"
"9861","Lottomatica Group","LTMC.MI","14.8085","29.1443","Italy"
"9862","Celulosa Argentina","CELU.BA","14.8142","0.136514","Argentina"
"9863","Tasmea Limited","TEA.AX","14.8719","6.55937","Australia"
"9864","WALLIX Group","ALLIX.PA","14.8834","26.5796","France"
"9865","engcon AB","ENGCON-B.ST","14.9025","6.97779","Sweden"
"9866","Rakus Co., Ltd.","3923.T","14.907","6.91114","Japan"
"9867","Airbnb","ABNB","14.9155","190.21","United States"
"9868","Warner Music Group","WMG","14.9398","27.76","United States"
"9869","TJX Companies","TJX","14.9421","140.71","United States"
"9870","BMC Minerals","BMC.AX","14.9568","2.16738","Canada"
"9871","Ryvyl Inc.","RVYL","14.9625","7.81","United States"
"9872","Trevi Therapeutics","TRVI","14.9655","18.08","United States"
"9873","Williams-Sonoma","WSM","14.9731","237.77","United States"
"9874","Hindustan Copper","HINDCOPPER.NS","15.0291","5.59032","India"
"9875","SiTime","SITM","15.0739","580.97","United States"
"9876","Tenable","TENB","15.0779","33.94","United States"
"9877","029 Group","Z29.DE","15.1153","48.4962","Germany"
"9878","ATI Inc.","ATI","15.146","209.81","United States"
"9879","Alexander's, Inc.","ALX","15.1737","269.54","United States"
"9880","Southern Copper","SCCO","15.2538","214.25","United States"
"9881","Temenos","TEMN.SW","15.2673","93.5475","Switzerland"
"9882","Protagonist Therapeutics","PTGX","15.274","154.72","United States"
"9883","HeartFlow","HTFL","15.2776","50.2","United States"
"9884","Pandora","PNDORA.CO","15.3018","128.847","Denmark"
"9885","ActiveOps Plc","AOM.L","15.3156","2.63265","United Kingdom"
"9886","Innodata","INOD","15.325","57.13","United States"
"9887","99 Speed Mart Retail","5326.KL","15.3414","0.843746","Malaysia"
"9888","Andersen Group","ANDG","15.3507","34.82","United States"
"9889","Neuland Laboratories","NEULANDLAB.NS","15.3757","240.059","India"
"9890","Ebusco Holding","EBUS.AS","15.3977","0.294941","Netherlands"
"9891","Zhejiang Jinke Tom Culture Industry","300459.SZ","15.4154","0.525118","China"
"9892","Shopify","SHOP","15.4179","149.8","Canada"
"9893","Eve Holding, Inc.","EVEX","15.4184","2.48","United States"
"9894","Secuoya, Grupo de Comunicación, S.A.","SEC.MC","15.4726","33.1079","Spain"
"9895","Strawberry Fields REIT","STRW","15.5268","13.91","United States"
"9896","Haisco Pharmaceutical Group","002653.SZ","15.5416","9.56815","China"
"9897","Amylyx Pharmaceuticals","AMLX","15.5615","38.15","United States"
"9898","OTC Markets Group","OTCM","15.5641","55","United States"
"9899","Samsara","IOT","15.5883","40.33","United States"
"9900","Fonix Mobile","FNX.L","15.6276","2.35747","United Kingdom"
"9901","Erasca","ERAS","15.6426","17.6","United States"
"9902","Bonesupport Holding AB","BONEX.ST","15.6656","23.2803","Sweden"
"9903","2CRSI","AL2SI.PA","15.7179","31.6624","France"
"9904","SOPHiA GENETICS","SOPH","15.7444","8.45","Switzerland"
"9905","Lamar Advertising","LAMR","15.7937","152.68","United States"
"9906","Atoss","AOF.F","15.7942","113.197","Germany"
"9907","Humacyte","HUMA","15.8257","0.6622","United States"
"9908","Nexstim","NXTMH.HE","15.8288","10.7717","Finland"
"9909","Nelco","NELCO.NS","15.8297","9.69596","India"
"9910","Murphy USA","MUSA","15.8467","567.9","United States"
"9911","Shengyi Technology (SYTECH)","600183.SS","15.858","19.1899","China"
"9912","Sandisk","SNDK","15.8686","1493.12","United States"
"9913","Mips AB","MIPS.ST","15.8707","38.7514","Sweden"
"9914","Ferrari","RACE","15.8987","424.44","Italy"
"9915","Biohaven","BHVN","15.9558","13.68","United States"
"9916","Unimicron","3037.TW","15.9754","34.3497","Taiwan"
"9917","EDAP TMS","EDAP","16.0303","4.32","France"
"9918","Applied Materials","AMAT","16.0714","484.19","United States"
"9919","Nan Ya PCB","8046.TW","16.0782","36.3887","Taiwan"
"9920","Offcn Education","002607.SZ","16.1184","0.304955","China"
"9921","Dixon Technologies","DIXON.NS","16.1935","154.665","India"
"9922","Telomir Pharmaceuticals","TELO","16.2158","1.17","United States"
"9923","Western Digital","WDC","16.2161","435.38","United States"
"9924","Tesla","TSLA","16.2519","348.95","United States"
"9925","Hims &amp; Hers Health","HIMS","16.2526","31.08","United States"
"9926","BELIMO Holding","BEAN.SW","16.2764","1036.24","Switzerland"
"9927","Bravura Solutions","BVS.AX","16.3056","2.23891","Australia"
"9928","Glaukos","GKOS","16.3212","185.65","United States"
"9929","Blackboxstocks","BLBX","16.3328","18.15","United States"
"9930","CG Power and Industrial Solutions","CGPOWER.NS","16.3862","9.1934","India"
"9931","NusaTrip","NUTR","16.413","9","Indonesia"
"9932","Arcutis Biotherapeutics","ARQT","16.4233","24.78","United States"
"9933","Topicus","TOI.V","16.4806","74.8467","Canada"
"9934","Xometry","XMTR","16.5014","84.58","United States"
"9935","Texas Pacific Land Corporation","TPL","16.5549","373.45","United States"
"9936","The Magnum Ice Cream Company","MICC","16.5559","20.15","Netherlands"
"9937","Cummins India","CUMMINSIND.NS","16.574","54.5136","India"
"9938","DFI Retail Group","D01.SI","16.5777","3.64","Hong Kong"
"9939","Amicus Therapeutics","FOLD","16.5908","14.49","United States"
"9940","GE Vernova","GEV","16.6554","942.1","United States"
"9941","Gabriel India","GABRIEL.NS","16.7186","14.0727","India"
"9942","Silence Therapeutics","SLN","16.7205","13.29","United Kingdom"
"9943","Arcellx","ACLX","16.7325","115.07","United States"
"9944","G2 Goldfields","GTWO.TO","16.7433","6.98463","Canada"
"9945","Forgent Power Solutions","FPS","16.8205","32.19","United States"
"9946","Development Works Food Company","6013.SR","16.8316","24.7709","Saudi Arabia"
"9947","Autodesk","ADSK","16.8453","254.42","United States"
"9948","Xanadu Quantum Technologies Limited","XNDU","16.8809","10.45","Canada"
"9949","Asana","ASAN","16.9122","9.76","United States"
"9950","AppFolio","APPF","16.9543","225.1","United States"
"9951","Caliway Biopharmaceuticals","6919.TW","17.1014","3.30949","Taiwan"
"9952","Smartoptics Group","SMOP.OL","17.1226","4.94038","Norway"
"9953","Denison Mines","DNN","17.1245","3.54","Canada"
"9954","Ticketplus","TP","17.1255","8.075","Chile"
"9955","Monolithic Power Systems","MPWR","17.1725","1285.03","United States"
"9956","Manchester United","MANU","17.2005","23.7","United Kingdom"
"9957","Cencora","COR","17.2343","323.77","United States"
"9958","Hwatsing Technology","688120.SS","17.3045","39.0491","China"
"9959","Planet Labs","PL","17.326","21.57","United States"
"9960","Cintas","CTAS","17.3326","207.4","United States"
"9961","Accton Technology","2345.TW","17.3797","63.6803","Taiwan"
"9962","Lockheed Martin","LMT","17.3853","564.14","United States"
"9963","Sysco","SYY","17.4911","83.86","United States"
"9964","L1 Group","L1G.AX","17.5215","0.951359","Australia"
"9965","Arista Networks","ANET","17.5945","188.15","United States"
"9966","Jeld-Wen","JELD","17.6108","2.49","United States"
"9967","Accelleron Industries","ACLN.SW","17.6793","93.7341","Switzerland"
"9968","Celestica","CLS","17.705","294.57","Canada"
"9969","Automatic Data Processing","ADP","17.7051","283.01","United States"
"9970","(DIA) Distribuidora Internacional de Alimentación","DIA.MC","17.7585","45.4069","Spain"
"9971","Laurus Labs","LAURUSLABS.NS","18.0711","19.4901","India"
"9972","SiteMinder","SDR.AX","18.1289","2.43205","Australia"
"9973","Teradyne","TER","18.1463","364.9","United States"
"9974","Radico Khaitan","RADICO.NS","18.204","48.4119","India"
"9975","Ciena","CIEN","18.2042","371.95","United States"
"9976","SGS","SGSN.SW","18.2653","116.561","Switzerland"
"9977","Aduro Clean Technologies","ADUR","18.2762","15.24","Canada"
"9978","Milestone Scientific","MLSS","18.3698","0.473","United States"
"9979","Synektik Spólka Akcyjna","SNT.WA","18.4117","91.7513","Poland"
"9980","Capri Holdings","CPRI","18.509","13.68","United Kingdom"
"9981","Pershing Square Inc.","PS","18.5194","40.95","United States"
"9982","Polymetals Resources","POL.AX","18.5417","0.74392","Australia"
"9983","Rumble","RUM","18.5669","9.36","United States"
"9984","Summit Therapeutics","SMMT","18.6019","12.73","United Kingdom"
"9985","Silex Systems Limited","SLX.AX","18.8004","4.04149","Australia"
"9986","Avalon Technologies","AVALON.NS","18.8331","22.0667","India"
"9987","Codan Limited","CDA.AX","18.8475","35.7082","Australia"
"9988","PharmaEssentia","6446.TW","18.8674","46.7407","Taiwan"
"9989","Las Vegas Sands","LVS","18.9195","46.97","United States"
"9990","Sigma Lithium","SGML","18.9853","12.21","Canada"
"9991","Sherwin-Williams","SHW","18.9956","346.73","United States"
"9992","StorageVault Canada","SVI.TO","19.0015","3.22534","Canada"
"9993","TVS Motor","TVSMOTOR.NS","19.0144","46.0234","India"
"9994","Howmet Aerospace","HWM","19.0149","263.29","United States"
"9995","ABB India","ABB.NS","19.0766","79.626","India"
"9996","Arteche Lantegi Elkartea, S.A.","ART.MC","19.1193","34.2737","Spain"
"9997","Rush Street Interactive","RSI","19.206","26.42","United States"
"9998","BSE","BSE.NS","19.2636","34.4645","India"
"9999","Rocket Lab","RKLB","19.2809","68.28","United States"
"10000","Topps Tiles","TPT.L","19.2903","0.487705","United Kingdom"
"10001","Targa Resources","TRGP","19.3021","294.26","United States"
"10002","Kimberly-Clark","KMB","19.3146","111.37","United States"
"10003","Hebei Changshan Biochemical Pharmaceutical Co., Ltd.","300255.SZ","19.3811","3.58359","China"
"10004","Twist Bioscience","TWST","19.4008","140.8","United States"
"10005","Maris Tech","MTEK","19.4168","1.12","Israel"
"10006","Qantas Airways","QAN.AX","19.4388","6.61659","Australia"
"10007","Parabilis Medicines","PBLS","19.439","38.43","United States"
"10008","Broadcom","AVGO","19.4641","358.76","United States"
"10009","Alpha Tau Medical","DRTS","19.6019","14.7","Israel"
"10010","Semtech","SMTC","19.645","120.91","United States"
"10011","Wolters Kluwer","WKL.AS","19.6635","82.9797","Netherlands"
"10012","RELX","RELX","19.6912","36.39","United Kingdom"
"10013","Deterra Royalties","DRR.AX","19.7226","3.05436","Australia"
"10014","Games Workshop Group","GAW.L","19.7963","253.116","United Kingdom"
"10015","Sichuan Biokin Pharmaceutical","688506.SS","19.8102","39.2782","China"
"10016","General Electric","GE","19.8511","341.84","United States"
"10017","The Tel-Aviv Stock Exchange","TASE.TA","19.8681","39.1318","Israel"
"10018","Astronics Corporation","ATRO","19.8818","74.75","United States"
"10019","Carvolix","CVX.PA","19.8855","8.46351","France"
"10020","KIOXIA Holdings Corporation","285A.T","19.9583","321.767","Japan"
"10021","Hasbro","HAS","19.96","95.41","United States"
"10022","Caterpillar","CAT","19.9789","811.02","United States"
"10023","Chipotle Mexican Grill","CMG","19.9828","38.02","United States"
"10024","ATOM Corporation","7412.T","20.0035","2.40415","Japan"
"10025","Hochtief","HOT.F","20.0148","501.516","Germany"
"10026","Visa","V","20.0212","382.41","United States"
"10027","Greenland Energy Company","GLND","20.0932","1.49","United States"
"10028","Credo Technology","CRDO","20.1161","222.61","United States"
"10029","Comfort Systems USA","FIX","20.1247","1609.69","United States"
"10030","Sezzle","SEZL","20.1873","117.93","United States"
"10031","Datadog","DDOG","20.327","225.77","United States"
"10032","Hayat Communications Company","DIGITUS.KW","20.3438","5986.31","Kuwait"
"10033","Abivax","ABVX","20.3823","116.15","France"
"10034","Arrowhead Pharmaceuticals","ARWR","20.3977","86.73","United States"
"10035","Cadiz Inc.","CDZI","20.4479","3.77","United States"
"10036","IQM Quantum Computers","IQMX","20.4681","10.44","Finland"
"10037","Definium Therapeutics","DFTX","20.8502","43.27","United States"
"10038","3M India","3MINDIA.NS","20.8562","353.046","India"
"10039","Kodiak Sciences","KOD","20.8674","37.22","United States"
"10040","Corcept Therapeutics","CORT","20.8814","123.24","United States"
"10041","Ionis Pharmaceuticals","IONS","20.9804","62.04","United States"
"10042","R&S Group","RSGN.SW","21.018","25.3026","Switzerland"
"10043","Dare Bioscience","DARE","21.144","0.8015","United States"
"10044","Elauwit Connection","ELWT","21.2333","7.31","United States"
"10045","Inovio Pharmaceuticals","INO","21.3002","1.25","United States"
"10046","DraftKings","DKNG","21.3089","25.97","United States"
"10047","Trent Limited","TRENT.NS","21.3463","30.5632","India"
"10048","CXMT","688825.SS","21.4157","8.40486","China"
"10049","Hess Midstream","HESM","21.465","39.02","United States"
"10050","ESAB India","ESABINDIA.NS","21.5995","64.4029","India"
"10051","Filtronic","FTC.L","21.6013","3.38669","United Kingdom"
"10052","Wayi International Digital Entertainment","3086.TWO","21.618","0.82502","Taiwan"
"10053","Madrigal Pharmaceuticals","MDGL","21.7656","511.97","United States"
"10054","Lattice Semiconductor","LSCC","21.8611","114.15","United States"
"10055","Ather Energy","ATHERENERG.NS","22.0003","15.0528","India"
"10056","uniQure","QURE","22.0441","47.46","Netherlands"
"10057","Tempest Therapeutics","TPST","22.1335","1.1","United States"
"10058","Expedia Group","EXPE","22.1686","339.125","United States"
"10059","Dave Inc.","DAVE","22.2078","354.79","United States"
"10060","Kongsberg Gruppen","KOG.OL","22.2873","33.7664","Norway"
"10061","Moore Threads","688795.SS","22.299","79.2705","China"
"10062","U.S. GoldMining","USGO","22.4188","9.97","United States"
"10063","Aehr Test Systems","AEHR","22.6641","96.43","United States"
"10064","VAT Group","VACN.SW","22.8687","765.298","Switzerland"
"10065","Ingersoll Rand India","INGERRAND.NS","23.0007","48.0619","India"
"10066","Vertiv Holdings","VRT","23.1243","254.97","United States"
"10067","Vår Energi","VAR.OL","23.1354","5.18095","Norway"
"10068","Everpure","P","23.1508","100.44","United States"
"10069","Carvana","CVNA","23.2367","72.33","United States"
"10070","Versigent","VGNT","23.2617","46.96","Switzerland"
"10071","Hinge Health","HNGE","23.3049","89.98","United States"
"10072","Data#3 Limited","DTL.AX","23.5011","8.39056","Australia"
"10073","Symbotic","SYM","23.5803","40.03","United States"
"10074","Marico","MARICO.NS","23.6206","8.80681","India"
"10075","Chewy","CHWY","23.6466","24.5","United States"
"10076","Annovis Bio","ANVS","23.8514","1.75","United States"
"10077","CSPC Innovation Pharmaceutical","300765.SZ","23.8918","6.58852","China"
"10078","Jabil","JBL","24.0758","304.89","United States"
"10079","Impinj","PI","24.1266","161.01","United States"
"10080","Rare Earths Americas","REA","24.2413","14.35","United States"
"10081","Home Depot","HD","24.2509","337.43","United States"
"10082","Aura Minerals","AUGO","24.2657","87.37","United States"
"10083","Mirum Pharmaceuticals","MIRM","24.3227","96.72","United States"
"10084","Sectra AB","SECT-B.ST","24.369","29.153","Sweden"
"10085","Britannia Industries","BRITANNIA.NS","24.4618","55.9033","India"
"10086","TriSalus Life Sciences","TLSI","24.5683","5.11","United States"
"10087","Salik Company","SALIK.AE","24.5979","1.42394","United Arab Emirates"
"10088","Bending Spoons","BSP","24.6152","41.18","Italy"
"10089","Deep Value Driller","DVD.OL","24.6393","2.20169","Norway"
"10090","Frontdoor","FTDR","24.6793","82.75","United States"
"10091","OpGen","OPGN","24.7291","24.75","United States"
"10092","Alector","ALEC","24.7362","2.3","United States"
"10093","Illinois Tool Works","ITW","25.0368","283.95","United States"
"10094","Red Rock Resorts","RRR","25.0399","60.78","United States"
"10095","Lumentum","LITE","25.0441","830.17","United States"
"10096","REGENXBIO","RGNX","25.2223","8.055","United States"
"10097","Genasys","GNSS","25.2677","1.68","United States"
"10098","Kuke Music Holding","KUKE","25.295","1.39","China"
"10099","Page Industries","PAGEIND.NS","25.4961","371.435","India"
"10100","BBB Foods","TBBB","25.5507","50.82","Mexico"
"10101","iRhythm","IRTC","25.6102","125.25","United States"
"10102","Scholar Rock Holding","SRRK","25.6796","58.2","United States"
"10103","Nerdy, Inc,","NRDY","25.7671","10.32","United States"
"10104","NVIDIA","NVDA","25.8326","208.48","United States"
"10105","Megaport Limited","MP1.AX","25.8415","12.5322","Australia"
"10106","Abdulmohsen Al-Hokair Group for Tourism and Development Company","1820.SR","26.0571","0.567334","Saudi Arabia"
"10107","Technology One","TNE.AX","26.0857","23.7411","Australia"
"10108","Amgen","AMGN","26.1103","443.84","United States"
"10109","Pepco Group","PCO.WA","26.6001","11.4161","United Kingdom"
"10110","Zhongji Innolight","300308.SZ","26.6274","125.85","China"
"10111","Natera","NTRA","26.6282","327.72","United States"
"10112","Solar Industries India","SOLARINDS.NS","26.6848","206.802","India"
"10113","Yext","YEXT","26.7421","6.53","United States"
"10114","Brinker International","EAT","26.8249","253.94","United States"
"10115","ASML","ASML","26.832","1740.13","Netherlands"
"10116","SELLAS Life Sciences","SLS","26.9325","14.325","United States"
"10117","Swarmer","SWMR","26.9539","39.78","United States"
"10118","NetApp","NTAP","27.0981","186.86","United States"
"10119","InterGlobe Aviation (IndiGo)","INDIGO.NS","27.5416","54.3621","India"
"10120","Boeing","BA","27.7634","210.46","United States"
"10121","Ubiquiti","UI","27.848","553.11","United States"
"10122","3M","MMM","27.8827","179.01","United States"
"10123","Al Moammar Information Systems","7200.SR","27.8906","82.1969","Saudi Arabia"
"10124","Eoptolink Technology","300502.SZ","27.9511","59.6329","China"
"10125","Titan Company","TITAN.NS","27.9651","53.3925","India"
"10126","Hitachi Energy India","POWERINDIA.NS","27.9755","347.299","India"
"10127","Moody's","MCO","28.1757","511.35","United States"
"10128","VeriSilicon Microelectronics","688521.SS","28.1919","24.4693","China"
"10129","Race Oncology","RAC.AX","28.2297","1.51645","Australia"
"10130","Wiwynn","6669.TW","28.2303","202.02","Taiwan"
"10131","IDEXX Laboratories","IDXX","28.3631","559.51","United States"
"10132","PowerX, Inc.","485A.T","28.3637","12.2216","Japan"
"10133","CLEAR Secure","YOU","28.4118","44.7","United States"
"10134","Multi Commodity Exchange","MCX.NS","28.5393","34.2399","India"
"10135","Tempus AI","TEM","28.6725","66.17","United States"
"10136","Smiths News","SNWS.L","28.8341","0.937593","United Kingdom"
"10137","AudioEye","AEYE","28.9035","7.31","United States"
"10138","Medpace","MEDP","28.9247","620.03","United States"
"10139","Conexeu Sciences","CNXU","29.04","7.81","United States"
"10140","Chroma ATE Inc.","2360.TW","29.233","61.6413","Taiwan"
"10141","Box, Inc.","BOX","29.2543","33.47","United States"
"10142","Ascendis Pharma","ASND","29.2606","251.95","Denmark"
"10143","Delta Electronics (Thailand)","DELTA.BK","29.3042","7.63592","Thailand"
"10144","Biodesix","BDSX","29.3356","25.39","United States"
"10145","Alnylam Pharmaceuticals","ALNY","29.3666","236.01","United States"
"10146","Fortune Electric Co., Ltd.","1519.TW","29.518","22.492","Taiwan"
"10147","Netwealth","NWL.AX","29.7752","15.8941","Australia"
"10148","Live Nation","LYV","29.9971","184.59","United States"
"10149","Snowline Gold Corp.","SGD.TO","30.0489","13.493","Canada"
"10150","Thimar Development Holding Company","4160.SR","30.1254","9.33838","Saudi Arabia"
"10151","Revolution Medicines","RVMD","30.2345","211.58","United States"
"10152","Tharimmune","THAR","30.443","4.74","United States"
"10153","Arm Holdings","ARM","30.7768","238.78","United Kingdom"
"10154","Globalstar","GSAT","31.0325","82.11","United States"
"10155","Motorola Solutions","MSI","31.0919","481.52","United States"
"10156","Advantest","6857.T","31.1272","216.248","Japan"
"10157","Colgate-Palmolive India","COLPAL.NS","31.2432","19.5267","India"
"10158","Lyntris Inc.","LYNX","31.7713","15.03","United States"
"10159","Rhythm Pharmaceuticals","RYTM","32.1698","111.44","United States"
"10160","Astera Labs","ALAB","32.2282","277.53","United States"
"10161","Consensus Cloud Solutions","CCSI","32.2308","38.7","United States"
"10162","Netskope","NTSK","32.3109","14.04","United States"
"10163","Insperity","NSP","32.6476","52.14","United States"
"10164","Acadian Asset Management","AAMI","32.8123","91.9","United States"
"10165","Northern Dynasty Minerals","NAK","32.8351","1.78","Canada"
"10166","NeuroPace","NPCE","33.2224","13.99","United States"
"10167","Skeena Resources","SKE","33.8856","35.03","Canada"
"10168","Procter &amp; Gamble India","PGHH.NS","34.072","84.6254","India"
"10169","Schneider Electric Infrastructure","SCHNEIDER.NS","34.6688","11.9643","India"
"10170","BE Semiconductor","BESI.AS","34.8891","234.437","Netherlands"
"10171","HANMI Semiconductor","042700.KS","35.2247","157.076","South Korea"
"10172","APR Co., Ltd.","278470.KS","35.3441","318.124","South Korea"
"10173","Polaryx Therapeutics","PLYX","35.5836","1.87","United States"
"10174","Eli Lilly","LLY","35.626","1246.93","United States"
"10175","NRC Health","NRC","35.961","21.92","United States"
"10176","Dollarama","DOL.TO","36.2624","135.125","Canada"
"10177","Choice Hotels International","CHH","36.3928","111.12","United States"
"10178","Lam Research","LRCX","36.6679","310.17","United States"
"10179","Infas Holding AG","IFS.F","36.9511","7.81068","Germany"
"10180","Extreme Networks","EXTR","36.9832","22.38","United States"
"10181","Helios Towers","HTWS.L","37.0481","2.79","United Kingdom"
"10182","Nueva Expresión Textil","NXT.MC","37.4768","1.29867","Spain"
"10183","Captor Therapeutics","CTX.WA","37.9096","19.5682","Poland"
"10184","Similarweb","SMWB","38.0963","8.99","Israel"
"10185","Viking Holdings","VIK","38.2557","91.47","Bermuda"
"10186","Syntec Optics","OPTX","38.3024","8.29","United States"
"10187","Insmed","INSM","38.4122","123.98","United States"
"10188","TriNet","TNET","38.4936","69.6","United States"
"10189","Tapestry","TPR","38.6161","132.16","United States"
"10190","The Lottery Corporation","TLC.AX","38.8094","3.69099","Australia"
"10191","4DMedical Limited","4DX.AX","39.4054","2.77539","Australia"
"10192","KLA","KLAC","40.6877","181.57","United States"
"10193","eMemory Technology","3529.TWO","41.5036","68.8563","Taiwan"
"10194","CrowdStrike","CRWD","41.529","190.68","United States"
"10195","Syndax Pharmaceuticals","SNDX","41.663","19.57","United States"
"10196","eXoZymes","EXOZ","42.2128","6.95","United States"
"10197","AppLovin","APP","42.278","298.59","United States"
"10198","The Fertilisers And Chemicals Travancore Limited","FACT.NS","42.3378","9.16205","India"
"10199","Apple","AAPL","42.5309","310.34","United States"
"10200","SpaceX","SPCX","42.7713","135","United States"
"10201","HeartBeam","BEAT","42.8786","0.4832","United States"
"10202","Nestle Malaysia","4707.KL","42.899","25.733","Malaysia"
"10203","Forafric Global PLC","AFRI","43.7651","10.805","Gibraltar"
"10204","Alteogen","196170.KQ","44.9882","220.629","South Korea"
"10205","Sanara MedTech","SMTI","45.001","34.38","United States"
"10206","Rolls-Royce Holdings","RR.L","46.1303","20.8814","United Kingdom"
"10207","Sage Group","SGE.L","46.185","14.999","United Kingdom"
"10208","Rightmove","RMV.L","46.2275","7.00302","United Kingdom"
"10209","FTAI Aviation","FTAI","47.2093","198.42","United States"
"10210","Restoration Hardware","RH","47.6555","143.34","United States"
"10211","Lucid Diagnostics","LUCD","47.7372","1","United States"
"10212","Azerion Group","AZRN.AS","47.9022","1.22406","Netherlands"
"10213","Suzhou TFC Optical Communication","300394.SZ","48.0451","38.2458","China"
"10214","Parkin PJSC","PARKIN.AE","48.3927","1.54918","United Arab Emirates"
"10215","Griffon Corporation","GFF","48.6196","101.38","United States"
"10216","Greenwich LifeSciences","GLSI","48.9625","17.58","United States"
"10217","Atlassian","TEAM","49.3389","171.33","Australia"
"10218","Palantir","PLTR","49.3993","175.89","United States"
"10219","Kimberly-Clark de México","KIMBERA.MX","49.6903","2.338","Mexico"
"10220","AppTech Payments","APCX","50.2067","0.355","United States"
"10221","Cambricon Technologies","688256.SS","50.604","150.318","China"
"10222","GreenX Metals","GRX.AX","50.8568","0.74392","Australia"
"10223","Global Unichip Corp.","3443.TW","51.2788","174.729","Taiwan"
"10224","Harrow, Inc.","HROW","52.6266","39.8","United States"
"10225","Pulse Biosciences","PLSE","52.8535","49.13","United States"
"10226","Kaltura","KLTR","53.544","1.63","United States"
"10227","GoDaddy","GDDY","53.6478","100.52","United States"
"10228","Sunshine Silver Mining & Refining Company","SSMR","54.2958","18.94","United States"
"10229","Nuvectis Pharma","NVCT","54.797","23.87","United States"
"10230","Montage Gold Corp.","MAU.TO","55.388","15.0444","Canada"
"10231","Entera Bio","ENTX","55.408","3.42","Israel"
"10232","Halozyme Therapeutics","HALO","56.1403","108.64","United States"
"10233","Snowflake","SNOW","57.6761","322.78","United States"
"10234","Liquidia Corporation","LQDA","57.9282","70.27","United States"
"10235","Manhattan Associates","MANH","60.5798","213.18","United States"
"10236","Ingevity","NGVT","60.8109","68.81","United States"
"10237","Travere Therapeutics","TVTX","61.4314","65.22","United States"
"10238","Nykaa","NYKAA.NS","61.8156","3.48448","India"
"10239","Nestlé India","NESTLEIND.NS","62.7347","15.3244","India"
"10240","Blackbaud","BLKB","63.1447","48.07","United States"
"10241","Bloom Energy","BE","63.385","204.02","United States"
"10242","Jumia","JMIA","64.4436","6.49","Germany"
"10243","Cloudflare","NET","65.387","280.35","United States"
"10244","Proeduca Altus","PRO.MC","66.8288","38.6676","Spain"
"10245","Roblox","RBLX","67.3703","38.76","United States"
"10246","INNIO N.V.","INIO","70.2688","22.13","Germany"
"10247","Fortinet","FTNT","71.8955","151.99","United States"
"10248","Porch Group","PRCH","73.6172","17.06","United States"
"10249","Achieve Life Sciences","ACHV","76.5167","7.94","Canada"
"10250","Mastercard","MA","78.1737","599.86","United States"
"10251","Madison Square Garden Entertainment","MSGE","78.4298","79.59","United States"
"10252","Ocugen","OCGN","79.4471","1.36","United States"
"10253","Pro Medicus","PME.AX","84.2633","136.338","Australia"
"10254","Allergy Therapeutics","AGY.L","84.4259","0.0783925","United Kingdom"
"10255","Magnetic Resources NL","MAU.AX","85.5264","1.30668","Australia"
"10256","Meteoric Resources","MEI.AX","86.196","0.164521","Australia"
"10257","OVH Groupe","OVH.PA","89.698","18.7456","France"
"10258","Editas Medicine","EDIT","104.524","3","United States"
"10259","Sinda Ltd.","SIND","105.245","17.35","Mexico"
"10260","PT DCI Indonesia Tbk","DCII.JK","105.965","11.5052","Indonesia"
"10261","Oatly","OTLY","109.202","15.895","Sweden"
"10262","NervGen Pharma","NGEN.V","116.862","3.74562","Canada"
"10263","Xeris Pharmaceuticals","XERS","122.472","8.74","United States"
"10264","Precigen","PGEN","126.325","7.17","United States"
"10265","Solowin Holdings","SWIN","129.784","3.28","Hong Kong"
"10266","Avacta Group","AVCT.L","131.548","0.944806","United Kingdom"
"10267","Wiit S.p.A.","WIIT.MI","134.595","32.7582","Italy"
"10268","AnaptysBio","ANAB","135.743","58.44","United States"
"10269","Clorox","CLX","140.871","107.17","United States"
"10270","Establishment Labs","ESTA","145.27","72.06","Costa Rica"
"10271","Colgate-Palmolive","CL","151.807","92.55","United States"
"10272","Seagate Technology","STX","164.736","794.65","Ireland"
"10273","Turn Therapeutics","TTRX","165.658","9.68","United States"
"10274","Pacific Biosciences","PACB","168.159","1.28","United States"
"10275","Georg Fischer","GF.SW","168.557","69.2898","Switzerland"
"10276","PureCycle Technologies","PCT","178.877","6.61","United States"
"10277","Axsome Therapeutics","AXSM","197.099","205.4","United States"
"10278","Gartner","IT","202.028","202.78","United States"
"10279","Pacific Century Regional Developments","P15.SI","210.178","0.39336","Singapore"
"10280","Naseej International Trading Company","1213.SR","260.012","6.80268","Saudi Arabia"
"10281","SPAR Group","SGRP","312.865","0.65","United States"
"10282","D'Ieteren Group","DIE.BR","324.14","206.109","Belgium"
"10283","TechCreate Group","TCGL","407.9","172.84","Singapore"
"10284","Cheniere Energy
Partners","CQP","422.309","68.05","United States"
"10285","Arteris","AIP","428.919","22.61","United States"
"10286","Masco","MAS","534.67","73.21","United States"
"10287","Commvault","CVLT","725.197","131.13","United States"
"10288","OYAK Çimento","OYAKC.IS","1464.9","0.474097","Turkey"
"10289","Regencell Bioscience","RGC","2145.23","5.29","Hong Kong"
"10290","Tiziana Life Sciences","TLSA","2814.38","1.15","United Kingdom"
"10291","Grindr","GRND","3227.8","15.58","United States"
"10292","Charming Medical","MCTA","9047.99","29.355","Hong Kong"
"10293","Yesway, Inc.","YSWY","792737","25.42","United States"
"10294","Docebo","DCBO","-990.193","24.51","Canada"
"10295","MakeMyTrip","MMYT","-771.839","60.33","India"
"10296","Mettler Toledo","MTD","-669.22","1398.89","United States"
"10297","Workiva","WK","-333.113","74.88","United States"
"10298","Vogenx","VOGX","-326.176","30.73","United States"
"10299","NGL Energy Partners","NGL","-299.939","16.33","United States"
"10300","H&amp;R Block","HRB","-271.497","53.68","United States"
"10301","Cerebras Systems","CBRS","-226.274","185.43","United States"
"10302","Trustpilot Group","TRST.L","-222.713","3.92344","Denmark"
"10303","Dell","DELL","-199.361","433.19","United States"
"10304","BioLargo","BLGO","-193.371","0.11","United States"
"10305","HP","HPQ","-181.507","28.58","United States"
"10306","AIAI Holdings Corporation","AIAI","-156.668","5.31","United States"
"10307","Delek Logistics Partners","DKL","-154.524","53.88","United States"
"10308","IMC Rare Earths","IMC","-153.031","10.27","Brazil"
"10309","McDonald","MCD","-149.969","272.54","United States"
"10310","OBOOK Holdings Inc. (OwlTing)","OWLS","-137.52","5.57","Taiwan"
"10311","Amneal Pharmaceuticals","AMRX","-134.715","17.78","United States"
"10312","McKesson","MCK","-122.153","873.79","United States"
"10313","Guardant Health","GH","-120.935","163.18","United States"
"10314","IHS Towers","IHS","-118.776","8.32","United Kingdom"
"10315","Regis Healthcare","REG.AX","-119.335","4.34192","Australia"
"10316","Adlai Nortye","ANL","-109.574","14.16","Cayman Islands"
"10317","Signing Day Sports","SGN","-108.451","0.5401","United States"
"10318","TeraWulf","WULF","-99.5109","15.48","United States"
"10319","The Metals Company","TMC","-97.9683","4.735","Canada"
"10320","Aeva Technologies","AEVA","-92.4617","16.46","United States"
"10321","CMON","1792.HK","-89.3707","0.177752","Singapore"
"10322","Inhibrx Biosciences","INBX","-73.4239","104.94","United States"
"10323","KalVista Pharmaceuticals","KALV","-73.148","27","United States"
"10324","Lulu's Fashion Lounge","LVLU","-72.6372","13.28","United States"
"10325","AbbVie","ABBV","-70.6954","264.52","United States"
"10326","O'Reilly Automotive","ORLY","-68.7471","90.68","United States"
"10327","ADS-TEC Energy","ADSE","-67.3708","11.4","Ireland"
"10328","GMR Airports","GMRAIRPORT.NS","-65.4224","1.03751","India"
"10329","Smart Good Things Holding","MLSGT.PA","-62.3114","3.24751","France"
"10330","GoPro","GPRO","-59.231","0.6","United States"
"10331","Lee Enterprises","LEE","-58.0199","8.235","United States"
"10332","Sonim Technologies","SONM","-57.9246","3.23","United States"
"10333","Brookdale Senior Living","BKD","-53.0404","12.12","United States"
"10334","Z.AI","2513.HK","-53.1314","135.099","China"
"10335","Fervo Energy Company","FRVO","-48.0216","15.47","United States"
"10336","Appian","APPN","-47.5801","39.17","United States"
"10337","Match Group","MTCH","-43.9175","41.73","United States"
"10338","Rubrik","RBRK","-41.9248","98.04","United States"
"10339","Iron Mountain","IRM","-41.2493","121.19","United States"
"10340","Philip Morris International","PM","-40.8784","191.46","United States"
"10341","Halo Minerals PLC","HALO.L","-40.004","0.143027","United Kingdom"
"10342","Laser Photonics","LASE","-38.6591","1.31","United States"
"10343","Energys Group","ENGS","-36.8237","2.9","United Kingdom"
"10344","Altria Group","MO","-36.1681","68.47","United States"
"10345","Wix.com","WIX","-34.4922","84.42","Israel"
"10346","Winmark","WINA","-33.4949","350.81","United States"
"10347","Inventiva Pharma","IVA","-33.1359","4.7","France"
"10348","PTC Therapeutics","PTCT","-32.8636","71.06","United States"
"10349","Madison Square Garden Sports","MSGS","-32.8138","402.61","United States"
"10350","HCA Healthcare","HCA","-31.9753","429.24","United States"
"10351","Liberty Live Holdings","LLYVA","-31.7642","102.1","United States"
"10352","Satellogic","SATL","-31.797","5.28","United States"
"10353","The Oncology Institute","TOI","-31.496","5.13","United States"
"10354","Indivior PLC","INDV","-29.6509","36.18","United States"
"10355","NextNav","NN","-29.6276","15.79","United States"
"10356","Solaris Resources","SLSR","-28.687","8.64","Canada"
"10357","Nathan's Famous","NATH","-28.1712","97.86","United States"
"10358","Mayar Holding Company","9568.SR","-26.9914","0.93224","Saudi Arabia"
"10359","MediaAlpha","MAX","-26.9551","12.8","United States"
"10360","Japan Display","6740.T","-26.914","0.295026","Japan"
"10361","Standard Nuclear","STDN","-25.1364","11.94","United States"
"10362","Bombardier","BBD-B.TO","-24.9997","232.124","Canada"
"10363","Nutanix","NTNX","-24.841","66.68","United States"
"10364","Braveheart Bio","BRVE","-24.7851","27.5","United States"
"10365","Newron Pharmaceuticals","NWRN.SW","-24.6145","15.3756","Italy"
"10366","Kaival Brands Innovations","KAVL","-24.5823","0.026","United States"
"10367","MeiraGTx","MGTX","-24.5023","14.83","United States"
"10368","CPI Card Group","PMTS","-23.4482","28.49","United States"
"10369","OKYO Pharma","OKYO","-23.0489","1.5","United Kingdom"
"10370","Marriott International","MAR","-22.9541","360.2","United States"
"10371","Renalytix","RENX.L","-22.3257","0.0602425","United Kingdom"
"10372","MannKind Corp","MNKD","-22.1081","4.07","United States"
"10373","Omeros Corporation","OMER","-22.082","19.32","United States"
"10374","Travelzoo","TZOO","-21.8598","6.76","United States"
"10375","Rimini Street","RMNI","-21.5539","5.21","United States"
"10376","Neptune Insurance Holdings","NP","-21.3158","33.14","United States"
"10377","Verisk Analytics","VRSK","-21.2831","189.55","United States"
"10378","Oncolytics Biotech","ONCY","-20.9808","0.8441","Canada"
"10379","LightInTheBox Holding","LITB","-20.6236","2.92","Singapore"
"10380","Santhera Pharmaceuticals","SANN.SW","-20.4847","19.7047","Switzerland"
"10381","Nanobiotix","NBTX","-20.3021","39.66","France"
"10382","Cardinal Health","CAH","-20.2259","232.37","United States"
"10383","Evolus","EOLS","-20.1495","8.78","United States"
"10384","Coca-Cola Consolidated","COKE","-19.9237","192.6","United States"
"10385","Booking Holdings (Booking.com)","BKNG","-18.9509","213.36","United States"
"10386","UroGen Pharma","URGN","-18.1591","46.16","United States"
"10387","Aquestive Therapeutics","AQST","-17.6912","4.8","United States"
"10388","AutoZone","AZO","-17.6438","3009.44","United States"
"10389","Crossject","ALCJ.PA","-17.5499","1.6997","France"
"10390","Crown Castle","CCI","-16.9296","76.4","United States"
"10391","Unity Biotechnology","UBX","-16.8008","0.2001","United States"
"10392","RE/MAX Holdings","RMAX","-16.3513","12.36","United States"
"10393","Csquare, Inc.","CSQR","-16.0092","19.6","United States"
"10394","EagleRock Land","EROK","-15.9544","25.02","United States"
"10395","BRAIN Biotech","BNN.DE","-15.921","3.19422","Germany"
"10396","ChargePoint","CHPT","-15.8805","5.92","United States"
"10397","Moonpig Group","MOON.L","-15.4926","3.90709","United Kingdom"
"10398","electroCore","ECOR","-15.2959","9.65","United States"
"10399","P3 Health Partners","PIII","-15.0539","10.03","United States"
"10400","MSCI","MSCI","-14.9735","571.36","United States"
"10401","Honeywell Aerospace","HONA","-14.7924","161.2","United States"
"10402","Full House Resorts","FLL","-14.6578","2.14","United States"
"10403","Starbucks","SBUX","-14.4884","107.49","United States"
"10404","RideNow Group","RDNW","-14.28","5.93","United States"
"10405","Lindblad Expeditions","LIND","-13.3476","31.9","United States"
"10406","Trinity Place Holdings","TPHS","-13.2455","0.0367","United States"
"10407","AVITA Medical","RCEL","-13.23","9.91","United States"
"10408","Insight Molecular Diagnostics","IMDX","-13.2232","4.32","United States"
"10409","Lowe's Companies","LOW","-13.1312","216.98","United States"
"10410","Cytokinetics","CYTK","-12.966","77.09","United States"
"10411","Inspired Entertainment","INSE","-12.8178","6.03","United States"
"10412","Groupon","GRPN","-12.7777","19.63","United States"
"10413","Goosehead Insurance","GSHD","-12.7772","73","United States"
"10414","Alamar Biosciences","ALMR","-12.7429","32.7","United States"
"10415","Hilton Worldwide","HLT","-12.6619","330.07","United States"
"10416","ScottsMiracle-Gro","SMG","-12.3329","60.69","United States"
"10417","Soltec Power Holdings","SOL.MC","-12.3271","0.979249","Spain"
"10418","Fair Isaac (FICO)","FICO","-11.9865","1166.4","United States"
"10419","VeriSign","VRSN","-11.8763","290.785","United States"
"10420","Beyond Meat","BYND","-11.5398","14.15","United States"
"10421","Seaport Therapeutics","SPTX","-11.1486","24.08","United States"
"10422","Polar Resources AS","POLAR.OL","-11.1554","0.56911","Norway"
"10423","Ultragenyx Pharmaceutical","RARE","-11.073","25.72","United States"
"10424","Hemab Therapeutics Holdings","COAG","-10.9761","46.67","United States"
"10425","Wynn Resorts","WYNN","-10.863","99.41","United States"
"10426","NRx Pharmaceuticals","NRXP","-10.8114","3.45","United States"
"10427","Widam Food Company","WDAM.QA","-10.7415","0.390659","Qatar"
"10428","Ensysce Biosciences","ENSC","-10.4989","0.361","United States"
"10429","FC Porto","FCP.LS","-10.3786","3.38074","Portugal"
"10430","Rockpoint Gas Storage","RGSI.TO","-10.3323","18.681","Canada"
"10431","Airship AI","AISP","-10.2825","2.15","United States"
"10432","Amoéba S.A.","ALMIB.PA","-10.2225","0.820704","France"
"10433","Novavax","NVAX","-10.0953","8.86","United States"
"10434","FreeCast, Inc.","CAST","-9.99741","1.47","United States"
"10435","Peloton","PTON","-9.72449","5.36","United States"
"10436","Innate Pharma","IPHA","-9.6602","2.205","France"
"10437","ImmunityBio","IBRX","-9.24326","7.58","United States"
"10438","RingCentral","RNG","-9.19316","67.08","United States"
"10439","InterContinental Hotels Group","IHG","-8.76324","162.53","United Kingdom"
"10440","Perfect Moment","PMNT","-8.53102","0.11","United Kingdom"
"10441","Cielo Waste Solutions","CMC.V","-8.48291","0.0505087","Canada"
"10442","Planet Fitness","PLNT","-8.4617","53.86","United States"
"10443","Idaho Copper Corporation","COPR","-8.32961","3.16","United States"
"10444","Edenred","EDEN.PA","-8.32176","34.9266","France"
"10445","Vertical Aerospace","EVTL","-8.27249","0.7856","United Kingdom"
"10446","Game Your Game","GYGY","-8.24606","1.2","United States"
"10447","Heidelberg Pharma","HPHA.DE","-8.23164","2.91443","Germany"
"10448","Solocal Group","LOCAL.PA","-8.21496","4.8263","France"
"10449","CrossAmerica Partners","CAPL","-8.1904","23.48","United States"
"10450","Vor Biopharma","VOR","-8.18062","22.71","United States"
"10451","Cineplex","CGX.TO","-7.74044","9.19258","Canada"
"10452","Gaming Corps","GCOR.ST","-7.63103","0.083986","Sweden"
"10453","Solidion Technology","STI","-7.45381","7.24","United States"
"10454","Alta Equipment Group","ALTG","-7.34139","6.36","United States"
"10455","Youdao","DAO","-7.31236","16.72","China"
"10456","Avant Technologies Inc.","AVAI","-7.27037","0.132","United States"
"10457","TransDigm Group","TDG","-7.13954","1199.08","United States"
"10458","Etsy","ETSY","-7.0261","87.03","United States"
"10459","Saudi Cable Company","2110.SR","-7.02402","47.8106","Saudi Arabia"
"10460","BridgeBio Pharma","BBIO","-6.98522","81.07","United States"
"10461","Securitize Corp.","SECZ","-6.97327","6.35","United States"
"10462","Babcock &amp; Wilcox","BW","-6.65645","7.69","United States"
"10463","OS Therapies","OSTX","-6.65451","1.55","United States"
"10464","Alvotech","ALVO","-6.63553","5.25","Iceland"
"10465","Qatari German Company for Medical Devices","QGMD.QA","-6.57548","0.373352","Qatar"
"10466","All in! Games","ALG.WA","-6.43663","0.210027","Poland"
"10467","Kardigan, Inc.","KARD","-6.41966","20.64","United States"
"10468","Mauna Kea Technologies","ALMKT.PA","-6.37715","0.180695","France"
"10469","Median Technologies SA","ALMDT.PA","-6.35111","5.3509","France"
"10470","Blend Labs","BLND","-6.34504","1.5","United States"
"10471","Avalyn Pharma","AVLN","-6.32335","37.69","United States"
"10472","Cardlytics","CDLX","-6.2962","4.28","United States"
"10473","Garrett Motion","GTX","-6.19328","25.84","Switzerland"
"10474","The Arena Group","AREN","-6.11064","0.9522","United States"
"10475","Wild Bunch","WBAH.F","-6.06475","23.6783","Germany"
"10476","Lifecore Biomedical","LFCR","-6.05638","4.55","United States"
"10477","Charlotte's Web","CWEB.TO","-5.98667","0.331914","United States"
"10478","Yum! Brands","YUM","-5.89606","157.35","United States"
"10479","Priority Technology Holdings","PRTH","-5.73202","5.69","United States"
"10480","Lucid Motors","LCID","-5.65338","5.09","United States"
"10481","TELA Bio","TELA","-5.64529","0.654","United States"
"10482","Latigo Biotherapeutics","LTGO","-5.50813","22","United States"
"10483","Boohoo Group","DEBS.L","-5.39884","0.267679","United Kingdom"
"10484","Foghorn Therapeutics","FHTX","-5.33946","6.87","United States"
"10485","Calumet, Inc.","CLMT","-5.24772","47.32","United States"
"10486","PyroGenesis Canada","PYR.TO","-5.15858","0.147918","Canada"
"10487","Outlook Therapeutics","OTLK","-5.09704","0.609","United States"
"10488","Sutro Biopharma","STRO","-5.07944","20.49","United States"
"10489","Otis Worldwide","OTIS","-5.05621","72.19","United States"
"10490","MiniMax Group","0100.HK","-5.05051","38.2206","China"
"10491","Soho House & Co","SHCO","-5.04118","8.99","United States"
"10492","Kailera Therapeutics","KLRA","-4.96266","16.54","United States"
"10493","Pizza Pizza","PZA.TO","-4.93763","8.99776","Canada"
"10494","Zegona Communications","ZEG.L","-4.90448","21.8241","United Kingdom"
"10495","Mercer International","MERC","-4.8527","0.401","Canada"
"10496","Ispire Technology","ISPR","-4.85283","1.37","United States"
"10497","Wayfair","W","-4.79265","103.19","United States"
"10498","MiNK Therapeutics","INKT","-4.75465","11.82","United States"
"10499","Cimpress","CMPR","-4.69504","87.52","Ireland"
"10500","Cogent Communications","CCOI","-4.66617","9.49","United States"
"10501","Ardagh Metal Packaging","AMBP","-4.6084","5.32","Luxembourg"
"10502","ManyDev Studio","MAN.WA","-4.49343","0.166722","Poland"
"10503","BioCryst Pharmaceuticals","BCRX","-4.46621","9.68","United States"
"10504","ZipRecruiter","ZIP","-4.45665","4.54","United States"
"10505","Vodafone Idea","IDEA.NS","-4.45395","0.159335","India"
"10506","Lumen Technologies","LUMN","-4.43574","5.67","United States"
"10507","Scribe Therapeutics","SCTX","-4.42678","37.25","United States"
"10508","Travel + Leisure","TNL","-4.3802","73.12","United States"
"10509","Quantum Corporation","QMCO","-4.27282","21.56","United States"
"10510","Core Scientific","CORZ","-4.25028","17.27","United States"
"10511","LiveOne","LVO","-4.23791","3.83","United States"
"10512","SBA Communications","SBAC","-4.20792","185.07","United States"
"10513","CommScope","COMM","-4.06935","19.58","United States"
"10514","X-Energy, Inc.","XE","-4.03356","18.11","United States"
"10515","Lucky Strike Entertainment","LUCK","-4.00762","6.71","United States"
"10516","AMASS Brands Inc.","AMSS","-4.0023","1.01","United States"
"10517","Wingstop Restaurants","WING","-3.9829","116.84","United States"
"10518","The RealReal","REAL","-3.81564","11.27","United States"
"10519","Cooper Standard","CPS","-3.81476","26.51","United States"
"10520","Dropbox","DBX","-3.77014","34.88","United States"
"10521","United Parks &amp; Resorts","PRKS","-3.6429","44.77","United States"
"10522","Liftoff Mobile","LFTO","-3.62792","19.16","United States"
"10523","Grupo Aeromexico","AERO","-3.61871","14.41","Mexico"
"10524","FreightCar America","RAIL","-3.59168","7.15","United States"
"10525","VivoSim Labs","VIVS","-3.55788","0.292","United States"
"10526","Know Labs","KNW","-3.50474","2.24","United States"
"10527","MDxHealth","MDXH","-3.49661","0.7413","Belgium"
"10528","Phaos Technology Holdings","POAS","-3.48623","0.166","Singapore"
"10529","Kyntra Bio","KYNB","-3.47815","7.98","United States"
"10530","Opthea","OPT","-3.45633","3.41","Australia"
"10531","Bath &amp; Body Works","BBWI","-3.41639","19.17","United States"
"10532","Tessellis","TSL.MI","-3.31753","0.100723","Italy"
"10533","Lionsgate Studios","LION","-3.27503","11.55","United States"
"10534","AquaBounty Technologies","AQB","-3.17097","1.31","United States"
"10535","Ironwood Pharmaceuticals","IRWD","-3.1428","4.13","United States"
"10536","BlossomHill Therapeutics","BLSM","-3.0645","16.03","United States"
"10537","Herbalife","HLF","-3.03645","12.58","United States"
"10538","Galectin Therapeutics","GALT","-3.0045","3.88","United States"
"10539","Domino's Pizza","DPZ","-2.95535","349.01","United States"
"10540","STV Group plc","STVG.L","-2.86535","1.52578","United Kingdom"
"10541","Townsquare Media","TSQ","-2.86205","5.69","United States"
"10542","NEXT Biometrics Group ASA","NEXT.OL","-2.84033","0.0300719","Norway"
"10543","Inseego","INSG","-2.83637","4.39","United States"
"10544","Virgin Australia","VGN.AX","-2.82655","1.93133","Australia"
"10545","Leclanché","LECN.SW","-2.7647","0.104992","Switzerland"
"10546","Marti Technologies","MRT","-2.71585","2.12","Turkey"
"10547","flyExclusive","FLYX","-2.68339","1.28","United States"
"10548","Team Inc","TISI","-2.6707","22.97","United States"
"10549","Esperion Therapeutics","ESPR","-2.6612","3.18","United States"
"10550","Claritev","CTEV","-2.64463","36.58","United States"
"10551","Shimmick","SHIM","-2.62428","3.84","United States"
"10552","W&amp;T Offshore","WTI","-2.58657","3.8","United States"
"10553","Atara Biotherapeutics","ATRA","-2.54494","9.46","United States"
"10554","Pitney Bowes","PBI","-2.536","16.53","United States"
"10555","BellRing Brands","BRBR","-2.53439","10.85","United States"
"10556","Pierre et Vacances","VAC.PA","-2.51038","2.18466","France"
"10557","Merlin, Inc.","MRLN","-2.49195","3.43","United States"
"10558","Loop Industries","LOOP","-2.48847","0.6187","Canada"
"10559","Melco Resorts &amp; Entertainment","MLCO","-2.32091","5.46","Hong Kong"
"10560","GCT Semiconductor","GCTS","-2.31367","1.86","United States"
"10561","Bausch Health","BHC","-2.30893","6.68","Canada"
"10562","Odyssey Therapeutics","ODTX","-2.30797","25.15","United States"
"10563","Wynn Macau","1128.HK","-2.24139","0.745022","Macau"
"10564","Rent the Runway","RENT","-2.23699","3.55","United States"
"10565","American Airlines","AAL","-2.21306","13.63","United States"
"10566","Mobia Medical, Inc.","MOBI","-2.17632","10.98","United States"
"10567","GDEV Inc.","GDEV","-2.16449","10.8","Cyprus"
"10568","Phathom Pharmaceuticals","PHAT","-2.07922","8.66","United States"
"10569","Rein Therapeutics","RNTX","-2.06541","0.8","United States"
"10570","Cartesian Therapeutics","RNAC","-2.05491","10.06","United States"
"10571","SCHMID Group","SHMD","-2.0516","4.85","Germany"
"10572","Omaxe","OMAXE.NS","-2.03285","1.042","India"
"10573","Mobico Group","MCG.L","-2.02902","0.313352","United Kingdom"
"10574","Cryo-Cell International","CCEL","-1.99324","4.39","United States"
"10575","Playtika","PLTK","-1.99316","2.42","Israel"
"10576","Noodles &amp; Company","NDLS","-1.94861","15.69","United States"
"10577","Wallbox","WBX","-1.91634","2.92","Spain"
"10578","VinFast Auto","VFS","-1.90328","3.09","Vietnam"
"10579","Kidpik","PIK","-1.88214","2.38","United States"
"10580","Boxlight","BOXL","-1.81534","5.47","United States"
"10581","Papa John's Pizza","PZZA","-1.81223","24.08","United States"
"10582","Red Robin","RRGB","-1.79546","10.13","United States"
"10583","Playground Ventures","PLAY.CN","-1.78385","0.00721553","Canada"
"10584","Lakewood-Amedex Biotherapeutics","LABT","-1.77623","2.13","United States"
"10585","Eagle Football Group","EFG.PA","-1.73742","2.0401","France"
"10586","Tullow Oil","TLW.L","-1.69749","0.28092","United Kingdom"
"10587","NextNRG","NXXT","-1.68389","0.2207","United States"
"10588","Borealis Foods","BRLS","-1.6639","1.76","Canada"
"10589","ECARX Holdings","ECX","-1.64817","1.09","China"
"10590","Reading International","RDI","-1.641","1.82","United States"
"10591","Sangamo Therapeutics","SGMO","-1.61738","0.074","United States"
"10592","Avis Budget Group","CAR","-1.58094","146.88","United States"
"10593","Dine Brands Global","DIN","-1.57672","36.12","United States"
"10594","Clipper Realty","CLPR","-1.52516","3.43","United States"
"10595","Sow Good","SOWG","-1.51908","0.1099","United States"
"10596","Agenus","AGEN","-1.51425","7.67","United States"
"10597","Century Casinos","CNTY","-1.47099","1.27","United States"
"10598","Upexi","UPXI","-1.46429","1.035","United States"
"10599","Eos Energy Enterprises","EOSE","-1.4509","3.46","United States"
"10600","Surf Air Mobility","SRFM","-1.43886","0.6586","United States"
"10601","New Fortress Energy","NFE","-1.42932","0.2754","United States"
"10602","Mesa Air","MESA","-1.42021","1.4","United States"
"10603","Ascend Wellness (AWH)","AAWH","-1.39468","0.52","United States"
"10604","Cenomi Retail (Fawaz Abdulaziz Al Hokair &amp; Company)","4240.SR","-1.37666","4.98082","Saudi Arabia"
"10605","Snail Inc","SNAL","-1.33966","2.95","China"
"10606","Exyn Technologies","EXYN","-1.27727","2.3","United States"
"10607","AMC Entertainment","AMC","-1.23709","2.67","United States"
"10608","Idorsia","IDIA.SW","-1.22858","6.76726","Switzerland"
"10609","Sequana Medical","SEQUA.BR","-1.20585","0.712287","Belgium"
"10610","T-Bull","TBL.WA","-1.14887","0.405979","Poland"
"10611","Vaccinex","VCNX","-1.12961","1.05","United States"
"10612","GenSight Biologics","SIGHT.PA","-1.11389","0.137328","France"
"10613","Greenidge Generation Holdings","GREE","-1.02609","2.84","United States"
"10614","Torrid Holding","CURV","-1.01436","2.16","United States"
"10615","Lunai Bioworks","LNAI","-1.01086","2.13","United States"
"10616","BrainStorm Cell Therapeutics","BCLI","-1.00234","1","United States"
"10617","Hertz","HTZ","-0.993166","2.19","United States"
"10618","Martin Midstream Partners","MMLP","-0.983297","2.33","United States"
"10619","Skillsoft","SKIL","-0.97785","7.94","United States"
"10620","SunPower","SPWR","-0.970714","0.2857","United States"
"10621","Enviri Corporation","NVRI","-0.965639","21.12","United States"
"10622","BeyondSpring","BYSI","-0.960736","0.7092","United States"
"10623","Domo, Inc.","DOMO","-0.949333","3.76","United States"
"10624","VivoPower","VVPR","-0.916653","2.07","United Kingdom"
"10625","Minerva Neurosciences","NERV","-0.904146","4.81","United States"
"10626","Sabre","SABR","-0.899461","2.26","United States"
"10627","Katapult Holdings","KPLT","-0.887735","5.7","United States"
"10628","BayWa","BYW.F","-0.859601","10.049","Germany"
"10629","KORE Group","KORE","-0.85118","9.25","United States"
"10630","Vivid Seats","SEAT","-0.824895","7","United States"
"10631","Beasley Broadcast Group","BBGI","-0.793118","19.72","United States"
"10632","GOL Airlines","GOLL54.SA","-0.761124","1.85711","Brazil"
"10633","Odyssey Marine Exploration","OMEX","-0.743518","0.8993","United States"
"10634","Energy Resources of Australia","ERA.AX","-0.743072","0.00143062","Australia"
"10635","Atos","ATO.PA","-0.696936","33.4111","France"
"10636","Xponential Fitness","XPOF","-0.680244","5.11","United States"
"10637","Unisys","UIS","-0.674056","2.63","United States"
"10638","Rackspace Technology","RXT","-0.653574","3.12","United States"
"10639","LivePerson","LPSN","-0.644464","2.69","United States"
"10640","Deezer","DEEZR.PA","-0.634883","1.3931","France"
"10641","The InterGroup Corporation","INTG","-0.628748","33.34","United States"
"10642","Predilife","ALPRE.PA","-0.627876","1.29401","France"
"10643","Armata Pharmaceuticals","ARMP","-0.616943","5.17","United States"
"10644","Jushi Holdings","JUSHF","-0.610249","0.41193","United States"
"10645","Celularity","CELU","-0.589231","0.7748","United States"
"10646","AEON Biopharma","AEON","-0.587802","0.1974","United States"
"10647","Wellgistics Health","WGRX","-0.587374","3.52","United States"
"10648","Tucows","TCX","-0.571661","9.27","Canada"
"10649","ADC Therapeutics","ADCT","-0.569432","0.9651","Switzerland"
"10650","Altisource Portfolio Solutions","ASPS","-0.567667","5.45","Luxembourg"
"10651","Lotus Technology","LOT","-0.555439","1.14","China"
"10652","GrafTech","EAF","-0.55273","6.46","United States"
"10653","iRobot","IRBT","-0.55212","0.4664","United States"
"10654","The Children's Place","PLCE","-0.54124","2.61","United States"
"10655","SpiceJet","SPICEJET.BO","-0.54095","0.111901","India"
"10656","PopReach","INIK.V","-0.533603","0.0505087","Canada"
"10657","Gossamer Bio","GOSS","-0.529766","0.175","United States"
"10658","ProPhase Labs","PRPH","-0.507901","0.02","United States"
"10659","IM Cannabis","IMCC","-0.484361","0.1095","Israel"
"10660","Lanvin Group","LANV","-0.460446","1.09","China"
"10661","Embecta","EMBC","-0.451575","4.99","United States"
"10662","Cyabra, Inc.","CYAB","-0.441387","0.3022","United States"
"10663","Community Health Systems","CYH","-0.439832","3.01","United States"
"10664","NaaS Technology","NAAS","-0.438427","3.28","China"
"10665","System1","SST","-0.430715","1.93","United States"
"10666","Aemetis","AMTX","-0.424741","1.89","United States"
"10667","INNOVATE Corp.","VATE","-0.422745","7.49","United States"
"10668","Wheels Up","UP","-0.394937","5.07","United States"
"10669","Jack in the Box","JACK","-0.370877","17.83","United States"
"10670","Polestar","PSNY","-0.364366","12.88","Sweden"
"10671","Tata Teleservices","TTML.NS","-0.360138","0.392853","India"
"10672","KLX Energy Services","KLXE","-0.357242","1.5","United States"
"10673","Clear Channel Outdoor","CCO","-0.34943","2.36","United States"
"10674","Tele Columbus","TC1.HM","-0.341105","0.477967","Germany"
"10675","Norse Atlantic ASA","NORSE.OL","-0.331961","0.0321661","Norway"
"10676","Cambium Networks","CMBM","-0.31506","0.401","United States"
"10677","HUB Cyber Security","HUBC","-0.304076","0.7484","Israel"
"10678","Jaguar Health","JAGX","-0.299231","0.912","United States"
"10679","VERSES AI","VERS.NE","-0.297594","0.27419","Canada"
"10680","GTL Infrastructure","GTLINFRA.NS","-0.292687","0.0127468","India"
"10681","Tubos Reunidos","TRG.MC","-0.288757","0.167638","Spain"
"10682","Spencer's Retail","SPENCERS.NS","-0.283514","0.30979","India"
"10683","Wolford","WOL.VI","-0.278935","2.54138","Austria"
"10684","DataMEDS AI","MEDS","-0.264267","1.3","United States"
"10685","Southland Holdings","SLND","-0.257912","0.7611","United States"
"10686","Alok Industries","ALOKINDS.NS","-0.254567","0.117856","India"
"10687","Urgent.ly Inc.","ULY","-0.253774","5.38","United States"
"10688","REC Silicon","RECSI.OL","-0.247444","0.024446","Norway"
"10689","Maternus-Kliniken","MAK.DE","-0.242732","1.09583","Germany"
"10690","zSpace","ZSPC","-0.226407","0.155","United States"
"10691","BioXcel Therapeutics","BTAI","-0.225604","0.7606","United States"
"10692","MarketWise","MKTW","-0.225244","18.3","United States"
"10693","Postmedia Network Canada","PNC-A.TO","-0.217397","0.714337","Canada"
"10694","Iterum Therapeutics","ITRM","-0.216603","0.03","Ireland"
"10695","iHeartMedia","IHRT","-0.215833","2.68","United States"
"10696","Adaptimmune Therapeutics","ADAP","-0.20507","0.0549","United Kingdom"
"10697","Stem, Inc","STEM","-0.19769","5.46","United States"
"10698","Direct Digital Holdings","DRCT","-0.194055","2.35","United States"
"10699","Accendra Health","ACH","-0.191945","1.16","United States"
"10700","TH International (Tims China)","THCH","-0.191574","1.15","China"
"10701","Staffing 360 Solutions","STAF","-0.18139","1.615","United States"
"10702","SurgePays","SURG","-0.178299","0.1694","United States"
"10703","Advent Technologies","ADN","-0.170014","0.9185","United States"
"10704","Akanda","AKAN","-0.167118","3.705","United Kingdom"
"10705","EUDA Health","EUDA","-0.162171","0.3661","Singapore"
"10706","VolitionRx","VNRX","-0.15998","0.391","United States"
"10707","Victoria PLC","VCP.L","-0.159493","0.787412","United Kingdom"
"10708","Karyopharm Therapeutics","KPTI","-0.158811","1.86","United States"
"10709","Scilex Holding","SCLX","-0.156715","5.66","United States"
"10710","SolarMax Technology","SMXT","-0.154887","0.3726","United States"
"10711","CASI Pharmaceuticals","CASI","-0.149124","0.2075","United States"
"10712","BioAtla","BCAB","-0.146474","3.28","United States"
"10713","Braskem","BAK","-0.132997","1.84","Brazil"
"10714","Local Bounti","LOCL","-0.132647","1.01","United States"
"10715","GoHealth","GOCO","-0.129925","0.305","United States"
"10716","Lavoro","LVRO","-0.125227","0.304","Brazil"
"10717","Dish TV","DISHTV.NS","-0.122338","0.0286281","India"
"10718","Trinity Biotech","TRIB","-0.116691","10.33","Ireland"
"10719","MBIA","MBI","-0.109961","4.91","United States"
"10720","Jaypee Group","JPASSOCIAT.NS","-0.105584","0.0256397","India"
"10721","Vantiva","VANTI.PA","-0.0950995","0.110282","France"
"10722","The Cannabist Company","CBSTF","-0.0946456","0.0291","United States"
"10723","Unitech Group","UNITECH.NS","-0.0910783","0.0421064","India"
"10724","Duro Felguera","MDF.MC","-0.0712317","0.287946","Spain"
"10725","Playgon Games","DEAL.V","-0.0658032","0.00360776","Canada"
"10726","Tevogen Bio","TVGN","-0.0637966","0.1551","United States"
"10727","Optimum Communications","OPTU","-0.0634366","0.8599","United States"
"10728","Synergy CHC","SNYR","-0.0612881","0.1045","United States"
"10729","Lazydays Holdings","GORV","-0.0598085","0.4211","United States"
"10730","Viracta Therapeutics","VIRX","-0.0587423","0.00978","United States"
"10731","Nok Air","NOKPF","-0.0582921","0.0051","Thailand"
"10732","Carisma Therapeutics","CARM","-0.057917","0.0012","United States"
"10733","Hydrofarm","HYFM","-0.0561221","0.9099","United States"
"10734","Mahanagar Telephone Nigam","MTNL.NS","-0.0544905","0.277714","India"
"10735","PaxMedica","PXMD","-0.0522948","0.0008","United States"
"10736","Ashford Hospitality Trust","AHT","-0.0508193","3.33","United States"
"10737","Maxeon Solar Technologies","MAXN","-0.0399727","0.7593","Singapore"
"10738","Clearside Biomedical","CLSD","-0.0397766","0.41","United States"
"10739","Allurion Technologies","ALUR","-0.0258098","2.01","United States"
"10740","Purple Innovation","PRPL","-0.0209689","0.2897","United States"
"10741","Maximum Entertainment","8R7.F","-0.0205113","0.0265796","Sweden"
"10742","ATI Physical Therapy","ATIP","-0.017376","0.675","United States"
"10743","Leafly Holdings","LFLY","-0.0139146","37","United States"
"10744","TPI Composites","TPIC","-0.0127589","0.1271","United States"
"10745","Evofem Biosciences","EVFM","-0.0119504","0.007","United States"
"10746","Leslie's","LESL","-0.010045","0.5806","United States"
"10747","Trinseo","TSE","-0.00960832","0.23","United States"
"10748","Freeze Tag","FRZT","-0.00913157","0.0001","United States"
"10749","Cutera","CUTR","-0.00773513","0.0969","United States"
"10750","Sleep Number","SNBR","-0.00460009","0.125","United States"
"10751","Xiao-I","AIXI","-0.00401721","0.4576","China"
"10752","Loop Media","LPTV","-0.00388119","0.0007","United States"
"10753","Ocean Biomedical","OCEA","-0.00377219","0.0015","United States"
"10754","Sonder Holdings","SOND","-0.00255938","0.1263","United States"
"10755","Reliance Communications","RCOM.NS","-0.00213232","0.00856755","India"
"10756","Lyra Therapeutics","LYRA","-0.00165606","0.01","United States"
"10757","T2 Biosystems","TTOO","-0.00143698","0.0006","United States"
"10758","QVC Group","QVCGA","-0.00134922","0.34","United States"
"10759","Remark Holdings","MARK","-0.00133565","0.0012","United States"
"10760","Stryve Foods","SNAX","-0.000751367","0.0011","United States"
"10761","Trevena","TRVN","-0.000407611","0.011","United States"
"10762","Syros Pharmaceuticals","SYRS","-0.000241212","0.0001","United States"
"10763","4Front Ventures","FFNTF","-0.000188884","1.0E-5","United States"
"10764","Viveve Medical","VIVE","0.00181081","0.0002","United States"
"10765","Vertex Energy","VTNR","0.0376081","0.0521","United States"
"10766","ToughBuilt Industries","TBLT","-0.00490678","0.011","United States"
"10767","Titan Medical","TMD.TO","1.36477","0.0326591","Canada"
"10768","Tapinator","TAPM","0.515655","0.247","United States"
"10769","SPI Energy","SPI","1.51271","0.766","United States"
"10770","ShiftPixy","PIXY","-0.0557722","6.53","United States"
"10771","SeaChange International","SEAC","0.27327","3.25","United States"
"10772","Qiwi","QIWI.ME","","2.56","Cyprus"
"10773","Nymox Pharmaceutical","NYMX","-6.34446","0.2","Bahamas"
"10774","Luna Innovations","LUNA","0.550094","1.5","United States"
"10775","LMP Automotive Holdings","LMPX","0.0265944","0.09","United States"
"10776","Hallmark Financial Services","HALL","-0.0187279","0.08","United States"
"10777","Exela Technologies","XELA","-3.35918E-5","0.0011","United States"
"10778","Esports Entertainment","GMBL","-0.00521043","0.089","Malta"
"10779","DIRTT Environmental Solutions","DRTT","2.97525","0.3343","Canada"
"10780","Veradigm","MDRX","0.507726","4.74","United States"
"10781","Allied Esports","AESE","","1.3899","United States"
"10782","Impac Mortgage Holdings","IMPM","-0.0315167","0.01","United States"
"10783","Ampio Pharmaceuticals","AMPE","0.0618702","0.1831","United States"
"10784","Almaden Minerals","AAU","4.40124","0.1465","Canada"
"10785","Global Cord Blood","CORBF","0.182461","1.05","Hong Kong"
"10786","Mallinckrodt Pharmaceuticals","MNK","0.00722895","0.3402","United Kingdom"
"10787","Mechel PAO","MTLR.ME","","0.43","Russia"
"10788","Camber Energy","CEI","5.39215","0.0954","United States"
"10789","First National Financial","FN.TO","","35.0708","Canada"
"10790","WiseTech Global","WTC.AX","11.0781","32.525","Australia"
"10791","VIP Gloves","VIP.AX","","0.00214592","Malaysia"
"10792","Toro Energy","TOE.AX","2.31141","0.38985","Australia"
"10793","Mineral Resources","MIN.AX","3.95892","47.6967","Australia"
"10794","iCandy Interactive","ICI.AX","0.310042","0.0112852","Australia"
"10795","Evolution Mining","EVN.AX","8.38967","11.3591","Australia"
"10796","Deep Yellow","DYL.AX","3.03232","1.27682","Australia"
"10797","Brambles","BXB.AX","5.75563","13.9056","Australia"
"10798","Alligator Energy","AGE.AX","3.32185","0.0329041","Australia"
"10799","NantHealth","NHIQ","-0.0013177","0.012","United States"
"10800","Eagle Pharmaceuticals","EGRX","0.0130511","0.25","United States"
"10801","Calithera Biosciences","CALA","2.38819E-5","0.0001","United States"
"10802","USD Partners","USDP","-6.20305E-5","0.0002","United States"
"10803","PREIT (Pennsylvania Real Estate Investment Trust)","PRET","-0.00974478","0.4974","United States"
"10804","Pampa Energía","PAM","","80.56","Argentina"
"10805","Mobile TeleSystems","MTSS.ME","","2.1","Russia"
"10806","Itaú CorpBanca","ITCLY","0.583585","3.1","Chile"
"10807","GasLog Partners LP","GLOP-PA","0.769646","25.5","Greece"
"10808","First American Financial Corporation","FAF","","72.26","United States"
"10809","Enviva","EVA","-0.194854","0.4198","United States"
"10810","CorEnergy Infrastructure Trust","CORR","0.00710307","0.0198","United States"
"10811","Central Puerto","CEPU","","13.32","Argentina"
"10812","Azure Power","AZREF","0.163156","1","India"
"10813","Rosseti","RSTI.ME","","0","Russia"
"10814","PhosAgro","PHOR.ME","","59.35","Russia"
"10815","Magnit","MGNT.ME","","18.19","Russia"
"10816","Severstal","CHMF.ME","","7.14","Russia"
"10817","Novolipetsk Steel","NLMK.ME","","0.81","Russia"
"10818","Polyus","PLZL.ME","","13.58","Russia"
"10819","The Tinplate Company Of India","TINPLATE.NS","","4.49796","India"
"10820","Tatneft","TATN.ME","","6.16","Russia"
"10821","Power Financial","PWF-PS.TO","0.540706","15.7713","Canada"
"10822","Surgutneftegas","SNGS.ME","","0.18","Russia"
"10823","İşbir Holding","ISBIR.IS","0.733745","1.53874","Turkey"
"10824","Welspun India","WELSPUNIND.NS","3.60567","1.91","India"
"10825","OCBC Bank","O39.SI","","24.7738","Singapore"
"10826","Novatek","NVTK.ME","","10.95","Russia"
"10827","Nornickel","GMKN.ME","2.91372","1.43","Russia"
"10828","Rosneft","ROSN.ME","","3.65","Russia"
"10829","Lukoil","LKOH.ME","","49.4","Russia"
"10830","Sberbank","SBER.ME","","3.19","Russia"
"10831","Gazprom","GAZP.ME","","0.98","Russia"
"10832","Future Retail","FRETAIL.NS","-0.0785831","0.023822","India"
"10833","Capstone Infrastructure","CSE-PA.TO","21.2376","16.2759","Canada"
"10834","MEP Infrastructure","MEP.NS","-0.00823606","0.00720928","India"
"10835","Hindustan Sanitaryware &amp; Industries","HSIL.NS","","3.77","India"
"10836","Srei Infrastructure Finance","SREINFRA.NS","-0.00616843","0.03","India"
"10837","Ebixcash India","EBIXFOREX.NS","","7.31","India"
"10838","Gati","GATI.NS","2.6169","1.65","India"
"10839","Proximus","PROX.VI","","7.26276","Belgium"
"10840","SCB (Siam Commercial Bank)","SCB.BK","","4.70373","Thailand"
"10841","Hinduja Ventures","NXTDIGITAL.NS","5.82508","1.43","India"
"10842","X5 Retail Group","FIVE.ME","","32.42","Netherlands"
"10843","Goodman Property Trust","GMT.NZ","0.931449","1.12303","New Zealand"
"10844","Jump Networks","JUMPNET.NS","","0.12","India"
"10845","Pollux Properti Indonesia","POLL.JK","","0.00690974","Indonesia"
"10846","Tunas Ridean","TURI.JK","","0.1","Indonesia"
"10847","United Heavy Machinery","OMZZP.ME","","112.36","Russia"
"10848","Pershing Square Holdings","PSHZF","","56.685","United States"
"10849","Delegat","DGL.NZ","0.742481","2.48973","New Zealand"
"10850","Synlait Milk","SML.NZ","0.379279","0.226339","New Zealand"
"10851","Bakhu Holdings","BKUH","-0.589179","0.02","United States"
"10852","Novo Integrated Sciences","NVOS","0.00122506","0.0006","United States"
"10853","iEntertainment Network","IENT","-9.53075","0.0067","United States"
"10854","Greene Concepts","INKW","","0.0059","United States"
"10855","Wearable Health Solutions","WHSI","-0.0590664","0.0001","United States"
"10856","Trulite","TRUL","-0.203122","0.0001","United States"
"10857","Ozon","OZON.ME","","27.63","United States"
"10858","Solar Integrated Roofing","SIRC","0.011905","0.0001","United States"
"10859","Wolverine Energy and Infrastructure","WEII.V","0.452367","0.03","Canada"
"10860","Kuuhubb","KUU.V","-0.0666735","0.01","Canada"
"10861","ALBA SE","ABA.F","0.533402","8.08808","Germany"
"10862","Aurelius Group","AR4.DE","0.842028","19.24","Germany"
"10863","UmweltBank","UBK.DE","","4.47657","Germany"
"10864","McPhy Energy","MCPHY.PA","0.729605","2.53774","France"
"10865","WeTrade Group","WETG","0.192661","5.05","China"
"10866","VIA optronics AG","VIAO","0.307775","0.2231","Germany"
"10867","Netmarble Joybomb","6468.TWO","0.532301","0.94","Taiwan"
"10868","Placoplatre","MLPLC.PA","","746.095","France"
"10869","Alkaline Water Company","WTER","-0.210799","0.0478","United States"
"10870","Absa Bank","ABSP.JO","0.0427064","55.3035","South Africa"
"10871","John Wood Group","WG.L","0.106152","0.399424","United Kingdom"
"10872","Precinct Properties","PCT.NZ","0.919221","0.619453","New Zealand"
"10873","Grayscale Bitcoin Trust","GBTC","","59.34","United States"
"10874","Virtual Interactive Technologies","VRVR","-0.00143073","0.0003","Bermuda"
"10875","Banque nationale de Belgique","BNB.BR","","439.496","Belgium"
"10876","BASSAC","BASS.PA","0.976243","50.478","France"
"10877","Triterras","TRIRF","6.23615E-5","0.0001","Singapore"
"10878","Vinco Ventures","BBIG","0.00218548","0.01","United States"
"10879","Grom Social Enterprises","GROM","6.18333E-5","0.0001","United States"
"10880","Compleo Charging Solutions","C0M.F","0.0182814","0.00757752","Germany"
"10881","Elevate Uranium","EL8.AX","12.6342","0.211016","Australia"
"10882","Gaming Technologies (Gametech)","GMGT","-0.00613789","0.0006","United States"
"10883","Talis Biomedical","TLIS","0.106462","2.84","United States"
"10884","Yellow Corporation","YELLQ","-0.00154955","0.0102","United States"
"10885","Lightning eMotors","ZEVY","-2.67832E-5","0.0001","United States"
"10886","Slam Corp","SLMWF","4.62549","11.14","United States"
"10887","Latch","LTCH","0.0730673","0.151","United States"
"10888","Real Good Food plc","RGF","-0.441706","1.25","United Kingdom"
"10889","LianBio","LIAN","0.145999","0.319","United States"
"10890","Minerva Surgical","UTRS","4.37917E-5","0.0001","United States"
"10891","Vaxxinity","VAXX","0.000945484","0.0001","United States"
"10892","Mynaric","M0YN.DE","-0.071116","0.613256","Germany"
"10893","Marpai","MRAI","-4.1644","2.25","United States"
"10894","Lilium","LILM","0.803036","0.052","Germany"
"10895","G Medical Innovations","GMVD","-0.388671","0.181","Israel"
"10896","Pestech Cambodia","PEPC.KH","","0.64","Cambodia"
"10897","ACLEDA Bank","ABC.KH","","2.08","Cambodia"
"10898","Sihanoukville Autonomous Port","PAS.KH","","3.93","Cambodia"
"10899","Phnom Penh Water Supply Authority","PWSA.KH","","1.66","Cambodia"
"10900","Grand Twins International Cambodia","GTI.KH","","2","Cambodia"
"10901","Phnom Penh Autonomous Port","PPAP.KH","","3.44","Cambodia"
"10902","Phnom Penh SEZ","PPSP.KH","","0.34","Cambodia"
"10903","Sozap","SOZAP.ST","","0.0270876","Sweden"
"10904","Hempacco","HPCO","-0.000759632","0.0001","United States"
"10905","PunkPirates","PUN.WA","15.6481","0.13","Poland"
"10906","SYNLAB","SYAB.VI","1.29301","15.049","Germany"
"10907","Sporting Clube de Braga","SCB.LS","0.374622","26.8128","Portugal"
"10908","Elme Communities","ELME","","1.68","United States"
"10909","Presto Automation","PRST","-0.000719485","0.0001","United States"
"10910","Adamas One","JEWL","-0.00229332","0.0001","United States"
"10911","Aurora Energy Metals","1AE.AX","5.42962","0.0386266","Australia"
"10912","Sabre Resources","SBR.AX","0.447811","0.00429185","Australia"
"10913","Investigator Resources","IVR.AX","4.38629","0.0379113","Australia"
"10914","International Holding Company","IHC.AE","","100.82","United Arab Emirates"
"10915","Alpha Dhabi","ALPHADHABI.AE","","2.07","United Arab Emirates"
"10916","Multiply Group","MULTIPLY.AE","","0.57","United Arab Emirates"
"10917","Ghitha","GHITHA.AE","","3.1","United Arab Emirates"
"10918","TAQA","TAQA.AE","","0.72","United Arab Emirates"
"10919","Emirates Telecom (Etisalat Group)","EAND.AE","","5.89","United Arab Emirates"
"10920","First Abu Dhabi Bank","FAB.AE","","5.39","United Arab Emirates"
"10921","Borouge","BOROUGE.AE","","0.66","United Arab Emirates"
"10922","Abu Dhabi Commercial Bank (ADCB)","ADCB.AE","","4.21","United Arab Emirates"
"10923","Abu Dhabi National Oil Company (ADNOC)","ADNOCDIST.AE","","1.11","United Arab Emirates"
"10924","ADNOC Drilling Company","ADNOCDRILL.AE","","1.68","United Arab Emirates"
"10925","Al Dar Properties","ALDAR.AE","","2.1","United Arab Emirates"
"10926","Fertiglobe","FERTIGLB.AE","","0.71","United Arab Emirates"
"10927","Abu Dhabi Islamic Bank (ADIB)","ADIB.AE","","6.4","United Arab Emirates"
"10928","Abu Dhabi Ports","ADPORTS.AE","","1.64","United Arab Emirates"
"10929","Americana Restaurants International","AMR.AE","","0.64","United Arab Emirates"
"10930","Ooredoo","ORDS.AE","","3.56","United Arab Emirates"
"10931","National Marine Dredging","NMDC.AE","","6.48","United Arab Emirates"
"10932","Burjeel Holdings","BURJEEL.AE","","0.35","United Arab Emirates"
"10933","Lucy Scientific Discovery","LSDI","11.1746","0.5139","Canada"
"10934","YanGuFang International Group","YGF","1.17648","0.7332","China"
"10935","eFFECTOR Therapeutics","EFTR","0.00170617","0.0003","United States"
"10936","Tingo Group","TIO","0.277634","0.69","United States"
"10937","Telesis Bio","TBIO","0.000178464","0.001","United States"
"10938","Movella","MVLA","0.000140523","0.0002","United States"
"10939","Vesta Real Estate","VTMX","2.03602","35.48","Mexico"
"10940","ADNOC Gas","ADNOCGAS.AE","","0.9","United Arab Emirates"
"10941","MBME GROUP","MBME.AE","","2.94","United Arab Emirates"
"10942","ADNOC Logistics &amp; Services","ADNOCLS.AE","","1.86","United Arab Emirates"
"10943","Presight AI","PRESIGHT.AE","","1.02","United Arab Emirates"
"10944","Abu Dhabi National Hotels","ADNH.AE","","0.11","United Arab Emirates"
"10945","National Bank of Fujairah","NBF.AE","","1.29","United Arab Emirates"
"10946","EMSTEEL Building Materials PJSC","EMSTEEL.AE","","0.35","United Arab Emirates"
"10947","Al Seer Marine Supplies &amp; Equipment Company","ASM.AE","","1.05","United Arab Emirates"
"10948","Sharjah Islamic Bank","SIB.AE","","0.79","United Arab Emirates"
"10949","Dana Gas","DANA.AE","","0.23","United Arab Emirates"
"10950","Al Yah Satellite Communications Company","YAHSAT.AE","","0.57","United Arab Emirates"
"10951","CAMGSM Plc. (Cellcard)","CGSM.KH","","0.84","Cambodia"
"10952","Mengly J. Quach Education","MJQE.KH","","0.53","Cambodia"
"10953","Ladun Investment Company","9535.SR","","0.67654","Saudi Arabia"
"10954","Sláturfélags Suðurlands","SFS-B.IC","","0.020649","Iceland"
"10955","Al Khazna Insurance","AKIC.AE","","0.06","United Arab Emirates"
"10956","Oman &amp; Emirates Investment Holding Co.","OEIHC.AE","","0.25","Oman"
"10957","BILDCO (Abu Dhabi National Building Materials Co.)","BILDCO.AE","","0.5","United Arab Emirates"
"10958","Methaq Takaful Insurance Compnay","METHAQ.AE","","0.18","United Arab Emirates"
"10959","Insurance House","IH.AE","","0.37","United Arab Emirates"
"10960","Fujairah Cement Industries","FCI.AE","","0.13","United Arab Emirates"
"10961","The National Investor PRJSC","TNI.AE","","0.16","United Arab Emirates"
"10962","Gulf Cement","GCEM.AE","","0.3","United Arab Emirates"
"10963","Union Insurance Company","UNION.AE","","0.36","United Arab Emirates"
"10964","Hayah Insurance Company","HAYAH.AE","","0.36","United Arab Emirates"
"10965","Sharjah Insurance","SICO.AE","","0.41","United Arab Emirates"
"10966","Fidelity United insurance","FIDELITYUNITED.AE","","0.44","United Arab Emirates"
"10967","Al Fujairah National Insurance Company","AFNIC.AE","","57.19","United Arab Emirates"
"10968","Aram Group","ARAM.AE","","0.55","United Arab Emirates"
"10969","Fujairah Building Industries","FBI.AE","","0.81","United Arab Emirates"
"10970","AL KHALEEJ Investment","KICO.AE","","1.26","United Arab Emirates"
"10971","Sawaeed Holding","SAWAEED.AE","","1.85","United Arab Emirates"
"10972","Hily Holding","HH.AE","","0.68","United Arab Emirates"
"10973","Sudatel Telecommunications Group","SUDATEL.AE","","0.16","Sudan"
"10974","Sharjah Cement and Industrial Development","SCIDC.AE","","0.36","United Arab Emirates"
"10975","Foodco National Foodstuff","FNF.AE","","0.38","United Arab Emirates"
"10976","Umm Al Qaiwain General Investment","QIC.AE","","0.39","United Arab Emirates"
"10977","Al Dhafra Insurance","DHAFRA.AE","","2.44","United Arab Emirates"
"10978","Ras Alkhaima National Insurance","RAKNIC.AE","","0.82","United Arab Emirates"
"10979","Abu Dhabi National Takaful","TKFL.AE","","1.63","United Arab Emirates"
"10980","Al Ain Alahlia Insurance","ALAIN.AE","","8.58","United Arab Emirates"
"10981","RAK Co. for White Cement &amp; Construction Materials","RAKWCT.AE","","0.27","United Arab Emirates"
"10982","Finance House","FH.AE","","0.56","United Arab Emirates"
"10983","Al Buhaira National Insurance Company","ABNIC.AE","","0.7","United Arab Emirates"
"10984","Abu Dhabi Ship Building","ADSB.AE","","2.29","United Arab Emirates"
"10985","Response Plus Holding","RPM.AE","","0.6","United Arab Emirates"
"10986","Manazel","MANAZEL.AE","","0.09","United Arab Emirates"
"10987","Easy Lease Motorcycle Rental","EASYLEASE.AE","","5.35","United Arab Emirates"
"10988","Emirates Insurance Company","EIC.AE","","2.2","United Arab Emirates"
"10989","Al Wathba National Insurance","AWNIC.AE","","0.89","United Arab Emirates"
"10990","Eshraq Investments","ESHRAQ.AE","","0.15","United Arab Emirates"
"10991","Gulf Pharmaceutical Industries","JULPHAR.AE","","0.29","United Arab Emirates"
"10992","Gulf Medical Projects Company","GMPC.AE","","0.65","United Arab Emirates"
"10993","Bank of Sharjah","BOS.AE","","0.36","United Arab Emirates"
"10994","Palms Sports","PALMS.AE","","2.04","United Arab Emirates"
"10995","Emirates Stallions Group (ESG)","ESG.AE","","3.13","United Arab Emirates"
"10996","E7 Group PJSC","E7.AE","","0.26","United Arab Emirates"
"10997","RAK Properties","RAKPROP.AE","","0.29","United Arab Emirates"
"10998","United Arab Bank","UAB.AE","","0.36","United Arab Emirates"
"10999","RAK Ceramics","RAKCEC.AE","","0.65","United Arab Emirates"
"11000","National Corporation for Tourism &amp; Hotels","NCTH.AE","","0.4","United Arab Emirates"
"11001","Invictus Investment Company","INVICTUS.AE","","0.4","United Arab Emirates"
"11002","Abu Dhabi Aviation","ADAVIATION.AE","","1.42","United Arab Emirates"
"11003","Emirates Driving Company","DRIVE.AE","","1","United Arab Emirates"
"11004","Waha Capital Company","WAHA.AE","","0.53","United Arab Emirates"
"11005","Abu Dhabi National Insurance Company","ADNIC.AE","","1.89","United Arab Emirates"
"11006","National Bank of Umm Al Qaiwain","NBQ.AE","","0.8","United Arab Emirates"
"11007","Agthia Group","AGTHIA.AE","","0.9","United Arab Emirates"
"11008","Investcorp Capital","ICAP.AE","","0.41","United Arab Emirates"
"11009","Apex Investment","APEX.AE","","0.96","United Arab Emirates"
"11010","Anan Investment Holding","ANAN.AE","","0.32","United Arab Emirates"
"11011","RAKBANK (The National Bank of Ras Al Khaimah)","RAKBANK.AE","","2.57","United Arab Emirates"
"11012","Phoenix Group","PHX.AE","","0.17","United Arab Emirates"
"11013","Pure Health Holding","PUREHEALTH.AE","","0.72","United Arab Emirates"
"11014","RAPCO Investment","RAPCO.AE","","0.65","United Arab Emirates"
"11015","Bank Muscat","BKMB.OM","","1.05195","Oman"
"11016","Omantel (Oman Telecom)","OTEL.OM","","3.56104","Oman"
"11017","OQ Gas Network Company","OQGN.OM","","0.571429","Oman"
"11018","Sohar International Bank","BKSB.OM","","0.472727","Oman"
"11019","Bank Dhofar","BKDB.OM","","0.574026","Oman"
"11020","National Bank of Oman","NBOB.OM","","1.25455","Oman"
"11021","Ahlibank","ABOB.OM","","0.558442","Oman"
"11022","HSBC Oman","HBMO.OM","","0.433766","Oman"
"11023","Ominvest","OMVS.OM","","1.03896","Oman"
"11024","Abraj Energy Services","ABRJ.OM","","1.05195","Oman"
"11025","Bank Nizwa","BKNZ.OM","","0.371429","Oman"
"11026","Ooredoo Oman","ORDS.OM","","0.831169","Oman"
"11027","Oman Cables Industry","OCAI.OM","","8.83117","Oman"
"11028","Oman Arab Bank","OAB.OM","","0.672727","Oman"
"11029","Oman Cement Company","OCOI.OM","","1.54286","Oman"
"11030","Liva Group","LIVA.OM","","0.909091","Oman"
"11031","Sembcorp Salalah Power & Water Company","SSPW.OM","","0.651948","Oman"
"11032","Renaissance Services","RNSS.OM","","0.714286","Oman"
"11033","National Finance","NFCI.OM","","0.550649","Oman"
"11034","Phoenix Power Company","PHPC.OM","","0.714286","Oman"
"11035","Dhofar International Development &amp; Investment Holding","DIDI.OM","","0.722078","Oman"
"11036","Al-Maha Petroleum","MHAS.OM","","3.11688","Oman"
"11037","Shell Oman Marketing Company","SOMS.OM","","1.96104","Oman"
"11038","Oman Flour Mills","OFMI.OM","","1.51948","Oman"
"11039","Oman Refreshment Company (Pepsi Oman)","ORCI.OM","","2.85714","Oman"
"11040","The Pearl REIF","PRFD.OM","","0.477922","Oman"
"11041","Batelco (Bahrain Telecommunication Company)","BEYON.BH","","1.45889","Bahrain"
"11042","United Gulf Holding Company","UGH.BH","","0.580902","Bahrain"
"11043","APM Terminals Bahrain","APMTB.BH","","2.49337","Bahrain"
"11044","Oman Reinsurance","ORIC.OM","","0.220779","Oman"
"11045","Taageer Finance","TFCI.OM","","0.306494","Oman"
"11046","Oman Education and Training Investments (OETI)","OETI.OM","","4.67532","Oman"
"11047","OQIC Oman Qatar Insurance Company","OQIC.OM","","0.441558","Oman"
"11048","Al Jazeera Steel Products","ATMI.OM","","2.33766","Oman"
"11049","Galfar Engineering and Contracting","GECS.OM","","0.387013","Oman"
"11050","A'Saffa Foods","SPFI.OM","","1.94805","Oman"
"11051","Oman Chlorine","OCHL.OM","","0.418182","Oman"
"11052","Al Suwadi Power","SUWP.OM","","0.477922","Oman"
"11053","SMN Power Company","SMNP.OM","","0.506494","Oman"
"11054","Salalah Port Services Company","SPSI.OM","","1.23636","Oman"
"11055","Oman Oil Marketing Company (oomco)","OOMS.OM","","3.11688","Oman"
"11056","Al Batinah Power","BATP.OM","","0.477922","Oman"
"11057","Al Omaniya Financial Services","AOFS.OM","","0.379221","Oman"
"11058","Khaleeji Bank","KHALEEJI.BH","","0.981432","Bahrain"
"11059","Mixed Martial Arts Group Limited (MMA)","MMA","","0.5001","Australia"
"11060","CleanCore Solutions","ZONE","31.4663","0.152","United States"
"11061","iLearningEngines","AILE","20.2849","0.42","United States"
"11062","DigiAsia Corp","FAAS","0.533765","0.0807","Indonesia"
"11063","Agility Global","AGILITY.AE","","0","United Arab Emirates"
"11064","Oil &amp; Gas Development Company","OGDC.PK","","1.187","Pakistan"
"11065","Meezan Bank","MEBL.PK","","2.03724","Pakistan"
"11066","Mari Petroleum Company","MARI.PK","","2.41803","Pakistan"
"11067","Nestle Pakistan","NESTLE.PK","","27.1938","Pakistan"
"11068","Pakistan Petroleum","PPL.PK","","0.879838","Pakistan"
"11069","United Bank (Pakistan)","UBL.PK","","1.62766","Pakistan"
"11070","Colgate-Palmolive (Pakistan)","COLG.PK","","4.3849","Pakistan"
"11071","Pakistan Tobacco Company","PAKT.PK","","4.97681","Pakistan"
"11072","MCB Bank Pakistan","MCB.PK","","1.4436","Pakistan"
"11073","Lucky Cement","LUCK.PK","","1.59839","Pakistan"
"11074","Standard Chartered Bank (Pakistan)","SCBPL.PK","","0.23906","Pakistan"
"11075","Engro Fertilizers","EFERT.PK","","0.6594","Pakistan"
"11076","The Hub Power Company","HUBC.PK","","0.747171","Pakistan"
"11077","Fauji Fertilizer Company","FFC.PK","","1.98351","Pakistan"
"11078","Habib Bank","HBL.PK","","1.14759","Pakistan"
"11079","Engro Corporation","ENGRO.PK","","1.75174","Pakistan"
"11080","Pakistan Oilfields Limited","POL.PK","","2.60209","Pakistan"
"11081","Bestway Cement","BWCL.PK","","1.7574","Pakistan"
"11082","K-Electric","KEL.PK","","0.0257322","Pakistan"
"11083","Allied Bank (Pakistan)","ABL.PK","","0.62793","Pakistan"
"11084","Bank AL Habib","BAHL.PK","","0.602667","Pakistan"
"11085","IFL (Ibrahim Fibres)","IBFL.PK","","0.963603","Pakistan"
"11086","Millat Tractors","MTL.PK","","1.09898","Pakistan"
"11087","Al Anwar Ceramic Tiles","AACT.OM","","0.355844","Oman"
"11088","Raysut Cement","RCCI.OM","","0.449351","Oman"
"11089","Oman United Insurance","OUIC.OM","","0.831169","Oman"
"11090","Voltamp Energy","VOES.OM","","0.449351","Oman"
"11091","Alef Education","ALEFEDT.AE","","0.26","United Arab Emirates"
"11092","Banader Hotels Company","BANADER.BH","","0.695145","Bahrain"
"11093","National Hotels Company (Bahrain)","NHOTEL.BH","","0.503979","Bahrain"
"11094","Systems Limited (Pakistan)","SYS.PK","","0.448959","Pakistan"
"11095","Unilever Pakistan Foods","UPFL.PK","","90.5822","Pakistan"
"11096","Fatima Fertilizer","FATIMA.PK","","0.565494","Pakistan"
"11097","Bank Alfalah","BAFL.PK","","0.206038","Pakistan"
"11098","Interloop","ILP.PK","","0.361766","Pakistan"
"11099","Ismail Industries","ISIL.PK","","7.00146","Pakistan"
"11100","Lucky Core Industries (LCI)","LCI.PK","","0.809498","Pakistan"
"11101","Faysal Bank","FABL.PK","","0.349928","Pakistan"
"11102","National Bank of Pakistan","NBP.PK","","0.727321","Pakistan"
"11103","Pakistan State Oil Company","PSO.PK","","1.34922","Pakistan"
"11104","Dawood Hercules Corporation","DAWH.PK","","0.993485","Pakistan"
"11105","Habib Metropolitan Bank","HMB.PK","","0.369922","Pakistan"
"11106","Abbott Laboratories (Pakistan)","ABOT.PK","","3.35637","Pakistan"
"11107","Rafhan Maize Products Company","RMPL.PK","","33.6178","Pakistan"
"11108","Fauji Cement Company","FCCL.PK","","0.206904","Pakistan"
"11109","Amlak Finance","AMLAK.AE","","0","United Arab Emirates"
"11110","Drake and Scull International","DSI.AE","","0","United Arab Emirates"
"11111","Dubai Islamic Insurance &amp; Reinsurance","AMAN.AE","","0","United Arab Emirates"
"11112","Air Arabia","AIRARABIA.AE","","0","United Arab Emirates"
"11113","Aramex","ARMX.AE","","0","United Arab Emirates"
"11114","Dubai Taxi Company","DTC.AE","","0","United Arab Emirates"
"11115","Emirates Central Cooling Systems","EMPOWER.AE","","0","United Arab Emirates"
"11116","Ajman Bank","AJMANBANK.AE","","0","United Arab Emirates"
"11117","Al Ansari Financial Services","ALANSARI.AE","","0","United Arab Emirates"
"11118","Watania International","WATANIA.AE","","0","United Arab Emirates"
"11119","Sinarmas Land","A26.SI","0.327177","0.291963","Singapore"
"11120","Meyer Burger Technology","MBTN.SW","0.00318097","0.00608813","Switzerland"
"11121","Athos Immobilien","ATH.VI","","49.4288","Austria"
"11122","Hutter &amp; Schrantz Stahlbau AG","HST.VI","","32.8748","Austria"
"11123","Sandnes Sparebank","SADG.OL","0.587625","9.64521","Norway"
"11124","Carasent ASA","CARA.OL","","1.57626","Norway"
"11125","Optima bank","OPTIMA.AT","9.41675","14.1991","Greece"
"11126","OEX S.A.","OEX.WA","1.56912","13.2621","Poland"
"11127","Llorente &amp; Cuenca","LLYC.MC","1.45992","5.59571","Spain"
"11128","Sultan Center Food Products Company","SULTAN.KW","","0","Kuwait"
"11129","Lassila &amp; Tikanoja Oyj","LAT1V.HE","","9.3635","Finland"
"11130","Lalique Group","LLQ.SW","1.29701","40.5543","Switzerland"
"11131","Airesis SA","AIRE.SW","-0.030846","0.0298641","Switzerland"
"11132","Héroux-Devtek","HRX.TO","","18.597","Canada"
"11133","Lovisa Holdings","LOV.AX","36.2186","17.525","Australia"
"11134","Macquarie Technology Group","MAQ.AX","3.61034","42.5608","Australia"
"11135","Ramelius Resources","RMS.AX","6.04874","2.83977","Australia"
"11136","Ingenia Communities Group","INA.AX","1.23249","3.04721","Australia"
"11137","Capricorn Metals","CMM.AX","42.1217","12.6967","Australia"
"11138","Corporate Travel Management","CTD.AX","2.11662","11.495","Australia"
"11139","Insignia Financial (IOOF)","IFL.AX","1.65159","3.35975","Australia"
"11140","The Star Entertainment Group","SGR.AX","1.09182","0.0894135","Australia"
"11141","Inghams Group","ING.AX","3.02646","1.45207","Australia"
"11142","Audinate Group","AD8.AX","1.41018","1.90272","Australia"
"11143","Westgold Resources Limited","WGX.AX","9.58419","4.66381","Australia"
"11144","Monadelphous Group","MND.AX","6.59488","20.3863","Australia"
"11145","Nuix Limited","NXL.AX","2.88615","1.53791","Australia"
"11146","Supply Network Limited","SNL.AX","17.4441","25.2647","Australia"
"11147","Ora Banda Mining","OBM.AX","33.8339","1.13376","Australia"
"11148","Superloop Limited","SLC.AX","5.2724","2.18884","Australia"
"11149","Qualitas Limited","QAL.AX","2.86961","2.3319","Australia"
"11150","GWA Group Limited","GWA.AX","1.84394","1.47353","Australia"
"11151","Mirrabooka Investments Limited","MIR.AX","1.13576","1.84549","Australia"
"11152","Peet Limited","PPC.AX","1.52638","1.29471","Australia"
"11153","Winton Land","WIN.NZ","0.76939","0.821967","New Zealand"
"11154","Mount Gibson Iron","MGX.AX","0.857073","0.264664","Australia"
"11155","Monash IVF Group","MVF.AX","1.13071","0.493562","Australia"
"11156","Australian Ethical Investment Limited","AEF.AX","21.0849","3.66953","Australia"
"11157","Predictive Discovery Limited","PDI.AX","27.8883","0.6402","Australia"
"11158","MyState Limited","MYS.AX","1.99962","3.64092","Australia"
"11159","Kingsgate Consolidated Limited","KCN.AX","6.05113","3.79828","Australia"
"11160","Servcorp Limited","SRV.AX","3.33147","4.33476","Australia"
"11161","Argo Global Listed Infrastructure","ALI.AX","1.25854","1.8598","Australia"
"11162","Mayne Pharma Group","MYX.AX","0.613511","2.28898","Australia"
"11163","Aurelia Metals","AMI.AX","2.34854","0.293276","Australia"
"11164","Aspen Group","APZ.AX","2.98779","3.79828","Australia"
"11165","Rex Minerals","RXM.AX","","0.295872","Australia"
"11166","Alkane Resources","ALK.AX","8.92176","1.34835","Australia"
"11167","GDI Property Group","GDI.AX","0.524765","0.47568","Australia"
"11168","Encounter Resources","ENR.AX","4.47125","0.193133","Australia"
"11169","AIC Mines Limited","A1M.AX","3.16021","0.579399","Australia"
"11170","VEEM Ltd","VEE.AX","1.59438","0.379113","Australia"
"11171","Silver Mines Limited","SVL.AX","2.93856","0.121602","Australia"
"11172","Cadence Capital Limited","CDM.AX","0.832235","0.565093","Australia"
"11173","Strickland Metals Limited","STK.AX","2.94914","0.0593705","Australia"
"11174","Quantum Graphite","QGL.AX","8.88185","0.228898","Australia"
"11175","Aeris Resources","AIS.AX","2.7452","0.332618","Australia"
"11176","Talga Group","TLG.AX","4.15172","0.218169","Australia"
"11177","Airtasker","ART.AX","3.53504","0.157368","Australia"
"11178","Apollo Minerals Limited","AON.AX","7.8325","0.0450644","Australia"
"11179","Greenthesis S.p.A.","GTH.MI","","2.48305","Italy"
"11180","Cairo Communication","CAI.MI","","2.71042","Italy"
"11181","Relatech S.p.A.","RLT.MI","","2.69088","Italy"
"11182","Defence Tech Holding S.p.A.","DTH.MI","","3.81755","Italy"
"11183","Montepino Logística","MLMTP.PA","","11.6577","Spain"
"11184","Fiducial Real Estate","ORIA.PA","0.927588","194.684","France"
"11185","Visiativ SA","ALVIV.PA","2.09261","40.1999","France"
"11186","Compagnie Du Mont-Blanc","MLCMB.PA","","293.775","France"
"11187","MRM","MRM.PA","0.85896","36.549","France"
"11188","Orapi SA","ORAP.PA","0.932826","6.69206","France"
"11189","Réalités","ALREA.PA","0.0336351","0.582886","France"
"11190","Wedia SA","ALWED.PA","1.95133","31.7526","France"
"11191","Ecclesiastical Insurance Office plc","ELLA.L","","1.93775","United Kingdom"
"11192","Marlowe plc","MRL.L","","588.911","United Kingdom"
"11193","Stolt-Nielsen Limited","0OHK.L","","32.8984","United Kingdom"
"11194","Eckoh plc","ECK.L","","56.8248","United Kingdom"
"11195","Anexo Group Plc","ANX.L","","80.3296","United Kingdom"
"11196","CR Energy","CRZK.DE","0.0229347","0.412684","Germany"
"11197","Merkur PrivatBank","MBK.DE","","14.9219","Germany"
"11198","edding AG","EDD3.F","0.739551","37.7447","Germany"
"11199","GBK Beteiligungen AG","GBQ.HM","","6.64491","Germany"
"11200","Varengold Bank AG","VG8.DE","0.370821","3.36779","Germany"
"11201","Nebelhornbahn-Aktiengesellschaft","NHB0.MU","","18.6524","Germany"
"11202","Elbstein AG","EBS.HM","","0.967591","Germany"
"11203","Stock3 AG","BOG.DE","","33.5743","Germany"
"11204","Bertelsmann SE & Co. KGaA","BTG.F","","143.149","Germany"
"11205","SPEEH Hidroelectrica","H2O.RO","","41.05","Romania"
"11206","Yaoko Co.,Ltd.","8279.T","","65.9184","Japan"
"11207","Chugin Financial Group","5832.T","","21.5369","Japan"
"11208","Nissin Corporation","9066.T","","51.9081","Japan"
"11209","Bank of Japan","8301.T","","194.493","Japan"
"11210","National Gas Company SAOG","NGCI.OM","","0.280519","Oman"
"11211","Gulf International Chemicals","GICI.OM","","0.179221","Oman"
"11212","Muscat Finance","MFCI.OM","","0.176623","Oman"
"11213","Cantourage Group SE","HIGH.DE","1.74905","6.97132","Germany"
"11214","Vault Minerals","VAU.AX","3.18346","4.97139","Australia"
"11215","Amplitude Energy","AEL.AX","1.29287","1.20172","Australia"
"11216","Al Maha Ceramics","AMCI.OM","","0.662338","Oman"
"11217","Dhofar Generating Company","DGEN.OM","","0.207792","Oman"
"11218","Al Jazeira Services Co. SAOG","AJSS.OM","","0.654545","Oman"
"11219","Omani Euro Food Industries","OEFI.OM","","2.5974","Oman"
"11220","Dhofar Tourism","DTCS.OM","","2.14805","Oman"
"11221","Al Anwar Investments SAOG","AAIC.OM","","0.485714","Oman"
"11222","Global Financial Investments Holding SAOG","GFIC.OM","","0.87013","Oman"
"11223","Arabia Falcon Insurance Company (AFIC)","AFIC.OM","","0.350649","Oman"
"11224","Oman Chromite Company","OCCI.OM","","9.42857","Oman"
"11225","Majan University College","BACS.OM","","0.358442","Oman"
"11226","Oman National Engineering and Investment Co. (SAOG)","ONES.OM","","0.384416","Oman"
"11227","UBAR Hotels & Resorts SAOG","UBAR.OM","","0.327273","Oman"
"11228","Musandam Power","MSPW.OM","","0.883117","Oman"
"11229","The National Detergent Company SAOG","NDTI.OM","","1.68571","Oman"
"11230","Dhofar Insurance Company SAOG","DICS.OM","","0.883117","Oman"
"11231","Sharqiyah Desalination Company SAOG","SHRQ.OM","","0.441558","Oman"
"11232","Al Madina Investment Holding Co. SAOG","AMII.OM","","0.171429","Oman"
"11233","Takaful Oman Insurance SAOG","TAOI.OM","","0.158442","Oman"
"11234","Dhofar Food & Investment SAOG","DFIN.OM","","0.563636","Oman"
"11235","Bahrain Family Leisure Company","FAMILY.BH","","0.111406","Bahrain"
"11236","United Gulf Investment Corporation","UGIC.BH","","0.96817","Bahrain"
"11237","Bahrain Ship Repairing and Engineering Company","BASREC.BH","","0.0689655","Bahrain"
"11238","Bahrain Flour Mills Company","BFM.BH","","0.32626","Bahrain"
"11239","Al Abraaj Restaurants Group","ABRAAJ.BH","","0.530504","Bahrain"
"11240","Bahrain Cinema Company","CINECO.BH","","2.62599","Bahrain"
"11241","Nass Corporation B.S.C.","NASS.BH","","0.541114","Bahrain"
"11242","SMJ International","SMJF","","11.25","Singapore"
"11243","SPACE42","SPACE42.AE","","0.48","United Arab Emirates"
"11244","National Biscuit Industries","NBII.OM","","15.3273","Oman"
"11245","Muscat Thread Mill","MTMI.OM","","0.597403","Oman"
"11246","Dhofar Beverages and Foodstuff Company","DBCI.OM","","0.472727","Oman"
"11247","Construction Materials Industries","CMII.OM","","0.179221","Oman"
"11248","Alfajar Al Alamia Co. SAOG","AFAI.OM","","1.28312","Oman"
"11249","Muscat Insurance","MCTI.OM","","1.31169","Oman"
"11250","Muscat Gas Company","MGMC.OM","","0.361039","Oman"
"11251","Financial Services Company SAOG","FSCI.OM","","0.623377","Oman"
"11252","Sohar Power Company SAOG","SHPS.OM","","0.571429","Oman"
"11253","Asyad Shipping Company","ASCO.OM","","0.612987","Oman"
"11254","United Finance Co. SAOG","UFCI.OM","","0.228571","Oman"
"11255","Muscat City Desalination Company","MCDE.OM","","0.228571","Oman"
"11256","Gulf Mushroom Products Company SAOG","GMPI.OM","","1.1013","Oman"
"11257","Omani Packaging Company","OPCI.OM","","0.571429","Oman"
"11258","Barka Desalination Company","BRDE.OM","","0.425974","Oman"
"11259","Al Sharqiya Investment Holdings Company","SIHC.OM","","0.257143","Oman"
"11260","National Aluminium Products Company SAOG","NAPI.OM","","0.387013","Oman"
"11261","Atlas Critical Minerals","ATCX","","3.7","Brazil"
"11262","GigCapital9","GIXXU","","0","United States"
"11263","Umbrella Global Energy","UMB.MC","2.91856","3.6139","Spain"
"11264","Modon Holding PSC","MODON.AE","","0.78","United Arab Emirates"
"11265","SWI Capital Holding","SWICH.AS","","10.6085","Singapore"
"11266","Saluda Medical","SLD.AX","","0","United States"
"11267","DigiCo Infrastructure REIT","DGT.AX","","1.80973","Australia"
"11268","Samsung Epis Holdings","0126Z0.KS","","264.321","South Korea"
"11269","Valiant Gold","VAL.AX","","0","Australia"
"11270","ASTA Energy Solutions AG","1AST.F","","65.2833","Austria"
"11271","Pershing Square USA","PSUS","","0","United States"
"11272","Centiel","CNTL.SW","","7.78733","Switzerland"
"11273","Vincorion SE","V1NC.DE","","0","Germany"
"11274","Giunti Psychometrics","GPSYDD.MI","","0","Italy"
"11275","Le Slip Français","ALLSF.PA","","16.6449","France"
"11276","Pelican Aqua Holding","PLCAN.OL","","1.48748","Cyprus"
"11277","Attovia Therapeutics","ATTO","","0","United States"
"11278","SunScout Holding","SNSC","","0","New Zealand"
"11279","First Breach Inc.","FBDT","","2.05","United States"
