"Rank","Name","Symbol","cash_on_hand","price (USD)","country"
"1","Mitsubishi UFJ Financial","MUFG","797238000000","21.96","Japan"
"2","ICBC","1398.HK","696389000000","0.953602","China"
"3","Crédit Agricole","ACA.PA","683225000000","22.342","France"
"4","Bank of China","601988.SS","579654000000","0.913378","China"
"5","JPMorgan Chase","JPM","567234000000","356.39","United States"
"6","Agricultural Bank of China","601288.SS","545906000000","1.019","China"
"7","China Construction Bank","601939.SS","526327000000","1.58577","China"
"8","Sumitomo Mitsui Financial Group","SMFG","517654000000","25","Japan"
"9","BNP Paribas","BNP.PA","507685000000","123.852","France"
"10","Mizuho Financial Group","MFG","434406000000","10.23","Japan"
"11","Japan Post Holdings","6178.T","429566000000","14.9271","Japan"
"12","Japan Post Bank","7182.T","416850000000","20.0053","Japan"
"13","Berkshire Hathaway","BRK-B","397383000000","504.32","United States"
"14","AXA","CS.PA","375855000000","51.4222","France"
"15","Citigroup","C","342025000000","131.72","United States"
"16","Santander","SAN","336003000000","14.72","Spain"
"17","HSBC","HSBC","309505000000","104.09","United Kingdom"
"18","Generali","G.MI","292577000000","50.9326","Italy"
"19","Deutsche Börse","DB1.DE","287443000000","333.411","Germany"
"20","Barclays","BCS","287133000000","26.97","United Kingdom"
"21","Apollo Global Management","APO","253184000000","132.79","United States"
"22","Postal Savings Bank of China","601658.SS","247091000000","0.749743","China"
"23","Goldman Sachs","GS","242000000000","1036.28","United States"
"24","Bank of America","BAC","237462000000","62.33","United States"
"25","Bank of Communications","601328.SS","200290000000","1.06511","China"
"26","CITIC limited","0267.HK","188708000000","1.64823","China"
"27","Deutsche Bank","DB","188376000000","38.42","Germany"
"28","BNY Mellon (Bank of New York Mellon)","BNY","187040000000","162.14","United States"
"29","Société Générale","GLE.PA","178921000000","88.7153","France"
"30","NatWest Group","NWG","173423000000","18.73","United Kingdom"
"31","UBS","UBS","169445000000","53.71","Switzerland"
"32","Wells Fargo","WFC","159157000000","84.72","United States"
"33","China Taiping Insurance","0966.HK","149073000000","2.58972","Hong Kong"
"34","Samsung Life Insurance","032830.KS","146762000000","205.824","South Korea"
"35","Talanx","TLX.DE","145332000000","142.457","Germany"
"36","Resona Holdings","8308.T","145165000000","15.1656","Japan"
"37","Amazon","AMZN","143089000000","262.07","United States"
"38","Ping An Insurance","601318.SS","142656000000","8.18321","China"
"39","Sumitomo Mitsui Trust Holdings","8309.T","136244000000","10.8846","Japan"
"40","CM Bank","3968.HK","134815000000","6.29951","China"
"41","Royal Bank Of Canada","RY","132574000000","204.02","Canada"
"42","KKR & Co.","KKR","131656000000","107.32","United States"
"43","Shinkin Central Bank","8421.T","130323000000","1202.07","Japan"
"44","Alphabet (Google)","GOOG","126840000000","344.59","United States"
"45","MetLife","MET","120617000000","96.21","United States"
"46","Industrial Bank","601166.SS","119791000000","2.68063","China"
"47","UniCredit","UCG.MI","119735000000","98.8575","Italy"
"48","Shanghai Pudong Development Bank","600000.SS","118088000000","1.35073","China"
"49","Intesa Sanpaolo","ISP.MI","116350000000","8.03917","Italy"
"50","AIA","1299.HK","115053000000","9.48499","Hong Kong"
"51","The People's Insurance Company (PICC)","601319.SS","114444000000","1.05619","China"
"52","TSMC","TSM","110510000000","410.12","Taiwan"
"53","Banco Bilbao Vizcaya Argentaria","BBVA","107298000000","29.21","Spain"
"54","Toronto Dominion Bank","TD","107179000000","116.55","Canada"
"55","State Street Corporation","STT","105563000000","190.92","United States"
"56","Toyota","TM","104945000000","193.81","Japan"
"57","CITIC Bank","601998.SS","104415000000","1.26594","China"
"58","ANZ Bank","ANZ.AX","102599000000","26.4878","Australia"
"59","Quilter","QLT.L","101696000000","2.64151","United Kingdom"
"60","Samsung","005930.KS","98034400000","185.602","South Korea"
"61","The Travelers Companies","TRV","97877000000","370.55","United States"
"62","Lloyds Banking Group","LYG","94762600000","6.04","United Kingdom"
"63","National Australia Bank","NAB.AX","94130400000","27.3605","Australia"
"64","ING","ING","93832300000","35.03","Netherlands"
"65","Volkswagen","VOW3.DE","91935100000","85.3113","Germany"
"66","Swiss Re","SREN.SW","91922000000","174.033","Switzerland"
"67","Brighthouse Financial","BHF","87375000000","51.9","United States"
"68","Prudential Financial","PRU","83492000000","122.67","United States"
"69","Commonwealth Bank","CBA.AX","82782300000","112.31","Australia"
"70","Meta Platforms (Facebook)","META","81180000000","559.02","United States"
"71","NVIDIA","NVDA","80572000000","208.48","United States"
"72","CITIC Securities","600030.SS","79962000000","4.0388","China"
"73","China Minsheng Bank","600016.SS","79953300000","0.520655","China"
"74","DBS Group","D05.SI","78957200000","60.1054","Singapore"
"75","Microsoft","MSFT","78228000000","487.31","United States"
"76","Emirates NBD Bank PJSC","EMIRATESNBD.AE","78142400000","8.32585","United Arab Emirates"
"77","Saudi Aramco","2222.SR","75691200000","7.03708","Saudi Arabia"
"78","ageas","AGS.BR","73135100000","86.2672","Belgium"
"79","Nordea Bank","NDA-FI.HE","72122400000","20.3136","Finland"
"80","Aflac","AFL","71498000000","118.2","United States"
"81","Morgan Stanley","MS","71283000000","214.08","United States"
"82","Ping An Bank","000001.SZ","70606100000","1.72411","China"
"83","China International Capital Corporation","601995.SS","69812500000","5.01019","China"
"84","China Everbright Bank","601818.SS","69774100000","0.456689","China"
"85","Hannover Rück","HNR1.DE","69355300000","294.941","Germany"
"86","Swiss Life","SLHN.SW","68902400000","1144.46","Switzerland"
"87","Westpac Banking","WBC.AX","68864500000","24.3348","Australia"
"88","Apple","AAPL","68507000000","310.34","United States"
"89","Bank of Montreal","BMO","68488600000","172.35","Canada"
"90","ABN AMRO","ABN.AS","67171300000","47.5635","Netherlands"
"91","Standard Chartered","STAN.L","66521000000","29.7459","United Kingdom"
"92","Macquarie Group Limited","MQG.AX","65602300000","180.258","Australia"
"93","Corebridge Financial","CRBG","65265000000","31.96","United States"
"94","Raiffeisen Bank International","RAW.F","64662700000","70.4127","Austria"
"95","Erste Group Bank","EBO.F","63608000000","143.507","Austria"
"96","PDD Holdings (Pinduoduo)","PDD","63251900000","87.07","China"
"97","Sberbank","SBER.ME","62515500000","3.19","Russia"
"98","AEGON","AEG","61661500000","9.19","Netherlands"
"99","Tencent","TCEHY","60998700000","57.17","China"
"100","CATL","300750.SZ","59811100000","56.0418","China"
"101","UOB","U11.SI","57941000000","32.3421","Singapore"
"102","Unipol Assicurazioni","UNI.MI","57782600000","33.073","Italy"
"103","Hyundai","005380.KS","57234000000","304.041","South Korea"
"104","Bank of China (Hong Kong)","2388.HK","57109200000","6.42964","Hong Kong"
"105","China State Construction Engineering","601668.SS","54280000000","0.664951","China"
"106","Bank of Shanghai","601229.SS","54259000000","1.44593","China"
"107","Jackson Financial","JXN","54136000000","132.32","United States"
"108","CIBC (Canadian Imperial Bank of Commerce)","CM","53885600000","114.93","Canada"
"109","U.S. Bancorp","USB","53542000000","62.42","United States"
"110","Bank Leumi","LUMI.TA","51535200000","25.099","Israel"
"111","Svenska Handelsbanken","SHB-A.ST","51357500000","15.3185","Sweden"
"112","Foxconn (Hon Hai Precision Industry)","2317.TW","51108200000","7.62281","Taiwan"
"113","Banco Sabadell","SAB.MC","49396500000","4.35649","Spain"
"114","East Money Information","300059.SZ","48970500000","2.816","China"
"115","KBC","KBCSF","48910900000","150.21","Belgium"
"116","Scotiabank","BNS","48423400000","86.86","Canada"
"117","Guotai Junan Securities","601211.SS","48115800000","2.57501","China"
"118","Poste Italiane","PST.MI","47916100000","32.0121","Italy"
"119","Huatai Securities","601688.SS","47316400000","2.76542","China"
"120","AIB Group (Allied Irish Banks)","A5G.IR","47249900000","12.8993","Ireland"
"121","Bank of Beijing","601169.SS","46802500000","0.764619","China"
"122","Northern Trust","NTRS","46625700000","186.66","United States"
"123","Alibaba","BABA","45965300000","118.47","China"
"124","Ameriprise Financial","AMP","45845000000","561.13","United States"
"125","SoftBank Group Corp.","9984.T","45818900000","31.9319","Japan"
"126","Hanwha Corporation","000880.KS","45006500000","85.2905","South Korea"
"127","Tesla","TSLA","44743000000","348.95","United States"
"128","GF Securities","000776.SZ","44288300000","3.03914","China"
"129","China Mobile","0941.HK","44132200000","10.2249","China"
"130","Skandinaviska Enskilda Banken","SEB-A.ST","43462100000","23.154","Sweden"
"131","Chubb","CB","43373000000","345.83","Switzerland"
"132","OCBC Bank","O39.SI","42690100000","24.7738","Singapore"
"133","Banco BPM","BAMI.MI","42487300000","19.2061","Italy"
"134","PICC Property and Casualty Company Limited","2328.HK","42278700000","2.06157","China"
"135","Fannie Mae","FNMA","41911000000","6.27","United States"
"136","DNB","DNB.OL","41389800000","33.8416","Norway"
"137","Equitable Holdings","EQH","41072000000","49.03","United States"
"138","Bank Hapoalim","POLI.TA","40813600000","25.5556","Israel"
"139","Samsung Fire & Marine Insurance Co., Ltd.","000810.KS","40753300000","467.978","South Korea"
"140","Bank of Ireland Group","BIRG.IR","40460700000","22.5402","Ireland"
"141","SBI Holdings","8473.T","40362100000","20.2877","Japan"
"142","Charles Schwab","SCHW","40195000000","113.65","United States"
"143","SDIC Capital","600061.SS","39974900000","0.938667","China"
"144","Hong Kong Exchanges & Clearing","0388.HK","39371400000","53.2997","Hong Kong"
"145","PetroChina","0857.HK","39074000000","1.28338","China"
"146","Hana Financial Group","086790.KS","38986500000","94.4623","South Korea"
"147","Hua Xia Bank","600015.SS","38143000000","1.00412","China"
"148","Stellantis","STLA","37880100000","5.22","Netherlands"
"149","Itaú Unibanco","ITUB","37877800000","7.52","Brazil"
"150","Rakuten","4755.T","37321500000","4.8265","Japan"
"151","SK Hynix","000660.KS","36160700000","1211.83","South Korea"
"152","Bank of Jiangsu","600919.SS","35985800000","1.79105","China"
"153","Elevance Health","ELV","35951000000","402.63","United States"
"154","BP","BP","35763000000","43.74","United Kingdom"
"155","Unum","UNM","35548700000","89.49","United States"
"156","Swedbank","SWED-A.ST","35197600000","39.0146","Sweden"
"157","American International Group","AIG","34908000000","77.38","United States"
"158","Lincoln National Corporation","LNC","34775000000","42.38","United States"
"159","State Bank of India","SBIN.NS","34665800000","10.908","India"
"160","CNOOC","0883.HK","34403900000","3.20461","China"
"161","PNC Financial Services","PNC","34363000000","243.68","United States"
"162","American Express","AXP","34000000000","337.33","United States"
"163","Honda","HMC","33824200000","32.59","Japan"
"164","Intel","INTC","32789000000","87.26","United States"
"165","Vienna Insurance Group","WSV2.F","32651000000","83.003","Austria"
"166","SAIC Motor","600104.SS","32139400000","1.5337","China"
"167","Oracle","ORCL","31894000000","142.45","United States"
"168","Allianz SE","ALV.DE","31849900000","523.665","Germany"
"169","Principal Financial Group","PFG","31664600000","111.89","United States"
"170","Daiwa Securities Group","8601.T","31636600000","11.3836","Japan"
"171","China Zheshang Bank","2016.HK","31606800000","0.292778","China"
"172","SBI Shinsei Bank","8303.T","31575900000","9.66681","Japan"
"173","Nomura Holdings","NMR","31408600000","9.76","Japan"
"174","UnitedHealth","UNH","31229000000","398.76","United States"
"175","Fidelity National Financial","FNF","30917000000","47.43","United States"
"176","Capital One","COF","30856000000","216.27","United States"
"177","Ford","F","30488000000","13.93","United States"
"178","China Merchants Securities","600999.SS","30142700000","2.62708","China"
"179","Nationwide Building Society","NBS.L","30071400000","175.056","United Kingdom"
"180","TotalEnergies","TTE","29866000000","89.35","France"
"181","Mapfre","MAP.MC","29655800000","5.17137","Spain"
"182","Reliance Industries","RELIANCE.NS","29653300000","13.7154","India"
"183","JD.com","JD","29319300000","29.2","China"
"184","Mebuki Financial Group","7167.T","29319100000","10.4263","Japan"
"185","Danske Bank","DANS.VI","28583000000","58.1371","Denmark"
"186","Banco Bradesco","BBD","28393900000","3.15","Brazil"
"187","Rakuten Bank","5838.T","28295500000","40.5316","Japan"
"188","China Railway Group","0390.HK","28180500000","0.433745","China"
"189","China Galaxy Securities","601881.SS","27958000000","1.79105","China"
"190","Voya Financial","VOYA","27954000000","99.14","United States"
"191","W. R. Berkley","WRB","27758400000","69.7","United States"
"192","China Securities (CSC Financial)","601066.SS","27548900000","3.66541","China"
"193","Wüstenrot &amp; Württembergische","WUW.F","27420500000","16.5073","Germany"
"194","Concordia Financial Group","7186.T","27304100000","11.9737","Japan"
"195","Bank of Japan","8301.T","27235700000","194.493","Japan"
"196","Guosen Securities","002736.SZ","27169000000","1.46974","China"
"197","Banco do Brasil","BBAS3.SA","27121100000","3.61123","Brazil"
"198","Julius Bär","BAER.SW","27029200000","93.8211","Switzerland"
"199","Mizrahi-Tefahot","MZTF.TA","26829400000","76.3969","Israel"
"200","Shinhan Financial Group","SHG","26540300000","75.04","South Korea"
"201","M&T Bank","MTB","26476000000","241.79","United States"
"202","Mercedes-Benz","MBG.DE","26421600000","52.3957","Germany"
"203","Bank of Ningbo","002142.SZ","26327400000","4.99234","China"
"204","Micron Technology","MU","26022000000","910.43","United States"
"205","China Railway Construction","601186.SS","25999700000","0.901477","China"
"206","Legal &amp; General","LGEN.L","25527100000","3.98883","United Kingdom"
"207","Scor","SCR.PA","25321300000","39.3565","France"
"208","Siemens","SIE.DE","25193600000","332.304","Germany"
"209","BMW","BMW.DE","25097500000","67.7314","Germany"
"210","Aviva","AV.L","24977600000","9.97207","United Kingdom"
"211","NetEase","NTES","24789500000","122.965","China"
"212","General Motors","GM","24719000000","86.98","United States"
"213","Chiba Bank","CHBAY","24041600000","82.32","Japan"
"214","Chongqing Rural Commercial Bank","3618.HK","23904100000","0.827306","China"
"215","Meituan","3690.HK","23846700000","9.84857","China"
"216","Centene","CNC","23741000000","65.65","United States"
"217","SpaceX","SPCX","23675000000","135","United States"
"218","National Bank of Canada","NA.TO","23419900000","156.62","Canada"
"219","Shell","SHEL","23117000000","93","United Kingdom"
"220","ENI","E","23107900000","55.22","Italy"
"221","Flagstar Bank","FLG","23080000000","13.42","United States"
"222","Koç Holding","KCHOL.IS","23000600000","4.49353","Turkey"
"223","Orient Securities Company Limited (DFZQ)","600958.SS","22729000000","1.33288","China"
"224","Renault","RNO.PA","22652300000","32.4201","France"
"225","Gree Electric Appliances","000651.SZ","22398300000","6.19133","China"
"226","Sinopec","600028.SS","22329200000","0.797346","China"
"227","Johnson & Johnson","JNJ","22051000000","273.04","United States"
"228","Humana","HUM","21965000000","386.61","United States"
"229","Vinci","DG.PA","21865200000","139.485","France"
"230","Fubon Financial","2881.TW","21808800000","4.4388","Taiwan"
"231","DB Insurance","005830.KS","21779800000","131.799","South Korea"
"232","The Hartford","HIG","21751000000","138.98","United States"
"233","COSCO Shipping","601919.SS","21609400000","2.53931","China"
"234","Blackstone Group","BX","21600200000","143.64","United States"
"235","Truist Financial Corporation","TFC","21421000000","50.81","United States"
"236","Challenger Limited","CGF.AX","21308600000","6.90987","Australia"
"237","Power Corporation of Canada","POW.TO","21299200000","66.1664","Canada"
"238","MFHC","2886.TW","21295800000","1.47437","Taiwan"
"239","NTT (Nippon Telegraph &amp; Telephone)","9432.T","21239500000","1.06209","Japan"
"240","Rosneft","ROSN.ME","21199100000","3.65","Russia"
"241","HDFC Bank","HDB","21090200000","23.54","India"
"242","China State Shipbuilding Corporation (CSSC)","600150.SS","20974300000","5.03399","China"
"243","Boeing","BA","20905000000","210.46","United States"
"244","Bank of Nanjing","601009.SS","20754200000","1.7256","China"
"245","F.I.B.I. Holdings","FIBIH.TA","20623800000","102.363","Israel"
"246","North Pacific Bank","8524.T","20215800000","7.85271","Japan"
"247","China Communications Construction","601800.SS","20121100000","0.885114","China"
"248","Equinor","EQNR","20096000000","42.37","Norway"
"249","Costco","COST","19996000000","971.4","United States"
"250","Wise PLC","WISE.L","19992200000","13.0999","United Kingdom"
"251","China Life Insurance","601628.SS","19971600000","5.59332","China"
"252","Powszechny Zakład Ubezpieczeń","PZU.WA","19968200000","19.6277","Poland"
"253","Compagnie Financière Richemont","CFR.SW","19948100000","232.003","Switzerland"
"254","Bank of Chengdu","601838.SS","19834000000","2.78476","China"
"255","Brookfield Corporation","BN","19690000000","41.97","Canada"
"256","Broadcom","AVGO","19628000000","358.76","United States"
"257","Roche","RO.SW","19547800000","468.981","Switzerland"
"258","Dubai Islamic Bank","DIB.AE","19394000000","2.01476","United Arab Emirates"
"259","CTBC Financial Holding","2891.TW","19264200000","2.02334","Taiwan"
"260","KB Financial Group","KB","19226200000","118.72","South Korea"
"261","Bank of Hangzhou","600926.SS","19031200000","2.47237","China"
"262","Samsung Securities","016360.KS","18935200000","63.8415","South Korea"
"263","Sun Life Financial","SLF","18853600000","79.05","Canada"
"264","BYD","002594.SZ","18789900000","13.5906","China"
"265","Hirogin Holdings","7337.T","18757300000","14.5442","Japan"
"266","Airbus","AIR.PA","18756000000","239.858","Netherlands"
"267","Reinsurance Group of America","RGA","18731000000","245.57","United States"
"268","Ninety One Group","N91.L","18661600000","2.92078","South Africa"
"269","Everest Group","EG","18640000000","376.79","Bermuda"
"270","Mitsui Bussan","8031.T","18618700000","31.0656","Japan"
"271","CK Hutchison Holdings","0001.HK","18475000000","8.91729","Hong Kong"
"272","SK Group","034730.KS","18419900000","401.537","South Korea"
"273","Yuanta Financial Holding","2885.TW","18372800000","1.95746","Taiwan"
"274","ENGIE","ENGI.PA","18049700000","29.4591","France"
"275","Wuliangye Yibin","000858.SZ","18023700000","10.6392","China"
"276","Globe Life","GL","18018400000","173.13","United States"
"277","Zurich Insurance Group","ZURN.SW","17997000000","738.179","Switzerland"
"278","Manulife Financial","MFC","17973200000","42.82","Canada"
"279","Orange","ORA.PA","17928700000","18.4892","France"
"280","Bank Mandiri","BMRI.JK","17904200000","0.237221","Indonesia"
"281","The Hachijuni Bank","8359.T","17775500000","16.3802","Japan"
"282","Thai Life Insurance","TLI.BK","17556800000","0.348198","Thailand"
"283","Canara Bank","CANBK.NS","17430200000","1.33821","India"
"284","Founder Securities","601901.SS","17341500000","0.995195","China"
"285","China Resources Land","1109.HK","17307800000","4.37317","Hong Kong"
"286","Power Construction Corporation of China","601669.SS","17268100000","0.691728","China"
"287","China Shenhua Energy","601088.SS","17200700000","7.01694","China"
"288","Cathay Financial Holding","2882.TW","17163100000","3.23107","Taiwan"
"289","Two Harbors Investment","TWO","16996800000","12.18","United States"
"290","Baidu","BIDU","16954800000","92.18","China"
"291","Great-West Lifeco","GWO.TO","16944700000","64.3336","Canada"
"292","BioNTech","BNTX","16943700000","112.82","Germany"
"293","Aeon","8267.T","16913800000","8.75976","Japan"
"294","ICICI Bank","IBN","16904000000","29.64","India"
"295","Industrial Securities","601377.SS","16876800000","0.867263","China"
"296","Cisco","CSCO","16640000000","110.23","United States"
"297","United Airlines Holdings","UAL","16637000000","113.57","United States"
"298","CXMT","688825.SS","16595700000","8.40486","China"
"299","Uniqa Insurance Group","UN9.F","16447800000","20.6808","Austria"
"300","Everbright Securities Company","6178.HK","16282400000","0.925536","Hong Kong"
"301","Zijin Mining","601899.SS","16276100000","5.01019","China"
"302","Banco Santander Brasil","BSBR","16274700000","5.78","Brazil"
"303","Dior","CDI.PA","16106700000","479.832","France"
"304","Huntington Bancshares","HBAN","16044000000","17.04","United States"
"305","Booking Holdings (Booking.com)","BKNG","16024000000","213.36","United States"
"306","China Telecom","0728.HK","15939700000","0.630207","China"
"307","LVMH","MC.PA","15861200000","531.534","France"
"308","MS&amp;AD Insurance","8725.T","15851800000","31.8377","Japan"
"309","Kia","000270.KS","15784900000","97.4232","South Korea"
"310","Prosus","PRX.AS","15737000000","43.8039","Netherlands"
"311","First International Bank of Israel","FIBI.TA","15720000000","77.2636","Israel"
"312","Al Rajhi Bank","1120.SR","15649800000","18.1787","Saudi Arabia"
"313","Bank of East Asia","0023.HK","15542300000","2.20955","Hong Kong"
"314","Banque Cantonale Vaudoise","BCVN.SW","15541100000","157.986","Switzerland"
"315","Grupo ACS","ACS.MC","15523100000","123.106","Spain"
"316","The Saudi National Bank","1180.SR","15449300000","11.4","Saudi Arabia"
"317","Xiaomi","XIACF","15393800000","3.56","China"
"318","Nissan","7201.T","15353500000","2.03254","Japan"
"319","Mitsubishi Corporation","8058.T","15298300000","29.9106","Japan"
"320","Punjab National Bank","PNB.NS","15239800000","1.21513","India"
"321","Siemens Energy","ENR.F","15174900000","176.918","Germany"
"322","Deutsche Telekom","DTE.DE","15164500000","33.8074","Germany"
"323","Türkiye Is Bankasi","ISCTR.IS","15149400000","0.263041","Turkey"
"324","RWE","RWE.DE","14994400000","67.2651","Germany"
"325","PTT PCL","PTT-R.BK","14954000000","1.23702","Thailand"
"326","Foxconn Industrial Internet","601138.SS","14854600000","8.94783","China"
"327","Daimler Truck","DTG.F","14813800000","54.4416","Germany"
"328","China Overseas Land &amp; Investment","0688.HK","14812200000","1.75922","Hong Kong"
"329","Baker Hughes","BKR","14764000000","61.985","United States"
"330","Industrial Bank of Korea (IBK)","024110.KS","14717900000","14.6243","South Korea"
"331","Tokio Marine","8766.T","14708200000","46.5011","Japan"
"332","Suncorp","SUN.AX","14658600000","13.8555","Australia"
"333","Nishi-Nippon Financial Holdings","7189.T","14535200000","29.2076","Japan"
"334","Naspers","NPSNY","14451000000","9.59","South Africa"
"335","Hermès","RMS.PA","14377500000","1839.59","France"
"336","Jefferies Financial Group","JEF","14314800000","51.91","United States"
"337","Bankinter","BKT.MC","14298800000","19.7773","Spain"
"338","Vodafone","VOD","14269800000","15.98","United Kingdom"
"339","Fast Retailing","9983.T","14241400000","455.282","Japan"
"340","Sony","SONY","14106800000","24.26","Japan"
"341","Taiwan Cooperative Financial","5880.TW","14036300000","0.785808","Taiwan"
"342","Intact Financial","IFC.TO","14026600000","191.818","Canada"
"343","Midea","000333.SZ","13986000000","12.8959","China"
"344","Nintendo","7974.T","13979500000","55.6406","Japan"
"345","Grupo Catalana Occidente","GCO.MC","13950900000","53.2104","Spain"
"346","Fosun","0656.HK","13926200000","0.678684","China"
"347","Visa","V","13913000000","382.41","United States"
"348","Coca-Cola","KO","13820000000","91.99","United States"
"349","BHP Group","BHP","13815000000","97.13","Australia"
"350","Changjiang Securities","000783.SZ","13807400000","1.27932","China"
"351","Shanghai Commercial and Savings Bank","5876.TW","13653600000","1.37242","Taiwan"
"352","RenaissanceRe","RNR","13538300000","329.42","Bermuda"
"353","Cullen/Frost Bankers","CFR","13528900000","164.39","United States"
"354","Li Auto","LI","13504900000","12.48","China"
"355","EFG International","EFGN.SW","13406800000","20.4759","Switzerland"
"356","Kiwoom Securities","039490.KS","13376200000","199.324","South Korea"
"357","Chery Automobile","9973.HK","13370400000","3.36025","China"
"358","XP Inc.","XP","13351100000","17.07","Brazil"
"359","Sabancı Holding","SAHOL.IS","13349300000","1.94525","Turkey"
"360","Block","XYZ","13262100000","81.38","United States"
"361","Zheshang Securities","601878.SS","13244900000","1.37007","China"
"362","BlackRock","BLK","13145000000","1172.61","United States"
"363","Progressive","PGR","13093000000","223.92","United States"
"364","Pfizer","PFE","13075000000","27.97","United States"
"365","Japan Securities Finance","8511.T","13062500000","15.492","Japan"
"366","Maybank","MLYBY","13001300000","5.55","Malaysia"
"367","Zhongtai Securities","600918.SS","12955100000","0.840486","China"
"368","China Pacific Insurance","601601.SS","12840200000","4.68292","China"
"369","Daishi Hokuetsu Financial Group","7327.T","12777800000","15.6866","Japan"
"370","Emaar Development","EMAARDEV.AE","12750400000","3.50132","United Arab Emirates"
"371","Inditex","ITX.MC","12663900000","68.3842","Spain"
"372","Israel Discount Bank","DSCT.TA","12609300000","11.1796","Israel"
"373","OTP Bank","OTP.BD","12543300000","149.889","Hungary"
"374","BIDV  (Commercial Bank for Investment and Development of Vietnam)","BID.VN","12539600000","1.40226","Vietnam"
"375","KDDI","9433.T","12506600000","18.2634","Japan"
"376","Dai-ichi Life Holdings","8750.T","12452300000","11.3114","Japan"
"377","Quiñenco","QUINENCO.SN","12446200000","4.87336","Chile"
"378","EnBW Energie","EBK.DE","12408500000","79.7389","Germany"
"379","Honeywell","HON","12390000000","214.77","United States"
"380","China Merchants Shekou Industrial Zone","001979.SZ","12365300000","1.06809","China"
"381","Arista Networks","ANET","12353200000","188.15","United States"
"382","AMD","AMD","12347000000","456.745","United States"
"383","Procter & Gamble","PG","12306000000","146.6","United States"
"384","Netflix","NFLX","12288400000","80.01","United States"
"385","Adyen","ADYEN.AS","12281900000","1251.57","Netherlands"
"386","Ørsted","ORSTED.CO","12196100000","21.4772","Denmark"
"387","Robinhood","HOOD","12186000000","103.62","United States"
"388","Dongfeng Motor","0489.HK","12178200000","1.2185","China"
"389","Arch Capital","ACGL","12175000000","101.14","Bermuda"
"390","SoftBank Corp.","9434.T","12165200000","1.50212","Japan"
"391","Amgen","AMGN","12038000000","443.84","United States"
"392","Bank of Baroda","BANKBARODA.NS","12037700000","2.52064","India"
"393","Airbnb","ABNB","12005000000","190.21","United States"
"394","AT&T","T","11964000000","25.69","United States"
"395","Enel","ENEL.MI","11953800000","11.1145","Italy"
"396","Bank Negara Indonesia","BBNI.JK","11924800000","0.207851","Indonesia"
"397","Banco Comercial Português (Millennium bcp)","BCP.LS","11875700000","1.30217","Portugal"
"398","Subaru","7270.T","11874200000","16.4022","Japan"
"399","Anheuser-Busch Inbev","BUD","11838000000","79.3","Belgium"
"400","Salesforce","CRM","11837000000","209.06","United States"
"401","CVS Health","CVS","11802000000","94.11","United States"
"402","IBM","IBM","11783000000","231.04","United States"
"403","Trip.com","TCOM","11751300000","46.02","China"
"404","Riyad Bank","1010.SR","11719000000","5.54816","Saudi Arabia"
"405","CIMB Group","1023.KL","11698000000","1.96957","Malaysia"
"406","SAP","SAP","11626300000","218.66","Germany"
"407","The Shiga Bank","8366.T","11626200000","16.9357","Japan"
"408","L'Oréal","OR.PA","11625400000","454.185","France"
"409","VakıfBank","VAKBN.IS","11612900000","0.660825","Turkey"
"410","Dell","DELL","11578000000","433.19","United States"
"411","Weichai Power","2338.HK","11530400000","4.01852","China"
"412","Mashreqbank","MASQ.AE","11372100000","81.7066","United Arab Emirates"
"413","BOE Technology","000725.SZ","11240600000","0.853874","China"
"414","Veolia","VIE.PA","11236300000","39.8345","France"
"415","Regions Financial","RF","11227000000","30.63","United States"
"416","China Coal Energy Company Limited","601898.SS","11178500000","2.24328","China"
"417","First Financial Holding","2892.TW","11168800000","1.06029","Taiwan"
"418","Dassault Aviation","AM.PA","11088400000","345.302","France"
"419","Japan Post Insurance","7181.T","11054300000","10.442","Japan"
"420","Luxshare Precision","002475.SZ","11003400000","8.1609","China"
"421","Grupo México","GMBXF","10913100000","14.24","Mexico"
"422","Wilmar International","F34.SI","10905500000","2.9502","Singapore"
"423","Markel Group","MKL","10858900000","1817.3","United States"
"424","Citizens Financial Group","CFG","10850000000","70.23","United States"
"425","Luzerner Kantonalbank","LUKN.SW","10769100000","144.053","Switzerland"
"426","Life Insurance Corporation of India (LIC)","LICI.NS","10729700000","4.41176","India"
"427","Walmart","WMT","10729000000","106.49","United States"
"428","Pepsico","PEP","10716000000","144.67","United States"
"429","Coinbase","COIN","10684400000","179.48","United States"
"430","Grupo Elektra","XEKT.MC","10679100000","20.2458","Mexico"
"431","GarantiBank","GARAN.IS","10671400000","2.77388","Turkey"
"432","Hitachi","6501.T","10586400000","33.2689","Japan"
"433","Bank of Suzhou","002966.SZ","10571100000","1.28081","China"
"434","Bank of India","BANKINDIA.NS","10570300000","1.50026","India"
"435","Bank Rakyat Indonesia","BBRI.JK","10542300000","0.17961","Indonesia"
"436","Sea Limited","SE","10540600000","115.68","Singapore"
"437","Shin-Etsu Chemical","4063.T","10512700000","37.6943","Japan"
"438","Vontobel","VONN.SW","10489400000","114.073","Switzerland"
"439","Bristol-Myers Squibb","BMY","10486000000","67.28","United States"
"440","Aozora Bank","8304.T","10434600000","21.0661","Japan"
"441","Bank Central Asia","BBCA.JK","10419800000","0.36148","Indonesia"
"442","Bank of Changsha","601577.SS","10407500000","1.41916","China"
"443","SMIC","0981.HK","10404000000","8.65577","China"
"444","Shizuoka Financial Group","5831.T","10322400000","22.1144","Japan"
"445","Yapı Kredi","YKBNK.IS","10301200000","0.76313","Turkey"
"446","Synchrony Financial","SYF","10294000000","80.02","United States"
"447","Bajaj Finserv","BAJAJFINSV.NS","10205300000","20.9153","India"
"448","GE Vernova","GEV","10172000000","942.1","United States"
"449","Accenture","ACN","10171600000","186.53","Ireland"
"450","Soochow Securities","601555.SS","10160800000","1.16924","China"
"451","Spotify","SPOT","10122800000","537.84","Sweden"
"452","Jyske Bank","JYSK.CO","10095500000","167.452","Denmark"
"453","Sumitomo","8053.T","9982150000","11.1043","Japan"
"454","POSCO","PKX","9910070000","58.66","South Korea"
"455","Phoenix Group","PHNX.L","9833750000","10.4178","United Kingdom"
"456","Schroders","SDR.L","9828230000","7.94973","United Kingdom"
"457","Kyushu Financial Group","7180.T","9803110000","9.58834","Japan"
"458","QUALCOMM","QCOM","9799000000","158.53","United States"
"459","Hua Nan Financial Holdings","2880.TW","9750290000","1.24918","Taiwan"
"460","International Consolidated Airlines","BABWF","9738510000","5.65","Spain"
"461","China Unicom","0762.HK","9709840000","0.737367","Hong Kong"
"462","Sinopac Financial Holdings","2890.TW","9696920000","1.23283","Taiwan"
"463","CRRC","1766.HK","9685520000","0.673581","China"
"464","Union Bank of India","UNIONBANK.NS","9614080000","1.9464","India"
"465","SABIC","2010.SR","9580550000","13.5308","Saudi Arabia"
"466","Emaar Properties","EMAAR.AE","9525340000","3.0058","United Arab Emirates"
"467","SK Innovation","096775.KS","9505660000","48.4588","South Korea"
"468","SK Innovation","096770.KS","9505660000","90.2736","South Korea"
"469","Comcast","CMCSA","9468000000","27.02","United States"
"470","Repsol","REP.MC","9456130000","31.5342","Spain"
"471","Mediobanca","MB.MI","9453600000","33.0263","Italy"
"472","Keyence","6861.T","9420470000","516.295","Japan"
"473","AbbVie","ABBV","9391000000","264.52","United States"
"474","General Electric","GE","9345000000","341.84","United States"
"475","PayPal","PYPL","9342000000","61.68","United States"
"476","Geely","0175.HK","9336530000","2.42132","China"
"477","Deere &amp; Company (John Deere)","DE","9335000000","648.64","United States"
"478","The Hyakugo Bank","8368.T","9320270000","14.1738","Japan"
"479","Seres Group","601127.SS","9302710000","7.54652","China"
"480","Nebius Group","NBIS","9298200000","210.91","Netherlands"
"481","Molina Healthcare","MOH","9251000000","198.5","United States"
"482","Migdal Insurance and Financial Holdings","MGDL.TA","9250010000","6.23308","Israel"
"483","Medtronic","MDT","9220000000","92.9","Ireland"
"484","Petrobras","PBR","9166540000","18.6","Brazil"
"485","ASX","ASX.AX","9146030000","40.5508","Australia"
"486","Great Wall Motors","601633.SS","9140760000","2.29088","China"
"487","Credicorp","BAP","9130800000","379.74","Bermuda"
"488","CNO Financial Group","CNO","9107800000","54.24","United States"
"489","Compagnie de Saint-Gobain","SGO.PA","9083010000","93.938","France"
"490","Live Nation","LYV","9077850000","184.59","United States"
"491","Nike","NKE","9027000000","40.75","United States"
"492","DHL Group (Deutsche Post)","DHL.DE","9020940000","66.2392","Germany"
"493","FirstRand","FSR.JO","8989190000","5.99389","South Africa"
"494","Jardine Matheson","J36.SI","8936000000","60.8","Hong Kong"
"495","Lufthansa","LHA.DE","8908670000","9.28188","Germany"
"496","Anhui Conch Cement","AHCHF","8892680000","2.8","China"
"497","Kuaishou Technology","1024.HK","8882520000","4.24305","China"
"498","Axis Bank","AXISBANK.BO","8861550000","12.8978","India"
"499","Paccar","PCAR","8858300000","129.94","United States"
"500","Korea Investment Holdings","071050.KS","8857630000","138.299","South Korea"
"501","Mitsubishi Estate","8802.T","8855110000","23.2882","Japan"
"502","Bank of Qingdao (BQD)","002948.SZ","8853250000","0.879163","China"
"503","Banque Cantonale de Genève","BCGE.SW","8814000000","38.9366","Switzerland"
"504","Vanke","2202.HK","8784150000","0.309363","China"
"505","Newmont","NEM","8779000000","131.84","United States"
"506","HD Hyundai","267250.KS","8774700000","155.632","South Korea"
"507","Porsche","P911.DE","8757050000","50.9792","Germany"
"508","Regeneron Pharmaceuticals","REGN","8753700000","828.5","United States"
"509","Suzuki Motor","7269.T","8750280000","13.3013","Japan"
"510","Berner Kantonalbank","BEKN.SW","8717940000","489.507","Switzerland"
"511","QNB Finansbank","QNBTR.IS","8657970000","4.03399","Turkey"
"512","ASML","ASML","8653000000","1740.13","Netherlands"
"513","MTN Group","MTN.JO","8585290000","11.6762","South Africa"
"514","The Gunma Bank","8334.T","8576100000","17.2339","Japan"
"515","China Great Wall Securities","002939.SZ","8575240000","1.18858","China"
"516","Akbank","AKBNK.IS","8575200000","1.50027","Turkey"
"517","HMM","011200.KS","8568080000","16.3576","South Korea"
"518","Uniper","UN0.DE","8552180000","54.2084","Germany"
"519","Genworth Financial","GNW","8508000000","9.89","United States"
"520","Harel Group","HARL.TA","8450880000","59.7976","Israel"
"521","Intuit","INTU","8442000000","369.92","United States"
"522","Exxon Mobil","XOM","8435000000","164.05","United States"
"523","Air France-KLM","AF.PA","8387830000","14.0534","France"
"524","Hyundai Mobis","012330.KS","8381500000","359.65","South Korea"
"525","GameStop","GME","8368100000","18.04","United States"
"526","Verizon","VZ","8366000000","50.15","United States"
"527","Basler Kantonalbank","BSKP.SW","8269090000","120.791","Switzerland"
"528","St. Galler Kantonalbank","SGKN.SW","8249760000","811.076","Switzerland"
"529","Applied Materials","AMAT","8241000000","484.19","United States"
"530","Mastercard","MA","8219000000","599.86","United States"
"531","Larsen &amp; Toubro","LT.NS","8196550000","42.9903","India"
"532","Mazda","7261.T","8154900000","7.55141","Japan"
"533","Rolls-Royce Holdings","RR.L","8144960000","20.8814","United Kingdom"
"534","Helvetia Baloise Holding AG","HBAN.SW","8124290000","265.963","Switzerland"
"535","Safran","SAF.PA","8110330000","404.989","France"
"536","E.SUN Bank","2884.TW","8084770000","1.22341","Taiwan"
"537","Haier Smart Home","600690.SS","8074070000","3.15815","China"
"538","Juroku Financial Group","7380.T","8034060000","15.787","Japan"
"539","Palantir","PLTR","8026410000","175.89","United States"
"540","FedEx","FDX","8008000000","334.05","United States"
"541","Gazprom","GAZP.ME","7977750000","0.98","Russia"
"542","BDO Unibank","BDOUY","7962630000","19.91","Philippines"
"543","LLB (Liechtensteinische Landesbank)","LLBN.SW","7957540000","146.044","Liechtenstein"
"544","Rede D'Or Sao Luiz","RDOR3.SA","7946150000","6.70213","Brazil"
"545","MediaTek","2454.TW","7928310000","117.165","Taiwan"
"546","ANA Holdings","9202.T","7926430000","19.1453","Japan"
"547","Basellandschaftliche Kantonalbank","BLKB.SW","7914530000","1349.72","Switzerland"
"548","Telefónica","TEF.MC","7901230000","4.26207","Spain"
"549","Halkbank","HALKB.IS","7847390000","0.728197","Turkey"
"550","The Phoenix Holdings","PHOE.TA","7845540000","60.7642","Israel"
"551","The Cigna Group","CI","7800000000","280.45","United States"
"552","ORLEN","PKN.WA","7759290000","41.3882","Poland"
"553","Bouygues","EN.PA","7753560000","54.0219","France"
"554","Zoom","ZM","7720970000","104.83","United States"
"555","Danone","BN.PA","7719150000","77.1975","France"
"556","Denso","6902.T","7711270000","12.0615","Japan"
"557","Bayer","BAYN.DE","7708420000","56.4934","Germany"
"558","Sany Heavy Industry","600031.SS","7688620000","2.81898","China"
"559","Hochtief","HOT.F","7681390000","501.516","Germany"
"560","AstraZeneca","AZN","7675000000","166.71","United Kingdom"
"561","LONGi Green Energy Technology","601012.SS","7653200000","1.81039","China"
"562","Gilead Sciences","GILD","7643000000","146.74","United States"
"563","Maersk","MAERSK-B.CO","7528000000","3426.99","Denmark"
"564","NN Group","NN.AS","7522970000","90.3241","Netherlands"
"565","Graubündner Kantonalbank","GRKP.SW","7514660000","3060.2","Switzerland"
"566","Loews Corporation","L","7514000000","111.45","United States"
"567","Nestlé","NESN.SW","7490210000","99.4564","Switzerland"
"568","Banca Transilvania","TLV.RO","7468420000","8.22331","Romania"
"569","Carrefour","CA.PA","7467750000","18.7048","France"
"570","Rio Tinto","RIO","7452000000","104.8","United Kingdom"
"571","Kuwait Projects Company Holding","KPROJ.KW","7426850000","253.668","Kuwait"
"572","Shanghai Electric Group","601727.SS","7384690000","0.966931","China"
"573","Iyogin Holdings","5830.T","7359530000","24.324","Japan"
"574","Iberdrola","IBE.MC","7327630000","23.4087","Spain"
"575","Swissquote","SQN.SW","7323300000","52.2473","Switzerland"
"576","Veeva Systems","VEEV","7312720000","248.46","United States"
"577","Abbott Laboratories","ABT","7295000000","116.67","United States"
"578","American Airlines","AAL","7294000000","13.63","United States"
"579","Yankuang Energy (Yanzhou Coal Mining)","600188.SS","7285780000","3.22955","China"
"580","ORIX","IX","7269270000","39.11","Japan"
"581","IndusInd Bank","INDUSINDBK.NS","7268560000","10.6133","India"
"582","Vertex Pharmaceuticals","VRTX","7246700000","547.59","United States"
"583","EQT","EQT.ST","7225290000","35.6467","Sweden"
"584","Acciona","ANA.MC","7192870000","246.444","Spain"
"585","Marubeni","8002.T","7174770000","31.1158","Japan"
"586","Sompo Holdings","8630.T","7157290000","42.7034","Japan"
"587","PKO Bank Polski","PKO.WA","7137430000","30.8544","Poland"
"588","Barrick Gold","B","7131000000","48.16","Canada"
"589","ZTE","000063.SZ","7093830000","4.97151","China"
"590","Nokia","NOK","7086890000","9.96","Finland"
"591","Kweichow Moutai","600519.SS","7076480000","193.981","China"
"592","BTG Pactual","BPAC3.SA","7032570000","4.19369","Brazil"
"593","GAC (Guangzhou Automobile Group)","601238.SS","7008630000","0.779495","China"
"594","Compagnie de l'Odet","ODET.PA","6992110000","1527.16","France"
"595","Eiffage","FGR.PA","6987290000","138.377","France"
"596","Novartis","NVS","6977000000","158.02","Switzerland"
"597","Sinopharm","1099.HK","6974780000","2.03478","China"
"598","The Keiyo Bank","8544.T","6915790000","17.0236","Japan"
"599","Marex Group","MRX","6891700000","70.54","United Kingdom"
"600","Nexi","NEXI.MI","6890960000","5.1737","Italy"
"601","Radian Group","RDN","6885220000","36.71","United States"
"602","JD Health","6618.HK","6882480000","4.84009","China"
"603","Commercial International Bank","CIN.F","6880130000","2.54138","Egypt"
"604","Holcim Group","HOLN.SW","6875080000","87.7007","Switzerland"
"605","Bank Pekao (Bank Polska Kasa Opieki)","PEO.WA","6859980000","69.9367","Poland"
"606","Bolloré","BOL.PA","6819660000","4.46025","France"
"607","Old Mutual","OMU.JO","6819580000","0.780455","South Africa"
"608","RTX","RTX","6818000000","209.22","United States"
"609","C&amp;D International Investment Group","1908.HK","6803060000","2.0284","Hong Kong"
"610","TCL Technology Group Corporation","000100.SZ","6800100000","0.730405","China"
"611","Oscar Health","OSCR","6799780000","31.81","United States"
"612","Toyota Tsusho","8015.T","6781140000","46.9782","Japan"
"613","ENEOS Holdings","5020.T","6780950000","8.4208","Japan"
"614","Banco Santander-Chile","BSAC","6766130000","36.1","Chile"
"615","Sino Land","0083.HK","6756500000","1.37268","Hong Kong"
"616","LY Corporation","4689.T","6735020000","3.39154","Japan"
"617","Fairfax Financial","FFH.TO","6687800000","1639.43","Canada"
"618","DiDi","DIDIY","6684750000","3.76","China"
"619","First Citizens BancShares","FCNCA","6653000000","2183.05","United States"
"620","Kakao","035720.KS","6645650000","26.0349","South Korea"
"621","Singapore Airlines","C6L.SI","6625580000","5.4441","Singapore"
"622","M&G plc","MNG.L","6604310000","4.7885","United Kingdom"
"623","Hapag-Lloyd","HLAG.DE","6569520000","159.944","Germany"
"624","Japan Airlines","9201.T","6567080000","18.9758","Japan"
"625","Japan Tobacco","2914.T","6565640000","43.8522","Japan"
"626","Turkish Airlines","THYAO.IS","6563000000","6.27971","Turkey"
"627","Saudi Telecom Company","7010.SR","6541560000","11.7942","Saudi Arabia"
"628","Quanta Computer","2382.TW","6540590000","10.3049","Taiwan"
"629","KE Holdings","BEKE","6525180000","17.71","China"
"630","Tata Motors","TATAMOTORS.NS","6521000000","4.51722","India"
"631","Investec","INVR.L","6508890000","9.04733","United Kingdom"
"632","The Kiyo Bank","8370.T","6497310000","31.0719","Japan"
"633","Woori Financial Group","WF","6486580000","69.51","South Korea"
"634","Munich RE (Münchener Rück)","MUV2.DE","6481560000","605.502","Germany"
"635","HD Korea Shipbuilding &amp; Offshore Engineering","009540.KS","6476510000","261.793","South Korea"
"636","Indian Bank","INDIANB.NS","6460190000","9.16937","India"
"637","Shionogi","4507.T","6445650000","18.2728","Japan"
"638","LG Chem","051910.KS","6443550000","189.936","South Korea"
"639","Coal India","COALINDIA.NS","6434120000","4.20176","India"
"640","Lufax","LU","6429470000","1.35","China"
"641","Sanofi","SNY","6416740000","45.69","France"
"642","Fomento Económico Mexicano (FEMSA)","FMX","6406470000","121.99","Mexico"
"643","Kunlun Energy Company","0135.HK","6376270000","0.893643","Hong Kong"
"644","ConocoPhillips","COP","6363000000","133.35","United States"
"645","TDK","6762.T","6320900000","19.139","Japan"
"646","Coupang","CPNG","6301000000","16.44","United States"
"647","WuXi AppTec","2359.HK","6292890000","26.0502","China"
"648","Orient Overseas Container Line","0316.HK","6285160000","21.4832","Hong Kong"
"649","E.ON","EOAN.DE","6281320000","20.4418","Germany"
"650","ASR Nederland","ASRNL.AS","6281280000","82.56","Netherlands"
"651","Chugai Pharmaceutical","4519.T","6263520000","43.6262","Japan"
"652","Grab Holdings","GRAB","6256000000","3.52","Singapore"
"653","Bicecorp","BICE.SN","6251710000","0.431763","Chile"
"654","CMOC","3993.HK","6199470000","2.15087","China"
"655","S.F. Express","002352.SZ","6183430000","4.89713","China"
"656","Raymond James Financial","RJF","6178000000","176.68","United States"
"657","Essent Group","ESNT","6176510000","68.47","Bermuda"
"658","Unilever","UL","6170850000","65.32","United Kingdom"
"659","Anglo American","AAL.L","6146000000","56.268","United Kingdom"
"660","Panasonic","6752.T","6099660000","27.0608","Japan"
"661","Metropolitan Bank (Metrobank)","MTPOY","6095790000","21.886","Philippines"
"662","Uber","UBER","6091000000","79.29","United States"
"663","Popular, Inc. (Banco Popular de Puerto Rico)","BPOP","6084100000","168.43","United States"
"664","Hikvision","002415.SZ","6063960000","5.16936","China"
"665","Banco de Crédito e Inversiones","BCI.SN","6050760000","73.8224","Chile"
"666","OMV","OMV.F","6038260000","79.2143","Austria"
"667","Standard Bank Group","SBK.JO","5982900000","19.8847","South Africa"
"668","Naturgy","NTGY.MC","5963030000","34.81","Spain"
"669","Naver","035420.KS","5962380000","159.243","South Korea"
"670","Evergreen Marine","2603.TW","5951370000","7.71692","Taiwan"
"671","Woodside Energy","WDS","5941000000","23.82","Australia"
"672","MGIC Investment","MTG","5938210000","31.1","United States"
"673","Thurgauer Kantonalbank","TKBP.SW","5920020000","201.525","Switzerland"
"674","Tokyo Electric Power Company","9501.T","5910160000","3.25031","Japan"
"675","Jiangsu Hengrui Medicine","600276.SS","5894200000","6.91579","China"
"676","Daikin","6367.T","5886560000","130.753","Japan"
"677","Global Payments","GPN","5861310000","94.3","United States"
"678","ABB","ABBN.SW","5857000000","98.9215","Switzerland"
"679","InterGlobe Aviation (IndiGo)","INDIGO.NS","5833900000","54.3621","India"
"680","Wipro","WIT","5815150000","1.88","India"
"681","United Parcel Service","UPS","5802000000","102.72","United States"
"682","AXIS Capital","AXS","5801960000","99.34","Bermuda"
"683","Kyoto Financial Group","5844.T","5794780000","30.3751","Japan"
"684","Expedia Group","EXPE","5794000000","339.125","United States"
"685","Chongqing Changan","000625.SZ","5789090000","1.05619","China"
"686","LG Electronics","066570.KS","5788120000","144.799","South Korea"
"687","mBank","MBK.WA","5757090000","371.742","Poland"
"688","Ericsson","ERIC","5745170000","10.16","Sweden"
"689","Shopify","SHOP","5743000000","149.8","Canada"
"690","Valero Energy","VLO","5733000000","346","United States"
"691","Merck","MRK","5702000000","150.66","United States"
"692","Danaher","DHR","5701000000","215.11","United States"
"693","MTR Corporation","0066.HK","5686150000","4.26346","Hong Kong"
"694","Walt Disney","DIS","5682000000","110.61","United States"
"695","Centrica","CNA.L","5653530000","2.10544","United Kingdom"
"696","Seven Bank","8410.T","5651750000","2.10536","Japan"
"697","Dassault Systèmes","DSY.PA","5642310000","26.125","France"
"698","Vinhomes","VHM.VN","5629950000","2.81217","Vietnam"
"699","Adobe","ADBE","5626000000","276.27","United States"
"700","Heineken","HEIA.AS","5606980000","84.845","Netherlands"
"701","China National Chemical Engineering (CNCEC)","601117.SS","5594290000","1.11866","China"
"702","Yang Ming","2609.TW","5593620000","1.99511","Taiwan"
"703","TJX Companies","TJX","5580000000","140.71","United States"
"704","Ally Financial","ALLY","5571000000","42.45","United States"
"705","Nu Holdings","NU","5553530000","14.76","Brazil"
"706","Hanwha Aerospace","012450.KS","5552860000","795.852","South Korea"
"707","Tesco","TSCO.L","5549520000","6.28295","United Kingdom"
"708","DoorDash","DASH","5533000000","229.06","United States"
"709","flatexDEGIRO AG","FTK.DE","5530390000","42.3409","Germany"
"710","Hengli Petrochemical","600346.SS","5504530000","2.72228","China"
"711","Mahindra &amp; Mahindra","M&M.NS","5491870000","35.9241","India"
"712","Anta Sports","2020.HK","5481770000","9.17244","China"
"713","MercadoLibre","MELI","5456000000","1947.9","Argentina"
"714","Philip Morris International","PM","5450000000","191.46","United States"
"715","Schneider Electric","SU.PA","5443700000","344.486","France"
"716","Allstate","ALL","5402000000","260.19","United States"
"717","Power Financial","PWF-PS.TO","5393340000","15.7713","Canada"
"718","Bharti Airtel","BHARTIARTL.NS","5369690000","20.2602","India"
"719","Bao Viet Holdings","BVH.VN","5367320000","2.43008","Vietnam"
"720","CK Asset Holdings","1113.HK","5364970000","5.98314","Hong Kong"
"721","Southern Copper","SCCO","5349500000","214.25","United States"
"722","Aluminum Corporation of China","601600.SS","5346890000","1.39387","China"
"723","AXIA Energia SA","AXIA3.SA","5329920000","10.1988","Brazil"
"724","Chevron","CVX","5327000000","203.09","United States"
"725","Admiral Group","ADM.L","5318330000","55.0916","United Kingdom"
"726","JSW Steel","JSWSTEEL.NS","5309880000","13.7321","India"
"727","Hewlett Packard Enterprise","HPE","5292000000","52.43","United States"
"728","Eli Lilly","LLY","5282000000","1246.93","United States"
"729","Vale","VALE","5279000000","15.04","Brazil"
"730","Thales","HO.PA","5275830000","294.474","France"
"731","The Ogaki Kyoritsu Bank","8361.T","5275010000","49.8406","Japan"
"732","Shanghai International Port Group (SIPG)","600018.SS","5267590000","0.779495","China"
"733","Valiant Holding","VATN.SW","5249990000","186.846","Switzerland"
"734","New China Life Insurance","601336.SS","5245570000","8.83031","China"
"735","Tokyo Kiraboshi Financial Group","7173.T","5208900000","10.577","Japan"
"736","Moderna","MRNA","5205000000","138.89","United States"
"737","Taiwan Business Bank","2834.TW","5197450000","0.512893","Taiwan"
"738","ServiceNow","NOW","5182000000","128.05","United States"
"739","Strabag","XD4.F","5172580000","100.723","Austria"
"740","Phillips 66","PSX","5150000000","241.96","United States"
"741","China Tourism Group Duty Free","601888.SS","5118410000","7.82619","China"
"742","Mitsubishi Heavy Industries","7011.T","5110670000","24.7696","Japan"
"743","Texas Instruments","TXN","5103000000","258.94","United States"
"744","Hindustan Aeronautics","HAL.NS","5102310000","51.0814","India"
"745","Interactive Brokers","IBKR","5085000000","93.05","United States"
"746","Kering","KER.PA","5066610000","292.667","France"
"747","AS LHV Group","LHV1T.TL","5065910000","3.89368","Estonia"
"748","America Movil","AMX","5059950000","23.8","Mexico"
"749","Kotak Mahindra Bank","KOTAKBANK.NS","5054780000","4.18295","India"
"750","Itōchū Shōji","8001.T","5054020000","13.295","Japan"
"751","Recruit","6098.T","5052840000","104.232","Japan"
"752","Vestas Wind Systems","VWS.CO","5050980000","33.0538","Denmark"
"753","Texas Capital Bancshares","TCBI","5012260000","98","United States"
"754","Unicaja Banco","UNI.MC","4992880000","4.21543","Spain"
"755","Ferrovial","FER.MC","4983200000","63.418","Spain"
"756","Mitsubishi Electric","6503.T","4974790000","35.2399","Japan"
"757","Delta Electronics","2308.TW","4964630000","53.642","Taiwan"
"758","KLA","KLAC","4957940000","181.57","United States"
"759","Metro Bank Holdings","MTRO.L","4957140000","2.31791","United Kingdom"
"760","Asia Commercial Joint Stock Bank","ACB.VN","4951990000","0.848235","Vietnam"
"761","Publicis Groupe","PUB.PA","4933860000","120.424","France"
"762","AMP Limited","AMP.AX","4927050000","1.71674","Australia"
"763","Sungrow Power Supply","300274.SZ","4918800000","16.3025","China"
"764","Antofagasta","ANTO.L","4909800000","53.9064","United Kingdom"
"765","Lenovo","0992.HK","4903560000","3.92922","Hong Kong"
"766","Dubai Electricity and Water Authority (DEWA)","DEWA.AE","4902340000","0.732391","United Arab Emirates"
"767","Hua Hong Semiconductor Limited","1347.HK","4893810000","14.084","China"
"768","BAE Systems","BA.L","4876470000","28.7583","United Kingdom"
"769","The Miyazaki Bank","8393.T","4869320000","15.1593","Japan"
"770","Amundi","AMUN.PA","4868660000","110.982","France"
"771","Volvo Group","VOLV-A.ST","4849520000","36.8991","Sweden"
"772","Ahold Delhaize","AD.AS","4848440000","36.5353","Netherlands"
"773","Korea Electric Power","KEP","4843600000","11.31","South Korea"
"774","Oil &amp; Natural Gas","ONGC.NS","4830080000","2.44468","India"
"775","Rivian","RIVN","4830000000","16.6","United States"
"776","Technip Energies","TE.PA","4829800000","34.7167","France"
"777","Leonteq","LEON.SW","4825670000","26.248","Switzerland"
"778","Air Canada","AC.TO","4811230000","20.925","Canada"
"779","AL Sydbank A/S","ALSYDB.CO","4806620000","102.202","Denmark"
"780","New Oriental","EDU","4802450000","56.38","China"
"781","GBL","GBLB.VI","4793360000","85.7426","Belgium"
"782","First Pacific Company","0142.HK","4792400000","0.660186","Hong Kong"
"783","BeOne Medicines","ONC","4791680000","371.98","United States"
"784","Grupo Cibest (Bancolombia)","CIB","4775060000","101.82","Colombia"
"785","Wanhua Chemical","600309.SS","4773260000","10.84","China"
"786","Datadog","DDOG","4758620000","225.77","United States"
"787","Fanuc","6954.T","4753910000","37.9579","Japan"
"788","Lam Research","LRCX","4750940000","310.17","United States"
"789","Aroundtown","AT1.F","4727140000","2.33621","Luxembourg"
"790","British American Tobacco","BTI","4724290000","56.71","United Kingdom"
"791","Welltower","WELL","4703780000","240.01","United States"
"792","Michelin","ML.PA","4666020000","36.9476","France"
"793","Delta Air Lines","DAL","4665000000","82.48","United States"
"794","KEPCO","9503.T","4650120000","16.2672","Japan"
"795","Bridgestone","5108.T","4650000000","25.9497","Japan"
"796","Yuexiu Property","0123.HK","4649660000","0.470741","Hong Kong"
"797","PayPay Corporation","PAYP","4644860000","15.2","Japan"
"798","Bank of the Philippine Islands","BPHLY","4622860000","34.24","Philippines"
"799","SLM Corporation (Sallie Mae)","SLM","4616120000","26.34","United States"
"800","NIO","NIO","4607590000","4.36","China"
"801","Forvia SE","FRVIA.PA","4602710000","10.1609","France"
"802","Central Bank of India","CENTRALBK.NS","4600470000","0.320761","India"
"803","The Saudi British Bank","1060.SR","4590450000","9.1466","Saudi Arabia"
"804","Genting Berhad","3182.KL","4587790000","0.51466","Malaysia"
"805","Amphenol","APH","4583100000","155.55","United States"
"806","Formosa Petrochemical","6505.TW","4571730000","2.22724","Taiwan"
"807","STMicroelectronics","STM","4571000000","49.35","Switzerland"
"808","Fresenius","FRE.DE","4570650000","53.7538","Germany"
"809","easyJet","EZJ.L","4563630000","9.18766","United Kingdom"
"810","Zuger Kantonalbank","ZUGER.SW","4560550000","12813","Switzerland"
"811","GSK plc","GSK","4559660000","51.78","United Kingdom"
"812","Banorte","GFNORTEO.MX","4558920000","11.081","Mexico"
"813","Luzhou Laojiao","000568.SZ","4553690000","12.6043","China"
"814","CrowdStrike","CRWD","4552800000","190.68","United States"
"815","Commercial Bank of Dubai","CBD.AE","4551840000","2.61374","United Arab Emirates"
"816","Intuitive Surgical","ISRG","4517300000","373.57","United States"
"817","Banque Saudi Fransi","1050.SR","4512060000","5.78788","Saudi Arabia"
"818","Hansoh Pharma","3692.HK","4511980000","4.02873","China"
"819","Jet2","JET2.L","4509450000","21.0749","United Kingdom"
"820","SMC corp","6273.T","4488000000","452.52","Japan"
"821","Foshan Haitian Flavouring and Food","603288.SS","4485080000","5.34936","China"
"822","Pegatron","4938.TW","4478020000","2.78562","Taiwan"
"823","Beijing Enterprises Holdings","0392.HK","4469280000","4.01597","Hong Kong"
"824","Samsung C&T Corporation","028260.KS","4453640000","265.043","South Korea"
"825","CTF Services Limited","0659.HK","4443840000","1.03589","Hong Kong"
"826","Thyssenkrupp","TKA.F","4442180000","15.8312","Germany"
"827","Argenx","ARGX","4440040000","1011.11","Netherlands"
"828","Marfrig Global Foods","MBRF3.SA","4435260000","3.58405","Brazil"
"829","Tata Consultancy Services","TCS.NS","4425660000","23.893","India"
"830","ZTO Express","ZTO","4422020000","21.28","China"
"831","Industrias Peñoles","PE&OLES.MX","4409340000","54.0973","Mexico"
"832","Vipshop","VIPS","4401380000","14.32","China"
"833","Van Lanschot Kempen","VLK.AS","4399450000","77.2325","Netherlands"
"834","Samsung SDS","018260.KS","4393790000","163.937","South Korea"
"835","Freddie Mac","FMCC","4369000000","5.6","United States"
"836","Chang Hwa Commercial Bank","2801.TW","4368950000","0.745028","Taiwan"
"837","Merck KGaA","MRK.DE","4368110000","161.926","Germany"
"838","Falabella","FALABELLA.SN","4366670000","6.92628","Chile"
"839","China State Construction International","3311.HK","4366590000","1.07926","Hong Kong"
"840","Tongwei Co.,Ltd","600438.SS","4360370000","1.78659","China"
"841","ArcelorMittal","MT","4359000000","72.64","Luxembourg"
"842","Workday","WDAY","4353000000","199.15","United States"
"843","Assurant","AIZ","4344900000","287.81","United States"
"844","Largan Precision","3008.TW","4336860000","179.434","Taiwan"
"845","NEC Corp","6701.T","4335350000","29.1887","Japan"
"846","Elia Group","ELI.BR","4330290000","148.053","Belgium"
"847","Fortescue","FMG.AX","4328000000","12.6681","Australia"
"848","Uni-President Enterprises","1216.TW","4306470000","2.44369","Taiwan"
"849","Suzano","SUZ","4303960000","9.07","Brazil"
"850","ENKA","ENKAI.IS","4297370000","1.73212","Turkey"
"851","Roivant Sciences","ROIV","4291830000","36.36","United Kingdom"
"852","Omnicom Group","OMC","4288100000","88.94","United States"
"853","Biogen","BIIB","4282700000","218.12","United States"
"854","Murata Manufacturing (Murata Seisakusho)","6981.T","4274750000","44.7561","Japan"
"855","Volvo Car","VOLCAR-B.ST","4267590000","2.04387","Sweden"
"856","Air Liquide","AI.PA","4266620000","196.806","France"
"857","KGI Financial Holding","2883.TW","4257300000","0.994416","Taiwan"
"858","Novatek","NVTK.ME","4250830000","10.95","Russia"
"859","Dongfang Electric Corporation","600875.SS","4240130000","3.80822","China"
"860","Fuyo General Lease","8424.T","4229410000","27.8078","Japan"
"861","EDP Group","EDP.F","4224120000","5.36372","Portugal"
"862","Korean Air Lines","003495.KS","4220000000","15.5632","South Korea"
"863","Severstal","CHMF.ME","4219590000","7.14","Russia"
"864","United Microelectronics","UMC","4203900000","19.05","Taiwan"
"865","Edenred","EDEN.PA","4202010000","34.9266","France"
"866","Copart","CPRT","4199710000","33.26","United States"
"867","YTL Corporation Berhad","1773.T","4193340000","0.583775","Malaysia"
"868","Cosan","CSAN","4186760000","2.68","Brazil"
"869","Kaspi.kz Joint Stock Company","KKS.F","4185610000","105.619","Kazakhstan"
"870","Banco de Chile","BCH","4172310000","43.04","Chile"
"871","Bridgepoint Group plc","BPT.L","4170520000","4.3621","United Kingdom"
"872","Formosa Plastics","1301.TW","4169930000","1.81316","Taiwan"
"873","Tohoku Electric Power","9506.T","4166370000","8.24503","Japan"
"874","Telecom Italia","TIT.MI","4164400000","8.96013","Italy"
"875","Cloudflare","NET","4163880000","280.35","United States"
"876","EssilorLuxottica","EL.PA","4163240000","187.165","France"
"877","Tatneft","TATN.ME","4156460000","6.16","Russia"
"878","3M","MMM","4149000000","179.01","United States"
"879","JD Logistics","2618.HK","4148380000","1.44284","China"
"880","Taishin Financial Holdings","2887.TW","4148270000","1.16538","Taiwan"
"881","Dukhan Bank","DUBK.QA","4147450000","0.902473","Qatar"
"882","Ross Stores","ROST","4130980000","241.52","United States"
"883","Inpex","1605.T","4128810000","24.3428","Japan"
"884","Hong Leong Financial Group","1082.KL","4127890000","4.63194","Malaysia"
"885","Iveco Group","IVG.MI","4116950000","16.2567","Italy"
"886","Shin Kong Financial Holding","2888.TW","4115250000","0.389619","Taiwan"
"887","Wan Hai Lines","2615.TW","4110700000","3.96825","Taiwan"
"888","PBBank (Public Bank Bhd)","1295.KL","4105970000","1.26191","Malaysia"
"889","Ryanair","RYAAY","4103980000","56.59","Ireland"
"890","Kroger","KR","4098000000","59.08","United States"
"891","Tokyo Century","8439.T","4096170000","16.2233","Japan"
"892","Kraft Heinz","KHC","4091000000","25.67","United States"
"893","VPBank (Vietnam Prosperity Joint Stock Commercial Bank)","VPB.VN","4074500000","1.00871","Vietnam"
"894","Caterpillar","CAT","4072000000","811.02","United States"
"895","Fortinet","FTNT","4069600000","151.99","United States"
"896","Telenor","TEL.OL","4049780000","14.5849","Norway"
"897","Cinda Securities","601059.SS","4048130000","2.43964","China"
"898","Viking Holdings","VIK","4046700000","91.47","Bermuda"
"899","Walliser Kantonalbank","WKBN.SW","4031550000","197.171","Switzerland"
"900","Takeda Pharmaceutical","TAK","4016560000","18.24","Japan"
"901","Incyte","INCY","4015820000","127.98","United States"
"902","HD Bank (Ho Chi Minh City Development Joint Stock Commercial Bank)","HDB.VN","4000640000","1.03164","Vietnam"
"903","Klarna","KLAR","3997000000","14.11","Sweden"
"904","China Resources Pharmaceutical Group","3320.HK","3989770000","0.593211","Hong Kong"
"905","Grupo Aval","AVAL","3979260000","5.53","Colombia"
"906","McKesson","MCK","3975000000","873.79","United States"
"907","ProAssurance","PRA","3966780000","25","United States"
"908","Tenaga Nasional","TNABY","3965650000","15.13","Malaysia"
"909","Linde","LIN","3959000000","490.03","United Kingdom"
"910","Wendel","MF.PA","3957430000","101.131","France"
"911","Canon","7751.T","3953810000","28.9314","Japan"
"912","Intercontinental Exchange","ICE","3942000000","162.99","United States"
"913","Cardinal Health","CAH","3937000000","232.37","United States"
"914","XPeng","XPEV","3936850000","11.15","China"
"915","Mitsubishi Chemical Holdings","4188.T","3919860000","7.13084","Japan"
"916","Aena","AENA.MC","3909310000","32.0121","Spain"
"917","Teck Resources","TECK","3903500000","70.2","Canada"
"918","The Oita Bank","8392.T","3903040000","17.3689","Japan"
"919","London Stock Exchange","LSEG.L","3893370000","119.165","United Kingdom"
"920","Formosa Chemicals &amp; Fibre","1326.TW","3887330000","1.81944","Taiwan"
"921","TransDigm Group","TDG","3884000000","1199.08","United States"
"922","Freedom Holding","FRHC","3879250000","157.41","Kazakhstan"
"923","Tencent Music Entertainment","TME","3879060000","8.66","China"
"924","Kingsoft","3888.HK","3868570000","3.11276","China"
"925","Qatar Insurance Company","QATI.QA","3867720000","0.515385","Qatar"
"926","Sociedad Química y Minera","SQM","3867500000","82.33","Chile"
"927","Nippon Paint","4612.T","3860270000","7.49492","Japan"
"928","eBay","EBAY","3860000000","107.08","United States"
"929","Shanghai Industrial Holdings Limited","0363.HK","3853950000","1.75284","Hong Kong"
"930","Yes Bank","YESBANK.NS","3853890000","0.235503","India"
"931","Aisin Seiki","7259.T","3852340000","14.111","Japan"
"932","Dow","DOW","3851000000","31.44","United States"
"933","Prudential","PUK","3851000000","28.5","United Kingdom"
"934","EOG Resources","EOG","3849000000","150.21","United States"
"935","Marvell Technology","MRVL","3843600000","229.29","United States"
"936","Banco do Estado do Rio Grande do Sul S.A.","BRSR6.SA","3820570000","2.62688","Brazil"
"937","Wistron Corporation","3231.TW","3814280000","5.59947","Taiwan"
"938","Occidental Petroleum","OXY","3811000000","60.11","United States"
"939","Sichuan Changhong Electric","600839.SS","3801860000","1.02941","China"
"940","Intercorp Financial Services","IFS","3801530000","54.98","Peru"
"941","The 77 Bank","8341.T","3796060000","23.7904","Japan"
"942","Taiwan Cement","1101.TW","3788360000","0.771692","Taiwan"
"943","Ambev","ABEV","3782270000","2.92","Brazil"
"944","Oriental Land","4661.T","3765300000","18.8314","Japan"
"945","Lukoil","LKOH.ME","3753750000","49.4","Russia"
"946","Infosys","INFY","3752000000","11.82","India"
"947","National Grid","NGG","3745200000","80.42","United Kingdom"
"948","Teva Pharmaceutical Industries","TEVA","3741000000","36.93","Israel"
"949","Henkel","HEN3.DE","3739160000","88.8086","Germany"
"950","Freeport-McMoRan","FCX","3737000000","77.8","United States"
"951","Sandisk","SNDK","3735000000","1493.12","United States"
"952","Hikari Tsushin","9435.T","3730230000","252.404","Japan"
"953","T. Rowe Price","TROW","3729800000","112.3","United States"
"954","Fidelis Insurance","FIHL","3725600000","20.71","Bermuda"
"955","Dah Sing Financial","0440.HK","3721860000","6.07499","Hong Kong"
"956","HP","HPQ","3703000000","28.58","United States"
"957","Sabesp","SBS","3693990000","4.63","Brazil"
"958","The Bank of Nagoya","8522.T","3680870000","42.8729","Japan"
"959","BASF","BAS.DE","3680600000","60.6668","Germany"
"960","Secom","9735.T","3679900000","40.4248","Japan"
"961","Coface","COFA.PA","3675670000","18.8039","France"
"962","Fluor Corporation","FLR","3672000000","51.28","United States"
"963","Edwards Lifesciences","EW","3671500000","90.5","United States"
"964","Saigon Thuong Tin Commercial Bank","STB.VN","3663880000","2.83509","Vietnam"
"965","Doosan","000150.KS","3659930000","795.13","South Korea"
"966","General Dynamics","GD","3654000000","383.77","United States"
"967","Hoya","7741.T","3650190000","156.897","Japan"
"968","Jardine Cycle &amp; Carriage","C07.SI","3643500000","21.4224","Singapore"
"969","Otsuka Holdings","4578.T","3637800000","75.8907","Japan"
"970","WPP","WPP","3628060000","27.02","United Kingdom"
"971","Zijin Gold International Company Limited","2259.HK","3626430000","20.3478","Hong Kong"
"972","East West Bancorp","EWBC","3620810000","128.91","United States"
"973","Sun Pharmaceutical","SUNPHARMA.NS","3613600000","20.0188","India"
"974","Danieli &amp; C. Officine Meccaniche","DAN.MI","3606050000","75.1341","Italy"
"975","Hyundai Glovis","086280.KS","3604210000","154.187","South Korea"
"976","Barito Pacific","BRPT.JK","3604200000","0.105055","Indonesia"
"977","Fox Corporation","FOX","3601000000","61.59","United States"
"978","Arm Holdings","ARM","3601000000","238.78","United Kingdom"
"979","WH Group","0288.HK","3593000000","1.02696","Hong Kong"
"980","NetApp","NTAP","3584000000","186.86","United States"
"981","Leapmotor","9863.HK","3578350000","5.14371","China"
"982","Entergy","ETR","3571050000","105.79","United States"
"983","Franklin Resources","BEN","3569000000","34.62","United States"
"984","ASE Group","ASX","3567920000","36.24","Taiwan"
"985","SDIC Power Holdings","600886.SS","3564090000","2.06774","China"
"986","Capgemini","CAP.PA","3561780000","128.235","France"
"987","Indofood","INDF.JK","3547380000","0.416549","Indonesia"
"988","Zscaler","ZS","3539110000","176.06","United States"
"989","Mengniu Dairy","2319.HK","3536750000","2.38688","China"
"990","Target","TGT","3534000000","169.89","United States"
"991","Altria Group","MO","3531000000","68.47","United States"
"992","WEX","WEX","3522400000","203.25","United States"
"993","T-Mobile US","TMUS","3520000000","182.62","United States"
"994","Fomento de Construcciones y Contratas","FCC.MC","3517710000","12.9867","Spain"
"995","AkzoNobel","AKZA.AS","3510460000","71.0189","Netherlands"
"996","Bilibili","BILI","3509340000","16.5","China"
"997","Fraport","FRA.DE","3497610000","74.726","Germany"
"998","Daiichi Sankyō","4568.T","3496950000","17.7612","Japan"
"999","Indah Kiat Pulp &amp; Paper","INKP.JK","3491940000","0.492799","Indonesia"
"1000","Traton","8TRA.DE","3478050000","43.8331","Germany"
"1001","Nexon","3659.T","3477100000","19.547","Japan"
"1002","Ma'aden","1211.SR","3468810000","18.7114","Saudi Arabia"
"1003","Fifth Third Bank","FITB","3466000000","54.9","United States"
"1004","Chailease Holding","5871.TW","3458370000","3.6075","Taiwan"
"1005","Dah Sing Banking Group","2356.HK","3457390000","1.87276","Hong Kong"
"1006","Flutter Entertainment","FLUT","3455000000","102.58","Ireland"
"1007","Galapagos NV","GLPG","3451710000","27.73","Belgium"
"1008","Lakefront Biotherapeutics","LKFT","3451710000","29.04","Belgium"
"1009","Kakao Pay","377300.KS","3444270000","33.2929","South Korea"
"1010","Analog Devices","ADI","3439310000","371.17","United States"
"1011","IDBI Bank","IDBI.NS","3431020000","0.924773","India"
"1012","HCL Technologies","HCLTECH.NS","3424210000","13.6705","India"
"1013","Oberbank","OBS.VI","3423840000","96.9923","Austria"
"1014","CNA Financial","CNA","3418000000","49.65","United States"
"1015","Tenaris","TS","3417490000","53.42","Luxembourg"
"1016","Caisse Régionale de Crédit Agricole Mutuel Nord de France","CNDF.PA","3414350000","35.4162","France"
"1017","Meritz Financial Group","138040.KS","3407130000","87.2404","South Korea"
"1018","Magnit","MGNT.ME","3406180000","18.19","Russia"
"1019","Itaú CorpBanca","ITCLY","3405530000","3.1","Chile"
"1020","Grasim Industries","GRASIM.NS","3396670000","34.2033","India"
"1021","Bank Albilad","1140.SR","3396570000","6.91455","Saudi Arabia"
"1022","SLB (Schlumberger)","SLB","3387000000","54","United States"
"1023","NXP Semiconductors","NXPI","3382000000","222.44","Netherlands"
"1024","(HLBank) Hong Leong Bank","5819.KL","3379650000","5.68106","Malaysia"
"1025","Shandong Gold Mining","600547.SS","3365530000","5.20209","China"
"1026","Novo Nordisk","NVO","3349810000","46.92","Denmark"
"1027","Terna","TRN.MI","3335530000","11.5155","Italy"
"1028","BancFirst","BANF","3333310000","112.53","United States"
"1029","Tsingtao","600600.SS","3331180000","7.62239","China"
"1030","Las Vegas Sands","LVS","3330000000","46.97","United States"
"1031","Southwest Airlines","LUV","3328000000","40.71","United States"
"1032","Toyota Industries","6201.T","3319490000","129.162","Japan"
"1033","Cellnex Telecom","CLNX.MC","3319480000","31.2427","Spain"
"1034","Chandra Asri Petrochemical","TPIA.JK","3310540000","0.112398","Indonesia"
"1035","Jinko Solar","JKS","3308510000","16.16","China"
"1036","KT Corporation","KT","3302360000","18.95","South Korea"
"1037","AntarChile","ANTARCHILE.SN","3300870000","8.29818","Chile"
"1038","JBS N.V.","JBS","3294790000","13.88","Brazil"
"1039","Yageo","2327.TW","3294020000","17.0651","Taiwan"
"1040","Sunny Optical","2382.HK","3289840000","7.79466","China"
"1041","Empresas Copec","COPEC.SN","3288720000","7.29539","Chile"
"1042","Indra Sistemas","IDR.MC","3284330000","71.322","Spain"
"1043","Sino Biopharmaceutical","1177.HK","3282040000","0.716318","China"
"1044","GMO internet group","9449.T","3280100000","25.5354","Japan"
"1045","Ooredoo Qatar","ORDS.QA","3276230000","3.51374","Qatar"
"1046","Trina Solar","688599.SS","3266690000","1.89072","China"
"1047","Warner Bros. Discovery","WBD","3264000000","28.7","United States"
"1048","Haw Par","H02.SI","3257520000","11.7772","Singapore"
"1049","Thermo Fisher Scientific","TMO","3256000000","628.74","United States"
"1050","Nippon Steel","5401.T","3253690000","4.2195","Japan"
"1051","Zhejiang Huayou Cobalt","603799.SS","3250200000","5.82092","China"
"1052","Sichuan Road and Bridge Group (SRBG)","600039.SS","3244900000","1.27635","China"
"1053","International Bancshares Corp","IBOC","3243830000","71.54","United States"
"1054","Cement Roadstone Holding","CRH","3240000000","95.79","Ireland"
"1055","TAL Education Group","TAL","3239320000","11.48","China"
"1056","Western Digital","WDC","3237000000","435.38","United States"
"1057","YANGHE","002304.SZ","3236890000","5.86555","China"
"1058","Automatic Data Processing","ADP","3228400000","283.01","United States"
"1059","Santander Polska","SPL.WA","3214310000","164.74","Poland"
"1060","360 Security Technology","601360.SS","3211780000","1.2823","China"
"1061","Coca-Cola HBC","CCH.L","3207130000","62.6933","Switzerland"
"1062","Roblox","RBLX","3199000000","38.76","United States"
"1063","Tokyo Electron","8035.T","3192420000","347.817","Japan"
"1064","Cummins","CMI","3182000000","571.62","United States"
"1065","Fuyao Glass Industry Group","600660.SS","3180570000","8.57891","China"
"1066","Aptiv","APTV","3173000000","47.34","Ireland"
"1067","Eastroc Beverage Group","605499.SS","3172720000","18.4014","China"
"1068","Lumentum","LITE","3172300000","830.17","United States"
"1069","Saudi Arabian Fertilizer Company","2020.SR","3171810000","34.4662","Saudi Arabia"
"1070","Indian Overseas Bank","IOB.NS","3166320000","0.345941","India"
"1071","Rongsheng Petrochemical","002493.SZ","3160590000","1.96659","China"
"1072","Baosteel","600019.SS","3158470000","0.870238","China"
"1073","China National Nuclear Power","601985.SS","3156720000","1.31503","China"
"1074","SiriusPoint","SPNT","3155200000","24.02","Bermuda"
"1075","AngloGold Ashanti","AU","3154000000","120.47","South Africa"
"1076","Huaneng Power International","600011.SS","3152620000","0.995195","China"
"1077","Unibail-Rodamco-Westfield","URW.PA","3148860000","120.599","France"
"1078","Ternium","TX","3142220000","55.11","Luxembourg"
"1079","Alimentation Couche-Tard","ATD.TO","3140100000","62.0463","Canada"
"1080","Estee Lauder","EL","3126000000","104.13","United States"
"1081","Agnico Eagle Mines","AEM","3122660000","217.89","Canada"
"1082","Palo Alto Networks","PANW","3111000000","350.9","United States"
"1083","Bread Financial","BFH","3111000000","105.19","United States"
"1084","FAW Car","000800.SZ","3098160000","0.928254","China"
"1085","Kyocera","6971.T","3091980000","22.6103","Japan"
"1086","Skanska","SKA-B.ST","3072860000","28.7952","Sweden"
"1087","GlobalFoundries","GFS","3071000000","45.95","United States"
"1088","Zoomlion","1157.HK","3070400000","0.893005","China"
"1089","Guoco","0053.HK","3070370000","9.12141","Hong Kong"
"1090","TOMONY Holdings","8600.T","3056400000","6.77304","Japan"
"1091","Equinix","EQIX","3054000000","1055.2","United States"
"1092","Shimano","7309.T","3051690000","126.014","Japan"
"1093","General Insurance Corporation of India","GICRE.NS","3047450000","3.67203","India"
"1094","QXO, Inc.","QXO","3046300000","13.41","United States"
"1095","Longfor Group","0960.HK","3034170000","0.849631","China"
"1096","Deutsche Pfandbriefbank","PBB.DE","3032420000","3.86803","Germany"
"1097","AST SpaceMobile","ASTS","3029590000","62.35","United States"
"1098","Beiersdorf","BEI.DE","3027280000","94.2877","Germany"
"1099","Futu Holdings","FUTU","3016650000","115.81","Hong Kong"
"1100","Pluxee","PLX.PA","3016380000","18.3026","France"
"1101","IGM Financial","IGM.TO","3014010000","63.1864","Canada"
"1102","KIOXIA Holdings Corporation","285A.T","3013630000","321.767","Japan"
"1103","Constellation Software","CSU.TO","3013000000","2235.85","Canada"
"1104","Banca Mediolanum","BMED.MI","3012700000","28.2933","Italy"
"1105","Alnylam Pharmaceuticals","ALNY","3009220000","236.01","United States"
"1106","ENN Natural Gas Co.,Ltd.","600803.SS","3007200000","2.65683","China"
"1107","Philips","PHG","3000030000","27.52","Netherlands"
"1108","B3","B3SA3.SA","2999920000","2.99965","Brazil"
"1109","Astra International","ASII.JK","2993320000","0.270545","Indonesia"
"1110","Zions Bancorporation","ZION","2993000000","67.87","United States"
"1111","Polyus","PLZL.ME","2988000000","13.58","Russia"
"1112","OSB Group Plc","OSB.L","2985750000","6.95457","United Kingdom"
"1113","Monster Beverage","MNST","2984990000","48.92","United States"
"1114","NTPC Limited","NTPC.NS","2982800000","3.53359","India"
"1115","Electronic Arts","EA","2980000000","209.7","United States"
"1116","HeidelbergCement","HEI.DE","2979700000","187.107","Germany"
"1117","Swire Pacific","0019.HK","2978150000","13.4078","Hong Kong"
"1118","Kanzhun","BZ","2973190000","15.44","China"
"1119","Henderson Land Development","0012.HK","2971470000","3.77614","Hong Kong"
"1120","Tenet Healthcare","THC","2967000000","278.59","United States"
"1121","Arab National Bank","1080.SR","2966640000","6.03825","Saudi Arabia"
"1122","Stryker Corporation","SYK","2965000000","327.81","United States"
"1123","Advance Auto Parts","AAP","2956000000","43.63","United States"
"1124","Snowflake","SNOW","2955000000","322.78","United States"
"1125","China General Nuclear Power Group (CGN)","003816.SZ","2947540000","0.589084","China"
"1126","SGS","SGSN.SW","2943030000","116.561","Switzerland"
"1127","Icahn Enterprises","IEP","2937000000","6.74","United States"
"1128","SIMPAR","SIMH3.SA","2932990000","1.21151","Brazil"
"1129","Western Union","WU","2928600000","7.32","United States"
"1130","Autodesk","ADSK","2924000000","254.42","United States"
"1131","Glencore","GLCNF","2918000000","8.1","Switzerland"
"1132","Yamaha Motor","7272.T","2915060000","12.322","Japan"
"1133","Valeo","FR.PA","2914500000","16.3092","France"
"1134","Alinma Bank","1150.SR","2913390000","6.75474","Saudi Arabia"
"1135","Yili Group","600887.SS","2909440000","3.85285","China"
"1136","Carvana","CVNA","2902000000","72.33","United States"
"1137","Budweiser APAC","1876.HK","2899000000","0.811359","Hong Kong"
"1138","Wiwynn","6669.TW","2878470000","202.02","Taiwan"
"1139","Webuild S.p.A.","WBD.MI","2875380000","2.58568","Italy"
"1140","UCB","UCB.VI","2874560000","257.986","Belgium"
"1141","Jazz Pharmaceuticals","JAZZ","2874300000","254.47","Ireland"
"1142","Foxconn Technology Co., Ltd.","2354.TW","2874010000","1.89786","Taiwan"
"1143","Yangzijiang Shipbuilding (Holdings) Ltd.","BS6.SI","2871350000","3.78412","China"
"1144","China Southern Airlines","600029.SS","2869080000","0.752719","China"
"1145","Fortum","FORTUM.HE","2868090000","23.4204","Finland"
"1146","Singtel","Z74.SI","2848860000","3.53237","Singapore"
"1147","Fujitsu","6702.T","2840010000","23.4012","Japan"
"1148","HD Hyundai Heavy Industries","329180.KS","2833350000","335.457","South Korea"
"1149","Tokai Tokyo Financial Holdings","8616.T","2824330000","5.42346","Japan"
"1150","Snap","SNAP","2822880000","5.53","United States"
"1151","Brookfield Infrastructure Partners","BIP","2819000000","38.56","Bermuda"
"1152","Shenzhen Transsion Holdings","688036.SS","2817140000","8.79163","China"
"1153","Pernod Ricard","RI.PA","2817000000","79.3192","France"
"1154","7-Eleven","3382.T","2811130000","12.7614","Japan"
"1155","Ecopetrol","EC","2808750000","17.33","Colombia"
"1156","Vingroup Company","VIC.VN","2807720000","8.42503","Vietnam"
"1157","Erdemir","EREGL.IS","2792850000","0.790162","Turkey"
"1158","Kinsale Capital Group","KNSL","2792650000","395.51","United States"
"1159","Kubota","6326.T","2791050000","17.5917","Japan"
"1160","Toppan","7911.T","2783260000","31.0468","Japan"
"1161","Aker BP","AKRBP.OL","2779400000","37.0528","Norway"
"1162","Obayashi","1802.T","2778910000","18.9005","Japan"
"1163","New World Development Company","0017.HK","2775770000","0.903211","Hong Kong"
"1164","Komatsu","6301.T","2772760000","46.702","Japan"
"1165","Reddit","RDDT","2770630000","152.7","United States"
"1166","MTU Aero Engines","MTX.DE","2768840000","418.163","Germany"
"1167","Check Point Software","CHKP","2768800000","130.5","Israel"
"1168","Mitsubishi Motors","7211.T","2767650000","2.2943","Japan"
"1169","Schaeffler","SHA0.DE","2767390000","8.8249","Germany"
"1170","Iida Group","3291.T","2761120000","14.7011","Japan"
"1171","Ayvens","AYV.PA","2760380000","13.5346","France"
"1172","EVA Air","2618.TW","2759790000","1.3238","Taiwan"
"1173","AppLovin","APP","2758670000","298.59","United States"
"1174","Fresnillo","FNLPF","2756480000","43.8","Mexico"
"1175","The Nanto Bank","8367.T","2746080000","11.7069","Japan"
"1176","Daiwa House","1925.T","2740380000","29.5591","Japan"
"1177","Nedbank","NED.JO","2738900000","18.8008","South Africa"
"1178","Rohm","6963.T","2738020000","29.6156","Japan"
"1179","Suruga Bank","8358.T","2736790000","18.2916","Japan"
"1180","Sanlam","SLM.JO","2734920000","5.30772","South Africa"
"1181","VIB (Vietnam International Commercial Joint Stock Bank)","VIB.VN","2734410000","0.559759","Vietnam"
"1182","Bandai Namco","7832.T","2732150000","35.0014","Japan"
"1183","JAC Motors","600418.SS","2713530000","3.15666","China"
"1184","Gotion High-tech Co.,Ltd.","002074.SZ","2712990000","4.00607","China"
"1185","Schindler Group","SCHN.SW","2708020000","321.569","Switzerland"
"1186","Nanya Technology","2408.TW","2701520000","15.9985","Taiwan"
"1187","Garmin","GRMN","2700950000","291.25","Switzerland"
"1188","Turkcell","TKC","2695080000","5.42","Turkey"
"1189","Diageo","DEO","2693000000","96.07","United Kingdom"
"1190","Mobile TeleSystems","MTSS.ME","2691850000","2.1","Russia"
"1191","Full Truck Alliance","YMM","2678180000","8.43","China"
"1192","Nongfu Spring","9633.HK","2677530000","5.49071","China"
"1193","Autohome","ATHM","2670290000","21.85","China"
"1194","The Chugoku Electric Power","9504.T","2669720000","6.15349","Japan"
"1195","ČEZ Group","CEZ.PR","2667100000","66.5473","Czech Republic"
"1196","T&amp;D Holdings","8795.T","2666240000","29.9232","Japan"
"1197","Siemens Healthineers","SHL.DE","2659750000","46.6426","Germany"
"1198","Alstom","ALO.PA","2658600000","19.0021","France"
"1199","Shanghai Airport (AVINEX)","600009.SS","2656530000","3.47798","China"
"1200","CTT - Correios De Portugal","CTT.LS","2647890000","7.57169","Portugal"
"1201","Sun Hung Kai Properties","0016.HK","2636410000","15.9465","Hong Kong"
"1202","Nippon Express","9147.T","2635350000","35.8614","Japan"
"1203","LyondellBasell","LYB","2635000000","65.2","United States"
"1204","TeraWulf","WULF","2630000000","15.48","United States"
"1205","Innolux","3481.TW","2629070000","1.4681","Taiwan"
"1206","Brookfield Renewable Partners","BEP","2624000000","32.35","Bermuda"
"1207","Lite-On Technology","2301.TW","2623990000","9.2854","Taiwan"
"1208","Mindray","300760.SZ","2623770000","24.1167","China"
"1209","Kyndryl","KD","2623000000","12.75","United States"
"1210","NAURA Technology Group","002371.SZ","2617700000","104.191","China"
"1211","Kajima","1812.T","2617160000","30.35","Japan"
"1212","Open House Group","3288.T","2609150000","50.236","Japan"
"1213","Innovent Biologics","1801.HK","2605940000","12.77","China"
"1214","Carlyle Group","CG","2604800000","49.14","United States"
"1215","Goodman Group","GMG.AX","2603010000","19.8856","Australia"
"1216","Janus Henderson","JHG","2596900000","51.95","United Kingdom"
"1217","Weibo","WB","2594210000","7","China"
"1218","Shawbrook Group PLC","SHAW.L","2591760000","4.45474","United Kingdom"
"1219","LATAM Airlines","LTM","2591640000","53.16","Chile"
"1220","PTT Exploration and Production","PTTEP.BK","2590180000","4.50519","Thailand"
"1221","Okta","OKTA","2589000000","130.97","United States"
"1222","Companhia Siderúrgica Nacional","SID","2588700000","1.03","Brazil"
"1223","Vonovia","VNA.DE","2582780000","23.1581","Germany"
"1224","Hisense Visual Technology","600060.SS","2582680000","3.8945","China"
"1225","Shanghai Lujiazui Finance & Trade Zone Development Co.,Ltd.","600663.SS","2580320000","1.39387","China"
"1226","Ackermans &amp; Van Haaren","ACKB.BR","2579660000","301.702","Belgium"
"1227","Hyundai Engineering and Construction","000720.KS","2563330000","87.6015","South Korea"
"1228","Gap Inc.","GAP","2561000000","20.36","United States"
"1229","Energisa S.A.","ENGI3.SA","2554860000","2.28608","Brazil"
"1230","Hongkong Land","H78.SI","2551000000","8.35","Hong Kong"
"1231","Sacyr","SCYR.MC","2550360000","5.06878","Spain"
"1232","Sino-American Silicon Products","5483.TWO","2549260000","5.74064","Taiwan"
"1233","Li Ning Company","2331.HK","2545580000","1.73115","China"
"1234","Shangri-La","0069.HK","2543930000","0.523684","Hong Kong"
"1235","Corpay","CPAY","2536810000","413.92","United States"
"1236","Old Republic International","ORI","2535400000","41.97","United States"
"1237","JGC Holdings","1963.T","2525400000","14.1801","Japan"
"1238","CME Group","CME","2515400000","279.165","United States"
"1239","ITC","ITC.NS","2512800000","2.8252","India"
"1240","Isuzu","7202.T","2511440000","13.8913","Japan"
"1241","Galp Energia","GZ5.F","2506970000","25.0408","Portugal"
"1242","J-POWER (Electric Power Development)","9513.T","2503260000","25.1776","Japan"
"1243","Vertiv Holdings","VRT","2500500000","254.97","United States"
"1244","RHB Bank","1066.KL","2500060000","2.13287","Malaysia"
"1245","Genting Singapore","G13.SI","2492670000","0.511368","Singapore"
"1246","Infineon","IFX.DE","2491930000","64.5722","Germany"
"1247","Bloom Energy","BE","2491430000","204.02","United States"
"1248","LG Energy Solution","373220.KS","2491300000","252.405","South Korea"
"1249","Synopsys","SNPS","2484440000","394.51","United States"
"1250","Delivery Hero","DHER.F","2481850000","43.0287","Germany"
"1251","New India Assurance","NIACL.NS","2481140000","1.95768","India"
"1252","Affirm","AFRM","2481010000","76.88","United States"
"1253","Nucor","NUE","2481000000","244.64","United States"
"1254","Wintrust Financial","WTFC","2479630000","151.99","United States"
"1255","Westlake Corporation","WLK","2476000000","76.49","United States"
"1256","MIXUE Group","2097.HK","2470140000","31.6124","China"
"1257","Hexagon AB","HEXA-B.ST","2466990000","10.6298","Sweden"
"1258","Joby Aviation","JOBY","2466190000","7.19","United States"
"1259","Enact Holdings","ACT","2466180000","49.72","United States"
"1260","VZ Holding","VZN.SW","2455770000","225.658","Switzerland"
"1261","Bharat Petroleum","BPCL.NS","2451980000","3.33142","India"
"1262","Wärtsilä","WRT1V.HE","2447940000","34.9149","Finland"
"1263","First Horizon Corporation","FHN","2445000000","24.53","United States"
"1264","CRISPR Therapeutics","CRSP","2441790000","57.075","Switzerland"
"1265","Public Power Corporation","PPC.AT","2439750000","26.6496","Greece"
"1266","Howmet Aerospace","HWM","2435000000","263.29","United States"
"1267","Hindalco Industries","HINDALCO.NS","2433240000","10.9414","India"
"1268","Sinotrans Limited","601598.SS","2431450000","0.98627","China"
"1269","MongoDB","MDB","2427150000","402.69","United States"
"1270","Digital Realty","DLR","2426630000","188.55","United States"
"1271","First Solar","FSLR","2426560000","208.31","United States"
"1272","Bank Handlowy w Warszawie","BHW.WA","2417780000","33.3444","Poland"
"1273","Coherent Corp.","COHR","2417730000","275.49","United States"
"1274","DexCom","DXCM","2415200000","91.06","United States"
"1275","Keysight","KEYS","2412000000","310.66","United States"
"1276","Sasol","SSL","2411630000","12.27","South Africa"
"1277","Endesa","ELE.MC","2408590000","48.9625","Spain"
"1278","ChinaLin Securities","002945.SZ","2405860000","2.05436","China"
"1279","ON Semiconductor","ON","2403600000","71.93","United States"
"1280","Euronext","ENX.PA","2401420000","192.469","Netherlands"
"1281","Industries Qatar","IQCD.QA","2401100000","2.63874","Qatar"
"1282","Viatris","VTRS","2400200000","16.54","United States"
"1283","Snam","SRG.MI","2397620000","6.80578","Italy"
"1284","PChem (Petronas Chemicals Group)","5183.KL","2395400000","1.07633","Malaysia"
"1285","Jiangsu Eastern Shenghong","000301.SZ","2392380000","1.93684","China"
"1286","Nitto Denko","6988.T","2391500000","21.223","Japan"
"1287","Flex","FLEX","2389000000","106.65","Singapore"
"1288","Reckitt Benckiser","RKT.L","2383690000","70.4584","United Kingdom"
"1289","Roku","ROKU","2380220000","158.18","United States"
"1290","Nasdaq","NDAQ","2380000000","98.79","United States"
"1291","Asahi Kasei","3407.T","2377510000","10.2537","Japan"
"1292","United Utilities","UU.L","2376240000","19.4265","United Kingdom"
"1293","Offshore Oil Engineering Co.,Ltd","600583.SS","2371430000","0.901477","China"
"1294","Samsung E&A","028050.KS","2369120000","33.1123","South Korea"
"1295","SHB (Saigon - Hanoi Commercial Joint Stock Bank)","SHB.VN","2366780000","0.460416","Vietnam"
"1296","Hologic","HOLX","2364700000","76.01","United States"
"1297","Mitsubishi HC Capital","8593.T","2364060000","8.75035","Japan"
"1298","Suncor Energy","SU","2352750000","67.37","Canada"
"1299","Nidec","6594.T","2347340000","16.3582","Japan"
"1300","Bank für Tirol und Vorarlberg","BTS.VI","2346820000","102.005","Austria"
"1301","Twilio","TWLO","2346260000","222.59","United States"
"1302","Thai Oil","TOP.BK","2346080000","1.84789","Thailand"
"1303","Asia Cement","1102.TW","2340600000","1.0948","Taiwan"
"1304","Air China","601111.SS","2337650000","0.880651","China"
"1305","INFRONEER Holdings","5076.T","2327020000","17.3814","Japan"
"1306","Central Japan Railway","9022.T","2324350000","24.8826","Japan"
"1307","Kyushu Electric Power Company","9508.T","2322820000","12.2624","Japan"
"1308","Rentokil Initial","RTO","2321000000","23.8","United Kingdom"
"1309","PulteGroup","PHM","2316290000","129.61","United States"
"1310","Galicia Financial Group","GGAL","2312250000","43.45","Argentina"
"1311","Coca-Cola FEMSA","KOF","2311820000","114.87","Mexico"
"1312","Telkom Indonesia","TLK","2310110000","15.02","Indonesia"
"1313","Norsk Hydro","NHY.OL","2306630000","9.96453","Norway"
"1314","EVE Energy","300014.SZ","2306390000","8.11776","China"
"1315","YTL Power International","6742.KL","2301480000","1.32871","Malaysia"
"1316","MGM Resorts","MGM","2292830000","43.69","United States"
"1317","LG Corp","003550.KS","2292270000","81.3184","South Korea"
"1318","Hyundai Rotem Company","064350.KS","2276210000","96.4844","South Korea"
"1319","Vietnam Maritime Commercial Joint Stock Bank","MSB.VN","2275970000","0.596057","Vietnam"
"1320","BT Group","BT-A.L","2275200000","2.79409","United Kingdom"
"1321","H World Group Limited","HTHT","2272930000","48.64","China"
"1322","CJ Group","001040.KS","2269370000","92.5846","South Korea"
"1323","Quantinuum Inc.","QNT","2268310000","71.1","United States"
"1324","CoreWeave","CRWV","2266000000","86.25","United States"
"1325","GE HealthCare Technologies","GEHC","2261000000","74.19","United States"
"1326","Momentum Metropolitan","MTM.JO","2260830000","2.46624","South Africa"
"1327","Banpu Public Company","BANPU.BK","2258640000","0.442883","Thailand"
"1328","ProCredit","PCZ.DE","2258390000","9.92073","Germany"
"1329","Zhejiang Sanhua Intelligent Controls Co.,Ltd","002050.SZ","2250530000","5.34787","China"
"1330","WuXi Biologics","WXXWY","2248790000","12.4","China"
"1331","Legrand","LR.PA","2247710000","157.787","France"
"1332","Zhejiang Zheneng Electric","600023.SS","2246050000","0.72743","China"
"1333","Balfour Beatty","BBY.L","2244980000","12.1313","United Kingdom"
"1334","Shimizu Corporation","1803.T","2244890000","14.9679","Japan"
"1335","Carnival Corporation","CCL","2243000000","25.71","United States"
"1336","SSAB","SSAB-B.ST","2242000000","10.5456","Sweden"
"1337","Zealand Pharma","ZEAL.CO","2241050000","50.2511","Denmark"
"1338","Medline","MDLN","2236000000","34.7","United States"
"1339","A2A","A2A.MI","2235510000","2.68244","Italy"
"1340","DSM-Firmenich","DSFIR.AS","2235510000","106.692","Switzerland"
"1341","Zhongsheng Group","0881.HK","2233660000","0.574713","China"
"1342","Cerebras Systems","CBRS","2231620000","185.43","United States"
"1343","Krafton","259960.KS","2231410000","161.048","South Korea"
"1344","SeABank (Southeast Asia Commercial Joint Stock Bank)","SSB.VN","2225610000","0.605609","Vietnam"
"1345","BioMarin Pharmaceutical","BMRN","2222440000","65.07","United States"
"1346","Zhongjin Gold","600489.SS","2221410000","3.90343","China"
"1347","Nordex","NDX1.F","2221080000","45.8149","Germany"
"1348","GD Power Development","600795.SS","2220850000","0.764619","China"
"1349","Expand Energy","EXE","2220000000","96.33","United States"
"1350","Fosun Pharma","600196.SS","2218200000","3.42442","China"
"1351","IREN (Iris Energy)","IREN","2213270000","39.81","Australia"
"1352","Assured Guaranty","AGO","2210000000","74.19","Bermuda"
"1353","Oklo","OKLO","2208610000","39.69","United States"
"1354","Strategy 
 (MicroStrategy)","MSTR","2207220000","122.63","United States"
"1355","Aéroports de Paris","ADP.PA","2201440000","129.401","France"
"1356","GigaDevice Semiconductor","603986.SS","2191370000","58.8355","China"
"1357","The Ehime Bank","8541.T","2186670000","19.2395","Japan"
"1358","Kinross Gold","KGC","2185000000","32.98","Canada"
"1359","VEON","VEON","2183000000","61.15","Netherlands"
"1360","Permata Bank","BNLI.JK","2180510000","0.121435","Indonesia"
"1361","Cencora","COR","2176500000","323.77","United States"
"1362","Galaxy Entertainment","0027.HK","2175250000","4.43186","Hong Kong"
"1363","Advanced Info Service (AIS)","ADVANC.BK","2175020000","11.0263","Thailand"
"1364","Bill.com","BILL","2173350000","48.16","United States"
"1365","News Corp","NWS","2171000000","35.05","United States"
"1366","Cboe Global Markets","CBOE","2170300000","308.09","United States"
"1367","Samsung Electro-Mechanics","009155.KS","2169740000","354.233","South Korea"
"1368","Jetblue Airways","JBLU","2169000000","4.95","United States"
"1369","Bank of Maharashtra","MAHABANK.NS","2164730000","0.853098","India"
"1370","Wheaton Precious Metals","WPM","2164510000","160.19","Canada"
"1371","Ferrari","RACE","2161480000","424.44","Italy"
"1372","Wizz Air","WIZZ.L","2157780000","14.672","Jersey"
"1373","CSL","CSL.AX","2157000000","124.206","Australia"
"1374","United Therapeutics","UTHR","2153700000","512.88","United States"
"1375","Marathon Petroleum","MPC","2151000000","362.52","United States"
"1376","GDS Holdings","GDS","2149990000","31.75","China"
"1377","Sunway","5211.KL","2147840000","1.26933","Malaysia"
"1378","Advantest","6857.T","2143830000","216.248","Japan"
"1379","Muyuan Foods","002714.SZ","2142740000","5.93993","China"
"1380","Nornickel","GMKN.ME","2142000000","1.43","Russia"
"1381","Unity Software","U","2140860000","46.16","United States"
"1382","Duke Energy","DUK","2140000000","121.97","United States"
"1383","Renesas Electronics","6723.T","2138560000","21.3549","Japan"
"1384","Kaō","4452.T","2136700000","22.6856","Japan"
"1385","StoneCo","STNE","2136060000","9.55","Brazil"
"1386","PGE Polska","PGE.WA","2132060000","2.80126","Poland"
"1387","J&amp;T Global Express","1519.HK","2130540000","1.25276","China"
"1388","Lennar","LEN","2130420000","88.16","United States"
"1389","AVIC Shenyang Aircraft Company Limited","600760.SS","2130290000","6.59298","China"
"1390","Bank of Queensland","BOQ.AX","2129890000","4.57797","Australia"
"1391","Doosan Enerbility","034020.KS","2128200000","58.2806","South Korea"
"1392","Chubu Electric Power","9502.T","2123140000","18.2696","Japan"
"1393","JDE Peet's","JDEP.AS","2122740000","36.4135","Netherlands"
"1394","StoneX Group","SNEX","2122600000","67.75","United States"
"1395","Unicharm","8113.T","2116720000","6.27715","Japan"
"1396","Barry Callebaut","BARN.SW","2115120000","1424.36","Switzerland"
"1397","Embraer","EMBJ","2114800000","76.26","Brazil"
"1398","Jerónimo Martins","JEM.F","2113450000","20.7158","Portugal"
"1399","China Merchants Port","0144.HK","2113320000","2.03095","Hong Kong"
"1400","BorgWarner","BWA","2110000000","64.36","United States"
"1401","IQVIA","IQV","2103000000","260.24","United States"
"1402","Euronet Worldwide","EEFT","2100700000","70.2","United States"
"1403","Equatorial Energia","EQTL3.SA","2097800000","7.05355","Brazil"
"1404","Cincinnati Financial","CINF","2097000000","171.21","United States"
"1405","Minerva S.A.","BEEF3.SA","2095620000","0.763018","Brazil"
"1406","Ricoh Company","7752.T","2090760000","10.5268","Japan"
"1407","Northrop Grumman","NOC","2090000000","549.28","United States"
"1408","Chunghwa Telecom","CHT","2089710000","43.17","Taiwan"
"1409","ACWA POWER Company","2082.SR","2089370000","51.5928","Saudi Arabia"
"1410","Hankook Tire","161390.KS","2073930000","48.3144","South Korea"
"1411","Brookfield Property Partners","BPYPP","2073000000","16.23","Bermuda"
"1412","Qingdao Port International","601298.SS","2071660000","1.33436","China"
"1413","Arca Continental","AC.MX","2070290000","11.5277","Mexico"
"1414","Aumovio SE","AMV0.DE","2066000000","41.1518","Germany"
"1415","Konami Holdings","9766.T","2065620000","139.29","Japan"
"1416","Ralph Lauren","RL","2065000000","370.82","United States"
"1417","ASUS","2357.TW","2064120000","29.0169","Taiwan"
"1418","COSCO Shipping Energy","600026.SS","2061410000","2.83236","China"
"1419","Metlen Energy &amp; Metals","MTLN.AT","2059300000","56.913","Greece"
"1420","Siam Cement","SCC.BK","2059120000","7.4832","Thailand"
"1421","Tradeweb","TW","2057930000","108.38","United States"
"1422","Confluent","CFLT","2053970000","30.99","United States"
"1423","Nan Ya Plastics","1303.TW","2052390000","5.91317","Taiwan"
"1424","Gek Terna","GEKTERNA.AT","2046150000","53.7888","Greece"
"1425","PennyMac Mortgage Investment Trust","PMT","2043680000","9.29","United States"
"1426","SSE","SSE.L","2043310000","32.5727","United Kingdom"
"1427","CF Industries","CF","2042000000","129.24","United States"
"1428","American Financial Group","AFG","2040000000","144.44","United States"
"1429","COSCO SHIPPING Development","601866.SS","2037690000","0.357021","China"
"1430","NGK Insulators","5333.T","2036340000","33.9468","Japan"
"1431","GlobalWafers","6488.TWO","2034510000","30.7422","Taiwan"
"1432","“K” Line","9107.T","2033990000","21.4741","Japan"
"1433","IonQ","IONQ","2033470000","41.06","United States"
"1434","Dentsu","4324.T","2029700000","22.8551","Japan"
"1435","Merlin Properties","MRL.MC","2028540000","16.2509","Spain"
"1436","Hanover Insurance Group","THG","2027400000","227.47","United States"
"1437","H&amp;M","HM-B.ST","2023680000","19.4704","Sweden"
"1438","Wix.com","WIX","2022370000","84.42","Israel"
"1439","Haitian International Holdings","1882.HK","2019540000","2.36646","Hong Kong"
"1440","Nutanix","NTNX","2017900000","66.68","United States"
"1441","Baxter","BAX","2017000000","26.49","United States"
"1442","Kangwon Land","035250.KS","2013680000","10.4428","South Korea"
"1443","Symbotic","SYM","2009440000","40.03","United States"
"1444","VP Bank","VPBN.SW","2006480000","117.93","Liechtenstein"
"1445","Halliburton","HAL","2003000000","34.63","United States"
"1446","Arkema","AKE.PA","2002220000","69.1886","France"
"1447","TPBank (Tien Phong Commercial Joint Stock Bank)","TPB.VN","2000030000","0.552117","Vietnam"
"1448","Nextera Energy","NEE","1998000000","84.1","United States"
"1449","ZhongAn Insurance","6060.HK","1996250000","1.39309","China"
"1450","HENGTONG Optic-Electric","600487.SS","1993190000","9.60981","China"
"1451","Take-Two Interactive","TTWO","1989300000","233.5","United States"
"1452","Adaro Energy","ADRO.JK","1987620000","0.148546","Indonesia"
"1453","Corteva","CTVA","1966000000","82.81","United States"
"1454","Realtek","2379.TW","1964420000","22.8998","Taiwan"
"1455","SenseTime","0020.HK","1964190000","0.192634","China"
"1456","Asseco","ACP.WA","1958470000","64.0094","Poland"
"1457","Severn Trent","SVT.L","1954800000","42.6401","United Kingdom"
"1458","Porsche SE","PAH3.DE","1953730000","31.9305","Germany"
"1459","FinecoBank","FBK.MI","1950100000","27.9203","Italy"
"1460","Edison","EDNR.MI","1946780000","2.24994","Italy"
"1461","Tingyi (master kang)","0322.HK","1946250000","1.67885","China"
"1462","RLI Corp.","RLI","1943210000","66.62","United States"
"1463","Vodacom","VOD.JO","1942520000","9.1026","South Africa"
"1464","Toyota Boshoku Corporation","3116.T","1941850000","14.0263","Japan"
"1465","Paramount Skydance","PSKY","1941000000","10.35","United States"
"1466","Televisa","TV","1940790000","2.8","Mexico"
"1467","Zoetis","ZTS","1940000000","77.17","United States"
"1468","Indofood CBP","ICBP.JK","1934270000","0.437729","Indonesia"
"1469","Ashok Leyland","ASHOKLEY.NS","1926230000","1.81945","India"
"1470","Primerica","PRI","1925230000","299.98","United States"
"1471","Pop Mart International Group","9992.HK","1923210000","19.7992","China"
"1472","Nexans","NEX.PA","1919510000","163.791","France"
"1473","Ionis Pharmaceuticals","IONS","1919110000","62.04","United States"
"1474","D. R. Horton","DHI","1917900000","148.97","United States"
"1475","Daqo New Energy","DQ","1916870000","14.43","China"
"1476","China Airlines","2610.TW","1911640000","0.63994","Taiwan"
"1477","LS Corp.","006260.KS","1911440000","212.685","South Korea"
"1478","Revolution Medicines","RVMD","1908080000","211.58","United States"
"1479","Deckers Brands","DECK","1907250000","92.08","United States"
"1480","Neste","NESTE.HE","1900480000","36.7568","Finland"
"1481","Sysco","SYY","1900000000","83.86","United States"
"1482","Eutelsat","ETL.PA","1896370000","2.17358","France"
"1483","Lockheed Martin","LMT","1894000000","564.14","United States"
"1484","PTC Therapeutics","PTCT","1892460000","71.06","United States"
"1485","Sekisui House","1928.T","1886630000","21.7189","Japan"
"1486","Rosseti","RSTI.ME","1883270000","0","Russia"
"1487","Dai Nippon Printing","7912.T","1880040000","19.6224","Japan"
"1488","El Al Israel Airlines","ELAL.TA","1880000000","5.55978","Israel"
"1489","Resonac Holdings Corporation","4004.T","1879780000","101.564","Japan"
"1490","Zhejiang Chint Electrics","601877.SS","1878980000","3.86029","China"
"1491","Fresenius Medical Care","FMS","1878890000","23.53","Germany"
"1492","Liberty Global","LBTYB","1874600000","13.66","United Kingdom"
"1493","QBE Insurance","QBE.AX","1869000000","15.7725","Australia"
"1494","Centrus Energy","LEU","1868200000","177.14","United States"
"1495","Kenon Holdings","KEN","1868000000","65.85","Singapore"
"1496","Canaccord Genuity Group","CF.TO","1865080000","10.3399","Canada"
"1497","Ibiden","4062.T","1864570000","125.417","Japan"
"1498","Saudi Investment Bank","1030.SR","1864110000","3.81685","Saudi Arabia"
"1499","Localiza","RENT3.SA","1861190000","6.54293","Brazil"
"1500","Seiko Epson Corporation","6724.T","1860660000","19.5659","Japan"
"1501","SM Investments Corporation","SVTMF","1856940000","10.153","Philippines"
"1502","Maruti Suzuki India","MARUTI.NS","1855480000","142.493","India"
"1503","Willis Towers Watson","WTW","1855000000","350.75","United Kingdom"
"1504","abrdn","ABDN.L","1854490000","3.38124","United Kingdom"
"1505","Federal Bank","FEDERALBNK.NS","1854110000","3.63703","India"
"1506","Cenovus Energy","CVE","1852130000","32.17","Canada"
"1507","Amkor Technology","AMKR","1848500000","47.9","United States"
"1508","Grand City Properties","GYC.DE","1847270000","10.7251","Luxembourg"
"1509","Zhejiang Century Huatong","002602.SZ","1839970000","2.09155","China"
"1510","HASEKO Corporation","1808.T","1839640000","17.9966","Japan"
"1511","Astellas Pharma","4503.T","1836160000","15.1593","Japan"
"1512","Howard Hughes Holdings","HHH","1835830000","66.75","United States"
"1513","Makita","6586.T","1835500000","33.3254","Japan"
"1514","Skyward Specialty Insurance Group","SKWD","1833810000","57.92","United States"
"1515","Paytm","PAYTM.NS","1831320000","17.8424","India"
"1516","Umicore","UMI.VI","1831130000","27.0926","Belgium"
"1517","Bendigo and Adelaide Bank","BEN.AX","1827350000","7.76109","Australia"
"1518","MediPal Holdings Corporation","7459.T","1822900000","18.2602","Japan"
"1519","IDFC FIRST Bank","IDFCFIRSTB.NS","1822170000","0.88998","India"
"1520","Gulf Insurance Group","GINS.KW","1817490000","4251.71","Kuwait"
"1521","SSI Securities Corporation","SSI.VN","1817150000","0.811936","Vietnam"
"1522","Devon Energy","DVN","1815000000","48.23","United States"
"1523","S&P Global","SPGI","1810000000","435.42","United States"
"1524","Agilent Technologies","A","1807000000","153.43","United States"
"1525","Saipem","SPM.MI","1806730000","5.2623","Italy"
"1526","Harley-Davidson","HOG","1805070000","28.29","United States"
"1527","Buzzi Unicem","BZU.MI","1804080000","46.5493","Italy"
"1528","Wynn Resorts","WYNN","1795230000","99.41","United States"
"1529","Continental","CON.DE","1795160000","81.6974","Germany"
"1530","Disco Corp.","6146.T","1794530000","381.023","Japan"
"1531","Ipsen","IPN.PA","1793220000","191.77","France"
"1532","Mercury General","MCY","1792720000","106.28","United States"
"1533","Keyera","KEY.TO","1792290000","43.3509","Canada"
"1534","Emerson","EMR","1791000000","157.57","United States"
"1535","U-Haul","UHAL","1789710000","71.1","United States"
"1536","Prysmian Group","PRY.MI","1789370000","141.059","Italy"
"1537","Guangzhou Baiyunshan Pharmaceutical Holdings","600332.SS","1788690000","3.0079","China"
"1538","MISC Berhad","3816.KL","1787640000","2.12297","Malaysia"
"1539","Arçelik","ARCLK.IS","1787470000","1.92654","Turkey"
"1540","Arrowhead Pharmaceuticals","ARWR","1784090000","86.73","United States"
"1541","Paychex","PAYX","1780600000","126.01","United States"
"1542","Gold Fields","GFI","1779200000","47.33","South Africa"
"1543","China Eastern Airlines","600115.SS","1777150000","0.525118","China"
"1544","Archer Aviation","ACHR","1775900000","6.07","United States"
"1545","Getlink","GET.PA","1772670000","22.6626","France"
"1546","Zhongji Innolight","300308.SZ","1772170000","125.85","China"
"1547","Bombardier","BBD-B.TO","1771000000","232.124","Canada"
"1548","Terumo","4543.T","1770280000","16.2986","Japan"
"1549","Toast","TOST","1770000000","36.71","United States"
"1550","Alaska Airlines","ALK","1768000000","41.56","United States"
"1551","Emera","EMA.TO","1767260000","50.3644","Canada"
"1552","Capitec Bank","CPI.JO","1764320000","288.925","South Africa"
"1553","Rinnai Corporation","5947.T","1764250000","22.4157","Japan"
"1554","Unimicron","3037.TW","1761930000","34.3497","Taiwan"
"1555","CTS Eventim","EVD.F","1760850000","70.879","Germany"
"1556","Telefonica Brasil","VIV","1760660000","11.45","Brazil"
"1557","Xcel Energy","XEL","1760000000","77.33","United States"
"1558","China Tower","0788.HK","1759840000","1.18132","China"
"1559","X5 Retail Group","FIVE.ME","1758120000","32.42","Netherlands"
"1560","Celanese","CE","1758000000","45.26","United States"
"1561","Taisei Corporation","1801.T","1755190000","80.3789","Japan"
"1562","Corning","GLW","1755000000","145.55","United States"
"1563","Snap-on","SNA","1753300000","394.49","United States"
"1564","China Steel","2002A.TW","1751310000","1.17165","Taiwan"
"1565","Hainan Airlines","900945.SS","1750070000","0.205","China"
"1566","USA Rare Earth","USAR","1749640000","18.29","United States"
"1567","Rubrik","RBRK","1749110000","98.04","United States"
"1568","Best Buy","BBY","1749000000","87.48","United States"
"1569","ViaSat","VSAT","1746830000","72.275","United States"
"1570","Wacker Chemie","WCH.F","1745390000","108.533","Germany"
"1571","PTT Global Chemical","PTTGC.BK","1743620000","1.25229","Thailand"
"1572","Daito Trust Construction","1878.T","1742570000","20.9092","Japan"
"1573","Country Garden","2007.HK","1741830000","0.0251317","China"
"1574","Sun Art Retail Group Limited","6808.HK","1741680000","0.132675","China"
"1575","Logitech","LOGI","1741550000","97.21","Switzerland"
"1576","Toray Industries","3402.T","1741160000","7.97512","Japan"
"1577","Square Enix","9684.T","1740800000","18.5364","Japan"
"1578","Sandoz Group","SDZ.SW","1739000000","90.8605","Switzerland"
"1579","MP Materials","MP","1738330000","57.42","United States"
"1580","Zhejiang NHU Co., Ltd.","002001.SZ","1737380000","3.91533","China"
"1581","Vaxcyte","PCVX","1737180000","61.87","United States"
"1582","DXC Technology","DXC","1737000000","10.63","United States"
"1583","Enel Américas","ENELAM.SN","1734880000","0.0948835","Chile"
"1584","Motor Oil (Hellas) Corinth Refineries","MOH.AT","1734070000","67.9646","Greece"
"1585","Santos","STO.AX","1734000000","5.82976","Australia"
"1586","Indian Oil","IOC.NS","1733940000","1.45105","India"
"1587","Koito Manufacturing","7276.T","1731110000","16.8353","Japan"
"1588","Japan Exchange Group","8697.T","1730880000","14.202","Japan"
"1589","Applied Digital","APLD","1730440000","26.89","United States"
"1590","Adidas","ADS.DE","1729190000","181.627","Germany"
"1591","Türkiye Petrol Rafinerileri","TUPRS.IS","1728620000","7.9588","Turkey"
"1592","Leonardo","LDO.MI","1728030000","64.4906","Italy"
"1593","Powergrid Corporation of India","POWERGRID.NS","1725780000","2.82468","India"
"1594","Lyft","LYFT","1720940000","17.68","United States"
"1595","Vedanta","VEDL.NS","1718680000","2.87274","India"
"1596","Shriram Transport Finance","SHRIRAMFIN.NS","1714190000","11.8838","India"
"1597","Bank Islam Malaysia","5258.KL","1713670000","0.522083","Malaysia"
"1598","Krung Thai Bank","KTB.BK","1711480000","1.35919","Thailand"
"1599","Klabin","KLBN11.SA","1711030000","3.62676","Brazil"
"1600","Techtronic Industries","0669.HK","1709480000","17.8601","Hong Kong"
"1601","CSN Mineração","CMIN3.SA","1706420000","1.15909","Brazil"
"1602","Invesco","IVZ","1706100000","32.45","United States"
"1603","Host Hotels & Resorts","HST","1703000000","23.19","United States"
"1604","China Oilfield Services","2883.HK","1701240000","0.944034","China"
"1605","Bunge Global SA","BG","1701000000","110.16","United States"
"1606","Starbucks","SBUX","1700300000","107.49","United States"
"1607","Far Eastern New Century","1402.TW","1699700000","0.909718","Taiwan"
"1608","Olam","VC2.SI","1699580000","0.818189","Singapore"
"1609","Goldwind Science&amp;Technology","002202.SZ","1697550000","2.74608","China"
"1610","Avidity Biosciences","RNAM","1696870000","72.82","United States"
"1611","Haleon","HLN","1696870000","10.16","United Kingdom"
"1612","YPF S.A.","YPF","1692000000","51.28","Argentina"
"1613","HubSpot","HUBS","1691050000","244.17","United States"
"1614","TUI","TUI1.F","1689600000","8.27699","Germany"
"1615","QVC Group","QVCGA","1684000000","0.34","United States"
"1616","NVR","NVR","1682070000","6397.59","United States"
"1617","UMB Financial","UMBF","1679790000","143.96","United States"
"1618","HELLA","HLE.F","1678930000","80.3218","Germany"
"1619","F.N.B. Corporation","FNB","1674000000","18.48","United States"
"1620","Tong Ren Tang","600085.SS","1670500000","3.6074","China"
"1621","Daifuku","6383.T","1670270000","36.7904","Japan"
"1622","Gartner","IT","1666950000","202.78","United States"
"1623","LOTTE Chemical","011170.KS","1664700000","39.6481","South Korea"
"1624","Dar Al Arkan Real Estate Development Company","4300.SR","1664030000","5.43096","Saudi Arabia"
"1625","CBRE Group","CBRE","1664000000","151.93","United States"
"1626","South32","S32.AX","1664000000","3.66953","Australia"
"1627","OCB (Orient Commercial Joint Stock Bank)","OCB.VN","1661610000","0.418386","Vietnam"
"1628","Hanwha Solutions","009830.KS","1661170000","23.3628","South Korea"
"1629","President Chain Store (PSCS)","2912.TW","1660550000","7.02679","Taiwan"
"1630","ResMed","RMD","1660510000","232.45","United States"
"1631","Alcon","ALC","1659000000","73.7","Switzerland"
"1632","Glarner Kantonalbank","GLKBN.SW","1654510000","31.4727","Switzerland"
"1633","Figma","FIG","1654160000","27.44","United States"
"1634","East Japan Railway","9020.T","1653730000","22.7547","Japan"
"1635","Bank AlJazira","1020.SR","1653020000","3.2655","Saudi Arabia"
"1636","MOL Group","MOL.BD","1652240000","16.2685","Hungary"
"1637","AES","AES","1651000000","14.75","United States"
"1638","Toyo Suisan","2875.T","1650800000","66.6947","Japan"
"1639","Green Dot","GDOT","1646380000","13.42","United States"
"1640","Bandhan Bank","BANDHANBNK.NS","1646140000","1.80995","India"
"1641","Dover Corporation","DOV","1641920000","203.62","United States"
"1642","China Gas","0384.HK","1639850000","0.717593","China"
"1643","Yadea Group","1585.HK","1638610000","1.31399","China"
"1644","Compagnie du Cambodge","CBDG.PA","1635690000","123.572","France"
"1645","ZIM Integrated Shipping Services","ZIM","1627300000","28.38","Israel"
"1646","Lumen Technologies","LUMN","1625000000","5.67","United States"
"1647","Gulf Development Public Company","GULF.BK","1624320000","1.93189","Thailand"
"1648","PPG Industries","PPG","1624000000","113.23","United States"
"1649","AMS-Osram","AMS.SW","1619230000","21.6702","Austria"
"1650","Accton Technology","2345.TW","1618340000","63.6803","Taiwan"
"1651","Bureau Veritas","BVI.PA","1616310000","32.63","France"
"1652","Salzgitter","SZG.F","1616110000","60.5036","Germany"
"1653","Storebrand","STB.OL","1615960000","21.9954","Norway"
"1654","Sumitomo Chemical","4005.T","1615220000","3.48445","Japan"
"1655","LTM Limited","LTM.NS","1614090000","47.2511","India"
"1656","Pan American Silver","PAAS","1614000000","53.63","Canada"
"1657","Otsuka","4768.T","1611490000","22.1646","Japan"
"1658","Marsh & McLennan Companies","MRSH","1611000000","194.67","United States"
"1659","Textron","TXT","1610000000","82.13","United States"
"1660","American Tower","AMT","1608800000","178.39","United States"
"1661","Want Want China","0151.HK","1607790000","0.419075","Hong Kong"
"1662","Magna International","MGA","1605000000","67.8","Canada"
"1663","Hapvida","HAPV3.SA","1604220000","1.23481","Brazil"
"1664","CNH Industrial","CNH","1604000000","11.76","United Kingdom"
"1665","PTT Oil and Retail Business","OR.BK","1602990000","0.38485","Thailand"
"1666","Home Depot","HD","1601000000","337.43","United States"
"1667","Thai Beverage","Y92.SI","1600840000","0.365825","Thailand"
"1668","JCDecaux","DEC.PA","1600450000","28.1184","France"
"1669","Daewoo Engineering &amp; Construction","047040.KS","1599050000","12.725","South Korea"
"1670","Venture Global","VG","1599000000","14.39","United States"
"1671","DSV","DSV.VI","1597610000","218.699","Denmark"
"1672","LTIMindtree","LTIM.NS","1594430000","47.4605","India"
"1673","Inspur","000977.SZ","1594130000","11.0245","China"
"1674","Knorr-Bremse","KBX.DE","1593770000","121.823","Germany"
"1675","Singapore Exchange","S68.SI","1593600000","19.9827","Singapore"
"1676","BETA Technologies","BETA","1589400000","23.84","United States"
"1677","JACCS Co., Ltd.","8584.T","1588730000","24.0729","Japan"
"1678","Kuwait International Bank","KIB.KW","1588510000","824.91","Kuwait"
"1679","iA Financial","IAG.TO","1588160000","141.807","Canada"
"1680","Amcor","AMCR","1587000000","47.91","Switzerland"
"1681","Elang Mahkota Teknologi","EMTK.JK","1586740000","0.0296526","Indonesia"
"1682","Kerry Properties","0683.HK","1584960000","2.48","Hong Kong"
"1683","Atlas Copco","ATCO-B.ST","1582370000","18.96","Sweden"
"1684","GS Holdings Corp.","078930.KS","1582020000","87.9626","South Korea"
"1685","Grupo Simec","SIMECB.MX","1580620000","10.3811","Mexico"
"1686","Andritz","AZ2.F","1579650000","95.0105","Austria"
"1687","Hilltop Holdings","HTH","1579510000","38.67","United States"
"1688","Cathay Pacific","0293.HK","1579430000","1.86255","Hong Kong"
"1689","Maire Tecnimont","MAIRE.MI","1576590000","14.1175","Italy"
"1690","TKMS","TKMS.DE","1576410000","106.318","Germany"
"1691","Sanmina","SANM","1575520000","185.41","United States"
"1692","CapitaLand Investment Limited","9CI.SI","1574890000","2.10054","Singapore"
"1693","Ganfeng Lithium","002460.SZ","1574420000","7.89164","China"
"1694","Absa Bank","ABSP.JO","1573260000","55.3035","South Africa"
"1695","White Mountains Insurance Group","WTM","1571000000","2132.3","Bermuda"
"1696","Walmex","WMMVF","1570350000","2.72","Mexico"
"1697","City Developments","C09.SI","1566390000","6.60845","Singapore"
"1698","Bpost","13B.F","1565530000","1.53882","Belgium"
"1699","Bio-Rad Laboratories","BIO","1564700000","381.76","United States"
"1700","BTS Group","BTS.BK","1560720000","0.0635308","Thailand"
"1701","Pegasus Airlines","PGSUS.IS","1559590000","3.1253","Turkey"
"1702","Ubisoft","UBI.PA","1557190000","6.36978","France"
"1703","MinebeaMitsumi","6479.T","1556730000","21.0033","Japan"
"1704","Qantas Airways","QAN.AX","1554400000","6.61659","Australia"
"1705","Eisai","4523.T","1553260000","30.5132","Japan"
"1706","Swatch","UHR.SW","1552360000","233.184","Switzerland"
"1707","Hakuhodo DY Holdings","2433.T","1549030000","8.40196","Japan"
"1708","Brink's","BCO","1547300000","112.78","United States"
"1709","Eximbank (Vietnam Export Import Commercial Joint Stock Bank)","EIB.VN","1547020000","0.659101","Vietnam"
"1710","Motilal Oswal Financial Services","MOTILALOFS.NS","1546060000","10.5339","India"
"1711","Hera Group","HER.MI","1543770000","4.54418","Italy"
"1712","Investor AB","INVE-B.ST","1540660000","43.6927","Sweden"
"1713","Smoore International Holdings","6969.HK","1540370000","1.30889","China"
"1714","Rheinmetall","RHM.F","1538210000","1306.83","Germany"
"1715","Kingboard Holdings","0148.HK","1536830000","6.4998","Hong Kong"
"1716","Lotte Shopping","023530.KS","1536770000","71.4244","South Korea"
"1717","Navient","NAVI","1535000000","9.47","United States"
"1718","Rathbones Group","RAT.L","1533900000","23.3772","United Kingdom"
"1719","Kier Group","KIE.L","1528120000","3.50874","United Kingdom"
"1720","Zalando","ZAL.DE","1526990000","27.0926","Germany"
"1721","Close Brothers Group","CBG.L","1526640000","5.80614","United Kingdom"
"1722","Petrovietnam Gas","GAS.VN","1526290000","3.19043","Vietnam"
"1723","StubHub Holdings","STUB","1526240000","6.67","United States"
"1724","The Musashino Bank","8336.T","1525220000","16.942","Japan"
"1725","Mondelez International","MDLZ","1524000000","64.7","United States"
"1726","Genmab","GMAB","1521000000","33.02","Denmark"
"1727","Circle Internet Group","CRCL","1518510000","87.72","United States"
"1728","Wynn Macau","1128.HK","1518300000","0.745022","Macau"
"1729","Zain (Mobile Telecommunications Company)","ZAIN.KW","1517020000","1988.91","Kuwait"
"1730","Cognizant Technology Solutions","CTSH","1517000000","62.2","United States"
"1731","EchoStar","ECHO","1516100000","85.32","United States"
"1732","lululemon athletica","LULU","1514730000","122.78","Canada"
"1733","Laurentian Bank of Canada","LB.TO","1513840000","29.1074","Canada"
"1734","Moody's","MCO","1510000000","511.35","United States"
"1735","NewPrinces S.p.A.","NWL.MI","1509390000","18.3609","Italy"
"1736","Técnicas Reunidas","TRE.MC","1508000000","31.8489","Spain"
"1737","Carlsberg","CARL-B.CO","1507570000","137.766","Denmark"
"1738","MPLX","MPLX","1506000000","58.46","United States"
"1739","Yamato Holdings","9064.T","1505950000","12.2342","Japan"
"1740","WaFd Bank","WAFD","1505770000","36.29","United States"
"1741","Ono Pharmaceutical","4528.T","1505060000","15.4355","Japan"
"1742","Everpure","P","1504750000","100.44","United States"
"1743","Wharf Holdings","0004.HK","1504630000","2.59482","Hong Kong"
"1744","Sharp Corporation","6753.T","1503670000","3.90878","Japan"
"1745","China Resources Power Holdings","0836.HK","1500460000","2.33202","Hong Kong"
"1746","Tower Semiconductor","TSEM","1498550000","211.1","Israel"
"1747","MBIA","MBI","1495000000","4.91","United States"
"1748","Niterra","5334.T","1494540000","54.6175","Japan"
"1749","Sumitomo Denki Kōgyō","5802.T","1494410000","13.8066","Japan"
"1750","Doosan Bobcat","241560.KS","1492730000","44.1257","South Korea"
"1751","CJ Cheiljedang Corporation","097950.KS","1491750000","135.121","South Korea"
"1752","Bank of N. T. Butterfield & Son","NTB","1484820000","58.54","Bermuda"
"1753","West Japan Railway","9021.T","1483220000","18.7436","Japan"
"1754","Prada","1913.HK","1482200000","5.2177","Italy"
"1755","GMO Payment Gateway","3769.T","1482080000","59.6141","Japan"
"1756","GCL Technology","3800.HK","1481870000","0.0886627","Hong Kong"
"1757","AerCap","AER","1479660000","147.56","Ireland"
"1758","Senvest Capital","SEC.TO","1479100000","313.875","Canada"
"1759","Synnex Technology International","2347.TW","1478340000","2.71974","Taiwan"
"1760","Trend Micro","4704.T","1477050000","34.8633","Japan"
"1761","Alibaba Health Information Technology","0241.HK","1474490000","0.408231","Hong Kong"
"1762","Ondas Holdings","ONDS","1473840000","8.24","United States"
"1763","Tosoh Corporation","4042.T","1472280000","16.5403","Japan"
"1764","Sampo","SAMPO.HE","1472240000","11.4269","Finland"
"1765","Bank of Jerusalem","JBNK.TA","1471840000","6.7464","Israel"
"1766","Romgaz","SNG.RO","1468460000","4.42896","Romania"
"1767","Ajman Bank","AJMANBANK.AE","1468000000","0","United Arab Emirates"
"1768","First American Financial Corporation","FAF","1465800000","72.26","United States"
"1769","Kratos Defense &amp; Security Solutions","KTOS","1464300000","53.07","United States"
"1770","Moncler","MONC.MI","1464040000","55.4791","Italy"
"1771","Hindustan Zinc","HINDZINC.NS","1460250000","6.18953","India"
"1772","Is Yatirim Menkul Degerler Anonim Sirketi","ISMEN.IS","1459730000","0.675381","Turkey"
"1773","Yakult","2267.T","1459610000","18.323","Japan"
"1774","Structure Therapeutics","GPCR","1458500000","49.01","United States"
"1775","National Mineral Development Corporation","NMDC.NS","1455100000","0.892592","India"
"1776","Boston Scientific","BSX","1453000000","49.01","United States"
"1777","BB Biotech","BION.SW","1446480000","69.9118","Switzerland"
"1778","Banco di Desio e della Brianza","BDB.MI","1446230000","19.4218","Italy"
"1779","Tianqi Lithium","002466.SZ","1445960000","6.99314","China"
"1780","Mazagon Dock Shipbuilders Limited","MAZDOCK.NS","1445040000","27.1027","India"
"1781","KakaoBank","323410.KS","1444830000","15.5993","South Korea"
"1782","IG Group","IGG.L","1443290000","18.4729","United Kingdom"
"1783","Credo Technology","CRDO","1443290000","222.61","United States"
"1784","F5","FFIV","1442810000","379.04","United States"
"1785","CPFL Energia","CPFE3.SA","1441280000","8.31942","Brazil"
"1786","Canadian Solar","CSIQ","1441110000","14.32","Canada"
"1787","TowneBank","TOWN","1439220000","37.82","United States"
"1788","Ares Management","ARES","1438080000","140.01","United States"
"1789","DCC plc","DCC.L","1437700000","86.6426","Ireland"
"1790","The Shikoku Bank","8387.T","1435690000","21.2168","Japan"
"1791","Powerchip Semiconductor Manufacturing","6770.TW","1434870000","2.1645","Taiwan"
"1792","SCREEN Holdings","7735.T","1433800000","83.5175","Japan"
"1793","Lens Technology","300433.SZ","1432370000","5.63795","China"
"1794","Sainsbury's","SBRY.L","1431660000","4.57326","United Kingdom"
"1795","Stanley Electric","6923.T","1431370000","22.6605","Japan"
"1796","Veralto","VLTO","1431000000","99.37","United States"
"1797","China Resources Microelectronics","688396.SS","1429140000","8.7232","China"
"1798","Yum China","YUMC","1429000000","48.92","China"
"1799","Exxaro Resources","EXX.JO","1428360000","11.404","South Africa"
"1800","CyberAgent","4751.T","1427740000","8.43335","Japan"
"1801","Etsy","ETSY","1425760000","87.03","United States"
"1802","Yancoal","YAL.AX","1424660000","4.26323","Australia"
"1803","China Resources Beer","0291.HK","1423650000","2.66371","Hong Kong"
"1804","WEG ON","WEGE3.SA","1422310000","9.52705","Brazil"
"1805","SoFi","SOFI","1421910000","18.24","United States"
"1806","Skyworks Solutions","SWKS","1421800000","66.86","United States"
"1807","Rithm Capital","RITM","1420010000","10.25","United States"
"1808","Covivio","COV.PA","1418840000","60.1539","France"
"1809","Sodexo","SW.PA","1417460000","66.2159","France"
"1810","Dillard's","DDS","1417410000","642.63","United States"
"1811","Aon","AON","1416000000","359.1","United Kingdom"
"1812","Accor","AC.PA","1415550000","54.4766","France"
"1813","Stifel","SF","1414540000","80.8","United States"
"1814","Semapa","SEM.LS","1413030000","24.2481","Portugal"
"1815","Arthur J. Gallagher & Co.","AJG","1413000000","271.99","United States"
"1816","Gestamp Automoción","GEST.MC","1412630000","3.46235","Spain"
"1817","Seatrium","5E2.SI","1409220000","1.69932","Singapore"
"1818","Shenzhen Inovance","300124.SZ","1408330000","9.13229","China"
"1819","EDP Renováveis","EDPR.LS","1408300000","15.9827","Spain"
"1820","Cadence Design Systems","CDNS","1406670000","315.92","United States"
"1821","The Trade Desk","TTD","1405920000","13.27","United States"
"1822","kyowa Kirin","4151.T","1405400000","16.1072","Japan"
"1823","Mueller Industries","MLI","1403040000","63.45","United States"
"1824","BOK Financial","BOKF","1401720000","140.46","United States"
"1825","Finnair","FIA1S.HE","1395160000","5.3952","Finland"
"1826","Voestalpine","VAS.F","1394690000","51.1308","Austria"
"1827","Kintetsu GHD","9041.T","1390950000","22.4973","Japan"
"1828","Ceconomy","CEC.DE","1388900000","4.61646","Germany"
"1829","Royalty Pharma","RPRX","1388140000","61.33","United Kingdom"
"1830","MODEC, Inc.","6269.T","1387140000","61.9366","Japan"
"1831","CITIC Metal","601061.SS","1386330000","1.7018","China"
"1832","Acer","2353.TW","1386140000","0.974026","Taiwan"
"1833","Smithfield Foods","SFD","1386000000","22.31","United States"
"1834","Hero MotoCorp","HEROMOTOCO.NS","1384330000","58.7556","India"
"1835","Yamato Kogyo","5444.T","1383430000","78.0877","Japan"
"1836","Rocket Lab","RKLB","1383350000","68.28","United States"
"1837","Norwegian Air Shuttle","NAS.OL","1382630000","1.40264","Norway"
"1838","Dubai Financial Market (DFM)","DFM.AE","1382520000","0.383893","United Arab Emirates"
"1839","Nippon Television Holdings","9404.T","1382260000","18.9382","Japan"
"1840","BBVA Argentina","BBAR","1382260000","14.76","Argentina"
"1841","ABC-Mart","2670.T","1378660000","17.6074","Japan"
"1842","Ultrapar Participacoes","UGP","1378550000","6.72","Brazil"
"1843","RLX Technology","RLX","1378010000","1.81","China"
"1844","NCsoft","036570.KS","1377310000","162.492","South Korea"
"1845","Swisscom","SCMN.SW","1375320000","790.551","Switzerland"
"1846","Hamilton Insurance Group","HG","1373950000","35.18","Bermuda"
"1847","Mitsui Chemicals","4183.T","1373840000","13.3264","Japan"
"1848","Jacobs Engineering","J","1371910000","151.61","United States"
"1849","Yokogawa Electric Corporation","6841.T","1371870000","32.3148","Japan"
"1850","Satellite Chemical","002648.SZ","1371790000","3.95103","China"
"1851","Carrier Global","CARR","1371000000","59.97","United States"
"1852","Elastic NV","ESTC","1370260000","83.24","United States"
"1853","Axos Financial","AX","1369170000","96.94","United States"
"1854","On Holding","ONON","1368930000","29.51","Switzerland"
"1855","Beazley","BEZ.L","1368500000","17.6487","United Kingdom"
"1856","HUTCHMED","HCM","1367280000","12.18","Hong Kong"
"1857","Banco Macro","BMA","1367240000","76.65","Argentina"
"1858","Monolithic Power Systems","MPWR","1367110000","1285.03","United States"
"1859","Telephone and Data Systems","TDS","1366600000","33.09","United States"
"1860","Novatek Microelectronics","3034.TW","1366570000","17.4101","Taiwan"
"1861","Olympus","7733.T","1364990000","13.5963","Japan"
"1862","Lang &amp; Schwarz","LUS1.DE","1362970000","22.4411","Germany"
"1863","Pan Pacific International Holdings","7532.T","1362370000","5.1096","Japan"
"1864","Jabil","JBL","1360000000","304.89","United States"
"1865","GoTo","GOTO.JK","1359810000","0.00282406","Indonesia"
"1866","Datang International Power Generation Company","601991.SS","1358520000","0.877676","China"
"1867","GitLab","GTLB","1357460000","42.03","United States"
"1868","YTO Express","600233.SS","1357400000","2.51551","China"
"1869","Hoa Phat Group","HPG.VN","1357090000","0.832951","Vietnam"
"1870","Hasbro","HAS","1355300000","95.41","United States"
"1871","Air Arabia","AIRARABIA.AE","1353960000","0","United Arab Emirates"
"1872","Nippon Yūsen","9101.T","1353170000","44.8251","Japan"
"1873","Dollar General","DG","1353110000","125.33","United States"
"1874","Alcoa","AA","1353000000","49.39","United States"
"1875","Focus Media Information Technology","002027.SZ","1351810000","0.73933","China"
"1876","Unisplendour","000938.SZ","1350770000","5.22143","China"
"1877","Kasikornbank","KBANK.BK","1349980000","7.75809","Thailand"
"1878","Sojitz Corporation","2768.T","1349780000","35.7546","Japan"
"1879","Tokyu Fudosan Holdings","3289.T","1348510000","8.42707","Japan"
"1880","RBL Bank","RBLBANK.NS","1347780000","4.01473","India"
"1881","Bank Millennium","MIL.WA","1346360000","5.73243","Poland"
"1882","ING Bank Slaski","ING.WA","1345620000","120.116","Poland"
"1883","Mobileye","MBLY","1344000000","8.64","Israel"
"1884","Itaúsa","ITSA3.SA","1342440000","2.52398","Brazil"
"1885","The Berkeley Group","BKG.L","1342360000","48.7978","United Kingdom"
"1886","NOV","NOV","1342000000","19.76","United States"
"1887","Allied Group Limited","0373.HK","1341560000","0.273004","Hong Kong"
"1888","Norfolk Southern","NSC","1341000000","352.98","United States"
"1889","CP All","CPALL.BK","1339720000","1.42028","Thailand"
"1890","Idemitsu Kosan","5019.T","1338800000","8.65305","Japan"
"1891","Hulic","3003.T","1338530000","11.3208","Japan"
"1892","United Fire Group","UFCS","1337080000","53.93","United States"
"1893","ENGIE Brasil","EGIE3.SA","1335570000","5.44403","Brazil"
"1894","Colgate-Palmolive","CL","1335000000","92.55","United States"
"1895","SKF (Svenska Kullagerfabriken)","SKF-B.ST","1334780000","28.9005","Sweden"
"1896","Copa Holdings","CPA","1333680000","131.5","Panama"
"1897","Formula One Group","FWONK","1332000000","106.66","United States"
"1898","China Everbright Environment Group","0257.HK","1331440000","0.652532","Hong Kong"
"1899","Marks &amp; Spencer","MKS.L","1329890000","5.33751","United Kingdom"
"1900","BKW AG","BKW.SW","1328150000","155.995","Switzerland"
"1901","Mitsui O.S.K. Lines","9104.T","1323150000","45.2833","Japan"
"1902","Menora Mivtachim Holdings","MMHD.TA","1321290000","163.26","Israel"
"1903","Hai Di Lao Hot Pot","6862.HK","1319130000","1.4556","China"
"1904","Groupe SEB","SK.PA","1318990000","68.8972","France"
"1905","Trisura Group","TSU.TO","1318060000","29.2157","Canada"
"1906","Vanguard International Semiconductor","5347.TWO","1317310000","4.72364","Taiwan"
"1907","Expeditors International","EXPD","1316500000","187.83","United States"
"1908","Houlihan Lokey","HLI","1316200000","128.95","United States"
"1909","Neurocrine Biosciences","NBIX","1316200000","153.04","United States"
"1910","SAAB AB","SAAB-B.ST","1313660000","67.6309","Sweden"
"1911","BIG Shopping Centers","BIG.TA","1312050000","225.958","Israel"
"1912","Atos","ATO.PA","1311000000","33.4111","France"
"1913","Fnac Darty","FNAC.PA","1310530000","40.394","France"
"1914","TriMas","TRS","1309610000","39.57","United States"
"1915","NKT A/S","NKT.CO","1309040000","146.403","Denmark"
"1916","Swire Properties","1972.HK","1308760000","3.1842","Hong Kong"
"1917","Nippon Paper Industries","3863.T","1307930000","8.56831","Japan"
"1918","OBIC","4684.T","1307770000","29.9797","Japan"
"1919","UiPath","PATH","1307240000","16.57","United States"
"1920","Transportadora de Gas del Sur","TGS","1306340000","28.52","Argentina"
"1921","Cheniere Energy","LNG","1305000000","280.79","United States"
"1922","Akeso","9926.HK","1304740000","11.3412","China"
"1923","Brother Industries","6448.T","1301980000","29.2515","Japan"
"1924","Bausch Health","BHC","1299000000","6.68","Canada"
"1925","Pinterest","PINS","1298560000","23.47","United States"
"1926","ReNew Energy Global","RNW","1296370000","6.8","India"
"1927","TAG Immobilien","TEG.F","1295840000","14.7703","Germany"
"1928","Tsuruha Holdings","3391.T","1295410000","15.0808","Japan"
"1929","Vallourec","VK.PA","1295150000","20.809","France"
"1930","Macy's","M","1294000000","23.18","United States"
"1931","Shanghai United Imaging Healthcare","688271.SS","1293850000","15.883","China"
"1932","Tata Steel","TATASTEEL.NS","1291350000","1.92665","India"
"1933","Crinetics Pharmaceuticals","CRNX","1291310000","84.78","United States"
"1934","Supermicro","SMCI","1290320000","35.17","United States"
"1935","Pagaya Technologies","PGY","1289370000","21.82","Israel"
"1936","Dropbox","DBX","1288800000","34.88","United States"
"1937","Usiminas","USIM5.SA","1288530000","1.38236","Brazil"
"1938","Nuvalent","NUVL","1287480000","123.96","United States"
"1939","Ayala Corporation","AYALY","1283740000","9.02","Philippines"
"1940","Dürr","DUE.F","1282150000","20.028","Germany"
"1941","Caisse Régionale de Crédit Agricole Mutuel du Languedoc","CRLA.PA","1277820000","106.668","France"
"1942","eToro","ETOR","1275650000","29.07","Israel"
"1943","Ford Otosan","FROTO.IS","1275170000","1.64063","Turkey"
"1944","Ingersoll Rand","IR","1274400000","79.99","Ireland"
"1945","CIMC Enric","3899.HK","1273400000","0.942758","China"
"1946","Zhuzhou CRRC Times Electric","3898.HK","1268840000","4.07466","Hong Kong"
"1947","Azrieli Group","AZRG.TA","1267950000","132.461","Israel"
"1948","CSPC Pharmaceutical Group Limited","1093.HK","1267200000","1.20045","China"
"1949","Slide Insurance","SLDE","1266720000","23.64","United States"
"1950","DWS Group","DWS.F","1266360000","87.433","Germany"
"1951","EML Payments","EML.AX","1266350000","0.17525","Australia"
"1952","ACM Research","ACMR","1265170000","77.345","United States"
"1953","GoDaddy","GDDY","1261700000","100.52","United States"
"1954","Bank Mega","MEGA.JK","1259740000","0.111833","Indonesia"
"1955","NSK Ltd.","6471.T","1259300000","6.95508","Japan"
"1956","Evolution Gaming","EVO.ST","1258370000","87.8591","Sweden"
"1957","Grupo Carso","GCARSOA1.MX","1256680000","8.23845","Mexico"
"1958","OpenText","OTEX","1254140000","24.58","Canada"
"1959","HYBE","352820.KS","1254110000","124.361","South Korea"
"1960","Swiggy","SWIGGY.NS","1252190000","3.00491","India"
"1961","Discovery Limited","DSY.JO","1252120000","15.3269","South Africa"
"1962","Duolingo","DUOL","1251610000","146.84","United States"
"1963","Global Indemnity","GBLI","1249990000","27.26","Cayman Islands"
"1964","Brightstar Lottery","BRSL","1249000000","11.82","United Kingdom"
"1965","Alchip Technologies","3661.TW","1244470000","121.243","Taiwan"
"1966","PPL","PPL","1241000000","35.04","United States"
"1967","Okinawa Financial Group","7350.T","1240220000","47.518","Japan"
"1968","Tongling Nonferrous Metals Group Co.,Ltd.","000630.SZ","1239800000","0.956518","China"
"1969","VSE Corporation","VSEC","1239410000","215","United States"
"1970","Citic Pacific Special Steel Group","000708.SZ","1238870000","2.05436","China"
"1971","Addiko Bank","ZYE1.F","1238030000","29.3775","Austria"
"1972","AMEC","688012.SS","1237530000","52.6605","China"
"1973","International Paper","IP","1236000000","41.04","United States"
"1974","Hypothekarbank Lenzburg","HBLN.SW","1234970000","5224.73","Switzerland"
"1975","Inter &amp; Co","INTR","1233250000","5.56","Brazil"
"1976","VNET Group","VNET","1231520000","6.47","China"
"1977","Computershare","CPU.AX","1230600000","28.1474","Australia"
"1978","KION Group","KGX.DE","1229640000","48.8459","Germany"
"1979","Puig Brands","PUIG.MC","1229010000","20.4593","Spain"
"1980","Varengold Bank AG","VG8.DE","1228510000","3.36779","Germany"
"1981","Lazard","LAZ","1227870000","44.07","Bermuda"
"1982","Nomura Research Institute","4307.T","1227120000","32.0951","Japan"
"1983","Aurora Innovation","AUR","1225000000","5.69","United States"
"1984","Samsung SDI","006405.KS","1223740000","149.493","South Korea"
"1985","Insmed","INSM","1223510000","123.98","United States"
"1986","Hello Group Inc.","MOMO","1222400000","5.69","China"
"1987","International General Insurance Holdings Ltd.","IGIC","1220400000","26.56","Jordan"
"1988","Kazatomprom","0ZQ.F","1220380000","69.4801","Kazakhstan"
"1989","Great Eagle","0041.HK","1220060000","2.03478","Hong Kong"
"1990","Qorvo","QRVO","1219020000","95.37","United States"
"1991","Rexel","RXL.PA","1218780000","42.644","France"
"1992","Yara International","YAR.OL","1218000000","49.8441","Norway"
"1993","Alfresa Holdings Corporation","2784.T","1217480000","14.5567","Japan"
"1994","LB Group (LomonBillions)","002601.SZ","1216930000","2.33402","China"
"1995","CoStar Group","CSGP","1215000000","32.84","United States"
"1996","Kinden Corporation","1944.T","1214220000","43.0675","Japan"
"1997","Nippon Sanso","4091.T","1213110000","35.4847","Japan"
"1998","Teleperformance","TEP.PA","1212320000","82.117","France"
"1999","monday.com","MNDY","1212280000","94.25","Israel"
"2000","Stora Enso","STEAV.HE","1211820000","11.6344","Finland"
"2001","Beam Therapeutics","BEAM","1211650000","28.33","United States"
"2002","CIE Automotive","CIE.MC","1211270000","30.1352","Spain"
"2003","Spring Airlines","601021.SS","1210800000","6.51116","China"
"2004","LG CNS","064400.KS","1210630000","52.7198","South Korea"
"2005","Anima Holding","ANIM.MI","1208850000","8.32362","Italy"
"2006","Bullish","BLSH","1206000000","30.61","Cayman Islands"
"2007","Enea","ENA.WA","1203300000","5.20465","Poland"
"2008","New Hope Liuhe","000876.SZ","1203260000","1.04577","China"
"2009","JFE Holdings","5411.T","1202950000","11.5123","Japan"
"2010","Ciena","CIEN","1202830000","371.95","United States"
"2011","Luckin Coffee","LKNCY","1202540000","35","China"
"2012","LOTTE Corporation","004990.KS","1201310000","16.827","South Korea"
"2013","Hyundai Motor India","HYUNDAI.NS","1199680000","23.3225","India"
"2014","Hotai Motor","2207.TW","1198580000","16.2808","Taiwan"
"2015","CenterPoint Energy","CNP","1194000000","39.1","United States"
"2016","Kobe Steel","5406.T","1193300000","12.7112","Japan"
"2017","Versant Media Group","VSNT","1193000000","39.33","United States"
"2018","Mercari","4385.T","1188250000","27.971","Japan"
"2019","Clorox","CLX","1187000000","107.17","United States"
"2020","Bajaj Auto","BAJAJ-AUTO.NS","1186680000","124.313","India"
"2021","Symrise","SY1.DE","1186250000","105.829","Germany"
"2022","Sumitomo Forestry","1911.T","1185360000","8.41766","Japan"
"2023","Giant Biogene","2367.HK","1185020000","3.45976","China"
"2024","Bosideng","3998.HK","1184700000","0.571523","Hong Kong"
"2025","China National Uranium","001280.SZ","1184530000","10.245","China"
"2026","Astera Labs","ALAB","1184470000","277.53","United States"
"2027","Aux Electric Co., Ltd.","2580.HK","1183400000","1.33951","China"
"2028","Formula Systems","FORTY","1182900000","115.25","Israel"
"2029","Grupo Bimbo","BIMBOA.MX","1182050000","3.56246","Mexico"
"2030","Tōkyō Gas","9531.T","1179870000","38.2529","Japan"
"2031","M3, Inc","2413.T","1179630000","10.985","Japan"
"2032","SK Telecom","SKM","1179230000","40","South Korea"
"2033","Millicom","TIGO","1177000000","92.97","Luxembourg"
"2034","United Bankshares","UBSI","1176650000","47.8","United States"
"2035","Enbridge","ENB","1176010000","50.08","Canada"
"2036","Sammaan Capital","SAMMAANCAP.NS","1172430000","1.56609","India"
"2037","Dynatrace","DT","1172100000","49.05","United States"
"2038","Sulzer","SUN.SW","1171400000","196.052","Switzerland"
"2039","Healthpeak Properties","DOC","1170990000","21.63","United States"
"2040","McDonald","MCD","1170000000","272.54","United States"
"2041","Pirelli","PIRC.MI","1169830000","7.81651","Italy"
"2042","Hokuriku Electric Power Company","9505.T","1169660000","6.17358","Japan"
"2043","JD Sports Fashion","JD.L","1168260000","1.16859","United Kingdom"
"2044","İsdemir","ISDMR.IS","1165910000","1.11143","Turkey"
"2045","China Yangtze Power","600900.SS","1165640000","4.19648","China"
"2046","Wolfspeed","WOLF","1164800000","24.76","United States"
"2047","Hokkaido Electric Power Company","9509.T","1164130000","6.75421","Japan"
"2048","Seaboard Corporation","SEB","1161000000","4230.81","United States"
"2049","Bharat Heavy Electricals Limited","BHEL.NS","1160560000","4.34542","India"
"2050","Bangkok Bank","BBL.BK","1160250000","5.84911","Thailand"
"2051","San’an Optoelectronics","600703.SS","1159550000","1.96659","China"
"2052","Polestar","PSNY","1159300000","12.88","Sweden"
"2053","Nitori Holdings","9843.T","1158120000","19.2897","Japan"
"2054","OPC Energy","OPCE.TA","1158000000","31.1854","Israel"
"2055","Companhia Paranaense de Energia (COPEL)","ELPC","1156210000","11.22","Brazil"
"2056","iSoftStone Information Technology","301236.SZ","1156130000","5.54275","China"
"2057","Illumina","ILMN","1155000000","223.22","United States"
"2058","Cathay General Bancorp","CATY","1154170000","62.33","United States"
"2059","Golar LNG","GLNG","1152930000","51.41","Bermuda"
"2060","ENN Energy","2688.HK","1152640000","6.1796","China"
"2061","Cal-Maine Foods","CALM","1151930000","84.6","United States"
"2062","Chagee","CHA","1149230000","10.84","China"
"2063","Tatung Co., Ltd.","2371.TW","1148530000","0.868938","Taiwan"
"2064","Eoptolink Technology","300502.SZ","1148350000","59.6329","China"
"2065","Dahua Technology","002236.SZ","1148160000","2.40691","China"
"2066","HF Sinclair","DINO","1148000000","95.18","United States"
"2067","Aurobindo Pharma","AUROPHARMA.NS","1146550000","16.924","India"
"2068","Seagate Technology","STX","1146000000","794.65","Ireland"
"2069","Pinnacle Financial Partners","PNFP","1145930000","101.34","United States"
"2070","Employers Holdings","EIG","1145700000","49.19","United States"
"2071","Bukalapak.com","BUKA.JK","1145570000","0.00638238","Indonesia"
"2072","KT&amp;G (Korea Tobacco)","033780.KS","1145570000","126.672","South Korea"
"2073","United Tractors","UNTR.JK","1144980000","1.36261","Indonesia"
"2074","loanDepot","LDI","1143950000","0.891","United States"
"2075","Dubai Investments","DIC.AE","1143390000","1.0101","United Arab Emirates"
"2076","Fujikura","5803.T","1142770000","33.2187","Japan"
"2077","Piramal Enterprises","PEL.NS","1142120000","12.7318","India"
"2078","First Majestic Silver","AG","1140800000","20.83","Canada"
"2079","Samsung Heavy Industries","010140.KS","1140270000","14.7688","South Korea"
"2080","Kimberly-Clark de México","KIMBERA.MX","1138470000","2.338","Mexico"
"2081","Indorama Ventures","IVL.BK","1137810000","0.668906","Thailand"
"2082","A1 Telekom Austria","TA1.F","1137740000","11.5295","Austria"
"2083","Atlassian","TEAM","1136340000","171.33","Australia"
"2084","ASM International","ASM.AS","1136120000","966.659","Netherlands"
"2085","Transurban","TCL.AX","1136030000","10.0143","Australia"
"2086","Korn Ferry","KFY","1134360000","84.73","United States"
"2087","Endeavour Mining","EDV.TO","1132900000","65.3077","United Kingdom"
"2088","Petronet LNG","PETRONET.NS","1132470000","3.06656","India"
"2089","Hoshizaki Corporation","6465.T","1132190000","35.8614","Japan"
"2090","PG&amp;E Corporation","PCG","1131000000","18.11","United States"
"2091","China Resources Gas Group","1193.HK","1130970000","2.08198","Hong Kong"
"2092","TIM S.A.","TIMB","1130670000","18.18","Brazil"
"2093","Grupo Aeroportuario del Pacífico","PAC","1130380000","205.41","Mexico"
"2094","Telia Company","TELIA.ST","1129030000","4.62239","Sweden"
"2095","Grenke","GLJ.F","1128300000","12.9168","Germany"
"2096","Peloton","PTON","1126300000","5.36","United States"
"2097","HPH Trust (Hutchison Port)","NS8U.SI","1124600000","0.195","Singapore"
"2098","Coca-Cola European Partners","CCEP","1124220000","110.12","United Kingdom"
"2099","Renta 4 Banco","R4.MC","1124130000","22.4994","Spain"
"2100","Beijing Roborock Technology","688169.SS","1121090000","20.0824","China"
"2101","JOYY","JOYY","1120870000","73.47","China"
"2102","Western Mining","601168.SS","1120560000","5.42671","China"
"2103","TripAdvisor","TRIP","1120400000","10.19","United States"
"2104","StepStone Group","STEP","1118420000","49.2","United States"
"2105","Syensqo","SYENS.BR","1118340000","93.8447","Belgium"
"2106","Aegean Airlines","AEGN.AT","1117960000","14.1059","Greece"
"2107","Mitsui Fudosan","8801.T","1117770000","9.50046","Japan"
"2108","Oppein Home Group","603833.SS","1117590000","4.83465","China"
"2109","Xero","XRO.AX","1116180000","63.6266","New Zealand"
"2110","Organon","OGN","1116000000","13.75","United States"
"2111","Rumo","RAIL3.SA","1115700000","2.76473","Brazil"
"2112","Moore Threads","688795.SS","1114990000","79.2705","China"
"2113","Bank Danamon","BDMN.JK","1113320000","0.241175","Indonesia"
"2114","Five Below","FIVE","1113260000","262.72","United States"
"2115","IAC Inc.","IAC","1112450000","42.24","United States"
"2116","Northern Star","NST.AX","1111830000","17.5536","Australia"
"2117","TE Connectivity","TEL","1110000000","202.41","Switzerland"
"2118","LPL Financial","LPLA","1109320000","364.18","United States"
"2119","CSX Corporation","CSX","1109000000","51.44","United States"
"2120","Graham Holdings","GHC","1108380000","1175.29","United States"
"2121","Worldline","WLN.PA","1107650000","14.6305","France"
"2122","China Resources Sanjiu Medical &amp; Pharmaceutical","000999.SZ","1107640000","3.58657","China"
"2123","Korea Zinc","010130.KS","1107490000","1030.56","South Korea"
"2124","Toll Brothers","TOL","1105510000","147.45","United States"
"2125","InterContinental Hotels Group","IHG","1105000000","162.53","United Kingdom"
"2126","Minera Valparaíso","MINERA.SN","1103210000","11.1819","Chile"
"2127","Netskope","NTSK","1103190000","14.04","United States"
"2128","Guardant Health","GH","1102760000","163.18","United States"
"2129","Electricity Generating Public Company","EGCO.BK","1102320000","4.00122","Thailand"
"2130","Electrolux","ELUX-A.ST","1100090000","3.17842","Sweden"
"2131","Samsung Biologics","207940.KS","1099530000","1144.67","South Korea"
"2132","PORR","ABS2.F","1099320000","45.9315","Austria"
"2133","Amrize","AMRZ","1099000000","45.18","Switzerland"
"2134","Nova Ltd.","NVMI","1098540000","362.75","Israel"
"2135","Flynas Company","4264.SR","1096090000","13.2698","Saudi Arabia"
"2136","RTL Group","RRTL.F","1096020000","37.3047","Luxembourg"
"2137","Brookfield Asset Management","BAM","1096000000","52.31","Canada"
"2138","Nextpower","NXT","1094980000","84.72","United States"
"2139","Wolters Kluwer","WKL.AS","1094850000","82.9797","Netherlands"
"2140","Etihad Etisalat (Mobily)","7020.SR","1094790000","17.4728","Saudi Arabia"
"2141","Xenon Pharmaceuticals","XENE","1094750000","60.56","Canada"
"2142","TD Synnex","SNX","1094180000","243.65","United States"
"2143","De' Longhi","DLG.MI","1092720000","47.4003","Italy"
"2144","Giant Network Group","002558.SZ","1091220000","3.97334","China"
"2145","Albemarle","ALB","1089810000","141.51","United States"
"2146","Natera","NTRA","1087930000","327.72","United States"
"2147","Eternal (Zomato)","ETERNAL.NS","1085850000","3.44739","India"
"2148","Envista","NVST","1082800000","27.34","United States"
"2149","InterDigital","IDCC","1081860000","341.09","United States"
"2150","Vornado Realty Trust","VNO","1081300000","38.87","United States"
"2151","Icade","ICAD.PA","1078520000","22.0331","France"
"2152","Gerdau","GGB","1076460000","4.33","Brazil"
"2153","CG Oncology","CGON","1076240000","78.23","United States"
"2154","Fujifilm","4901.T","1075510000","20.3945","Japan"
"2155","Kenvue","KVUE","1075000000","19.43","United States"
"2156","Trane Technologies","TT","1074200000","452.96","Ireland"
"2157","Subsea 7","SUBC.OL","1073700000","36.4299","Luxembourg"
"2158","Genting Malaysia Berhad","4715.KL","1073500000","0.420636","Malaysia"
"2159","Cipla","CIPLA.NS","1072710000","14.7717","India"
"2160","Wallenius Wilhelmsen","WAWI.OL","1072000000","18.0861","Norway"
"2161","Elm Company","7203.SR","1070990000","169.401","Saudi Arabia"
"2162","Nomura Real Estate Holdings","3231.T","1070970000","5.87164","Japan"
"2163","Adani Enterprises","ADANIENT.NS","1070900000","32.47","India"
"2164","Tapestry","TPR","1068600000","132.16","United States"
"2165","Delek Group","DLEKG.TA","1068250000","28.4022","Israel"
"2166","Pony AI","PONY","1067420000","7.555","China"
"2167","National Shipping Company of Saudi Arabia (Bahri)","4030.SR","1065220000","9.8551","Saudi Arabia"
"2168","Hitachi Construction Machinery","6305.T","1064920000","37.2612","Japan"
"2169","Root Insurance","ROOT","1064300000","56.54","United States"
"2170","Indus Towers","INDUSTOWER.NS","1063120000","4.02727","India"
"2171","Sieyuan Electric","002028.SZ","1062890000","25.2295","China"
"2172","Wayfair","W","1062000000","103.19","United States"
"2173","Apogee Therapeutics","APGE","1059880000","134.79","United States"
"2174","Align Technology","ALGN","1059830000","159.64","United States"
"2175","Braskem","BAK","1059740000","1.84","Brazil"
"2176","Şişecam","SISE.IS","1059450000","0.828838","Turkey"
"2177","TPG Inc.","TPG","1058890000","52.84","United States"
"2178","Boliden","BOL.ST","1058170000","59.8006","Sweden"
"2179","LendingClub","LC","1057030000","19.21","United States"
"2180","Digital China Group Co., Ltd.","000034.SZ","1056420000","3.45715","China"
"2181","ALSOK","2331.T","1055520000","7.4855","Japan"
"2182","Movida Participações","MOVI3.SA","1055480000","1.36489","Brazil"
"2183","Shimadzu","7701.T","1055100000","25.8556","Japan"
"2184","HCI Group","HCI","1054600000","185.31","United States"
"2185","Chow Tai Fook","1929.HK","1054050000","1.73626","Hong Kong"
"2186","Steadfast Group","SDF.AX","1054010000","4.17024","Australia"
"2187","Arbuthnot Banking Group","ARBB.L","1053040000","11.1471","United Kingdom"
"2188","HORIBA","6856.T","1052130000","146.414","Japan"
"2189","S-OIL","010950.KS","1051040000","101.034","South Korea"
"2190","Global Cord Blood","CORBF","1050810000","1.05","Hong Kong"
"2191","Omron","6645.T","1050210000","40.6508","Japan"
"2192","Comfort Systems USA","FIX","1050160000","1609.69","United States"
"2193","Vietnam National Petroleum Group","PLX.VN","1049870000","1.43283","Vietnam"
"2194","Bladex","BLX","1048700000","53.65","Panama"
"2195","Optimum Communications","OPTU","1048630000","0.8599","United States"
"2196","South Indian Bank","SOUTHBANK.NS","1048180000","0.473305","India"
"2197","Yamazaki Baking Co., Ltd.","2212.T","1047360000","23.0748","Japan"
"2198","Grupo Aeromexico","AERO","1045000000","14.41","Mexico"
"2199","Melco International Development","0200.HK","1043500000","0.416523","Hong Kong"
"2200","Keppel","BN4.SI","1043360000","9.00008","Singapore"
"2201","Western Alliance Bancorporation","WAL","1043000000","78.39","United States"
"2202","Yanlord","Z25.SI","1042890000","0.44843","Singapore"
"2203","NHPC Limited","NHPC.NS","1040670000","0.798245","India"
"2204","Yuntianhua","600096.SS","1037990000","4.43003","China"
"2205","EPAM Systems","EPAM","1036960000","111.26","United States"
"2206","Amada Co., Ltd.","6113.T","1036130000","16.2327","Japan"
"2207","Sibanye-Stillwater","SBSW","1035730000","12.47","South Africa"
"2208","Union Pacific Corporation","UNP","1035000000","309.86","United States"
"2209","Sinarmas Land","A26.SI","1034460000","0.291963","Singapore"
"2210","AECOM","ACM","1034260000","64.99","United States"
"2211","GFL Environmental","GFL","1033020000","41.5","Canada"
"2212","Bezeq","BEZQ.TA","1032110000","2.57356","Israel"
"2213","Hong Kong and China Gas","0003.HK","1029570000","0.952326","Hong Kong"
"2214","Acerinox","ACX.MC","1028950000","20.2961","Spain"
"2215","Talen Energy","TLN","1025000000","305.535","United States"
"2216","Canon Marketing Japan","8060.T","1023400000","22.0579","Japan"
"2217","Match Group","MTCH","1023390000","41.73","United States"
"2218","Companhia de Saneamento do Paraná (SANEPAR)","SAPR4.SA","1023060000","1.25034","Brazil"
"2219","Komerční banka","KOMB.PR","1022650000","51.5439","Czech Republic"
"2220","Liberty Financial Group","LFG.AX","1021750000","2.49642","Australia"
"2221","Sika","SIKA.SW","1020080000","235.921","Switzerland"
"2222","Danaos","DAC","1019910000","150.5","Greece"
"2223","Terns Pharmaceuticals","TERN","1018980000","52.95","United States"
"2224","LG Display","LPL","1018120000","3.29","South Korea"
"2225","AGNC Investment","AGNC","1018000000","10.98","United States"
"2226","KCC Corp","002380.KS","1017520000","327.874","South Korea"
"2227","FPT Corporation","FPT.VN","1016040000","2.70136","Vietnam"
"2228","MINISO Group","MNSO","1012670000","11.11","China"
"2229","Restaurant Brands International","QSR","1012000000","81.57","Canada"
"2230","Weatherford International","WFRD","1012000000","88.73","United States"
"2231","AtkinsRéalis","ATRL.TO","1011870000","61.0073","Canada"
"2232","Chime Financial","CHYM","1011280000","32.7","United States"
"2233","Nikon","NINOY","1011180000","12.36","Japan"
"2234","Trump Media &amp; Technology Group","DJT","1010580000","9.3","United States"
"2235","Chiyoda Corporation","6366.T","1008770000","4.50699","Japan"
"2236","Dauch Corporation","DCH","1008200000","6.46","United States"
"2237","Fluxys Belgium","FLUX.BR","1007860000","23.8983","Belgium"
"2238","Dollar Tree","DLTR","1007300000","136.75","United States"
"2239","Core Scientific","CORZ","1005150000","17.27","United States"
"2240","ESAB","ESAB","1004790000","79.25","United States"
"2241","IHI Corporation","7013.T","1003820000","16.9232","Japan"
"2242","Hudbay Minerals","HBM","1003800000","29.6","Canada"
"2243","Capital Securities Corporation","601136.SS","1003310000","2.05584","China"
"2244","Brown &amp; Brown","BRO","1003000000","74.62","United States"
"2245","Aboitiz Power","ABZPY","1000920000","11.768","Philippines"
"2246","MSI (Micro-Star International)","2377.TW","1000220000","4.51722","Taiwan"
"2247","Honeywell Aerospace","HONA","1000000000","161.2","United States"
"2248","Venture Corporation","V03.SI","999743000","13.1854","Singapore"
"2249","DraftKings","DKNG","999404000","25.97","United States"
"2250","Selective Insurance","SIGI","999304000","92.65","United States"
"2251","Opendoor","OPEN","999000000","3.43","United States"
"2252","Dick's Sporting Goods","DKS","998228000","179.33","United States"
"2253","Rogers Communications","RCI","996914000","36.39","Canada"
"2254","Teekay Tankers","TNK","996151000","92.01","Canada"
"2255","KRUK Spólka Akcyjna","KRU.WA","995026000","118.708","Poland"
"2256","Imerys","NK.PA","994643000","27.7687","France"
"2257","DEME Group","DEME.BR","993840000","198.881","Belgium"
"2258","iFAST Corporation","AIY.SI","991769000","7.08048","Singapore"
"2259","Qisda Corporation","2352.TW","990355000","0.883054","Taiwan"
"2260","37 Interactive Entertainment","002555.SZ","990225000","2.7803","China"
"2261","BCE Inc.","BCE","989722000","23.85","Canada"
"2262","Fuji Media Holdings","4676.T","988883000","26.1945","Japan"
"2263","NOK Corporation","7240.T","988769000","18.8158","Japan"
"2264","Denali Therapeutics","DNLI","987684000","24.2","United States"
"2265","Fastighets AB Balder","BALD-B.ST","987551000","5.57591","Sweden"
"2266","Quantum Computing","QUBT","986112000","8.24","United States"
"2267","Klaviyo","KVYO","984590000","18.2","United States"
"2268","Scorpio Tankers","STNG","984321000","78.18","Monaco"
"2269","Uniti","UNIT","982600000","9.85","United States"
"2270","CSG N.V. (The Czechoslovak Group)","CSG.AS","982556000","21.3103","Czech Republic"
"2271","Babcock International Group","BAB.L","981592000","14.6889","United Kingdom"
"2272","LabCorp","LH","981100000","339.34","United States"
"2273","Southern Company","SO","981000000","90.1","United States"
"2274","Enlight Renewable Energy","ENLT","979328000","77.635","Israel"
"2275","Godrej Properties","GODREJPROP.NS","978445000","21.3384","India"
"2276","Hensoldt","HAG.F","978021000","101.912","Germany"
"2277","Ocado","OCDO.L","977921000","3.24501","United Kingdom"
"2278","Levi Strauss &amp; Co.","LEVI","977800000","21.72","United States"
"2279","Klépierre","LI.PA","977257000","45.9315","France"
"2280","WSFS Financial","WSFS","977071000","79.47","United States"
"2281","Ryohin Keikaku","7453.T","975711000","26.9227","Japan"
"2282","ALSO Holding","ALSN.SW","974888000","231.132","Switzerland"
"2283","Orient Corporation","8585.T","974776000","5.56155","Japan"
"2284","I.D.I. Insurance Company","IDIN.TA","974275000","84.03","Israel"
"2285","Tokyo Tatemono","8804.T","973666000","21.449","Japan"
"2286","Argan","AGX","973555000","468.98","United States"
"2287","Virtu Financial","VIRT","973225000","66.29","United States"
"2288","Teekay","TK","972735000","13.35","Canada"
"2289","Dyne Therapeutics","DYN","972156000","25.99","United States"
"2290","Österreichische Post","POST.VI","971308000","36.2555","Austria"
"2291","UOL Group","U14.SI","971210000","7.51318","Singapore"
"2292","Jungheinrich","JUN3.F","970914000","28.3283","Germany"
"2293","Sega Sammy Holdings","6460.T","970337000","18.9695","Japan"
"2294","Korea Gas","036460.KS","969155000","26.5765","South Korea"
"2295","Chaozhou Three-Circle","300408.SZ","969114000","16.2296","China"
"2296","Suntory","2587.T","967835000","28.8874","Japan"
"2297","Ajinomoto","2802.T","967108000","34.5055","Japan"
"2298","Bangchak Corporation","BCP.BK","965624000","1.51955","Thailand"
"2299","Clariane","CLARI.PA","965106000","4.6934","France"
"2300","China Gold International Resources","CGG.TO","964741000","32.542","Canada"
"2301","Exact Sciences","EXAS","964711000","104.91","United States"
"2302","TechnipFMC","FTI","960800000","75.85","United Kingdom"
"2303","MiniMax Group","0100.HK","959933000","38.2206","China"
"2304","Janux Therapeutics","JANX","956386000","18.6","United States"
"2305","Ashmore Group","ASHM.L","955498000","3.1535","United Kingdom"
"2306","Associated British Foods","ABF.L","955333000","28.2815","United Kingdom"
"2307","ORION","271560.KS","955028000","91.5013","South Korea"
"2308","Vinamilk (Vietnam Dairy Products)","VNM.VN","952779000","2.39187","Vietnam"
"2309","Tuya Inc.","TUYA","951152000","1.76","China"
"2310","Air Products and Chemicals","APD","951000000","306.24","United States"
"2311","Energy Transfer LP","ET","951000000","21.08","United States"
"2312","CASIO","6952.T","950120000","14.6823","Japan"
"2313","Williams Companies","WMB","950000000","70.97","United States"
"2314","Hornbach Holding","HBH.DE","949386000","95.0105","Germany"
"2315","JTEKT Corporation","6473.T","949331000","12.8838","Japan"
"2316","Janus Living","JAN","948822000","31.2","United States"
"2317","SITC International","1308.HK","948614000","6.07499","Hong Kong"
"2318","SCSK Corporation","9719.T","948398000","36.1482","Japan"
"2319","Valley Bank","VLY","947947000","14.1","United States"
"2320","SK Square","402340.KS","946474000","765.52","South Korea"
"2321","Ecopro","086520.KQ","946183000","61.5305","South Korea"
"2322","Nifco Inc.","7988.T","945680000","31.6431","Japan"
"2323","Fabrinet","FN","945236000","421.14","Cayman Islands"
"2324","CK Infrastructure","1038.HK","944650000","8.39425","Hong Kong"
"2325","Celltrion","068270.KS","943689000","136.927","South Korea"
"2326","XPLR Infrastructure","XIFR","943000000","11.29","United States"
"2327","Melco Resorts &amp; Entertainment","MLCO","942366000","5.46","Hong Kong"
"2328","Remgro Limited","REM.JO","940582000","11.7755","South Africa"
"2329","IHS Towers","IHS","940500000","8.32","United Kingdom"
"2330","Ebara Corporation","6361.T","940242000","30.9526","Japan"
"2331","BridgeBio Pharma","BBIO","940186000","81.07","United States"
"2332","HCA Healthcare","HCA","940000000","429.24","United States"
"2333","Dr. Reddy's Laboratories","RDY","939345000","12.22","India"
"2334","Kühne + Nagel","KNIN.SW","939032000","273.676","Switzerland"
"2335","Toyoda Gosei","7282.T","937949000","33.3568","Japan"
"2336","Sembcorp","U96.SI","937768000","4.75966","Singapore"
"2337","Givaudan","GIVN.SW","937224000","4112.61","Switzerland"
"2338","Telus","TU","936495000","9.83","Canada"
"2339","CleanSpark","CLSK","934734000","11.93","United States"
"2340","Bank Mayapada Internasional","MAYA.JK","934365000","0.0112398","Indonesia"
"2341","Bharat Electronics","BEL.NS","934068000","4.30154","India"
"2342","SPIE","SPIE.PA","933675000","53.2991","France"
"2343","Mota-Engil","EGL.LS","933527000","5.35556","Portugal"
"2344","Capcom","9697.T","933301000","26.7783","Japan"
"2345","Française des Jeux","FDJ.VI","931325000","25.9851","France"
"2346","AIER Eye Hospital","300015.SZ","930742000","1.26594","China"
"2347","Enphase Energy","ENPH","930641000","37.18","United States"
"2348","Akamai","AKAM","930445000","105.66","United States"
"2349","Eurofins Scientific","ERF.PA","929446000","85.8242","Luxembourg"
"2350","Lingyi iTECH","002600.SZ","928606000","1.81039","China"
"2351","Genpact","G","928079000","37.59","Bermuda"
"2352","Chifeng Jilong Gold Mining","600988.SS","927971000","7.08984","China"
"2353","Evonik Industries","EVK.DE","927094000","21.765","Germany"
"2354","AT&amp;S Austria Technologie &amp; Systemtechnik","ATS.VI","926235000","160.644","Austria"
"2355","Elbit Systems","ESLT","925265000","730.4","Israel"
"2356","Colbún","COLBUN.SN","924623000","0.158382","Chile"
"2357","Alior Bank S.A.","ALR.WA","924307000","35.036","Poland"
"2358","Vamos Locação de Caminhões, Máquinas e Equipamentos S.A.","VAMO3.SA","923383000","0.547509","Brazil"
"2359","Mixi","2121.T","922638000","22.378","Japan"
"2360","China Power International Development","2380.HK","921678000","0.353375","Hong Kong"
"2361","CPI Property Group","O5G.DE","921654000","0.856843","Luxembourg"
"2362","Asian Paints","ASIANPAINT.NS","920116000","27.529","India"
"2363","Shree Cement","SHREECEM.NS","919825000","254.989","India"
"2364","Impala Platinum","IMP.JO","919660000","14.4284","South Africa"
"2365","Elecnor","ENO.MC","919282000","37.1882","Spain"
"2366","Shoprite","SHP.JO","918696000","18.7353","South Africa"
"2367","Avolta AG","AVOL.SW","918277000","58.6662","Switzerland"
"2368","Ingredion","INGR","918000000","106.13","United States"
"2369","Mabuchi Motor","6592.T","916836000","11.12","Japan"
"2370","Emcor","EME","916420000","764.9","United States"
"2371","Ingram Micro Holding Corporation","INGM","915987000","27.8","United States"
"2372","Gamuda Berhad","5398.KL","915102000","1.07881","Malaysia"
"2373","LG Innotek","011070.KS","913990000","434.757","South Korea"
"2374","Hirose Electric","6806.T","913923000","160.726","Japan"
"2375","dLocal","DLO","913600000","15.12","Uruguay"
"2376","Sendas Distribuidora (Assaí Atacadista)","ASAI3.SA","910989000","1.6134","Brazil"
"2377","Energy Fuels","UUUU","910685000","14.88","United States"
"2378","OPAP (Organization of Football Prognostics)","OPAP.AT","908747000","16.8777","Greece"
"2379","Lonza","LONN.SW","908172000","736.438","Switzerland"
"2380","Mitani Corporation","8066.T","906671000","20.9029","Japan"
"2381","Sonova","SOON.SW","905307000","303.532","Switzerland"
"2382","QuantumScape","QS","904704000","5.72","United States"
"2383","Zensho Holdings","7550.T","902169000","73.3485","Japan"
"2384","Allegiant Travel Company","ALGT","902163000","81.63","United States"
"2385","Immunovant","IMVT","902110000","43.32","United States"
"2386","Tech Mahindra","TECHM.NS","901274000","16.619","India"
"2387","Covestro","1COV.F","901017000","69.9464","Germany"
"2388","Chicony Electronics","2385.TW","900940000","3.32518","Taiwan"
"2389","WeRide","WRD","900278000","5.97","China"
"2390","Commvault","CVLT","899987000","131.13","United States"
"2391","Hindustan Unilever","HINDUNILVR.NS","899509000","21.1201","India"
"2392","National Aluminum &amp; Alloy","NATIONALUM.NS","899470000","4.12862","India"
"2393","Alps Alpine Co., Ltd.","6770.T","898910000","13.6873","Japan"
"2394","Keurig Dr Pepper","KDP","898000000","32.51","United States"
"2395","Cambricon Technologies","688256.SS","897511000","150.318","China"
"2396","Samvardhana Motherson","MOTHERSON.NS","897477000","1.73305","India"
"2397","Yealink Network Technology","300628.SZ","896561000","6.0872","China"
"2398","Shikun &amp; Binui","SKBN.TA","896440000","5.52978","Israel"
"2399","Bank OZK","OZK","895824000","49.34","United States"
"2400","Tian An China Investments Company","0028.HK","895654000","0.446503","Hong Kong"
"2401","Axiata Group","6888.KL","895584000","0.470122","Malaysia"
"2402","Suzuken Co., Ltd.","9987.T","893378000","31.8314","Japan"
"2403","Bowhead Specialty Holdings","BOW","893046000","33.75","United States"
"2404","Burelle","BUR.PA","892794000","460.48","France"
"2405","Guangdong HAID Group","002311.SZ","891382000","6.69414","China"
"2406","UPM-Kymmene","UPM.HE","891214000","28.1184","Finland"
"2407","B Communications","BCOM.TA","890678000","8.08819","Israel"
"2408","George Weston","WN.TO","890462000","71.3111","Canada"
"2409","National Silicon Industry Group","688126.SS","890277000","3.59401","China"
"2410","NuScale Power","SMR","890129000","9.05","United States"
"2411","Nine Dragons Paper","2689.HK","889419000","0.900022","China"
"2412","Rubis","RUI.PA","889257000","39.1467","France"
"2413","Epiroc","EPI-A.ST","889064000","28.4374","Sweden"
"2414","PetroVietnam Power","POW.VN","888983000","0.508177","Vietnam"
"2415","BrightSpring Health Services","BTSG","888797000","59.49","United States"
"2416","Burberry","BRBY.L","888624000","14.6788","United Kingdom"
"2417","Miramar Hotel and Investment","0071.HK","887833000","1.30379","Hong Kong"
"2418","Cirrus Logic","CRUS","887627000","111.64","United States"
"2419","KeyCorp (KeyBank)","KEY","887000000","21.87","United States"
"2420","Hindustan Petroleum","HINDPETRO.NS","886179000","3.90503","India"
"2421","Motorola Solutions","MSI","886000000","481.52","United States"
"2422","Kobe Bussan","3038.T","885079000","17.8805","Japan"
"2423","AUB Group","AUB.AX","884107000","21.6524","Australia"
"2424","Lear Corporation","LEA","881900000","122.9","United States"
"2425","Sailun Group","601058.SS","880801000","2.05436","China"
"2426","Hiscox","HSX.L","878000000","25.0528","Bermuda"
"2427","Airtel Africa","AAF.L","878000000","4.54737","United Kingdom"
"2428","Neinor Homes","HOME.MC","877839000","18.734","Spain"
"2429","Grifols","GRFS","877325000","7.99","Spain"
"2430","The Hershey Company","HSY","876976000","189.94","United States"
"2431","Air New Zealand","AIR.NZ","874868000","0.244208","New Zealand"
"2432","Mohawk Industries","MHK","872300000","134.07","United States"
"2433","GungHo Online Entertainment","3765.T","871085000","15.2723","Japan"
"2434","Sandvik","SAND.ST","870988000","41.6036","Sweden"
"2435","First Interstate BancSystem","FIBK","870400000","37.24","United States"
"2436","Clariant","CLN.SW","869016000","13.1489","Switzerland"
"2437","Chipotle Mexican Grill","CMG","868839000","38.02","United States"
"2438","Ozon","OZON.ME","868725000","27.63","United States"
"2439","Federal Agricultural Mortgage Corporation","AGM","868234000","219.71","United States"
"2440","James River Group","JRVR","867568000","4.11","Bermuda"
"2441","JSW Energy","JSWENERGY.NS","867419000","5.69481","India"
"2442","Waaree Energies Limited (WEL)","WAAREEENER.NS","867141000","27.74","India"
"2443","H&amp;R Block","HRB","867008000","53.68","United States"
"2444","Caesars Entertainment","CZR","867000000","29.66","United States"
"2445","Cogent Biosciences","COGT","866378000","36.23","United States"
"2446","Mattel","MAT","866004000","14.82","United States"
"2447","Sime Darby","4197.KL","864945000","0.616108","Malaysia"
"2448","Sumitomo Metal Mining","5713.T","864011000","70.6179","Japan"
"2449","Workiva","WK","863376000","74.88","United States"
"2450","Prologis","PLD","861144000","143.36","United States"
"2451","Arabian Internet and Communications Services","7202.SR","860986000","54.6559","Saudi Arabia"
"2452","Revvity","RVTY","860320000","123","United States"
"2453","Hormel Foods","HRL","859857000","24.09","United States"
"2454","Reply","REY.MI","859596000","142.224","Italy"
"2455","ARCHION Corporation","543A.T","858916000","1.70111","Japan"
"2456","OPmobility","OPM.PA","857552000","14.5722","France"
"2457","Viohalco","VIO.BR","857266000","20.1446","Belgium"
"2458","Qnity Electronics","Q","857000000","126.24","United States"
"2459","Linamar","LNR.TO","856449000","71.8811","Canada"
"2460","Cosmo Energy Holdings","5021.T","855916000","26.4958","Japan"
"2461","Saudi Electricity","5110.SR","855892000","4.52536","Saudi Arabia"
"2462","Inchcape","INCH.L","855167000","11.2595","United Kingdom"
"2463","Navitas Petroleum","NVPT.TA","854615000","44.5982","Israel"
"2464","Empresas CMPC","CMPC.SN","854330000","1.11602","Chile"
"2465","Aristocrat","ALL.AX","853706000","44.2632","Australia"
"2466","LG Household &amp; Health Care","051905.KS","853481000","78.9352","South Korea"
"2467","AUTO1","AG1.F","853226000","25.0641","Germany"
"2468","Al Ansari Financial Services","ALANSARI.AE","853069000","0","United Arab Emirates"
"2469","Nongshim","004370.KS","852516000","325.707","South Korea"
"2470","Vodafone Idea","IDEA.NS","852443000","0.159335","India"
"2471","Webull","BULL","851851000","8.53","United States"
"2472","ACADIA Pharmaceuticals","ACAD","851458000","29.65","United States"
"2473","Kikkoman","2801.T","850945000","11.4903","Japan"
"2474","Hancock Whitney","HWC","850811000","74.86","United States"
"2475","PagSeguro","PAGS","850678000","8.7","Brazil"
"2476","Lupin Limited","LUPIN.NS","850194000","22.7531","India"
"2477","Tri Pointe Homes","TPH","847903000","46.95","United States"
"2478","CVC Capital Partners plc","CVC.AS","847174000","17.7664","Jersey"
"2479","Computacenter","CCC.L","846413000","70.2949","United Kingdom"
"2480","Immunocore","IMCR","844896000","36.61","United Kingdom"
"2481","Sinclair, Inc.","SBGI","844000000","14.51","United States"
"2482","Coeur Mining","CDE","843169000","20.88","United States"
"2483","Davide Campari-Milano","CPR.MI","842163000","6.93868","Italy"
"2484","Kirin Holdings","2503.T","841880000","19.3587","Japan"
"2485","Commerce Bancshares","CBSH","841636000","58.63","United States"
"2486","Hang Lung Group","0010.HK","841317000","1.60996","Hong Kong"
"2487","INNIO N.V.","INIO","841200000","22.13","Germany"
"2488","LX International","001120.KS","840835000","27.6598","South Korea"
"2489","Webster Financial","WBS","839943000","77.57","United States"
"2490","Bupa Arabia for Cooperative Insurance Company","8210.SR","839549000","44.5078","Saudi Arabia"
"2491","Stadler Rail","SRAIL.SW","838942000","30.6766","Switzerland"
"2492","Woolworths Group","WOW.AX","838705000","27.7897","Australia"
"2493","Huadian Power International","600027.SS","838655000","0.68429","China"
"2494","TOTO","5332.T","837784000","40.5316","Japan"
"2495","Aktia Bank","AKTIA.HE","836790000","14.4323","Finland"
"2496","NTN Corporation","6472.T","836366000","2.34075","Japan"
"2497","VF Corporation","VFC","836153000","14.31","United States"
"2498","Toromont","TIH.TO","835513000","146.208","Canada"
"2499","Atour Lifestyle","ATAT","835037000","34.75","China"
"2500","Kawasaki Heavy Industries","7012.T","834694000","16.3896","Japan"
"2501","Legend Biotech","LEGN","834600000","20.94","United States"
"2502","Otis Worldwide","OTIS","834000000","72.19","United States"
"2503","Loomis AB","LOOMIS.ST","831711000","55.7276","Sweden"
"2504","Implenia AG","IMPN.SW","831141000","83.72","Switzerland"
"2505","TF1","TFI.PA","831028000","8.12544","France"
"2506","Adient","ADNT","831000000","18.98","Ireland"
"2507","Séché Environnement","SCHP.PA","829502000","95.0105","France"
"2508","Silan Microelectronics","600460.SS","829360000","5.1054","China"
"2509","Hesai Group","HSAI","829204000","16.4","China"
"2510","Prosegur","PSG.MC","828019000","3.31079","Spain"
"2511","HD Hyundai Electric","267260.KS","827835000","519.254","South Korea"
"2512","Illinois Tool Works","ITW","827000000","283.95","United States"
"2513","Anker Innovations","300866.SZ","826069000","18.1634","China"
"2514","Rocket Companies","RKT","825926000","14.09","United States"
"2515","National Mobile Telecommunications Company","OOREDOO.KW","824296000","5692.86","Kuwait"
"2516","Caris Life Sciences","CAI","823462000","26.13","United States"
"2517","Krystal Biotech","KRYS","823405000","341.72","United States"
"2518","G-bits Network Technology","603444.SS","823375000","57.2855","China"
"2519","GRAIL","GRAL","823105000","76.58","United States"
"2520","Charoen Pokphand Foods","CPF.BK","822982000","0.723885","Thailand"
"2521","Qfin Holdings","QFIN","822186000","10.99","China"
"2522","Arcus Biosciences","RCUS","822000000","30.12","United States"
"2523","Cronos Group","CRON","821856000","3.41","Canada"
"2524","International Container Terminal Services","ICTEF","821506000","16.05","Philippines"
"2525","Ferguson Enterprises","FERG","820000000","236.45","United Kingdom"
"2526","Bath &amp; Body Works","BBWI","820000000","19.17","United States"
"2527","Pan Ocean","028670.KS","819660000","4.60756","South Korea"
"2528","Ferrotec Holdings Corporation","6890.T","819264000","55.49","Japan"
"2529","Cytokinetics","CYTK","818550000","77.09","United States"
"2530","Technoprobe","TPRO.MI","818467000","32.4318","Italy"
"2531","Univest Financial Corporation","UVSP","816739000","41.77","United States"
"2532","FB Financial","FBK","816516000","58.27","United States"
"2533","Becton Dickinson","BDX","816000000","190.74","United States"
"2534","Teradata","TDC","816000000","27.52","United States"
"2535","Brenntag","BNR.DE","815982000","71.5785","Germany"
"2536","Kerry Logistics Network","0636.HK","814863000","0.744384","Hong Kong"
"2537","PT Amman Mineral Internasional Tbk","AMMN.JK","814571000","0.254165","Indonesia"
"2538","ServisFirst Bancshares","SFBS","814538000","43.94","United States"
"2539","Lesha Bank","QFBQ.QA","814329000","0.782143","Qatar"
"2540","Hang Lung Properties","0101.HK","814198000","0.929363","Hong Kong"
"2541","DocuSign","DOCU","814179000","62.56","United States"
"2542","MakeMyTrip","MMYT","814106000","60.33","India"
"2543","Paragon Banking Group","PAG.L","813983000","11.1232","United Kingdom"
"2544","IPG Photonics","IPGP","812905000","70.74","United States"
"2545","Madrigal Pharmaceuticals","MDGL","812771000","511.97","United States"
"2546","Genscript Biotech","1548.HK","811990000","4.47013","China"
"2547","Beijing Yanjing Brewery","000729.SZ","811752000","1.69734","China"
"2548","MBB SE","MBB.DE","811218000","219.165","Germany"
"2549","Sumitomo Bakelite Company","4203.T","809760000","46.3128","Japan"
"2550","Toho Co.","9602.T","809709000","9.85512","Japan"
"2551","Sohu.com","SOHU","808496000","14.53","China"
"2552","Xylem","XYL","808000000","114.18","United States"
"2553","BSE","BSE.NS","807302000","34.4645","India"
"2554","GMR Airports","GMRAIRPORT.NS","807125000","1.03751","India"
"2555","Stride (K12 Education)","LRN","805840000","85.07","United States"
"2556","Yalla Group","YALA","805006000","5.54","United Arab Emirates"
"2557","CaixaBank","CABK.MC","804764000","15.5281","Spain"
"2558","XTB S.A.","XTB.WA","804716000","46.2383","Poland"
"2559","Savencia Fromage &amp; Dairy","SAVE.PA","804496000","74.3763","France"
"2560","Samsara","IOT","804319000","40.33","United States"
"2561","Colruyt","COLR.BR","803134000","46.0947","Belgium"
"2562","Tutor Perini Corporation","TPC","802979000","88.32","United States"
"2563","SES S.A.","SESG.PA","802340000","5.61903","Luxembourg"
"2564","Emirates Integrated Telecommunications Company","DU.AE","802066000","3.15827","United Arab Emirates"
"2565","Shanghai BOCHU Electronic Technology","688188.SS","801654000","14.8357","China"
"2566","Plus500","PLUS.L","801600000","50.4053","Israel"
"2567","UP Fintech (Tiger Brokers)","TIGR","800625000","5.2","China"
"2568","CLEAR Secure","YOU","800076000","44.7","United States"
"2569","Constellation Energy","CEG","800000000","273.43","United States"
"2570","UWM Holdings","UWMC","799534000","1.42","United States"
"2571","Toei Company","9605.T","798422000","38.2906","Japan"
"2572","Cameco","CCJ","798193000","102.27","Canada"
"2573","Société Industrielle et Financière de l'Artois","ARTO.PA","797358000","11541.2","France"
"2574","NBCC India","NBCC.NS","796559000","0.932818","India"
"2575","thyssenkrupp nucera","NCH2.DE","795264000","9.19795","Germany"
"2576","Mandatum","MANTA.HE","795148000","7.38517","Finland"
"2577","Desay SV","002920.SZ","794041000","12.823","China"
"2578","Sempra","SRE","794000000","84.57","United States"
"2579","GXO Logistics","GXO","794000000","46.98","United States"
"2580","Kingdom Holding","4280.SR","793963000","3.67569","Saudi Arabia"
"2581","Whitehaven Coal","WHC.AX","793317000","5.83691","Australia"
"2582","Flowserve","FLS","792354000","80.46","United States"
"2583","Ligand Pharmaceuticals","LGND","791556000","280.18","United States"
"2584","Sanrio Company","8136.T","790981000","7.6236","Japan"
"2585","Novavax","NVAX","790332000","8.86","United States"
"2586","Coursera","COUR","789800000","6.02","United States"
"2587","TKO Group Holdings","TKO","788891000","193.42","United States"
"2588","Sanwa Holdings","5929.T","788787000","22.8865","Japan"
"2589","SiTime","SITM","788664000","580.97","United States"
"2590","Konica Minolta","4902.T","787519000","4.08391","Japan"
"2591","Praxis Precision Medicines","PRAX","786865000","368.03","United States"
"2592","Nürnberger Versicherung","NBG6.F","786864000","145.722","Germany"
"2593","Siemens India","SIEMENS.NS","786329000","42.8367","India"
"2594","Richter Gedeon","RIG2.F","786192000","42.4808","Hungary"
"2595","Rambus","RMBS","786139000","87.07","United States"
"2596","Lowe's Companies","LOW","786000000","216.98","United States"
"2597","Varonis Systems","VRNS","785909000","41.05","United States"
"2598","Gates Industrial Corp","GTES","785300000","26.03","United States"
"2599","Repligen","RGEN","784531000","181.62","United States"
"2600","Amadeus IT Group","AMS.MC","783805000","67.848","Spain"
"2601","TBS Holdings","9401.T","783395000","37.0101","Japan"
"2602","Zillow","Z","783000000","37.05","United States"
"2603","Adani Ports & SEZ","ADANIPORTS.NS","781924000","17.7453","India"
"2604","BGC Group","BGC","780984000","11.95","United States"
"2605","Galderma Group","GALD.SW","780000000","212.845","Switzerland"
"2606","Freshworks","FRSH","779237000","13.19","United States"
"2607","Playtika","PLTK","779200000","2.42","Israel"
"2608","LIXIL Corporation","5938.T","779088000","11.1168","Japan"
"2609","TC Energy","TRP","778974000","62.06","Canada"
"2610","Exelixis","EXEL","777207000","54.55","United States"
"2611","Nutrien","NTR","777000000","74.29","Canada"
"2612","Avanza Bank","AZA.ST","776961000","42.4245","Sweden"
"2613","Toyo Seikan Group Holdings","5901.T","776648000","27.8956","Japan"
"2614","ATCO","ACO-X.TO","774658000","54.4267","Canada"
"2615","Telecom Argentina","TEO","773793000","13.55","Argentina"
"2616","Budimex","BDX.WA","772543000","191.297","Poland"
"2617","Chocoladefabriken Lindt &amp; Sprüngli","LISP.SW","772515000","11388.7","Switzerland"
"2618","Corporación América Airports","CAAP","772382000","23.85","Luxembourg"
"2619","Grupo Aeroportuario del Sureste
(ASUR)","ASR","772270000","260.52","Mexico"
"2620","Frontier Airlines","ULCC","772000000","5.79","United States"
"2621","Nippon Electric Glass","5214.T","771713000","29.9294","Japan"
"2622","Brembo","BRE.MI","771441000","11.716","Italy"
"2623","Carlisle Companies","CSL","771300000","362.52","United States"
"2624","First Quantum Minerals","FM.TO","770000000","34.3748","Canada"
"2625","Qatar Electricity &amp; Water Company","QEWS.QA","769910000","3.73901","Qatar"
"2626","Zhaojin Mining Industry Company","1818.HK","769730000","3.16634","China"
"2627","Vietnam Airlines","HVN.VN","768072000","0.863518","Vietnam"
"2628","Shiseido","4911.T","767865000","23.1313","Japan"
"2629","BAWAG Group","0B2.F","767825000","207.508","Austria"
"2630","Namura Shipbuilding","7014.T","767592000","28.561","Japan"
"2631","M/I Homes","MHO","767416000","152.04","United States"
"2632","Lenzing","LEN.F","767023000","27.862","Austria"
"2633","Meritage Homes","MTH","766632000","72.52","United States"
"2634","China Northern Rare Earth (CNREHT)","600111.SS","766380000","5.92803","China"
"2635","Volaris","VLRS","766166000","6.94","Mexico"
"2636","Comgás","CGAS5.SA","765543000","23.405","Brazil"
"2637","ICON plc","ICLR","765164000","173.48","Ireland"
"2638","Virgin Australia","VGN.AX","765097000","1.93133","Australia"
"2639","Ems-Chemie","EMSN.SW","764483000","966.574","Switzerland"
"2640","Grupo Empresarial San José","GSJ.MC","762488000","9.36116","Spain"
"2641","Viridian Therapeutics","VRDN","762181000","24.02","United States"
"2642","MFE-Mediaforeurope","MFEA.MI","761459000","3.09396","Italy"
"2643","Posco International","047050.KS","761300000","38.926","South Korea"
"2644","Harbour Energy","HBR.L","761000000","3.45753","United Kingdom"
"2645","Buenaventura Mining Company","BVN","759936000","35.2","Peru"
"2646","Jindal Steel &amp; Power","JINDALSTEL.NS","758654000","11.9758","India"
"2647","Lithium Americas","LAC","758512000","3.11","Canada"
"2648","Catalyst Pharmaceuticals","CPRX","755859000","31.49","United States"
"2649","MatsukiyoCocokara","3088.T","755119000","16.3206","Japan"
"2650","Fidelity National Information Services","FIS","755000000","41.4","United States"
"2651","Signify","LIGHT.AS","754638000","17.6381","Netherlands"
"2652","UFP Industries","UFPI","754557000","89.23","United States"
"2653","Palomar Holdings","PLMR","754439000","133.03","United States"
"2654","Shufersal","SAE.TA","753796000","14.2194","Israel"
"2655","Cyfrowy Polsat","CPS.WA","753755000","4.42382","Poland"
"2656","Safety Insurance","SAFT","753345000","103.745","United States"
"2657","Perseus Mining","PRU.AX","751829000","4.38484","Australia"
"2658","Eaton","ETN","751000000","408.67","Ireland"
"2659","Hims &amp; Hers Health","HIMS","750875000","31.08","United States"
"2660","Teladoc Health","TDOC","750738000","6.2","United States"
"2661","Kansai Paint","4613.T","750673000","18.1567","Japan"
"2662","Ternium Argentina","TXAR.BA","750236000","0.458251","Argentina"
"2663","Guidewire Software","GWRE","749534000","191.89","United States"
"2664","NS Solutions Corporation","2327.T","748800000","24.4934","Japan"
"2665","Doximity","DOCS","748601000","25.3","United States"
"2666","Obrascón Huarte Lain","OHLA.MC","748394000","0.484962","Spain"
"2667","Vanquis Banking Group","VANQ.L","748289000","1.07517","United Kingdom"
"2668","Heritage Commerce","HTBK","747742000","13.45","United States"
"2669","Amorepacific","090430.KS","747503000","103.49","South Korea"
"2670","Burlington Stores","BURL","747355000","330.64","United States"
"2671","Hangzhou Greatstar Industrial","002444.SZ","746689000","4.3854","China"
"2672","Washington H. Soul Pattinson and Company (Soul Patts)","SOL.AX","745839000","32.1173","Australia"
"2673","Punjab &amp; Sind Bank","PSB.NS","744928000","0.243444","India"
"2674","TRIAL Holdings","141A.T","744203000","24.7006","Japan"
"2675","Tokai Rika","6995.T","742759000","19.4592","Japan"
"2676","Groupe Lagardère","MMB.PA","742429000","21.7067","France"
"2677","Spyre Therapeutics","SYRE","741467000","106.65","United States"
"2678","The Yokohama Rubber Company","5101.T","741415000","46.8715","Japan"
"2679","DigitalOcean","DOCN","741363000","111.54","United States"
"2680","JFrog","FROG","741244000","90.14","United States"
"2681","Warner Music Group","WMG","741000000","27.76","United States"
"2682","GATX","GATX","740900000","178.51","United States"
"2683","Bending Spoons","BSP","740823000","41.18","Italy"
"2684","Universal Insurance Holdings","UVE","740548000","43.6","United States"
"2685","Shinsegae","004170.KS","740149000","285.264","South Korea"
"2686","Imperial Oil","IMO","740133000","136.95","Canada"
"2687","Geberit","GEBN.SW","739927000","719.768","Switzerland"
"2688","Banque Cantonale du Jura","BCJ.SW","739510000","96.4086","Switzerland"
"2689","Bonheur ASA","BONHR.OL","739049000","26.4203","Norway"
"2690","Sabeco Brewery (Saigon Beer)","SAB.VN","738850000","1.76142","Vietnam"
"2691","Gujarat Gas","GUJGASLTD.NS","737245000","3.41709","India"
"2692","Axon Enterprise","AXON","736973000","597.59","United States"
"2693","ULVAC, Inc.","6728.T","736794000","47.6875","Japan"
"2694","Kadokawa","9468.T","736731000","23.1187","Japan"
"2695","China Lesso Group","2128.HK","736143000","0.496894","China"
"2696","Construcciones y Auxiliar de Ferrocarriles","CAF.MC","735747000","78.6897","Spain"
"2697","Teijin Limited","3401.T","735614000","10.9065","Japan"
"2698","China Satellite Communications","601698.SS","735376000","3.53897","China"
"2699","Trustmark","TRMK","734787000","46.47","United States"
"2700","VIEL &amp; Cie","VIL.PA","734443000","22.1963","France"
"2701","Ivanhoe Mines","IVN.TO","733676000","8.76687","Canada"
"2702","TransUnion","TRU","733100000","84.87","United States"
"2703","OBIC Business Consultants","4733.T","733089000","52.6653","Japan"
"2704","CTP N.V.","CTPNV.AS","732647000","16.8571","Netherlands"
"2705","HBX Group International plc","HBX.MC","732647000","9.0872","United Kingdom"
"2706","NexGen Energy","NXE","732474000","10.93","Canada"
"2707","Oil India","OIL.NS","731398000","4.88089","India"
"2708","Planet Labs","PL","730835000","21.57","United States"
"2709","Disc Medicine","IRON","730158000","80.94","United States"
"2710","Ball Corporation","BALL","730000000","64.42","United States"
"2711","Preferred Bank","PFBC","729484000","104.06","United States"
"2712","ASMPT
 (ASM Pacific Technology)","0522.HK","729452000","20.7305","Hong Kong"
"2713","Karur Vysya Bank","KARURVYSYA.NS","729181000","3.60673","India"
"2714","Sichuan Biokin Pharmaceutical","688506.SS","728906000","39.2782","China"
"2715","Electrica","ECEA.F","728601000","15.155","Romania"
"2716","Old National Bank","ONB","728412000","25.77","United States"
"2717","Bestechnic","688608.SS","728075000","15.4858","China"
"2718","Booz Allen Hamilton","BAH","728000000","75.22","United States"
"2719","Bayan Resources","BYAN.JK","727564000","0.852866","Indonesia"
"2720","Bunzl","BNZL.L","727363000","38.2263","United Kingdom"
"2721","ARMOUR Residential REIT","ARR","727306000","16.38","United States"
"2722","PharmaEssentia","6446.TW","727096000","46.7407","Taiwan"
"2723","Cementir","CEM.MI","726902000","16.7988","Italy"
"2724","Alignment Healthcare","ALHC","726291000","13.43","United States"
"2725","Koei Tecmo","3635.T","726181000","10.7057","Japan"
"2726","Lion Corp","4912.T","725093000","11.8544","Japan"
"2727","Home BancShares","HOMB","724790000","30.06","United States"
"2728","JustSystems Corporation","4686.T","724566000","25.7363","Japan"
"2729","Qatar Gas Transport Company","QGTS.QA","724179000","1.14231","Qatar"
"2730","Five9","FIVN","723876000","32.77","United States"
"2731","PostNL","PNL.AS","723633000","1.0422","Netherlands"
"2732","Goodyear","GT","723000000","6","United States"
"2733","Efes Beverage Group","AEFES.IS","722378000","0.393002","Turkey"
"2734","Saudi Tadawul Group Holding Company","1111.SR","721855000","34.5994","Saudi Arabia"
"2735","Escorts Kubota","ESCORTS.NS","719832000","32.004","India"
"2736","Emirates Central Cooling Systems","EMPOWER.AE","719773000","0","United Arab Emirates"
"2737","CCL Industries","CCL-B.TO","718627000","68.6702","Canada"
"2738","Sunoco","SUN","718000000","76.11","United States"
"2739","ASICS Corporation","7936.T","717760000","29.4712","Japan"
"2740","Azimut Holding","AZM.MI","717744000","45.3369","Italy"
"2741","Zenas BioPharma","ZBIO","717205000","31.65","United States"
"2742","UPL","UPL.NS","716270000","6.09027","India"
"2743","THK Co.","6481.T","716111000","42.942","Japan"
"2744","Cipher Mining","CIFR","715203000","15.36","United States"
"2745","Johnson Matthey","JMAT.L","715137000","30.8698","United Kingdom"
"2746","Tamdeen Real Estate Company","TAM.KW","715013000","1336.81","Kuwait"
"2747","Mitsubishi Materials","5711.T","714866000","35.3278","Japan"
"2748","Franco-Nevada","FNV","714700000","270.13","Canada"
"2749","Tongfu Microelectronics Co.,Ltd","002156.SZ","713720000","9.0594","China"
"2750","Hanwha Ocean (DSME)","042660.KS","713587000","62.5415","South Korea"
"2751","Yamaha","7951.T","713581000","8.25131","Japan"
"2752","Exelon Corporation","EXC","713000000","44.34","United States"
"2753","Itron","ITRI","712850000","98.69","United States"
"2754","MISUMI Group","9962.T","712207000","22.9995","Japan"
"2755","Graco","GGG","712171000","80.16","United States"
"2756","Marqeta","MQ","712057000","4.06","United States"
"2757","Community Health Systems","CYH","712000000","3.01","United States"
"2758","UltraTech Cement","ULTRACEMCO.NS","711974000","120.541","India"
"2759","Enerjisa Enerji","ENJSA.IS","711886000","2.28107","Turkey"
"2760","Kingsoft Cloud","KC","711293000","10.42","China"
"2761","Kumho Petrochemical","011780.KS","710918000","86.8071","South Korea"
"2762","Galaxycore","688728.SS","710659000","2.27006","China"
"2763","Sumitomo Heavy Industries","6302.T","710120000","36.7339","Japan"
"2764","Dupont De Nemours","DD","710000000","136.67","United States"
"2765","Sun TV Network","SUNTV.NS","709405000","4.90701","India"
"2766","American Axle &amp; Manufacturing","AXL","708900000","9","United States"
"2767","Essity","ESSITY-B.ST","708140000","29.7529","Sweden"
"2768","Kokuyo","7984.T","708036000","5.61052","Japan"
"2769","PENN Entertainment","PENN","708000000","18.26","United States"
"2770","Red Eléctrica","RED.MC","707685000","17.7431","Spain"
"2771","Konecranes","KCR.HE","706027000","34.0872","Finland"
"2772","UBTECH Robotics","9880.HK","705807000","10.3844","China"
"2773","Shimao Property","0813.HK","705568000","0.00867491","Hong Kong"
"2774","Jonhon Optronic Technology","002179.SZ","705375000","4.96407","China"
"2775","CommScope","COMM","705300000","19.58","United States"
"2776","Alamos Gold","AGI","703900000","38.32","Canada"
"2777","Lundin Gold","LUG.TO","703601000","75.6043","Canada"
"2778","TS TECH","7313.T","701196000","11.5876","Japan"
"2779","Lucid Motors","LCID","700356000","5.09","United States"
"2780","Allegro.eu","ALE.WA","700011000","12.1388","Poland"
"2781","Advanced Energy","AEIS","699500000","274.67","United States"
"2782","Globe Telecom, Inc.","GTMEY","699192000","23.12","Philippines"
"2783","Liberty Energy","LBRT","699146000","18.48","United States"
"2784","Norma Group","NOEJ.F","698287000","23.2455","Germany"
"2785","Cencosud","CENCOSUD.SN","698176000","2.31021","Chile"
"2786","Johnson Controls","JCI","698000000","142.99","Ireland"
"2787","Aselsan","ASELS.IS","697465000","8.44226","Turkey"
"2788","WESCO International","WCC","696600000","337.01","United States"
"2789","Vår Energi","VAR.OL","695800000","5.18095","Norway"
"2790","W. W. Grainger","GWW","695000000","1321.9","United States"
"2791","SAL Saudi Logistics Services","4263.SR","694851000","44.9872","Saudi Arabia"
"2792","Sartorius","SRT.DE","694337000","227.326","Germany"
"2793","Eramet","ERA.PA","694265000","53.0893","France"
"2794","H.I.S. Co., Ltd.","9603.T","693696000","7.40704","Japan"
"2795","Upstart","UPST","692766000","29.89","United States"
"2796","Kuraray Co., Ltd.","3405.T","692506000","11.2298","Japan"
"2797","K+S","SDF.F","692369000","19.1303","Germany"
"2798","Mr Price Group","MRP.JO","692136000","10.1746","South Africa"
"2799","Valmet","VALMT.HE","690980000","33.4577","Finland"
"2800","WisdomTree","WT","690742000","23.84","United States"
"2801","Loblaw Companies","L.TO","690503000","44.4188","Canada"
"2802","Northland Power","NPI.TO","690121000","15.232","Canada"
"2803","Instacart (Maplebear Inc.)","CART","690000000","51.78","United States"
"2804","KPN","KPN.AS","689566000","4.77034","Netherlands"
"2805","Yum! Brands","YUM","689000000","157.35","United States"
"2806","Vietcap Securities","VCI.VN","687619000","0.855877","Vietnam"
"2807","Cemex","CX","687000000","11.03","Mexico"
"2808","Kingspan Group","KRX.IR","686864000","118.676","Ireland"
"2809","Sage Group","SGE.L","686002000","14.999","United Kingdom"
"2810","The Weir Group","WEIR.L","685480000","39.6976","United Kingdom"
"2811","PMetal (Press Metal Aluminium)","8869.KL","685394000","1.94977","Malaysia"
"2812","Türk Telekom","TTKOM.IS","684912000","1.11246","Turkey"
"2813","USS Co., Ltd.","4732.T","683926000","12.4036","Japan"
"2814","Amer Sports","AS","683700000","31.24","Finland"
"2815","NHK Spring","5991.T","683577000","21.7001","Japan"
"2816","Securitas AB","SECU-B.ST","683494000","15.5553","Sweden"
"2817","Taiwan High Speed Rail","2633.TW","682965000","0.82502","Taiwan"
"2818","Simmons First National","SFNC","682917000","22.97","United States"
"2819","Proximus","PROX.VI","682878000","7.26276","Belgium"
"2820","Hamamatsu","6965.T","682039000","14.7639","Japan"
"2821","Rayonier","RYN","681660000","21.22","United States"
"2822","Liberty Latin America","LILA","681400000","8.42","United States"
"2823","GL Events SA","GLO.PA","681327000","33.5743","France"
"2824","Navan","NAVN","680576000","29.36","United States"
"2825","DKSH Holding","DKSH.SW","680056000","80.3612","Switzerland"
"2826","Visteon","VC","680000000","101.86","United States"
"2827","Samsung Card","029780.KS","679983000","33.329","South Korea"
"2828","Sunrun","RUN","679552000","8.92","United States"
"2829","Perdoceo Education","PRDO","679146000","33.01","United States"
"2830","Orkla","ORK.OL","677210000","10.3372","Norway"
"2831","Pampa Energía","PAM","677000000","80.56","Argentina"
"2832","BOSCH India","BOSCHLTD.NS","676670000","505.172","India"
"2833","ComfortDelGro","C52.SI","676377000","1.01487","Singapore"
"2834","Fortuna Mining","FSM","675821000","12.19","Canada"
"2835","SSR Mining","SSRM","674356000","38.61","Canada"
"2836","Savills","SVS.L","674033000","14.5767","United Kingdom"
"2837","Smurfit Westrock","SW","674000000","48.69","Ireland"
"2838","BİM Birleşik Mağazalar","BIMAS.IS","673893000","8.57222","Turkey"
"2839","Hino Motors","7205.T","673879000","2.42961","Japan"
"2840","X-Energy, Inc.","XE","673585000","18.11","United States"
"2841","IDEAYA Biosciences","IDYA","671201000","40.04","United States"
"2842","Hyatt Hotels","H","671000000","180.09","United States"
"2843","The a2 Milk Company","A2M.AX","670268000","5.07153","New Zealand"
"2844","Camtek","CAMT","670261000","142.33","Israel"
"2845","Rapid7","RPD","670258000","12.19","United States"
"2846","Perpetua Resources","PPTA","669505000","25.93","United States"
"2847","bioMérieux","BIM.PA","669361000","87.6078","France"
"2848","City Union Bank","CUB.NS","669346000","2.31094","India"
"2849","Rhön-Klinikum","RHK.DE","669288000","17.1369","Germany"
"2850","Clean Harbors","CLH","669034000","313.74","United States"
"2851","Shanghai Zhangjiang Hi-Tech Park Development","600895.SS","668268000","4.49846","China"
"2852","NETSCOUT","NTCT","667957000","37.81","United States"
"2853","Origin Energy","ORG.AX","667675000","8.48355","Australia"
"2854","Grafton Group","GFTU.L","667655000","14.1026","Ireland"
"2855","Elco Ltd.","ELCO.TA","667258000","40.3651","Israel"
"2856","RB Global","RBA","667200000","84.07","Canada"
"2857","Maruichi Steel Tube","5463.T","667163000","11.007","Japan"
"2858","Ocular Therapeutix","OCUL","666699000","10.78","United States"
"2859","DaVita","DVA","666546000","176.5","United States"
"2860","Monte Rosa Therapeutics","GLUE","666220000","13.775","United States"
"2861","Telstra","TLS.AX","665702000","3.36195","Australia"
"2862","Citizen Watch","7762.T","665687000","16.9797","Japan"
"2863","Adeka Corporation","4401.T","665466000","28.7619","Japan"
"2864","Eastman Chemical","EMN","665000000","72.69","United States"
"2865","MACOM Technology Solutions","MTSI","664858000","257.43","United States"
"2866","Toyo Engineering Corporation","6330.T","663676000","16.5089","Japan"
"2867","Strathcona Resources","SCR.TO","663634000","31.3443","Canada"
"2868","Enagás","ENG.MC","663549000","19.6549","Spain"
"2869","ACEA","ACE.MI","663380000","24.6911","Italy"
"2870","Ascendis Pharma","ASND","662994000","251.95","Denmark"
"2871","Ringkjøbing Landbobank","RILBA.CO","662476000","277.683","Denmark"
"2872","Trigano","TRI.PA","662425000","178.014","France"
"2873","Compañía Cervecerías Unidas","CCU","661611000","12.66","Chile"
"2874","Zai Lab","ZLAB","661316000","25.64","China"
"2875","Westamerica Bancorporation","WABC","659268000","58.33","United States"
"2876","Bucher Industries","BUCN.SW","658709000","389.988","Switzerland"
"2877","Lanxess","LXS.F","658572000","16.3325","Germany"
"2878","Imperial Brands","IMB.L","658191000","34.4118","United Kingdom"
"2879","Milaha - Qatar Navigation","QNNS.QA","657103000","2.78846","Qatar"
"2880","SentinelOne","S","656787000","20.82","United States"
"2881","First Foundation","FFWM","656494000","5.9","United States"
"2882","Rational AG","RAA.F","656278000","729.774","Germany"
"2883","York Space Systems","YSS","655693000","9.76","United States"
"2884","LG Uplus Corp.","032640.KS","655248000","10.7678","South Korea"
"2885","OCI Holdings Company","010060.KS","654996000","198.602","South Korea"
"2886","Golub Capital","GBDC","654702000","13.24","United States"
"2887","Ormat Technologies","ORA","654645000","105.4","United States"
"2888","Recursion Pharmaceuticals","RXRX","654473000","3.25","United States"
"2889","Onto Innovation","ONTO","654164000","282.91","United States"
"2890","Eicher Motors","EICHERMOT.NS","654010000","84.1396","India"
"2891","PennyMac Financial Services","PFSI","653733000","75.18","United States"
"2892","Costamare","CMRE","653695000","15.58","Monaco"
"2893","Princes Group plc","PRN.L","653426000","4.40025","United Kingdom"
"2894","DeNA","2432.T","653403000","15.8498","Japan"
"2895","Central Garden &amp; Pet","CENT","653242000","44.3","United States"
"2896","Sarepta Therapeutics","SRPT","653189000","18.13","United States"
"2897","Taylor Morrison","TMHC","652933000","72.45","United States"
"2898","Mitsuba Corporation","7280.T","652817000","8.2419","Japan"
"2899","Medpace","MEDP","652681000","620.03","United States"
"2900","Soitec","SOI.PA","651687000","128.76","France"
"2901","Williams-Sonoma","WSM","651601000","237.77","United States"
"2902","Migros Ticaret A.S.","MGROS.IS","650930000","11.6029","Turkey"
"2903","Kymera Therapeutics","KYMR","650929000","121.05","United States"
"2904","GELEX Group Joint Stock Company","GEX.VN","650467000","0.989607","Vietnam"
"2905","ADES Holding Company","2382.SR","649757000","5.15129","Saudi Arabia"
"2906","Toyo Tire","5105.T","649305000","24.0038","Japan"
"2907","Samsonite International","1SO.F","649300000","1.62917","Luxembourg"
"2908","ABB India","ABB.NS","649193000","79.626","India"
"2909","Remitly","RELY","649062000","26.59","United States"
"2910","DoubleUGames","192080.KS","648682000","41.9592","South Korea"
"2911","Deyaar Development","DEYAAR.AE","648502000","0.201476","United Arab Emirates"
"2912","Asiana Airlines","020560.KS","647542000","5.12754","South Korea"
"2913","Western Midstream","WES","647495000","48.53","United States"
"2914","Sumitomo Rubber Industries","5110.T","646436000","14.3778","Japan"
"2915","Qiagen","QGEN","646289000","41.78","Netherlands"
"2916","Mineralys Therapeutics","MLYS","646060000","25.27","United States"
"2917","Shandong Hi-Speed","600350.SS","645693000","1.62147","China"
"2918","Federated Hermes","FHI","645417000","64.72","United States"
"2919","APi Group","APG","645000000","40.72","United States"
"2920","Kingnet Network","002517.SZ","644598000","2.46047","China"
"2921","Oma Säästöpankki","OMASP.HE","644530000","19.7249","Finland"
"2922","China Three Gorges Renewables","600905.SS","644516000","0.553382","China"
"2923","Dr. Sulaiman Al Habib Medical Services Group Company","4013.SR","644312000","63.925","Saudi Arabia"
"2924","Sabre","SABR","643575000","2.26","United States"
"2925","Advantech","2395.TW","642369000","21.0176","Taiwan"
"2926","Relay Therapeutics","RLAY","642065000","19.76","United States"
"2927","Solstice Advanced Materials","SOLS","642000000","55.36","United States"
"2928","Netmarble","251270.KS","641748000","26.7932","South Korea"
"2929","Íslandsbanki","ISB.IC","641268000","1.17423","Iceland"
"2930","Pilbara Minerals","PLS.AX","641058000","3.67668","Australia"
"2931","Harmony Biosciences","HRMY","640918000","38.5","United States"
"2932","Saudi International Petrochemical Company (Sipchem)","2310.SR","640538000","3.58779","Saudi Arabia"
"2933","Tempus AI","TEM","639072000","66.17","United States"
"2934","Champion Homes","SKY","638259000","91.53","United States"
"2935","Photronics","PLAB","637667000","29.53","United States"
"2936","Noritsu Koki","7744.T","637102000","12.7928","Japan"
"2937","Banco de Brasília","BSLI3.SA","636937000","0.531977","Brazil"
"2938","NewAmsterdam Pharma Company","NAMS","636105000","26.85","Netherlands"
"2939","NEC Capital Solutions","8793.T","636087000","26.6151","Japan"
"2940","Sensata Technologies","ST","635100000","41.96","United States"
"2941","Vistra","VST","634000000","135.66","United States"
"2942","Yanbu National Petrochemical","2290.SR","633131000","9.2052","Saudi Arabia"
"2943","Axalta","AXTA","633000000","36.06","United States"
"2944","Nissin Foods","2897.T","632911000","18.9947","Japan"
"2945","Clarkson PLC","CKN.L","632689000","68.5921","United Kingdom"
"2946","AeroVironment","AVAV","632297000","148.2","United States"
"2947","Azbil Corporation","6845.T","632215000","9.52243","Japan"
"2948","Nisshin Seifun Group","2002.T","631982000","12.9686","Japan"
"2949","Taiyo Yuden","6976.T","631055000","58.1892","Japan"
"2950","Jumbo S.A.","5JB.F","630440000","30.1702","Greece"
"2951","Globus Medical","GMED","629851000","84.08","United States"
"2952","Eldorado Gold","EGO","629724000","46.37","Canada"
"2953","B.Grimm Power","BGRIM.BK","628818000","0.574221","Thailand"
"2954","DB HiTek","000990.KS","628625000","66.9469","South Korea"
"2955","Prosegur Cash","CASH.MC","628132000","0.763581","Spain"
"2956","Dayforce","DAY","627600000","69.86","United States"
"2957","SkyWest","SKYW","627254000","101.68","United States"
"2958","Hwatsing Technology","688120.SS","626632000","39.0491","China"
"2959","Whirlpool","WHR","626000000","40.13","United States"
"2960","Changchun High-Tech Industry","000661.SZ","625457000","11.8709","China"
"2961","Heritage Insurance","HRTG","625062000","34.59","United States"
"2962","Caisse régionale de Crédit Agricole Mutuel d'Ille-et-Vilaine","CIV.PA","624257000","139.916","France"
"2963","Pasona Group","2168.T","624218000","10.5519","Japan"
"2964","Delek US","DK","624100000","68.08","United States"
"2965","Archer Daniels Midland (ADM)","ADM","624000000","78.16","United States"
"2966","Victory Giant Technology","300476.SZ","622873000","36.4444","China"
"2967","Hangzhou EZVIZ Network","688475.SS","621829000","4.32888","China"
"2968","WesBanco","WSBC","620897000","40.73","United States"
"2969","Zhihu","ZH","620854000","3.13","China"
"2970","Vicat S.A.","VCT.PA","620739000","74.9592","France"
"2971","OTE Group","OTE.F","620140000","22.7442","Greece"
"2972","OceanaGold","OGC.TO","620100000","31.1855","Canada"
"2973","NV Bekaert","BEKB.BR","619841000","44.1245","Belgium"
"2974","Abercrombie &amp; Fitch","ANF","619224000","112.36","United States"
"2975","Insperity","NSP","619000000","52.14","United States"
"2976","RS Technologies","3445.T","618689000","34.9637","Japan"
"2977","Straumann","STMN.SW","618377000","115.218","Switzerland"
"2978","NHN Corp","181710.KS","618039000","47.6644","South Korea"
"2979","Dalmia Bharat","DALBHARAT.NS","617858000","19.1924","India"
"2980","CA Immo","BZY.F","617147000","27.5705","Austria"
"2981","Jason Furniture (Kuka Home)","603816.SS","617048000","3.72789","China"
"2982","Nipro Corporation","8086.T","616948000","9.89592","Japan"
"2983","PAL GROUP Holdings","2726.T","616938000","9.7233","Japan"
"2984","Tata Power","TATAPOWER.NS","616766000","3.87055","India"
"2985","Karnataka Bank","KTKBANK.NS","615738000","3.48553","India"
"2986","Penumbra","PEN","615660000","323.75","United States"
"2987","Casino Guichard-Perrachon","CO.PA","615290000","0.216134","France"
"2988","Econocom Group","ECONB.BR","614971000","1.72534","Belgium"
"2989","Arvinas","ARVN","614900000","9.34","United States"
"2990","TIS","3626.T","614609000","24.2737","Japan"
"2991","VGP NV","VGP.BR","614494000","95.4768","Belgium"
"2992","Oceaneering International","OII","614470000","50.46","United States"
"2993","Brookfield Renewable","BEPC","614000000","32.88","United States"
"2994","Sekisui Chemical","4204.T","612893000","16.4555","Japan"
"2995","Yulon Motor Company","2201.TW","612678000","0.900307","Taiwan"
"2996","Innoviva","INVA","611931000","21.03","United States"
"2997","SeSa S.p.A.","SES.MI","611253000","107.018","Italy"
"2998","Japan Airport Terminal","9706.T","610970000","36.7088","Japan"
"2999","Qatar General Insurance & Reinsurance Company","QGRI.QA","610243000","0.671154","Qatar"
"3000","SG Holdings","9143.T","609829000","9.74527","Japan"
"3001","Ardent Health","ARDT","609692000","11.25","United States"
"3002","Georg Fischer","GF.SW","608384000","69.2898","Switzerland"
"3003","Vulcan Energy Resources","VUL.AX","608321000","1.97425","Australia"
"3004","Wing On Company International","0289.HK","608162000","1.69671","Hong Kong"
"3005","Vista Energy","VIST","607572000","70.66","Mexico"
"3006","Nojima Corporation","7419.T","607268000","8.02847","Japan"
"3007","Primis Financial","FRST","607125000","16.3","United States"
"3008","Hecla Mining","HL","607118000","20.4","United States"
"3009","Krones","KRN.F","606604000","138.028","Germany"
"3010","African Rainbow Minerals","ARI.JO","606374000","11.866","South Africa"
"3011","Mineral Resources","MIN.AX","606000000","47.6967","Australia"
"3012","WEBTOON Entertainment","WBTN","605989000","9.59","United States"
"3013","Daio Paper Corporation","3880.T","605540000","6.17671","Japan"
"3014","AGC","5201.T","605263000","35.8739","Japan"
"3015","Aurubis","NDA.F","604174000","205.176","Germany"
"3016","WSP Global","WSP.TO","604047000","138.74","Canada"
"3017","Frontdoor","FTDR","603000000","82.75","United States"
"3018","Dexco","DXCO3.SA","602995000","0.980468","Brazil"
"3019","Viking Therapeutics","VKTX","602964000","33.23","United States"
"3020","Fincantieri","FCT.MI","602825000","14.6538","Italy"
"3021","Signet Jewelers","SIG","602800000","83.45","Bermuda"
"3022","PTC India","PTC.NS","601948000","1.65249","India"
"3023","Dollarama","DOL.TO","601502000","135.125","Canada"
"3024","Sopra Steria Group","SOP.PA","601226000","210.072","France"
"3025","ITT","ITT","600800000","204.96","United States"
"3026","Cushman &amp; Wakefield","CWK","600600000","14.64","United States"
"3027","Zegona Communications","ZEG.L","600477000","21.8241","United Kingdom"
"3028","South Bow","SOBO","599000000","37.31","Canada"
"3029","Summit Therapeutics","SMMT","598731000","12.73","United Kingdom"
"3030","Golden Agri-Resources","E5H.SI","597428000","0.23995","Singapore"
"3031","Vera Therapeutics","VERA","596760000","33.72","United States"
"3032","SM Prime Holdings","SPHXF","596044000","0.2672","Philippines"
"3033","First Financial Bank","FFBC","595683000","32.94","United States"
"3034","The Ensign Group","ENSG","595175000","179.37","United States"
"3035","Toho Holdings","8129.T","595041000","24.8136","Japan"
"3036","Barwa Real Estate Company","BRES.QA","594770000","0.623352","Qatar"
"3037","Dolby","DLB","594742000","66.05","United States"
"3038","New York Times","NYT","594523000","67.49","United States"
"3039","Digital Garage","4819.T","594398000","14.4814","Japan"
"3040","China Everbright Limited","0165.HK","594308000","0.730989","Hong Kong"
"3041","Associated Banc-Corp","ASB","593645000","30.9","United States"
"3042","Sonae","SON.LS","593636000","2.34903","Portugal"
"3043","Watsco","WSO","592679000","310.8","United States"
"3044","ERock, Inc.","EROC","592653000","10.26","United States"
"3045","PVH Corp.","PVH","592500000","77.03","United States"
"3046","Procore","PCOR","591513000","62.09","United States"
"3047","Kosé","4922.T","591140000","37.3804","Japan"
"3048","Kuwait Investment Company","KINV.KW","590264000","642.322","Kuwait"
"3049","L3Harris Technologies","LHX","590000000","262.83","United States"
"3050","Kerry Group","KRZ.IR","589127000","99.2073","Ireland"
"3051","Wilh. Wilhelmsen Holding","WWI.OL","589000000","87.638","Norway"
"3052","Kamigumi","9364.T","588817000","30.5383","Japan"
"3053","D-Wave Quantum","QBTS","588395000","18.68","Canada"
"3054","Cheil Worldwide Inc.","030000.KS","586572000","13.8155","South Korea"
"3055","uniQure","QURE","586550000","47.46","Netherlands"
"3056","IDEX","IEX","586200000","233.69","United States"
"3057","Delta Electronics (Thailand)","DELTA.BK","586033000","7.63592","Thailand"
"3058","Toei Animation","4816.T","586011000","18.9256","Japan"
"3059","Optima bank","OPTIMA.AT","585914000","14.1991","Greece"
"3060","SATS","S58.SI","585904000","3.20195","Singapore"
"3061","Tryg","TRYG.CO","585796000","24.1511","Denmark"
"3062","The Cross-Harbour Holdings","0032.HK","585091000","0.969549","Hong Kong"
"3063","Xerox","XRX","585000000","2.85","United States"
"3064","Prestige Group","PRESTIGE.NS","584815000","16.8791","India"
"3065","ARCS Company Limited","9948.T","584375000","23.5707","Japan"
"3066","Crown Holdings","CCK","584000000","119.76","United States"
"3067","HELLENiQ ENERGY","ELPE.AT","583940000","17.7081","Greece"
"3068","MM Group (Mayr-Melnhof AG)","MYM.F","583026000","90.5806","Austria"
"3069","NIBE Industrier","NIBE-B.ST","583023000","4.48031","Sweden"
"3070","Hertz","HTZ","583000000","2.19","United States"
"3071","Immunome","IMNM","582693000","28.01","United States"
"3072","Hanon Systems","018880.KS","582658000","2.54571","South Korea"
"3073","Rengo Co., Ltd.","3941.T","581521000","9.86768","Japan"
"3074","Kingfisher","KGF.L","581395000","4.37572","United Kingdom"
"3075","Bilfinger","GBF.F","581025000","86.1506","Germany"
"3076","ICL Group","ICL","581000000","5.75","Israel"
"3077","Zurich Airport","FHZN.SW","580902000","285.867","Switzerland"
"3078","Kura Oncology","KURA","580823000","12.4","United States"
"3079","Ratch Group","RATCH.BK","580664000","1.12248","Thailand"
"3080","BOE Varitronix","0710.HK","580462000","0.475844","Hong Kong"
"3081","Solvay","SOLB.VI","579868000","30.007","Belgium"
"3082","Upwork","UPWK","579734000","8.57","United States"
"3083","Eagle Bancorp","EGBN","579359000","28.11","United States"
"3084","CDW Corporation","CDW","578600000","132.51","United States"
"3085","Valaris","VAL","578300000","85.81","United Kingdom"
"3086","Lemonade","LMND","577800000","53.85","United States"
"3087","Beijing New Building Materials","000786.SZ","577693000","2.5289","China"
"3088","Italgas","IG.MI","577241000","10.2984","Italy"
"3089","IHH Healthcare","Q0F.SI","577042000","2.08481","Malaysia"
"3090","Tokai Carbon","5301.T","576397000","10.3353","Japan"
"3091","Renasant Corp","RNST","575992000","41.42","United States"
"3092","China Railway Materials","000927.SZ","575903000","0.368921","China"
"3093","Dundee Precious Metals","DPM.TO","575487000","50.3572","Canada"
"3094","C3 AI","AI","575449000","10.11","United States"
"3095","Travis Perkins","TPK.L","574915000","8.84136","United Kingdom"
"3096","Medibank","MPL.AX","574859000","3.45494","Australia"
"3097","Beijing Wantai Biological Pharmacy Enterprise","603392.SS","574501000","4.18012","China"
"3098","Excelerate Energy","EE","574445000","39.43","United States"
"3099","Coop Pank AS","CPA1T.TL","574110000","2.72208","Estonia"
"3100","Bitfarms","BITF","573462000","1.98","Canada"
"3101","Rieter Holding","RIEN.SW","573197000","3.61999","Switzerland"
"3102","Becle","CUERVO.MX","573140000","0.865094","Mexico"
"3103","BankUnited","BKU","572647000","46.28","United States"
"3104","Imeik Technology Development","300896.SZ","572126000","13.8866","China"
"3105","CJ CGV Co., Ltd.","079160.KS","572009000","3.77705","South Korea"
"3106","Taikisha","1979.T","571728000","24.4809","Japan"
"3107","National Industries Group Holding","NIND.KW","571323000","779.263","Kuwait"
"3108","GOL Airlines","GOLL54.SA","571080000","1.85711","Brazil"
"3109","Worley","WOR.AX","570670000","7.93991","Australia"
"3110","Tandem Diabetes Care","TNDM","570256000","22.22","United States"
"3111","Mesaieed Petrochemical Holding Company","MPHC.QA","569032000","0.290659","Qatar"
"3112","MKS Instruments","MKSI","569000000","269.06","United States"
"3113","Abivax","ABVX","568931000","116.15","France"
"3114","NANO Nuclear Energy","NNE","568896000","18.27","United States"
"3115","Nektar Therapeutics","NKTR","568604000","73.69","United States"
"3116","Coca-Cola İçecek","CCOLA.IS","568131000","1.62087","Turkey"
"3117","Titan Cement International","TITC.BR","568050000","59.6876","Belgium"
"3118","Merdeka Copper Gold","MDKA.JK","567308000","0.167184","Indonesia"
"3119","Etablissements Maurel &amp; Prom","MAU.PA","567104000","9.15132","France"
"3120","Ito En, Ltd.","2593.T","566608000","19.1076","Japan"
"3121","Kaga Electronics","8154.T","566576000","30.7266","Japan"
"3122","Türkiye Kalkınma","KLNMA.IS","566565000","0.182985","Turkey"
"3123","Lundin Mining","LUN.TO","565400000","27.4912","Canada"
"3124","MGM China Holdings","2282.HK","565069000","1.29613","Macau"
"3125","VusionGroup","VU.PA","564737000","153.649","France"
"3126","BlueScope Steel","BSL.AX","564136000","22.196","Australia"
"3127","Hilton Worldwide","HLT","564000000","330.07","United States"
"3128","Aker Solutions ASA","AKSO.OL","563912000","4.60959","Norway"
"3129","Taylor Wimpey","TW.L","563872000","1.14134","United Kingdom"
"3130","SKC Co., Ltd.","011790.KS","563633000","62.036","South Korea"
"3131","Chemours","CC","563000000","15.39","United States"
"3132","United Community Bank","UCB","562863000","35.4","United States"
"3133","Shengyi Technology (SYTECH)","600183.SS","562319000","19.1899","China"
"3134","International Flavors & Fragrances","IFF","562000000","85.81","United States"
"3135","The Magnum Ice Cream Company","MICC","561521000","20.15","Netherlands"
"3136","Solventum","SOLV","561000000","91.25","United States"
"3137","AMN Healthcare Services","AMN","560738000","34.51","United States"
"3138","Scatec ASA","SCATC.OL","559916000","10.5413","Norway"
"3139","Commercial Metals Company","CMC","559759000","64.87","United States"
"3140","Bicycle Therapeutics","BCYC","559474000","4.33","United Kingdom"
"3141","Bally's Corporation","BALY","559304000","9.26","United States"
"3142","Madras Rubber Factory","MRF.NS","559287000","1389.25","India"
"3143","Hiab Oyj","HIAB.HE","558224000","74.2014","Finland"
"3144","Airports of Thailand","AOT.BK","557853000","2.02352","Thailand"
"3145","NOF Corporation","4403.T","557224000","17.4034","Japan"
"3146","Smith & Nephew","SNN","557000000","29.62","United Kingdom"
"3147","edenor","EDN","556636000","23.5","Argentina"
"3148","Steel Dynamics","STLD","556527000","229.27","United States"
"3149","VeriSign","VRSN","556400000","290.785","United States"
"3150","Bharat Dynamics","BDL.NS","555106000","14.2148","India"
"3151","Centerra Gold","CGAU","554511000","23.48","Canada"
"3152","Austevoll Seafood","AUSS.OL","554232000","9.5156","Norway"
"3153","BRP (Bombardier Recreational Products)","DOO","554066000","63.77","Canada"
"3154","Seino Holdings","9076.T","553806000","17.5603","Japan"
"3155","Aisan Industry","7283.T","552803000","14.3621","Japan"
"3156","LS ELECTRIC Co., Ltd.","010120.KS","552591000","141.116","South Korea"
"3157","Global-e","GLBE","552526000","39.86","Israel"
"3158","Downer EDI Limited","DOW.AX","552362000","4.80687","Australia"
"3159","Tidewater","TDW","552280000","92.92","United States"
"3160","AMC Networks","AMCX","552137000","12.42","United States"
"3161","Firefly Aerospace","FLY","551626000","23.1","United States"
"3162","International Games System","3293.TWO","551572000","22.3038","Taiwan"
"3163","Kakao Games","293490.KQ","551402000","6.13138","South Korea"
"3164","Iamgold","IAG","551200000","21.8","Canada"
"3165","Sphere Entertainment","SPHR","550974000","157.31","United States"
"3166","BIC","BB.PA","550957000","78.2234","France"
"3167","Bradespar","BRAP3.SA","550916000","3.58211","Brazil"
"3168","MIAX (Miami International Holdings)","MIAX","550786000","44.03","United States"
"3169","Dabur","DABUR.NS","550665000","4.11921","India"
"3170","OFG Bancorp","OFG","550464000","52.36","United States"
"3171","iRhythm","IRTC","549620000","125.25","United States"
"3172","Flight Centre Travel Group Limited","FLT.AX","549362000","9.27039","Australia"
"3173","Celsius Holdings","CELH","549201000","35.03","United States"
"3174","Banca IFIS","IF.MI","548631000","17.4983","Italy"
"3175","South State Corp","SSB","548387000","106.91","United States"
"3176","SoftwareONE","SWON.SW","548314000","10.6671","Switzerland"
"3177","Protagonist Therapeutics","PTGX","547786000","154.72","United States"
"3178","Rohto Pharmaceutical","4527.T","547462000","18.64","Japan"
"3179","Hysan Development","0014.HK","546355000","2.14449","Hong Kong"
"3180","Acciona Energías Renovables","ANE.MC","546249000","24.318","Spain"
"3181","Banco del Bajío","BBAJIOO.MX","546248000","3.33173","Mexico"
"3182","doValue S.p.A.","DOV.MI","546223000","2.10655","Italy"
"3183","Silergy","6415.TW","545864000","14.1634","China"
"3184","TODA corp","1860.T","545804000","9.50988","Japan"
"3185","Baytex Energy","BTE","545116000","4.72","Canada"
"3186","Powell Industries","POWL","544889000","188.98","United States"
"3187","Hanwa Co., Ltd.","8078.T","544826000","11.7257","Japan"
"3188","Wave Life Sciences","WVE","544591000","5.12","Singapore"
"3189","Südzucker","SZU.F","544362000","14.782","Germany"
"3190","Bid Corp","BID.JO","543990000","26.7996","South Africa"
"3191","United Electronics Company (eXtra Saudi)","4003.SR","543954000","17.7658","Saudi Arabia"
"3192","MONETA Money Bank","MONET.PR","543951000","9.60701","Czech Republic"
"3193","Packaging Corporation of America","PKG","543700000","248.88","United States"
"3194","OUTsurance Group","OUT.JO","543548000","4.96869","South Africa"
"3195","Mahanagar Telephone Nigam","MTNL.NS","543091000","0.277714","India"
"3196","Simon Property Group","SPG","542955000","220.73","United States"
"3197","Pilgrim's Pride","PPC","542415000","31.79","United States"
"3198","NextVision Stabilized Systems","NXSN.TA","542367000","69.1639","Israel"
"3199","Turk Altin Isletmeleri A.S.","TRALT.IS","542061000","1.12286","Turkey"
"3200","Kimberly-Clark","KMB","542000000","111.37","United States"
"3201","Novolipetsk Steel","NLMK.ME","542000000","0.81","Russia"
"3202","Unibel S.A.","UNBL.PA","541848000","1370.66","France"
"3203","PBF Energy","PBF","541800000","69.51","United States"
"3204","Huadong Medicine (HD Medicine)","000963.SZ","541740000","4.05813","China"
"3205","SolarEdge","SEDG","541650000","30.09","Israel"
"3206","10x Genomics","TXG","539848000","63.8","United States"
"3207","Bicara Therapeutics","BCAX","539753000","23.58","United States"
"3208","LivaNova","LIVN","539706000","78.26","United Kingdom"
"3209","XD Inc.","2400.HK","538930000","5.44223","China"
"3210","Dycom Industries","DY","538826000","380.95","United States"
"3211","Aktis Oncology","AKTS","538484000","25.98","United States"
"3212","True Corporation","TRUE.BK","538365000","0.400122","Thailand"
"3213","Persol Holdings","2181.T","537637000","1.87122","Japan"
"3214","BillionToOne","BLLN","537450000","96.74","United States"
"3215","InMode","INMD","537159000","15.1","Israel"
"3216","Evotec","EVO","536792000","1.89","Germany"
"3217","Pepco Group","PCO.WA","536605000","11.4161","United Kingdom"
"3218","OneMain Financial","OMF","536000000","62.89","United States"
"3219","Organo Corporation","6368.T","535449000","84.0196","Japan"
"3220","Columbia Sportswear","COLM","535354000","60.08","United States"
"3221","Sysmex","6869.T","535329000","12.3691","Japan"
"3222","D/S Norden (Dampskibsselskabet Norden)","DNORD.CO","535300000","55.8796","Denmark"
"3223","Prio SA (Petro Rio)","PRIO3.SA","535243000","11.9637","Brazil"
"3224","Adani Energy Solutions","ADANIENSOL.NS","535234000","16.5782","India"
"3225","GEA Group","G1A.F","534507000","77.8153","Germany"
"3226","Kuala Lumpur Kepong","2445.KL","534195000","5.42373","Malaysia"
"3227","Alkem Laboratories","ALKEM.NS","534071000","55.6891","India"
"3228","Siltronic","WAF.F","534034000","97.8083","Germany"
"3229","Nuvation Bio","NUVB","533729000","6.76","United States"
"3230","DoubleDown Interactive","DDI","533411000","12.79","United States"
"3231","Sampoerna","HMSP.JK","533281000","0.0420785","Indonesia"
"3232","Starts Corporation","8850.T","532914000","29.534","Japan"
"3233","Morningstar","MORN","532200000","217.5","United States"
"3234","Masan Group","MSN.VN","532052000","2.65551","Vietnam"
"3235","Alfa Laval","ALFA.ST","531888000","60.4742","Sweden"
"3236","Zydus Lifesciences","ZYDUSLIFE.NS","531758000","11.6968","India"
"3237","DNO ASA","DNO.OL","531400000","1.90849","Norway"
"3238","L.D.C. S.A.","LOUP.PA","531112000","128.468","France"
"3239","Wabtec","WAB","531000000","297.62","United States"
"3240","Tokyu","9005.T","530659000","10.5331","Japan"
"3241","Secure Trust Bank PLC","STB.L","529864000","21.0558","United Kingdom"
"3242","LEG Immobilien","LEG.DE","529636000","57.7291","Germany"
"3243","Enovix","ENVX","528736000","3.27","United States"
"3244","Workman","7564.T","528084000","39.4833","Japan"
"3245","Avis Budget Group","CAR","528000000","146.88","United States"
"3246","First Hawaiian Bank","FHB","526624000","26.04","United States"
"3247","APA Group","APA.AX","526247000","7.67525","Australia"
"3248","ENAV","ENAV.MI","525894000","5.94544","Italy"
"3249","Santen Pharmaceutical","4536.T","525606000","11.7697","Japan"
"3250","Paltac Corporation","8283.T","525177000","41.6175","Japan"
"3251","BlackLine","BL","525071000","31.98","United States"
"3252","Immatics","IMTX","524971000","8.69","Germany"
"3253","Embracer Group","EMBRAC-B.ST","524795000","7.91868","Sweden"
"3254","Dai-Dan","1980.T","524685000","17.1241","Japan"
"3255","Verisk Analytics","VRSK","524500000","189.55","United States"
"3256","Liberty Live Holdings","LLYVA","524431000","102.1","United States"
"3257","CMC Markets Plc","CMCX.L","524308000","9.78135","United Kingdom"
"3258","Icelandair","ICEAIR.IC","524294000","0.0061027","Iceland"
"3259","Xinjiang Daqo New Energy Co.,Ltd.","688303.SS","523796000","2.61815","China"
"3260","iQIYI","IQ","523605000","1.01","China"
"3261","Tadano","6395.T","523243000","8.60597","Japan"
"3262","Compass Group","CPG.L","523000000","30.92","United Kingdom"
"3263","Casey's General Stores","CASY","522991000","854.21","United States"
"3264","Alumis","ALMS","522943000","23.03","United States"
"3265","Tsubakimoto Chain","6371.T","522913000","16.8793","Japan"
"3266","Hitachi Energy India","POWERINDIA.NS","521581000","347.299","India"
"3267","West Pharmaceutical Services","WST","521400000","353.32","United States"
"3268","Teledyne Technologies","TDY","521400000","625.21","United States"
"3269","Ballard Power Systems","BLDP","520862000","2.29","Canada"
"3270","CJ Logistics Corporation","000120.KS","520627000","53.0809","South Korea"
"3271","Hinduja Global Solutions","HGS.NS","520479000","4.20019","India"
"3272","Credit Saison","8253.T","520261000","29.7223","Japan"
"3273","Chewy","CHWY","520100000","24.5","United States"
"3274","Cenergy Holdings","CENER.BR","519827000","26.463","Belgium"
"3275","Ecolab","ECL","519800000","286.98","United States"
"3276","Hippo Holdings","HIPO","519800000","33.25","United States"
"3277","Ziff Davis","ZD","519718000","55.73","United States"
"3278","Outokumpu","OUT1V.HE","519682000","6.44672","Finland"
"3279","Hualan Biological Engineering","002007.SZ","519554000","1.9532","China"
"3280","Deutsche Wohnen","DWNI.DE","519465000","20.9606","Germany"
"3281","ZPMC (Shanghai Zhenhua Heavy Industries)","600320.SS","519197000","0.612885","China"
"3282","Kailera Therapeutics","KLRA","519174000","16.54","United States"
"3283","Charter Communications","CHTR","517000000","150.3","United States"
"3284","Generate Biomedicines","GENB","516641000","17.72","United States"
"3285","Universal Display Corporation","OLED","516408000","84.71","United States"
"3286","G City","GCT.TA","516055000","3.70652","Israel"
"3287","American Electric Power","AEP","516000000","121.98","United States"
"3288","Ramsay Health Care","RHC.AX","515985000","31.731","Australia"
"3289","Synergie SE","SDG.PA","515767000","32.7582","France"
"3290","CGI","GIB","515026000","74.82","Canada"
"3291","AGCO","AGCO","514900000","110.13","United States"
"3292","Lasertec","6920.T","514663000","219.386","Japan"
"3293","TG Therapeutics","TGTX","514430000","56.01","United States"
"3294","ERG","ERG.MI","513895000","25.8335","Italy"
"3295","MARA Holdings","MARA","513653000","11.18","United States"
"3296","i-80 Gold","IAUX","513506000","1.92","United States"
"3297","BXP, Inc.","BXP","512783000","69.99","United States"
"3298","BWX Technologies","BWXT","512357000","149.52","United States"
"3299","Emmi AG","EMMN.SW","512269000","1054.9","Switzerland"
"3300","Eikon Therapeutics","EIKN","512182000","11.16","United States"
"3301","Royal Caribbean Group","RCL","512000000","293","United States"
"3302","CVR Energy","CVI","512000000","38.03","United States"
"3303","Alkermes","ALKS","511862000","48.87","Ireland"
"3304","Sterling Infrastructure","STRL","511858000","496.66","United States"
"3305","SharkNinja","SN","511774000","182.99","United States"
"3306","Dometic Group","DOM.ST","511667000","2.45854","Sweden"
"3307","Mercialys","MERY.PA","511382000","13.2898","France"
"3308","NRJ Group","NRG.PA","511163000","7.57752","France"
"3309","Donegal Group","DGICA","510888000","18.98","United States"
"3310","EXEDY Corporation","7278.T","510704000","38.9183","Japan"
"3311","Leggett &amp; Platt","LEG","510500000","9.38","United States"
"3312","Yonyou","600588.SS","509795000","1.51436","China"
"3313","SAN-A CO.,LTD.","2659.T","509719000","21.2168","Japan"
"3314","F.C.C. Co., Ltd.","7296.T","509614000","26.1443","Japan"
"3315","Cembra Money Bank","CMBN.SW","509076000","108.662","Switzerland"
"3316","Doha Insurance Group","DOHI.QA","508523000","0.807967","Qatar"
"3317","Zangge Mining Company","000408.SZ","508032000","11.264","China"
"3318","Takashimaya Company","8233.T","507495000","15.3539","Japan"
"3319","Hope Bancorp","HOPE","506776000","13.95","United States"
"3320","Olema Pharmaceuticals","OLMA","505347000","10.43","United States"
"3321","LG Electronics India Ltd.","LGEINDIA.NS","505171000","17.6847","India"
"3322","AbCellera","ABCL","504732000","10.61","Canada"
"3323","Gemini Space Station","GEMI","504103000","4.19","United States"
"3324","Kandenko","1942.T","504083000","33.8966","Japan"
"3325","Barratt Redrow","BTRW.L","503538000","4.30761","United Kingdom"
"3326","Church & Dwight","CHD","503400000","102.53","United States"
"3327","CLP Group","0002.HK","502142000","10.0527","Hong Kong"
"3328","Info Edge","NAUKRI.NS","501700000","14.01","India"
"3329","Helix Energy Solutions","HLX","501272000","9.97","United States"
"3330","Woodward","WWD","501169000","333.15","United States"
"3331","ALTEN","ATE.PA","501110000","87.7827","France"
"3332","Xi'an Eswin Material Technology Co.,Ltd.","688783.SS","500980000","4.59962","China"
"3333","Nabors Industries","NBR","500853000","88.64","Bermuda"
"3334","VIAVI Solutions","VIAV","500800000","36.95","United States"
"3335","GMR Solutions Inc.","GMRS","500488000","13.24","United States"
"3336","Genuine Parts Company","GPC","500023000","135.69","United States"
"3337","Tyson Foods","TSN","500000000","57.87","United States"
"3338","Equinox Gold","EQX","499619000","13.76","Canada"
"3339","Callaway Golf Company","CALY","499500000","15.79","United States"
"3340","Global Ship Lease","GSL","498608000","44.64","United Kingdom"
"3341","Lantheus Holdings","LNTH","498582000","100.8","United States"
"3342","Playtech","PTEC.L","498555000","5.54186","Isle of Man"
"3343","National Industrialization Company (Saudi Arabia)","2060.SR","498542000","2.57564","Saudi Arabia"
"3344","Global Power Synergy","GPSC.BK","498274000","1.58064","Thailand"
"3345","Grieg Seafood","GSF.OL","498234000","3.22198","Norway"
"3346","Nippon Shinyaku","4516.T","498212000","22.1646","Japan"
"3347","Intermediate Capital Group (ICG)","ICG.L","498077000","27.6003","United Kingdom"
"3348","PCCW","0008.HK","498030000","0.679322","Hong Kong"
"3349","Horace Mann Educators","HMN","497500000","51.2","United States"
"3350","Alarm.com","ALRM","497449000","57.58","United States"
"3351","Sun Communities","SUI","497000000","123.43","United States"
"3352","Spirax-Sarco Engineering","SPX.L","496940000","97.7454","United Kingdom"
"3353","PPB Group Berhad","4065.KL","496282000","2.54361","Malaysia"
"3354","Shikoku Electric Power Company","9507.T","495677000","11.9956","Japan"
"3355","Gree","3632.T","495547000","2.61757","Japan"
"3356","Coca-Cola Bottlers Japan","2579.T","495496000","24.6755","Japan"
"3357","Nexity","NXI.PA","495104000","8.08464","France"
"3358","Vaudoise Assurances","VAHN.SW","494686000","955.378","Switzerland"
"3359","Hosiden Corporation","6804.T","494277000","17.0425","Japan"
"3360","DLF","DLF.NS","494016000","7.13144","India"
"3361","UGI Corporation","UGI","494000000","38.19","United States"
"3362","Orica","ORI.AX","493621000","15.9585","Australia"
"3363","Peabody Energy","BTU","492500000","27.9","United States"
"3364","Belite Bio","BLTE","492422000","158.87","United States"
"3365","Elkem","ELK.OL","492094000","3.61936","Norway"
"3366","Kanadevia Corporation","7004.T","491938000","7.55769","Japan"
"3367","Vor Biopharma","VOR","491525000","22.71","United States"
"3368","Canadian Natural Resources","CNQ","491431000","50.68","Canada"
"3369","Glanbia plc","GL9.IR","491200000","26.2765","Ireland"
"3370","Kongsberg Gruppen","KOG.OL","490378000","33.7664","Norway"
"3371","The Japan Steel Works","5631.T","490374000","48.1708","Japan"
"3372","Kewpie Corporation","2809.T","489366000","29.8039","Japan"
"3373","CIR S.p.A. - Compagnie Industriali Riunite","CIR.MI","489070000","0.837025","Italy"
"3374","Thomson Reuters","TRI","489000000","108.62","Canada"
"3375","Cohu","COHU","488700000","51.3","United States"
"3376","Jindal Poly Films","JINDALPOLY.NS","488324000","6.72866","India"
"3377","Merit Medical","MMSI","488080000","90.28","United States"
"3378","Uranium Energy","UEC","488053000","12.51","United States"
"3379","United International Holding Company","4083.SR","487984000","8.43277","Saudi Arabia"
"3380","Kulicke and Soffa Industries","KLIC","487864000","83.51","Singapore"
"3381","Nippon Kayaku","4272.T","487767000","12.9811","Japan"
"3382","UACJ Corporation","5741.T","487473000","14.8203","Japan"
"3383","Southwest Gas","SWX","484752000","89.57","United States"
"3384","AU Small Finance Bank","AUBANK.NS","484599000","11.8525","India"
"3385","Inabata &amp; Co.,Ltd.","8098.T","484528000","26.5837","Japan"
"3386","Compass","COMP","484000000","11.55","United States"
"3387","Indraprastha Gas","IGL.NS","483533000","1.55355","India"
"3388","Paramount Resources","POU.TO","482993000","23.3422","Canada"
"3389","Baycurrent","6532.T","482763000","49.0245","Japan"
"3390","Deutsche EuroShop","DEQ.F","482722000","21.1238","Germany"
"3391","WiMi Hologram Cloud","WIMI","482668000","1.4","China"
"3392","B2Gold","BTG","482059000","5.72","Canada"
"3393","Littelfuse","LFUS","481976000","403.37","United States"
"3394","Hutchison Telecommunications Hong Kong Holdings","0215.HK","481579000","0.14607","Hong Kong"
"3395","Metso","METSO.HE","481487000","21.1471","Finland"
"3396","Sumco Corporation","3436.T","481392000","22.2399","Japan"
"3397","Ametek","AME","481250000","242.33","United States"
"3398","Huagong Tech","000988.SZ","481181000","15.6598","China"
"3399","Mallinckrodt Pharmaceuticals","MNK","480600000","0.3402","United Kingdom"
"3400","Insulet","PODD","480400000","145.42","United States"
"3401","Qatar Fuel Company (WOQOD)","QFLS.QA","480262000","3.52473","Qatar"
"3402","VICI Properties","VICI","480206000","26.78","United States"
"3403","Air Water Inc.","4088.T","480044000","15.6991","Japan"
"3404","Scholar Rock Holding","SRRK","479944000","58.2","United States"
"3405","Vishay Intertechnology","VSH","479548000","30.43","United States"
"3406","NH Foods (Nipponham)","2282.T","479357000","40.2177","Japan"
"3407","BASSAC","BASS.PA","479308000","50.478","France"
"3408","Astrana Health","ASTH","478383000","38.11","United States"
"3409","CapitaLand Ascott Trust","HMN.SI","478332000","0.676579","Singapore"
"3410","TVS Motor","TVSMOTOR.NS","477668000","46.0234","India"
"3411","Box, Inc.","BOX","477043000","33.47","United States"
"3412","Dana Incorporated","DAN","477000000","30.15","United States"
"3413","Rapport Therapeutics","RAPP","476782000","49.33","United States"
"3414","Rorze Corporation","6323.T","476438000","25.4789","Japan"
"3415","Vistry Group","VTY.L","476335000","4.24524","United Kingdom"
"3416","Hagerty","HGTY","476320000","13.4","United States"
"3417","Vir Biotechnology","VIR","476299000","9.91","United States"
"3418","Parker-Hannifin","PH","476000000","1014.24","United States"
"3419","Aramark","ARMK","475722000","59.28","United States"
"3420","John Wood Group","WG.L","475400000","0.399424","United Kingdom"
"3421","Sun Hung Kai &amp; Co.","0086.HK","475250000","0.526873","Hong Kong"
"3422","KONE","KNEBV.HE","474890000","61.2963","Finland"
"3423","Hyundai Autoever Corporation","307950.KS","474800000","329.318","South Korea"
"3424","Isetan Mitsukoshi Holdings","3099.T","474672000","22.0391","Japan"
"3425","Perfect World Entertainment","002624.SZ","474365000","1.63188","China"
"3426","Installed Building Products","IBP","474300000","244.89","United States"
"3427","Makino Milling Machine","6135.T","474060000","96.2287","Japan"
"3428","Pegasystems","PEGA","473954000","34.28","United States"
"3429","Asahi Group","2502.T","473950000","10.5958","Japan"
"3430","Planet Fitness","PLNT","473806000","53.86","United States"
"3431","Frasers Group","FRAS.L","473465000","11.2149","United Kingdom"
"3432","Nabtesco Corporation","6268.T","473458000","28.5924","Japan"
"3433","Carter's","CRI","473435000","34.33","United States"
"3434","Judo Capital Holdings","JDO.AX","473111000","0.736767","Australia"
"3435","Evercore","EVR","473066000","290.11","United States"
"3436","Shift4 Payments","FOUR","473000000","48","United States"
"3437","Oji Holdings","3861.T","472786000","5.4561","Japan"
"3438","Aris Mining","ARIS","472082000","20.81","Canada"
"3439","Smiths Group","SMIN.L","471956000","35.9649","United Kingdom"
"3440","Jupiter Fund Management","JUP.L","471756000","2.35406","United Kingdom"
"3441","Entain","ENT.L","471756000","7.35372","Isle of Man"
"3442","Frontline","FRO","471672000","44.05","Bermuda"
"3443","Qualys","QLYS","471347000","178.46","United States"
"3444","Mutares","MUX.DE","471186000","31.0096","Germany"
"3445","Jollibee","JBFCF","471137000","2.58","Philippines"
"3446","Nissan Shatai","7222.T","471109000","5.96329","Japan"
"3447","NGEx Minerals","NGEX.TO","471091000","20.9755","Canada"
"3448","AIA Engineering","AIAENG.NS","470828000","44.6212","India"
"3449","Veidekke","VEI.OL","470730000","21.8558","Norway"
"3450","Caisse Régionale de Crédit Agricole Mutuel Sud Rhône Alpes","CRSU.PA","470280000","272.791","France"
"3451","Singapore Post","S08.SI","470135000","0.259618","Singapore"
"3452","NMI Holdings","NMIH","469851000","45.47","United States"
"3453","Iren","IRE.MI","469487000","2.9191","Italy"
"3454","McDonald's Japan","2702.T","469411000","51.3471","Japan"
"3455","Huya","HUYA","469247000","2.15","China"
"3456","Artea Bankas","ROE1L.VS","468825000","1.05153","Lithuania"
"3457","Tofaş Türk Otomobil Fabrikası","TOASO.IS","468427000","5.66629","Turkey"
"3458","Emirates Investment Bank","EIBANK.AE","468254000","15.2468","United Arab Emirates"
"3459","Suzhou TFC Optical Communication","300394.SZ","468175000","38.2458","China"
"3460","Kiniksa Pharmaceuticals","KNSA","468093000","79.38","Bermuda"
"3461","Elis","ELIS.PA","467660000","28.6547","France"
"3462","Verallia","VRLA.PA","467307000","22.5927","France"
"3463","Air Lease Corporation","AL","466410000","65","United States"
"3464","COMPASS Pathways","CMPS","466010000","14.2","United Kingdom"
"3465","Shaftesbury Capital","SHC.L","465830000","2.05445","United Kingdom"
"3466","Howden Joinery","HWDN.L","463945000","10.8984","United Kingdom"
"3467","Coles Group","COL.AX","463755000","16.9886","Australia"
"3468","CP Axtra","CPAXT.BK","462900000","0.452046","Thailand"
"3469","Enel Chile","ENIC","462700000","4.53","Chile"
"3470","Kumho Tire","073240.KS","462477000","5.05532","South Korea"
"3471","Insurance Australia Group","IAG.AX","462439000","5.62232","Australia"
"3472","Tata Consumer Products","TATACONSUM.NS","462101000","11.0647","India"
"3473","CJ ENM CO., Ltd.","035760.KQ","462083000","23.5433","South Korea"
"3474","POSCO Future M","003670.KS","462054000","121.183","South Korea"
"3475","Waters Corporation","WAT","462000000","410.75","United States"
"3476","TransMedics Group","TMDX","461739000","93.6","United States"
"3477","Indian Hotels Company","INDHOTEL.NS","461562000","7.62982","India"
"3478","Takara Holdings","2531.T","461543000","13.6967","Japan"
"3479","Yodogawa Steel Works","5451.T","461391000","8.90727","Japan"
"3480","Telekom Malaysia","4863.KL","459508000","1.94482","Malaysia"
"3481","Prime Focus","PFOCUS.NS","459394000","3.16895","India"
"3482","Misto Holdings (Fila)","081660.KS","458875000","30.1875","South Korea"
"3483","Shanghai Allist Pharmaceuticals","688578.SS","458184000","16.9585","China"
"3484","Chimera Investment Corporation","CIM","458107000","11.62","United States"
"3485","Telkom SA","TKG.JO","457925000","3.35596","South Africa"
"3486","Life360","LIF","457295000","44.3","United States"
"3487","Leidos","LDOS","457000000","138.43","United States"
"3488","Mitsubishi Logistics","9301.T","456511000","9.57579","Japan"
"3489","Noble Corporation","NE","456208000","45.98","United Kingdom"
"3490","Customers Bancorp","CUBI","455806000","78.99","United States"
"3491","Hankyu Hanshin Holdings","9042.T","455773000","29.942","Japan"
"3492","Natura Cosméticos S.A.","NATU3.SA","455763000","1.60176","Brazil"
"3493","Tate &amp; Lyle","TATE.L","455569000","7.55398","United Kingdom"
"3494","RadNet","RDNT","455339000","74.69","United States"
"3495","Gjensidige Forsikring","GJF.OL","455247000","30.2437","Norway"
"3496","Standard BioTools","LAB","455176000","0.65","United States"
"3497","Philip Morris ČR","TABAK.PR","454989000","902.139","Czech Republic"
"3498","BGF Retail","282330.KS","454811000","104.934","South Korea"
"3499","New Hope Corporation","NHC.AX","454720000","4.20601","Australia"
"3500","Fox-Wizel","FOX.TA","454506000","100.863","Israel"
"3501","Marriott International","MAR","454000000","360.2","United States"
"3502","Lightspeed Commerce","LSPD","453906000","10.56","Canada"
"3503","General Mills","GIS","453800000","40.92","United States"
"3504","Tokyo Ohka Kogyo Co., Ltd.","4186.T","453684000","54.7932","Japan"
"3505","B&M European Value Retail","BME.L","452920000","3.34037","Luxembourg"
"3506","Hawaiian Electric Industries","HE","452840000","11.41","United States"
"3507","Compagnie Financière Tradition","CFT.SW","452769000","320.325","Switzerland"
"3508","Melisron","MLSR.TA","452658000","135.928","Israel"
"3509","Penta-Ocean Construction","1893.T","452576000","8.99829","Japan"
"3510","Enliven Therapeutics","ELVN","452401000","61.15","United States"
"3511","Gruma (Maseca)","GRUMAB.MX","452305000","14.8677","Mexico"
"3512","Visional, Inc.","4194.T","451557000","58.8608","Japan"
"3513","KOBAYASHI Pharmaceutical","4967.T","451459000","35.6542","Japan"
"3514","Celldex Therapeutics","CLDX","451458000","40.57","United States"
"3515","Herbalife","HLF","451200000","12.58","United States"
"3516","Pidilite","PIDILITIND.NS","450983000","17.2145","India"
"3517","Daily Journal","DJCO","450687000","607.26","United States"
"3518","Altarea","ALTA.PA","450509000","115.178","France"
"3519","Arcellx","ACLX","450334000","115.07","United States"
"3520","Pearson","PSO","449197000","16.64","United Kingdom"
"3521","SM Energy","SM","449000000","36.46","United States"
"3522","ST Engineering","S63.SI","448974000","8.42577","Singapore"
"3523","Varun Beverages","VBL.NS","447825000","4.54811","India"
"3524","SHIFT UP","462870.KS","447731000","23.1461","South Korea"
"3525","Aurelius Group","AR4.DE","447606000","19.24","Germany"
"3526","Furukawa Electric","5801.T","447550000","25.1086","Japan"
"3527","The Company for Cooperative Insurance","8010.SR","447454000","37.6358","Saudi Arabia"
"3528","Fuji Electric","6504.T","447291000","87.9429","Japan"
"3529","Elecom","6750.T","446995000","12.4601","Japan"
"3530","Veradigm","MDRX","446593000","4.74","United States"
"3531","National Investments Company (Kuwait)","NINV.KW","445904000","873.818","Kuwait"
"3532","Sofina","SOF.VI","445262000","283.982","Belgium"
"3533","Informa plc","INF.L","445091000","12.1872","United Kingdom"
"3534","Dialog Group","7277.KL","445046000","0.489917","Malaysia"
"3535","Xencor","XNCR","444950000","28.995","United States"
"3536","Sundrug","9989.T","444718000","23.5519","Japan"
"3537","Korea Aerospace Industries","047810.KS","444633000","94.5345","South Korea"
"3538","Air Astana","7YH.F","444217000","5.7356","Kazakhstan"
"3539","AvePoint","AVPT","444135000","13.24","United States"
"3540","PagerDuty","PD","443957000","12.4","United States"
"3541","St. James's Place","STJ.L","443879000","16.3953","United Kingdom"
"3542","Interpump Group","IP.MI","443815000","44.0429","Italy"
"3543","Infleqtion","INFQ","443540000","13.05","United States"
"3544","Nurix Therapeutics","NRIX","443529000","26.27","United States"
"3545","Intertek","ITRK.L","443340000","79.6948","United Kingdom"
"3546","Sonic Healthcare","SHL.AX","443213000","14.6209","Australia"
"3547","Harmony Gold","HMY","443159000","22.81","South Africa"
"3548","Bénéteau","BEN.PA","443057000","6.99464","France"
"3549","Sprinklr","CXM","442808000","7.43","United States"
"3550","Entegris","ENTG","442700000","138.25","United States"
"3551","Hammerson Plc","HMSO.L","442397000","5.12499","United Kingdom"
"3552","Atkore","ATKR","442336000","93.49","United States"
"3553","Independent Petroleum Group K.S.C.P.","IPG.KW","442125000","2314.97","Kuwait"
"3554","Global Business Travel Group","GBTG","442000000","9.48","United States"
"3555","INWIT","INW.MI","441860000","7.19865","Italy"
"3556","Granite Construction","GVA","441762000","123.14","United States"
"3557","Pennon Group","PNN.L","441398000","6.30747","United Kingdom"
"3558","Sukoon Insurance","SUKOON.AE","441188000","1.63359","United Arab Emirates"
"3559","Day One Biopharmaceuticals","DAWN","441113000","21.53","United States"
"3560","Bumrungrad Hospital","BH.BK","441103000","6.20037","Thailand"
"3561","Northpointe Bancshares","NPB","440751000","17.11","United States"
"3562","TORIDOLL Holdings Corporation","3397.T","440714000","27.042","Japan"
"3563","Insight Enterprises","NSIT","440626000","145.29","United States"
"3564","DIC Corporation","4631.T","440558000","31.9821","Japan"
"3565","Recordati","REC.MI","440359000","61.4945","Italy"
"3566","Penguin Solutions","PENG","440301000","50.68","United States"
"3567","MBX Biosciences","MBX","439977000","66.39","United States"
"3568","Nano Dimension","NNDM","439778000","1.54","United States"
"3569","Central Retail Corporation","CRC.BK","439767000","0.862859","Thailand"
"3570","SIA Engineering Company","S59.SI","439731000","2.4939","Singapore"
"3571","Applied Optoelectronics","AAOI","439705000","107.63","United States"
"3572","Steris","STE","439600000","237.87","Ireland"
"3573","WISeKey International","WKEY","439276000","6.31","Switzerland"
"3574","PTC","PTC","439112000","154.31","United States"
"3575","Surgutneftegas","SNGS.ME","439106000","0.18","Russia"
"3576","Veracyte","VCYT","439060000","41.47","United States"
"3577","Salik Company","SALIK.AE","438924000","1.42394","United Arab Emirates"
"3578","Silicon Labs","SLAB","438856000","218.08","United States"
"3579","Charoen Pokphand Indonesia","CPIN.JK","438835000","0.170573","Indonesia"
"3580","Ezaki Glico Co., Ltd.","2206.T","438781000","32.6035","Japan"
"3581","EnerSys","ENS","438675000","187.49","United States"
"3582","Kornit Digital","KRNT","438544000","16.475","Israel"
"3583","Resideo Technologies","REZI","438000000","19.28","United States"
"3584","Super Group","SGHC","438000000","13.99","Guernsey"
"3585","ZOZO","3092.T","437738000","7.20931","Japan"
"3586","Meiji Holdings","2269.T","436685000","27.6885","Japan"
"3587","Saizeriya","7581.T","436389000","45.886","Japan"
"3588","Jones Lang LaSalle","JLL","436200000","387.21","United States"
"3589","Kanamoto","9678.T","435972000","34.5871","Japan"
"3590","Hualu Hengsheng","600426.SS","435911000","2.96922","China"
"3591","FNM S.p.A.","FNM.MI","435757000","0.53101","Italy"
"3592","Adani Green Energy","ADANIGREEN.NS","435688000","13.8397","India"
"3593","Silgan Holdings","SLGN","435429000","42.5","United States"
"3594","Dream Finders Homes","DFH","435375000","14.76","United States"
"3595","Mitsubishi Gas Chemical Company","4182.T","434900000","24.0478","Japan"
"3596","Kyoei Steel","5440.T","434780000","12.7112","Japan"
"3597","Polycab India","POLYCAB.NS","434543000","94.6871","India"
"3598","Mivne Real Estate (K.D)","MVNE.TA","434493000","4.25983","Israel"
"3599","Food &amp; Life Companies","3563.T","434282000","35.7484","Japan"
"3600","MFA Financial","MFA","434086000","8.94","United States"
"3601","Daicel Corporation","4202.T","433923000","9.1615","Japan"
"3602","Sichuan Chuantou Energy","600674.SS","433802000","2.31171","China"
"3603","Kunlun Tech","300418.SZ","433682000","5.99795","China"
"3604","Canadian Utilities","CU.TO","433003000","37.8022","Canada"
"3605","NCR Atleos Corporation","NATL","433000000","46.49","United States"
"3606","Eve Holding, Inc.","EVEX","432572000","2.48","United States"
"3607","Biocon","BIOCON.NS","432436000","4.33863","India"
"3608","Almarai","2280.SR","432238000","12.8969","Saudi Arabia"
"3609","Antin Infrastructure Partners","ANTIN.PA","432209000","10.5736","France"
"3610","Novocure","NVCR","432004000","16.76","Jersey"
"3611","Pharmaron Beijing","300759.SZ","431803000","6.90537","China"
"3612","Douglas Group","DOU.DE","431371000","9.29121","Germany"
"3613","Bechtle","BC8.F","431291000","41.4316","Germany"
"3614","Tokyo Metro","9023.T","430574000","9.3247","Japan"
"3615","TV Asahi Holdings Corporation","9409.T","430322000","19.7416","Japan"
"3616","JVCKENWOOD Corporation","6632.T","430196000","6.36503","Japan"
"3617","Multi Commodity Exchange","MCX.NS","430183000","34.2399","India"
"3618","iFLYTEK","002230.SZ","430059000","5.85365","China"
"3619","Électricite de Strasbourg","ELEC.PA","429996000","197.016","France"
"3620","Vizsla Silver","VZLA","429898000","3.93","Canada"
"3621","Thai Union Group","TU.BK","429429000","0.397068","Thailand"
"3622","Voyager Technologies","VOYG","429361000","35.5","United States"
"3623","POET Technologies","POET","429136000","7.75","Canada"
"3624","Cellebrite","CLBT","429068000","11.49","Israel"
"3625","Kohl's","KSS","429000000","18.3","United States"
"3626","BML, Inc.","4694.T","428991000","22.943","Japan"
"3627","Mallplaza","MALLPLAZA.SN","428968000","4.45105","Chile"
"3628","MIRAIT ONE Corporation","1417.T","428777000","22.5475","Japan"
"3629","Tube Investments of India","TIINDIA.NS","428415000","30.0805","India"
"3630","Wealthfront Corporation","WLTH","428208000","9.37","United States"
"3631","Elanco","ELAN","428000000","24.42","United States"
"3632","Amentum","AMTM","428000000","20.06","United States"
"3633","SEALSQ","LAES","427689000","2.48","Switzerland"
"3634","Avient","AVNT","427600000","44.42","United States"
"3635","Duc Giang Chemicals Group","DGC.VN","427583000","1.71748","Vietnam"
"3636","Osisko Development","ODV","427455000","2.27","Canada"
"3637","Link REIT","0823.HK","427383000","5.00338","Hong Kong"
"3638","Orla Mining","ORLA","427349000","9.44","Canada"
"3639","Bic Camera Inc.","3048.T","427231000","11.324","Japan"
"3640","Garden Reach Shipbuilders & Engineers Limited","GRSE.NS","426678000","27.249","India"
"3641","Kuwait Real Estate Company (AQARAT)","KRE.KW","426103000","1167.26","Kuwait"
"3642","Stockland","SGP.AX","425602000","3.34049","Australia"
"3643","Ottogi","007310.KS","425487000","239.405","South Korea"
"3644","Medical Properties Trust","MPT","425001000","4.12","United States"
"3645","The National Agricultural Development Company","6010.SR","424766000","3.92872","Saudi Arabia"
"3646","Asana","ASAN","424640000","9.76","United States"
"3647","Zimmer Biomet","ZBH","424200000","100.98","United States"
"3648","Allied Gold Corporation","AAUC.TO","424200000","23.3062","Canada"
"3649","Asmodee Group AB","ASMDEE-B.ST","424079000","16.2815","Sweden"
"3650","Keikyu Corporation","9006.T","424054000","9.95556","Japan"
"3651","Ryman Hospitality Properties","RHP","424021000","131.13","United States"
"3652","Prosperity Bancshares","PB","423832000","72.75","United States"
"3653","Kurita Water Industries Ltd.","6370.T","423688000","50.8198","Japan"
"3654","Maruwa","5344.T","423669000","338.401","Japan"
"3655","Rockwell Automation","ROK","423000000","429.69","United States"
"3656","Silvercorp Metals","SVM","422335000","12.65","Canada"
"3657","Collegium Pharmaceutical","COLL","421753000","27.35","United States"
"3658","ServiceTitan","TTAN","421531000","95.635","United States"
"3659","Lithia Motors","LAD","421300000","368.55","United States"
"3660","Mueller Water Products","MWA","421000000","25.15","United States"
"3661","Navios Maritime Partners","NMM","420999000","89.72","Monaco"
"3662","SS&C Technologies","SSNC","420900000","83.54","United States"
"3663","Cummins India","CUMMINSIND.NS","420833000","54.5136","India"
"3664","Wesfarmers","WES.AX","419682000","59.1488","Australia"
"3665","Rashtriya Chemicals and Fertilizers","RCF.NS","419543000","1.30488","India"
"3666","Privia Health Group","PRVA","419524000","21.02","United States"
"3667","(DIA) Distribuidora Internacional de Alimentación","DIA.MC","419495000","45.4069","Spain"
"3668","NioCorp Developments","NB","419196000","4.25","United States"
"3669","Yunnan Energy New Material","002812.SZ","419069000","8.00173","China"
"3670","Alexandria Real Estate Equities","ARE","418720000","54.04","United States"
"3671","EVN Group","EVN.F","418523000","33.1079","Austria"
"3672","BE Semiconductor","BESI.AS","418336000","234.437","Netherlands"
"3673","Rigetti Computing","RGTI","418246000","16.37","United States"
"3674","Far East Consortium International","0035.HK","418055000","0.0841976","Hong Kong"
"3675","Ingles Markets","IMKTA","418002000","85.45","United States"
"3676","Lai Sun Development Company","0488.HK","417916000","0.0854734","Hong Kong"
"3677","Seibu Holdings","9024.T","417785000","21.3549","Japan"
"3678","Bystronic AG","BYS.SW","417709000","171.172","Switzerland"
"3679","MARAFIQ (The Power and Water Utility Company for Jubail and Yanbu)","2083.SR","417521000","11.7462","Saudi Arabia"
"3680","Takara Standard","7981.T","417238000","19.5533","Japan"
"3681","China Jushi Co., Ltd.","600176.SS","416702000","5.91911","China"
"3682","Titan Company","TITAN.NS","416648000","53.3925","India"
"3683","MVV Energie","MVV1.F","416594000","35.0898","Germany"
"3684","Konoike Transport","9025.T","415351000","18.3732","Japan"
"3685","Partners Group","PGHN.SW","415309000","897.906","Switzerland"
"3686","Fukuda Denshi","6960.T","414456000","74.3214","Japan"
"3687","Saudi Real Estate Company (Al Akaria)","4020.SR","414180000","4.17377","Saudi Arabia"
"3688","Electra","ELTR.TA","413985000","35.6319","Israel"
"3689","NS United Kaiun Kaisha","9110.T","413832000","65.7217","Japan"
"3690","Baozun","BZUN","413725000","2.82","China"
"3691","Urban Outfitters","URBN","413342000","76.05","United States"
"3692","Ultragenyx Pharmaceutical","RARE","413000000","25.72","United States"
"3693","Core Natural Resources","CNR","412708000","96.21","United States"
"3694","Yaskawa","6506.T","412632000","31.1723","Japan"
"3695","NH Hotel Group","NHH.MC","412556000","7.53012","Spain"
"3696","FTAI Aviation","FTAI","412240000","198.42","United States"
"3697","Canadian National Railway","CNI","412144000","127.4","Canada"
"3698","Acuity Brands","AYI","411900000","336.59","United States"
"3699","Oracle Corp Japan","4716.T","411632000","58.1892","Japan"
"3700","SIG Combibloc","SIGN.SW","411625000","17.3287","Switzerland"
"3701","PC Connection","CNXN","411448000","76.71","United States"
"3702","DigitalBridge Group","DBRG","411327000","15.98","United States"
"3703","Acom","8572.T","411184000","3.08082","Japan"
"3704","BayWa","BYW.F","411019000","10.049","Germany"
"3705","Landstar System","LSTR","410952000","179.92","United States"
"3706","ePlus","PLUS","410769000","86.26","United States"
"3707","Eos Energy Enterprises","EOSE","410660000","3.46","United States"
"3708","Nippon Seiki","7287.T","410527000","16.2829","Japan"
"3709","Kossan Rubber Industries","7153.KL","410440000","0.272176","Malaysia"
"3710","VietJet Aviation","VJC.VN","410254000","4.76463","Vietnam"
"3711","Gravity Co.","GRVY","410096000","72.29","South Korea"
"3712","TTM Technologies","TTMI","410049000","107.12","United States"
"3713","JX Advanced Metals","5016.T","409448000","23.9787","Japan"
"3714","Lendlease","LLC.AX","408499000","2.09585","Australia"
"3715","Gaztransport & Technigaz","GTT.PA","407749000","238.983","France"
"3716","Honeywell Automation India","HONAUT.NS","407052000","383.868","India"
"3717","Drax Group","DRX.L","406844000","10.1764","United Kingdom"
"3718","ITV plc","ITV.L","406709000","0.986799","United Kingdom"
"3719","RHI Magnesita","RHF.F","406456000","37.6545","Austria"
"3720","KWS","KWS.F","406023000","87.1998","Germany"
"3721","Daido Steel","5471.T","405779000","14.2868","Japan"
"3722","Itochu Enex","8133.T","405773000","14.1173","Japan"
"3723","GS Yuasa Corporation","6674.T","405489000","33.6267","Japan"
"3724","Apellis Pharmaceuticals","APLS","405207000","41.03","United States"
"3725","Capital Tankers Corp.","CAPT.OL","404925000","16.7071","Greece"
"3726","Mirion Technologies","MIR","404900000","14.68","United States"
"3727","Synaptics","SYNA","404400000","93.68","United States"
"3728","Diodes Incorporated","DIOD","404250000","89.75","United States"
"3729","Vicor","VICR","404245000","189.99","United States"
"3730","Alerion Clean Power","ARN.MI","404073000","22.5927","Italy"
"3731","PSEG","PEG","404000000","73.53","United States"
"3732","Denison Mines","DNN","403796000","3.54","Canada"
"3733","CryoPort","CYRX","403634000","16.34","United States"
"3734","Container Corporation of India","CONCOR.NS","403492000","5.38397","India"
"3735","HD Hyundai Marine Solution","443060.KS","403420000","150.215","South Korea"
"3736","Otter Tail","OTTR","403241000","92.05","United States"
"3737","CAVA Group","CAVA","402960000","71.93","United States"
"3738","Eventbrite","EB","402769000","4.51","United States"
"3739","Soft-World International","5478.TWO","402022000","3.09932","Taiwan"
"3740","Campbell's","CPB","402000000","24.16","United States"
"3741","Gen Digital","GEN","402000000","29.11","United States"
"3742","Glacier Bancorp","GBCI","401995000","46.77","United States"
"3743","Taiheiyo Cement","5233.T","401812000","26.2887","Japan"
"3744","ATI Inc.","ATI","401700000","209.81","United States"
"3745","Nakanishi","7716.T","401491000","20.1183","Japan"
"3746","Colowide","7616.T","401289000","13.16","Japan"
"3747","Regal Rexnord","RRX","401000000","162.72","United States"
"3748","Energy Resources of Australia","ERA.AX","400791000","0.00143062","Australia"
"3749","Definity Financial","DFY.TO","400492000","53.4166","Canada"
"3750","Neurones","NRO.PA","400325000","43.3085","France"
"3751","Doshisha Co.","7483.T","400242000","18.8942","Japan"
"3752","TMBThanachart Bank (ttb)","TTB.BK","400227000","0.0879658","Thailand"
"3753","Aedas Homes","AEDAS.MC","400051000","26.1133","Spain"
"3754","BOC Aviation","2588.HK","399791000","9.33828","Singapore"
"3755","SM Entertainment","041510.KQ","399207000","52.0698","South Korea"
"3756","Schrödinger","SDGR","398959000","18.77","United States"
"3757","Assa Abloy","ASSA-B.ST","398631000","37.1938","Sweden"
"3758","Kemper","KMPR","398400000","27.66","United States"
"3759","KSB SE &amp; Co. KGaA","KSB.DE","397763000","1107.48","Germany"
"3760","CAE Inc.","CAE","397327000","24.74","Canada"
"3761","Star Bulk Carriers","SBLK","397042000","30.7","Greece"
"3762","West African Resources","WAF.AX","396522000","2.71817","Australia"
"3763","ES-CON JAPAN","8892.T","396477000","7.16223","Japan"
"3764","Covivio Hotels","COVH.PA","396471000","26.2299","France"
"3765","Jin Air","272450.KS","396057000","4.10925","South Korea"
"3766","EMEIS","EMEIS.PA","395992000","16.3092","France"
"3767","Nexa Resources","NEXA","395957000","15.22","Luxembourg"
"3768","ARE Holdings","5857.T","395481000","25.1714","Japan"
"3769","Gaotu Techedu","GOTU","395479000","1.69","China"
"3770","SEI Investments","SEIC","395242000","110.75","United States"
"3771","Hubbell","HUBB","394700000","466.76","United States"
"3772","Theravance Biopharma","TBPH","394666000","17.01","Cayman Islands"
"3773","G-III Apparel Group","GIII","394220000","33.8","United States"
"3774","Capstone Copper","CS.TO","394131000","11.9922","Canada"
"3775","Xinyi Glass Holdings","0868.HK","393667000","1.15389","Hong Kong"
"3776","ZipRecruiter","ZIP","393483000","4.54","United States"
"3777","Tecan","TECN.SW","393294000","240.711","Switzerland"
"3778","Quest Diagnostics","DGX","393000000","243.87","United States"
"3779","SG Micro","300661.SZ","392770000","17.0864","China"
"3780","HSC (Ho Chi Minh City Securities Corporation)","HCM.VN","392492000","1.00298","Vietnam"
"3781","Z.AI","2513.HK","392365000","135.099","China"
"3782","Terex","TEX","392000000","65.88","United States"
"3783","Iguatemi","IGTI3.SA","391555000","0.611579","Brazil"
"3784","Grenevia","GEA.WA","391354000","0.861864","Poland"
"3785","MDA Space","MDA","391285000","29.69","Canada"
"3786","IOI Corporation Berhad","1961.KL","391128000","1.19015","Malaysia"
"3787","ChipMOS Technologies","IMOS","390927000","54.49","Taiwan"
"3788","FMC Corporation","FMC","390900000","11.28","United States"
"3789","4D Molecular Therapeutics","FDMT","390892000","15.39","United States"
"3790","SailPoint","SAIL","390806000","18.13","United States"
"3791","Veradermics","MANE","390797000","98.46","United States"
"3792","TX Group","TXGN.SW","390426000","193.315","Switzerland"
"3793","Fuchs Petrolub","FPE.F","390051000","40.5106","Germany"
"3794","Randstad","RAND.AS","390051000","46.2112","Netherlands"
"3795","Arbor Realty Trust","ABR","389651000","5.25","United States"
"3796","Gulf International Services","GISS.QA","389616000","0.448901","Qatar"
"3797","Flex LNG","FLNG","389068000","31.85","Bermuda"
"3798","AB Ignitis grupe","IGN1L.VS","389009000","25.8219","Lithuania"
"3799","Amano Corporation","6436.T","388992000","24.7508","Japan"
"3800","Novanta","NOVT","388799000","139.48","United States"
"3801","Tarsus Pharmaceuticals","TARS","388732000","72.81","United States"
"3802","Pathward Financial","CASH","388038000","82.99","United States"
"3803","Masco","MAS","388000000","73.21","United States"
"3804","F&amp;F Co","383220.KS","387887000","45.3534","South Korea"
"3805","Exail Technologies","EXA.PA","387872000","145.022","France"
"3806","Braze","BRZE","387521000","31.44","United States"
"3807","Fluence Energy","FLNC","387299000","10.86","United States"
"3808","LiveRamp","RAMP","387047000","37.63","United States"
"3809","Jabal Omar Development","4250.SR","386820000","5.06872","Saudi Arabia"
"3810","Heiwa Corporation","6412.T","386728000","14.0671","Japan"
"3811","Talos Energy","TALO","386367000","16.93","United States"
"3812","Mirum Pharmaceuticals","MIRM","386259000","96.72","United States"
"3813","Discovery Silver Corp.","DSV.TO","384935000","8.9689","Canada"
"3814","SOLV Energy","MWH","384911000","28.04","United States"
"3815","Jio Financial Services","JIOFIN.NS","384908000","2.53474","India"
"3816","Supernus Pharmaceuticals","SUPN","384241000","45.11","United States"
"3817","Nippon Shokubai","4114.T","384162000","16.5654","Japan"
"3818","Austal Limited","ASB.AX","384116000","3.04006","Australia"
"3819","Porto Seguro","PSSA3.SA","383848000","9.2397","Brazil"
"3820","Trupanion","TRUP","383661000","31.76","United States"
"3821","Topicus","TOI.V","383537000","74.8467","Canada"
"3822","Tyra Biosciences","TYRA","383466000","26.09","United States"
"3823","Veeco","VECO","383331000","46.76","United States"
"3824","BioAge Labs","BIOA","383194000","9.38","United States"
"3825","United States Lime &amp; Minerals","USLM","383165000","120.89","United States"
"3826","Roper Technologies","ROP","382900000","415.51","United States"
"3827","Molson Coors","TAP","382600000","42.99","United States"
"3828","Audax Renovables","ADX.MC","382453000","1.40825","Spain"
"3829","Taiwan Mobile","3045.TW","382183000","3.62319","Taiwan"
"3830","MSCI","MSCI","381700000","571.36","United States"
"3831","Freshpet","FRPT","381381000","76.55","United States"
"3832","Novonesis","NZYM.VI","381254000","70.0163","Denmark"
"3833","SBA Communications","SBAC","381125000","185.07","United States"
"3834","Hyosung Heavy Industries Corporation","298040.KS","380934000","1989.63","South Korea"
"3835","ImmunityBio","IBRX","380879000","7.58","United States"
"3836","Solid Biosciences","SLDB","380680000","9.16","United States"
"3837","Azenta","AZTA","380517000","32.88","United States"
"3838","Unisys","UIS","380200000","2.63","United States"
"3839","Tango Therapeutics","TNGX","379839000","24.51","United States"
"3840","Daiwa Industries","6459.T","379832000","10.6147","Japan"
"3841","Aica Kogyo Company","4206.T","379704000","25.8242","Japan"
"3842","Immofinanz","IMO1.F","379676000","18.0928","Austria"
"3843","Methanex","MEOH","379024000","59.07","Canada"
"3844","Nexstar Media Group","NXST","379000000","186.24","United States"
"3845","Q2","QTWO","378891000","64.18","United States"
"3846","Aurinia Pharmaceuticals","AUPH","378783000","16.57","Canada"
"3847","Murphy Oil","MUR","378753000","36","United States"
"3848","ID Logistics Group","IDL.PA","378702000","396.363","France"
"3849","Celestica","CLS","378000000","294.57","Canada"
"3850","Canon Electronics Inc.","7739.T","377820000","22.5062","Japan"
"3851","PUMA","PUM.DE","377551000","29.7156","Germany"
"3852","Taihan Cable & Solution Co., Ltd.","001440.KS","377486000","19.8602","South Korea"
"3853","MarketAxess","MKTX","377302000","162.46","United States"
"3854","Amanat Holdings","AMANAT.AE","377299000","0.394783","United Arab Emirates"
"3855","Descartes Systems Group","DSGX","376978000","78.47","Canada"
"3856","First National of Nebraska","FINN","376881000","19500","United States"
"3857","International Seaways","INSW","376847000","99.95","United States"
"3858","Qatar Aluminium Manufacturing Company","QAMC.QA","376645000","0.397253","Qatar"
"3859","Telesat","TSAT","376289000","42.17","Canada"
"3860","Affiliated Managers Group","AMG","376100000","358.94","United States"
"3861","Intellia Therapeutics","NTLA","375986000","12.56","United States"
"3862","Lodha Group","LODHA.NS","375539000","13.3424","India"
"3863","Aoyama Trading","8219.T","375289000","4.87107","Japan"
"3864","Watts Water Technologies","WTS","374700000","372.8","United States"
"3865","PI Industries","PIIND.NS","374683000","25.8803","India"
"3866","PetGas (Petronas Gas)","6033.KL","374631000","4.35482","Malaysia"
"3867","Keller Group","KLR.L","373715000","39.8338","United Kingdom"
"3868","Diebold Nixdorf","DBD","373600000","68.8","United States"
"3869","Realty Income","O","373543000","63.17","United States"
"3870","Ginkgo Bioworks","DNA","373456000","6.78","United States"
"3871","Definium Therapeutics","DFTX","373422000","43.27","United States"
"3872","FuelCell Energy","FCEL","373167000","18.75","United States"
"3873","Nextdoor","NXDR","373152000","2.37","United States"
"3874","Sumitomo Realty &amp; Development","8830.T","373139000","21.3549","Japan"
"3875","Ipsos","IPS.PA","373048000","46.491","France"
"3876","Boyd Gaming","BYD","372716000","81","United States"
"3877","Egypt Kuwait Holding Company","EKHOLDING.KW","372485000","685.921","Egypt"
"3878","Sportradar","SRAD","372443000","13.1","Switzerland"
"3879","Thor Industries","THO","371946000","79.42","United States"
"3880","South Plains Financial","SPFI","371939000","44","United States"
"3881","Osaka Gas","9532.T","371934000","35.265","Japan"
"3882","Voltalia","VLTSA.PA","371830000","7.86897","France"
"3883","PhosAgro","PHOR.ME","371806000","59.35","Russia"
"3884","Kalmar Oyj","KALMAR.HE","371648000","45.7449","Finland"
"3885","NovaGold Resources","NG","371429000","9.35","Canada"
"3886","Vail Resorts","MTN","371374000","150","United States"
"3887","Asia Financial Holdings","0662.HK","370628000","0.595762","Hong Kong"
"3888","Stellar Bancorp","STEL","370448000","39.32","United States"
"3889","Kaufman &amp; Broad","KOF.PA","369958000","29.086","France"
"3890","Kusuri No Aoki Holdings","3549.T","369814000","26.4331","Japan"
"3891","A10 Networks","ATEN","369762000","25.23","United States"
"3892","TFS Financial","TFSL","369564000","17.65","United States"
"3893","Coway","021240.KS","369508000","71.28","South Korea"
"3894","Tele2","TEL2-B.ST","369473000","17.8234","Sweden"
"3895","VisEra Technologies","6789.TW","369187000","13.1909","Taiwan"
"3896","Huntsman Corporation","HUN","369000000","9.6","United States"
"3897","C.Uyemura & Co.,Ltd.","4966.T","368737000","122.216","Japan"
"3898","Ubiquiti","UI","368658000","553.11","United States"
"3899","GOLDCREST Co.,Ltd.","8871.T","368416000","20.9971","Japan"
"3900","Seera Holding Group","1810.SR","368368000","5.64937","Saudi Arabia"
"3901","SJVN","SJVN.NS","368339000","0.689061","India"
"3902","Mitsui Mining &amp; Smelting","5706.T","367457000","177.832","Japan"
"3903","LeMaitre Vascular","LMAT","367233000","79.96","United States"
"3904","Gland Pharma","GLAND.NS","367211000","29.6207","India"
"3905","Alfamart","AMRT.JK","366914000","0.0799209","Indonesia"
"3906","Alpha Metallurgical Resources","AMR","366877000","209.93","United States"
"3907","Santam","SNT.JO","366767000","24.9209","South Africa"
"3908","Axcelis Technologies","ACLS","366600000","123.49","United States"
"3909","Takeuchi Mfg. Co., Ltd.","6432.T","366392000","47.3925","Japan"
"3910","TietoEVRY","TIETO.HE","365513000","22.3595","Finland"
"3911","China Longyuan Power Group","0916.HK","364783000","0.710577","China"
"3912","Quanta Services","PWR","364761000","616.78","United States"
"3913","Zymeworks","ZYME","364727000","28.77","Canada"
"3914","Aecon Group","ARE.TO","364419000","31.8277","Canada"
"3915","REX American Resources","REX","364308000","42.4","United States"
"3916","Hamilton Lane","HLNE","363896000","105.2","United States"
"3917","HUGO BOSS","BOSS.DE","363430000","44.5209","Germany"
"3918","Athens International Airport","AIA.AT","363212000","12.3222","Greece"
"3919","GigaCloud Technology","GCT","363209000","50.51","China"
"3920","Kuwait Insurance Company","KINS.KW","362925000","1499.84","Kuwait"
"3921","Jindal Stainless","JSL.NS","362281000","7.32421","India"
"3922","Forestar Group","FOR","362200000","28.9","United States"
"3923","IRSA Inversiones y Representaciones","IRS","362165000","15.08","Argentina"
"3924","The Lottery Corporation","TLC.AX","362123000","3.69099","Australia"
"3925","Primoris Services Corporation","PRIM","361500000","75.14","United States"
"3926","Meitetsu","9048.T","361277000","11.9831","Japan"
"3927","Syndax Pharmaceuticals","SNDX","361239000","19.57","United States"
"3928","Japan Petroleum Exploration","1662.T","361076000","11.732","Japan"
"3929","TMX Group","X.TO","360932000","38.6608","Canada"
"3930","Tenable","TENB","360261000","33.94","United States"
"3931","Almirall","ALM.MC","360189000","11.9841","Spain"
"3932","LuxExperience","LUXE","360069000","7.81","Germany"
"3933","MITSUI E&amp;S","7003.T","359789000","26.6026","Japan"
"3934","QLM Life &amp; Medical Insurance Company","QLMI.QA","359328000","0.576923","Qatar"
"3935","Sheng Siong Group","OV8.SI","358994000","2.5175","Singapore"
"3936","Origin Bancorp","OBK","358972000","53.22","United States"
"3937","Acacia Research","ACTG","358463000","4.51","United States"
"3938","Globalstar","GSAT","358448000","82.11","United States"
"3939","Amplifon","AMP.MI","358285000","13.8727","Italy"
"3940","Marui Group","8252.T","357980000","18.9695","Japan"
"3941","D'Ieteren Group","DIE.BR","357940000","206.109","Belgium"
"3942","MoonLake Immunotherapeutics","MLTX","357921000","15.37","Switzerland"
"3943","Udemy","UDMY","357819000","4.63","United States"
"3944","Damaan Islamic Insurance Company (Beema)","BEMA.QA","357346000","1.35989","Qatar"
"3945","Keel Infrastructure","KEEL","357277000","3.25","United States"
"3946","Douglas Emmett","DEI","357248000","11.95","United States"
"3947","Perrigo","PRGO","357200000","14.27","Ireland"
"3948","Arcadis","ARCAD.AS","357118000","51.2474","Netherlands"
"3949","ACNB Corporation","ACNB","357026000","64.44","United States"
"3950","Lojas Renner","LREN3.SA","356942000","2.06772","Brazil"
"3951","Kokusai Electric","6525.T","356560000","53.2867","Japan"
"3952","BKS Bank","BKS.VI","356287000","25.1807","Austria"
"3953","Fortive","FTV","356100000","60.46","United States"
"3954","OSG Corporation","6136.T","356096000","23.4012","Japan"
"3955","Accelleron Industries","ACLN.SW","355985000","93.7341","Switzerland"
"3956","Yiren Digital","YRD","355827000","1.09","China"
"3957","Capita plc","CPI.L","355669000","3.86761","United Kingdom"
"3958","Delhivery","DELHIVERY.NS","355561000","4.65416","India"
"3959","Savola Group","2050.SR","355538000","6.97315","Saudi Arabia"
"3960","Ourpalm","300315.SZ","355525000","0.580159","China"
"3961","Crane Company","CR","355400000","206.33","United States"
"3962","Ramaco Resources","METC","355205000","12.43","United States"
"3963","TechnoPro Holdings","6028.T","355139000","31.1589","Japan"
"3964","Bavarian Nordic","BAVA.CO","355071000","33.6774","Denmark"
"3965","Scentre Group","SCG.AX","354592000","2.5608","Australia"
"3966","EZCorp","EZPW","354175000","35.05","United States"
"3967","GAIL","GAIL.NS","353954000","1.81789","India"
"3968","Betsson AB","BETS-B.ST","353813000","9.94045","Sweden"
"3969","Ebro Foods","EBRO.MC","353657000","21.5668","Spain"
"3970","Canadian Tire","CTC.TO","353380000","155.17","Canada"
"3971","Winpak","WPK.TO","353307000","32.1163","Canada"
"3972","COLOPL","3668.T","353206000","2.73684","Japan"
"3973","RLJ Lodging Trust","RLJ","353084000","11.53","United States"
"3974","Saga","SAGA.L","352941000","9.33179","United Kingdom"
"3975","Independent Bank Corp.","INDB","352933000","83.48","United States"
"3976","Atlanticus","ATLC","352908000","95.15","United States"
"3977","Trulieve Cannabis","TRUL.CN","352880000","11.5854","United States"
"3978","Hanwha Systems","272210.KS","352832000","52.5031","South Korea"
"3979","Unipres Corporation","5949.T","352720000","8.4616","Japan"
"3980","Ellaktor","ELLAKTOR.AT","352643000","1.48753","Greece"
"3981","Pepkor","PPH.JO","352620000","1.25247","South Africa"
"3982","Hanmi Financial","HAFC","352421000","31.22","United States"
"3983","Maze Therapeutics","MAZE","352382000","29.6","United States"
"3984","Marcopolo","POMO4.SA","352061000","0.862036","Brazil"
"3985","Compañía de Acero del Pacífico","CAP.SN","351994000","5.91665","Chile"
"3986","Cullinan Therapeutics","CGEM","351885000","21.82","United States"
"3987","Adecco Group","ADEN.SW","351856000","29.8805","Switzerland"
"3988","East India Distilleries Parry","EIDPARRY.NS","351694000","8.46881","India"
"3989","Shenzhen New Industries Biomedical Engineering","300832.SZ","351506000","7.64768","China"
"3990","Dominion Energy","D","351000000","66.61","United States"
"3991","BlackBerry","BB","350900000","7.65","Canada"
"3992","Zhejiang Supor","002032.SZ","350898000","6.05745","China"
"3993","KLCC Property Holdings","5235SS.KL","350072000","2.15267","Malaysia"
"3994","COMSYS Holdings Corporation","1721.T","349580000","33.6141","Japan"
"3995","National Beverage","FIZZ","349543000","33.07","United States"
"3996","BigBear.ai","BBAI","349386000","3.07","United States"
"3997","Ermenegildo Zegna","ZGN","349241000","13.86","Italy"
"3998","Adler Group","ADJ.DE","348732000","0.000230787","Luxembourg"
"3999","Criteo","CRTO","348329000","17.09","France"
"4000","Groupe CRIT","CEN.PA","348303000","61.3197","France"
"4001","Biohaven","BHVN","347817000","13.68","United States"
"4002","Septerna","SEPN","347401000","40.52","United States"
"4003","CytomX Therapeutics","CTMX","346707000","3.29","United States"
"4004","Wing Tai Properties","0369.HK","346693000","0.251317","Hong Kong"
"4005","Tyler Technologies","TYL","346354000","355.79","United States"
"4006","Fuji Corporation","6134.T","346338000","45.3147","Japan"
"4007","MPC Container Ships","MPCC.OL","346302000","2.96315","Norway"
"4008","Divis Laboratories","DIVISLAB.NS","346154000","90.4399","India"
"4009","Auckland Airport","AIA.AX","345926000","5.15737","New Zealand"
"4010","OSI Systems","OSIS","345236000","204.05","United States"
"4011","Cathay Real Estate Development","2501.TW","345164000","0.718364","Taiwan"
"4012","Petro Rabigh","2380.SR","344992000","4.79704","Saudi Arabia"
"4013","Bankwell Financial Group","BWFG","344925000","66.51","United States"
"4014","Ayala Land","AYAAF","344807000","0.25","Philippines"
"4015","Timken Company","TKR","344700000","122.72","United States"
"4016","Jasa Marga","JSMR.JK","344657000","0.155888","Indonesia"
"4017","ARIAKE JAPAN","2815.T","344569000","34.1477","Japan"
"4018","Green Thumb Industries","GTII.CN","344512000","7.51136","United States"
"4019","Solaris Energy Infrastructure","SEI","344468000","53.53","United States"
"4020","Brixmor Property Group","BRX","344414000","29.58","United States"
"4021","Pattern Group","PTRN","344222000","21.48","United States"
"4022","Sealed Air","SEE","344000000","42.15","United States"
"4023","Indian Railway Catering & Tourism","IRCTC.NS","343701000","5.04232","India"
"4024","Stoke Therapeutics","STOK","343545000","32.32","United States"
"4025","Curtiss-Wright","CW","343447000","614.97","United States"
"4026","Hallmark Financial Services","HALL","343351000","0.08","United States"
"4027","China Resources Building Materials Technology","1313.HK","343287000","0.135227","Hong Kong"
"4028","QinetiQ","QQ.L","343266000","7.22703","United Kingdom"
"4029","Kissei Pharmaceutical","4547.T","343198000","25.5794","Japan"
"4030","SBI Life Insurance","SBILIFE.NS","343153000","18.3325","India"
"4031","Elekta AB","EKTA-B.ST","343093000","5.86745","Sweden"
"4032","Drägerwerk","DRW8.F","343086000","96.2928","Germany"
"4033","Mondi","MNDI.L","343021000","11.769","United Kingdom"
"4034","Ashland","ASH","343000000","73.71","United States"
"4035","Macnica Holdings","3132.T","342971000","21.5495","Japan"
"4036","Avio S.p.A.","AVIO.MI","342840000","35.8825","Italy"
"4037","Bangkok Airways","BA.BK","342777000","0.58033","Thailand"
"4038","Lapidoth Capital","LAPD.TA","342746000","26.7489","Israel"
"4039","Mitsui High-tec","6966.T","342654000","5.88797","Japan"
"4040","Aritzia","ATZ.TO","342071000","96.8973","Canada"
"4041","Bristow Group","VTOL","342069000","45.95","United States"
"4042","Asahi Intecc","7747.T","342043000","25.2592","Japan"
"4043","Autoliv","ALV","342000000","123.18","Sweden"
"4044","OPKO Health","OPK","341881000","1.48","United States"
"4045","Zee Entertainment","ZEEL.NS","341587000","1.09602","India"
"4046","Lionsgate Studios","LION","341500000","11.55","United States"
"4047","Umios (Maruha Nichiro Corporation)","1333.T","341413000","8.1854","Japan"
"4048","Meitav Investment House","MTAV.TA","341395000","36.7319","Israel"
"4049","Nemetschek","NEM.F","341316000","76.125","Germany"
"4050","Simpson Manufacturing Company","SSD","341005000","187.53","United States"
"4051","ACV Auctions","ACVA","340970000","7.47","United States"
"4052","Rhythm Pharmaceuticals","RYTM","340625000","111.44","United States"
"4053","Bitmine Immersion Technologies","BMNR","340289000","24.14","United States"
"4054","TriNet","TNET","340000000","69.6","United States"
"4055","Starwood Property Trust","STWD","339710000","16.29","United States"
"4056","Agora, Inc.","API","339689000","4.23","China"
"4057","Payoneer","PAYO","339365000","7.11","United States"
"4058","Mphasis","MPHASIS.NS","339338000","25.1949","India"
"4059","AMC Entertainment","AMC","339200000","2.67","United States"
"4060","Kuwait Telecommunications Company","STC.KW","339199000","1956.31","Kuwait"
"4061","Altareit","AREIT.PA","339144000","670.319","France"
"4062","Bombay Burmah","BBTC.NS","339047000","14.894","India"
"4063","Aspen Pharmacare","APN.JO","338851000","9.25807","South Africa"
"4064","Paymentus","PAY","338780000","39.94","United States"
"4065","E-L Financial","ELF.TO","338764000","12.7354","Canada"
"4066","Boise Cascade","BCC","338667000","82.24","United States"
"4067","Money Forward","3994.T","338360000","38.6045","Japan"
"4068","Erie Indemnity","ERIE","338349000","268.64","United States"
"4069","Corcept Therapeutics","CORT","338184000","123.24","United States"
"4070","GrainCorp","GNC.AX","338005000","4.24177","Australia"
"4071","Academy Sports + Outdoors","ASO","337810000","46.15","United States"
"4072","Idacorp","IDA","337765000","138.23","United States"
"4073","Accendra Health","ACH","336880000","1.16","United States"
"4074","O.Y. Nofar Energy","NOFR.TA","336551000","56.2977","Israel"
"4075","Aston Martin","AML.L","336545000","0.461277","United Kingdom"
"4076","Experian","EXPGF","336000000","40.44","Ireland"
"4077","Revolve Group","RVLV","335845000","23.96","United States"
"4078","Grenergy Renovables","GRE.MC","335252000","109","Spain"
"4079","Patterson-UTI Energy","PTEN","335104000","11.86","United States"
"4080","Fiserv","FISV","335000000","52.96","United States"
"4081","LKQ Corporation","LKQ","335000000","25.74","United States"
"4082","Okuma Corporation","6103.T","334307000","30.7894","Japan"
"4083","Daiichi Jitsugyo","8059.T","334262000","22.7547","Japan"
"4084","IndiaMART","INDIAMART.NS","333774000","18.3493","India"
"4085","Stanley Black &amp; Decker","SWK","333700000","98.51","United States"
"4086","Fulcrum Therapeutics","FULC","333316000","3.84","United States"
"4087","Monex Group","8698.T","332869000","4.63254","Japan"
"4088","nLIGHT","LASR","332594000","44.11","United States"
"4089","Regis Resources","RRL.AX","332513000","6.08727","Australia"
"4090","Zad Holding Company","ZHCD.QA","332500000","3.35165","Qatar"
"4091","Dynex Capital","DX","332035000","13.05","United States"
"4092","FleetPartners Group","FPR.AX","331925000","3.0329","Australia"
"4093","Strauss Group","STRS.TA","331886000","38.1318","Israel"
"4094","Mercury Systems","MRCY","331800000","89.59","United States"
"4095","Altimmune","ALT","331540000","3.11","United States"
"4096","Tekscend Photomask","429A.T","331311000","23.4765","Japan"
"4097","McCormick & Company","MKC","331200000","56.2","United States"
"4098","SD BioSensor","137310.KS","331000000","4.51368","South Korea"
"4099","HTC Corporation","2498.TW","330787000","1.27047","Taiwan"
"4100","First Financial Bankshares","FFIN","330678000","33.96","United States"
"4101","Rush Street Interactive","RSI","330557000","26.42","United States"
"4102","Fastly","FSLY","330489000","22.94","United States"
"4103","L&amp;T Technology Services","LTTS.NS","330387000","37.367","India"
"4104","Transocean","RIG","330000000","5.77","Switzerland"
"4105","Burckhardt Compression","BCHN.SW","329777000","629.455","Switzerland"
"4106","Prothena","PRTA","329462000","9.39","Ireland"
"4107","Tullow Oil","TLW.L","329200000","0.28092","United Kingdom"
"4108","Parabilis Medicines","PBLS","329039000","38.43","United States"
"4109","EquipmentShare.com","EQPT","329000000","18.76","United States"
"4110","Pediatrix Medical Group","MD","328974000","26.6","United States"
"4111","Apnimed, Inc.","APMD","328884000","25.63","United States"
"4112","MMG Limited","1208.HK","328600000","1.17494","Australia"
"4113","Nichirei Corporation","2871.T","328593000","13.6465","Japan"
"4114","Indosat","ISAT.JK","328548000","0.148546","Indonesia"
"4115","Richtech Robotics","RR","328494000","1.62","United States"
"4116","Ladder Capital","LADR","328440000","10.02","United States"
"4117","Diagnosticos da America (DASA)","DASA3.SA","328342000","0.51062","Brazil"
"4118","First Financial","THFF","328222000","79.61","United States"
"4119","United Spirits","UNITDSPR.BO","328183000","16.1425","India"
"4120","Leonardo DRS","DRS","328000000","39.01","United States"
"4121","PHINIA","PHIN","328000000","71.23","United States"
"4122","DOF Group","DOFG.OL","328000000","14.209","Norway"
"4123","Kakaku.com","2371.T","327881000","22.943","Japan"
"4124","Huhtamäki","HUH1V.HE","327782000","37.4913","Finland"
"4125","OFX Group","OFX.AX","327771000","0.586552","Australia"
"4126","Kinaxis","KXS.TO","327628000","130.017","Canada"
"4127","Grid Dynamics","GDYN","327468000","7.86","United States"
"4128","Dorian LPG","LPG","327409000","51.32","United States"
"4129","Arab Insurance Group","ARIG.BH","327105000","0.54","Bahrain"
"4130","Hingham Institution for Savings","HIFS","327028000","303.96","United States"
"4131","Nomad Foods","NOMD","326971000","12.1","United Kingdom"
"4132","naturenergie holding","NEAG.SW","326810000","37.9415","Switzerland"
"4133","EQT Corporation","EQT","326568000","53.79","United States"
"4134","ArriVent BioPharma","AVBP","326380000","28.26","United States"
"4135","Olaplex","OLPX","326169000","2.07","United States"
"4136","Zengame Technology","2660.HK","326068000","0.293416","China"
"4137","ANI Pharmaceuticals","ANIP","326061000","74.17","United States"
"4138","Sto SE &amp; Co. KGaA","STO3.DE","325382000","112.614","Germany"
"4139","Power Assets","0006.HK","325294000","7.7245","Hong Kong"
"4140","Webjet Limited","WEB.AX","325195000","2.66094","Australia"
"4141","Flywire","FLYW","325083000","19.42","United States"
"4142","Calbee, Inc.","2229.T","325062000","19.3964","Japan"
"4143","Clearway Energy","CWEN","325000000","32.28","United States"
"4144","Global Unichip Corp.","3443.TW","324984000","174.729","Taiwan"
"4145","Benchmark Electronics","BHE","324908000","71.72","United States"
"4146","AMAG Austria Metall","AM8.F","324846000","32.1753","Austria"
"4147","Insignia Financial (IOOF)","IFL.AX","324690000","3.35975","Australia"
"4148","Estun Automation","002747.SZ","324655000","4.71267","China"
"4149","Nahdi Medical Company","4164.SR","324460000","25.0506","Saudi Arabia"
"4150","Renishaw","RSW.L","324399000","69.75","United Kingdom"
"4151","Reliance Infrastructure","RELINFRA.NS","324385000","0.642357","India"
"4152","S4 Capital","SFOR.L","324290000","0.64437","United Kingdom"
"4153","SYNLAB","SYAB.VI","324287000","15.049","Germany"
"4154","ProSiebenSat.1 Media","PSM.F","324078000","4.32035","Germany"
"4155","DouYu","DOYU","323954000","4.25","China"
"4156","UCT (Ultra Clean Holdings)","UCTT","323500000","72.78","United States"
"4157","Prodea Real Estate Investment Company","PRODEA.AT","323409000","3.474","Greece"
"4158","Nickel Industries Limited","NIC.AX","323327000","0.625894","Australia"
"4159","Madison Square Garden Entertainment","MSGE","323094000","79.59","United States"
"4160","Dowa Holdings","5714.T","323025000","63.3678","Japan"
"4161","Barloworld","BAW.JO","322967000","7.36393","South Africa"
"4162","Octave Specialty Group","OSG","322924000","4.53","United States"
"4163","J. Front Retailing","3086.T","322780000","19.4403","Japan"
"4164","KDX Realty Investment","8972.T","322698000","950.36","Japan"
"4165","GUANGHUI ENERGY","600256.SS","322614000","0.917841","China"
"4166","Polenergia","PEP.WA","322233000","14.6964","Poland"
"4167","PriceSmart","PSMT","322191000","174.86","United States"
"4168","TOMY Company","7867.T","322149000","23.2192","Japan"
"4169","Central Pattana","CPN.BK","322031000","2.00061","Thailand"
"4170","Kontron AG","KTN.F","321967000","25.7869","Austria"
"4171","GÜBRETAŞ","GUBRF.IS","321907000","9.9654","Turkey"
"4172","Springer Nature AG","SPG.DE","321758000","23.7235","Germany"
"4173","Italmobiliare","ITM.MI","321607000","30.5432","Italy"
"4174","Kaneka Corporation","4118.T","321436000","38.4475","Japan"
"4175","Tsakos Energy Navigation","TEN","321416000","42.63","Greece"
"4176","Minerals Technologies","MTX","321300000","71.93","United States"
"4177","Schoeller-Bleckmann Oilfield Equipment","SBO.VI","321101000","34.1571","Austria"
"4178","KBR","KBR","321000000","37.69","United States"
"4179","LPP SA","LPP.WA","320922000","5580.86","Poland"
"4180","Shui On Land","0272.HK","320893000","0.0516667","China"
"4181","Premier Foods","PFD.L","320620000","2.76003","United Kingdom"
"4182","REVO Insurance S.p.A.","REVO.MI","320611000","28.7946","Italy"
"4183","Happinet","7552.T","320503000","23.6021","Japan"
"4184","Bank of Hawaii","BOH","320403000","76.85","United States"
"4185","Tohokushinsha Film","2329.T","320162000","3.15113","Japan"
"4186","CG Power and Industrial Solutions","CGPOWER.NS","319975000","9.1934","India"
"4187","Muninova Holdings","547A.T","319905000","2.8561","Japan"
"4188","Kaken Pharmaceutical Co., Ltd.","4521.T","319746000","25.0144","Japan"
"4189","Hochschild Mining","HOC.L","319594000","8.43267","United Kingdom"
"4190","Saputo","SAP.TO","319358000","29.829","Canada"
"4191","Apollo Commercial Real Estate Finance","ARI","319264000","6.89","United States"
"4192","Bluelinx","BXC","319087000","83.02","United States"
"4193","Unilever Indonesia","UNVR.JK","318930000","0.101666","Indonesia"
"4194","SSP Group","SSPG.L","318766000","2.75186","United Kingdom"
"4195","Halozyme Therapeutics","HALO","318622000","108.64","United States"
"4196","Atlantic Union Bankshares","AUB","318491000","40.92","United States"
"4197","Ålandsbanken","ALBAV.HE","318379000","53.3924","Finland"
"4198","Norion Bank","NORION.ST","318155000","7.13565","Sweden"
"4199","Mitchells &amp; Butlers plc","MAB.L","317839000","3.88938","United Kingdom"
"4200","Lisi S.A.","FII.PA","317690000","73.6768","France"
"4201","Stewart Information Services","STC","317485000","69.93","United States"
"4202","Atresmedia Corporación de Medios de Comunicación, S.A.","A3M.MC","317171000","6.07368","Spain"
"4203","O-I Glass","OI","317000000","7.25","United States"
"4204","Pakuwon Jati Tbk","PWON.JK","316937000","0.015137","Indonesia"
"4205","China Yongda Automobiles Services","3669.HK","316763000","0.11035","China"
"4206","Aktor","AKTR.AT","316153000","12.0308","Greece"
"4207","Hinge Health","HNGE","315867000","89.98","United States"
"4208","Shin-Etsu Polymer","7970.T","315761000","14.0106","Japan"
"4209","Aixtron","AIXA.F","315599000","43.4134","Germany"
"4210","IGG Inc","0799.HK","315515000","0.419075","Singapore"
"4211","Hong Kong Telecom","6823.HK","315269000","1.55638","Hong Kong"
"4212","Rajesh Exports","RAJESHEXPO.NS","314957000","0.809738","India"
"4213","Megacable Holdings","MEGACPO.MX","314780000","3.29102","Mexico"
"4214","Biglari","BH","314262000","378.04","United States"
"4215","Sotera Health","SHC","314147000","19.17","United States"
"4216","Pitney Bowes","PBI","314018000","16.53","United States"
"4217","Nufarm","NUF.AX","313822000","2.20315","Australia"
"4218","Republic Bank","RBCAA","313689000","94.98","United States"
"4219","Shake Shack","SHAK","313650000","75.44","United States"
"4220","San-Ai Obbli","8097.T","313585000","15.1593","Japan"
"4221","Whitbread","WTB.L","313569000","33.7034","United Kingdom"
"4222","Iovance Biotherapeutics","IOVA","313443000","8.06","United States"
"4223","Contact Energy","CEN.NZ","313149000","5.33683","New Zealand"
"4224","Narayana Hrudayalaya","NH.NS","313145000","19.7012","India"
"4225","Sumitomo Pharma","4506.T","313011000","9.05165","Japan"
"4226","SmarTone Telecommunications","0315.HK","312962000","0.610433","Hong Kong"
"4227","Magazine Luíza","MGLU3.SA","312904000","0.807673","Brazil"
"4228","Aker ASA","AKER.OL","312655000","158.736","Norway"
"4229","Fuji Oil Holdings","2607.T","312444000","29.0193","Japan"
"4230","Geron","GERN","312401000","1.52","United States"
"4231","AEON Financial Service","8570.T","311956000","10.8218","Japan"
"4232","Graphite India","GRAPHITE.NS","311638000","7.39055","India"
"4233","Poonawalla Fincorp","POONAWALLA.NS","311352000","4.96239","India"
"4234","Anritsu Corporation","6754.T","311037000","21.5495","Japan"
"4235","Allison Transmission","ALSN","311000000","131.38","United States"
"4236","Hovnanian Enterprises","HOV","310925000","126.05","United States"
"4237","TV TOKYO Holdings","9413.T","310508000","21.7189","Japan"
"4238","NCC Limited","NCC.NS","310156000","1.54885","India"
"4239","MapLight Therapeutics","MPLT","310113000","11.36","United States"
"4240","Wesdome Gold Mines","WDO.TO","309741000","25.8605","Canada"
"4241","Hornbach Baumarkt","HBM.HM","309543000","72.2779","Germany"
"4242","Per Aarsleff Holding A/S B","PAAL-B.CO","309485000","121.925","Denmark"
"4243","Teleflex","TFX","309411000","138.31","United States"
"4244","Under Armour","UA","309168000","5.23","United States"
"4245","Gudang Garam","GGRM.JK","309148000","1.14798","Indonesia"
"4246","Global Dominion Access","DOM.MC","309138000","3.17673","Spain"
"4247","Mount Gibson Iron","MGX.AX","309028000","0.264664","Australia"
"4248","Azelis Group","AZE.BR","308970000","14.0126","Belgium"
"4249","Arriyadh Development Company","4150.SR","308922000","4.25368","Saudi Arabia"
"4250","Allegion","ALLE","308900000","162.63","Ireland"
"4251","Taesa (Transmissora Aliança de Energia Elétrica)","TAEE11.SA","308824000","7.33507","Brazil"
"4252","PJT Partners","PJT","308776000","176.41","United States"
"4253","AF Gruppen","AFG.OL","308687000","20.7281","Norway"
"4254","Resorttrust","4681.T","308565000","11.7163","Japan"
"4255","TriCo Bancshares","TCBK","308250000","54.52","United States"
"4256","NET Power","NPWR","308013000","1.99","United States"
"4257","Brown Forman","BF-A","308000000","29.35","United States"
"4258","Amarin Corporation","AMRN","307822000","13.84","Ireland"
"4259","HomeTrust Bancshares","HTB","307757000","46.95","United States"
"4260","Osaka Soda","4046.T","307739000","12.8807","Japan"
"4261","LEENO Industrial","058470.KQ","307203000","48.6755","South Korea"
"4262","Natco Pharma","NATCOPHARM.NS","307100000","9.05235","India"
"4263","Yuasa Trading","8074.T","306762000","38.4789","Japan"
"4264","Nan Ya PCB","8046.TW","306692000","36.3887","Taiwan"
"4265","Banca Sistema S.p.A.","BST.MI","306640000","1.86757","Italy"
"4266","Godrej","GODREJCP.NS","306588000","9.6876","India"
"4267","PSP Swiss Property","PSPN.SW","306465000","180.999","Switzerland"
"4268","Nayax","NYAX","306237000","46.18","Israel"
"4269","Eagers Automotive Limited","APE.AX","305899000","16.1445","Australia"
"4270","Japan Aviation Electronics Industry","6807.T","305835000","15.197","Japan"
"4271","Metsä Board","METSA.HE","305791000","5.03614","Finland"
"4272","Curbline Properties","CURB","305778000","29.78","United States"
"4273","Wemade","112040.KQ","305430000","11.23","South Korea"
"4274","Barco NV","BAR.BR","305174000","9.03474","Belgium"
"4275","BIPROGY","8056.T","305116000","29.0569","Japan"
"4276","Axsome Therapeutics","AXSM","305106000","205.4","United States"
"4277","HelloFresh","HFG.DE","304865000","3.37258","Germany"
"4278","Broadridge Financial Solutions","BR","304800000","185.45","United States"
"4279","H.U. Group Holdings","4544.T","304649000","23.1627","Japan"
"4280","RITES","RITES.NS","304534000","2.27249","India"
"4281","SOL S.p.A.","SOL.MI","304457000","61.786","Italy"
"4282","Kemira","KEMIRA.HE","304402000","20.3777","Finland"
"4283","FactSet","FDS","304236000","305.31","United States"
"4284","Takasago Thermal Engineering","1969.T","304126000","27.0796","Japan"
"4285","NICE","NICE","304067000","100.25","Israel"
"4286","Seadrill","SDRL","304000000","46.76","Bermuda"
"4287","Xunlei","XNET","303588000","4.96","China"
"4288","Beijer Ref","BEIJ-B.ST","303528000","13.903","Sweden"
"4289","Vossloh AG","VOS.DE","303360000","67.44","Germany"
"4290","FormFactor","FORM","303281000","107.9","United States"
"4291","Shikoku Kasei Holdings Corp","4099.T","303229000","15.6427","Japan"
"4292","La-Z-Boy","LZB","303213000","32.12","United States"
"4293","Plexus","PLXS","303133000","237.61","United States"
"4294","Lundbeck","HLUN-B.CO","302979000","6.59205","Denmark"
"4295","MITSUI-SOKO HOLDINGS Co., Ltd.","9302.T","302953000","20.8025","Japan"
"4296","Topsports International","6110.HK","302374000","0.149897","Hong Kong"
"4297","Monotaro","3064.T","302360000","11.6567","Japan"
"4298","Mitani Sekisan","5273.T","302253000","12.8493","Japan"
"4299","UBE Corporation","4208.T","302094000","22.1583","Japan"
"4300","Mayora","MYOR.JK","302027000","0.0914996","Indonesia"
"4301","Tosei Corporation","8923.T","301673000","11.4621","Japan"
"4302","Toenec Corporation","1946.T","301553000","13.5775","Japan"
"4303","Keio Corporation","9008.T","301383000","4.94451","Japan"
"4304","Unitika Ltd.","3103.T","300796000","9.68564","Japan"
"4305","Mabanee Company","MABANEE.KW","300767000","3146.4","Kuwait"
"4306","Artisan Partners","APAM","300445000","42.98","United States"
"4307","The Bidvest Group","BVT.JO","299931000","14.6869","South Africa"
"4308","Paylocity","PCTY","299728000","152.45","United States"
"4309","Edgewell Personal Care","EPC","299700000","28.36","United States"
"4310","SBI Card","SBICARD.NS","299516000","6.79814","India"
"4311","Enterprise Financial Services Corp","EFSC","299388000","63.52","United States"
"4312","OC Oerlikon","OERL.SW","299356000","6.36919","Switzerland"
"4313","Weyerhaeuser","WY","299000000","24.39","United States"
"4314","Eastman Kodak Company","KODK","299000000","9.68","United States"
"4315","Lincoln Electric","LECO","298903000","282.24","United States"
"4316","Wendy’s","WEN","298740000","8.84","United States"
"4317","VinFast Auto","VFS","298699000","3.09","Vietnam"
"4318","REE (Refrigeration Electrical Engineering Corporation)","REE.VN","298184000","1.72704","Vietnam"
"4319","Yurtec Corporation","1934.T","298167000","15.8121","Japan"
"4320","MiniMed Group","MMED","298000000","19.94","United States"
"4321","Instone Real Estate Group","INS.DE","297928000","8.65003","Germany"
"4322","Eagle Materials","EXP","297920000","204.25","United States"
"4323","Alteogen","196170.KQ","297756000","220.629","South Korea"
"4324","Humansoft Holding Company","HUMANSOFT.KW","297625000","7750.24","Kuwait"
"4325","Tokuyama Corporation","4043.T","297599000","25.253","Japan"
"4326","Investment AB Latour","LATO-B.ST","297599000","21.0176","Sweden"
"4327","Sankyu","9065.T","297240000","52.885","Japan"
"4328","Redwood Trust","RWT","297092000","4.76","United States"
"4329","Minor International","MINT.BK","297060000","0.693341","Thailand"
"4330","Cognex","CGNX","296756000","58.54","United States"
"4331","Annaly Capital Management","NLY","296540000","23.25","United States"
"4332","NETGEAR","NTGR","296509000","20.72","United States"
"4333","B.F. S.p.A.","BFG.MI","295944000","5.79389","Italy"
"4334","ODDITY Tech","ODD","295710000","13.63","Israel"
"4335","Al Soor Fuel Marketing Company K.S.C.P.","SOOR.KW","295555000","896.642","Kuwait"
"4336","Nishi-Nippon Railroad","9031.T","295544000","19.5094","Japan"
"4337","Grupo Casas Bahia S.A.","BHIA3.SA","295024000","0.0796024","Brazil"
"4338","DMG Mori","6141.T","294841000","19.0637","Japan"
"4339","Carpenter Technology","CRS","294800000","477.1","United States"
"4340","Upstream Bio","UPB","294579000","6.61","United States"
"4341","MBC Group Co.","4072.SR","294472000","5.43895","Saudi Arabia"
"4342","Nihon Kohden Corporation","6849.T","294459000","9.49419","Japan"
"4343","Shenzhen Bingchuan Network","300533.SZ","294455000","2.12725","China"
"4344","RPM International","RPM","294206000","106.36","United States"
"4345","CPKC (Canadian Pacific Kansas City)","CP","294183000","94.68","Canada"
"4346","Dermapharm","DMP.F","293979000","46.1646","Germany"
"4347","Höegh Autoliners","HAUTO.OL","293785000","18.4942","Norway"
"4348","Bank Jago","ARTO.JK","293770000","0.0567636","Indonesia"
"4349","Floor &amp; Decor","FND","293632000","54.87","United States"
"4350","Canada Goose","GOOS","293608000","8.28","Canada"
"4351","Amicus Therapeutics","FOLD","293536000","14.49","United States"
"4352","ISS A/S","ISS.CO","293179000","46.0258","Denmark"
"4353","Siebert Financial","SIEB","293003000","2.11","United States"
"4354","APA Corporation","APA","293000000","42.96","United States"
"4355","Perion Network","PERI","292971000","9.78","Israel"
"4356","Younited Financial","YOUNI.PA","292540000","7.57752","Luxembourg"
"4357","Amphastar Pharmaceuticals","AMPH","291951000","21.52","United States"
"4358","Ariston Holding","ARIS.MI","291920000","4.33434","Italy"
"4359","Columbia Banking System","COLB","291741000","30.64","United States"
"4360","Salvatore Ferragamo","SFER.MI","291732000","10.7951","Italy"
"4361","Oberoi Realty","OBEROIRLTY.NS","291723000","19.5894","India"
"4362","Leroy Seafood","LSG.OL","291718000","4.74706","Norway"
"4363","Nisshinbo Holdings","3105.T","291696000","13.3013","Japan"
"4364","Cactus Inc","WHD","291609000","68.05","United States"
"4365","Wacoal Holdings","3591.T","291533000","26.885","Japan"
"4366","Tegna","TGNA","291240000","20.03","United States"
"4367","Evertec","EVTC","290886000","29.56","United States"
"4368","Nordnet AB","SAVE.ST","290883000","38.9198","Sweden"
"4369","Pico Far East Holdings","0752.HK","290616000","0.282572","Hong Kong"
"4370","ASP Isotopes","ASPI","290516000","3.89","United States"
"4371","DocMorris","DOCM.SW","290504000","12.5518","Switzerland"
"4372","Mizuno Corporation","8022.T","290190000","25.7991","Japan"
"4373","DO &amp; CO Aktiengesellschaft","DOC.VI","290038000","244.229","Austria"
"4374","Buckle","BKE","289982000","44.41","United States"
"4375","Ivanhoe Electric","IE","289820000","11.26","Canada"
"4376","e.l.f. Beauty","ELF","289685000","105.95","United States"
"4377","Indian Telephone Industries","ITI.NS","289629000","2.9161","India"
"4378","Innospec","IOSP","289100000","94.73","United States"
"4379","Zeta Global","ZETA","288779000","28.47","United States"
"4380","BKV Corporation","BKV","288536000","24.21","United States"
"4381","ICU Medical","ICUI","288330000","182.55","United States"
"4382","Warby Parker","WRBY","288246000","26.21","United States"
"4383","GreenTree Hospitality Group","GHG","288218000","1.1","China"
"4384","Primo Brands","PRMB","288200000","23.02","United States"
"4385","Old Dominion Freight Line","ODFL","288082000","201.48","United States"
"4386","OFILM Group","002456.SZ","287878000","1.06511","China"
"4387","Himax Technologies","HIMX","287610000","13.44","Taiwan"
"4388","Nagase &amp; Co.","8012.T","287548000","7.36623","Japan"
"4389","Frey SA","FREY.PA","287511000","41.7347","France"
"4390","G Mining Ventures","GMIN.TO","287248000","39.9163","Canada"
"4391","Kardigan, Inc.","KARD","287108000","20.64","United States"
"4392","K92 Mining","KNT.TO","286994000","22.1877","Canada"
"4393","Nikkiso Co., Ltd.","6376.T","286862000","21.6562","Japan"
"4394","Cenomi Centers (Arabian Centres Company)","4321.SR","286839000","4.33358","Saudi Arabia"
"4395","Arrow Electronics","ARW","286512000","201.84","United States"
"4396","AnaptysBio","ANAB","286455000","58.44","United States"
"4397","T’way Air","091810.KS","286367000","0.45209","South Korea"
"4398","Chroma ATE Inc.","2360.TW","286298000","61.6413","Taiwan"
"4399","Vault Minerals","VAU.AX","286189000","4.97139","Australia"
"4400","Ather Energy","ATHERENERG.NS","286161000","15.0528","India"
"4401","Greif","GEF","286100000","85.99","United States"
"4402","Boubyan Petrochemical Company","BPCC.KW","286011000","2360.61","Kuwait"
"4403","Pharvaris","PHVS","285834000","37.31","Netherlands"
"4404","Towa Pharmaceutical","4553.T","285700000","24.3867","Japan"
"4405","Ratio Energies","RATI.TA","285392000","1.45428","Israel"
"4406","Dor Alon Energy In Israel","DRAL.TA","285210000","60.3309","Israel"
"4407","Galliford Try","GFRD.L","285101000","8.51441","United Kingdom"
"4408","KalVista Pharmaceuticals","KALV","285030000","27","United States"
"4409","Daiwabo Holdings","3107.T","284729000","23.1062","Japan"
"4410","Ameris Bancorp","ABCB","284567000","85.95","United States"
"4411","Live Oak Bank","LOB","284239000","40.3","United States"
"4412","HKR International","0480.HK","284165000","0.129486","Hong Kong"
"4413","Britannia Industries","BRITANNIA.NS","284057000","55.9033","India"
"4414","Shapir Civil and Marine Engineering","SPEN.TA","284021000","14.2961","Israel"
"4415","Parsons","PSN","283921000","48.81","United States"
"4416","NetDragon Websoft","0777.HK","283872000","0.958067","China"
"4417","Inspire Medical Systems","INSP","283834000","61.47","United States"
"4418","Nittetsu Mining","1515.T","283827000","23.2882","Japan"
"4419","Kyushu Railway Company","9142.T","283606000","22.2399","Japan"
"4420","Unusual Machines","UMAC","283597000","24.57","United States"
"4421","Restar Corporation","3156.T","283329000","30.0362","Japan"
"4422","Ramelius Resources","RMS.AX","283226000","2.83977","Australia"
"4423","CBL Properties","CBL","283009000","55.71","United States"
"4424","Hartalega","5168.KL","282821000","0.242484","Malaysia"
"4425","Anteris Technologies","AVR.AX","282699000","8.63376","Australia"
"4426","PHC Holdings Corporation","6523.T","282162000","9.422","Japan"
"4427","REA Group","REA.AX","282068000","127.811","Australia"
"4428","Polaris","PII","282000000","64.34","United States"
"4429","Versigent","VGNT","282000000","46.96","Switzerland"
"4430","ORIC Pharmaceuticals","ORIC","281932000","13.46","United States"
"4431","Softcat","SCT.L","281821000","28.0635","United Kingdom"
"4432","The Mosaic Company","MOS","281800000","24","United States"
"4433","Friedrich Vorwerk Group","VH2.DE","281787000","82.8865","Germany"
"4434","Econergy Renewable Energy","ECNR.TA","281636000","20.0892","Israel"
"4435","Keros Therapeutics","KROS","281497000","10.78","United States"
"4436","Haisco Pharmaceutical Group","002653.SZ","281426000","9.56815","China"
"4437","Treasury Wine Estates","TWE.AX","281345000","4.0701","Australia"
"4438","Ategrity Specialty Insurance Company","ASIC","281206000","26.33","United States"
"4439","SIG (Semen Indonesia)","SMGR.JK","281075000","0.0850042","Indonesia"
"4440","Kojamo","KOJAMO.HE","280878000","10.1349","Finland"
"4441","Socionext","6526.T","280876000","12.3158","Japan"
"4442","Fervo Energy Company","FRVO","280776000","15.47","United States"
"4443","Mitsuuroko Group Holdings","8131.T","279993000","13.9604","Japan"
"4444","Dole PLC","DOLE","279889000","13.46","Ireland"
"4445","Fattal Holdings (Leonardo Hotels)","FTAL.TA","279887000","221.824","Israel"
"4446","Amylyx Pharmaceuticals","AMLX","279768000","38.15","United States"
"4447","Nordic Semiconductor","NOD.OL","279665000","17.6672","Norway"
"4448","Whirlpool India","WHIRLPOOL.NS","279480000","8.007","India"
"4449","ARKO Corp.","ARKO","279327000","4.72","United States"
"4450","Avantor","AVTR","279300000","14.26","United States"
"4451","Cheniere Energy
Partners","CQP","279000000","68.05","United States"
"4452","Capricor Therapeutics","CAPR","278610000","6.8","United States"
"4453","Brunswick Corporation","BC","278600000","81.25","United States"
"4454","Red River Bancshares","RRBI","278392000","101.31","United States"
"4455","Robert Half","RHI","278387000","45.12","United States"
"4456","Oculis Holding AG","OCS","278367000","13.18","Switzerland"
"4457","Engineers India","ENGINERSIN.NS","277904000","2.61822","India"
"4458","Ambarella","AMBA","277800000","70","United States"
"4459","Astra Agro Lestari","AALI.JK","277736000","0.45185","Indonesia"
"4460","IMCD","IMCD.AS","277338000","112.334","Netherlands"
"4461","PureTech Health","PRTC","277299000","17.42","United States"
"4462","COSMOS Pharmaceutical","3349.T","277115000","41.561","Japan"
"4463","FIGS","FIGS","277028000","15.21","United States"
"4464","SLR Investment","SLRC","276914000","12.71","United States"
"4465","Mycronic","MYCR.ST","276847000","33.9943","Sweden"
"4466","Zensar","ZENSARTECH.NS","276763000","4.93418","India"
"4467","Glaukos","GKOS","276685000","185.65","United States"
"4468","Centessa Pharmaceuticals","CNTA","276589000","40.5","United Kingdom"
"4469","Taysha Gene Therapies","TSHA","276576000","5.97","United States"
"4470","Nerolac Paints","KANSAINER.NS","276496000","2.09633","India"
"4471","Riskified","RSKD","276343000","5.95","Israel"
"4472","Fulgent Genetics","FLGT","276302000","19.45","United States"
"4473","Fielmann","FIE.F","276175000","45.64","Germany"
"4474","Polar Capital Holdings","POLR.L","276061000","11.9065","United Kingdom"
"4475","Magnera","MAGN","276000000","12.43","United States"
"4476","Meliá Hotels International","MEL.MC","275986000","12.0075","Spain"
"4477","Pacific Biosciences","PACB","275962000","1.28","United States"
"4478","TOTVS","TOTS3.SA","275926000","6.19734","Brazil"
"4479","Blue Bird Corporation","BLBD","275893000","58.95","United States"
"4480","Blue Owl Capital Corporation","OBDC","275880000","11.4","United States"
"4481","Lindblad Expeditions","LIND","275012000","31.9","United States"
"4482","Geopark","GPRK","274895000","9.84","Chile"
"4483","Gaming and Leisure Properties","GLPI","274513000","43.93","United States"
"4484","Piper Sandler","PIPR","274489000","74.8","United States"
"4485","Tiantan Bio","600161.SS","274372000","1.83271","China"
"4486","Aperam","APAM.AS","274309000","52.7396","Luxembourg"
"4487","Seiko Group","8050.T","274229000","68.4209","Japan"
"4488","Accel Entertainment","ACEL","274095000","11.97","United States"
"4489","The Greenbrier Companies","GBX","273700000","46.08","United States"
"4490","MasTec","MTZ","273672000","255.36","United States"
"4491","Zurn Elkay Water Solutions","ZWS","273500000","48.86","United States"
"4492","Virtus Investment Partners","VRTS","273468000","168.4","United States"
"4493","Yuhan","000100.KS","273416000","60.1583","South Korea"
"4494","Martin Marietta Materials","MLM","273000000","533.11","United States"
"4495","Shanghai RAAS Blood Products","002252.SZ","272976000","0.728917","China"
"4496","PB Fintech","POLICYBZR.NS","272950000","18.718","India"
"4497","Interroll","INRN.SW","272882000","1940.61","Switzerland"
"4498","Light S.A.","LIGT3.SA","272833000","0.636819","Brazil"
"4499","Fiverr","FVRR","272775000","9.37","Israel"
"4500","Boursa Kuwait Securities Company","BOURSA.KW","272219000","9602.22","Kuwait"
"4501","Belden","BDC","272151000","116.76","United States"
"4502","Tikehau Capital","TKO.PA","272101000","19.8648","France"
"4503","Owens Corning","OC","272000000","146.97","United States"
"4504","Hilton Grand Vacations","HGV","272000000","45.36","United States"
"4505","Blackstone Mortgage Trust","BXMT","271899000","14.12","United States"
"4506","HDFC Asset Management Company Limited","HDFCAMC.NS","271836000","27.9616","India"
"4507","Super Hi International","9658.HK","271801000","1.40329","Singapore"
"4508","Third Harmonic Bio","THRD","271611000","5.38","United States"
"4509","Mobico Group","MCG.L","271591000","0.313352","United Kingdom"
"4510","Hong Kong Ferry","0050.HK","271323000","0.642964","Hong Kong"
"4511","Hyosung Corporation","004800.KS","271232000","113.817","South Korea"
"4512","Inventiva Pharma","IVA","271210000","4.7","France"
"4513","Toho Gas","9533.T","271209000","7.67381","Japan"
"4514","Gav-Yam Lands","GVYM.TA","271168000","12.0562","Israel"
"4515","Esprinet","PRT.MI","271098000","8.35276","Italy"
"4516","Jaypee Group","JPASSOCIAT.NS","271062000","0.0256397","India"
"4517","Perspective Therapeutics","CATX","270929000","3.19","United States"
"4518","Pacific Basin Shipping","2343.HK","270559000","0.533252","Hong Kong"
"4519","Shibaura Machine","6104.T","270465000","27.5253","Japan"
"4520","Boralex","BLX.TO","270447000","26.8706","Canada"
"4521","First Bancorp","FBNC","270318000","65.29","United States"
"4522","Eversource Energy","ES","270184000","71.25","United States"
"4523","Brookdale Senior Living","BKD","270143000","12.12","United States"
"4524","West Holdings","1407.T","270068000","16.7098","Japan"
"4525","Five Star Bancorp","FSBC","269840000","45.13","United States"
"4526","SmartSens Technology","688213.SS","269669000","14.7569","China"
"4527","Post Holdings","POST","269400000","82.38","United States"
"4528","ASOS","ASC.L","269291000","5.58545","United Kingdom"
"4529","Semrush","SEMR","269276000","12","United States"
"4530","James Hardie Industries","JHX","269200000","30.2","Ireland"
"4531","99 Speed Mart Retail","5326.KL","269180000","0.843746","Malaysia"
"4532","Evolution Mining","EVN.AX","269165000","11.3591","Australia"
"4533","Stantec","STN","269152000","74.21","Canada"
"4534","Diana Shipping","DSX","269106000","2.7","Greece"
"4535","Senshu Electric","9824.T","268968000","44.1911","Japan"
"4536","Replimune","REPL","268889000","14.71","United States"
"4537","TopBuild","BLD","268847000","354.53","United States"
"4538","Cochin Shipyard Limited","COCHINSHIP.NS","268720000","15.875","India"
"4539","Luberef (Saudi Aramco Base Oil Company)","2223.SR","268484000","36.7835","Saudi Arabia"
"4540","Serco Group","SRP.L","268401000","3.56924","United Kingdom"
"4541","Leon's Furniture","LNF.TO","268384000","17.678","Canada"
"4542","ConnectOne Bancorp","CNOB","268315000","32.19","United States"
"4543","Benchmark Holdings","BMK.L","268123000","0.295906","United Kingdom"
"4544","Marriott Vacations Worldwide","VAC","268000000","114.35","United States"
"4545","Bausch + Lomb","BLCO","268000000","17.32","Canada"
"4546","Ralliant Corporation","RAL","268000000","62.95","United States"
"4547","Infortar","INF1T.TL","267979000","63.1849","Estonia"
"4548","Aichi Steel","5482.T","267961000","20.1183","Japan"
"4549","Chart Industries","GTLS","267900000","209.9","United States"
"4550","Atrium Therapeutics","RNA","267849000","15.47","United States"
"4551","EuroGroup Laminations","EGLA.MI","267811000","1.15936","Italy"
"4552","Aura Minerals","AUGO","267789000","87.37","United States"
"4553","GH Research","GHRS","267325000","28.1","Ireland"
"4554","TomTom","TOM2.AS","267267000","4.78433","Netherlands"
"4555","The Sumitomo Warehouse Co., Ltd.","9303.T","267223000","26.1129","Japan"
"4556","Element Fleet Management","EFN.TO","267127000","19.684","Canada"
"4557","DFDS A/S","DFDS.CO","267043000","24.229","Denmark"
"4558","Finolex Industries","FINPIPE.NS","266973000","1.70473","India"
"4559","Allogene Therapeutics","ALLO","266886000","2.03","United States"
"4560","Huber+Suhner","HUBN.SW","266672000","207.496","Switzerland"
"4561","Ayyan Investment Company","2140.SR","266641000","2.55434","Saudi Arabia"
"4562","Beijing Airport","0694.HK","266473000","0.21177","China"
"4563","Tsugami Corporation","6101.T","266378000","34.3988","Japan"
"4564","Arcos Dorados Holdings","ARCO","266165000","8.09","Uruguay"
"4565","nib holdings limited","NHF.AX","266149000","4.8784","Australia"
"4566","FS KKR Capital","FSK","266000000","12.05","United States"
"4567","EnQuest","ENQ.L","265886000","0.350112","United Kingdom"
"4568","Talgo S.A.","TLGO.MC","265831000","3.14759","Spain"
"4569","Dixon Technologies","DIXON.NS","265755000","154.665","India"
"4570","Generac","GNRC","265530000","203.56","United States"
"4571","Integra LifeSciences","IART","265502000","16.69","United States"
"4572","Bitdeer Technologies Group","BTDR","265455000","10.91","Singapore"
"4573","Fisher & Paykel Healthcare","FPH.NZ","265413000","26.7437","New Zealand"
"4574","Sanki Engineering","1961.T","265376000","15.1217","Japan"
"4575","HealthEquity","HQY","265369000","105.4","United States"
"4576","Knr Constructions","KNRCON.NS","265190000","1.29495","India"
"4577","Schneider National","SNDR","265100000","34.84","United States"
"4578","SFS Group","SFSN.SW","264999000","165.947","Switzerland"
"4579","Travere Therapeutics","TVTX","264676000","65.22","United States"
"4580","Samhällsbyggnadsbolaget i Norden","SBB-B.ST","264277000","0.334155","Sweden"
"4581","Vtech","0303.HK","264000000","6.37861","Hong Kong"
"4582","Latch","LTCH","263952000","0.151","United States"
"4583","LX Hausys","108670.KS","263876000","25.4571","South Korea"
"4584","Alto Neuroscience","ANRO","263762000","36.25","United States"
"4585","Voyageurs du Monde","ALVDM.PA","263663000","209.256","France"
"4586","Dutch Bros","BROS","263517000","51.95","United States"
"4587","Samyang Foods","003230.KS","263236000","1032.73","South Korea"
"4588","Thermax","THERMAX.NS","263217000","41.7428","India"
"4589","JYP Entertainment","035900.KQ","263109000","28.4181","South Korea"
"4590","CD Projekt","CDR.WA","262794000","65.4168","Poland"
"4591","IES Holdings","IESC","262638000","324.12","United States"
"4592","SJM Holdings","0880.HK","262317000","0.18498","Hong Kong"
"4593","Canopy Growth","CGC","262307000","1.05","Canada"
"4594","Chugoku Marine Paints","4617.T","262242000","22.3467","Japan"
"4595","Cytek Biosciences","CTKB","262225000","4.44","United States"
"4596","Internet Initiative Japan Inc.","3774.T","262191000","21.2042","Japan"
"4597","Palvella Therapeutics","PVLA","261853000","145.75","United States"
"4598","Premium Water Holdings","2588.T","261605000","23.9159","Japan"
"4599","Cinemark Theatres","CNK","261400000","38.4","United States"
"4600","Wharf REIC","1997.HK","261032000","4.03383","Hong Kong"
"4601","Marico","MARICO.NS","261006000","8.80681","India"
"4602","Zip Co","ZIP.AX","260645000","1.90272","Australia"
"4603","ITM Power","ITM.L","260350000","1.45903","United Kingdom"
"4604","Sotetsu Holdings","9003.T","260192000","16.5748","Japan"
"4605","Archosaur Games","9990.HK","260100000","0.243663","China"
"4606","Vetoquinol","VETO.PA","259704000","82.4201","France"
"4607","Northrim BanCorp","NRIM","259350000","25.77","United States"
"4608","Nomura Real Estate Master Fund","3462.T","259048000","945.966","Japan"
"4609","Gray Media","GTN","259000000","4.92","United States"
"4610","Fuso Chemical","4368.T","258589000","19.1767","Japan"
"4611","enGene","ENGN","258465000","1.81","Canada"
"4612","LENZ Therapeutics","LENZ","258385000","4.59","United States"
"4613","National Healthcare","NHC","258352000","228.38","United States"
"4614","Fortis","FTS","258220000","55.32","Canada"
"4615","Wiit S.p.A.","WIIT.MI","258063000","32.7582","Italy"
"4616","UL Solutions","ULS","258000000","74.16","United States"
"4617","Service Corporation International","SCI","257959000","84.23","United States"
"4618","Mowi","MNHVF","257526000","21.2","Norway"
"4619","Metropolitan Bank Holding","MCB","257418000","90.47","United States"
"4620","Pacific Industrial","7250.T","257282000","18.816","Japan"
"4621","Paysafe","PSFE","257210000","6.65","United States"
"4622","Power Integrations","POWI","257204000","53.18","United States"
"4623","Coty","COTY","257100000","2.79","United States"
"4624","Aditya Birla Capital","ABCAPITAL.NS","257084000","4.25974","India"
"4625","Dubai National Insurance & Reinsurance Company","DNIR.AE","256792000","0.893027","United Arab Emirates"
"4626","Vesuvius plc","VSVS.L","256685000","5.30754","United Kingdom"
"4627","Afya","AFYA","256676000","14.22","Brazil"
"4628","VeriSilicon Microelectronics","688521.SS","256577000","24.4693","China"
"4629","First Internet Bancorp","INBK","256552000","28.57","United States"
"4630","Capital B","ALCPB.PA","256509000","0.681977","France"
"4631","Universal Entertainment Corporation","6425.T","256507000","4.58232","Japan"
"4632","Ramsay Générale de Santé","GDS.PA","256208000","12.8818","France"
"4633","Cadeler A/S","CDLR","256131000","23.97","Denmark"
"4634","Espressif Systems (Shanghai)","688018.SS","256017000","16.2147","China"
"4635","Atea Pharmaceuticals","AVIR","256006000","5.51","United States"
"4636","Fortress Biotech","FBIO","255841000","2.93","United States"
"4637","Adani Power","ADANIPOWER.NS","255825000","2.15777","India"
"4638","Synthomer","SYNT.L","255742000","1.32961","United Kingdom"
"4639","Pilot Corporation","7846.T","255682000","12.7112","Japan"
"4640","Cricut","CRCT","255674000","5.65","United States"
"4641","Soleno Therapeutics","SLNO","255599000","53.01","United States"
"4642","Concentrix","CNXC","255566000","26.03","United States"
"4643","Solid Power","SLDP","255408000","2.3","United States"
"4644","Arabian Shield Cooperative Insurance Company","8070.SR","255405000","3.30812","Saudi Arabia"
"4645","Abbott India","ABBOTINDIA.NS","255241000","276.042","India"
"4646","Costamare Bulkers Holdings Limited","CMDB","255105000","20.22","Monaco"
"4647","Avery Dennison","AVY","255100000","183.69","United States"
"4648","Costain Group","COST.L","254934000","3.14692","United Kingdom"
"4649","Anglo-Eastern Plantations","AEP.L","254345000","2.61563","United Kingdom"
"4650","Takuma Co., Ltd.","6013.T","254290000","19.2708","Japan"
"4651","Snt Dynamics","003570.KS","254244000","21.5934","South Korea"
"4652","Métropole Télévision (Groupe M6)","MMT.PA","254094000","14.0825","France"
"4653","Nissha Co., Ltd.","7915.T","254058000","8.17285","Japan"
"4654","Lyell Immunopharma","LYEL","254023000","14.74","United States"
"4655","Travel + Leisure","TNL","254000000","73.12","United States"
"4656","EXL Service","EXLS","253763000","37.66","United States"
"4657","AutoZone","AZO","253729000","3009.44","United States"
"4658","Omnicell","OMCL","253638000","34.66","United States"
"4659","Pigeon","7956.T","253233000","13.4896","Japan"
"4660","Uchida Yoko Co., Ltd.","8057.T","253037000","13.9918","Japan"
"4661","Cavco Industries","CVCO","252954000","582.54","United States"
"4662","Cohen &amp; Steers","CNS","252951000","83.16","United States"
"4663","Resimac Group Limited","RMC.AX","252784000","0.604435","Australia"
"4664","O'Reilly Automotive","ORLY","252632000","90.68","United States"
"4665","CARGO Therapeutics","CRGX","252567000","4.47","United States"
"4666","Vertex","VERX","252455000","13.68","United States"
"4667","Nitta Corporation","5186.T","252240000","42.4963","Japan"
"4668","Technogym","TGYM.MI","252234000","15.225","Italy"
"4669","LianBio","LIAN","252222000","0.319","United States"
"4670","Sprouts Farmers Market","SFM","252161000","86.13","United States"
"4671","World Holdings","2429.T","252019000","17.6576","Japan"
"4672","Cabot Corporation","CBT","252000000","83.88","United States"
"4673","Torrent Pharmaceuticals","TORNTPHARM.NS","251936000","51.2486","India"
"4674","Odakyu Electric Railway","9007.T","251881000","11.2267","Japan"
"4675","Radware","RDWR","251809000","27.68","Israel"
"4676","Grand Canyon Education","LOPE","251700000","147.66","United States"
"4677","IDT Corporation","IDT","251427000","68.29","United States"
"4678","Public Property Invest AS","PUBLI.OL","251192000","1.99656","Norway"
"4679","SpyGlass Pharma","SGP","251002000","26.26","United States"
"4680","Dottikon ES","DESN.SW","250797000","342.095","Switzerland"
"4681","Iron Mountain","IRM","250710000","121.19","United States"
"4682","Yellow Hat","9882.T","250531000","11.2424","Japan"
"4683","Apollo Hospitals","APOLLOHOSP.NS","250513000","92.3414","India"
"4684","Arata Corporation","2733.T","250411000","17.0111","Japan"
"4685","Oshkosh Corporation","OSK","250300000","156.33","United States"
"4686","Havells India","HAVELLS.NS","250290000","13.2327","India"
"4687","Sustained Infrastructure Holding Company (sisco)","2190.SR","250218000","10.4358","Saudi Arabia"
"4688","Bangkok Dusit Medical Services (BDMS)","BDMS.BK","249827000","0.60171","Thailand"
"4689","Reliance","RS","249700000","382.49","United States"
"4690","Fuji Co., Ltd.","8278.T","249579000","13.3264","Japan"
"4691","AWL Agri Business","AWL.NS","249567000","2.09759","India"
"4692","Ollie's Bargain Outlet","OLLI","249559000","76.35","United States"
"4693","Svenska Cellulosa Aktiebolaget (SCA)","SCA-B.ST","249429000","11.9085","Sweden"
"4694","Nohmi Bosai Ltd.","6744.T","249352000","27.0545","Japan"
"4695","Toshiba Tec Corporation","6588.T","249169000","19.7102","Japan"
"4696","Hathway","HATHWAY.NS","249165000","0.110438","India"
"4697","Sonos","SONO","249053000","15.41","United States"
"4698","Nankai Electric Railway","9044.T","248936000","19.1453","Japan"
"4699","First Merchants Corporation","FRME","248655000","41.92","United States"
"4700","Amerant Bancorp","AMTB","248441000","28.77","United States"
"4701","EL.En. S.p.A. (Elen Group)","ELN.MI","248385000","17.7897","Italy"
"4702","Lumine Group","LMN.V","248192000","17.9667","Canada"
"4703","Torrent Power","TORNTPOWER.NS","248107000","12.9882","India"
"4704","PACS Group","PACS","247981000","44.25","United States"
"4705","Zhifei Biological Products","300122.SZ","247948000","1.93981","China"
"4706","United Development Company","UDCD.QA","247858000","0.204945","Qatar"
"4707","Sun Frontier Fudousan","8934.T","247662000","15.8624","Japan"
"4708","PLDT","PHI","247631000","19.41","Philippines"
"4709","Texas Pacific Land Corporation","TPL","247571000","373.45","United States"
"4710","Parque Arauco","PARAUCO.SN","247517000","4.2893","Chile"
"4711","HiteJinro","000080.KS","247086000","11.1","South Korea"
"4712","THG (The Hut Group)","THG.L","246583000","0.474964","United Kingdom"
"4713","Star Micronics","7718.T","246560000","14.0138","Japan"
"4714","The Fertilisers And Chemicals Travancore Limited","FACT.NS","246349000","9.16205","India"
"4715","Contineum Therapeutics","CTNM","246328000","16.63","United States"
"4716","Borr Drilling","BORR","246000000","4.38","Bermuda"
"4717","PROCEPT BioRobotics","PRCT","245641000","21.25","United States"
"4718","JEOL Ltd.","6951.T","245613000","44.8188","Japan"
"4719","Teradyne","TER","245597000","364.9","United States"
"4720","Bumble","BMBL","245589000","2.85","United States"
"4721","Haemonetics","HAE","245440000","108.4","United States"
"4722","Coromandel","COROMANDEL.NS","245432000","20.0021","India"
"4723","Pioneer Bancorp","PBFS","245345000","17.29","United States"
"4724","DiaSorin","DIA.MI","244917000","88.0158","Italy"
"4725","Angi Inc.","ANGI","244580000","4.94","United States"
"4726","TAV Airports Holding","TAVHL.IS","244163000","5.83784","Turkey"
"4727","Century Aluminum","CENX","244100000","43.66","United States"
"4728","Admie Holding","ADMIE.AT","243825000","5.11774","Greece"
"4729","Erasca","ERAS","243788000","17.6","United States"
"4730","Saudi Ground Services Company","4031.SR","243633000","7.20222","Saudi Arabia"
"4731","Calix","CALX","243289000","39.8","United States"
"4732","Djurslands Bank A/S","DJUR.CO","243285000","162.93","Denmark"
"4733","Muthoot Finance","MUTHOOTFIN.NS","243208000","33.5817","India"
"4734","Neurogene","NGNE","243182000","39.64","United States"
"4735","Banner Bank","BANR","243062000","70.82","United States"
"4736","Hikma Pharmaceuticals","HIK.L","243000000","22.2655","United Kingdom"
"4737","S Foods Inc.","2292.T","241971000","18.436","Japan"
"4738","Maruzen","5982.T","241339000","26.1443","Japan"
"4739","Far EasTone","4904.TW","241218000","3.21538","Taiwan"
"4740","Mechel PAO","MTLR.ME","241176000","0.43","Russia"
"4741","Yamada Holdings","9831.T","240997000","4.40279","Japan"
"4742","Endeavour Silver","EXK","240900000","10.76","Canada"
"4743","Darden Restaurants","DRI","240400000","225.56","United States"
"4744","Microchip Technology","MCHP","240300000","74.21","United States"
"4745","Aditya Birla Real Estate","ABREL.NS","240222000","14.7069","India"
"4746","Trelleborg AB","TREL-B.ST","240065000","46.5186","Sweden"
"4747","Force Motors","FORCEMOT.NS","240046000","181.737","India"
"4748","Compagnie d'Entreprises CFE","CFEB.BR","239874000","13.8144","Belgium"
"4749","Rush Enterprises","RUSHA","239654000","78.73","United States"
"4750","Rockwool","ROCK-B.CO","239586000","32.3054","Denmark"
"4751","PRA Group","PRAA","239532000","20.17","United States"
"4752","Brunello Cucinelli","BC.MI","239458000","102.938","Italy"
"4753","ALK-Abelló","ALK-B.CO","239316000","33.2721","Denmark"
"4754","W. P. Carey","WPC","239266000","71.58","United States"
"4755","Arxis, Inc.","ARXS","238918000","53.06","United States"
"4756","ZF Commercial Vehicle Control Systems India","ZFCVINDIA.NS","238519000","27.2438","India"
"4757","BioCryst Pharmaceuticals","BCRX","238400000","9.68","United States"
"4758","Ansell","ANN.AX","238300000","29.5851","Australia"
"4759","Ardelyx","ARDX","238074000","3.74","United States"
"4760","DTE Energy","DTE","238000000","135.66","United States"
"4761","fuboTV","FUBO","237813000","10.47","United States"
"4762","Stratasys","SSYS","237789000","7.65","Israel"
"4763","Ecopro BM","247540.KQ","237321000","81.2462","South Korea"
"4764","Spinneys","SPINNEYS.AE","237307000","0.343053","United Arab Emirates"
"4765","Vivendi","VIV.PA","237295000","1.93402","France"
"4766","Sonaecom","SNC.LS","237153000","3.40406","Portugal"
"4767","Interparfums","IPAR","237070000","116.8","United States"
"4768","Gildan","GIL","237055000","54.95","Canada"
"4769","IIFL Finance","IIFL.NS","237028000","6.99666","India"
"4770","Pearl Abyss","263750.KQ","237020000","23.9405","South Korea"
"4771","XPO Logistics","XPO","237000000","191.99","United States"
"4772","Mitsubishi Pencil","7976.T","236982000","18.7812","Japan"
"4773","Tectonic Therapeutic","TECX","236894000","36.47","United States"
"4774","Corvus Pharmaceuticals","CRVS","236714000","14.09","United States"
"4775","NIKKON Holdings","9072.T","236551000","34.11","Japan"
"4776","Kyverna Therapeutics","KYTX","236446000","8.24","United States"
"4777","Grupo Supervielle","SUPV","236096000","8.55","Argentina"
"4778","TPG Real Estate Finance Trust","TRTX","236094000","7.82","United States"
"4779","NIPPON KANZAI Holdings","9347.T","236015000","18.2916","Japan"
"4780","Light &amp; Wonder","LNW","236000000","86.22","United States"
"4781","GoodRx","GDRX","235710000","3.44","United States"
"4782","C4 Therapeutics","CCCC","235671000","4.1","United States"
"4783","Mapletree Logistics Trust","M44U.SI","235350000","0.920463","Singapore"
"4784","Lotus Bakeries","LOTB.BR","235103000","15294.9","Belgium"
"4785","The Cheesecake Factory","CAKE","235090000","114.61","United States"
"4786","GLP J-REIT","3281.T","234967000","875.662","Japan"
"4787","Mankind Pharma","MANKIND.NS","234890000","24.7717","India"
"4788","Data#3 Limited","DTL.AX","234633000","8.39056","Australia"
"4789","Bunka Shutter","5930.T","234583000","11.9078","Japan"
"4790","YOOZOO Interactive","002174.SZ","234389000","1.80444","China"
"4791","Sagax","SAGA-B.ST","234183000","17.9339","Sweden"
"4792","Royal Gold","RGLD","234142000","263.75","United States"
"4793","Trimble","TRMB","234100000","60.67","United States"
"4794","Steel Authority of India","SAIL.NS","234043000","1.93062","India"
"4795","Qingci Games","6633.HK","234017000","0.382717","China"
"4796","Planisware","PLNW.PA","233964000","28.9112","France"
"4797","Relmada Therapeutics","RLMD","233963000","4.58","United States"
"4798","Steel Connect","STCN","233927000","12.18","United States"
"4799","Derichebourg","DBG.PA","233915000","10.4453","France"
"4800","Vontier","VNT","233800000","33.24","United States"
"4801","X4 Pharmaceuticals","XFOR","233720000","4.05","United States"
"4802","Warrior Met Coal","HCC","233239000","106.6","United States"
"4803","Personalis","PSNL","233218000","17.06","United States"
"4804","Birkenstock","BIRK","233182000","35.3","Germany"
"4805","British Land","BLND.L","233082000","5.87971","United Kingdom"
"4806","CorVel Corporation","CRVL","233072000","71.23","United States"
"4807","Matrix Service Company","MTRX","233021000","10.7","United States"
"4808","Coca-Cola Consolidated","COKE","232947000","192.6","United States"
"4809","Domino's Pizza","DPZ","232922000","349.01","United States"
"4810","Landis+Gyr","LAND.SW","232905000","59.1514","Switzerland"
"4811","Croda International","CRDA.L","232713000","47.3401","United Kingdom"
"4812","Create SD Holdings","3148.T","232645000","21.4365","Japan"
"4813","Alony Hetz","ALHE.TA","232402000","10.4429","Israel"
"4814","Clarivate","CLVT","232300000","2.13","United Kingdom"
"4815","Fortress REIT","FFB.JO","232299000","1.50284","South Africa"
"4816","Sansan, Inc.","4443.T","232227000","13.5147","Japan"
"4817","Cogna Educação","COGN3.SA","232116000","0.415486","Brazil"
"4818","Coats Group","COA.L","232000000","1.11437","United Kingdom"
"4819","NCR Voyix Corporation","VYX","232000000","7.96","United States"
"4820","Jersey Mike's Subs","JMKE","232000000","23.53","United States"
"4821","Tobu Railway","9001.T","231701000","19.1014","Japan"
"4822","Intuitive Machines","LUNR","231624000","16.66","United States"
"4823","Sakata Seed","1377.T","231588000","28.153","Japan"
"4824","Agilon Health","AGL","231411000","93.79","United States"
"4825","Exzeo Group","XZO","231381000","17.46","United States"
"4826","Tilray Brands","TLRY","231266000","4.72","Canada"
"4827","Unipar Carbocloro","UNIP6.SA","231176000","11.4317","Brazil"
"4828","ADC Therapeutics","ADCT","231008000","0.9651","Switzerland"
"4829","Weis Markets","WMK","230899000","71.04","United States"
"4830","Extendicare","EXE.TO","230810000","22.195","Canada"
"4831","atai Life Sciences","ATAI","230767000","7.38","Germany"
"4832","Hayward Holdings, Inc.","HAYW","230729000","14.5","United States"
"4833","Orion Corporation","ORNAV.HE","230674000","92.9121","Finland"
"4834","Nkarta","NKTX","230428000","2.59","United States"
"4835","Bharat Forge","BHARATFORG.NS","230278000","21.3468","India"
"4836","BCB Bancorp","BCBP","230094000","8.68","United States"
"4837","Phoenix Education Partners","PXED","230071000","28.11","United States"
"4838","Piaggio","PIA.MI","229775000","2.40382","Italy"
"4839","AptarGroup","ATR","229477000","134.75","United States"
"4840","Autolus Therapeutics","AUTL","229434000","2.34","United Kingdom"
"4841","Endurance Technologies","ENDURANCE.NS","229399000","31.2183","India"
"4842","LexinFintech Holdings","LX","228941000","1.3","China"
"4843","Peab","PEAB-B.ST","228937000","10.0931","Sweden"
"4844","Banc of California","BANC","228896000","18.65","United States"
"4845","American Coastal Insurance Corporation","ACIC","228863000","9.34","United States"
"4846","Hays plc","HAS.L","228808000","1.00879","United Kingdom"
"4847","Energiekontor","EKT.DE","228626000","30.485","Germany"
"4848","Max Financial Services","MFSL.NS","228611000","16.5625","India"
"4849","Madison Air Solutions","MAIR","228600000","24.97","United States"
"4850","Celcomdigi","6947.KL","228345000","0.707658","Malaysia"
"4851","Crane NXT","CXT","228300000","49.8","United States"
"4852","Titan America","TTAM","228248000","15.09","United States"
"4853","ENCE Energía y Celulosa","ENC.MC","228243000","2.97039","Spain"
"4854","Conduent","CNDT","228000000","1.61","United States"
"4855","Zabka Group","ZAB.WA","227952000","8.47414","Poland"
"4856","Fleury Michon","ALFLE.PA","227791000","25.0641","France"
"4857","MARR S.p.A.","MARR.MI","227694000","7.50758","Italy"
"4858","BBB Foods","TBBB","227685000","50.82","Mexico"
"4859","Zuken Inc.","6947.T","227531000","30.9463","Japan"
"4860","Tanger Inc.","SKT","227403000","38.95","United States"
"4861","Encore Capital Group","ECPG","227204000","103.16","United States"
"4862","First Busey","BUSE","227164000","30.29","United States"
"4863","Independent Bank Corporation","IBCP","227019000","36.96","United States"
"4864","Ryoyo Ryosan Holdings","167A.T","226846000","19.5847","Japan"
"4865","Altri","ALTR.LS","226737000","5.57239","Portugal"
"4866","Games Workshop Group","GAW.L","226479000","253.116","United Kingdom"
"4867","Oki Electric Industry Co., Ltd.","6703.T","226367000","17.2684","Japan"
"4868","Merchants Bancorp","MBIN","226164000","54.08","United States"
"4869","Manhattan Associates","MANH","226133000","213.18","United States"
"4870","IGO Limited","IGO.AX","225957000","5.96567","Australia"
"4871","First Advantage","FA","225908000","20.69","United States"
"4872","Chord Energy","CHRD","225802000","144.67","United States"
"4873","Fuji Seal International","7864.T","225761000","20.9029","Japan"
"4874","Perpetual Limited","PPT.AX","225760000","14.0773","Australia"
"4875","Zura Bio","ZURA","225594000","6.3","United States"
"4876","Claros Mortgage Trust","CMTG","225556000","1.72","United States"
"4877","Groupon","GRPN","225514000","19.63","United States"
"4878","Nissan Chemical","4021.T","225307000","51.3785","Japan"
"4879","Movado Group","MOV","225263000","34.73","United States"
"4880","FirstGroup","FGP.L","225136000","2.45215","United Kingdom"
"4881","Progyny","PGNY","225111000","25.45","United States"
"4882","Annexon","ANNX","225025000","5.06","United States"
"4883","ProKidney","PROK","224944000","1.61","United States"
"4884","UBM Development","UBS.VI","224940000","19.585","Austria"
"4885","ManpowerGroup","MAN","224900000","61.39","United States"
"4886","Bank Ochrony Srodowiska","BOS.WA","224835000","2.73359","Poland"
"4887","Sonoco","SON","224479000","57.49","United States"
"4888","SigmaRoc plc","SRC.L","224463000","1.78189","United Kingdom"
"4889","Genel Energy","GENL.L","224400000","0.949069","United Kingdom"
"4890","Aimco","AIV","224333000","2.6","United States"
"4891","Kilroy Realty","KRC","224321000","36.88","United States"
"4892","Tractor Supply","TSCO","224269000","35.92","United States"
"4893","Jazeera Airways","JAZEERA.KW","224176000","5575.48","Kuwait"
"4894","Arcutis Biotherapeutics","ARQT","224000000","24.78","United States"
"4895","Xometry","XMTR","223971000","84.58","United States"
"4896","One Software Technologies","ONE.TA","223894000","21.5325","Israel"
"4897","Universal Robina Corporation","UVRBF","223734000","1","Philippines"
"4898","Tetra Tech","TTEK","223612000","36.86","United States"
"4899","Melrose Industries","MRO.L","223555000","6.87419","United Kingdom"
"4900","Hexaware Technologies","HEXT.NS","223471000","5.8275","India"
"4901","Reliance Power","RPOWER.NS","223291000","0.237697","India"
"4902","Westports","5246.KL","223266000","1.7444","Malaysia"
"4903","CareTrust REIT","CTRE","223207000","39.65","United States"
"4904","Plug Power","PLUG","223189000","2.17","United States"
"4905","Fortune Brands Innovations","FBIN","223100000","44.96","United States"
"4906","Advanced Drainage Systems","WMS","223012000","140.46","United States"
"4907","Design Therapeutics","DSGN","222823000","15.23","United States"
"4908","Liquidia Corporation","LQDA","222786000","70.27","United States"
"4909","Knight-Swift Transportation","KNX","222774000","69.12","United States"
"4910","Bright Minds Biosciences","DRUG","222753000","77.025","United States"
"4911","EyePoint Pharmaceuticals","EYPT","222545000","4.87","United States"
"4912","Jungfraubahn Holding AG","JFN.SW","222394000","314.106","Switzerland"
"4913","Kalpataru Projects International","KPIL.NS","222357000","14.4645","India"
"4914","Vale Indonesia","INCO.JK","222347000","0.297938","Indonesia"
"4915","PCB Bancorp","PCB","222146000","27.6","United States"
"4916","AJ Bell","AJB.L","221945000","8.44629","United Kingdom"
"4917","AvenuesAI Limited","CCAVENUE.NS","221925000","0.157768","India"
"4918","Moltiply Group (Gruppo Mutuionline)","MOL.MI","221778000","43.2502","Italy"
"4919","Fiera Milano","FM.MI","221564000","9.3495","Italy"
"4920","Gerresheimer","GXI.F","221521000","30.7764","Germany"
"4921","Bajaj Holdings &amp; Investment","BAJAJHLDNG.NS","221374000","117.02","India"
"4922","Finolex Cables","FINCABLES.NS","221363000","13.1648","India"
"4923","ULTA Beauty","ULTA","221300000","538.76","United States"
"4924","Navitas Semiconductor","NVTS","221008000","12.23","Ireland"
"4925","RS Group","RS1.L","220501000","10.0811","United Kingdom"
"4926","Ironwood Pharmaceuticals","IRWD","220471000","4.13","United States"
"4927","NSD Co., Ltd.","9759.T","220111000","18.0845","Japan"
"4928","Skylark Holdings","3197.T","219963000","21.3109","Japan"
"4929","Virgin Galactic","SPCE","219891000","3","United States"
"4930","Sun Country Airlines","SNCY","219758000","16.17","United States"
"4931","IntegraFin","IHP.L","219706000","5.44241","United Kingdom"
"4932","Sanken Electric Co., Ltd.","6707.T","219701000","46.4383","Japan"
"4933","Comer Industries","COM.MI","219614000","54.4416","Italy"
"4934","Fair Isaac (FICO)","FICO","219419000","1166.4","United States"
"4935","Rumble","RUM","219042000","9.36","United States"
"4936","EQB (Equitable Bank)","EQB.TO","218654000","96.3417","Canada"
"4937","The Marzetti Company","MZTI","218447000","115.76","United States"
"4938","AGL Energy","AGL.AX","218392000","6.13019","Australia"
"4939","Adaptive Biotechnologies","ADPT","218334000","22.9","United States"
"4940","Orascom Development","ODHN.SW","218237000","6.66163","Switzerland"
"4941","Conagra Brands","CAG","218000000","16.67","United States"
"4942","RxSight","RXST","217880000","6.26","United States"
"4943","Sanyo Chemical Industries","4471.T","217715000","40.0482","Japan"
"4944","American Public Education","APEI","217598000","46.25","United States"
"4945","Constellation Oil Services Holding","QG21.F","217547000","14.7812","Luxembourg"
"4946","Helios Towers","HTWS.L","217300000","2.79","United Kingdom"
"4947","Exacompta Clairefontaine","ALEXA.PA","217266000","184.192","France"
"4948","Fagron","FAGR.BR","217224000","25.9967","Belgium"
"4949","Sherwin-Williams","SHW","216900000","346.73","United States"
"4950","Keisei Electric Railway Co., Ltd.","9009.T","216838000","8.41766","Japan"
"4951","Hibiya Engineering","1982.T","216782000","18.6933","Japan"
"4952","Third Coast Bancshares","TCBX","216755000","45.64","United States"
"4953","Gujarat Mineral Development","GMDCLTD.NS","216690000","5.93982","India"
"4954","Persistent Systems","PERSISTENT.NS","216661000","58.9019","India"
"4955","Patrizia Immobilien","P1Z.VI","216397000","8.68501","Germany"
"4956","YONEX Co., Ltd.","7906.T","216372000","17.9778","Japan"
"4957","Avex Inc.","7860.T","216328000","8.04103","Japan"
"4958","Zojirushi","7965.T","216293000","9.32157","Japan"
"4959","Sionna Therapeutics","SION","216150000","5.59","United States"
"4960","Okamoto Industries","5122.T","216119000","39.6088","Japan"
"4961","CEVA","CEVA","215693000","26.68","United States"
"4962","Lightbridge Corporation","LTBR","215671000","7.77","United States"
"4963","SoundHound AI","SOUN","215642000","7","United States"
"4964","Lilium","LILM","215572000","0.052","Germany"
"4965","DAIHEN Corporation","6622.T","215413000","81.1635","Japan"
"4966","BioArctic AB","BIOA-B.ST","215407000","35.5099","Sweden"
"4967","Sanyo Denki","6516.T","215293000","34.2105","Japan"
"4968","Texas Roadhouse","TXRH","214561000","205.29","United States"
"4969","Ares Commercial Real Estate","ACRE","214522000","4.73","United States"
"4970","Amdocs","DOX","214495000","62.1","United States"
"4971","Empire Company","EMP-A.TO","214292000","34.8493","Canada"
"4972","The Japan Wool Textile Co., Ltd. (Nikke Group)","3201.T","214285000","12.3032","Japan"
"4973","Orchid Island Capital","ORC","214183000","6.75","United States"
"4974","MNTN, Inc.","MNTN","213899000","12.93","United States"
"4975","JOST Werke SE","JST.DE","213518000","69.8298","Germany"
"4976","Champion Iron","CIA.AX","213472000","2.55365","Australia"
"4977","DXP Enterprises","DXPE","213381000","186.8","United States"
"4978","CVB Financial","CVBF","213014000","22.44","United States"
"4979","Humm Group","HUM.AX","212669000","0.307582","Australia"
"4980","Imperial Petroleum","IMPP","212595000","5.29","Greece"
"4981","TRE Holdings Corporation","9247.T","212386000","12.2404","Japan"
"4982","Robertet","CBE.PA","212238000","784.915","France"
"4983","Newmark","NMRK","212070000","16.07","United States"
"4984","Shizuoka Gas","9543.T","212016000","8.02847","Japan"
"4985","Andersen Group","ANDG","211912000","34.82","United States"
"4986","Zain Saudi Arabia","7030.SR","211856000","2.78606","Saudi Arabia"
"4987","Zentalis Pharmaceuticals","ZNTL","211758000","3.76","United States"
"4988","Unity Bancorp","UNTY","211593000","59.34","United States"
"4989","Stanmore Resources","SMR.AX","211500000","1.85265","Australia"
"4990","Evommune","EVMN","211464000","13.67","United States"
"4991","Getinge","GETI-B.ST","211422000","25.8378","Sweden"
"4992","Arcturus Therapeutics","ARCT","211375000","14.34","United States"
"4993","CCC S.A.","CCC.WA","211357000","34.9389","Poland"
"4994","Technology One","TNE.AX","211305000","23.7411","Australia"
"4995","JBT Marel Corporation","JBTM","211000000","115.08","United States"
"4996","Møns Bank","MNBA.CO","210992000","61.1183","Denmark"
"4997","BMV (Bolsa Mexicana de Valores)","BOLSAA.MX","210949000","2.22647","Mexico"
"4998","KGHM Polska Miedź","KGH.WA","210937000","97.3268","Poland"
"4999","HEICO","HEI","210335000","352.67","United States"
"5000","Jacquet Metals","JCQ.PA","210248000","24.0732","France"
"5001","Extreme Networks","EXTR","210113000","22.38","United States"
"5002","S&amp;T Bancorp","STBA","210009000","50.25","United States"
"5003","Lubelski Wegiel Bogdanka","LWB.WA","209986000","6.69866","Poland"
"5004","Community Financial System","CBU","209896000","63.02","United States"
"5005","Bio-Techne","TECH","209819000","72.39","United States"
"5006","CNB Financial Corp","CCNE","209796000","34.04","United States"
"5007","Future Corporation","4722.T","209701000","15.3665","Japan"
"5008","BlueNord ASA","BNOR.OL","209700000","57.9957","Norway"
"5009","CoreCivic","CXW","209686000","33.84","United States"
"5010","Lincoln International, Inc.","LCLN","209651000","23.42","United States"
"5011","Atmus Filtration Technologies","ATMU","209600000","48.13","United States"
"5012","Smartgroup Corporation","SIQ.AX","209448000","9.04149","Australia"
"5013","Hanjin Kal","180640.KS","209446000","88.3237","South Korea"
"5014","Nextage Co Ltd","3186.T","209227000","21.2795","Japan"
"5015","Demant","DEMANT.CO","209189000","44.5914","Denmark"
"5016","Endeavour Group","EDV.AX","209183000","2.24607","Australia"
"5017","Nippon Light Metal Holdings Company","5703.T","208981000","18.9884","Japan"
"5018","Indian Energy Exchange","IEX.NS","208979000","1.2936","India"
"5019","Athabasca Oil Corporation","ATH.TO","208965000","7.77834","Canada"
"5020","V2X","VVX","208666000","77.57","United States"
"5021","HEXPOL AB","HPOL-B.ST","208563000","9.58262","Sweden"
"5022","Whirlpool S.A.","WHRL3.SA","208415000","0.679532","Brazil"
"5023","Phoenix Mills","PHOENIXLTD.NS","208084000","20.164","India"
"5024","Ola Electric Mobility","OLAELEC.NS","207949000","0.377703","India"
"5025","United Super Markets Holdings","3222.T","207723000","5.27908","Japan"
"5026","Fermi Inc.","FRMI","207501000","5.62","United States"
"5027","Neowiz Games","095660.KQ","207489000","13.1366","South Korea"
"5028","Bahrain Kuwait Insurance Company (GIG Bahrain)","BKIC.BH","207436000","1.03448","Bahrain"
"5029","Nutex Health","NUTX","207347000","187.6","United States"
"5030","Global Fashion Group","GFG.DE","207340000","0.518769","Luxembourg"
"5031","Victoria's Secret &amp; Co","VSCO","207000000","54.3","United States"
"5032","Emperor Watch &amp; Jewellery","0887.HK","206958000","0.0369959","Hong Kong"
"5033","Texwinca Holdings","0321.HK","206873000","0.136502","Hong Kong"
"5034","SK Biopharmaceuticals","326030.KS","206782000","60.9527","South Korea"
"5035","Alector","ALEC","206515000","2.3","United States"
"5036","freee K.K.","4478.T","206473000","24.324","Japan"
"5037","Globant","GLOB","206436000","39.58","Luxembourg"
"5038","Nachi-Fujikoshi","6474.T","206383000","35.717","Japan"
"5039","Okamura Corporation","7994.T","206364000","14.8455","Japan"
"5040","Aktieselskabet Schouw & Co.","SCHO.CO","206323000","117.247","Denmark"
"5041","WIN Semiconductors","3105.TWO","206131000","11.8891","Taiwan"
"5042","Pick n Pay Stores","PIK.JO","206101000","1.17693","South Africa"
"5043","Karoon Energy","KAR.AX","206100000","1.26252","Australia"
"5044","National Central Cooling Company","TABREED.AE","206041000","0.65888","United Arab Emirates"
"5045","Appian","APPN","205988000","39.17","United States"
"5046","Musashi Seimitsu Industry","7220.T","205897000","20.1496","Japan"
"5047","Riot Platforms","RIOT","205666000","20","United States"
"5048","Menicon Co., Ltd.","7780.T","205626000","11.9831","Japan"
"5049","Stalprodukt","STP.WA","205567000","60.6262","Poland"
"5050","Badger Meter","BMI","205453000","135.8","United States"
"5051","Mavi Giyim Sanayi ve Ticaret","MAVI.IS","205293000","0.798895","Turkey"
"5052","ARGO GRAPHICS","7595.T","205254000","8.34233","Japan"
"5053","Funding Circle","FCH.L","205240000","3.27975","United Kingdom"
"5054","Seacoast Banking","SBCF","205176000","34.34","United States"
"5055","MacroWell OMG Digital Entertainment","3687.TWO","205155000","1.94492","Taiwan"
"5056","ATS Corporation","ATS","204962000","19.23","Canada"
"5057","OneConnect Financial Technology","OCFT","204875000","7.89","China"
"5058","Grupo Aeroportuario Centro Norte","OMAB","204773000","102.91","Mexico"
"5059","Fastenal","FAST","204700000","51.28","United States"
"5060","Ambiq Micro","AMBQ","204535000","56.73","United States"
"5061","Dino Polska","DNP.WA","204503000","9.67584","Poland"
"5062","SkinHealth Systems","SKIN","204358000","0.68","United States"
"5063","Donaldson Company","DCI","204100000","92.43","United States"
"5064","Liquidity Services","LQDT","204019000","43.23","United States"
"5065","A. O. Smith","AOS","203900000","62.72","United States"
"5066","I.B.I. Investment House","IBI.TA","203848000","138.361","Israel"
"5067","Hacksaw AB","HACK.ST","203747000","8.61436","Sweden"
"5068","Schaeffler India","SCHAEFFLER.NS","203679000","41.8316","India"
"5069","Clover Health Investments","CLOV","203543000","4.11","United States"
"5070","Spadel","SPA.BR","203400000","403.357","Belgium"
"5071","Ryobi Limited","5851.T","203327000","17.4442","Japan"
"5072","Kotobuki Spirits","2222.T","203053000","17.1084","Japan"
"5073","CMB.TECH","CMBT","202871000","18.17","Belgium"
"5074","APL Apollo","APLAPOLLO.NS","202798000","22.2756","India"
"5075","Savara","SVRA","202772000","5.56","United States"
"5076","Hilton Food Group plc","HFG.L","202681000","8.43267","United Kingdom"
"5077","Sutro Biopharma","STRO","202558000","20.49","United States"
"5078","Construtora Tenda S.A.","TEND3.SA","202438000","6.01489","Brazil"
"5079","Avnet","AVT","202436000","86.26","United States"
"5080","Vanda Pharmaceuticals","VNDA","202310000","5.33","United States"
"5081","Kagome Co., Ltd.","2811.T","202266000","17.0393","Japan"
"5082","Maxell, Ltd.","6810.T","202189000","15.0463","Japan"
"5083","Quebecor","QBR-B.TO","202188000","45.1692","Canada"
"5084","Pacira Biosciences","PCRX","202180000","24.86","United States"
"5085","The Vita Coco Company","COCO","201912000","63.36","United States"
"5086","Basilea Pharmaceutica","BSLN.SW","201844000","80.4856","Switzerland"
"5087","Rasan Information Technology Company","8313.SR","201809000","38.3284","Saudi Arabia"
"5088","MMTC","MMTC.NS","201691000","0.668478","India"
"5089","Colliers International","CIGI","201567000","107.86","Canada"
"5090","Toagosei","4045.T","201505000","11.6849","Japan"
"5091","Latitude Group Holdings","LFS.AX","201409000","0.668813","Australia"
"5092","Ezdan Holding Group","ERES.QA","201386000","0.224725","Qatar"
"5093","Transport International Holdings","0062.HK","201224000","1.1507","Hong Kong"
"5094","Newell Brands","NWL","201000000","6.07","United States"
"5095","ARS Pharmaceuticals","SPRY","200969000","5.35","United States"
"5096","Cass Information Systems","CASS","200942000","57.42","United States"
"5097","Liftoff Mobile","LFTO","200940000","19.16","United States"
"5098","KB Home","KBH","200760000","55.64","United States"
"5099","RPC, Inc.","RES","200730000","6.2","United States"
"5100","Innovex International","INVX","200707000","28.62","United States"
"5101","Array Technologies","ARRY","200702000","4.57","United States"
"5102","Meidensha Corporation","6508.T","200695000","72.6894","Japan"
"5103","centrotherm international","CTNK.F","200633000","10.8417","Germany"
"5104","Zevra Therapeutics","ZVRA","200616000","11.65","United States"
"5105","IDEXX Laboratories","IDXX","200528000","559.51","United States"
"5106","Nu Skin","NUS","200405000","4.77","United States"
"5107","Larimar Therapeutics","LRMR","200385000","4.05","United States"
"5108","Wienerberger","WIB.F","200234000","22.546","Austria"
"5109","CSB Bank","CSBBANK.NS","200121000","3.53673","India"
"5110","Genie Energy","GNE","200074000","15.28","United States"
"5111","City Holding Company","CHCO","200000000","144.93","United States"
"5112","Churchill Downs","CHDN","200000000","90.71","United States"
"5113","The Star Entertainment Group","SGR.AX","199953000","0.0894135","Australia"
"5114","Aluar Aluminio Argentino","ALUA.BA","199900000","0.579523","Argentina"
"5115","Camping World","CWH","199827000","6.42","United States"
"5116","Beta Bionics","BBNX","199520000","19.73","United States"
"5117","Nitto Boseki","3110.T","199450000","18.6494","Japan"
"5118","Helmerich &amp; Payne","HP","199147000","42.49","United States"
"5119","Clas Ohlson AB","CLAS-B.ST","198955000","46.266","Sweden"
"5120","Enghouse Systems","ENGH.TO","198627000","12.3674","Canada"
"5121","Albertsons","ACI","198600000","12.61","United States"
"5122","YG Entertainment","122870.KQ","198447000","28.382","South Korea"
"5123","Inter Cars","CAR.WA","198439000","261.992","Poland"
"5124","Neuren Pharmaceuticals","NEU.AX","198343000","16.1159","Australia"
"5125","FTI Consulting","FCN","198276000","155.52","United States"
"5126","Aluminium Bahrain (Alba)","ALBH.BH","198231000","0","Bahrain"
"5127","Fujimi Incorporated","5384.T","197668000","22.786","Japan"
"5128","Amneal Pharmaceuticals","AMRX","197656000","17.78","United States"
"5129","Genius Sports","GENI","197444000","7.99","United Kingdom"
"5130","NBT Bancorp","NBTB","197350000","52","United States"
"5131","Aavas Financiers","AAVAS.NS","197177000","13.7154","India"
"5132","TransAlta","TAC","197081000","12.1","Canada"
"5133","Sanlorenzo","SL.MI","196992000","45.2087","Italy"
"5134","Empyrean Technology","301269.SZ","196694000","13.7453","China"
"5135","First Western Financial","MYFW","196512000","30.81","United States"
"5136","Kestra Medical Technologies","KMTS","196434000","26.91","United States"
"5137","TORM","TRMD","196400000","31.64","United Kingdom"
"5138","Pebblebrook Hotel Trust","PEB","196207000","18.32","United States"
"5139","Heiwa Real Estate","8803.T","196205000","15.0777","Japan"
"5140","SHO-BOND Holdings","1414.T","196122000","7.99081","Japan"
"5141","Sectra AB","SECT-B.ST","196118000","29.153","Sweden"
"5142","Xanadu Quantum Technologies Limited","XNDU","195977000","10.45","Canada"
"5143","Rosetti Marino","YRM.MI","195977000","291.443","Italy"
"5144","Kesko","KESKOA.HE","195951000","25.1807","Finland"
"5145","Valhi","VHI","195900000","18.1","United States"
"5146","Mochida Pharmaceutical","4534.T","195846000","20.7774","Japan"
"5147","Rogers Corporation","ROG","195800000","122.84","United States"
"5148","Amlak Finance","AMLAK.AE","195684000","0","United Arab Emirates"
"5149","Chesnara plc","CSN.L","195678000","4.69354","United Kingdom"
"5150","National Bank Holdings","NBHC","195505000","41.8","United States"
"5151","Alamo Group","ALG","195234000","165.24","United States"
"5152","Tsuburaya Fields Holdings","2767.T","195076000","15.8435","Japan"
"5153","Fukuyama Transporting","9075.T","194893000","40.1738","Japan"
"5154","LifeStance Health Group","LFST","194797000","12.16","United States"
"5155","Compass Therapeutics","CMPX","194687000","2.4","United States"
"5156","eREX Co.,Ltd.","9517.T","194294000","5.4674","Japan"
"5157","Pharma Mar","PHM.MC","194277000","96.7009","Spain"
"5158","Top Glove","BVA.SI","194194000","0.161278","Malaysia"
"5159","VTEX","VTEX","193713000","3.66","United Kingdom"
"5160","Axial Retailing","8255.T","193689000","8.03475","Japan"
"5161","SITE Centers","SITC","193453000","3.07","United States"
"5162","Euroseas","ESEA","193286000","76.79","Greece"
"5163","Lexeo Therapeutics","LXEO","193043000","4.92","United States"
"5164","NetLink Trust","CJLU.SI","192864000","0.767052","Singapore"
"5165","Akatsuki Inc","3932.T","192680000","23.8218","Japan"
"5166","Ventyx Biosciences","VTYX","192638000","14","United States"
"5167","Walker &amp; Dunlop","WD","192527000","39.48","United States"
"5168","Turning Point Brands","TPB","192439000","83.46","United States"
"5169","Olin Corporation","OLN","192200000","17.57","United States"
"5170","OnKure Therapeutics","OKUR","192106000","3.89","United States"
"5171","Sappi","SAP.JO","192000000","0.944038","South Africa"
"5172","Intracom Holdings","INTRK.AT","191925000","3.59058","Greece"
"5173","Charles River Laboratories","CRL","191830000","298.58","United States"
"5174","FirstService","FSV","191419000","143.91","Canada"
"5175","Fortune Electric Co., Ltd.","1519.TW","191302000","22.492","Taiwan"
"5176","Tauron Polska","TPE.WA","191221000","2.25779","Poland"
"5177","Beyond Meat","BYND","191005000","14.15","United States"
"5178","Enterprise Products","EPD","191000000","38.36","United States"
"5179","International Financial Advisors Holding","IFA.KW","190624000","1164","Kuwait"
"5180","Vitru","VTRU3.SA","190571000","2.60552","Brazil"
"5181","Blue Owl Capital","OWL","190457000","11.68","United States"
"5182","SmartFinancial (SmartBank)","SMBK","190407000","51.18","United States"
"5183","CAR Group (Carsales)","CAR.AX","190322000","20.9585","Australia"
"5184","Alpha &amp; Omega Semiconductor","AOSL","190253000","25.89","United States"
"5185","Peapack-Gladstone Financial","PGC","190075000","45.33","United States"
"5186","Sunrise Communications AG","SUNN.SW","190063000","53.2673","Switzerland"
"5187","Dentsply Sirona","XRAY","190000000","10.89","United States"
"5188","nVent Electric","NVT","190000000","153.35","United Kingdom"
"5189","Halma","HLMA.L","189909000","49.2432","United Kingdom"
"5190","AAK","AAK.ST","189888000","20.7123","Sweden"
"5191","Groupe Partouche","PARP.PA","189851000","20.809","France"
"5192","Land and Houses","LH.BK","189764000","0.11179","Thailand"
"5193","Com2uS","078340.KQ","189733000","22.5684","South Korea"
"5194","Park National Corp","PRK","189728000","203.46","United States"
"5195","Hycroft Mining","HYMC","189674000","25.74","United States"
"5196","Aveanna Healthcare","AVAH","189274000","13.7","United States"
"5197","NI Holdings","NODK","189212000","15.12","United States"
"5198","MarineMax","HZO","189132000","52.13","United States"
"5199","Raito Kogyo","1926.T","189023000","23.6649","Japan"
"5200","Graphic Packaging","GPK","189000000","11.45","United States"
"5201","Cimpress","CMPR","188998000","87.52","Ireland"
"5202","Kyoritsu Maintenance Co., Ltd.","9616.T","188934000","21.675","Japan"
"5203","Charter Hall Group","CHC.AX","188594000","14.6853","Australia"
"5204","Caisse régionale de Crédit Agricole Mutuel Atlantique Vendée","CRAV.PA","188552000","163.791","France"
"5205","Nexen Tire Corporation","002350.KS","187633000","4.72311","South Korea"
"5206","Serve Robotics","SERV","187478000","4.67","United States"
"5207","Marcus &amp; Millichap","MMI","187322000","32.42","United States"
"5208","APT Medical","688617.SS","187255000","37.7133","China"
"5209","CareDx","CDNA","187176000","47.5","United States"
"5210","Cheetah Mobile","CMCM","187127000","3.03","China"
"5211","Siam City Cement (INSEE)","SCCC.BK","186944000","4.67318","Thailand"
"5212","JB Hi-Fi","JBH.AX","186883000","49.8569","Australia"
"5213","Stitch Fix","SFIX","186814000","3.29","United States"
"5214","Immunic","IMUX","186629000","16.46","United States"
"5215","BitGo","BTGO","186598000","6.8","United States"
"5216","Provident Financial Services","PFS","186508000","23.57","United States"
"5217","APR Co., Ltd.","278470.KS","186434000","318.124","South Korea"
"5218","GPA","PCAR3.SA","186219000","0.555275","Brazil"
"5219","Sakai Moving Service Co.,Ltd.","9039.T","186197000","18.8942","Japan"
"5220","Atul","ATUL.NS","186118000","67.8821","India"
"5221","Vishal Mega Mart Limited","VMM.NS","185867000","1.16801","India"
"5222","TFI International","TFII","185814000","135.82","Canada"
"5223","Viant Technology","DSP","185687000","12.24","United States"
"5224","Cellectis","CLLS","185663000","3.19","France"
"5225","Tessenderlo Group","TESB.BR","185607000","24.4229","Belgium"
"5226","Topy Industries","7231.T","185529000","19.1139","Japan"
"5227","Tonix Pharmaceuticals","TNXP","185470000","12.45","United States"
"5228","Skillz","SKLZ","185401000","8.84","United States"
"5229","Commercial Real Estate Company (Kuwait)","ALTIJARIA.KW","185349000","616.237","Kuwait"
"5230","Guzman y Gomez","GYG.AX","185333000","21.5021","Australia"
"5231","Homeland Interactive Technology","3798.HK","185318000","0.144794","China"
"5232","Norwegian Cruise Line","NCLH","185047000","17.22","United States"
"5233","Sawai Group Holdings","4887.T","184999000","10.1501","Japan"
"5234","Porch Group","PRCH","184994000","17.06","United States"
"5235","Embecta","EMBC","184900000","4.99","United States"
"5236","The Foschini Group","TFG.JO","184819000","3.2673","South Africa"
"5237","Ithaca Energy","ITH.L","184800000","3.64553","United Kingdom"
"5238","Benitec Biopharma","BNTC","184761000","12.71","United States"
"5239","Oula Fuel Marketing Company","OULAFUEL.KW","184754000","1111.84","Kuwait"
"5240","RENK Group","R3NK.DE","184675000","54.9983","Germany"
"5241","Magnite","MGNI","184648000","23.56","United States"
"5242","Kennedy Wilson","KW","184600000","10.92","United States"
"5243","Sano Bruno's Enterprises","SANO1.TA","184565000","116.295","Israel"
"5244","Paul Hartmann","PHH2.F","184525000","233.155","Germany"
"5245","Nordic Paper","NPAPER.ST","184309000","5.00414","Sweden"
"5246","Grange Resources","GRR.AX","184295000","0.09299","Australia"
"5247","Milestone Pharmaceuticals","MIST","184216000","1.04","Canada"
"5248","Yellow Cake plc","YCA.L","184181000","8.1337","Jersey"
"5249","Invivyd","IVVD","184153000","0.9425","United States"
"5250","TGS ASA","TGS.OL","184000000","14.4882","Norway"
"5251","Puravankara","PURVA.NS","183993000","2.27709","India"
"5252","Harvey Norman","HVN.AX","183981000","3.31187","Australia"
"5253","Atlas Arteria","ALX.AX","183793000","3.44063","Australia"
"5254","Alleima AB","ALLEI.ST","183789000","12.198","Sweden"
"5255","Aquafil","ECNL.MI","183632000","1.58778","Italy"
"5256","Foghorn Therapeutics","FHTX","183631000","6.87","United States"
"5257","Ventas","VTR","183613000","93.47","United States"
"5258","QL Resources","7084.KL","183569000","0.984783","Malaysia"
"5259","Bourrelier Group","ALBOU.PA","183506000","78.5731","France"
"5260","Plumas Bancorp","PLBC","183426000","61.4","United States"
"5261","PeptiDream","4587.T","183419000","6.99274","Japan"
"5262","Equifax","EFX","183400000","194.63","United States"
"5263","KKR Real Estate Finance Trust","KREF","183341000","7.51","United States"
"5264","Cintas","CTAS","183204000","207.4","United States"
"5265","LegalZoom","LZ","183152000","6","United States"
"5266","Vinci Compass Investments","VINP","183068000","9.66","Brazil"
"5267","ATRenew","RERE","182843000","4.09","China"
"5268","Malaysian Pacific Industries","3867.KL","182611000","10.2685","Malaysia"
"5269","Seaport Therapeutics","SPTX","182605000","24.08","United States"
"5270","Onity Group","ONIT","182500000","35.82","United States"
"5271","Clear Channel Outdoor","CCO","182421000","2.36","United States"
"5272","Al Rajhi Company for Cooperative Insurance","8230.SR","182335000","14.4364","Saudi Arabia"
"5273","Surgery Partners","SGRY","182300000","13.95","United States"
"5274","Parke Bancorp","PKBK","182150000","33.97","United States"
"5275","Religare","RELIGARE.NS","182135000","2.38324","India"
"5276","Altus Group","AIF.TO","182084000","34.5552","Canada"
"5277","Macerich","MAC","182034000","24.36","United States"
"5278","Ryder","R","182000000","244.93","United States"
"5279","CIE Automotive India","CIEINDIA.NS","181977000","4.12757","India"
"5280","Finning","FTT.TO","181976000","65.3727","Canada"
"5281","Noevir Holdings","4928.T","181963000","30.6011","Japan"
"5282","Amplitude","AMPL","181925000","13.15","United States"
"5283","LSB Industries","LXU","181683000","10.72","United States"
"5284","Verastem Oncology","VSTM","181678000","6.86","United States"
"5285","East Pipes Integrated Company for Industry","1321.SR","181646000","50.7138","Saudi Arabia"
"5286","Cyient","CYIENT.NS","181624000","10.2528","India"
"5287","Cochlear","COH.AX","181358000","98.598","Australia"
"5288","Reece Group","REH.AX","181168000","11.8956","Australia"
"5289","Chartwell Retirement Residences","CSH-UN.TO","181033000","15.1959","Canada"
"5290","Phathom Pharmaceuticals","PHAT","180904000","8.66","United States"
"5291","Zeon Corporation","4205.T","180844000","15.1028","Japan"
"5292","Husqvarna","HUSQ-A.ST","180825000","3.97829","Sweden"
"5293","KITZ Corporation","6498.T","180541000","12.1902","Japan"
"5294","Suzlon","SUZLON.NS","180484000","0.488246","India"
"5295","The Toro Company","TTC","180400000","99.48","United States"
"5296","Bharti Hexacom","BHARTIHEXA.NS","180169000","16.6576","India"
"5297","MSA Safety","MSA","180158000","188.9","United States"
"5298","OPENLANE Corporate","OPLN","180100000","34.05","United States"
"5299","Izumi Co., Ltd.","8273.T","180011000","6.79815","Japan"
"5300","Infratil","IFT.NZ","179935000","8.82721","New Zealand"
"5301","Qatar National Cement Company","QNCD.QA","179920000","0.711264","Qatar"
"5302","Exmar","EXM.BR","179843000","13.4064","Belgium"
"5303","Genki Global Dining Concepts","9828.T","179671000","22.1897","Japan"
"5304","Inmobiliaria Colonial","COL.MC","179645000","6.41175","Spain"
"5305","Washington Trust Bancorp","WASH","179490000","39.72","United States"
"5306","Byline Bancorp","BY","179353000","38.37","United States"
"5307","Plastika Kritis","PLAKR.AT","179312000","17.9529","Greece"
"5308","TOWA Corporation","6315.T","179291000","14.6697","Japan"
"5309","American Well","AMWL","179207000","11.92","United States"
"5310","Walaa Cooperative Insurance Company","8060.SR","179169000","2.98317","Saudi Arabia"
"5311","Intercos","ICOS.MI","178863000","16.2975","Italy"
"5312","Freenet","FNTN.F","178706000","28.4682","Germany"
"5313","Healthcare Services Group","HCSG","178614000","22.8","United States"
"5314","Nissin Corporation","9066.T","178564000","51.9081","Japan"
"5315","Fever-Tree Drinks","FEVR.L","178498000","11.6886","United Kingdom"
"5316","EverQuote","EVER","178492000","26.62","United States"
"5317","Definitive Healthcare","DH","178095000","0.7209","United States"
"5318","CorMedix","CRMD","178087000","8.28","United States"
"5319","VAT Group","VACN.SW","178076000","765.298","Switzerland"
"5320","NRG Energy","NRG","178000000","111.78","United States"
"5321","Alight","ALIT","178000000","14.87","United States"
"5322","China Automotive Systems","CAAS","177931000","4.755","China"
"5323","Immersion Corporation","IMMR","177921000","7.54","United States"
"5324","The Navigator Company","NVG.LS","177680000","3.84705","Portugal"
"5325","SES AI","SES","177679000","0.54","United States"
"5326","Currys plc","CURY.L","177648000","2.00395","United Kingdom"
"5327","Mannai Corporation","MCCS.QA","177647000","1.42033","Qatar"
"5328","Gentherm","THRM","177401000","39.45","United States"
"5329","Option Care Health","OPCH","177321000","23.67","United States"
"5330","Element Solutions","ESI","177300000","34.98","United States"
"5331","Enviva","EVA","177119000","0.4198","United States"
"5332","Arhaus","ARHS","177111000","9.24","United States"
"5333","Elmos Semiconductor","ELG.DE","177077000","157.612","Germany"
"5334","Middleby","MIDD","177065000","115.22","United States"
"5335","Emperador Brandy","EMI.SI","177032000","0.267485","Philippines"
"5336","OraSure Technologies","OSUR","176964000","3.82","United States"
"5337","RELX","RELX","176420000","36.39","United Kingdom"
"5338","Mediclin","MED.DE","176392000","6.29517","Germany"
"5339","Tata Elxsi","TATAELXSI.NS","176379000","38.1851","India"
"5340","Romande Energie","REHN.SW","176245000","60.5819","Switzerland"
"5341","Meyer Burger Technology","MBTN.SW","176222000","0.00608813","Switzerland"
"5342","Bajaj Mobility AG","BMAG.VI","176207000","38.1791","Austria"
"5343","Riken Keiki","7734.T","176125000","20.9029","Japan"
"5344","IDOM Inc.","7599.T","175999000","8.02847","Japan"
"5345","Multiplan Empreendimentos Imobiliários","MULT3.SA","175993000","5.23046","Brazil"
"5346","Toyobo Co., Ltd.","3101.T","175977000","10.3573","Japan"
"5347","Dave Inc.","DAVE","175931000","354.79","United States"
"5348","Oportun Financial","OPRT","175857000","7.6","United States"
"5349","BRC Group Holdings","RILY","175823000","7.04","United States"
"5350","Sangfor Technologies","300454.SZ","175767000","17.3943","China"
"5351","Odyssey Therapeutics","ODTX","175749000","25.15","United States"
"5352","Srei Infrastructure Finance","SREINFRA.NS","175575000","0.03","India"
"5353","Brady Corporation","BRC","175491000","94.38","United States"
"5354","Softstar Entertainment","6111.TWO","175434000","1.13401","Taiwan"
"5355","Ellington Financial","EFC","175230000","13.62","United States"
"5356","ZoomInfo","GTM","175200000","3.9","United States"
"5357","Zeria Pharmaceutical","4559.T","175055000","12.9937","Japan"
"5358","Gentex","GNTX","175047000","23.59","United States"
"5359","Mitsuboshi Belting","5192.T","175036000","27.4939","Japan"
"5360","Japan Display","6740.T","175023000","0.295026","Japan"
"5361","CMS Energy","CMS","175000000","68.42","United States"
"5362","Indivior PLC","INDV","175000000","36.18","United States"
"5363","DBV Technologies","DBVT","174900000","14.14","France"
"5364","Kinepolis Group","KIN.BR","174822000","53.9753","Belgium"
"5365","Fate Therapeutics","FATE","174822000","2.44","United States"
"5366","NRW Holdings Limited","NWH.AX","174809000","5.55794","Australia"
"5367","MillerKnoll","MLKN","174600000","23.16","United States"
"5368","Sprott Inc","SII","174565000","135.46","Canada"
"5369","Kvika banki","KVIKA.IC","174513000","0.107914","Iceland"
"5370","Iwatani Corporation","8088.T","174487000","13.6277","Japan"
"5371","indie Semiconductor","INDI","174433000","3.92","United States"
"5372","Bourse Direct","BSD.PA","174285000","6.43507","France"
"5373","Mitra Keluarga","MIKA.JK","174081000","0.104208","Indonesia"
"5374","Shenzhen Salubris Pharmaceuticals","002294.SZ","174065000","4.74837","China"
"5375","Diamondback Energy","FANG","174000000","205.6","United States"
"5376","Aspen Aerogels","ASPN","173870000","5.01","United States"
"5377","DoubleVerify","DV","173802000","13.3","United States"
"5378","Macmahon Holdings","MAH.AX","173591000","0.74392","Australia"
"5379","Meiko Electronics","6787.T","173447000","112.926","Japan"
"5380","Open Lending","LPRO","173308000","3.14","United States"
"5381","IQM Quantum Computers","IQMX","173179000","10.44","Finland"
"5382","Makhazen","MKHZN.KW","173151000","518.422","Kuwait"
"5383","Ouster","OUST","173118000","35.75","United States"
"5384","Coronado Global Resources","CRN.AX","173032000","0.135908","Australia"
"5385","BLG Logistics","BLH.F","173016000","13.523","Germany"
"5386","Man Group","EMG.L","173000000","4.1741","Jersey"
"5387","Arendals Fossekompani","AFK.OL","172790000","19.6541","Norway"
"5388","Adecoagro","AGRO","172531000","11.26","Luxembourg"
"5389","Energizer Holdings","ENR","172500000","21.48","United States"
"5390","Ferrari Group PLC","046.F","172460000","8.95314","United Kingdom"
"5391","Shin Nippon Air Technologies","1952.T","172381000","19.365","Japan"
"5392","Par Pacific Holdings","PARR","172168000","74.33","United States"
"5393","Deutsche Rohstoff","DR0.DE","172083000","101.772","Germany"
"5394","Akwel SA","AKW.PA","172034000","7.67079","France"
"5395","Oneok","OKE","172000000","93.02","United States"
"5396","Plains GP","PAGP","172000000","27.27","United States"
"5397","Aya Gold &amp; Silver","AYA.TO","171959000","26.5387","Canada"
"5398","Power Mech Projects","POWERMECH.NS","171918000","26.177","India"
"5399","Bijou Brigitte","BIJ.DE","171903000","53.2758","Germany"
"5400","Trevi Therapeutics","TRVI","171783000","18.08","United States"
"5401","Safe Bulkers","SB","171775000","8.65","Monaco"
"5402","Aumann AG","AAG.DE","171678000","16.7288","Germany"
"5403","Twist Bioscience","TWST","171671000","140.8","United States"
"5404","Applied Industrial Technologies","AIT","171576000","338.75","United States"
"5405","Timberland Bancorp","TSBK","171541000","45.91","United States"
"5406","Phu Nhuan Jewelry (PNJ)","PNJ.VN","171331000","1.6296","Vietnam"
"5407","China Motor Bus Company","0026.HK","171280000","7.6033","Hong Kong"
"5408","Titan International","TWI","171262000","7.03","United States"
"5409","Cancom","COK.F","171117000","24.3647","Germany"
"5410","Rockhopper Exploration","RKH.L","171048000","0.997207","United Kingdom"
"5411","Aditya Birla Fashion and Retail","ABFRL.NS","171048000","0.568802","India"
"5412","Gilat Satellite Networks","GILT","171014000","9.95","Israel"
"5413","Plains All American Pipeline","PAA","171000000","24.96","United States"
"5414","Citycon","CTY1S.HE","170951000","3.38074","Finland"
"5415","Pliant Therapeutics","PLRX","170892000","1.14","United States"
"5416","BLS International","BLS.NS","170888000","2.54414","India"
"5417","Permian Resources","PR","170780000","23.69","United States"
"5418","Expro Group","XPRO","170738000","17.91","United States"
"5419","GeneDx Holdings","WGS","170685000","85.19","United States"
"5420","Lexicon Pharmaceuticals","LXRX","170658000","2.32","United States"
"5421","Verve Group SE","VER.ST","170390000","1.70287","Sweden"
"5422","Morgan Advanced Materials","MGAM.L","170360000","3.22185","United Kingdom"
"5423","Parkin PJSC","PARKIN.AE","170334000","1.54918","United Arab Emirates"
"5424","International Money Express","IMXI","170324000","14.2","United States"
"5425","AOKI Holdings","8214.T","170313000","11.1106","Japan"
"5426","Caledonia Mining","CMCL","170026000","25","Jersey"
"5427","Tootsie Roll Industries","TR","169731000","41.44","United States"
"5428","Quaker Houghton","KWR","169728000","162.16","United States"
"5429","Holmen","HOLM-B.ST","169603000","34.3311","Sweden"
"5430","Y.D. More Investments","MRIN.TA","169571000","13.2361","Israel"
"5431","Kodiak Sciences","KOD","169530000","37.22","United States"
"5432","Orora Limited","ORA.AX","169320000","1.08369","Australia"
"5433","Dime Community Bancshares","DCOM","169297000","40.41","United States"
"5434","SL Green Realty","SLG","169197000","58.57","United States"
"5435","Altius Telecom Infrastructure Trust","ALTIUSINVIT.BO","169183000","1.86187","India"
"5436","Guerbet","GBT.PA","168988000","9.15132","France"
"5437","Medifast","MED","168946000","12","United States"
"5438","UniFirst","UNF","168876000","291.75","United States"
"5439","Carel Industries","CRL.MI","168833000","32.117","Italy"
"5440","Lundbergföretagen","LUND-B.ST","168792000","60.2531","Sweden"
"5441","Allegro MicroSystems","ALGM","168753000","35.63","United States"
"5442","Niu Technologies","NIU","168735000","1.94","China"
"5443","DFI Retail Group","D01.SI","168700000","3.64","Hong Kong"
"5444","Pandox AB","PNDX-B.ST","168664000","18.1654","Sweden"
"5445","Great Southern Bancorp","GSBC","168520000","78.65","United States"
"5446","Hangzhou Electronic Soul Network Technology","603258.SS","168519000","1.92642","China"
"5447","Kimco Realty","KIM","168438000","24.22","United States"
"5448","ÖKOWORLD","VVV3.DE","168374000","30.3101","Germany"
"5449","Abeona Therapeutics","ABEO","168271000","6.06","United States"
"5450","Befesa","BFSA.DE","168026000","42.609","Luxembourg"
"5451","Edison International","EIX","168000000","73.97","United States"
"5452","OceanFirst Financial","OCFC","167946000","18.94","United States"
"5453","Shinagawa Refractories","5351.T","167727000","13.1443","Japan"
"5454","Stabilus","STM.DE","167620000","20.028","Luxembourg"
"5455","Zeal Network","TIMA.F","167581000","49.7785","Germany"
"5456","ON24","ONTF","167529000","8.1","United States"
"5457","Arlo Technologies","ARLO","167498000","13.09","United States"
"5458","Morita Holdings Corporation","6455.T","167387000","15.6113","Japan"
"5459","Nicolet Bankshares","NIC","167241000","172.94","United States"
"5460","Hansol Chemical","014680.KS","167203000","148.049","South Korea"
"5461","Coherus BioSciences","CHRS","167048000","1.36","United States"
"5462","TOKAI Corp.","9729.T","167015000","16.1511","Japan"
"5463","Northeast Bank","NBN","166954000","129.53","United States"
"5464","Petco","WOOF","166804000","2.88","United States"
"5465","Seer Inc","SEER","166672000","2.04","United States"
"5466","ASBISc Enterprises","ASB.WA","166670000","36.2404","Cyprus"
"5467","The Pack Corporation","3950.T","166617000","9.55382","Japan"
"5468","Morinaga &amp; Company","2201.T","166598000","16.2547","Japan"
"5469","Midland States Bancorp","MSBI","166471000","32.795","United States"
"5470","Sudarshan Chemical","SUDARSCHEM.NS","166402000","12.8555","India"
"5471","Voltas","VOLTAS.NS","166195000","12.9746","India"
"5472","Crest Nicholson Holdings plc","CRST.L","166068000","0.904829","United Kingdom"
"5473","discoverIE Group plc","DSCV.L","165938000","10.6941","United Kingdom"
"5474","Maravai LifeSciences","MRVI","165922000","8.43","United States"
"5475","Rain Industries","RAIN.NS","165841000","2.10824","India"
"5476","Israel Canada (T.R) Ltd","ISCN.TA","165790000","4.53649","Israel"
"5477","Groupe SFPI","SFPI.PA","165649000","2.37818","France"
"5478","InPost","INPST.AS","165644000","18.1045","Luxembourg"
"5479","Cable One","CABO","165601000","22.83","United States"
"5480","Chennai Petroleum","CHENNPETRO.NS","165290000","14.6662","India"
"5481","Coloplast","COLO-B.CO","165275000","71.6737","Denmark"
"5482","Hexaom","ALHEX.PA","165049000","31.1261","France"
"5483","ZE PAK SA","ZEP.WA","165018000","4.92047","Poland"
"5484","Triple Flag Precious Metals","TFPM","164871000","34.7","Canada"
"5485","Ibotta","IBTA","164596000","38.44","United States"
"5486","Paradox Interactive","PDX.ST","164585000","15.1448","Sweden"
"5487","Bora Pharmaceuticals","6472.TW","164412000","14.7437","Taiwan"
"5488","GCM Grosvenor","GCMG","164392000","13.65","United States"
"5489","Morinaga Milk Industry","2264.T","164328000","7.44156","Japan"
"5490","Boston Beer Company","SAM","164124000","189.44","United States"
"5491","Resolute Mining","RSG.AX","164100000","0.987124","Australia"
"5492","Louisiana-Pacific","LPX","164000000","72.62","United States"
"5493","Viomi Technology","VIOT","163970000","0.691","China"
"5494","KEI Industries","KEI.NS","163890000","57.8612","India"
"5495","STAAR Surgical","STAA","163889000","23.26","United States"
"5496","KPIT Technologies","KPITTECH.NS","163796000","6.16237","India"
"5497","Enanta Pharmaceuticals","ENTA","163774000","14.1","United States"
"5498","Webzen","069080.KQ","163762000","7.79964","South Korea"
"5499","NB Bancorp","NBBK","163657000","22.51","United States"
"5500","Hemab Therapeutics Holdings","COAG","163531000","46.67","United States"
"5501","Semtech","SMTC","163310000","120.91","United States"
"5502","MYR Group","MYRG","163192000","305.27","United States"
"5503","Capital Limited","CAPD.L","163177000","1.61787","United Kingdom"
"5504","Ascendas Reit","A17U.SI","163131000","1.93533","Singapore"
"5505","Prashkovsky Investments and Construction","PRSK.TA","162934000","41.4983","Israel"
"5506","Japan Pulp and Paper Company","8032.T","162853000","7.50119","Japan"
"5507","Computer Engineering &amp; Consulting","9692.T","162812000","15.5234","Japan"
"5508","USANA","USNA","162751000","13.58","United States"
"5509","Sapporo","2501.T","162717000","12.1369","Japan"
"5510","Akebia Therapeutics","AKBA","162644000","0.9006","United States"
"5511","Ecovyst","ECVT","162552000","10.07","United States"
"5512","Shutterstock","SSTK","162518000","5.36","United States"
"5513","Sporting Clube de Portugal","SCP.LS","162040000","1.1308","Portugal"
"5514","Anora Group","ANORA.HE","162039000","4.58149","Finland"
"5515","Universal Technical Institute","UTI","161983000","22.02","United States"
"5516","Metrovacesa","MVC.MC","161839000","12.5437","Spain"
"5517","Adgar Investments and Development","ADGR.TA","161836000","1.22062","Israel"
"5518","Benefit Systems","BFT.WA","161808000","1456.11","Poland"
"5519","Medgulf (The Mediterranean and Gulf Cooperative Insurance and Reinsurance Company)","8030.SR","161807000","4.60526","Saudi Arabia"
"5520","ACI Worldwide","ACIW","161757000","52.41","United States"
"5521","Inhibrx Biosciences","INBX","161657000","104.94","United States"
"5522","Bellway","BWY.L","161423000","29.2623","United Kingdom"
"5523","Capital A (Air Asia)","5099.KL","161318000","0.0791785","Malaysia"
"5524","Perfect Corp.","PERF","161266000","1.89","Taiwan"
"5525","Realia Business","RLIA.MC","161221000","1.17743","Spain"
"5526","Japan Real Estate Investment","8952.T","161015000","745.725","Japan"
"5527","PILLAR Corporation","6490.T","160999000","64.6546","Japan"
"5528","OVB Holding","O4B.DE","160861000","22.616","Germany"
"5529","Generalfinance","GF.MI","160803000","25.0641","Italy"
"5530","RENOVA, Inc.","9519.T","160576000","5.94446","Japan"
"5531","PT Aspirasi Hidup Indonesia Tbk","ACES.JK","160440000","0.0204462","Indonesia"
"5532","Emergent BioSolutions","EBS","160300000","5.18","United States"
"5533","NEXTDC","NXT.AX","160300000","9.72103","Australia"
"5534","Valmont Industries","VMI","160189000","481.47","United States"
"5535","Kardex Holding","KARN.SW","160116000","310.374","Switzerland"
"5536","Fountaine Pajot","ALFPC.PA","160078000","98.1581","France"
"5537","Hut 8","HUT","160016000","79.56","Canada"
"5538","trivago","TRVG","159968000","5.58","Germany"
"5539","Neogen","NEOG","159900000","11.6","United States"
"5540","AEON REIT Investment","3292.T","159846000","754.513","Japan"
"5541","MiMedx Group","MDXG","159773000","4.27","United States"
"5542","C. H. Robinson","CHRW","159665000","142.86","United States"
"5543","Adastria","2685.T","159656000","22.1583","Japan"
"5544","HilleVax","HLVX","159547000","2.09","United States"
"5545","iHuman","IH","159545000","1.22","China"
"5546","Bayer Crop Science","BAYERCROP.NS","159535000","42.7416","India"
"5547","PT XLSMART Telecom Sejahtera Tbk","EXCL.JK","159515000","0.152499","Indonesia"
"5548","Guardian Capital Group","GCG.TO","159446000","49.1475","Canada"
"5549","Bell Food Group","BELL.SW","159278000","283.006","Switzerland"
"5550","Exor","EXO.AS","159214000","82.1287","Netherlands"
"5551","Osotspa","OSP.BK","159051000","0.537569","Thailand"
"5552","Jubilant Pharmova","JUBLPHARMA.NS","159011000","9.35534","India"
"5553","Gakken Holdings","9470.T","158943000","6.60356","Japan"
"5554","Waystar","WAY","158930000","25.35","United States"
"5555","Energean","ENOG.L","158522000","10.4284","United Kingdom"
"5556","Dätwyler","DAE.SW","158520000","166.694","Switzerland"
"5557","360 One Wam","360ONE.NS","158485000","12.5535","India"
"5558","Acadia Healthcare","ACHC","158472000","28.72","United States"
"5559","JM Holdings Co.,Ltd.","3539.T","158328000","9.42828","Japan"
"5560","HeartFlow","HTFL","158316000","50.2","United States"
"5561","Pharming Group","PHAR","158281000","11.46","Netherlands"
"5562","Ventia Services Group","VNT.AX","158274000","4.21316","Australia"
"5563","Waste Management","WM","158000000","226.46","United States"
"5564","CACI International Inc","CACI","157996000","636.5","United States"
"5565","Nokian Tyres","TYRES.HE","157988000","19.3518","Finland"
"5566","Ferretti","F3T1.F","157927000","3.49499","Italy"
"5567","Addtech AB","ADDT-B.ST","157746000","36.0572","Sweden"
"5568","Strategic Education","STRA","157625000","84","United States"
"5569","Persimmon","PSN.L","157566000","15.9526","United Kingdom"
"5570","Genesis Minerals Limited","GMD.AX","157566000","6.20172","Australia"
"5571","Supermax Corporation Berhad","7106.KL","157566000","0.0767042","Malaysia"
"5572","Westgold Resources Limited","WGX.AX","157533000","4.66381","Australia"
"5573","Invincible Investment Corporation","8963.T","157516000","384.161","Japan"
"5574","Maximus","MMS","157452000","58.24","United States"
"5575","Sally Beauty Holdings","SBH","157401000","16.71","United States"
"5576","GO (Etihad Atheeb Telecommunication Company)","7040.SR","157370000","23.4658","Saudi Arabia"
"5577","Laureate Education","LAUR","157353000","37.31","United States"
"5578","RAPT Therapeutics","RAPT","157344000","58.02","United States"
"5579","ISU Petasys","007660.KS","157310000","77.2019","South Korea"
"5580","Helus Pharma","HELP","157258000","13.02","Canada"
"5581","Bursa Malaysia","1818.KL","157201000","2.11555","Malaysia"
"5582","Genomma Lab Internacional","LABB.MX","157065000","0.801362","Mexico"
"5583","Kura Sushi,Inc.","2695.T","156971000","10.9599","Japan"
"5584","Sweetgreen","SG","156799000","7.01","United States"
"5585","Outset Medical","OM","156706000","4.19","United States"
"5586","Immuneering","IMRX","156694000","5.18","United States"
"5587","ProPetro","PUMP","156645000","10.82","United States"
"5588","SHIFT Inc.","3697.T","156632000","5.91935","Japan"
"5589","Kingstone Companies","KINS","156502000","20.09","United States"
"5590","SPX Technologies","SPXC","156500000","200.9","United States"
"5591","Redcare Pharmacy","RDC.DE","156252000","71.9282","Netherlands"
"5592","Esperion Therapeutics","ESPR","156158000","3.18","United States"
"5593","Nichireki Group","5011.T","156086000","14.5881","Japan"
"5594","United Rentals","URI","156000000","1083.56","United States"
"5595","Park Hotels &amp; Resorts","PK","156000000","15.86","United States"
"5596","SNDL Inc.","SNDL","155926000","1.36","Canada"
"5597","Nichiha Corporation","7943.T","155733000","19.4905","Japan"
"5598","Nichicon Corporation","6996.T","155702000","16.7725","Japan"
"5599","Furuno Electric Co., Ltd.","6814.T","155625000","48.0202","Japan"
"5600","Tabcorp","TAH.AX","155572000","0.647353","Australia"
"5601","Caliway Biopharmaceuticals","6919.TW","155557000","3.30949","Taiwan"
"5602","Breedon Group","BREE.L","155546000","4.86615","United Kingdom"
"5603","Ovid Therapeutics","OVID","155522000","2.82","United States"
"5604","Compagnie des Alpes","CDA.PA","155499000","23.8401","France"
"5605","Fine Organics","FINEORG.NS","155400000","54.1365","India"
"5606","Nippon Soda","4041.T","155292000","24.7947","Japan"
"5607","Mirvac Group","MGR.AX","155243000","1.3412","Australia"
"5608","Aimia","AIM.TO","155207000","1.95541","Canada"
"5609","Viridien","VIRI.PA","155200000","101.073","France"
"5610","Amper, S.A.","AMP.MC","155151000","5.51877","Spain"
"5611","Commerce.com","CMRC","155140000","2.25","United States"
"5612","Gencor Industries","GENC","155134000","19.17","United States"
"5613","Lindsay Corporation","LNN","154760000","116.24","United States"
"5614","IMI plc","IMI.L","154738000","42.4767","United Kingdom"
"5615","Mandarin Oriental","M04.SI","154700000","3.34","Hong Kong"
"5616","Ohsho Food Service","9936.T","154667000","18.6682","Japan"
"5617","Ryan Specialty","RYAN","154650000","44.34","United States"
"5618","Star Health and Allied Insurance Company","STARHEALTH.NS","154417000","6.08139","India"
"5619","SPS Commerce","SPSC","154271000","81.35","United States"
"5620","First Commonwealth Financial Corp","FCF","154244000","20.96","United States"
"5621","MacroGenics","MGNX","154229000","4.02","United States"
"5622","Grendene","GRND3.SA","154140000","0.681474","Brazil"
"5623","Ecclesiastical Insurance Office plc","ELLA.L","154062000","1.93775","United Kingdom"
"5624","Hamburger Hafen","HHFA.F","154039000","25.1807","Germany"
"5625","Peoples Bancorp","PEBO","154022000","39.85","United States"
"5626","Vitasoy","0345.HK","154010000","0.838787","Hong Kong"
"5627","Paycom","PAYC","153900000","229.62","United States"
"5628","Materialise NV","MTLS","153881000","6.69","Belgium"
"5629","Riverstone Holdings","AP4.SI","153606000","0.637243","Singapore"
"5630","Nestlé India","NESTLEIND.NS","153509000","15.3244","India"
"5631","Vinh Hoan Corporation","VHC.VN","153362000","2.0136","Vietnam"
"5632","Al-Maidan Clinic for Oral Health Services","MIDAN.KW","153263000","3162.7","Kuwait"
"5633","Arabian Drilling Company","2381.SR","153232000","24.1716","Saudi Arabia"
"5634","Arcosa","ACA","153200000","145.27","United States"
"5635","John Marshall Bancorp","JMSB","153016000","23.04","United States"
"5636","H2O America","HTO","153008000","64.49","United States"
"5637","Moelis &amp; Company","MC","152944000","68.5","United States"
"5638","Nippon Building Fund","8951.T","152880000","806.614","Japan"
"5639","Faes Farma","FAE.MC","152823000","5.27512","Spain"
"5640","JCU Corporation","4975.T","152788000","33.9594","Japan"
"5641","Isras Investment Company","ISRS.TA","152731000","264.356","Israel"
"5642","Colgate-Palmolive India","COLPAL.NS","152543000","19.5267","India"
"5643","PayPoint","PAY.L","152525000","8.59615","United Kingdom"
"5644","Suntec REIT","T82U.SI","152481000","1.21155","Singapore"
"5645","Amber Enterprises India","AMBER.NS","152444000","77.6983","India"
"5646","First Mid Bancshares","FMBH","152433000","50.45","United States"
"5647","TaskUs","TASK","152265000","7.83","United States"
"5648","Tsubakimoto Kogyo","8052.T","151975000","17.8145","Japan"
"5649","Flushing Financial Corp","FFIC","151754000","15.47","United States"
"5650","AppFolio","APPF","151653000","225.1","United States"
"5651","RFA Financial Inc.","RFA.TO","151652000","18.9913","Canada"
"5652","Kuwait National Cinema Company","KCIN.KW","151175000","4418","Kuwait"
"5653","World Kinect","WKC","151100000","35.62","United States"
"5654","MetroCity Bankshares","MCBS","150964000","35.51","United States"
"5655","Iberpapel Gestión","IBG.MC","150945000","21.1005","Spain"
"5656","Monadelphous Group","MND.AX","150742000","20.3863","Australia"
"5657","Aiphone Co.,Ltd.","6718.T","150688000","18.0029","Japan"
"5658","CRISIL","CRISIL.NS","150683000","46.6858","India"
"5659","MLP Group S.A.","MLG.WA","150660000","31.2604","Poland"
"5660","Lifco","LIFCO-B.ST","150652000","33.5734","Sweden"
"5661","REGENXBIO","RGNX","150491000","8.055","United States"
"5662","Xilio Therapeutics","XLO","150333000","0.5101","United States"
"5663","Omaxe","OMAXE.NS","150286000","1.042","India"
"5664","Taboola.com","TBLA","150275000","3.65","United States"
"5665","Metaplanet Inc.","3350.T","150215000","2.07146","Japan"
"5666","Jarir","4190.SR","150153000","4.57596","Saudi Arabia"
"5667","Navigator Holdings","NVGS","150023000","22.33","United Kingdom"
"5668","DT Midstream","DTM","150000000","125.74","United States"
"5669","Core &amp; Main","CNM","150000000","44.39","United States"
"5670","Mobility Global, Inc.","MBGL","150000000","19.7","United States"
"5671","Aramex","ARMX.AE","149980000","0","United Arab Emirates"
"5672","Glenmark Pharmaceuticals","GLENMARK.NS","149863000","25.0026","India"
"5673","Marimaca Copper","MARI.TO","149792000","5.88787","Canada"
"5674","dormakaba","DOKA.SW","149678000","72.3998","Switzerland"
"5675","Bushiroad","7803.T","149628000","2.53597","Japan"
"5676","Kvutzat Acro","ACRO.TA","149525000","12.9361","Israel"
"5677","Hanover Bancorp","HNVR","149493000","27.27","United States"
"5678","Certara","CERT","149484000","7.96","United States"
"5679","SMA Solar Technology","S92.F","149409000","63.7678","Germany"
"5680","Nagarro","NA9.DE","149291000","91.2217","Germany"
"5681","Sime Darby Plantation","5285.KL","149265000","1.64543","Malaysia"
"5682","City Cement Company","3003.SR","149213000","2.72214","Saudi Arabia"
"5683","GAG Immobilien","GWK3.HM","149175000","56.4234","Germany"
"5684","Earth Corporation","4985.T","149137000","30.8522","Japan"
"5685","Vincom Retail Joint Stock Company","VRE.VN","149007000","0.962861","Vietnam"
"5686","Heiwado","8276.T","148858000","17.0801","Japan"
"5687","BAIOO Family Interactive","2100.HK","148840000","0.0376338","China"
"5688","Balkrishna Industries","BALKRISIND.NS","148517000","24.7613","India"
"5689","Australian Finance Group","AFG.AX","148329000","1.14092","Australia"
"5690","Saudi Research and Media Group","4210.SR","148279000","16.7004","Saudi Arabia"
"5691","Rotork","ROR.L","148139000","6.61263","United Kingdom"
"5692","Saibu Gas Holdings","9536.T","148071000","15.6991","Japan"
"5693","Biesse","BSS.MI","148034000","6.3418","Italy"
"5694","Bell Financial Group","BFG.AX","147692000","1.08011","Australia"
"5695","Fortrea","FTRE","147500000","18.31","United States"
"5696","Clinuvel Pharmaceuticals","CUV.AX","147419000","7.58226","Australia"
"5697","CSG International","CSGS","147324000","80.69","United States"
"5698","Immobel","IMMO.BR","147239000","23.8983","Belgium"
"5699","TKH Group","TWEKA.AS","147223000","57.7757","Netherlands"
"5700","Carmila","CARM.PA","147140000","18.9088","France"
"5701","Neumora Therapeutics","NMRA","147072000","1.525","United States"
"5702","Munters Group AB","MTRS.ST","147027000","18.6074","Sweden"
"5703","Consolidated Edison","ED","147000000","107.71","United States"
"5704","Intapp","INTA","146823000","40.92","United States"
"5705","Gévelot SA","ALGEV.PA","146727000","227.326","France"
"5706","MSTC Limited","MSTCLTD.NS","146724000","7.61676","India"
"5707","National Storage REIT","NSR.AX","146691000","1.93562","Australia"
"5708","Rigel Pharmaceuticals","RIGL","146684000","45.11","United States"
"5709","BELIMO Holding","BEAN.SW","146510000","1036.24","Switzerland"
"5710","Hafnia Limited","HAFN","146457000","8.13","Bermuda"
"5711","Mani, Inc.","7730.T","146409000","10.1313","Japan"
"5712","Baldwin Insurance Group","BWIN","146409000","31.3","United States"
"5713","Irani Papel e Embalagem S.A.","RANI3.SA","146399000","1.52021","Brazil"
"5714","Norconsult","NORCO.OL","146231000","4.09192","Norway"
"5715","AtriCure","ATRC","146165000","49.28","United States"
"5716","NeoGenomics","NEO","146143000","16.41","United States"
"5717","Imax Corp","IMAX","145995000","54.79","Canada"
"5718","Galenica","GALE.SW","145897000","103.002","Switzerland"
"5719","Oriola","OKDBV.HE","145622000","1.17525","Finland"
"5720","Strive Asset Management, LLC","ASST","145602000","19.73","United States"
"5721","Equita Group","EQUI.MI","145592000","6.80811","Italy"
"5722","SIGA Technologies","SIGA","145562000","2.94","United States"
"5723","Digital Arts Inc.","2326.T","145562000","27.9019","Japan"
"5724","Hunting PLC","HTG.L","145500000","5.44922","United Kingdom"
"5725","Volution Group","FAN.L","145490000","9.11382","United Kingdom"
"5726","Forrester Research","FORR","145472000","11.98","United States"
"5727","Berli Jucker (BJC)","BJC.BK","145426000","0.497862","Thailand"
"5728","TXT e-solutions","TXT.MI","145407000","61.6694","Italy"
"5729","Soho House & Co","SHCO","145407000","8.99","United States"
"5730","Berger Paints","BERGEPAINT.NS","145367000","5.32807","India"
"5731","Vericel","VCEL","145340000","42.3","United States"
"5732","KDH (Khang Dien House Trading and Investment)","KDH.VN","145294000","0.6954","Vietnam"
"5733","Redwire","RDW","145211000","11.38","United States"
"5734","Green Brick Partners","GRBK","144934000","72.77","United States"
"5735","Alujain Corporation","2170.SR","144923000","7.44726","Saudi Arabia"
"5736","Eurazeo","RF.PA","144885000","58.4635","France"
"5737","PubMatic","PUBM","144876000","16.36","United States"
"5738","Vital KSK Holdings","3151.T","144742000","10.4891","Japan"
"5739","X-FAB","XFAB.PA","144694000","6.84892","Belgium"
"5740","SI-BONE","SIBN","144683000","19.47","United States"
"5741","DeFi Technologies","DEFI.NE","144669000","0.606104","Canada"
"5742","Ethos Technologies","LIFE","144601000","36.72","United States"
"5743","Rocket Pharmaceuticals","RCKT","144379000","3.53","United States"
"5744","Camellia Plc","CAM.L","144368000","77.6514","United Kingdom"
"5745","Cosmo Pharmaceuticals","C43.F","144209000","72.5111","Ireland"
"5746","SBS Holdings","2384.T","144189000","32.0762","Japan"
"5747","Virbac SA","VIRP.PA","143904000","382.374","France"
"5748","Viña Concha y Toro","CONCHATORO.SN","143904000","0.981881","Chile"
"5749","Advantage Solutions","ADV","143870000","33.68","United States"
"5750","Daeduck Electronics","353200.KS","143843000","80.0185","South Korea"
"5751","United Urban Investment Corporation","8960.T","143700000","1016.27","Japan"
"5752","ASGN","ASGN","143600000","19.53","United States"
"5753","Everforth","EFOR","143600000","32.5","United States"
"5754","Vivid Seats","SEAT","143555000","7","United States"
"5755","Dustin Group","DUST.ST","143520000","0.187337","Sweden"
"5756","BHM Capital Financial Services","BHMCAPITAL.AE","143496000","0.274987","United Arab Emirates"
"5757","Bank First","BFC","143441000","154.08","United States"
"5758","Eckert &amp; Ziegler","EUZ.F","143371000","15.4931","Germany"
"5759","NextDecade Corp","NEXT","143120000","7.35","United States"
"5760","Constellium","CSTM","143000000","26.63","France"
"5761","NextNav","NN","142959000","15.79","United States"
"5762","Aalberts","AALB.AS","142847000","49.9417","Netherlands"
"5763","Piramal Pharma","PPLPHARMA.NS","142787000","2.17219","India"
"5764","Atoss","AOF.F","142763000","113.197","Germany"
"5765","Yü Group","YU.L","142618000","22.6688","United Kingdom"
"5766","Nippon Prologis REIT","3283.T","142584000","539.207","Japan"
"5767","Dr Lal PathLabs","LALPATHLAB.NS","142350000","20.0345","India"
"5768","J.S.B.Co.","3480.T","142277000","56.1177","Japan"
"5769","Café de Coral","0341.HK","142267000","0.673581","Hong Kong"
"5770","LCI Industries","LCII","142237000","104.51","United States"
"5771","Takara Bio","4974.T","142172000","7.17286","Japan"
"5772","Evolent Health","EVH","142028000","4.72","United States"
"5773","Garrett Motion","GTX","142000000","25.84","Switzerland"
"5774","Ardagh Metal Packaging","AMBP","142000000","5.32","Luxembourg"
"5775","CSPC Innovation Pharmaceutical","300765.SZ","141974000","6.58852","China"
"5776","Keystone Infra","KSTN.TA","141943000","6.24642","Israel"
"5777","Opera","OPRA","141904000","18.86","Norway"
"5778","Kyokuto Kaihatsu Kogyo","7226.T","141873000","14.7576","Japan"
"5779","Telix Pharmaceuticals","TLX.AX","141866000","11.5594","Australia"
"5780","Kainos Group","KNOS.L","141826000","16.9062","United Kingdom"
"5781","Sims Limited","SGM.AX","141823000","17.3605","Australia"
"5782","Fluidra","FDR.MC","141736000","22.8142","Spain"
"5783","Oxford Instruments","OXIG.L","141571000","38.7984","United Kingdom"
"5784","Voyager Therapeutics","VYGR","141479000","3.44","United States"
"5785","CeriBell","CBLL","141184000","23.94","United States"
"5786","IVF Hartmann","VBSN.SW","141160000","160.474","Switzerland"
"5787","Astra Industrial Group Company","1212.SR","141118000","37.1564","Saudi Arabia"
"5788","Regency Centers","REG","141098000","76.69","United States"
"5789","Boot Barn Holdings","BOOT","141036000","161.81","United States"
"5790","Forward Air","FWRD","141022000","17.57","United States"
"5791","Standard Lithium","SLI","141013000","2.43","Canada"
"5792","Keiyo Gas","9539.T","140864000","8.69385","Japan"
"5793","Turpaz Industries","TRPZ.TA","140805000","18.4626","Israel"
"5794","Stepan Company","SCL","140775000","62.16","United States"
"5795","SÜSS MicroTec","SMHN.DE","140757000","82.5367","Germany"
"5796","EHang Holdings","EH","140718000","5.2","China"
"5797","Wavestone SA","WAVE.PA","140557000","39.6946","France"
"5798","Doosan Robotics","454910.KS","140544000","50.6976","South Korea"
"5799","QuidelOrtho","QDEL","140400000","14.49","United States"
"5800","Euroapi","EAPI.PA","140380000","1.08533","France"
"5801","Land Securities Group","LAND.L","140379000","9.44759","United Kingdom"
"5802","Schweiter Technologies","SWTQ.SW","140331000","436.638","Switzerland"
"5803","Indutrade","INDT.ST","140330000","26.1641","Sweden"
"5804","ALX Oncology","ALXO","140324000","1.99","United States"
"5805","DroneShield","DRO.AX","140316000","1.39485","Australia"
"5806","UroGen Pharma","URGN","140274000","46.16","United States"
"5807","Cogent Communications","CCOI","140265000","9.49","United States"
"5808","ClearView Wealth Limited","CVW.AX","140205000","0.46495","Australia"
"5809","Vulcan Materials","VMC","140200000","275.94","United States"
"5810","Glory Ltd.","6457.T","140189000","30.5634","Japan"
"5811","Metagenomi","MGX","140162000","1.21","United States"
"5812","KAMCO Investment Company","KAMCO.KW","140113000","652.103","Kuwait"
"5813","Lattice Semiconductor","LSCC","139956000","114.15","United States"
"5814","AS ONE Corporation","7476.T","139955000","15.4481","Japan"
"5815","Autoneum Holding","AUTN.SW","139699000","152.263","Switzerland"
"5816","Lottomatica Group","LTMC.MI","139649000","29.1443","Italy"
"5817","Tuniu Corporation","TOUR","139630000","4.96","China"
"5818","Methode Electronics","MEI","139600000","14.03","United States"
"5819","Northwest Bancshares","NWBI","139365000","15.37","United States"
"5820","Welspun India","WELSPUNIND.NS","139248000","1.91","India"
"5821","Ernst Russ","ERAG.DE","139117000","9.32618","Germany"
"5822","Bangkok Expressway and Metro (BEM)","BEM.BK","139054000","0.212279","Thailand"
"5823","Extra Space Storage","EXR","138986000","146.25","United States"
"5824","Cooper Companies","COO","138800000","75.8","United States"
"5825","Morguard","MRC.TO","138789000","82.7982","Canada"
"5826","Yoshinoya Holdings Co., Ltd.","9861.T","138674000","24.2172","Japan"
"5827","Peakstone Realty Trust","PKST","138673000","20.99","United States"
"5828","Avino Silver &amp; Gold Mines","ASM","138646000","7.36","Canada"
"5829","Indus Holding","INH.F","138612000","39.986","Germany"
"5830","Calumet, Inc.","CLMT","138600000","47.32","United States"
"5831","InnovAge","INNV","138588000","11.02","United States"
"5832","MasterBrand","MBC","138400000","9.32","United States"
"5833","Itoki Corporation","7972.T","138281000","16.239","Japan"
"5834","Corbus Pharmaceuticals","CRBP","138219000","10.69","United States"
"5835","ADMA Biologics","ADMA","138153000","9.55","United States"
"5836","Hudson Pacific Properties","HPP","138008000","14.71","United States"
"5837","Henry Schein","HSIC","138000000","89.51","United States"
"5838","Sound Financial Bancorp","SFBC","137977000","47.275","United States"
"5839","Butterfly Network","BFLY","137954000","8.95","United States"
"5840","Syngene International","SYNGENE.NS","137895000","4.24668","India"
"5841","Qiwi","QIWI.ME","137791000","2.56","Cyprus"
"5842","Dubai Refreshment","DRC.AE","137662000","8.4402","United Arab Emirates"
"5843","Mahanagar Gas","MGL.NS","137658000","11.5171","India"
"5844","AGI Inc (Agibank)","AGBK","137616000","6.11","Brazil"
"5845","Pro Medicus","PME.AX","137604000","136.338","Australia"
"5846","Adicet Bio","ACET","137592000","8.9","United States"
"5847","Monopar Therapeutics","MNPR","137493000","111.36","United States"
"5848","FRoSTA AG","NLM.F","137334000","120.657","Germany"
"5849","Barings BDC","BBDC","137323000","9.45","United States"
"5850","Sanil Electric","062040.KS","137110000","122.267","South Korea"
"5851","Hogy Medical","3593.T","137043000","41.0184","Japan"
"5852","American Water","AWK","137000000","139.91","United States"
"5853","Quadient","QDT.PA","136999000","14.9685","France"
"5854","Agomab Therapeutics","AGMB","136872000","12.82","Belgium"
"5855","Jiangsu Yuyue Medical Equipment &amp; Supply Co., Ltd.","002223.SZ","136840000","3.93169","China"
"5856","STEF SA","STF.PA","136781000","149.918","France"
"5857","Harmonic Drive Systems","6324.T","136730000","36.2819","Japan"
"5858","Temenos","TEMN.SW","136674000","93.5475","Switzerland"
"5859","Mitie Group PLC","MTO.L","136671000","2.84","United Kingdom"
"5860","Spandana Sphoorty Financial","SPANDANA.NS","136354000","2.52899","India"
"5861","JAPAN MATERIAL Co., Ltd.","6055.T","136323000","12.9435","Japan"
"5862","Protolabs","PRLB","136280000","76.78","United States"
"5863","St. Joe Company","JOE","136280000","70.06","United States"
"5864","NLC India","NLCINDIA.NS","136272000","2.83669","India"
"5865","Jahez International Company for Information Systems Technology","6017.SR","136228000","3.32943","Saudi Arabia"
"5866","Modern Times Group (MTG)","MTG-B.ST","136208000","14.1345","Sweden"
"5867","West Bancorporation","WTBA","136140000","28.43","United States"
"5868","Daiwa House REIT Investment Corporation","8984.T","136027000","757.024","Japan"
"5869","Isracard","ISCD.TA","135988000","3.67652","Israel"
"5870","Bed Bath &amp; Beyond","BBBY","135829000","4.35","United States"
"5871","Protara Therapeutics","TARA","135786000","3.87","United States"
"5872","Cannae Holdings","CNNE","135700000","15.39","United States"
"5873","Silicon Motion","SIMO","135677000","243.18","Hong Kong"
"5874","Avax S.A.","AVAX.AT","135677000","3.98111","Greece"
"5875","AmRest","EAT.MC","135534000","2.87946","Spain"
"5876","Prime Medicine","PRME","135497000","3.25","United States"
"5877","Omeros Corporation","OMER","135316000","19.32","United States"
"5878","Atlanta Braves Holdings, Inc.","BATRK","135197000","52.5","United States"
"5879","Atlanta Braves Holdings","BATRA","135197000","57.36","United States"
"5880","iHeartMedia","IHRT","135052000","2.68","United States"
"5881","Capri Holdings","CPRI","135000000","13.68","United Kingdom"
"5882","Compugen","CGEN","134946000","2.59","Israel"
"5883","Sarana Menara Nusantara","TOWR.JK","134641000","0.0257554","Indonesia"
"5884","National Medical Care Company","4005.SR","134631000","33.8536","Saudi Arabia"
"5885","Public Storage","PSA","134609000","324.97","United States"
"5886","Shibaura Mechatronics","6590.T","134602000","25.7049","Japan"
"5887","INNOVATE Corp.","VATE","134600000","7.49","United States"
"5888","Essex Property Trust","ESS","134526000","293.61","United States"
"5889","United Internet","UTDI.F","134522000","28.8412","Germany"
"5890","Basic-Fit","BFIT.AS","134389000","39.4731","Netherlands"
"5891","Nippon Chemi-Con Corporation","6997.T","134261000","16.9357","Japan"
"5892","NIPPON PARKING DEVELOPMENT","2353.T","134078000","1.70111","Japan"
"5893","Banca Profilo","PRO.MI","134065000","2.0063","Italy"
"5894","Nel ASA","NEL.OL","134029000","0.226076","Norway"
"5895","Red Rock Resorts","RRR","134026000","60.78","United States"
"5896","Clairvest Group","CVG.TO","134012000","58.5684","Canada"
"5897","GN Store Nord","GN.CO","133986000","14.8118","Denmark"
"5898","lastminute.com","LMN.SW","133914000","14.6168","Netherlands"
"5899","GPI S.p.A.","GPI.MI","133879000","16.2276","Italy"
"5900","MannKind Corp","MNKD","133861000","4.07","United States"
"5901","SFL Corp","SFL","133777000","12.26","Bermuda"
"5902","eClerx Services","ECLERX.NS","133552000","19.5633","India"
"5903","Bright Horizons","BFAM","133448000","74.08","United States"
"5904","Driven Brands","DRVN","133412000","13.03","United States"
"5905","Bruker","BRKR","133400000","56.98","United States"
"5906","OPAL Fuels","OPAL","133241000","2.1","United States"
"5907","Autobacs Seven","9832.T","133138000","9.74214","Japan"
"5908","Merida Industry","9914.TW","133081000","2.70406","Taiwan"
"5909","KinderCare Learning Companies","KLC","132874000","2.61","United States"
"5910","BAVARIA Industries Group AG","B8A.MU","132734000","122.406","Germany"
"5911","Furukawa Co.,Ltd.","5715.T","132716000","27.5881","Japan"
"5912","Attovia Therapeutics","ATTO","132622000","0","United States"
"5913","Trinity Industries","TRN","132600000","29.69","United States"
"5914","SRF Limited","SRF.NS","132567000","26.7516","India"
"5915","Sumitomo Chemical
 India","SUMICHEM.NS","132482000","5.43778","India"
"5916","Bytes Technology","BYIT.L","132359000","5.65357","United Kingdom"
"5917","SRA Holdings","3817.T","132344000","30.35","Japan"
"5918","PepGen","PEPG","132303000","3.19","United States"
"5919","CarMax","KMX","132223000","62.8","United States"
"5920","Rimini Street","RMNI","132189000","5.21","United States"
"5921","Red Cat Holdings","RCAT","131919000","8.93","United States"
"5922","Opthea","OPT","131916000","3.41","Australia"
"5923","Palram Industries","PLRM.TA","131896000","14.7327","Israel"
"5924","INFICON","IFCN.SW","131853000","210.482","Switzerland"
"5925","ASRock Rack Incorporation","7711.TW","131848000","16.1553","Taiwan"
"5926","Impinj","PI","131839000","161.01","United States"
"5927","Flughafen Wien (Vienna Airport)","FLU.VI","131784000","61.3197","Austria"
"5928","Anavex Life Sciences","AVXL","131749000","3.11","United States"
"5929","Sakata INX Corporation","4633.T","131671000","16.6909","Japan"
"5930","Formosa Taffeta","1434.TW","131658000","0.555242","Taiwan"
"5931","Daktronics","DAKT","131639000","19","United States"
"5932","Next plc","NXT.L","131601000","212.996","United Kingdom"
"5933","Transgene SA","TNG.PA","131402000","0.940779","France"
"5934","Lahav LR Real Estate","LAHAV.TA","131379000","3.64985","Israel"
"5935","Frequentis","FQT.VI","131327000","84.5185","Austria"
"5936","IsoEnergy","ISO.TO","131312000","11.6459","Canada"
"5937","Chambal Fertilisers","CHAMBLFERT.NS","131279000","4.47759","India"
"5938","StealthGas","GASS","131205000","9.63","Greece"
"5939","Analogue Holdings (ATAL)","1977.HK","131203000","0.119918","Hong Kong"
"5940","Qualitas Limited","QAL.AX","131190000","2.3319","Australia"
"5941","Singapore Land","U06.SI","131157000","2.59618","Singapore"
"5942","Siegfried Holding","SFZN.SW","131104000","93.7963","Switzerland"
"5943","Chargeurs","CRI.PA","131100000","10.3171","France"
"5944","Mouwasat Medical Services Company","4002.SR","130976000","17.2597","Saudi Arabia"
"5945","Viaplay Group","VPLAY-B.ST","130954000","0.144187","Sweden"
"5946","W&amp;T Offshore","WTI","130919000","3.8","United States"
"5947","Elisa","ELISA.HE","130911000","42.3642","Finland"
"5948","Crocs","CROX","130881000","125.84","United States"
"5949","Groupe SAMSE","SAMS.PA","130872000","140.476","France"
"5950","Arclands Corporation","9842.T","130759000","12.0584","Japan"
"5951","AirTAC International","1590.TW","130750000","45.7996","Taiwan"
"5952","FirstCash","FCFS","130739000","236.43","United States"
"5953","West Coast Paper Mills","WSTCSTPAPR.NS","130581000","6.34782","India"
"5954","Stevanato Group","STVN","130481000","22.27","Italy"
"5955","Oxford Biomedica","OXB.L","130476000","6.98862","United Kingdom"
"5956","Financial Institutions","FISI","130466000","40.82","United States"
"5957","Machvision Inc.","3563.TW","130344000","20.5785","Taiwan"
"5958","Foster Electric Company","6794.T","130288000","19.365","Japan"
"5959","Lakeland Financial Corp","LKFN","130282000","60.22","United States"
"5960","Huuuge","HUG.WA","130257000","5.87317","United States"
"5961","Nxera Pharma","4565.T","130200000","6.95508","Japan"
"5962","LXP Industrial Trust","LXP","130112000","61.12","United States"
"5963","Qatar Islamic Insurance Group","QISI.QA","130073000","2.11593","Qatar"
"5964","Sylvamo","SLVM","130000000","36.91","United States"
"5965","Torex Gold Resources","TXG.TO","130000000","51.0571","Canada"
"5966","Kameda Seika","2220.T","129979000","8.70641","Japan"
"5967","Acinque","AC5.MI","129976000","2.42481","Italy"
"5968","Kosmos Energy","KOS","129957000","2.86","United States"
"5969","Waterdrop Inc.","WDH","129927000","0.992","China"
"5970","Orange Polska","OPL.WA","129911000","3.89334","Poland"
"5971","Semperit","SEM.VI","129822000","20.0513","Austria"
"5972","Sasa Polyester","SASA.IS","129717000","0.0480335","Turkey"
"5973","Mesoblast","MESO","129573000","16.64","Australia"
"5974","Alliance Laundry Holdings","ALH","129349000","23.84","United States"
"5975","Shoe Carnival","SCVL","129348000","17.43","United States"
"5976","Mitsubishi Logisnext","7105.T","129347000","9.45216","Japan"
"5977","EverCommerce","EVCM","129316000","9.55","United States"
"5978","Solidarity Bahrain","SOLID.BH","129241000","0.188329","Bahrain"
"5979","The Tel-Aviv Stock Exchange","TASE.TA","129199000","39.1318","Israel"
"5980","Newsmax","NMAX","129095000","10.58","United States"
"5981","Acadian Asset Management","AAMI","129000000","91.9","United States"
"5982","Malam - Team","MLTM.TA","128954000","26.9356","Israel"
"5983","Wingstop Restaurants","WING","128816000","116.84","United States"
"5984","Infotel SA","INF.PA","128789000","47.7967","France"
"5985","Pierre et Vacances","VAC.PA","128701000","2.18466","France"
"5986","Village Super Market","VLGEA","128676000","44.24","United States"
"5987","Acumen Pharmaceuticals","ABOS","128398000","3.075","United States"
"5988","EIZO Corporation","6737.T","128340000","19.0198","Japan"
"5989","Pfeiffer Vacuum","PFV.F","128302000","189.088","Germany"
"5990","Logista (Compañía de Distribución Integral Logista)","LOG.MC","128103000","41.7347","Spain"
"5991","CVR Partners","UAN","128086000","125.07","United States"
"5992","TScan Therapeutics","TCRX","128057000","0.7993","United States"
"5993","Gielda Papierów Wartosciowych w Warszawie","GPW.WA","128004000","27.0382","Poland"
"5994","Pandora","PNDORA.CO","127945000","128.847","Denmark"
"5995","Ipca Laboratories","IPCALAB.NS","127891000","20.0857","India"
"5996","Mapletree Commercial Trust","N2IU.SI","127866000","1.007","Singapore"
"5997","Chow Sang Sang Holdings","0116.HK","127863000","2.06029","Hong Kong"
"5998","YETI Holdings","YETI","127791000","43.08","United States"
"5999","Nissui Corporation","1332.T","127520000","8.13518","Japan"
"6000","Verbund AG","OEWA.F","127432000","68.0811","Austria"
"6001","Vodafone Qatar","VFQS.QA","127388000","0.718407","Qatar"
"6002","Quantum-Si","QSI","127338000","0.7693","United States"
"6003","Vidrala","VID.MC","127284000","105.153","Spain"
"6004","Yatsen Holding","YSG","127084000","3","China"
"6005","u-blox","UBXN.SW","127078000","166.427","Switzerland"
"6006","Casella Waste Systems","CWST","126903000","94.78","United States"
"6007","Fulton Financial","FULT","126898000","23.59","United States"
"6008","Genfit","GNFT","126726000","4.85","France"
"6009","Wakita & Co.,LTD.","8125.T","126657000","12.3597","Japan"
"6010","Villeroy &amp; Boch","VIB3.DE","126622000","17.4866","Germany"
"6011","Regis Healthcare","REG.AX","126605000","4.34192","Australia"
"6012","Performance Shipping","PSHG","126572000","1.74","Greece"
"6013","Seika Corporation","8061.T","126536000","19.1767","Japan"
"6014","National Petroleum Services Company","NAPESCO.KW","126399000","4890.77","Kuwait"
"6015","Mikron Holding","MIKN.SW","126388000","20.1525","Switzerland"
"6016","Victoria PLC","VCP.L","126368000","0.787412","United Kingdom"
"6017","Onward Holdings Co., Ltd.","8016.T","126350000","4.88362","Japan"
"6018","Consolidated Water","CWCO","126332000","29.93","Cayman Islands"
"6019","Horizon Bancorp","HBNC","126317000","19.71","United States"
"6020","DHT Holdings","DHT","126246000","19.72","Bermuda"
"6021","Clean Energy Fuels","CLNE","126240000","1.59","United States"
"6022","Godawari Power &amp; Ispat","GPIL.NS","126184000","2.55553","India"
"6023","Caisse Régionale de Crédit Agricole Mutuel Alpes Provence","CRAP.PA","126172000","160.807","France"
"6024","Microvast","MVST","126129000","0.776","United States"
"6025","Redington India","REDINGTON.NS","126035000","3.69397","India"
"6026","Tronox","TROX","126000000","5.39","United States"
"6027","Sienna Senior Living","SIA.TO","125866000","15.5711","Canada"
"6028","Absci","ABSI","125705000","8.84","United States"
"6029","Atmos Energy","ATO","125694000","167.82","United States"
"6030","Cicor Technologies","CICN.SW","125598000","158.483","Switzerland"
"6031","Qatari Investors Group","QIGD.QA","125496000","0.354396","Qatar"
"6032","Global Net Lease","GNL","125479000","9.22","United States"
"6033","Storskogen Group","STOR-B.ST","125455000","1.14402","Sweden"
"6034","Strike Company","6196.T","125347000","8.53692","Japan"
"6035","Hangzhou Shunwang Technology","300113.SZ","125325000","2.38311","China"
"6036","Meshek Energy - Renewable Energies","MSKE.TA","125317000","3.15487","Israel"
"6037","Patriot Battery Metals","PMET.TO","125317000","3.75207","Canada"
"6038","New Jersey Resources","NJR","125284000","53.74","United States"
"6039","ATHEX  (Athens Stock Exchange)","EXAE.AT","125261000","9.29121","Greece"
"6040","Mammoth Energy Services","TUSK","125164000","3.11","United States"
"6041","Castrol India","CASTROLIND.NS","125113000","1.95152","India"
"6042","Spectrum Brands","SPB","125100000","88.34","United States"
"6043","Gulf Oil Lubricants","GULFOILLUB.NS","125067000","12.0593","India"
"6044","Royal holdings","8179.T","125015000","8.59969","Japan"
"6045","NAPCO Security Technologies","NSSC","124952000","37.59","United States"
"6046","The Okinawa Electric Power Company","9511.T","124935000","7.38193","Japan"
"6047","Standard Nuclear","STDN","124925000","11.94","United States"
"6048","KCP Limited","KCP.NS","124847000","1.84672","India"
"6049","TWFG, Inc.","TWFG","124845000","30.27","United States"
"6050","Gran Tierra Energy","GTE","124752000","9.95","Canada"
"6051","OVS S.p.A.","OVS.MI","124707000","7.02961","Italy"
"6052","Masimo","MASI","124600000","179.95","United States"
"6053","Identiv","INVE","124525000","2.86","United States"
"6054","HASI (HA Sustainable Infrastructure Capita)","HASI","124498000","39.47","United States"
"6055","Pembina Pipeline","PBA","124434000","48.73","Canada"
"6056","Myriad Genetics","MYGN","124400000","3.05","United States"
"6057","Magnolia Oil &amp; Gas","MGY","124372000","27.22","United States"
"6058","Global Health Limited (Medanta)","MEDANTA.NS","124340000","14.6181","India"
"6059","Zumiez","ZUMZ","124160000","18.51","United States"
"6060","Grindwell Norton","GRINDWELL.NS","124128000","20.9821","India"
"6061","Crompton Greaves Consumer Electricals","CROMPTON.NS","124109000","2.53787","India"
"6062","The RealReal","REAL","123952000","11.27","United States"
"6063","Simply Good Foods","SMPL","123884000","10.97","United States"
"6064","AMERISAFE","AMSF","123789000","26.415","United States"
"6065","Mepco (Middle East Company for Manufacturing and Producing Paper)","1202.SR","123710000","5.00213","Saudi Arabia"
"6066","Editas Medicine","EDIT","123648000","3","United States"
"6067","BinDawood","4161.SR","123638000","1.24387","Saudi Arabia"
"6068","Agrana","AGR.VI","123595000","13.2315","Austria"
"6069","Birla Carbon (Thailand)","BCT.BK","123537000","1.51955","Thailand"
"6070","Daikoku Denki","6430.T","123533000","15.7054","Japan"
"6071","Wickes Group","WIX.L","123494000","2.66641","United Kingdom"
"6072","Takasago International Corporation","4914.T","123459000","8.23562","Japan"
"6073","Micronics Japan Co., Ltd.","6871.T","123423000","87.0641","Japan"
"6074","Noritake","5331.T","123409000","22.6605","Japan"
"6075","Iljin Electric","103590.KS","123287000","47.8811","South Korea"
"6076","Ur-Energy","URG","123253000","1.43","United States"
"6077","Integral Corporation","5842.T","123244000","19.5533","Japan"
"6078","Afry AB","AFRY.ST","123226000","10.8614","Sweden"
"6079","Avalyn Pharma","AVLN","123127000","37.69","United States"
"6080","Merlin, Inc.","MRLN","123102000","3.43","United States"
"6081","Whitehawk Therapeutics","WHWK","123043000","4.88","United States"
"6082","Teixeira Duarte","TDSA.LS","122881000","0.564234","Portugal"
"6083","MA Financial Group","MAF.AX","122851000","4.69957","Australia"
"6084","Auna SA","AUNA","122723000","5.31","Luxembourg"
"6085","Chefs' Warehouse","CHEF","122709000","113.45","United States"
"6086","Taseko Mines","TGB","122664000","9.34","Canada"
"6087","Dubai Taxi Company","DTC.AE","122628000","0","United Arab Emirates"
"6088","Comet Holding","COTN.SW","122607000","431.911","Switzerland"
"6089","Albany International","AIN","122557000","58.34","United States"
"6090","Mediterranean Towers","MDTR.TA","122471000","4.2665","Israel"
"6091","Carnarvon Energy","CVN.AX","122447000","0.0751073","Australia"
"6092","EVgo","EVGO","122435000","1.48","United States"
"6093","Americas Gold and Silver Corp","USAS","122429000","5.39","Canada"
"6094","Vetropack","VETN.SW","122269000","24.6806","Switzerland"
"6095","eXp World Holdings","EXPI","122149000","6.74","United States"
"6096","ADTRAN","ADTN","122083000","7.71","United States"
"6097","Ontex Group","ONTEX.BR","122054000","3.07181","Belgium"
"6098","Kalyan Jewellers India","KALYANKJIL.NS","121983000","6.40059","India"
"6099","Satellogic","SATL","121885000","5.28","United States"
"6100","Valneva SE","VALN","121836000","6.75","France"
"6101","Proeduca Altus","PRO.MC","121752000","38.6676","Spain"
"6102","Delta Galil Industries","DELG.TA","121716000","59.131","Israel"
"6103","Tata Chemicals","TATACHEM.NS","121518000","6.54477","India"
"6104","CGN Mining Company","1164.HK","121369000","0.368046","Hong Kong"
"6105","AvalonBay Communities","AVB","121231000","184.06","United States"
"6106","Telecom Plus PLC","TEP.L","121112000","11.6927","United Kingdom"
"6107","Emerald Holding","EEX","121100000","5.04","United States"
"6108","PureCycle Technologies","PCT","121095000","6.61","United States"
"6109","Ebos Group","EBO.NZ","120871000","13.2825","New Zealand"
"6110","Wirtualna Polska (WP Holding)","WPL.WA","120871000","17.1594","Poland"
"6111","Dom Development","DOM.WA","120633000","67.5279","Poland"
"6112","Sogefi S.p.A.","SGF.MI","120488000","2.38983","Italy"
"6113","Sezzle","SEZL","120448000","117.93","United States"
"6114","ScanSource","SCSC","120295000","54.13","United States"
"6115","Orthofix Medical","OFIX","120278000","9.79","United States"
"6116","Rezolute","RZLT","120268000","5.01","United States"
"6117","GrafTech","EAF","120244000","6.46","United States"
"6118","Kelsian Group","KLS.AX","120237000","3.41917","Australia"
"6119","Hypoport","HYQ.F","120148000","95.9431","Germany"
"6120","Monarch Casino &amp; Resort","MCRI","120125000","124.28","United States"
"6121","FriendTimes","6820.HK","120092000","0.0452881","China"
"6122","Investors Title Company","ITIC","119968000","297.63","United States"
"6123","Life Time Group","LTH","119951000","45.73","United States"
"6124","Shochiku","9601.T","119806000","69.3625","Japan"
"6125","Central Plaza Hotel","CENTEL.BK","119749000","1.29811","Thailand"
"6126","Grammer AG","GMM.DE","119699000","13.2898","Germany"
"6127","Hub Group","HUBG","119699000","40.21","United States"
"6128","The Metals Company","TMC","119682000","4.735","Canada"
"6129","Liontown Resources","LTR.AX","119676000","0.865522","Australia"
"6130","Wolverine World Wide","WWW","119600000","20.87","United States"
"6131","American Healthcare REIT","AHR","119380000","56.19","United States"
"6132","ADT","ADT","119328000","7.42","United States"
"6133","ElringKlinger","ZIL2.DE","119323000","6.4817","Germany"
"6134","Omni Bridgeway","OBL.AX","119288000","1.01574","Australia"
"6135","YIT","YIT.HE","119214000","3.80042","Finland"
"6136","Universal Health Services","UHS","119028000","176.4","United States"
"6137","VA Tech Wabag","WABAG.NS","118983000","21.1253","India"
"6138","EIH Limited","EIHOTEL.NS","118957000","3.16686","India"
"6139","Acco Brands","ACCO","118900000","4.19","United States"
"6140","Coforge","COFORGE.NS","118843000","19.837","India"
"6141","SKAN Group","SKAN.SW","118834000","81.7296","Switzerland"
"6142","Galiano Gold","GAU","118825000","2.42","Canada"
"6143","Idorsia","IDIA.SW","118723000","6.76726","Switzerland"
"6144","Cartesian Therapeutics","RNAC","118641000","10.06","United States"
"6145","Murphy USA","MUSA","118600000","567.9","United States"
"6146","Exponent","EXPO","118553000","70.78","United States"
"6147","Generation Development Group","GDG.AX","118546000","2.78255","Australia"
"6148","Cooper Standard","CPS","118488000","26.51","United States"
"6149","Deep Yellow","DYL.AX","118466000","1.27682","Australia"
"6150","Kandi Technologies Group","KNDI","118449000","0.648","China"
"6151","Kitron ASA","KIT.OL","118356000","9.91834","Norway"
"6152","American Assets Trust","AAT","118340000","23","United States"
"6153","OHB SE","OHB.DE","118272000","230.124","Germany"
"6154","AQ Group","AQ.ST","118256000","23.0698","Sweden"
"6155","Apollo Tyres","APOLLOTYRE.NS","118215000","4.62439","India"
"6156","Corsair Gaming","CRSR","118152000","10.91","United States"
"6157","Chubu Steel Plate","5461.T","118149000","13.1443","Japan"
"6158","Republic Services","RSG","118000000","223.08","United States"
"6159","Daiseki","9793.T","117909000","24.1984","Japan"
"6160","N-Able","NABL","117812000","3.6","United States"
"6161","Ponce Financial Group","PDLB","117495000","20.44","United States"
"6162","JBCC Holdings","9889.T","117412000","10.7967","Japan"
"6163","Innodata","INOD","117366000","57.13","United States"
"6164","Kistos Holdings","KIST.L","117324000","3.82263","United Kingdom"
"6165","AltaGas","ALA.TO","117242000","38.1341","Canada"
"6166","ImageneBio","IMA","117208000","5.62","United States"
"6167","Manitou Group","MTU.PA","117075000","24.7727","France"
"6168","SMG Swiss Marketplace Group Holding AG","SMG.SW","117044000","40.8026","Switzerland"
"6169","Kadant","KAI","117025000","312.57","United States"
"6170","Agilysys","AGYS","116894000","113.82","United States"
"6171","Vopak","VPK.AS","116886000","55.3276","Netherlands"
"6172","HANMI Semiconductor","042700.KS","116853000","157.076","South Korea"
"6173","NCC","NCC-B.ST","116838000","18.8811","Sweden"
"6174","en Japan","4849.T","116812000","10.4891","Japan"
"6175","Cabaletta Bio","CABA","116635000","3.1","United States"
"6176","RingCentral","RNG","116578000","67.08","United States"
"6177","Rollins","ROL","116543000","37.26","United States"
"6178","Sabra Health Care REIT","SBRA","116530000","20.47","United States"
"6179","Six Flags","FUN","116510000","16.91","United States"
"6180","Energix Renewable Energies","ENRG.TA","116459000","6.70973","Israel"
"6181","Beazer Homes USA","BZH","116440000","33.11","United States"
"6182","CapitaLand Mall Trust","C38U.SI","116434000","1.88813","Singapore"
"6183","World Co., Ltd.","3612.T","116423000","10.7025","Japan"
"6184","Seven Group Holdings
 (SGH)","SGH.AX","116169000","28.9199","Australia"
"6185","Darling Ingredients","DAR","116015000","62.32","United States"
"6186","LondonMetric Property","LMP.L","116011000","2.6471","United Kingdom"
"6187","BlossomHill Therapeutics","BLSM","116003000","16.03","United States"
"6188","DNOW Inc.","DNOW","116000000","15.47","United States"
"6189","Onex","ONEX.TO","116000000","83.1806","Canada"
"6190","Panasonic Manufacturing Malaysia Berhad","3719.KL","115839000","1.42274","Malaysia"
"6191","Black Box","BBOX.NS","115838000","7.81214","India"
"6192","Union Tool","6278.T","115770000","90.8931","Japan"
"6193","Adeia","ADEA","115762000","26.28","United States"
"6194","Exide Industries","EXIDEIND.NS","115744000","4.69125","India"
"6195","Enerpac Tool Group","EPAC","115680000","37.15","United States"
"6196","So-Young International","SY","115671000","2.35","China"
"6197","Federal Realty Investment Trust","FRT","115633000","117.54","United States"
"6198","Franklin BSP Realty Trust","FBRT","115600000","8.44","United States"
"6199","TANLA","TANLA.NS","115597000","5.81496","India"
"6200","Skillsoft","SKIL","115562000","7.94","United States"
"6201","BlackSky Technology","BKSY","115521000","25.59","United States"
"6202","Emaar The Economic City","4220.SR","115496000","2.6449","Saudi Arabia"
"6203","XBiotech","XBIT","115459000","2.31","United States"
"6204","Southside Bancshares","SBSI","115419000","32.06","United States"
"6205","Sekisui Jushi Corporation","4212.T","115413000","18.0029","Japan"
"6206","K's Holdings Corporation","8282.T","115381000","12.388","Japan"
"6207","Old Second Bancorp","OSBC","115177000","25.45","United States"
"6208","Watania International","WATANIA.AE","115148000","0","United Arab Emirates"
"6209","Esentia Energy Systems","ESENTIAII.MX","115103000","3.15234","Mexico"
"6210","Alliant Energy","LNT","115000000","68.42","United States"
"6211","Ohio Valley Banc Corp","OVBC","114979000","45.19","United States"
"6212","Stagwell","STGW","114935000","8.88","United States"
"6213","Sumitomo Seika Chemicals Company","4008.T","114877000","9.73586","Japan"
"6214","Warba Insurance and Reinsurance Company","WINSRE.KW","114815000","554.288","Kuwait"
"6215","Aura Biosciences","AURA","114733000","7.9","United States"
"6216","Develia","DVL.WA","114724000","2.89599","Poland"
"6217","Polyplex","POLYPLEX.NS","114694000","12.355","India"
"6218","International Tower Hill Mines","THM","114690000","2.76","Canada"
"6219","IDEC Corporation","6652.T","114593000","22.6605","Japan"
"6220","Bank7","BSVN","114589000","52.16","United States"
"6221","Forbo Holding","FORN.SW","114564000","1171.83","Switzerland"
"6222","Raisio plc","RAIVV.HE","114469000","2.89695","Finland"
"6223","Riverview Bancorp","RVSB","114432000","5.17","United States"
"6224","Reworld Media","ALREW.PA","114428000","2.24761","France"
"6225","Al Majed for Oud Company","4165.SR","114322000","32.8947","Saudi Arabia"
"6226","Medmix","MEDX.SW","114311000","10.8226","Switzerland"
"6227","Attica Holdings","ATTICA.AT","114238000","1.92353","Greece"
"6228","Viva Energy","VEA.AX","114201000","1.97425","Australia"
"6229","Cholamandalam Investment and Finance","CHOLAFIN.NS","114173000","19.4504","India"
"6230","HBT Financial","HBT","114159000","35.93","United States"
"6231","Japan Metropolitan Fund Investment","8953.T","114141000","727.522","Japan"
"6232","Invitation Homes","INVH","114129000","30.46","United States"
"6233","H.B. Fuller","FUL","114102000","57.99","United States"
"6234","Electrosteel Castings","ELECTCAST.NS","114021000","0.797618","India"
"6235","Zebra Technologies","ZBRA","114000000","363.3","United States"
"6236","Coterra Energy","CTRA","114000000","32.56","United States"
"6237","Korro Bio","KRRO","113970000","13.07","United States"
"6238","Teikoku Sen-i Co., Ltd.","3302.T","113942000","21.1226","Japan"
"6239","Branicks Group","BRNK.DE","113914000","0.979249","Germany"
"6240","Thermador Groupe","THEP.PA","113905000","90.3474","France"
"6241","DIP Corporation","2379.T","113686000","11.8638","Japan"
"6242","Autohellas","OTOEL.AT","113607000","13.3364","Greece"
"6243","Agios Pharmaceuticals","AGIO","113600000","32.64","United States"
"6244","Boardwalk Real Estate Investment Trust","BEI-UN.TO","113355000","47.2617","Canada"
"6245","Collective Mining","CNL","113334000","16.13","Canada"
"6246","Beach Energy","BPT.AX","113275000","0.633047","Australia"
"6247","Freelance.com SA","ALFRE.PA","113168000","3.14759","France"
"6248","Resolute Holdings Management","RHLD","113100000","128.68","United States"
"6249","eMemory Technology","3529.TWO","113049000","68.8563","Taiwan"
"6250","create restaurants holdings","3387.T","113045000","4.92756","Japan"
"6251","MCH Group","MCHN.SW","112987000","7.71269","Switzerland"
"6252","Brambles","BXB.AX","112900000","13.9056","Australia"
"6253","Maisons du Monde","MDM.PA","112872000","0.18163","France"
"6254","Yellow Corporation","YELLQ","112800000","0.0102","United States"
"6255","Advanced Flower Capital","AFCG","112731000","3.45","United States"
"6256","Laboratorios Farmaceuticos Rovi","ROVI.MC","112722000","70.1795","Spain"
"6257","Société Fermière du Casino Municipal de Cannes","FCMC.PA","112602000","3310.8","France"
"6258","Dr. Soliman Abdel Kader Fakeeh","4017.SR","112547000","9.5781","Saudi Arabia"
"6259","Waste Connections","WCN","112447000","168.97","United States"
"6260","Hyosung TNC Corporation","298020.KS","112323000","233.989","South Korea"
"6261","Jeju Air","089590.KS","112318000","3.11624","South Korea"
"6262","Ceres Power","CWR.L","112144000","5.61815","United Kingdom"
"6263","Trinseo","TSE","112100000","0.23","United States"
"6264","Central Pacific Financial","CPF","112044000","37.75","United States"
"6265","Janus International Group","JBI","112000000","5.1","United States"
"6266","TFF Group","TFF.PA","111913000","19.7016","France"
"6267","AG Barr","BAG.L","111902000","8.29644","United Kingdom"
"6268","Xeris Pharmaceuticals","XERS","111750000","8.74","United States"
"6269","908 Devices","MASS","111742000","10.92","United States"
"6270","enCore Energy","EU","111679000","1.24","Canada"
"6271","Iridium Communications","IRDM","111644000","47.3","United States"
"6272","Sprout Social","SPT","111620000","10.34","United States"
"6273","High Co.","HCO.PA","111570000","4.27839","France"
"6274","LNA Santé","LNA.PA","111501000","39.6363","France"
"6275","Swedish Orphan Biovitrum","SOBI.ST","111481000","48.3078","Sweden"
"6276","PTC Financial Services","PFS.NS","111437000","0.29255","India"
"6277","Embassy Office Parks REIT","EMBASSY.BO","111302000","4.5477","India"
"6278","Kudelski SA","KUD.SW","111301000","1.62962","Switzerland"
"6279","Shoei Co., Ltd.","7839.T","111194000","13.0125","Japan"
"6280","Eledon Pharmaceuticals","ELDN","111089000","3.41","United States"
"6281","Weathernews Inc.","4825.T","110990000","13.3201","Japan"
"6282","Spin Master","TOY.TO","110900000","14.6475","Canada"
"6283","Mersen","MRN.PA","110894000","43.6932","France"
"6284","Magellan Financial Group","MFG.AX","110860000","7.71102","Australia"
"6285","eHealth","EHTH","110814000","1.23","United States"
"6286","Somnigroup International","SGI","110800000","64.31","United States"
"6287","Aquestive Therapeutics","AQST","110734000","4.8","United States"
"6288","Derayah Financial Company","4084.SR","110720000","5.56414","Saudi Arabia"
"6289","Montana Aerospace","AERO.SW","110695000","30.8508","Switzerland"
"6290","Sichuan Xunyou Network Technology","300467.SZ","110551000","4.9492","China"
"6291","Marvelous","7844.T","110513000","3.14485","Japan"
"6292","Encompass Health","EHC","110500000","120.92","United States"
"6293","DMart","DMART.NS","110434000","40.8087","India"
"6294","Senior plc","SNR.L","110431000","4.01199","United Kingdom"
"6295","Sligro Food","SLIGR.AS","110425000","12.3805","Netherlands"
"6296","Vaisala","VAIAS.HE","110418000","65.2833","Finland"
"6297","Yelp","YELP","110412000","23.83","United States"
"6298","Inogen","INGN","110171000","5.5","United States"
"6299","Shriram Pistons &amp; Rings","SHRIPISTON.NS","110131000","48.5446","India"
"6300","Ottobock","OBCK.F","110071000","69.4801","Germany"
"6301","momo.com Inc.","8454.TW","109922000","7.88945","Taiwan"
"6302","Sinko Industries","6458.T","109882000","7.90293","Japan"
"6303","Eslead Corporation","8877.T","109727000","33.8338","Japan"
"6304","Griffon Corporation","GFF","109672000","101.38","United States"
"6305","Alantra Partners","ALNT.MC","109616000","11.7743","Spain"
"6306","Koh Young Technology","098460.KQ","109547000","21.2685","South Korea"
"6307","Lynas","LYC.AX","109518000","11.867","Australia"
"6308","SIG plc","SHI.L","109488000","0.117158","United Kingdom"
"6309","Australian Foundation Investment Company","AFI.AX","109480000","4.88555","Australia"
"6310","ECARX Holdings","ECX","109300000","1.09","China"
"6311","ATN International","ATNI","109227000","30.94","United States"
"6312","Cognyte Software","CGNT","109185000","8.54","Israel"
"6313","Floridienne S.A.","FLOB.BR","109141000","66.4491","Belgium"
"6314","Growthpoint Properties","GRT.JO","109071000","1.0302","South Africa"
"6315","Coffee Day Enterprises","COFFEEDAY.NS","109010000","0.313447","India"
"6316","Harmonic Inc.","HLIT","109000000","12.01","United States"
"6317","SAIC (Science Applications International Corp)","SAIC","109000000","126.85","United States"
"6318","Cadence Capital Limited","CDM.AX","108903000","0.565093","Australia"
"6319","Okumura Corporation","1833.T","108898000","36.3447","Japan"
"6320","Health Catalyst","HCAT","108823000","1.59","United States"
"6321","DCM Shriram","DCMSHRIRAM.NS","108779000","10.9947","India"
"6322","Harbour Centre Development","0051.HK","108731000","0.580453","Hong Kong"
"6323","Shoulder Innovations","SI","108538000","22.22","United States"
"6324","Cegedim SA","ALCGM.PA","108472000","11.9142","France"
"6325","RADCOM","RDCM","108430000","10.19","Israel"
"6326","Medios AG","ILM1.DE","108337000","12.5903","Germany"
"6327","Cerence","CRNC","108260000","7.57","United States"
"6328","Mitsubishi Steel Mfg.","5632.T","108116000","15.1719","Japan"
"6329","Ituran","ITRN","107972000","50.62","Israel"
"6330","Syrma SGS Technology","SYRMA.NS","107972000","15.244","India"
"6331","Johnson Outdoors","JOUT","107876000","46.87","United States"
"6332","WHA Corporation","WHA.BK","107833000","0.147221","Thailand"
"6333","AO World","AO.L","107668000","1.28874","United Kingdom"
"6334","Al-Ahleia Insurance","AINS.KW","107528000","2314.97","Kuwait"
"6335","Myer Holdings","MYR.AX","107494000","0.153791","Australia"
"6336","Havertys","HVT","107456000","27.58","United States"
"6337","KG Mobility (SsangYong Motor)","003620.KS","107324000","1.9463","South Korea"
"6338","AXT Inc","AXTI","107144000","65.4","United States"
"6339","RE/MAX Holdings","RMAX","107126000","12.36","United States"
"6340","SELLAS Life Sciences","SLS","107097000","14.325","United States"
"6341","Celesc (Centrais Elétricas de Santa Catarina)","CLSC4.SA","107067000","29.1733","Brazil"
"6342","MyState Limited","MYS.AX","107047000","3.64092","Australia"
"6343","Madison Square Garden Sports","MSGS","107039000","402.61","United States"
"6344","Ambu","AMBU-B.CO","107034000","12.3328","Denmark"
"6345","Strattec Security","STRT","106957000","77.67","United States"
"6346","KHD Humboldt Wedag International","KWG.DE","106950000","2.35486","Germany"
"6347","Hindustan Media Ventures","HMVL.NS","106948000","0.939714","India"
"6348","Dakota Gold","DC","106905000","6.18","United States"
"6349","MaxCyte","MXCT","106854000","1.39","United States"
"6350","Kennametal","KMT","106850000","29.3","United States"
"6351","Partner Communications","PTNR.TA","106825000","12.2695","Israel"
"6352","Ratnamani Metals &amp; Tubes","RATNAMANI.NS","106709000","28.4129","India"
"6353","Keihanshin Building","8818.T","106641000","6.96136","Japan"
"6354","Babcock &amp; Wilcox","BW","106545000","7.69","United States"
"6355","Activia Properties","3279.T","106539000","862.48","Japan"
"6356","Ethan Allen","ETD","106488000","23.28","United States"
"6357","Südwestdeutsche Salzwerke","SSH.F","106453000","69.9464","Germany"
"6358","Nabaltec","NTG.DE","106433000","15.155","Germany"
"6359","Phoenix Mecano","PMN.SW","106426000","546.108","Switzerland"
"6360","TPI Composites","TPIC","106419000","0.1271","United States"
"6361","Marksans Pharma","MARKSANS.NS","106390000","3.33612","India"
"6362","Integra Resources","ITRG","106178000","2.86","Canada"
"6363","Curaleaf","CURLF","106129000","9.7","United States"
"6364","HawkEye 360","HAWK","106108000","20.34","United States"
"6365","Nanosonics Limited","NAN.AX","106099000","2.18169","Australia"
"6366","Eastern Bankshares","EBC","106040000","22.64","United States"
"6367","Prenetics","PRE","106035000","21.82","Hong Kong"
"6368","R&S Group","RSGN.SW","105995000","25.3026","Switzerland"
"6369","Italian Wine Brands","IWB.MI","105985000","21.8","Italy"
"6370","Draganfly","DPRO","105978000","4.32","Canada"
"6371","Americanas","AMER3.SA","105916000","0.900866","Brazil"
"6372","GenusPlus Group Limited","GNP.AX","105865000","6.22318","Australia"
"6373","4imprint Group","FOUR.L","105800000","61.222","United Kingdom"
"6374","Tata Communications","TATACOMM.NS","105787000","17.7745","India"
"6375","Unibep","UNI.WA","105695000","3.80538","Poland"
"6376","Enviri Corporation","NVRI","105617000","21.12","United States"
"6377","Cross Country Healthcare","CCRN","105584000","13.25","United States"
"6378","Gérard Perrier Industrie S.A.","PERR.PA","105501000","97.4586","France"
"6379","Ares Capital","ARCC","105463000","20.05","United States"
"6380","Southern States Bancshares","SSBK","105458000","36.37","United States"
"6381","Aclaris Therapeutics","ACRS","105416000","6.31","United States"
"6382","PT Bumi Resources Minerals Tbk","BRMS.JK","105392000","0.0412313","Indonesia"
"6383","Eastern Province Cement Company","3080.SR","105356000","6.79203","Saudi Arabia"
"6384","Sturm, Ruger &amp; Co","RGR","105168000","38.46","United States"
"6385","Bentley Systems","BSY","105159000","37.68","United States"
"6386","Dexerials Corporation","4980.T","105134000","18.9633","Japan"
"6387","Sumitomo Osaka Cement","5232.T","104888000","35.2839","Japan"
"6388","Endúr ASA","ENDUR.OL","104852000","11.8999","Norway"
"6389","Zamil Industrial Investment Company","2240.SR","104684000","7.49521","Saudi Arabia"
"6390","M.Yochananof and Sons","YHNF.TA","104603000","115.962","Israel"
"6391","Scholastic","SCHL","104600000","40.3","United States"
"6392","Indian Railway Finance","IRFC.NS","104596000","0.89207","India"
"6393","Sagimet Biosciences","SGMT","104539000","10.21","United States"
"6394","SunCoke Energy","SXC","104400000","9.61","United States"
"6395","Feintool International","FTON.SW","104349000","13.8704","Switzerland"
"6396","Nat Games (Nexon Games)","225570.KQ","104341000","7.74186","South Korea"
"6397","GDEV Inc.","GDEV","104316000","10.8","Cyprus"
"6398","Ngern Tid Lor","TIDLOR.BK","104246000","0.598656","Thailand"
"6399","Dine Brands Global","DIN","104200000","36.12","United States"
"6400","Wacom Co., Ltd.","6727.T","104043000","4.98406","Japan"
"6401","Seabridge Gold","SA","104042000","33.03","Canada"
"6402","Air Busan","298690.KS","104019000","1.11145","South Korea"
"6403","Metallus","MTUS","104000000","18.73","United States"
"6404","Ameresco","AMRC","103967000","20.97","United States"
"6405","Derwent London","DLN.L","103967000","28.4177","United Kingdom"
"6406","Orell Füssli AG","OFN.SW","103826000","172.292","Switzerland"
"6407","Yubico","YUBICO.ST","103794000","9.55104","Sweden"
"6408","Qassim Cement Company","3040.SR","103792000","12.0019","Saudi Arabia"
"6409","CEWE","CWC.F","103776000","116.81","Germany"
"6410","Afcons Infrastructure","AFCONS.NS","103738000","2.97983","India"
"6411","Standex International","SXI","103725000","302.99","United States"
"6412","Playstudios","MYPS","103677000","0.502","United States"
"6413","Datalogic S.p.A.","DAL.MI","103675000","6.60993","Italy"
"6414","Aura Investments","AURA.TA","103652000","5.26312","Israel"
"6415","ALS Global","ALQ.AX","103600000","16.0443","Australia"
"6416","Heritage Financial","HFWA","103590000","29.04","United States"
"6417","RaiaDrogasil","RADL3.SA","103554000","3.55687","Brazil"
"6418","Gogo Inflight Internet","GOGO","103544000","2.56","United States"
"6419","Gorilla Technology","GRRR","103521000","15.83","Taiwan"
"6420","Aubay","AUB.PA","103474000","66.0993","France"
"6421","Koenig &amp; Bauer","SKB.DE","103473000","10.3054","Germany"
"6422","Television Broadcasts (TVB)","0511.HK","103378000","0.31319","Hong Kong"
"6423","Newag","NWG.WA","103353000","24.6835","Poland"
"6424","Magic Software","MGIC","103305000","17.38","Israel"
"6425","American Eagle Outfitters","AEO","103286000","16.87","United States"
"6426","Kongsberg Automotive ASA","KOA.OL","103176000","0.21641","Norway"
"6427","Mehadrin","MEDN.TA","103102000","93.9962","Israel"
"6428","Addus HomeCare","ADUS","103065000","120.82","United States"
"6429","CS Disco","LAW","103038000","4.22","United States"
"6430","Electra Consumer Products","ECP.TA","103021000","20.5292","Israel"
"6431","Progress Software","PRGS","102978000","43.42","United States"
"6432","gremz, Inc.","3150.T","102935000","15.8184","Japan"
"6433","EQT Holdings Limited","EQT.AX","102934000","15.2361","Australia"
"6434","secunet","YSN.F","102933000","203.777","Germany"
"6435","Jeudan","JDAN.CO","102925000","32.1183","Denmark"
"6436","santec Holdings Corporation","6777.T","102906000","122.718","Japan"
"6437","Siljansvik AB","SIVI.ST","102868000","12.3979","Sweden"
"6438","nCino","NCNO","102813000","20.95","United States"
"6439","SandRidge Energy","SD","102749000","13.99","United States"
"6440","First Business Financial Services","FBIZ","102682000","70","United States"
"6441","JM AB","JM.ST","102620000","13.1557","Sweden"
"6442","Villar International","VILR.TA","102607000","54.9311","Israel"
"6443","Parex Resources","PXT.TO","102583000","19.8427","Canada"
"6444","Astral Poly Technik","ASTRAL.NS","102488000","16.0756","India"
"6445","Gens Aurea","OROX.MI","102451000","13.1732","Italy"
"6446","Equasens","EQS.PA","102333000","39.17","France"
"6447","Mastek","MASTEK.NS","102213000","17.4475","India"
"6448","Ströer","SAX.F","102128000","46.048","Germany"
"6449","Emami","EMAMILTD.NS","102113000","4.20802","India"
"6450","Jagran Prakashan","JAGRAN.NS","102066000","0.645701","India"
"6451","QuinStreet","QNST","102042000","20.49","United States"
"6452","Nordson","NDSN","102017000","333.93","United States"
"6453","Mitsubishi Research Institute","3636.T","101981000","31.5113","Japan"
"6454","Shihlin Electric & Engineering Corp.","1503.TW","101972000","6.25823","Taiwan"
"6455","Mullen Group","MTL.TO","101956000","18.479","Canada"
"6456","Uranium Royalty","UROY","101942000","4.37","Canada"
"6457","Coveo Solutions","CVO.TO","101914000","3.10268","Canada"
"6458","NL Industries","NL","101909000","6.43","United States"
"6459","Patanjali Foods","PATANJALI.NS","101803000","3.64643","India"
"6460","Equity Bancshares","EQBK","101662000","50","United States"
"6461","Elgi Equipments","ELGIEQUIP.NS","101653000","6.3729","India"
"6462","Axogen","AXGN","101601000","49.23","United States"
"6463","Puma Biotechnology","PBYI","101545000","9.12","United States"
"6464","Roland Corporation","7944.T","101501000","24.1984","Japan"
"6465","LivePerson","LPSN","101499000","2.69","United States"
"6466","Mainstreet Equity","MEQ.TO","101371000","122.491","Canada"
"6467","Figeac Aero","FGA.PA","101302000","12.4271","France"
"6468","HMH Holding","HMH","101297000","19.5","United States"
"6469","Noor Financial Investment Company","NOOR.KW","101197000","1558.53","Kuwait"
"6470","Sana Biotechnology","SANA","101136000","3.78","United States"
"6471","OdontoPrev","ODPV3.SA","101088000","2.92371","Brazil"
"6472","Xenia Hotels &amp; Resorts","XHR","101078000","19.66","United States"
"6473","Prodware","ALPRO.PA","101060000","32.0917","France"
"6474","Science Group","SAG.L","101012000","7.89102","United Kingdom"
"6475","F.I.L.A. - Fabbrica Italiana Lapis ed Affini","FILA.MI","101006000","12.1823","Italy"
"6476","eDreams ODIGEO","EDR.MC","100988000","6.35346","Spain"
"6477","Domino's Pizza Enterprises (Australia)","DMP.AX","100973000","14.3634","Australia"
"6478","COVER Corporation","5253.T","100947000","10.1753","Japan"
"6479","SpiceJet","SPICEJET.BO","100925000","0.111901","India"
"6480","Keppel REIT","K71U.SI","100856000","0.700181","Singapore"
"6481","Danya Cebus","DNYA.TA","100755000","34.6653","Israel"
"6482","FinWise Bancorp","FINW","100567000","13.84","United States"
"6483","CDSL","CDSL.NS","100503000","14.545","India"
"6484","Wiener Privatbank","WPB.VI","100448000","16.7871","Austria"
"6485","Belships ASA","BELCO.OL","100228000","2.00572","Norway"
"6486","Matson","MATX","100100000","222.68","United States"
"6487","Targa Resources","TRGP","100100000","294.26","United States"
"6488","Asker Healthcare Group AB","ASKER.ST","100047000","7.94078","Sweden"
"6489","Capital Power","CPX.TO","99979100","47.0452","Canada"
"6490","Srisawad Corporation","SAWAD.BK","99893200","0.729994","Thailand"
"6491","Once Upon A Farm","OFRM","99886000","17.76","United States"
"6492","Granules India","GRANULES.NS","99834300","8.85017","India"
"6493","Yamama Saudi Cement Company","3020.SR","99804500","6.23269","Saudi Arabia"
"6494","Pantoro Limited","PNR.AX","99754000","1.79542","Australia"
"6495","Bellevue Gold","BGL.AX","99718500","1.22675","Australia"
"6496","Xebio Holdings","8281.T","99685300","7.4447","Japan"
"6497","Mayne Pharma Group","MYX.AX","99628300","2.28898","Australia"
"6498","Aeva Technologies","AEVA","99504000","16.46","United States"
"6499","Industrial Logistics Properties Trust","ILPT","99500000","8.42","United States"
"6500","Kohnan Shoji","7516.T","99452000","28.0589","Japan"
"6501","C&amp;F Financial Corporation","CFFI","99448000","86.99","United States"
"6502","Precision BioSciences","DTIL","99370000","8.45","United States"
"6503","Trent Limited","TRENT.NS","99363200","30.5632","India"
"6504","Quanterix","QTRX","99265000","2.8","United States"
"6505","AB KN Energies","KNE1L.VS","99263900","0.585218","Lithuania"
"6506","Intrepid Potash","IPI","99259000","37.89","United States"
"6507","Gossamer Bio","GOSS","99215000","0.175","United States"
"6508","CAMP4 Therapeutics","CAMP","99209000","4.32","United States"
"6509","Qube Holdings","QUB.AX","99197500","3.65522","Australia"
"6510","ACTIA Group","ALATI.PA","99162400","4.83796","France"
"6511","Seek Limited","SEK.AX","99000100","10.3505","Australia"
"6512","JK Cement","JKCEMENT.NS","98911800","54.2106","India"
"6513","Saudia Dairy &amp; Foodstuff Company","2270.SR","98856800","54.7091","Saudi Arabia"
"6514","Aksa Energy","AKSEN.IS","98842000","1.68637","Turkey"
"6515","Ambuja Cements","AMBUJACEM.NS","98834800","4.2937","India"
"6516","SmartRent","SMRT","98821000","1.4","United States"
"6517","Molecular Partners","MOLN","98752600","4.4","Switzerland"
"6518","Inmobiliaria del Sur","ISUR.MC","98720700","19.4684","Spain"
"6519","Teads","TEAD","98643000","0.61","United States"
"6520","Anterix","ATEX","98533000","90.38","United States"
"6521","Riso Kagaku Corporation","6413.T","98430400","7.21872","Japan"
"6522","Upbound Group","UPBD","98412000","19.17","United States"
"6523","Builders FirstSource","BLDR","98342000","70.22","United States"
"6524","Funai Soken Holdings Incorporated","9757.T","98197400","7.35682","Japan"
"6525","Ashiana Housing","ASHIANA.NS","98169400","3.8136","India"
"6526","vTv Therapeutics","VTVT","98086000","33.89","United States"
"6527","Simona","SIM0.F","98059300","85.1014","Germany"
"6528","Vertu Motors","VTU.L","98050400","1.1566","United Kingdom"
"6529","Zignago Vetro","ZV.MI","98014700","8.07881","Italy"
"6530","Vesta Real Estate","VTMX","98012600","35.48","Mexico"
"6531","Kurabo Industries","3106.T","97951200","66.9144","Japan"
"6532","Hongkong and Shanghai Hotels","0045.HK","97935100","0.700371","Hong Kong"
"6533","Phunware","PHUN","97860000","2.08","United States"
"6534","Maple Leaf Foods","MFI.TO","97857300","19.3953","Canada"
"6535","Acrivon Therapeutics","ACRV","97737000","2.2","United States"
"6536","Saudi Industrial Investment Group","2250.SR","97700700","3.31877","Saudi Arabia"
"6537","Taiba Investments","4090.SR","97692300","4.90891","Saudi Arabia"
"6538","Truecaller","TRUE-B.ST","97676900","2.18385","Sweden"
"6539","Allied Cooperative Insurance Group","8150.SR","97672700","2.2134","Saudi Arabia"
"6540","Hvidbjerg Bank","HVID.CO","97525900","28.3764","Denmark"
"6541","Jenoptik","JEN.F","97509200","45.4885","Germany"
"6542","Plus Alpha Consulting","4071.T","97488300","14.1424","Japan"
"6543","Contango Ore","CTGO","97450400","20.18","United States"
"6544","Industrie De Nora","DNR.MI","97273100","7.53089","Italy"
"6545","Agfa-Gevaert","AGFB.BR","97223300","0.512357","Belgium"
"6546","Here Group Limited","HERE","97067500","1.85","China"
"6547","SAKURA Internet","3778.T","97056200","21.97","Japan"
"6548","FRP Holdings","FRPH","96970000","22.78","United States"
"6549","A'ayan Leasing and Investment Company","AAYAN.KW","96901200","916.205","Kuwait"
"6550","Ellomay Capital","ELLO","96872600","20.18","Israel"
"6551","Zephyrus Wing Energies","ZPRS.TA","96843100","8.28967","Israel"
"6552","Vertical Aerospace","EVTL","96791200","0.7856","United Kingdom"
"6553","Mercantile Bank","MBWM","96772000","60.31","United States"
"6554","Home Product Center","HMPRO.BK","96723900","0.197007","Thailand"
"6555","Western Copper and Gold","WRN","96647000","2.55","Canada"
"6556","Westwing Group","WEW.DE","96644600","15.0385","Germany"
"6557","Getty Images","GETY","96634000","0.2551","United States"
"6558","Recticel","RECT.BR","96622700","14.8986","Belgium"
"6559","Constellation Brands","STZ","96600000","137.6","United States"
"6560","Columbus McKinnon","CMCO","96562000","17.95","United States"
"6561","BrightSpire Capital","BRSP","96561000","4.91","United States"
"6562","Pkp Cargo","PKP.WA","96528600","2.87704","Poland"
"6563","Protector Forsikring","PROT.OL","96481100","52.4754","Norway"
"6564","Blue Star","BLUESTARCO.NS","96449400","15.8123","India"
"6565","WELL Health Technologies","WELL.TO","96384200","3.10989","Canada"
"6566","Universal Music Group","UMG.AS","96327800","17.1019","Netherlands"
"6567","SAICO (Saudi Arabian Cooperative Insurance Company)","8100.SR","96319100","2.87662","Saudi Arabia"
"6568","Keihan Holdings","9045.T","96248600","20.5326","Japan"
"6569","Ferroglobe","GSM","96232000","4.05","United Kingdom"
"6570","Anant Raj","ANANTRAJ.NS","96229100","6.40424","India"
"6571","Enova International","ENVA","96130000","247.66","United States"
"6572","The North West Company","NWC.TO","96091900","35.3994","Canada"
"6573","Kearny Financial","KRNY","96076000","9.82","United States"
"6574","BillerudKorsnäs","BILL.ST","96025900","8.15128","Sweden"
"6575","SMASCO (Saudi Manpower Solutions Company)","1834.SR","96014200","1.57415","Saudi Arabia"
"6576","AutoCanada Inc.","ACQ.TO","96008000","15.8453","Canada"
"6577","Douglas Elliman","DOUG","95971000","1.95","United States"
"6578","Ascopiave","ASC.MI","95896900","3.2117","Italy"
"6579","Nautilus Biotechnology","NAUT","95869000","0.8753","United States"
"6580","HighPeak Energy","HPK","95827000","8.13","United States"
"6581","ChargePoint","CHPT","95779000","5.92","United States"
"6582","Green Plains","GPRE","95719000","14.97","United States"
"6583","Kestrel Group","KG","95706000","7.82","Bermuda"
"6584","D2L Inc.","DTOL.TO","95699200","6.91248","Canada"
"6585","Carver Bancorp","CARV","95545000","1.81","United States"
"6586","GVS S.p.A.","GVS.MI","95539600","5.46165","Italy"
"6587","Arteche Lantegi Elkartea, S.A.","ART.MC","95533800","34.2737","Spain"
"6588","Daiichi Kensetsu","1799.T","95451700","20.6518","Japan"
"6589","MTI Ltd.","9438.T","95413200","3.77884","Japan"
"6590","Ingevity","NGVT","95400000","68.81","United States"
"6591","Greggs","GRG.L","95347800","25.407","United Kingdom"
"6592","Arbutus Biopharma","ABUS","95226000","5.2","United States"
"6593","Asseco South Eastern Europe","ASE.WA","95207600","21.4628","Poland"
"6594","Akatsuki Corp.","8737.T","95136900","3.99854","Japan"
"6595","KYORIN Pharmaceutical","4569.T","95100900","7.35054","Japan"
"6596","Cellcom Israel","CEL.TA","95096200","11.6795","Israel"
"6597","Arjo AB","ARJO-B.ST","95070800","2.99108","Sweden"
"6598","Surteco Group","SUR.DE","95015600","8.91816","Germany"
"6599","OR Royalties","OR","94941000","37.49","Canada"
"6600","Chinese Estates Holdings","0127.HK","94928600","0.135864","Hong Kong"
"6601","ABM Industries","ABM","94900000","46.86","United States"
"6602","Loar Holdings","LOAR","94882000","72.72","United States"
"6603","Italtile","ITE.JO","94842000","0.568796","South Africa"
"6604","Hill &amp; Smith PLC","HILS.L","94809100","39.8474","United Kingdom"
"6605","UNITED","2497.T","94777500","3.33944","Japan"
"6606","Buruj Cooperative Insurance Company","8270.SR","94772700","4.26876","Saudi Arabia"
"6607","Emperor International","0163.HK","94762500","0.0174774","Hong Kong"
"6608","BVZ Holding","BVZN.SW","94683300","1940.61","Switzerland"
"6609","Harrow, Inc.","HROW","94644000","39.8","United States"
"6610","Nexxen","NEXN","94565000","10","Israel"
"6611","Magnachip Semiconductor","MX","94554000","3.18","Luxembourg"
"6612","Embla Medical","EMBLA.CO","94408000","4.7242","Iceland"
"6613","Orchestra BioMed","OBIO","94400000","5.44","United States"
"6614","Kodiak Gas Services","KGS","94363000","59.18","United States"
"6615","Tecnoglass","TGLS","94360000","40.62","Colombia"
"6616","Metro","MRU.TO","94296900","65.0913","Canada"
"6617","Burkhalter Holding","BRKN.SW","94280700","164.703","Switzerland"
"6618","Allot","ALLT","94215000","7.55","Israel"
"6619","Groupe Pizzorno Environnement","GPE.PA","94174500","72.8025","France"
"6620","Ecoener","ENER.MC","94169800","4.48823","Spain"
"6621","IP Group","IPO.L","94034600","0.979497","United Kingdom"
"6622","Frasers Logistics &amp; Industrial Trust","BUOU.SI","93985200","0.747384","Singapore"
"6623","KIOCL","KIOCL.NS","93925900","3.97085","India"
"6624","ProQR Therapeutics","PRQR","93852900","2.43","Netherlands"
"6625","Forgent Power Solutions","FPS","93831000","32.19","United States"
"6626","NAGAWA Co., Ltd.","9663.T","93808100","32.0762","Japan"
"6627","AC Immune","ACIU","93774100","2.86","Switzerland"
"6628","Viscofan","VIS.MC","93643400","67.0319","Spain"
"6629","Fujimori Kogyo","7917.T","93606300","7.92176","Japan"
"6630","Rackspace Technology","RXT","93600000","3.12","United States"
"6631","PMV Pharmaceuticals","PMVP","93549000","1.305","United States"
"6632","Solocal Group","LOCAL.PA","93535500","4.8263","France"
"6633","Ashoka Buildcon","ASHOKA.NS","93474400","1.18869","India"
"6634","The Rank Group","RNK.L","93462300","1.50654","United Kingdom"
"6635","Braemar Hotels &amp; Resorts","BHR","93385000","2.05","United States"
"6636","J D Wetherspoon","JDW.L","93375600","11.5251","United Kingdom"
"6637","Sipef","SIP.BR","93373000","120.774","Belgium"
"6638","Mainfreight","MFT.NZ","93357500","39.6093","New Zealand"
"6639","8x8","EGHT","93260000","1.98","United States"
"6640","Martinrea International","MRE.TO","93236700","7.2949","Canada"
"6641","Boiron","BOI.PA","93198300","30.1935","France"
"6642","Nine Entertainment Co. Holdings","NEC.AX","93190400","0.697425","Australia"
"6643","Prospect Capital","PSEC","93003000","2.32","United States"
"6644","National Energy Services Reunited","NESR","92956000","33.42","United States"
"6645","BASF India","BASF.NS","92946100","40.5015","India"
"6646","Gladstone Investment","GAIN","92940000","16.51","United States"
"6647","Giordano","0709.HK","92922700","0.177325","Hong Kong"
"6648","TOCALO Co.,Ltd.","3433.T","92919000","17.4254","Japan"
"6649","FingerTango","6860.HK","92910200","0.0163292","China"
"6650","Apar Industries","APARINDS.NS","92857300","177.672","India"
"6651","Boundless Bio","BOLD","92847000","2.96","United States"
"6652","KNOT Offshore Partners","KNOP","92656000","10.69","United Kingdom"
"6653","Sensirion Holding","SENS.SW","92557800","101.011","Switzerland"
"6654","Credit Agricole Mutuel Toulouse 31","CAT31.PA","92547000","146.887","France"
"6655","New Fortress Energy","NFE","92389000","0.2754","United States"
"6656","Bar Harbor Bankshares","BHB","92295000","39.62","United States"
"6657","Consensus Cloud Solutions","CCSI","92294000","38.7","United States"
"6658","ESCO Technologies","ESE","92252000","275.62","United States"
"6659","Altius Minerals","ALS.TO","92190100","47.0092","Canada"
"6660","Kalyani Steels","KSL.NS","92185400","9.10145","India"
"6661","Priority Technology Holdings","PRTH","92152000","5.69","United States"
"6662","Russel Metals","RUS.TO","92139000","53.2867","Canada"
"6663","FedEx Freight","FDXF","92000000","131.27","United States"
"6664","Polaris Renewable Energy","PIF.TO","91963000","10.4697","Canada"
"6665","Yext","YEXT","91881000","6.53","United States"
"6666","Barrett Business Services","BBSI","91872000","33.42","United States"
"6667","Allianz Saudi Fransi Cooperative Insurance","8040.SR","91854400","3.50256","Saudi Arabia"
"6668","MATSUDA SANGYO","7456.T","91840700","44.7561","Japan"
"6669","Gränges","GRNG.ST","91698600","18.5232","Sweden"
"6670","Perimeter Solutions","PRM","91624000","30.66","United States"
"6671","Gecina","GFC.PA","91556000","84.5768","France"
"6672","Elior Group","ELIOR.PA","91436200","2.49242","France"
"6673","Organogenesis","ORGO","91379000","1.67","United States"
"6674","Sri Trang Gloves","STGT.BK","91360400","0.323763","Thailand"
"6675","Plasson Industries","PLSN.TA","91328200","50.1647","Israel"
"6676","Islamic Arab Insurance","SALAMA.AE","91318300","0.348498","United Arab Emirates"
"6677","Saudi Advanced Industries Company","2120.SR","91284600","4.52536","Saudi Arabia"
"6678","Ero Copper","ERO","91207000","38.55","Canada"
"6679","Aardvark Therapeutics","AARD","91200000","6.88","United States"
"6680","Sunstone Hotel Investors","SHO","91134000","11.31","United States"
"6681","SPIMACO (Saudi Pharmaceutical Industries and Medical Appliances Corporation)","2070.SR","91124900","8.29427","Saudi Arabia"
"6682","Simplex Holdings","4373.T","91077600","7.37565","Japan"
"6683","Clearfield","CLFD","91069000","27.23","United States"
"6684","Diploma plc","DPLM.L","90981300","98.9033","United Kingdom"
"6685","DMG Mori Aktiengesellschaft","GIL.F","90959300","54.9079","Germany"
"6686","CTS Corporation","CTS","90851000","56.13","United States"
"6687","Karyopharm Therapeutics","KPTI","90850000","1.86","United States"
"6688","Celtic","CCP.L","90771600","2.71099","United Kingdom"
"6689","Weyco Group","WEYS","90763000","44.82","United States"
"6690","Corticeira Amorim","COR.LS","90747600","8.23036","Portugal"
"6691","KEPCO Engineering & Construction Company","052690.KS","90727200","78.4297","South Korea"
"6692","Eurocommercial Properties","ECMPA.AS","90658500","31.5342","Netherlands"
"6693","Immix Biopharma","IMMX","90579200","13.61","United States"
"6694","Lesaka Technologies","LSAK","90573000","4.57","South Africa"
"6695","Shattuck Labs","STTK","90419000","7.9","United States"
"6696","ViTrox Corporation","0097.KL","90382600","2.2269","Malaysia"
"6697","The Honest Company","HNST","90367000","5.195","United States"
"6698","LSL Property Services plc","LSL.L","90297600","3.71909","United Kingdom"
"6699","Greatland Resources","GGP.L","90280700","9.6071","Australia"
"6700","Rémy Cointreau","RCO.PA","90278800","53.952","France"
"6701","Rhythm Co.,Ltd.","7769.T","90257900","25.1086","Japan"
"6702","Cera Sanitaryware","CERA.NS","90240900","60.8505","India"
"6703","Tactile Medical","TCMD","90191000","23.36","United States"
"6704","Worthington Steel","WS","90000000","33.38","United States"
"6705","SThree","STEM.L","89958700","4.03923","United Kingdom"
"6706","Umm Al Qura for development and construction","4325.SR","89958100","4.83699","Saudi Arabia"
"6707","Corporate Travel Management","CTD.AX","89946300","11.495","Australia"
"6708","Daikokutenbussan","2791.T","89919300","28.969","Japan"
"6709","Federal-Mogul Goetze","FMGOETZE.NS","89817500","5.61227","India"
"6710","MEDIA DO Co., Ltd.","3678.T","89813200","8.13518","Japan"
"6711","Pangaea Logistics Solutions","PANL","89744000","8.36","United States"
"6712","Azure Power","AZREF","89594200","1","India"
"6713","Africa Israel Residences","AFRE.TA","89554000","76.2636","Israel"
"6714","Zee Learn","ZEELEARN.NS","89545100","0.0831679","India"
"6715","NTT UD REIT Investment Corporation","8956.T","89503400","824.817","Japan"
"6716","Park Aerospace","PKE","89368000","33.02","United States"
"6717","StandardAero","SARO","89173000","24.57","United States"
"6718","Innovative Industrial Properties","IIPR","89117000","56.8","United States"
"6719","TECOM Group","TECOM.AE","89106400","0.914809","United Arab Emirates"
"6720","Ichor Systems","ICHR","89089000","56.91","United States"
"6721","Gallantt Ispat","GALLANTT.NS","89086600","6.08871","India"
"6722","Paladin Energy","PDN.AX","89047000","8.55508","Australia"
"6723","Com7 Public Company","COM7.BK","88996700","0.885767","Thailand"
"6724","Fiskars","FSKRS.HE","88909700","16.3441","Finland"
"6725","Verbio","VBK.F","88830900","36.139","Germany"
"6726","Watkin Jones Plc","WJG.L","88814700","0.244942","United Kingdom"
"6727","Iino Kaiun Kaisha","9119.T","88813800","10.9097","Japan"
"6728","Helloworld Travel","HLO.AX","88812700","1.12661","Australia"
"6729","PotlatchDeltic","PCH","88773000","41.73","United States"
"6730","TTEC","TTEC","88747000","1.36","United States"
"6731","Patria Investments","PAX","88712000","11.48","Cayman Islands"
"6732","Arabian Mills for Food Products","2285.SR","88531400","11.2828","Saudi Arabia"
"6733","Lavoro","LVRO","88359000","0.304","Brazil"
"6734","JCR Pharmaceuticals","4552.T","88328200","3.26412","Japan"
"6735","Varex Imaging","VREX","88300000","18.52","United States"
"6736","Takaful Emarat - Insurance","TAKAFUL-EM.AE","88284900","0.443791","United Arab Emirates"
"6737","Altshuler Shaham Finance","ALTF.TA","88280000","2.16658","Israel"
"6738","Bridgewater Bancshares","BWB","88224000","21.68","United States"
"6739","Tamboran Resources","TBN","88151000","37.82","Australia"
"6740","Hindustan Copper","HINDCOPPER.NS","88145300","5.59032","India"
"6741","Transcontinental Realty Investors","TCI","88142000","39.04","United States"
"6742","Hanza AB","HANZA.ST","87977600","14.8186","Sweden"
"6743","Terreno Realty","TRNO","87874000","68.91","United States"
"6744","Home Bancorp","HBCP","87750000","69.89","United States"
"6745","Lhyfe SA","LHYFE.PA","87749900","2.51224","France"
"6746","3M India","3MINDIA.NS","87701400","353.046","India"
"6747","PolyPeptide Group","PPGN.SW","87621900","54.673","Switzerland"
"6748","Rakus Co., Ltd.","3923.T","87615600","6.91114","Japan"
"6749","Nature's Sunshine Products","NATR","87578000","14.3","United States"
"6750","Utah Medical Products","UTMD","87406000","71.62","United States"
"6751","Prosafe SE","PRS.OL","87400000","0.586401","Norway"
"6752","Grainger plc","GRI.L","87273200","2.42218","United Kingdom"
"6753","Unitech Group","UNITECH.NS","87270800","0.0421064","India"
"6754","Combined Group Contracting Company","CGC.KW","87258600","2804.04","Kuwait"
"6755","Kyntra Bio","KYNB","87237000","7.98","United States"
"6756","Exchange Income Corporation","EIF.TO","87188300","90.9156","Canada"
"6757","North American Construction Group","NOA","87125000","13.41","Canada"
"6758","Union Coop","UNIONCOOP.AE","86996400","0.588091","United Arab Emirates"
"6759","Gujarat Fluorochemicals","FLUOROCHEM.NS","86859500","48.2113","India"
"6760","General Oceans ASA","GENO.OL","86822000","2.39501","Norway"
"6761","Doosan Fuel Cell","336260.KS","86821100","30.5847","South Korea"
"6762","Alpen Co.,Ltd.","3028.T","86783100","14.8768","Japan"
"6763","Artiva Biotherapeutics","ARTV","86782000","11.52","United States"
"6764","FuRyu","6238.T","86725800","8.88217","Japan"
"6765","Al Ramz Corporation Investment and Development","ALRAMZ.AE","86715000","0.397506","United Arab Emirates"
"6766","All for One Group","A1OS.DE","86641000","79.2726","Germany"
"6767","Thob Al Aseel Company","4012.SR","86509700","0.937567","Saudi Arabia"
"6768","ArcBest","ARCB","86447000","134.45","United States"
"6769","MidWestOne Financial Group","MOFG","86435000","49.31","United States"
"6770","Medical Facilities Corporation","DR.TO","86302000","11.2201","Canada"
"6771","M.P. Evans Group PLC","MPE.L","86281000","23.6496","United Kingdom"
"6772","Sloman Neptun","NEP.HM","86198600","69.9464","Germany"
"6773","PDS Multinational","PDSL.NS","86191900","3.81778","India"
"6774","Carlo Gavazzi Holding","GAV.SW","86157700","192.817","Switzerland"
"6775","Energy Recovery","ERII","86151000","7.8","United States"
"6776","Aussie Broadband Limited","ABB.AX","86144600","3.35479","Australia"
"6777","Valens Semiconductor","VLN","86117000","1.77","Israel"
"6778","Cairo Communication","CAI.MI","86107600","2.71042","Italy"
"6779","XOMA Royalty","XOMA","86094000","40.17","United States"
"6780","Orange County Bancorp","OBT","86081000","38.26","United States"
"6781","Mr D.I.Y. Group","5296.KL","86048400","0.363726","Malaysia"
"6782","Ajinomoto (Malaysia)","2658.KL","85997000","4.67153","Malaysia"
"6783","Solutions 30","S30.PA","85990200","0.685474","Luxembourg"
"6784","Atland SAS","ATLD.PA","85933800","42.3176","France"
"6785","Al Meera Consumer Goods Company","MERS.QA","85933100","3.56868","Qatar"
"6786","FLSmidth","FLS.CO","85813100","94.328","Denmark"
"6787","Brim hf.","BRIM.IC","85756800","0.775242","Iceland"
"6788","Lifenet Insurance Company","7157.T","85749100","9.47849","Japan"
"6789","EVS Broadcast Equipment","EVS.BR","85624800","35.1481","Belgium"
"6790","LendingTree","TREE","85518000","30.97","United States"
"6791","Maxis Berhad","6012.KL","85506000","0.942719","Malaysia"
"6792","Deep Value Driller","DVD.OL","85387300","2.20169","Norway"
"6793","Wihlborgs Fastigheter AB","WIHL.ST","85310600","8.26178","Sweden"
"6794","AN2 Therapeutics","ANTX","85288000","5.63","United States"
"6795","1stdibs.com","DIBS","85283000","4.68","United States"
"6796","USA TODAY Co.","TDAY","85173000","6.41","United States"
"6797","Ichibanya Co., Ltd.","7630.T","85102700","5.9068","Japan"
"6798","3D Systems","DDD","85083000","3.12","United States"
"6799","Sight Sciences","SGHT","84962000","8.38","United States"
"6800","National Industries Company","NICBM.KW","84886900","864.037","Kuwait"
"6801","JK Paper","JKPAPER.NS","84867700","4.06175","India"
"6802","Gibson Energy","GEI.TO","84852800","22.3898","Canada"
"6803","Vitrolife AB","VITR.ST","84795400","9.71944","Sweden"
"6804","Deep Fission, Inc.","FISN","84767600","7.13","United States"
"6805","1st Source","SRCE","84703000","86.07","United States"
"6806","Valvoline","VVV","84700000","33.37","United States"
"6807","Fletcher Building","FBU.NZ","84684300","2.32295","New Zealand"
"6808","Metro Brands","METROBRAND.NS","84681600","9.63954","India"
"6809","ReneSola","SOL","84635000","1.94","United States"
"6810","MasterCraft Boat","MCFT","84623000","25.01","United States"
"6811","Value Line","VALU","84550000","37.595","United States"
"6812","Mercer International","MERC","84541000","0.401","Canada"
"6813","MCAN Mortgage Corporation","MKP.TO","84513100","16.2349","Canada"
"6814","IVU Traffic Technologies","IVU.DE","84453500","28.678","Germany"
"6815","KEC International","KEC.NS","84381000","4.45617","India"
"6816","Nutun Limited","NTU.JO","84375000","0.0524466","South Africa"
"6817","Sonida Senior Living","SNDA","84284000","39.38","United States"
"6818","Union Properties","UPP.AE","84212700","0.154102","United Arab Emirates"
"6819","Talkspace","TALK","84212000","5.25","United States"
"6820","RBB Bancorp","RBB","84148000","26.59","United States"
"6821","Isrotel","ISRO.TA","84127500","38.3985","Israel"
"6822","Aurora Cannabis","ACB","84085300","3.94","Canada"
"6823","SiteOne Landscape Supply","SITE","84000000","95.27","United States"
"6824","AutoStore Holdings","AUTO.OL","84000000","1.71624","Norway"
"6825","LINK Mobility Group","LINK.OL","83988900","2.77306","Norway"
"6826","mobilezone Holding","MOZN.SW","83973700","16.2215","Switzerland"
"6827","Mühlbauer Holding","MUB.DE","83962200","52.2266","Germany"
"6828","Great Elm Group","GEG","83941000","2.15","United States"
"6829","Europris","EPR.OL","83768400","9.52634","Norway"
"6830","E. W. Scripps Company","SSP","83726000","3.32","United States"
"6831","Penske Automotive Group","PAG","83700000","218.07","United States"
"6832","Bit Digital","BTBT","83618100","1.51","United States"
"6833","Dar Global","DAR.L","83484700","8","United Kingdom"
"6834","Unimot","UNT.WA","83121500","48.1762","Poland"
"6835","Emeco Holdings","EHL.AX","83118000","0.776109","Australia"
"6836","McMillan Shakespeare","MMS.AX","83071300","14.5494","Australia"
"6837","Solstad Offshore","SOFF.OL","82996000","7.36761","Norway"
"6838","Terveystalo","TTALO.HE","82871300","9.11634","Finland"
"6839","Lindex Group","LINDEX.HE","82871300","2.69876","Finland"
"6840","Payton Industries","PAYT.TA","82799000","17.3126","Israel"
"6841","First Guaranty Bancshares","FGBI","82796000","8.74","United States"
"6842","RGP (Resources Connection)","RGP","82764000","4.28","United States"
"6843","Tianyu Digital Technology (Dalian)","002354.SZ","82754400","1.04875","China"
"6844","Filana Therapeutics","FLNA","82681000","0.93","United States"
"6845","Toyo Construction","1890.T","82670600","11.3574","Japan"
"6846","Tennant Company","TNC","82600000","68.22","United States"
"6847","Maxvalu Tokai","8198.T","82558400","20.4949","Japan"
"6848","Stock Yards Bancorp","SYBT","82515000","81.8","United States"
"6849","Bellevue Group","BBN.SW","82506000","8.98155","Switzerland"
"6850","Vishay Precision Group","VPG","82486000","66.16","United States"
"6851","Kimball Electronics","KE","82462000","22.76","United States"
"6852","Fastned","FAST.AS","82327400","42.1427","Netherlands"
"6853","Mativ Holdings","MATV","82300000","12.25","United States"
"6854","Hyster-Yale Materials Handling","HY","81800000","34.27","United States"
"6855","ICICI Lombard","ICICIGI.NS","81782200","16.784","India"
"6856","Toro Corp.","TORO","81639600","6.11","Cyprus"
"6857","HDFC Life","HDFCLIFE.NS","81582000","5.72406","India"
"6858","Tokmanni","TOKMAN.HE","81572000","8.42854","Finland"
"6859","Prelude Therapeutics","PRLD","81554000","6.47","United States"
"6860","Estoril Sol","ESON.LS","81530300","3.49732","Portugal"
"6861","Clearwater Analytics","CWAN","81507000","24.56","United States"
"6862","Redox Limited","RDX.AX","81456400","2.46781","Australia"
"6863","Fossil Group","FOSL","81384000","5.57","United States"
"6864","Team Internet Group","TIG.L","81200000","0.596008","United Kingdom"
"6865","WildBrain","WILD.TO","81183100","1.06068","Canada"
"6866","Sekisui House Reit","3309.T","81180800","465.137","Japan"
"6867","Kajaria Ceramics","KAJARIACER.NS","81145200","12.7009","India"
"6868","Malteries Franco-Belges","MALT.PA","81145100","961.763","France"
"6869","Nordic American Tankers","NAT","81120000","7","Bermuda"
"6870","Citi Trends, Inc.","CTRN","81100000","74.35","United States"
"6871","Tele Columbus","TC1.HM","81028700","0.477967","Germany"
"6872","Heidelberger Druckmaschinen","HDD.DE","81019500","1.67638","Germany"
"6873","NTPC Green Energy","NTPCGREEN.NS","81013600","0.957894","India"
"6874","West Fraser Timber","WFG","81000000","68.57","Canada"
"6875","Biolife Solutions","BLFS","80996000","37.19","United States"
"6876","Cato Fashion","CATO","80970000","2.79","United States"
"6877","Pexip","PEXIP.OL","80952000","8.34494","Norway"
"6878","MOIL","MOIL.NS","80902300","2.65855","India"
"6879","Tenaya Therapeutics","TNYA","80887000","0.6747","United States"
"6880","Formycon AG","FYB.DE","80875400","22.4295","Germany"
"6881","Manchester United","MANU","80697900","23.7","United Kingdom"
"6882","Riyadh Cables Group Company","4142.SR","80695400","29.1391","Saudi Arabia"
"6883","Inox Wind","INOXWIND.NS","80625300","0.767631","India"
"6884","Naikai Zosen Corporation","7018.T","80609700","78.3388","Japan"
"6885","ARYZTA AG","ARYN.SW","80586400","51.3765","Switzerland"
"6886","Braveheart Bio","BRVE","80576000","27.5","United States"
"6887","Capricorn Metals","CMM.AX","80525900","12.6967","Australia"
"6888","Aeon Kyushu","2653.T","80481900","17.802","Japan"
"6889","eGain","EGAN","80462000","7.14","United States"
"6890","James Latham plc","LTHM.L","80449300","14.8491","United Kingdom"
"6891","Cerus Corporation","CERS","80425000","2.69","United States"
"6892","L1 Group","L1G.AX","80415100","0.951359","Australia"
"6893","Champion REIT","2778.HK","80400400","0.288313","Hong Kong"
"6894","Franklin Electric","FELE","80400000","103.15","United States"
"6895","AlzChem Group","ACT.DE","80263700","194.218","Germany"
"6896","Bakkt Holdings","BKKT","80233000","8.18","United States"
"6897","Geo Group","GEO","80217000","32.18","United States"
"6898","eGuarantee","8771.T","80172100","11.4809","Japan"
"6899","FW Thorpe Plc","TFW.L","80129800","3.52606","United Kingdom"
"6900","Emak S.p.A.","EM.MI","80121300","0.97342","Italy"
"6901","Trainline","TRN.L","80107100","2.68783","United Kingdom"
"6902","The RMR Group","RMR","80104000","19.68","United States"
"6903","The Monogatari Corporation","3097.T","80044500","35.9053","Japan"
"6904","MVB Financial","MVBF","79946000","30.25","United States"
"6905","IDP Education","IEL.AX","79911200","1.29113","Australia"
"6906","Galaxy Surfactants","GALAXYSURF.NS","79885100","23.8418","India"
"6907","NOVONIX","NVX","79866000","0.4218","Australia"
"6908","Armstrong World Industries","AWI","79800000","178.25","United States"
"6909","JBG SMITH","JBGS","79780000","12.5","United States"
"6910","Central Asia Metals","CAML.L","79673000","2.19331","United Kingdom"
"6911","Nazara Technologies","NAZARA.NS","79573800","3.75457","India"
"6912","Bega Cheese","BGA.AX","79529000","4.50644","Australia"
"6913","innoscripta SE","1INN.DE","79463600","86.2672","Germany"
"6914","Bajaj Housing Finance Limited (BHFL)","BAJAJHFL.NS","79424000","0.87786","India"
"6915","Montage Gold Corp.","MAU.TO","79359000","15.0444","Canada"
"6916","GAMCO Investors","GAMI","79200000","25.3","United States"
"6917","EnPro Industries","NPO","79200000","304.52","United States"
"6918","Chofu Seisakusho","5946.T","79194200","12.9246","Japan"
"6919","James Fisher and Sons","FSJ.L","79187100","6.19849","United Kingdom"
"6920","Pioneer Credit","PNC.AX","79119800","0.500715","Australia"
"6921","Jaguar Mining","JAG.TO","79106000","5.67141","Canada"
"6922","Afcon Holdings","AFHL.TA","79013800","177.026","Israel"
"6923","Wyndham Hotels &amp; Resorts","WH","79000000","74.35","United States"
"6924","KOMEDA Holdings","3543.T","78924600","18.8314","Japan"
"6925","Gevo","GEVO","78902000","1.53","United States"
"6926","Wawel","WWL.WA","78872800","195.411","Poland"
"6927","BV Financial","BVFL","78837000","21.26","United States"
"6928","BICO Group","BICO.ST","78798700","2.1207","Sweden"
"6929","Audinate Group","AD8.AX","78790000","1.90272","Australia"
"6930","Japan Lifeline","7575.T","78787200","9.82374","Japan"
"6931","Fujiya Co., Ltd.","2211.T","78753000","15.674","Japan"
"6932","Tomra","TOM.OL","78751800","11.8247","Norway"
"6933","Bravida Holding","BRAV.ST","78716500","14.2397","Sweden"
"6934","Becamex (Investment and Industrial Development Corporation)","BCM.VN","78615800","1.58757","Vietnam"
"6935","Abacus Storage King","ASK.AX","78608700","0.947783","Australia"
"6936","Gulf Warehousing Company","GWCS.QA","78582900","0.61978","Qatar"
"6937","AAR","AIR","78500000","134.64","United States"
"6938","Argo Investments","ARG.AX","78491600","6.56652","Australia"
"6939","Kyodo Printing","7914.T","78434100","11.0415","Japan"
"6940","Maharah for Human Resources Company","1831.SR","78426800","1.2492","Saudi Arabia"
"6941","The Manitowoc Company","MTW","78400000","19.68","United States"
"6942","Alijarah Holding","NLCS.QA","78387200","0.189835","Qatar"
"6943","Fujita Kanko","9722.T","78350300","17.1115","Japan"
"6944","Fuji Kyuko","9010.T","78348400","17.4254","Japan"
"6945","Gulf Keystone Petroleum","GKP.L","78233000","2.69736","Bermuda"
"6946","HNI Corporation","HNI","78200000","49.02","United States"
"6947","Century Communities","CCS","78182000","69.41","United States"
"6948","Office Properties Income Trust","OPI","78176000","0.2","United States"
"6949","Kraken Robotics","PNG.V","78172200","4.14893","Canada"
"6950","Aviat Networks","AVNW","78129000","20.66","United States"
"6951","Minerva Neurosciences","NERV","78064900","4.81","United States"
"6952","Ashford Hospitality Trust","AHT","78042000","3.33","United States"
"6953","Servcorp Limited","SRV.AX","77981100","4.33476","Australia"
"6954","Midera Food Processing","MFP","77929000","48.75","United States"
"6955","Synsam","SYNSAM.ST","77920000","6.27264","Sweden"
"6956","Clicks Group","CLS.JO","77849100","12.5297","South Africa"
"6957","Tompkins Financial","TMP","77837000","97.91","United States"
"6958","PAR Technology","PAR","77807000","19.43","United States"
"6959","Aurelia Metals","AMI.AX","77752200","0.293276","Australia"
"6960","Estithmar Holding","IGRD.QA","77711800","1.11813","Qatar"
"6961","HBL","HBLENGINE.NS","77701800","7.25839","India"
"6962","KMC Properties","KMCP.OL","77662700","2.49568","Norway"
"6963","Perella Weinberg Partners","PWP","77655000","16.46","United States"
"6964","Alkami Technology","ALKT","77646000","20.31","United States"
"6965","Mitek Systems","MITK","77587000","17.855","United States"
"6966","Summit State Bank","SSBI","77567000","12.8","United States"
"6967","Arabia Insurance Cooperative Company","8160.SR","77461100","2.32794","Saudi Arabia"
"6968","Phibro Animal Health","PAHC","77451000","35.31","United States"
"6969","Capricorn Energy","CNE.L","77400000","4.67271","United Kingdom"
"6970","NFI Group","NFI.TO","77374000","16.0834","Canada"
"6971","Lectra SA","LSS.PA","77327300","26.2299","France"
"6972","Gogoro","GGR","77303000","2.93","Taiwan"
"6973","AEye","LIDR","77238000","1.21","United States"
"6974","Solar Industries India","SOLARINDS.NS","77199100","206.802","India"
"6975","Hanmi Pharmaceutical","008930.KS","77179200","33.4373","South Korea"
"6976","German American Bancorp","GABC","77174000","50.07","United States"
"6977","Steve Madden","SHOO","77157000","45.91","United States"
"6978","Sierra Bancorp","BSRR","77131000","39.65","United States"
"6979","Syrah Resources Limited","SYR.AX","77087000","0.0751073","Australia"
"6980","MLP SE","MLP.DE","77070300","10.9466","Germany"
"6981","Gr. Sarantis S.A.","SAR.AT","76991800","16.5307","Greece"
"6982","Sildarvinnslan","SVN.IC","76950000","1.03366","Iceland"
"6983","First Investment Company K.S.C.P.","ALOLA.KW","76946500","430.388","Kuwait"
"6984","Epiminder","EPI.AX","76931900","0.2897","Australia"
"6985","Astec Industries","ASTE","76900000","43.6","United States"
"6986","Deezer","DEEZR.PA","76882500","1.3931","France"
"6987","Construction Partners","ROAD","76860000","108.49","United States"
"6988","Boston Omaha","BOC","76854000","14","United States"
"6989","Mezzan Holding Company","MEZZAN.KW","76761500","3743.07","Kuwait"
"6990","Macquarie Technology Group","MAQ.AX","76733700","42.5608","Australia"
"6991","Hanwha Engine","082740.KS","76672100","34.2678","South Korea"
"6992","Ion Beam Applications","IBAB.BR","76649900","18.4892","Belgium"
"6993","Komeri Co.,Ltd.","8218.T","76491800","24.2926","Japan"
"6994","Entrada Therapeutics","TRDA","76444000","7.33","United States"
"6995","Gaumont SA","GAM.PA","76434900","118.909","France"
"6996","Alpha Tau Medical","DRTS","76419000","14.7","Israel"
"6997","Alexander's, Inc.","ALX","76243000","269.54","United States"
"6998","Komax Holding","KOMN.SW","75956800","91.4327","Switzerland"
"6999","Essential Utilities","WTRG","75926000","41.34","United States"
"7000","Al Sagr Cooperative Insurance Company","8180.SR","75925000","2.99116","Saudi Arabia"
"7001","V-ZUG Holding","VZUG.SW","75863300","51.9363","Switzerland"
"7002","Victory Capital","VCTR","75849000","116","United States"
"7003","Western New England Bancorp","WNEB","75844000","13.89","United States"
"7004","WhiteFiber","WYFI","75782800","20.78","United States"
"7005","HEG","HEG.NS","75752900","7.54571","India"
"7006","Salam International Investment","SIIS.QA","75750200","0.203571","Qatar"
"7007","Wacker Neuson","WAC.F","75695300","24.831","Germany"
"7008","BAUER AG","B5A0.HM","75642000","7.04127","Germany"
"7009","John Wiley &amp; Sons","WLY","75622000","53.2","United States"
"7010","Bahrain National Holding","BNH.BH","75605600","1.14058","Bahrain"
"7011","HUB24 Limited","HUB.AX","75538100","55.9156","Australia"
"7012","Camden National Corporation","CAC","75427000","56.88","United States"
"7013","PlayWay","PLW.WA","75404100","66.3099","Poland"
"7014","Hotel Properties Limited","H15.SI","75358700","3.65825","Singapore"
"7015","Lightwave Logic","LWLG","75102800","5.81","United States"
"7016","Greenlight Re","GLRE","75088000","15.52","Cayman Islands"
"7017","Nichols plc","NICL.L","75060800","15.6093","United Kingdom"
"7018","Klöckner &amp; Co","KCO.DE","75004300","14.2457","Germany"
"7019","Sirius XM","SIRI","75000000","28.45","United States"
"7020","Seco S.p.A.","IOT.MI","74966100","4.24341","Italy"
"7021","Olvi plc","OLVAS.HE","74956900","37.9459","Finland"
"7022","Meridian Energy","MEZ.AX","74936500","3.35479","New Zealand"
"7023","Farmers &amp; Merchants Bancorp","FMAO","74867000","33.99","United States"
"7024","Carabao Group","CBG.BK","74831700","1.68754","Thailand"
"7025","iBio","IBIO","74797000","1.42","United States"
"7026","Cybozu","4776.T","74763600","18.957","Japan"
"7027","ACICO Industries Company","ACICO.KW","74752900","1910.66","Kuwait"
"7028","Aldrees Petroleum and Transport Services","4200.SR","74752400","32.0158","Saudi Arabia"
"7029","Carborundum Universal","CARBORUNIV.NS","74711700","11.5631","India"
"7030","Phreesia","PHR","74706000","11.69","United States"
"7031","Solaria Energía","SLR.MC","74659900","19.8123","Spain"
"7032","DEUTZ","DEZ.DE","74653600","13.0217","Germany"
"7033","Instil Bio","TIL","74571000","7.81","United States"
"7034","Adagene","ADAG","74523800","3.9","China"
"7035","Incannex Healthcare","IXHL","74450000","0.167","Australia"
"7036","ME Group International","MEGP.L","74400300","1.70561","United Kingdom"
"7037","ALM Equity","ALM.ST","74389200","4.78868","Sweden"
"7038","Devsisters","194480.KQ","74348500","11.2517","South Korea"
"7039","AlphaPolis","9467.T","74328300","7.6079","Japan"
"7040","Krispy Kreme","DNUT","74218000","3.61","United States"
"7041","Hamborner REIT","HABA.DE","74166400","5.05363","Germany"
"7042","Mapletree Industrial Trust","ME8U.SI","74133800","1.51837","Singapore"
"7043","Compass Minerals","CMP","74100000","24.5","United States"
"7044","MSC Industrial Direct","MSM","74094000","119.26","United States"
"7045","Youdao","DAO","73996800","16.72","China"
"7046","Dalrymple Bay Infrastructure","DBI.AX","73982100","3.8269","Australia"
"7047","Inghams Group","ING.AX","73881300","1.45207","Australia"
"7048","Burford Capital","BUR","73835000","4.31","Guernsey"
"7049","Blue Dart Express","BLUEDART.NS","73812400","52.2359","India"
"7050","Utz Brands","UTZ","73700000","14.21","United States"
"7051","Ethos Watches","ETHOSLTD.NS","73656800","30.2069","India"
"7052","SRG Global Limited","SRG.AX","73579100","2.73247","Australia"
"7053","ISE Chemicals","4107.T","73542500","25.1714","Japan"
"7054","Stratus Properties","STRS","73539000","19.025","United States"
"7055","Modine Manufacturing","MOD","73500000","188.37","United States"
"7056","Vasta Platform","VSTA","73478000","4.9","Brazil"
"7057","Lotus Technology","LOT","73431000","1.14","China"
"7058","BBX Capital Corporation","BBXIA","73362000","3.8","United States"
"7059","Netwealth","NWL.AX","73288500","15.8941","Australia"
"7060","Sinfonia Technology","6507.T","73269500","77.0206","Japan"
"7061","Eagle Football Group","EFG.PA","73165300","2.0401","France"
"7062","NewMarket Corp","NEU","73158000","936.62","United States"
"7063","Kamada","KMDA","73147000","8.43","Israel"
"7064","Hennessy Advisors","HNNA","73068000","9.9","United States"
"7065","Westshore Terminals Investment","WTE.TO","73031500","30.0527","Canada"
"7066","Infinity Natural Resources","INR","72983000","14.89","United States"
"7067","Bahnhof AB","3B7.F","72923300","6.16694","Sweden"
"7068","Balchem","BCPC","72873000","177.5","United States"
"7069","Weave Communications","WEAV","72707000","7.29","United States"
"7070","Midwich Group","MIDW.L","72700000","1.93297","United Kingdom"
"7071","Installux S.A.","ALLUX.PA","72660500","575.892","France"
"7072","goeasy","GSY.TO","72627400","30.2258","Canada"
"7073","Hindustan Construction Company","HCC.NS","72504200","0.23707","India"
"7074","Microbot Medical","MBOT","72500000","1.48","United States"
"7075","Hyliion","HYLN","72470000","3.15","United States"
"7076","The Andersons, Inc.","ANDE","72398000","65.76","United States"
"7077","Indorama Synthetics","INDORAMA.NS","72366200","0.633372","India"
"7078","Toho Co., Ltd.","8142.T","72360800","8.98888","Japan"
"7079","The Italian Sea Group","TISG.MI","72341000","1.54115","Italy"
"7080","Lumibird","LBIRD.PA","72330400","30.4267","France"
"7081","CVRx","CVRX","72303000","3.15","United States"
"7082","Himatsingka Seide","HIMATSEIDE.NS","72299300","0.759273","India"
"7083","Raymond","RAYMOND.NS","72279500","6.55522","India"
"7084","Snowline Gold Corp.","SGD.TO","72255400","13.493","Canada"
"7085","American Resources Corp","AREC","72172100","2.51","United States"
"7086","RCS MediaGroup","RCS.MI","72107300","1.08067","Italy"
"7087","CarGurus","CARG","72049000","37.21","United States"
"7088","Kinder Morgan","KMI","72000000","31","United States"
"7089","NiSource","NI","71900000","40.83","United States"
"7090","Kezar Life Sciences","KZR","71878000","7.29","United States"
"7091","Lindsay Australia","LAU.AX","71686600","0.550787","Australia"
"7092","Miyakoshi Holdings","6620.T","71629900","4.46933","Japan"
"7093","Bain Capital Specialty Finance","BCSF","71629000","12.12","United States"
"7094","Peoples Bancorp of North Carolina","PEBK","71596000","44.12","United States"
"7095","Assertio Holdings","ASRT","71569000","23.5","United States"
"7096","Wellneo Sugar","2117.T","71554200","18.0594","Japan"
"7097","MeiraGTx","MGTX","71541000","14.83","United States"
"7098","Mid-America Apartment Communities","MAA","71529000","133.16","United States"
"7099","Hexatronic Group AB","HTRO.ST","71504300","4.19404","Sweden"
"7100","Max Healthcare Institute","MAXHEALTH.NS","71501800","10.5339","India"
"7101","Federal Signal","FSS","71400000","119.78","United States"
"7102","Waga Energy","WAGA.PA","71390600","27.2208","France"
"7103","Zomedica Pharmaceuticals","ZOM","71353000","0.0973","United States"
"7104","Aarti Industries","AARTIIND.NS","71348900","5.64779","India"
"7105","Bloomin' Brands","BLMN","71300000","11.44","United States"
"7106","Totech Corporation","9960.T","71276800","23.6335","Japan"
"7107","AS Merko Ehitus","MRK1T.TL","71265900","31.4176","Estonia"
"7108","Eiken Chemical","4549.T","71238900","14.6823","Japan"
"7109","The Shibusawa Warehouse","9304.T","71232600","12.956","Japan"
"7110","Vst Tillers Tractors","VSTTILLERS.NS","71144300","46.3818","India"
"7111","Entravision Communications","EVC","71144000","8.11","United States"
"7112","Reynolds Consumer Products","REYN","71000000","25.29","United States"
"7113","Fairwood Holdings","0052.HK","70942800","0.609795","Hong Kong"
"7114","Panoro Energy ASA","PEN.OL","70935000","2.98034","United Kingdom"
"7115","American Vanguard","AVD","70914000","2.17","United States"
"7116","PNE AG","PNE3.DE","70834200","8.54512","Germany"
"7117","Greene County Bancorp","GCBC","70780000","35.29","United States"
"7118","Dexelance","DEX.MI","70699900","2.4831","Italy"
"7119","Stoneridge","SRI","70536000","7.17","United States"
"7120","Chorus Aviation","CHR.TO","70511900","21.0188","Canada"
"7121","Fonterra","FCG.NZ","70464900","2.66841","New Zealand"
"7122","Ali Al-Ghanim Sons Automotive Company","ALG.KW","70455100","3064.88","Kuwait"
"7123","Polytec Holding","PYT.VI","70444100","5.58405","Austria"
"7124","SYLA Holdings","8887.T","70437100","2.42298","Japan"
"7125","Xperi","XPER","70422000","6.19","United States"
"7126","Borosil","BORORENEW.NS","70283200","5.52502","India"
"7127","Siam Global House","GLOBAL.BK","70251400","0.21686","Thailand"
"7128","Silence Therapeutics","SLN","70078000","13.29","United Kingdom"
"7129","National Bankshares","NKSH","70056000","41.34","United States"
"7130","China Rare Earth Resources And Technology","000831.SZ","70033200","8.60271","China"
"7131","Miahona Company","2084.SR","70019200","3.02845","Saudi Arabia"
"7132","Boohoo Group","DEBS.L","69905700","0.267679","United Kingdom"
"7133","Marten Transport","MRTN","69786000","14.67","United States"
"7134","Liontrust Asset Management PLC","LIO.L","69727200","4.29126","United Kingdom"
"7135","McPhy Energy","MCPHY.PA","69667300","2.53774","France"
"7136","Kyokuyo","1301.T","69662400","29.8165","Japan"
"7137","BKI Investment Company","BKI.AX","69653900","1.31974","Australia"
"7138","Jain Irrigation Systems","JISLDVREQS.NS","69605300","0.218368","India"
"7139","Southern First Bancshares","SFST","69597000","63.01","United States"
"7140","Action Construction Equipment","ACE.NS","69588200","12.1032","India"
"7141","Breville Group","BRG.AX","69556600","23.4979","Australia"
"7142","IONOS Group","IOS.DE","69496200","39.0767","Germany"
"7143","Preformed Line Products","PLPC","69452000","406.93","United States"
"7144","Supreme Industries","SUPREMEIND.NS","69438400","37.3545","India"
"7145","Elica S.p.A.","ELC.MI","69407700","1.38727","Italy"
"7146","PROG Holdings","PRG","69386000","39.07","United States"
"7147","Renascor Resources","RNU.AX","69327000","0.0407725","Australia"
"7148","Alma Media","ALMA.HE","69098000","16.3791","Finland"
"7149","Empire State Realty Trust","ESRT","68820000","4.73","United States"
"7150","GlobalData","DATA.L","68817400","1.13643","United Kingdom"
"7151","Seanergy Maritime","SHIP","68802000","17.82","Greece"
"7152","29Metals","29M.AX","68777100","0.243205","Australia"
"7153","Bafang Yunji","2753.TW","68755200","5.91317","Taiwan"
"7154","NorthWest Healthcare Properties REIT","NWH-UN.TO","68698800","4.13335","Canada"
"7155","Soluna Holdings","SLNH","68572000","1.145","United States"
"7156","Verano Holdings","VRNOF","68569000","0.94","United States"
"7157","Wataniya Insurance Company","8300.SR","68541100","3.91274","Saudi Arabia"
"7158","EPR Properties","EPR","68465000","60.56","United States"
"7159","Stillfront Group","SF.ST","68391700","0.687254","Sweden"
"7160","OneWater Marine","ONEW","68362000","12.02","United States"
"7161","Pulse Biosciences","PLSE","68319000","49.13","United States"
"7162","Karooooo","KARO","68306800","64.275","Singapore"
"7163","BEWi ASA","BEWI.OL","68287800","2.22317","Norway"
"7164","Krosaki Harima","5352.T","68271700","26.2423","Japan"
"7165","Sea1 Offshore","SEA1.OL","68252000","2.98571","Norway"
"7166","Outdoor Holding Company","POWW","68103400","2.24","United States"
"7167","Establishment Labs","ESTA","68101000","72.06","Costa Rica"
"7168","Convatec Group","CTEC.L","68000000","3.11695","United Kingdom"
"7169","Alkhorayef Water and Power Technologies Company","2081.SR","67949900","26.9284","Saudi Arabia"
"7170","Rayonier Advanced Materials","RYAM","67944000","8.33","United States"
"7171","National Vision Holdings","EYE","67898000","18.23","United States"
"7172","SWCC Corporation","5805.T","67877800","89.1983","Japan"
"7173","Kawai Musical Instruments Manufacturing","7952.T","67840000","21.7189","Japan"
"7174","Bajaj Electricals","BAJAJELEC.NS","67757600","3.48919","India"
"7175","Pentair","PNR","67700000","63.31","United Kingdom"
"7176","Odfjell Drilling","0QHX.IL","67700000","9.99889","United Kingdom"
"7177","LeonaBio","LONA","67679000","7.73","United States"
"7178","Northern Data AG","NB2.DE","67636200","9.84495","Germany"
"7179","Nykaa","NYKAA.NS","67634900","3.48448","India"
"7180","Collins Foods Limited","CKF.AX","67625600","5.88698","Australia"
"7181","American Realty Investors","ARL","67621000","15.38","United States"
"7182","SAPTCO (Saudi Public Transport Company)","4040.SR","67619900","3.03377","Saudi Arabia"
"7183","Nihon Falcom","3723.T","67617400","18.1849","Japan"
"7184","Stella-Jones","SJ.TO","67611800","50.5087","Canada"
"7185","MAAS Group Holdings","MGH.AX","67599700","4.14163","Australia"
"7186","Csquare, Inc.","CSQR","67568000","19.6","United States"
"7187","Ribbon Communications","RBBN","67554000","2.04","United States"
"7188","LiveWire Group","LVWR","67495000","1.27","United States"
"7189","Wuhan Guide Infrared","002414.SZ","67341800","1.9651","China"
"7190","Jakks Pacific","JAKK","67335000","25.51","United States"
"7191","Baladna","BLDN.QA","67272700","0.343407","Qatar"
"7192","Outfront Media","OUT","67200000","30.42","United States"
"7193","Palfinger","PFI.F","67184500","35.4395","Austria"
"7194","The Bancorp, Inc.","TBBK","67183000","66.8","United States"
"7195","Megaport Limited","MP1.AX","67140500","12.5322","Australia"
"7196","Zumtobel Group","ZAG.VI","67128500","4.69806","Austria"
"7197","Alpha HPA Limited","A4N.AX","67120100","0.389843","Australia"
"7198","Life Healthcare Group","LHC.JO","67061200","0.719892","South Africa"
"7199","Bossard Holding","BOSN.SW","67007700","291.092","Switzerland"
"7200","Lineage","LINE","67000000","40.8","United States"
"7201","Fourth Milling","2286.SR","66984600","1.06275","Saudi Arabia"
"7202","APG|SGA","APGN.SW","66963500","250.04","Switzerland"
"7203","Praj Industries","PRAJIND.NS","66924900","3.63233","India"
"7204","Intchains Group","ICG","66907600","0.98","China"
"7205","Procter &amp; Gamble India","PGHH.NS","66870100","84.6254","India"
"7206","adesso SE","ADN1.DE","66817900","68.5474","Germany"
"7207","The Tourism Enterprise company (SHAMS)","4170.SR","66725200","3.92606","Saudi Arabia"
"7208","StarragTornos Group","STGN.SW","66709600","42.2954","Switzerland"
"7209","Latécoère S.A.","LAT.PA","66688200","0.01737","France"
"7210","GPT Group","GPT.AX","66578100","3.35479","Australia"
"7211","DRI Healthcare Trust","DHT-UN.TO","66562000","12.9374","Canada"
"7212","Expensify","EXFY","66528000","2.72","United States"
"7213","aTyr Pharma","ATYR","66513000","0.53","United States"
"7214","HealthStream","HSTM","66498000","28.78","United States"
"7215","Nick Scali Limited","NCK.AX","66434000","10.9084","Australia"
"7216","Niagen Bioscience","NAGE","66397000","3.21","United States"
"7217","Immutep","IMMP","66396900","0.386","Australia"
"7218","everplay group plc","EVPL.L","66340800","3.65098","United Kingdom"
"7219","Eurocash","EUR.WA","66324100","1.3668","Poland"
"7220","Fresh Del Monte Produce","FDP","66300000","29.22","Cayman Islands"
"7221","CARE's Ratings","CARERATING.NS","66247000","16.8833","India"
"7222","Amalgamated Financial","AMAL","66223000","48.79","United States"
"7223","Redefine Properties","RDF.JO","66183200","0.383359","South Africa"
"7224","Robert Walters","RWA.L","66123900","2.10767","United Kingdom"
"7225","PFISTERER Holding SE","PFSE.DE","66121100","84.2854","Germany"
"7226","SpareBank 1","SPOL.OL","66076000","21.2071","Norway"
"7227","Aeroporto G. Marconi Bologna","ADB.MI","66052800","11.4712","Italy"
"7228","PZ Cussons plc","PZC.L","66050700","1.42664","United Kingdom"
"7229","McEwen Mining","MUX","66034000","21.01","Canada"
"7230","TSS, Inc.","TSSI","65973000","8.38","United States"
"7231","Chegg","CHGG","65914000","0.8003","United States"
"7232","Quercus TFI","QRS.WA","65861700","3.76207","Poland"
"7233","Barinthus Biotherapeutics","BRNS","65858000","0.6031","United Kingdom"
"7234","Oramed Pharmaceuticals","ORMP","65840000","4.82","United States"
"7235","IperionX","IPX","65826800","21.71","United States"
"7236","National International Holding Company (Kuwait)","NIH.KW","65823200","622.758","Kuwait"
"7237","MBM Resources","5983.KL","65754100","1.21984","Malaysia"
"7238","Bata India","BATAINDIA.NS","65738800","7.15651","India"
"7239","Shurgard Self Storage","SHUR.BR","65735500","27.3374","Luxembourg"
"7240","Total Energy Services","TOT.TO","65722300","22.231","Canada"
"7241","Lubawa","LBW.WA","65630000","3.28031","Poland"
"7242","Avanos Medical","AVNS","65600000","24.99","United States"
"7243","AudioCodes","AUDC","65596000","9.62","Israel"
"7244","Einhell Germany","EIN.DE","65591000","85.218","Germany"
"7245","Avantium N.V.","AVTX.AS","65589800","5.79389","Netherlands"
"7246","Indoritel","DNET.JK","65584700","0.590229","Indonesia"
"7247","AutoNation","AN","65500000","195.13","United States"
"7248","SOPHiA GENETICS","SOPH","65392000","8.45","Switzerland"
"7249","SRP Groupe (Showroomprive.com)","SRP.PA","65345500","0.932618","France"
"7250","Qt Group","QTCOM.HE","65291300","40.3824","Finland"
"7251","Mears Group plc","MER.L","65287600","5.86132","United Kingdom"
"7252","Similarweb","SMWB","65257000","8.99","Israel"
"7253","SNP Schneider-Neureither &amp; Partner","SHF.DE","65176700","96.9923","Germany"
"7254","Codexis","CDXS","65140000","1.66","United States"
"7255","Electrical Industries Company (EIC)","1303.SR","65113900","4.13115","Saudi Arabia"
"7256","VersaBank","VBNK","65094300","19.45","Canada"
"7257","Solvar Limited","SVR.AX","65080900","1.24464","Australia"
"7258","Aldeyra Therapeutics","ALDX","65002300","1.52","United States"
"7259","Piscines Desjoyaux","ALPDX.PA","64984200","13.523","France"
"7260","Al Khaleej Takaful Insurance Company","AKHI.QA","64930200","0.775","Qatar"
"7261","Vesuvius India","VESUVIUS.NS","64747000","4.47707","India"
"7262","Shofu Inc.","7979.T","64724800","14.6885","Japan"
"7263","Burning Rock Biotech","BNR","64692400","10.32","China"
"7264","Arrow Financial","AROW","64660000","38.34","United States"
"7265","Cars.com","CARS","64598000","12.36","United States"
"7266","Alamar Biosciences","ALMR","64586000","32.7","United States"
"7267","Murapol S.A.","MUR.WA","64547200","10.4878","Poland"
"7268","B&amp;G Foods","BGS","64542000","3.49","United States"
"7269","POOLCORP","POOL","64458000","188.24","United States"
"7270","WH Smith","SMWH.L","64404500","5.66446","United Kingdom"
"7271","Gulf Union Alahlia Cooperative Insurance","8120.SR","64336200","3.89676","Saudi Arabia"
"7272","Endava","DAVA","64329200","3.18","United Kingdom"
"7273","Senseonics Holdings","SENS","64321000","9.38","United States"
"7274","Qatar Industrial Manufacturing Company","QIMD.QA","64306700","0.544231","Qatar"
"7275","PVR INOX","PVRINOX.NS","64278200","12.8952","India"
"7276","Gamania Digital","6180.TWO","64225500","1.30498","Taiwan"
"7277","Helios Technologies","HLIO","64200000","73.98","United States"
"7278","YAKUODO HOLDINGS","7679.T","64171500","10.646","Japan"
"7279","Rupert Resources","RUP.TO","64037700","7.33956","Canada"
"7280","DEMIRE Deutsche Mittelstand Real Estate","DMRE.DE","63942900","0.503614","Germany"
"7281","Dubai Islamic Insurance &amp; Reinsurance","AMAN.AE","63874800","0","United Arab Emirates"
"7282","Prestige Consumer Healthcare","PBH","63868000","52.02","United States"
"7283","OppFi","OPFI","63865000","7.08","United States"
"7284","UMH Properties","UMH","63840000","16.62","United States"
"7285","Alvotech","ALVO","63832000","5.25","Iceland"
"7286","izertis","IZER.MC","63824200","9.72255","Spain"
"7287","Meeza QSTP LLC (Public)","MEZA.QA","63799000","0.799725","Qatar"
"7288","Scherzer &amp; Co. AG","PZS.DE","63766300","3.07764","Germany"
"7289","Acast AB","ACAST.ST","63683600","3.78884","Sweden"
"7290","Quanex Building Products","NX","63671000","19.95","United States"
"7291","Granite REIT","GRP-UN","63521100","59.19","Canada"
"7292","Atea ASA","ATEA.OL","63479700","18.9668","Norway"
"7293","Alliance Aviation Services","AQZ.AX","63471300","0.64632","Australia"
"7294","Waterstone Financial","WSBF","63458000","21.18","United States"
"7295","AMH (American Homes 4 Rent)","AMH","63301000","34.81","United States"
"7296","Amana Cooperative Insurance Company","8310.SR","63283800","1.98167","Saudi Arabia"
"7297","Elvalhalcor Hellenic Copper and Aluminium Industry","ELHA.AT","63241500","4.55817","Greece"
"7298","Nelnet","NNI","63198000","127.71","United States"
"7299","Docebo","DCBO","63188000","24.51","Canada"
"7300","Fractyl Health","GUTS","63168000","0.75","United States"
"7301","Crédit Agricole Mutuel de la Touraine et du Poitou","CRTO.PA","63053100","156.796","France"
"7302","Gulf Investment House Company","GIH.KW","62972900","2083.47","Kuwait"
"7303","Oil-Dri Corporation Of America","ODC","62941000","92.19","United States"
"7304","Real Brokerage Inc.","REAX","62920000","2.4","Canada"
"7305","Iwaki Co.","6237.T","62910700","26.364","Japan"
"7306","Laurent-Perrier","LPE.PA","62859500","97.6918","France"
"7307","Jumia","JMIA","62567000","6.49","Germany"
"7308","Mahindra Lifespaces","MAHLIFE.NS","62521400","3.9395","India"
"7309","Dunelm Group","DNLM.L","62353100","12.0973","United Kingdom"
"7310","Amprius Technologies","AMPX","62352000","9.86","United States"
"7311","Martifer SGPS","MAR.LS","62284900","2.66962","Portugal"
"7312","Hufvudstaden AB","HUFV-A.ST","62263900","12.7242","Sweden"
"7313","Saudi Kayan Petrochemical Company","2350.SR","62243500","1.40635","Saudi Arabia"
"7314","Capital City Bank Group","CCBG","62189000","51.61","United States"
"7315","Universal Corporation","UVV","62178000","45.62","United States"
"7316","Tuas Limited","TUA.AX","62176900","1.50215","Australia"
"7317","Malath Cooperative Insurance Company","8020.SR","62106100","2.71948","Saudi Arabia"
"7318","Fortis Healthcare","FORTIS.NS","62051100","9.63222","India"
"7319","Time Technoplast","TIMETECHNO.NS","61991200","1.93073","India"
"7320","Nanobiotix","NBTX","61967000","39.66","France"
"7321","Harvia Oyj","HARVIA.HE","61863000","52.4015","Finland"
"7322","Kaltura","KLTR","61804000","1.63","United States"
"7323","Hokkaido Gas","9534.T","61792500","5.14099","Japan"
"7324","TPG Mortgage Investment Trust","MITT","61716500","6.73","United States"
"7325","Global Industrial Company","GIC","61700000","39.57","United States"
"7326","Concentra Group","CON","61699000","34.99","United States"
"7327","Catering International &amp; Services","ALCIS.PA","61689700","25.0641","France"
"7328","United Breweries","UBL.NS","61677700","14.0581","India"
"7329","Savers Value Village","SVV","61609000","10.92","United States"
"7330","Pulmonx","LUNG","61572000","2.28","United States"
"7331","Prima Meat Packers","2281.T","61565500","15.2723","Japan"
"7332","Werner Enterprises","WERN","61544000","37.67","United States"
"7333","Incap Oyj","ICP1V.HE","61396500","9.66426","Finland"
"7334","Affinity Bancshares","AFBI","61395000","23","United States"
"7335","Equillium","EQ","61322000","2.2","United States"
"7336","Safilo Group","SFL.MI","61256300","2.19049","Italy"
"7337","Interface, Inc.","TILE","61231000","38.27","United States"
"7338","Hokkaido Coca-Cola Bottling","2573.T","61184200","25.2341","Japan"
"7339","Marie Brizard Wine &amp; Spirits","MBWS.PA","61131700","3.48566","France"
"7340","MaxLinear","MXL","61077000","62.78","United States"
"7341","Evolv Technologies","EVLV","61073000","5.25","United States"
"7342","Chubb Arabia Cooperative Insurance Company","8240.SR","61054800","4.92222","Saudi Arabia"
"7343","Vaxart","VXRT","61022000","0.5","United States"
"7344","ACRES Commercial Realty","ACR","60971000","14.82","United States"
"7345","Saudi Automotive Services Company","4050.SR","60962900","11.4692","Saudi Arabia"
"7346","Community West Bancshares","CWBC","60959000","26.01","United States"
"7347","Ascend Wellness (AWH)","AAWH","60920000","0.52","United States"
"7348","LGI Homes","LGIH","60860000","58.25","United States"
"7349","Orrstown Financial Services","ORRF","60823000","42.07","United States"
"7350","Compass Diversified Holdings","CODI","60747000","11.55","United States"
"7351","Carbios SAS","ALCRB.PA","60694700","7.43763","France"
"7352","Forge Global","FRGE","60673000","45","United States"
"7353","Mettler Toledo","MTD","60574000","1398.89","United States"
"7354","PAL Next AG","PAL.DE","60567600","1.09852","Germany"
"7355","La Française de l'Energie","FDE.PA","60558900","33.5743","France"
"7356","Gasco (National Gas and Industrialization Company)","2080.SR","60495600","15.9013","Saudi Arabia"
"7357","Tamkeen Human Resources Company","1835.SR","60492900","12.4654","Saudi Arabia"
"7358","New Wave Group","NEWA-B.ST","60451500","9.25109","Sweden"
"7359","Cantaloupe","CTLP","60413000","11.2","United States"
"7360","Turners Automotive Group","TRA.NZ","60394100","4.58038","New Zealand"
"7361","Visiativ SA","ALVIV.PA","60358200","40.1999","France"
"7362","Centuri Holdings","CTRI","60337000","20.79","United States"
"7363","Genuit Group","GEN.L","60333000","3.89365","United Kingdom"
"7364","Roularta Media Group","ROU.BR","60263600","14.2807","Belgium"
"7365","Atturra","ATA.AX","60239400","0.286123","Australia"
"7366","Fujibo Holdings","3104.T","60127800","21.9072","Japan"
"7367","Innoviz Technologies","INVZ","60110000","0.3387","Israel"
"7368","Vitec Software Group","VIT-B.ST","60011200","27.3428","Sweden"
"7369","Century Casinos","CNTY","59964000","1.27","United States"
"7370","Talis Biomedical","TLIS","59867000","2.84","United States"
"7371","Appen","APX.AX","59824000","1.09084","Australia"
"7372","Cardlytics","CDLX","59803000","4.28","United States"
"7373","BrainsWay","BWAY","59774000","14.19","Israel"
"7374","IDI","IDIP.PA","59750600","83.2362","France"
"7375","J&amp;J Snack Foods","JJSF","59746000","89.86","United States"
"7376","National Real Estate Company - K.P.S.C.","NRE.KW","59744000","456.472","Kuwait"
"7377","QCR Holdings","QCRH","59723000","100.9","United States"
"7378","Kempower","KEMPOWR.HE","59722900","12.2523","Finland"
"7379","Grupa Pracuj","GPP.WA","59707800","14.1281","Poland"
"7380","Electra Real Estate","ELCRE.TA","59619000","8.45633","Israel"
"7381","KFin Technologies","KFINTECH.NS","59572000","10.0825","India"
"7382","Bel Fuse","BELFB","59446000","247.98","United States"
"7383","Devyani International","DEVYANI.NS","59445900","1.56817","India"
"7384","Vivara","VIVA3.SA","59404200","4.19369","Brazil"
"7385","AMTD IDEA Group","AMTD","59401000","0.7996","Hong Kong"
"7386","Sixt","SIX2.F","59277300","84.7517","Germany"
"7387","SCYNEXIS","SCYX","59263000","5.26","United States"
"7388","Standard Motor Products","SMP","59207000","37.52","United States"
"7389","KVH Industries","KVHI","59153000","7.49","United States"
"7390","GoldMining Inc.","GLDG","59146300","1.18","Canada"
"7391","WD-40 Company","WDFC","59137000","215.89","United States"
"7392","Kinnevik","KINV-A.ST","59106000","6.63048","Sweden"
"7393","Future plc","FUTR.L","59065000","4.14413","United Kingdom"
"7394","Reliance Communications","RCOM.NS","59047300","0.00856755","India"
"7395","Oeneo","SBT.PA","59042300","11.0049","France"
"7396","Bloomsbury Publishing","BMY.L","59037400","8.9231","United Kingdom"
"7397","Blend Labs","BLND","59037000","1.5","United States"
"7398","Grocery Outlet","GO","58998000","12.04","United States"
"7399","Oil States International","OIS","58989000","8.31","United States"
"7400","BCP Investment Corporation","BCIC","58961100","7.66","United States"
"7401","Klaveness Combination Carriers","KCC.OL","58935000","11.234","Norway"
"7402","Southern Petrochemical Industries Corp","SPIC.NS","58931800","0.738272","India"
"7403","Tinexta","TNXT.MI","58881500","17.4983","Italy"
"7404","Tiger Brands","TBS.JO","58819400","16.9727","South Africa"
"7405","Van de Velde","VAN.BR","58804600","34.5069","Belgium"
"7406","SalMar ASA","SALM.OL","58802500","58.8012","Norway"
"7407","Strata Critical Medical","SRTA","58789000","5.97","United States"
"7408","Ponsse","PON1V.HE","58766900","27.1625","Finland"
"7409","Intershop Holding","ISN.SW","58715400","203.267","Switzerland"
"7410","MT Højgaard Holding","MTHH.CO","58706100","43.9678","Denmark"
"7411","Société de la Tour Eiffel","EIFF.PA","58687100","9.55934","France"
"7412","Civmec Limited","CVL.AX","58660400","1.36624","Australia"
"7413","Lucky Strike Entertainment","LUCK","58654000","6.71","United States"
"7414","Uzin Utz","UZU.DE","58619000","74.3763","Germany"
"7415","J.M. Smucker Company","SJM","58600000","125.87","United States"
"7416","1&1","1U1.DE","58595600","25.9384","Germany"
"7417","Sweco","SWEC-A.ST","58545800","13.5241","Sweden"
"7418","Gefran","GE.MI","58501800","13.0567","Italy"
"7419","AIC Mines Limited","A1M.AX","58462300","0.579399","Australia"
"7420","Genus","GNS.L","58447600","31.2785","United Kingdom"
"7421","Vimian Group","VIMIAN.ST","58334000","3.73096","Sweden"
"7422","Gokaldas Exports","GOKEX.NS","58327500","8.27709","India"
"7423","Funkwerk AG","FEW.F","58322900","36.3083","Germany"
"7424","Bang &amp; Olufsen A/S","BO.CO","58297200","1.69634","Denmark"
"7425","Watches of Switzerland Group","WOSG.L","58294800","9.39309","United Kingdom"
"7426","Adani Total Gas","ATGL.NS","58290000","6.68112","India"
"7427","Syros Pharmaceuticals","SYRS","58275000","0.0001","United States"
"7428","Southern Cross Electrical Engineering","SXE.AX","58263400","3.10443","Australia"
"7429","Alerus Financial","ALRS","58242000","32.86","United States"
"7430","Aspo Oyj","ASPO.HE","58218300","8.65003","Finland"
"7431","BHG Group AB","BHG.ST","58182200","2.0565","Sweden"
"7432","Sunlight REIT","0435.HK","58107500","0.281935","Hong Kong"
"7433","California Water Service Group","CWT","58102000","50.85","United States"
"7434","Weebit Nano","WBT.AX","58088900","2.88269","Australia"
"7435","Kirby Corporation","KEX","58014000","138.72","United States"
"7436","Vedant Fashions","MANYAVAR.NS","57998700","5.6154","India"
"7437","Cibus Nordic Real Estate","CIBUS.ST","57979600","14.9659","Sweden"
"7438","Mister Spex","MRX.F","57852500","1.29984","Germany"
"7439","Pixelworks","PXLW","57821000","6.74","United States"
"7440","IFA Hotels and Resorts","IFAHR.KW","57783400","2249.76","Kuwait"
"7441","SUNeVision","1686.HK","57717600","0.628931","Hong Kong"
"7442","Saudi Arabian Refineries Company","2030.SR","57662600","13.4908","Saudi Arabia"
"7443","Rightmove","RMV.L","57646300","7.00302","United Kingdom"
"7444","Cutera","CUTR","57614000","0.0969","United States"
"7445","AB Dynamics","ABDP.L","57561500","11.1113","United Kingdom"
"7446","ACC","ACC.NS","57507000","13.6234","India"
"7447","Lamb Weston","LW","57500000","54.8","United States"
"7448","Société Marseillaise du Tunnel Prado-Carénage","ALTPC.PA","57463600","31.2427","France"
"7449","A2Z Cust2Mate Solutions","AZ","57345000","7.08","Canada"
"7450","Bakkafrost","BAKKA.OL","57327200","52.3895","Denmark"
"7451","RBC Bearings","RBC","57300000","495.9","United States"
"7452","Laox Holdings","8202.T","57297000","0.929018","Japan"
"7453","Flexsteel Industries","FLXS","57283000","80.6","United States"
"7454","I'LL inc.","3854.T","57184600","15.0652","Japan"
"7455","Drake and Scull International","DSI.AE","57169300","0","United Arab Emirates"
"7456","Amerigo Resources","ARG.TO","57161000","5.93116","Canada"
"7457","ABO Energy","AB9.DE","57111200","3.90534","Germany"
"7458","Winnebago Industries","WGO","57100000","32.14","United States"
"7459","Brinker International","EAT","57100000","253.94","United States"
"7460","Hercules Capital","HTGC","57065000","17.5","United States"
"7461","Newegg","NEGG","57050000","18.19","United States"
"7462","WM Technology","MAPS","57002000","0.4","United States"
"7463","LoveSac","LOVE","56998000","15.85","United States"
"7464","Bouvet","BOUV.OL","56963300","5.25721","Norway"
"7465","Fenix Outdoor","FOI-B.ST","56945100","35.6257","Switzerland"
"7466","FDC India","FDC.NS","56936500","3.59158","India"
"7467","Delta Israel Brands","DLTI.TA","56936000","33.932","Israel"
"7468","Mitsubishi Kakoki Kaisha","6331.T","56911700","20.2438","Japan"
"7469","Cleanaway Waste Management","CWY.AX","56900400","1.85265","Australia"
"7470","Venu Holding Corporation","VENU","56601300","1.83","United States"
"7471","TriSalus Life Sciences","TLSI","56553000","5.11","United States"
"7472","EDION Corporation","2730.T","56489200","15.9753","Japan"
"7473","Kontoor Brands","KTB","56411000","83.23","United States"
"7474","IRadimed","IRMD","56374000","87.18","United States"
"7475","Cloetta","CLA-B.ST","56358600","5.76746","Sweden"
"7476","Somec S.p.A.","SOM.MI","56344700","24.831","Italy"
"7477","NerdWallet","NRDS","56300000","10.14","United States"
"7478","Adtalem Global Education","ATGE","56281000","98.54","United States"
"7479","Precigen","PGEN","56246000","7.17","United States"
"7480","Muangthai Capital","MTC.BK","56223900","0.962126","Thailand"
"7481","Saudi Chemical Holding Company","2230.SR","56185700","2.09354","Saudi Arabia"
"7482","Mid Penn Bancorp","MPB","56154000","37.18","United States"
"7483","Spero Therapeutics","SPRO","56129000","1.215","United States"
"7484","Seef Properties","SEEF.BH","56102400","1.36605","Bahrain"
"7485","CATRION Catering Holding Company","6004.SR","56070300","19.4305","Saudi Arabia"
"7486","Cogeco","CCA.TO","56035300","43.8127","Canada"
"7487","Cineplex","CGX.TO","55998400","9.19258","Canada"
"7488","Metcash","MTS.AX","55986300","2.13162","Australia"
"7489","Select Water Solutions","WTTR","55970000","19.21","United States"
"7490","Allied Tecnologia","ALLD3.SA","55927400","0.980468","Brazil"
"7491","Capstone Infrastructure","CSE-PA.TO","55809500","16.2759","Canada"
"7492","Artivion","AORT","55764000","26.89","United States"
"7493","Sensorion","ALSEN.PA","55749100","0.311261","France"
"7494","Mobia Medical, Inc.","MOBI","55725000","10.98","United States"
"7495","Ridley Corporation","RIC.AX","55697300","1.89557","Australia"
"7496","SMCP S.A.","SMCP.PA","55682200","7.89811","France"
"7497","Locaweb","LWSA3.SA","55576800","0.80379","Brazil"
"7498","Energy Vault","NRGV","55576000","3.64","United States"
"7499","Formosa Sumco Technology","3532.TW","55540800","11.8577","Taiwan"
"7500","Algonquin Power & Utilities","AQN","55500000","5.69","Canada"
"7501","Shore Bancshares","SHBI","55499000","23.23","United States"
"7502","Navigator Global Investments","NGI.AX","55479000","1.86695","Australia"
"7503","Foresight Group","FSG.L","55376800","6.80471","United Kingdom"
"7504","Arabian Contracting Services Company","4071.SR","55353400","17.313","Saudi Arabia"
"7505","Golden Entertainment","GDEN","55328000","28.55","United States"
"7506","Cenomi Retail (Fawaz Abdulaziz Al Hokair &amp; Company)","4240.SR","55306100","4.98082","Saudi Arabia"
"7507","LightPath Technologies","LPTH","55235200","13.23","United States"
"7508","Commercial Facilities Company S.A.K.P.","FACIL.KW","55176300","877.079","Kuwait"
"7509","Bure Equity AB","BURE.ST","55158000","32.9419","Sweden"
"7510","Jamjoom Pharmaceuticals Factory Company","4015.SR","55138200","37.4228","Saudi Arabia"
"7511","M1 Kliniken AG","M12.DE","55053900","21.2404","Germany"
"7512","Citizens &amp; Northern Corp","CZNC","55048000","26.01","United States"
"7513","Roche Bobois","RBO.PA","55033700","24.4812","France"
"7514","Trident","TRIDENT.NS","55017800","0.255355","India"
"7515","Crown Castle","CCI","55000000","76.4","United States"
"7516","Huhtamaki India","HUHTAMAKI.NS","54914000","2.81371","India"
"7517","Sabaf S.p.A.","SAB.MI","54865200","13.5813","Italy"
"7518","Medley, Inc.","4480.T","54822800","17.1931","Japan"
"7519","Genco Shipping &amp; Trading","GNK","54770000","26.94","United States"
"7520","Hudco","HUDCO.NS","54744300","1.94661","India"
"7521","Aamal Company","AHCS.QA","54679300","0.191758","Qatar"
"7522","Mister Car Wash","MCW","54627000","7.1","United States"
"7523","Elementis","ELM.L","54600000","2.42218","United Kingdom"
"7524","Diversified Energy","DEC.L","54539000","14.6312","United States"
"7525","Context Therapeutics","CNTX","54528600","0.4654","United States"
"7526","Keyrus","ALKEY.PA","54519200","9.20961","France"
"7527","Boyd Group","BYD.TO","54479000","86.7667","Canada"
"7528","Sygnity","SGN.WA","54460900","23.4385","Poland"
"7529","Superior Industries International","SUP","54458000","0.3249","United States"
"7530","Gulf Cable and Electrical Industries Company - KPSC","CABLE.KW","54414500","5696.12","Kuwait"
"7531","Planet Image International","YIBO","54406000","1.2685","China"
"7532","Pyxis Tankers","PXS","54377000","5.44","Greece"
"7533","AMTD Digital","HKD","54350000","1.67","Hong Kong"
"7534","JANOME Corporation","6445.T","54313600","8.97005","Japan"
"7535","Lindab International","LIAB.ST","54297900","13.2715","Sweden"
"7536","WiseTech Global","WTC.AX","54289200","32.525","Australia"
"7537","Verde Clean Fuels","VGAS","54281000","1.37","United States"
"7538","Globe Trade Centre","GTC.WA","54167300","0.671219","Poland"
"7539","Wheels Up","UP","54126000","5.07","United States"
"7540","Nano Labs","NA","54105800","2.015","China"
"7541","Hexcel","HXL","54100000","92.57","United States"
"7542","Volex plc","VLX.L","54100000","8.75962","United Kingdom"
"7543","Surya Roshni","SURYAROSNI.NS","54082900","2.29558","India"
"7544","Spruce Biosciences","SPRB","54080000","58.65","United States"
"7545","ADLPartner (Dékuple)","DKUPL.PA","53992300","27.862","France"
"7546","NeuroPace","NPCE","53981000","13.99","United States"
"7547","Lumo Kodit Oyj","LUMO.HE","53935800","9.46608","Finland"
"7548","Silex Systems Limited","SLX.AX","53913100","4.04149","Australia"
"7549","Fox Factory Holding","FOXF","53911000","21.65","United States"
"7550","Bassett Furniture","BSET","53890000","18.89","United States"
"7551","First Milling Company","2283.SR","53868500","14.1967","Saudi Arabia"
"7552","AngioDynamics","ANGO","53864000","15.77","United States"
"7553","Dingdong Maicai","DDL","53841100","2.36","China"
"7554","Restoration Hardware","RH","53803000","143.34","United States"
"7555","Fonar Corporation","FONR","53772000","19.09","United States"
"7556","Salama Cooperative Insurance Company","8050.SR","53711000","2.39719","Saudi Arabia"
"7557","California BanCorp","BCAL","53695000","21.47","United States"
"7558","Comforia Residential REIT","3282.T","53602300","631.481","Japan"
"7559","Aljazira Takaful Taawuni Company","8012.SR","53584600","3.10569","Saudi Arabia"
"7560","National Consumer Holding Company","NCCI.KW","53577400","321.161","Kuwait"
"7561","Karnov Group","KAR.ST","53495900","8.72486","Sweden"
"7562","Clere AG","CAG0.HM","53474100","14.5722","Germany"
"7563","Catapult Group International","CAT.AX","53451000","2.59657","Australia"
"7564","Tingo Group","TIO","53418000","0.69","United States"
"7565","PennantPark Floating Rate Capital Ltd.","PFLT","53405900","7.46","United States"
"7566","AS Silvano Fashion Group","SFG1T.TL","53382600","1.26486","Estonia"
"7567","GFT Technologies","GFT.DE","53381600","26.463","Germany"
"7568","Lineage Cell Therapeutics","LCTX","53381000","1.09","United States"
"7569","Arbe Robotics","ARBE","53300000","0.6769","Israel"
"7570","MDU Resources","MDU","53295000","19.96","United States"
"7571","Lee Enterprises","LEE","53275000","8.235","United States"
"7572","Logistea AB","LOGI-A.ST","53267600","1.53824","Sweden"
"7573","PR TIMES Corporation","3922.T","53245400","13.6591","Japan"
"7574","Aedifica","AED.BR","53198500","80.5549","Belgium"
"7575","NACCO Industries","NC","53161000","40.99","United States"
"7576","VIA optronics AG","VIAO","53128500","0.2231","Germany"
"7577","Frontier Developments","FDEV.L","53096000","5.75002","United Kingdom"
"7578","Vicinity Centres","VCX.AX","53085100","1.80258","Australia"
"7579","Hong Leong Capital","5274.KL","53065200","0.769516","Malaysia"
"7580","Miller Industries","MLR","52973000","56.75","United States"
"7581","Comstock Inc.","LODE","52967800","3.53","United States"
"7582","Verra Mobility","VRRM","52962000","4.47","United States"
"7583","Micware Co., Ltd.","MWC","52934700","1.48","Japan"
"7584","Archicom","ARH.WA","52922700","13.9657","Poland"
"7585","Nederman Holding","NMAN.ST","52917300","13.8714","Sweden"
"7586","Pason Systems","PSI.TO","52887500","9.76261","Canada"
"7587","Alico","ALCO","52879000","41.22","United States"
"7588","Sol-Gel Technologies","SLGL","52828000","77.39","Israel"
"7589","National Healthcare Properties","NHP","52809000","16.61","United States"
"7590","BCI Minerals Limited","BCI.AX","52800300","0.329041","Australia"
"7591","FreightCar America","RAIL","52782000","7.15","United States"
"7592","CTO Realty Growth","CTO","52770000","22","United States"
"7593","Vista Gold","VGZ","52729000","2.41","United States"
"7594","Distribution Solutions Group","DSGR","52729000","34.81","United States"
"7595","Mach Natural Resources LP","MNR","52689000","12.64","United States"
"7596","Showa Sangyo","2004.T","52674100","23.6962","Japan"
"7597","MarketWise","MKTW","52669000","18.3","United States"
"7598","Pullup Entertainment","ALPUL.PA","52648200","9.68757","France"
"7599","National Cement Company P.S.C.","NCC.AE","52552900","1.36132","United Arab Emirates"
"7600","Jumbo Interactive Limited","JIN.AX","52549700","5.47926","Australia"
"7601","Corbion","CRBN.AS","52510400","22.9308","Netherlands"
"7602","Whitecap Resources","WCP.TO","52507000","13.0096","Canada"
"7603","SFC Energy AG","F3C.DE","52506900","23.6652","Germany"
"7604","Gesco SE","GSC1.DE","52475100","17.0203","Germany"
"7605","Pets at Home","PETS.L","52443400","2.96429","United Kingdom"
"7606","Soltec Power Holdings","SOL.MC","52422300","0.979249","Spain"
"7607","Lycopodium","LYL.AX","52405500","15.2575","Australia"
"7608","Zepp Health","ZEPP","52399000","4.99","China"
"7609","Mercury NZ","MCY.AX","52394600","4.08441","New Zealand"
"7610","Groupe Guillin","ALGIL.PA","52337700","24.9475","France"
"7611","Thermon Group","THR","52275000","61.14","United States"
"7612","Caesarstone","CSTE","52266000","3.42","Israel"
"7613","Sable Offshore","SOC","52168000","4.87","United States"
"7614","Cromwell Property Group","CMW.AX","52164200","0.2897","Australia"
"7615","GE Power India","GEPIL.NS","52128200","4.07664","India"
"7616","TT Electronics","TTG.L","52118100","1.84415","United Kingdom"
"7617","Zigup","ZIG.L","52077200","6.3211","United Kingdom"
"7618","FirstEnergy","FE","52000000","46.57","United States"
"7619","M-tron Industries","MPTI","51958000","79.04","United States"
"7620","Almawarid Manpower Company","1833.SR","51955000","27.9139","Saudi Arabia"
"7621","Fury Gold Mines","FURY","51901400","0.6639","Canada"
"7622","KATITAS CO., Ltd.","8919.T","51885800","23.2254","Japan"
"7623","Treace Medical Concepts","TMCI","51854000","4.37","United States"
"7624","Findi Limited","FND.AX","51755200","0.2897","Australia"
"7625","Novolog","NVLG.TA","51731700","0.264989","Israel"
"7626","Rexford Industrial","REXR","51714000","37.67","United States"
"7627","Nippon Air conditioning Services","4658.T","51684000","9.70447","Japan"
"7628","Acushnet Holdings","GOLF","51679000","89.67","United States"
"7629","Aeria","3758.T","51600600","1.51907","Japan"
"7630","Tourmaline Oil","TOU.TO","51517600","44.8517","Canada"
"7631","System1","SST","51514000","1.93","United States"
"7632","Vital Farms","VITL","51432000","11.08","United States"
"7633","Happiest Minds Technologies","HAPPSTMNDS.NS","51417200","4.63954","India"
"7634","Middlefield Banc","MBCN","51404000","33.67","United States"
"7635","STEICO SE","ST5.DE","51398500","20.9839","Germany"
"7636","Automatic Bank Services","SHVA.TA","51369700","7.07972","Israel"
"7637","Community Trust Bancorp","CTBI","51306000","76.65","United States"
"7638","Nykode Therapeutics","NYKD.OL","51282000","0.489742","Norway"
"7639","TAT Technologies","TATT","51235000","37.35","Israel"
"7640","Lumexa Imaging","LMRI","51226000","11.85","United States"
"7641","Mainova","MNV6.F","51211100","442.994","Germany"
"7642","Chalice Mining","CHN.AX","51150500","1.03362","Australia"
"7643","Protalix BioTherapeutics","PLX","51083000","2.41","Israel"
"7644","Movella","MVLA","51008000","0.0002","United States"
"7645","Liberty Broadband","LBRDA","51000000","35.99","United States"
"7646","Shinpoong Pharm","019170.KS","50961300","6.6658","South Korea"
"7647","Touax SCA","TOUP.PA","50897500","6.36395","France"
"7648","EuroTeleSites","ETS.VI","50821100","5.22266","Austria"
"7649","Q32 Bio","QTTB","50751000","16.36","United States"
"7650","Coya Therapeutics","COYA","50724600","4.96","United States"
"7651","1-800-Flowers.com, Inc.","FLWS","50697000","3.88","United States"
"7652","WaterBridge Infrastructure","WBI","50668000","31.48","United States"
"7653","RioCan REIT","REI-UN.TO","50503900","15.4701","Canada"
"7654","Orion S.A.","OEC","50500000","6.02","United States"
"7655","PLAID,Inc.","4165.T","50494900","4.31868","Japan"
"7656","Village Farms International","VFF","50468000","2.71","Canada"
"7657","EVT Limited","EVT.AX","50436800","11.0372","Australia"
"7658","Al-Etihad Cooperative Insurance","8170.SR","50418700","2.07756","Saudi Arabia"
"7659","GAM Holding AG","GAM.SW","50397900","0.0945426","Switzerland"
"7660","Inwido AB","INWI.ST","50382700","18.3233","Sweden"
"7661","Jeld-Wen","JELD","50361000","2.49","United States"
"7662","Vestis","VSTS","50340000","12.75","United States"
"7663","Privatization Holding Company - K.P.S.C.","KPPC.KW","50313400","453.212","Kuwait"
"7664","Profound Medical","PROF","50295000","6.8","Canada"
"7665","Nightingale Health","HEALTH.HE","50290200","1.06085","Finland"
"7666","Bandwidth","BAND","50273000","46.35","United States"
"7667","Deepak Nitrite","DEEPAKNTR.NS","50246900","18.3596","India"
"7668","Telos","TLS","50230000","4.38","United States"
"7669","Ercros","ECR.MC","50212400","4.08021","Spain"
"7670","Lennox","LII","50200000","399.1","United States"
"7671","Tejas Networks","TEJASNET.NS","50187000","5.27479","India"
"7672","Röko AB","ROKO-B.ST","50182100","200.809","Sweden"
"7673","Malibu Boats","MBUU","50167000","29.47","United States"
"7674","Designer Brands","DBI","50104000","5.85","United States"
"7675","Hurco Companies","HURC","50055000","22.64","United States"
"7676","NEUCA","NEU.WA","50039300","208.673","Poland"
"7677","AS Tallinna Sadam","TSM1T.TL","50031800","1.43157","Estonia"
"7678","Spruce Power","SPRU","50017000","1.92","United States"
"7679","Enhabit","EHAB","50000000","13.8","United States"
"7680","Urban Edge Properties","UE","49996000","21.6","United States"
"7681","Dallah Healthcare","4004.SR","49994600","27.0083","Saudi Arabia"
"7682","Simulations Plus","SLP","49990000","18.4","United States"
"7683","Seneca Foods","SENEA","49919000","189.66","United States"
"7684","Bertrandt","BDT.DE","49916100","10.0956","Germany"
"7685","National General Insurance Company","NGI.AE","49897100","1.55463","United Arab Emirates"
"7686","Catana Group","ALCAT.PA","49880700","2.17766","France"
"7687","SEGRO","SGRO.L","49828600","13.1299","United Kingdom"
"7688","Gyre Therapeutics","GYRE","49808000","6.44","United States"
"7689","Kuwait Portland Cement","PCEM.KW","49803500","2028.04","Kuwait"
"7690","Evolus","EOLS","49792000","8.78","United States"
"7691","Green Landscaping Group","GREEN.ST","49764500","2.39434","Sweden"
"7692","Omega Flex","OFLX","49757000","27.26","United States"
"7693","OneSpan","OSPN","49754000","15.6","United States"
"7694","Southern Missouri Bancorp","SMBC","49736000","74.36","United States"
"7695","Scribe Therapeutics","SCTX","49731000","37.25","United States"
"7696","Nolato AB","NOLA-B.ST","49661500","5.49382","Sweden"
"7697","B2 Impact ASA","B2I.OL","49604900","2.92127","Norway"
"7698","Shamal Az-Zour Al-Oula Power and Water Company","AZNOULA.KW","49548500","453.212","Kuwait"
"7699","Spire Inc.","SR","49500000","82.37","United States"
"7700","Spire Global","SPIR","49457000","13.87","United States"
"7701","ThredUp","TDUP","49453000","2.81","United States"
"7702","CompX International","CIX","49438000","31.37","United States"
"7703","BellSystem24","6183.T","49424800","9.05165","Japan"
"7704","Thinkific Labs","THNC.TO","49418000","1.04625","Canada"
"7705","Oatly","OTLY","49414000","15.895","Sweden"
"7706","Kuwait Cement Company","KCEM.KW","49403000","1287.9","Kuwait"
"7707","Tomen Devices Corporation","2737.T","49369700","200.555","Japan"
"7708","Genesis Energy","GNE.NZ","49348400","1.60224","New Zealand"
"7709","Chorus","CNU.NZ","49348400","5.313","New Zealand"
"7710","Hargreaves Services","HSP.L","49343500","11.2398","United Kingdom"
"7711","H&amp;R REIT","HR-UN.TO","49284700","7.42478","Canada"
"7712","Millrose Properties","MRP","49276000","30.51","United States"
"7713","Capitol Federal Financial","CFFN","49194000","8.53","United States"
"7714","Gentrack Group","GTK.NZ","49159300","2.53738","New Zealand"
"7715","OmniAb","OABI","49072000","4.71","United States"
"7716","Lampsa Hellenic Hotels","LAMPS.AT","49019100","55.0245","Greece"
"7717","US Foods","USFD","49000000","109.37","United States"
"7718","MainStreet Bancshares","MNSB","48931000","25.12","United States"
"7719","Industrivarden","INDU-A.ST","48925800","56.6222","Sweden"
"7720","FACC AG","FACC.VI","48867500","18.3726","Austria"
"7721","Rosenbauer International","ROS.VI","48835100","70.4127","Austria"
"7722","OrthoPediatrics","KIDS","48809000","25.07","United States"
"7723","Essentra plc","ESNT.L","48751300","1.47674","United Kingdom"
"7724","Coor Service Management Holding AB","COOR.ST","48734200","5.27281","Sweden"
"7725","H&amp;K AG (Heckler &amp; Koch)","MLHK.PA","48611700","39.17","Germany"
"7726","National CineMedia","NCMI","48600000","2.67","United States"
"7727","Idaho Strategic Resources","IDR","48557000","32.22","United States"
"7728","Humacyte","HUMA","48539000","0.6622","United States"
"7729","Baader Bank","BWB.DE","48518500","7.71742","Germany"
"7730","Ranpak","PACK","48500000","5.03","United States"
"7731","Lument Finance Trust","LFT","48485300","0.6733","United States"
"7732","q.beyond","QBY.DE","48479600","0.940513","Germany"
"7733","Salhia Real Estate Company","SRE.KW","48447100","1278.12","Kuwait"
"7734","Taiga Building Products","TBL.TO","48435900","2.56873","Canada"
"7735","Bawan Company","1302.SR","48427100","9.48753","Saudi Arabia"
"7736","Hong Kong Technology Venture Company (HKTV)","1137.HK","48422000","0.130124","Hong Kong"
"7737","Fabasoft","FAA.DE","48391800","19.4684","Austria"
"7738","Service Stream Limited","SSM.AX","48383800","1.80973","Australia"
"7739","Scienjoy Holding Corporation","SJ","48364600","0.9753","China"
"7740","Morabaha Marina Financing Company","4082.SR","48338400","2.22406","Saudi Arabia"
"7741","Precia S.A.","ALPM.PA","48247300","31.1261","France"
"7742","Frauenthal Holding","FKA.VI","48237900","24.7144","Austria"
"7743","TPG Telecom","TPG.AX","48225600","2.75393","Australia"
"7744","Brunel International","BRNL.AS","48158000","8.91816","Netherlands"
"7745","CI&amp;T","CINT","48116000","3.7","Brazil"
"7746","Tokyo Electron Device Limited","2760.T","48064400","25.0458","Japan"
"7747","Vaalco Energy","EGY","48044000","5.78","United States"
"7748","AdaptHealth","AHCO","47964000","5.63","United States"
"7749","Texmaco Rail &amp; Engineering","TEXRAIL.NS","47927000","1.13353","India"
"7750","WA1 Resources","WA1.AX","47886200","8.64807","Australia"
"7751","Automotive Axles","AUTOAXLES.NS","47832100","18.0848","India"
"7752","TechTarget","TTGT","47711000","3.82","United States"
"7753","Tunas Ridean","TURI.JK","47710100","0.1","Indonesia"
"7754","Schaffer Corporation","SFC.AX","47705600","14.3777","Australia"
"7755","Granite Ridge Resources","GRNT","47691000","5.05","United States"
"7756","BEST S.A.","BST.WA","47671500","9.2022","Poland"
"7757","Calavo Growers","CVGW","47670000","26.09","United States"
"7758","Y.H. Dimri Construction &amp; Development","DIMRI.TA","47660600","121.095","Israel"
"7759","Trustpilot Group","TRST.L","47625000","3.92344","Denmark"
"7760","Kingfa Science & Technology","KINGFA.NS","47603500","61.6863","India"
"7761","Ready Capital","RC","47597000","1.89","United States"
"7762","FDM Group","FDM.L","47515000","1.5721","United Kingdom"
"7763","Hamilton Beach Brands","HBB","47416000","33.46","United States"
"7764","Sera Prognostics","SERA","47401000","2.18","United States"
"7765","Sunteck Realty","SUNTECK.NS","47375000","3.28388","India"
"7766","Sterlite Technologies","STLTECH.NS","47280700","6.81225","India"
"7767","MGI Digital Technology","ALMDG.PA","47238200","11.681","France"
"7768","Ardmore Shipping","ASC","47214000","18.25","Bermuda"
"7769","7Road","0797.HK","47150800","0.112901","China"
"7770","Saratoga Investment","SAR","47047600","18.49","United States"
"7771","EPC Groupe","EXPL.PA","47045600","312.427","France"
"7772","Tri Chemical Laboratories","4369.T","47034400","20.3693","Japan"
"7773","Enerflex","EFXT","47000000","19.72","Canada"
"7774","Zehnder Group","ZEHN.SW","46989200","88.0739","Switzerland"
"7775","Kaveri Seed","KSCL.NS","46980400","8.22798","India"
"7776","Algoma Steel","ASTL","46968600","4.01","Canada"
"7777","America's Car-Mart","CRMT","46962000","2.22","United States"
"7778","Tower Bersama Infrastructure","TBIG.JK","46869600","0.0821802","Indonesia"
"7779","Pershing Square Inc.","PS","46845100","40.95","United States"
"7780","Vaibhav Global","VAIBHAVGBL.NS","46828700","2.3101","India"
"7781","Cigniti Technologies","CIGNITITEC.NS","46810400","13.1658","India"
"7782","Rallybio","RLYB","46795000","16.8","United States"
"7783","Spire Healthcare Group","SPI.L","46731200","3.19461","United Kingdom"
"7784","TeamViewer","TMV.DE","46715800","7.69993","Germany"
"7785","ParkOhio Holdings Corp.","PKOH","46700000","44.82","United States"
"7786","Unite Group (Unite Students)","UTG.L","46596500","7.22703","United Kingdom"
"7787","Tatton Asset Management","TAM.L","46513000","9.48164","United Kingdom"
"7788","Armada Hoffler Properties","AHH","46511000","6.25","United States"
"7789","Jastrzebska Spólka Weglowa","JSW.WA","46508700","8.36859","Poland"
"7790","RaySearch Laboratories AB","RAY-B.ST","46508500","19.3336","Sweden"
"7791","IZEA Worldwide","IZEA","46502400","2.94","United States"
"7792","PEXA Group","PXA.AX","46489900","5.75823","Australia"
"7793","Parken Sport (F.C. Copenhagen)","PARKEN.CO","46484700","33.8333","Denmark"
"7794","Aprea Therapeutics","APRE","46466200","0.8052","United States"
"7795","Werewolf Therapeutics","HOWL","46450000","0.8833","United States"
"7796","Battalion Oil","BATL","46373000","1.34","United States"
"7797","T1 Energy","TE","46367000","4.32","United States"
"7798","OTC Markets Group","OTCM","46341000","55","United States"
"7799","Mercia Asset Management","MERC.L","46338000","0.374634","United Kingdom"
"7800","Adtran Networks","ADV.DE","46311300","26.8128","Germany"
"7801","Systemair AB","SYSR.ST","46236800","8.87221","Sweden"
"7802","Arvind","ARVIND.NS","46185300","5.63943","India"
"7803","Maytronics","MTRN.TA","46148900","0.933296","Israel"
"7804","Major Drilling Group International","MDI.TO","46121400","12.7787","Canada"
"7805","MicroVision","MVIS","46120000","1.7","United States"
"7806","InflaRx","IFRX","46066100","2.05","Germany"
"7807","Sinad Holding Company","4080.SR","45954200","2.23471","Saudi Arabia"
"7808","Pinewood Technologies Group","PINE.L","45923100","6.09018","United Kingdom"
"7809","Performance Food Group","PFGC","45900000","105.78","United States"
"7810","Northfield Bancorp","NFBK","45799000","15.31","United States"
"7811","Marine Products Corporation","MPX","45799000","8.18","United States"
"7812","ADF Group","DRX.TO","45748800","11.1552","Canada"
"7813","5N Plus","VNP.TO","45713000","18.8614","Canada"
"7814","MTY Food Group","MTY.TO","45648500","26.0625","Canada"
"7815","WEC Energy Group","WEC","45600000","107.58","United States"
"7816","First Northwest Bancorp","FNWB","45596000","11.04","United States"
"7817","Page Industries","PAGEIND.NS","45596000","371.435","India"
"7818","Elopak ASA","ELO.OL","45595400","3.7375","Norway"
"7819","JDC Group AG","JDC.DE","45587300","24.5978","Germany"
"7820","Hawthorn Bancshares","HWBK","45535000","39.07","United States"
"7821","ARB Corporation Limited","ARB.AX","45519000","15.3863","Australia"
"7822","Saudi Enaya Cooperative Insurance Company","8311.SR","45505100","2.65289","Saudi Arabia"
"7823","Backblaze","BLZE","45483000","15.55","United States"
"7824","Honda Siel Power Products","HONDAPOWER.NS","45479300","21.7114","India"
"7825","Ricoh Leasing Company","8566.T","45453700","42.4963","Japan"
"7826","Bank of Marin Bancorp","BMRC","45424000","27.11","United States"
"7827","CECO Environmental","CECO","45411000","71.3","United States"
"7828","Forgame","0484.HK","45408000","0.0956791","China"
"7829","VistaGen Therapeutics","VTGN","45403000","0.2438","United States"
"7830","Wonderla Holidays","WONDERLA.NS","45381700","5.36621","India"
"7831","Cosmo First","COSMOFIRST.NS","45362700","9.71685","India"
"7832","United Real Estate Company","URC.KW","45361600","867.297","Kuwait"
"7833","Headwater Exploration","HWX.TO","45354600","10.2388","Canada"
"7834","Piquadro","PQ.MI","45353500","2.91443","Italy"
"7835","Erbud","ERB.WA","45335800","5.87317","Poland"
"7836","LACROIX Group SA","LACR.PA","45272900","20.6342","France"
"7837","bet-at-home.com","ACX.DE","45247400","3.85871","Germany"
"7838","Trustco Bank","TRST","45218000","57.2","United States"
"7839","Sparebanken Møre","MORG.OL","45209800","11.902","Norway"
"7840","EcoPro Materials","450080.KS","45121500","26.0349","South Korea"
"7841","XPEL","XPEL","45106000","50.58","United States"
"7842","Cleveland-Cliffs","CLF","45000000","11.3","United States"
"7843","Amot Investment","AMOT.TA","44908900","6.50974","Israel"
"7844","YouGov plc","YOU.L","44870000","3.65643","United Kingdom"
"7845","AB Akola Group","AKO1L.VS","44792200","2.06925","Lithuania"
"7846","The Kuwait Company for Process Plant Construction and Contracting","KCPC.KW","44786700","1000.98","Kuwait"
"7847","Heron Therapeutics","HRTX","44784000","0.3228","United States"
"7848","Summit Hotel Properties","INN","44773000","6.14","United States"
"7849","Bonesupport Holding AB","BONEX.ST","44747600","23.2803","Sweden"
"7850","Nerdy, Inc,","NRDY","44698000","10.32","United States"
"7851","Platinum Group Metals","PLG","44682000","1.62","Canada"
"7852","Integrated Wind Solutions","IWS.OL","44660200","5.94993","Norway"
"7853","MediWound","MDWD","44646000","13","Israel"
"7854","RWS Holdings","RWS.L","44629800","1.65929","United Kingdom"
"7855","Heidelbergcement India","HEIDELBERG.NS","44606400","1.6899","India"
"7856","Myers Industries","MYE","44592000","33.43","United States"
"7857","Seritage Growth Properties","SRG","44499000","2.11","United States"
"7858","Heartland Express","HTLD","44490000","12.51","United States"
"7859","Dicker Data","DDR.AX","44486800","9.15594","Australia"
"7860","Hektaş","HEKTS.IS","44463700","0.0588463","Turkey"
"7861","LEM Holding","LEHN.SW","44399000","623.235","Switzerland"
"7862","Kingsway Financial Services","KFS","44391000","10.73","Canada"
"7863","Cyngn","CYN","44376900","1.06","United States"
"7864","Kura Sushi USA","KRUS","44315000","49.62","United States"
"7865","Hain Celestial","HAIN","44311000","0.8404","United States"
"7866","Tucows","TCX","44306000","9.27","Canada"
"7867","Westlake Chemical Partners","WLKP","44290000","21.48","United States"
"7868","Nucleus Software Exports","NUCLEUS.NS","44205300","7.75572","India"
"7869","Sinch","SINCH.ST","44041700","4.8213","Sweden"
"7870","Cardinal Infrastructure Group","CDNL","43982900","41.23","United States"
"7871","PensionBee Group","PBEE.L","43934000","1.87181","United Kingdom"
"7872","Strides Pharma","STAR.NS","43895200","10.3134","India"
"7873","Choice Hotels International","CHH","43872000","111.12","United States"
"7874","Nano-X Imaging","NNOX","43855000","0.8642","Israel"
"7875","Ramco Cements","RAMCOCEM.NS","43852300","9.50789","India"
"7876","Sify Technologies","SIFY","43836200","14.28","India"
"7877","Heimar","HEIMAR.IC","43786400","0.284462","Iceland"
"7878","HMS Bergbau","HMU.DE","43770400","47.7967","Germany"
"7879","Repay Holdings","RPAY","43770000","3.84","United States"
"7880","Shentel","SHEN","43767000","12.3","United States"
"7881","Krungthai Card","KTC.BK","43759800","1.13012","Thailand"
"7882","Mirbud S.A.","MRB.WA","43753100","3.46977","Poland"
"7883","Al Taiseer Group TALCO Industrial Company","4143.SR","43706300","9.56211","Saudi Arabia"
"7884","Palladyne AI","PDYN","43678000","5.78","United States"
"7885","CION Investment Corporation","CION","43661000","7.38","United States"
"7886","Caisse Régionale de Crédit Agricole du Morbihan","CMO.PA","43648200","132.082","France"
"7887","Conduril - Engenharia","CDU.LS","43621400","14.6887","Portugal"
"7888","Gascogne Groupe","ALBI.PA","43598900","2.51807","France"
"7889","Delta Plus Group","ALDLT.PA","43588300","41.9678","France"
"7890","Leejam Sports Company","1830.SR","43575300","21.5747","Saudi Arabia"
"7891","Red Violet","RDVT","43451000","70.17","United States"
"7892","Canaan","CAN","43451000","0.36","China"
"7893","Wabash National","WNC","43427000","12.05","United States"
"7894","QNB Finans Finansal Kiralama (QNB Finansleasing)","QNBFK.IS","43421300","0.889972","Turkey"
"7895","Rani Therapeutics","RANI","43403000","0.879","United States"
"7896","Summit Midstream","SMC","43390000","34.13","United States"
"7897","Knowit","KNOW.ST","43385300","9.93519","Sweden"
"7898","MS INTERNATIONAL plc","MSI.L","43319800","23.0502","United Kingdom"
"7899","Canfor","CFP.TO","43300300","10.5563","Canada"
"7900","Canadian Apartment Properties REIT","CAR-UN.TO","43294600","24.7781","Canada"
"7901","Serviceware","SJJ.DE","43247300","17.4283","Germany"
"7902","Sanok Rubber Company","SNK.WA","43245600","6.14382","Poland"
"7903","Indian Metals &amp; Ferro Alloys","IMFA.NS","43207300","14.3997","India"
"7904","ChemoMetec","CHEMM.CO","43200100","77.4581","Denmark"
"7905","MDxHealth","MDXH","43153000","0.7413","Belgium"
"7906","Chalet Hotels","CHALET.NS","43094000","9.35117","India"
"7907","Dorman Products","DORM","43056000","131.09","United States"
"7908","Jack in the Box","JACK","43035000","17.83","United States"
"7909","Sokouk Holding Company K.S.C.P.","SOKOUK.KW","43026500","253.668","Kuwait"
"7910","Arnoldo Mondadori Editore","MN.MI","43016700","2.47727","Italy"
"7911","United Security Bancshares","UBFO","43004000","10.51","United States"
"7912","United Natural Foods","UNFI","43000000","48.54","United States"
"7913","Herc Holdings","HRI","43000000","158","United States"
"7914","Melexis NV","MELE.BR","42985500","76.5913","Belgium"
"7915","Severfield","SFR.L","42969100","0.526539","United Kingdom"
"7916","Dexus","DXS.AX","42954900","4.20601","Australia"
"7917","Trifast","TRI.L","42941300","1.18521","United Kingdom"
"7918","Azerion Group","AZRN.AS","42940300","1.22406","Netherlands"
"7919","OVH Groupe","OVH.PA","42889100","18.7456","France"
"7920","Public Policy Holding Company","PPHC","42852000","11.09","United States"
"7921","Koppers Holdings","KOP","42800000","45.83","United States"
"7922","SWK Holdings","SWKH","42763000","15.9","United States"
"7923","Bilia AB","BILI-A.ST","42758300","15.1764","Sweden"
"7924","Botanix Pharmaceuticals","BOT.AX","42735500","0.0150215","Australia"
"7925","Al-Babtain Power and Telecommunications","2320.SR","42729000","15.9946","Saudi Arabia"
"7926","Metro Mining","MMI.AX","42680300","1.0515","Australia"
"7927","Serverworks","4434.T","42653800","15.0652","Japan"
"7928","Nice One Beauty Digital Marketing Company","4193.SR","42652700","3.22555","Saudi Arabia"
"7929","Norcros","NXR.L","42643400","4.41373","United Kingdom"
"7930","Ames National Corp.","ATLO","42553000","31.85","United States"
"7931","Global Atomic","GLO.TO","42494100","0.425716","Canada"
"7932","Allgeier","AEIN.DE","42482000","18.2443","Germany"
"7933","Mesa Air","MESA","42472000","1.4","United States"
"7934","3i Group","III.L","42443900","39.8338","United Kingdom"
"7935","Red Hill Minerals Limited","RHI.AX","42439200","3.28326","Australia"
"7936","Secure Energy Services","SES.TO","42437200","17.4471","Canada"
"7937","Diamond Hill Investment Group","DHIL","42423200","174.99","United States"
"7938","Civista Bancshares","CIVB","42393000","27.54","United States"
"7939","Peach Property Group AG","PEAN.SW","42373700","5.73476","Switzerland"
"7940","Rockpoint Gas Storage","RGSI.TO","42300000","18.681","Canada"
"7941","PageGroup","PAGE.L","42254700","3.03249","United Kingdom"
"7942","Peyto Exploration &amp; Development","PEY.TO","42182600","18.0749","Canada"
"7943","Latigo Biotherapeutics","LTGO","42177000","22","United States"
"7944","Nankai Tatsumura Construction","1850.T","42174600","2.61757","Japan"
"7945","Actinium Pharmaceuticals","ATNM","42132000","1.05","United States"
"7946","Victory Supermarket Chain","VCTR.TA","42106700","14.7861","Israel"
"7947","Aurizon Holdings","AZJ.AX","42099700","2.6824","Australia"
"7948","Fiera Capital","FSZ.TO","42049500","3.08825","Canada"
"7949","NCAB Group AB","NCAB.ST","42030200","7.81975","Sweden"
"7950","Yellow Pages (Canada)","Y.TO","41995600","9.41626","Canada"
"7951","Victrex","VCT.L","41981200","11.2763","United Kingdom"
"7952","Naked Wines","WINE.L","41853300","0.967237","United Kingdom"
"7953","STS Group","SF3.DE","41820400","5.32758","Germany"
"7954","MedCap","MCAP.ST","41754900","59.5164","Sweden"
"7955","Neo Performance Materials","NEO.TO","41714000","23.9628","Canada"
"7956","Taylor Devices","TAYD","41712300","57.99","United States"
"7957","Group 1 Automotive","GPI","41700000","259.38","United States"
"7958","Real Matters","REAL.TO","41650000","3.52118","Canada"
"7959","Medartis Holding","MED.SW","41639500","110.092","Switzerland"
"7960","Super Retail Group","SUL.AX","41639300","9.49928","Australia"
"7961","Caisse Régionale de Crédit Agricole Mutuel Loire Haute-Loire","CRLO.PA","41623500","114.362","France"
"7962","InspireMD","NSPR","41570000","0.8699","Israel"
"7963","Vocento","VOC.MC","41561800","0.932618","Spain"
"7964","Blossom Gold Inc.","BGAU.TO","41531600","1.24107","Canada"
"7965","NTG Nordic Transport Group A/S","NTG.CO","41512500","43.578","Denmark"
"7966","Amplify Energy","AMPY","41486000","4.78","United States"
"7967","AFYREN","ALAFY.PA","41475000","3.22336","France"
"7968","Westwater Resources","WWR","41461000","0.5796","United States"
"7969","CROOZ","2138.T","41457600","2.83727","Japan"
"7970","IFB Industries","IFBIND.NS","41415500","14.335","India"
"7971","accesso Technology Group","ACSO.L","41374000","4.08692","United Kingdom"
"7972","Axactor ASA","ACR.OL","41296800","0.53646","Norway"
"7973","Cadre Holdings, Inc.","CDRE","41272000","33.08","United States"
"7974","Nouveau Monde Graphite","NMG","41220900","1.45","Canada"
"7975","Reformation Inc.","REF","41217000","14.48","United States"
"7976","Gofore Oyj","GOFORE.HE","41214600","13.2665","Finland"
"7977","Allient","ALNT","41175000","93.08","United States"
"7978","Tubos Reunidos","TRG.MC","41174300","0.167638","Spain"
"7979","Metals Exploration","MTL.L","41171500","0.214291","United Kingdom"
"7980","GB Group (GBG)","GBG.L","41161400","2.12299","United Kingdom"
"7981","Tillys","TLYS","41120000","3.74","United States"
"7982","GrowGeneration","GRWG","41119000","1.73","United States"
"7983","Swiss Prime Site","SPSN.SW","41114100","159.479","Switzerland"
"7984","Inspired Entertainment","INSE","41100000","6.03","United States"
"7985","Atomera","ATOM","41090000","4.52","United States"
"7986","Anika Therapeutics","ANIK","41020000","21.34","United States"
"7987","Pyxis Oncology","PYXS","41018000","2.96","United States"
"7988","Knowles","KN","41000000","32.6","United States"
"7989","Eleving Group","OT8.F","40972700","1.87689","Luxembourg"
"7990","Craneware","CRW.L","40947000","17.3972","United Kingdom"
"7991","IG Port, Inc.","3791.T","40865600","7.01158","Japan"
"7992","Juventus Turin","JUVE.MI","40859800","2.43413","Italy"
"7993","Bonei Hatichon Civil Engineering &amp; Infrastructures","BOTI.TA","40839700","13.6661","Israel"
"7994","Offerpad","OPAD","40823000","4.29","United States"
"7995","Tihama for Advertising, Public Relations and Marketing","4070.SR","40811100","5.59077","Saudi Arabia"
"7996","Hyperfine","HYPR","40778000","0.8563","United States"
"7997","GoPro","GPRO","40723000","0.6","United States"
"7998","uCloudlink Group","UCL","40691000","0.369","Hong Kong"
"7999","Camden Property Trust","CPT","40684000","109.15","United States"
"8000","Jubilant FoodWorks","JUBLFOOD.NS","40641000","5.32964","India"
"8001","Alm. Brand","ALMB.CO","40620900","2.68328","Denmark"
"8002","AddLife AB","ALIF-B.ST","40594700","17.0498","Sweden"
"8003","Calian Group","CGY.TO","40529700","54.9895","Canada"
"8004","Nippon Ichi Software","3851.T","40502700","7.94687","Japan"
"8005","Everspin Technologies","MRAM","40494000","16.14","United States"
"8006","Al Mahhar Holding Company","MHAR.QA","40463300","0.596154","Qatar"
"8007","Bergman &amp; Beving","BERG-B.ST","40388600","29.7319","Sweden"
"8008","Kellton Tech Solutions","KELLTONTEC.NS","40358600","0.142305","India"
"8009","HIAG Immobilien","HIAG.SW","40338500","164.952","Switzerland"
"8010","Sparebanken Sør","SOR.OL","40332400","20.1631","Norway"
"8011","Innate Pharma","IPHA","40305000","2.205","France"
"8012","Nyab AB","NYAB.ST","40249300","0.727247","Sweden"
"8013","Mercor","MCR.WA","40209800","4.01919","Poland"
"8014","Drecom","3793.T","40202600","3.06325","Japan"
"8015","Relais Group Oyj","RELAIS.HE","40127600","16.9037","Finland"
"8016","Virginia National Bankshares","VABK","40091000","46.735","United States"
"8017","Investar Holding","ISTR","40066000","30.31","United States"
"8018","Userjoy Technology","3546.TWO","40066000","2.23665","Taiwan"
"8019","Aramis Group","ARAMI.PA","40015500","4.6048","France"
"8020","California Resources Corporation","CRC","40000000","52.35","United States"
"8021","Chaince Digital Holdings","CD","39901400","3.44","United States"
"8022","GoHealth","GOCO","39879000","0.305","United States"
"8023","New Pacific Metals","NEWP","39863600","6.79","Canada"
"8024","Americold","COLD","39828000","15.11","United States"
"8025","Aptitude Software Group","APTD.L","39806300","2.9562","United Kingdom"
"8026","Atlas Energy Solutions","AESI","39780000","11.9","United States"
"8027","AlTi Global","ALTI","39715000","4.11","United States"
"8028","Jushi Holdings","JUSHF","39702000","0.41193","United States"
"8029","Radiant Logistics","RLGT","39688000","8.43","United States"
"8030","Schneider Electric Infrastructure","SCHNEIDER.NS","39658000","11.9643","India"
"8031","Nova Minerals","NVA","39636100","5.49","Australia"
"8032","India Tourism Development Corp","ITDC.NS","39561700","7.12412","India"
"8033","TELA Bio","TELA","39541000","0.654","United States"
"8034","Gelsenwasser","WWG.F","39470900","641.175","Germany"
"8035","Remedy Entertainment","REMEDY.HE","39381200","20.4477","Finland"
"8036","TerrAscend","TSND.TO","39366000","0.606104","Canada"
"8037","Hydrogène de France","HDF.PA","39349900","3.31079","France"
"8038","UNO Minda","UNOMINDA.NS","39318900","13.0561","India"
"8039","Diamondrock Hospitality Company","DRH","39293000","12.74","United States"
"8040","Lamar Advertising","LAMR","39273000","152.68","United States"
"8041","Elme Communities","ELME","39273000","1.68","United States"
"8042","iLearningEngines","AILE","39242000","0.42","United States"
"8043","Al Moammar Information Systems","7200.SR","39194900","82.1969","Saudi Arabia"
"8044","Melcor Developments","MRD.TO","39187500","13.4714","Canada"
"8045","DF Deutsche Forfait AG","DFTK.DE","39186600","1.62042","Germany"
"8046","Saia","SAIA","39177000","349.54","United States"
"8047","Ceragon Networks","CRNT","39164000","2.06","Israel"
"8048","Bachem","BANB.SW","39141100","95.5378","Switzerland"
"8049","Puuilo","PUUILO.HE","39108800","19.7715","Finland"
"8050","Ducommun","DCO","39103000","183.96","United States"
"8051","Superior Plus","SPB.TO","39100000","5.15189","Canada"
"8052","ATI Physical Therapy","ATIP","39080000","0.675","United States"
"8053","Catena AB","CATE.ST","39049200","40.7722","Sweden"
"8054","Helios Underwriting","HUW.L","39041400","3.06573","United Kingdom"
"8055","Papa John's Pizza","PZZA","39036000","24.08","United States"
"8056","Medacta Group","MOVE.SW","39013900","159.976","Switzerland"
"8057","Carlyle Secured Lending","CGBD","39001000","11.45","United States"
"8058","Ashtead","AHT.L","39000000","72.3405","United Kingdom"
"8059","RVRC Holding","RVRC.ST","38960000","5.69379","Sweden"
"8060","Feiyu Technology International Company","1022.HK","38942800","0.0465638","China"
"8061","G2 Goldfields","GTWO.TO","38915600","6.98463","Canada"
"8062","Amara Raja Energy &amp; Mobility","ARE&M.NS","38893200","9.627","India"
"8063","Trilogy Metals","TMQ","38838000","3.76","Canada"
"8064","IPH Limited","IPH.AX","38810700","2.62518","Australia"
"8065","Ampol","ALD.AX","38781400","30.1931","Australia"
"8066","Tanmiah Food Company","2281.SR","38726800","17.1798","Saudi Arabia"
"8067","SEACOR Marine","SMHI","38721000","9.75","United States"
"8068","Provident Financial Holdings","PROV","38701000","18.26","United States"
"8069","Envela Corporation","ELA","38615400","14.15","United States"
"8070","Jindal Worldwide","JINDWORLD.NS","38605400","0.366942","India"
"8071","Bravura Solutions","BVS.AX","38603500","2.23891","Australia"
"8072","Bannerman Energy","BMN.AX","38571200","3.11874","Australia"
"8073","Develop Global Limited","DVP.AX","38564500","3.75536","Australia"
"8074","Sensient Technologies","SXT","38542000","137.45","United States"
"8075","Bapcor Limited","BAP.AX","38536400","0.336195","Australia"
"8076","Jassim Transport &amp; Stevedoring Company","JTC.KW","38484500","1369.42","Kuwait"
"8077","NSTS Bancorp","NSTS","38351000","13.98","United States"
"8078","Eidesvik Offshore","EIOF.OL","38346700","1.83653","Norway"
"8079","Andrews Sykes Group","ASY.L","38228000","8.37818","United Kingdom"
"8080","SmartStop Self Storage REIT","SMA","38209000","33.86","United States"
"8081","Advanced Petrochemical","2330.SR","38142100","6.63755","Saudi Arabia"
"8082","Jubilee Metals Group","JLP.L","38139100","0.0336966","United Kingdom"
"8083","Arteris","AIP","38103000","22.61","United States"
"8084","Accuray","ARAY","38067000","0.2716","United States"
"8085","Kappa Create","7421.T","38050400","10.169","Japan"
"8086","Fenix Resources","FEX.AX","38032500","0.189557","Australia"
"8087","Marston's","MARS.L","38008200","0.707036","United Kingdom"
"8088","Blink Charging","BLNK","37991000","0.5847","United States"
"8089","Digital Turbine","APPS","37960000","10.74","United States"
"8090","Peoples Financial Services","PFIS","37868000","70.64","United States"
"8091","CarParts.com","PRTS","37856000","6.57","United States"
"8092","Marimekko","MEKKO.HE","37847700","11.273","Finland"
"8093","Aeluma","ALMU","37780000","13.65","United States"
"8094","Northern Dynasty Minerals","NAK","37757600","1.78","Canada"
"8095","init innovation in traffic systems","IXX.DE","37743500","52.8095","Germany"
"8096","Ekinops","EKI.PA","37739400","2.8678","France"
"8097","Caleres","CAL","37737000","13.65","United States"
"8098","BitFuFu","FUFU","37727000","1.59","Singapore"
"8099","American Battery Technology Company","ABAT","37685000","2.4","United States"
"8100","Inovio Pharmaceuticals","INO","37681300","1.25","United States"
"8101","Ayr Wellness","AYRWF","37638000","0.0037","United States"
"8102","Healius Limited","HLS.AX","37626600","0.304006","Australia"
"8103","Gabriel India","GABRIEL.NS","37539500","14.0727","India"
"8104","Timken India","TIMKEN.NS","37535900","32.6225","India"
"8105","Verisure plc","VSURE.ST","37500400","10.8207","Switzerland"
"8106","Gurit Holding","GURN.SW","37496500","36.0755","Switzerland"
"8107","Forum Energy Technologies","FET","37488000","76.05","United States"
"8108","Patrick Industries","PATK","37472000","85.12","United States"
"8109","Pekabex","PBX.WA","37464400","2.37092","Poland"
"8110","SCHOTT Pharma","1SXP.DE","37441400","26.8128","Germany"
"8111","Cliq Digital AG","CLIQ.DE","37411600","4.6048","Germany"
"8112","Ascom Holding","ASCN.SW","37387900","6.69262","Switzerland"
"8113","Citizens Inc","CIA","37384000","3.94","United States"
"8114","Future Retail","FRETAIL.NS","37380900","0.023822","India"
"8115","Gulf Hotels Group","GHG.BH","37380100","0.795756","Bahrain"
"8116","Basler Aktiengesellschaft","BSL.DE","37366200","26.2882","Germany"
"8117","Credit Corp Group","CCP.AX","37305600","10.1359","Australia"
"8118","Al Imtiaz Investment Group Company","ALIMTIAZ.KW","37258700","233.127","Kuwait"
"8119","Tera Light","TRLT.TA","37256500","5.34312","Israel"
"8120","Nordic Mining ASA","NOM.OL","37224000","0.23252","Norway"
"8121","Abacus Global Management","ABX","37209700","9.61","United States"
"8122","Kimbell Royalty Partners","KRP","37161000","15.46","United States"
"8123","First Industrial Realty Trust","FR","37147000","63.43","United States"
"8124","Rent the Runway","RENT","37100000","3.55","United States"
"8125","Suprajit Engineering","SUPRAJIT.NS","37089800","5.26068","India"
"8126","Miquel y Costas &amp; Miquel","MCM.MC","37087400","15.4465","Spain"
"8127","NewtekOne","NEWT","37073000","12.37","United States"
"8128","Iress Limited","IRE.AX","37066700","4.46352","Australia"
"8129","kneat.com","FOBK.F","37058900","4.66309","Ireland"
"8130","Ten Square Games","TEN.WA","37058200","28.1208","Poland"
"8131","Northern Oil and Gas","NOG","37041000","26.84","United States"
"8132","AiRWA Inc.","YYAI","37015800","1.1","United States"
"8133","Aehr Test Systems","AEHR","36911000","96.43","United States"
"8134","CCC Intelligent Solutions","CCC","36900000","7.5","United States"
"8135","MapmyIndia","MAPMYINDIA.NS","36870400","10.0805","India"
"8136","PCBL Limited","PCBL.NS","36791200","3.35649","India"
"8137","Hallador Energy Company","HNRG","36778000","15.96","United States"
"8138","Enzo Biochem","ENZB","36693000","0.69887","United States"
"8139","Devolver Digital","DEVO.L","36618000","0.108167","United States"
"8140","Energous","WATT","36605000","11.6","United States"
"8141","Aevis Victoria","AEVS.SW","36598500","15.5498","Switzerland"
"8142","Stem, Inc","STEM","36586000","5.46","United States"
"8143","Helical","HLCL.L","36579300","2.75594","United Kingdom"
"8144","Entech SA","ALESE.PA","36576800","11.9841","France"
"8145","RAIZNEXT Corporation","6379.T","36555900","19.1453","Japan"
"8146","Harworth Group","HWG.L","36555400","2.43866","United Kingdom"
"8147","Strawberry Fields REIT","STRW","36551000","13.91","United States"
"8148","Canacol Energy","CNE.TO","36539000","1.10603","Canada"
"8149","Clearwater Paper","CLW","36500000","21.26","United States"
"8150","PowerFleet","AIOT","36496000","3.01","United States"
"8151","The Beachbody Company","BODI","36491000","6.09","United States"
"8152","Etteplan","ETTE.HE","36487700","9.72255","Finland"
"8153","Fonix Mobile","FNX.L","36449000","2.35747","United Kingdom"
"8154","Group Five Pipe Saudi Company","9523.SR","36432400","13.8504","Saudi Arabia"
"8155","Confidence Petroleum","CONFIPET.NS","36418900","0.808171","India"
"8156","AgEagle Aerial Systems","UAVS","36389100","1.08","United States"
"8157","Suominen","SUY1V.HE","36369600","0.804383","Finland"
"8158","Beacon Lighting Group","BLX.AX","36325500","1.1731","Australia"
"8159","J.Jill","JILL","36297000","20.01","United States"
"8160","Selectirente","SELER.PA","36263900","100.256","France"
"8161","Mereo BioPharma Group","MREO","36223000","0.2895","United Kingdom"
"8162","Brandywine Realty Trust","BDN","36203000","3.18","United States"
"8163","Selvaag Bolig","SBO.OL","36188700","3.51733","Norway"
"8164","Kayak Inc","3904.T","36180800","2.72428","Japan"
"8165","KAP AG","IUR.F","36164000","2.05176","Germany"
"8166","Matthews International Corporation","MATW","36088000","21.22","United States"
"8167","U.S. Gold Corp","USAU","36087700","16.11","United States"
"8168","Bayan Investment Holding Company","BAYANINV.KW","36079400","231.497","Kuwait"
"8169","Novabase","NBA.LS","36056000","8.41688","Portugal"
"8170","Cy4gate","CY4.MI","36002300","10.6552","Italy"
"8171","Vente-Unique.com","ALVU.PA","35991200","19.9347","France"
"8172","Haulotte Group","PIG.PA","35963800","2.72791","France"
"8173","Velan","VLN.TO","35932000","13.2188","Canada"
"8174","Sovereign Metals","SVM.AX","35875800","0.396996","Australia"
"8175","Bioventus","BVS","35846000","14.02","United States"
"8176","Ypsomed","YPSN.SW","35804800","509.784","Switzerland"
"8177","Bank of Innovation","4393.T","35792900","34.5243","Japan"
"8178","Town Centre Securities","TOWN.L","35750000","1.65596","United Kingdom"
"8179","Quess","QUESS.NS","35744600","3.63024","India"
"8180","Liva Insurance Company","8280.SR","35738100","3.86214","Saudi Arabia"
"8181","Evli","EVLI.HE","35711800","29.7272","Finland"
"8182","DocGo","DCGO","35675100","0.3816","United States"
"8183","Aeon Hokkaido Corporation","7512.T","35620200","5.41718","Japan"
"8184","Retractable Technologies","RVP","35617900","0.73","United States"
"8185","Lake Shore Bancorp","LSBK","35582000","17.2","United States"
"8186","ShaMaran Petroleum","SNM.OL","35568000","0.135109","Bermuda"
"8187","Alfa Financial Software","ALFA.L","35553400","2.28867","United Kingdom"
"8188","PowerX, Inc.","485A.T","35496500","12.2216","Japan"
"8189","Tetra Technologies","TTI","35473000","6.77","United States"
"8190","Owlet, Inc.","OWLT","35459000","5.08","United States"
"8191","TruBridge","TBRG","35419000","26.24","United States"
"8192","Nam Tai Property","NTPIF","35416000","4.5","China"
"8193","Dlala Brokerage and Investment Holding Company","DBIS.QA","35405000","0.402198","Qatar"
"8194","Pharos Energy","PHAR.L","35400000","0.409781","United Kingdom"
"8195","Hopscotch Global PR Group","ALHOP.PA","35389900","16.962","France"
"8196","SunCar Technology Group","SDA","35330000","0.7","China"
"8197","Retal Urban Development Company","4322.SR","35299700","2.6742","Saudi Arabia"
"8198","Tracsis","TRCS.L","35296900","4.50923","United Kingdom"
"8199","Kulmbacher Brauerei","KUL.MU","35293600","40.5689","Germany"
"8200","Shengfeng Development","SFWL","35290000","0.89","China"
"8201","Kapsch TrafficCom","KTCG.VI","35285000","5.37421","Austria"
"8202","DRDGOLD","DRD","35236000","30.92","South Africa"
"8203","Zhejiang Jinke Tom Culture Industry","300459.SZ","35165800","0.525118","China"
"8204","Aiming Inc","3911.T","35154500","1.12361","Japan"
"8205","Amotiv Limited","AOV.AX","35127000","4.66381","Australia"
"8206","CONMED","CNMD","35030000","51.49","United States"
"8207","Silicom","SILC","35014000","41.815","Israel"
"8208","Agenus","AGEN","34996000","7.67","United States"
"8209","Predictive Discovery Limited","PDI.AX","34994600","0.6402","Australia"
"8210","NW Natural Holdings","NWN","34945000","50.22","United States"
"8211","Neuland Laboratories","NEULANDLAB.NS","34943900","240.059","India"
"8212","Ionic Digital","IOND","34916000","69.545","United States"
"8213","SHL Finance Company","1183.SR","34861000","3.85148","Saudi Arabia"
"8214","Thule Group AB","THULE.ST","34831100","22.2068","Sweden"
"8215","Synchronoss Technologies","SNCR","34827000","9","United States"
"8216","TON Strategy Co.","TONX","34784000","3.03","United States"
"8217","WithSecure Oyj","WITH.HE","34782800","2.00023","Finland"
"8218","U.S. Global Investors","GROW","34733000","3.325","United States"
"8219","Mobimo Holding","MOBN.SW","34729100","427.93","Switzerland"
"8220","Cavatina Holding Spólka Akcyjna","CAV.WA","34723600","3.54555","Poland"
"8221","Axfood","AXFO.ST","34721800","26.0062","Sweden"
"8222","Equity Residential","EQR","34677000","63.66","United States"
"8223","Pricer AB","PRIC-B.ST","34649700","0.450978","Sweden"
"8224","SofWave Medical","SOFW.TA","34636000","10.9529","Israel"
"8225","Melbourne Enterprises","0158.HK","34610800","7.39919","Hong Kong"
"8226","Oppenheimer Holdings","OPY","34601000","115.73","United States"
"8227","Indel B S.p.A.","INDB.MI","34591100","22.5577","Italy"
"8228","Infas Holding AG","IFS.F","34535000","7.81068","Germany"
"8229","ECB Bancorp","ECBK","34514000","20.84","United States"
"8230","Mahindra Logistics","MAHLOG.NS","34509500","4.17929","India"
"8231","Pursuit Attractions and Hospitality","PRSU","34500000","48.77","United States"
"8232","LifeMD","LFMD","34478100","3.14","United States"
"8233","NCS Multistage","NCSM","34458000","48.58","United States"
"8234","Hollywood Bowl Group","BOWL.L","34424600","3.82808","United Kingdom"
"8235","Karat Packaging","KRT","34424000","48.52","United States"
"8236","Flat Capital AB","FLAT-B.ST","34418800","0.998781","Sweden"
"8237","MAIA Biotechnology","MAIA","34413100","1.35","United States"
"8238","Superloop Limited","SLC.AX","34408500","2.18884","Australia"
"8239","InvenTrust Properties","IVT","34395000","32.82","United States"
"8240","Westag AG","WUG3.F","34382000","38.4705","Germany"
"8241","One Stop Systems","OSS","34373300","11.04","United States"
"8242","Atlas Lithium","ATLX","34358600","3.35","United States"
"8243","Swiss Steel","STLN.SW","34340300","1.60943","Switzerland"
"8244","Funko","FNKO","34295000","6.87","United States"
"8245","Integral Diagnostics Limited","IDX.AX","34274400","1.71674","Australia"
"8246","Star Asia Investment Corporation","3468.T","34264600","337.083","Japan"
"8247","HOOKIPA Pharma","HOOK","34230000","1.15","United States"
"8248","Kewal Kiran Clothing","KKCL.NS","34210000","5.39338","India"
"8249","OMER S.p.A.","OMER.MI","34193000","3.87037","Italy"
"8250","Enter Air","ENT.WA","34190400","14.2634","Poland"
"8251","CPH Group AG","CPHN.SW","34156900","74.3901","Switzerland"
"8252","Kopin Corporation","KOPN","34148300","4.74","United States"
"8253","Festi hf.","FESTI.IC","34143600","2.54693","Iceland"
"8254","Trinity Capital","TRIN","34141000","18.61","United States"
"8255","Qatar Oman Investment Company","QOIS.QA","34132600","0.20467","Qatar"
"8256","Blackbaud","BLKB","34096000","48.07","United States"
"8257","Hankyu Hanshin REIT","8977.T","34013900","852.437","Japan"
"8258","Tiptree","TIPT","33982000","18.54","United States"
"8259","Mr.Bricolage","ALMRB.PA","33943800","4.70972","France"
"8260","Bodycote","BOY.L","33937300","12.4106","United Kingdom"
"8261","Triterras","TRIRF","33930600","0.0001","Singapore"
"8262","Newron Pharmaceuticals","NWRN.SW","33921500","15.3756","Italy"
"8263","Arbonia","ARBN.SW","33903000","4.75823","Switzerland"
"8264","Akastor ASA","AKAST.OL","33896700","1.44775","Norway"
"8265","Loma Negra","LOMA","33842500","9.64","Argentina"
"8266","Blackline Safety","BLN.TO","33819800","6.53005","Canada"
"8267","CSW Industrials","CSW","33799000","327.56","United States"
"8268","Emirates Reem Investments Company","ERC.AE","33692000","0.52547","United Arab Emirates"
"8269","Traeger","COOK","33687000","0.5983","United States"
"8270","Ateam","3662.T","33680100","6.06373","Japan"
"8271","X-Legend Entertainment","4994.TW","33672000","2.61936","Taiwan"
"8272","Jensen-Group","JEN.BR","33636000","85.1014","Belgium"
"8273","Pharmanutra","PHN.MI","33569800","95.5934","Italy"
"8274","ProFrac","ACDC","33500000","4.82","United States"
"8275","Domo, Inc.","DOMO","33366000","3.76","United States"
"8276","Smith &amp; Wesson","SWBI","33352000","13.65","United States"
"8277","Passage Bio","PASG","33336000","4.51","United States"
"8278","KLab","3656.T","33335000","1.21149","Japan"
"8279","AFC Energy","AFC.L","33314900","0.197071","United Kingdom"
"8280","TISCO Financial Group","TISCO.BK","33284200","3.8485","Thailand"
"8281","RYTHM, Inc.","RYM","33261000","22.96","United States"
"8282","Bergbahnen Engelberg-Trübsee-Titlis","TIBN.SW","33237700","61.7015","Switzerland"
"8283","Lanvin Group","LANV","33224900","1.09","China"
"8284","Viking Line Abp","VIK1V.HE","33218000","24.0149","Finland"
"8285","Enovis","ENOV","33129000","25.21","United States"
"8286","Canada Packers","CPKR.TO","33083700","12.1509","Canada"
"8287","Genenta Science","GNTA","33067700","1.15","Italy"
"8288","Holley","HLLY","33066000","3","United States"
"8289","Duos Technologies Group","DUOT","33030800","10.27","United States"
"8290","Mission Produce","AVO","33000000","13.13","United States"
"8291","Síminn hf.","SIMINN.IC","32993500","0.102539","Iceland"
"8292","Gloo Holdings","GLOO","32974000","3.33","United States"
"8293","IVE Group","IGL.AX","32938400","2.09585","Australia"
"8294","HIVE Digital Technologies","HIVE","32854000","2.86","Canada"
"8295","City of London Investment Group Plc","CLIG.L","32846000","6.64805","United Kingdom"
"8296","Growthpoint Properties Australia","GOZ.AX","32824600","1.50215","Australia"
"8297","Pattern S.p.A.","PTR.MI","32791800","3.05432","Italy"
"8298","Premier Miton Group plc","PMI.L","32787700","0.542368","United Kingdom"
"8299","Origin Materials","ORGN","32648000","0.9501","United States"
"8300","Xvivo Perfusion AB","XVIVO.ST","32622900","29.7214","Sweden"
"8301","BellRing Brands","BRBR","32600000","10.85","United States"
"8302","Kuwait Reinsurance Company","KUWAITRE.KW","32546800","1190.09","Kuwait"
"8303","Kite Realty","KRG","32539000","26.26","United States"
"8304","CRA International","CRAI","32496000","175.58","United States"
"8305","Celebrus Technologies","CLBS.L","32494000","1.25332","United Kingdom"
"8306","Peter Warren Automotive Holdings Limited","PWR.AX","32450300","0.608011","Australia"
"8307","Highwoods Properties","HIW","32423000","31.77","United States"
"8308","Cresco Labs","CRLBF","32345000","0.78","United States"
"8309","Pathfinder Bancorp","PBHC","32321000","16.6","United States"
"8310","GigaMedia","GIGM","32312000","1.44","Taiwan"
"8311","ad pepper media International","APM.DE","32229500","3.07764","Germany"
"8312","Filatex India","FILATEX.NS","32173300","0.860725","India"
"8313","Regal Hotels International","0078.HK","32105200","0.054856","Hong Kong"
"8314","PSI Software","PSAN.DE","32054800","51.8769","Germany"
"8315","Veridis Environment","VRDS.TA","32051900","15.8127","Israel"
"8316","Sidetrade","ALBFR.PA","32006400","231.756","France"
"8317","Carl Zeiss Meditec","AFXA.F","32000100","37.3047","Germany"
"8318","FUJI UNITED HOLDINGS CO LTD","416A.T","31990400","8.22306","Japan"
"8319","Mazaya Real Estate Development Q.P.S.C.","MRDS.QA","31982600","0.151099","Qatar"
"8320","Hagar hf.","HAGA.IC","31979900","1.01712","Iceland"
"8321","One REIT, Inc.","3290.T","31962400","488.362","Japan"
"8322","Argan SA","ARG.PA","31932700","86.034","France"
"8323","Gamma Communications","GAMA.L","31917300","15.0807","United Kingdom"
"8324","Ocugen","OCGN","31855000","1.36","United States"
"8325","Beyout Investment Group","BEYOUT.KW","31842200","1111.84","Kuwait"
"8326","Cherry Hill Mortgage Investment","CHMI","31834000","2.93","United States"
"8327","Ricegrowers Limited","SGLLV.AX","31805900","9.68526","Australia"
"8328","Digi International","DGII","31741000","73.92","United States"
"8329","PharmaSGP","PSG.DE","31725300","33.6779","Germany"
"8330","Atossa Therapeutics","ATOS","31718000","2.64","United States"
"8331","BrainChip","BRN.AX","31712600","0.100143","Australia"
"8332","Verkkokauppa.com","VERK.HE","31705000","4.33085","Finland"
"8333","Hansen Technologies","HSN.AX","31700400","2.46066","Australia"
"8334","CALIDA Holding","CALN.SW","31695100","17.7392","Switzerland"
"8335","Garofalo Health Care","GHC.MI","31626500","6.59827","Italy"
"8336","Vitruvio Real Estate","YVIT.MC","31543400","20.9839","Spain"
"8337","Transport Corporation of India","TCI.NS","31527900","9.34176","India"
"8338","DMC Global","BOOM","31511000","6.77","United States"
"8339","Arctic Paper","ARP.ST","31501200","1.84033","Poland"
"8340","Réalités","ALREA.PA","31489700","0.582886","France"
"8341","Arabi Group Holding","AGHC.KW","31446000","1254.07","Kuwait"
"8342","Dis-Chem Pharmacies","DCP.JO","31431200","1.77756","South Africa"
"8343","Acadia Realty Trust","AKR","31415000","21.34","United States"
"8344","Boss Energy","BOE.AX","31409000","1.26609","Australia"
"8345","Skycity Entertainment Group","SKC.NZ","31375200","0.402049","New Zealand"
"8346","Full House Resorts","FLL","31368000","2.14","United States"
"8347","Heineken Malaysia","3255.KL","31363200","3.98862","Malaysia"
"8348","EastGroup Properties","EGP","31358000","202.36","United States"
"8349","Braemar","BMS.L","31347500","3.09243","United Kingdom"
"8350","Alfen","ALFEN.AS","31333600","14.0942","Netherlands"
"8351","DATAGROUP SE","D6H.DE","31328000","84.8","Germany"
"8352","Prince Pipes And Fittings","PRINCEPIPE.NS","31313800","3.00021","India"
"8353","The Metals Royalty Company","TMCR","31306800","6","Canada"
"8354","SKF India","SKFINDIA.NS","31271600","16.3964","India"
"8355","Guillemot Corporation","GUI.PA","31265400","4.93122","France"
"8356","Repco Home Finance","REPCOHOME.NS","31261900","3.69867","India"
"8357","New Found Gold","NFGC","31243200","1.9","Canada"
"8358","Delta Corp","DELTACORP.NS","31239500","0.641521","India"
"8359","Villars Holding","VILN.SW","31239100","746.389","Switzerland"
"8360","CEAT","CEATLTD.NS","31221300","36.9711","India"
"8361","Skeena Resources","SKE","31181300","35.03","Canada"
"8362","Serko Limited","SKO.NZ","31166900","0.920245","New Zealand"
"8363","PDF Solutions","PDFS","31153000","44.06","United States"
"8364","Fasadgruppen Group","FG.ST","31146800","2.00809","Sweden"
"8365","Apyx Medical","APYX","31137000","3.08","United States"
"8366","Makkah Construction &amp; Development","4100.SR","31046500","22.1473","Saudi Arabia"
"8367","Geojit Financial Services","GEOJITFSL.NS","31009400","0.843695","India"
"8368","Batic Investments and Logistics Company","4110.SR","31001100","0.546026","Saudi Arabia"
"8369","Enad Global 7","EG7.ST","30988000","1.98283","Sweden"
"8370","Nicolás Correa","NEA.MC","30975300","11.2381","Spain"
"8371","Forian","FORA","30951200","2.17","United States"
"8372","Elders Limited","ELD.AX","30893100","4.27039","Australia"
"8373","Mitsubishi Paper Mills","3864.T","30867900","7.41959","Japan"
"8374","Sila Realty Trust","SILA","30778000","30.36","United States"
"8375","Veru","VERU","30764600","2.59","United States"
"8376","IO Biotech","IOBT","30664000","0.048","Denmark"
"8377","Lalique Group","LLQ.SW","30635600","40.5543","Switzerland"
"8378","Deceuninck","DECB.BR","30629900","2.81534","Belgium"
"8379","Streamex Corp.","STEX","30625000","0.7649","United States"
"8380","Iluka Resources","ILU.AX","30609900","5.14306","Australia"
"8381","Helia Group","HLI.AX","30609900","3.70529","Australia"
"8382","MEP Infrastructure","MEP.NS","30605800","0.00720928","India"
"8383","COG Financial Services","COG.AX","30585500","1.04435","Australia"
"8384","LIG Defense & Aerospace","079550.KS","30542600","518.531","South Korea"
"8385","FC Porto","FCP.LS","30531200","3.38074","Portugal"
"8386","Bird Construction","BDT.TO","30500100","49.4769","Canada"
"8387","Rafael Holdings","RFL","30497000","2.19","United States"
"8388","Matador Resources","MTDR","30451000","57.5","United States"
"8389","Saga Communications","SGA","30438000","9.12","United States"
"8390","KSB ltd","KSB.NS","30427500","8.3753","India"
"8391","Vaxxinity","VAXX","30395000","0.0001","United States"
"8392","Brederode","BREB.BR","30393600","121.474","Luxembourg"
"8393","Alkane Resources","ALK.AX","30379400","1.34835","Australia"
"8394","Waldencast","WALD","30379000","1.33","United States"
"8395","Saudi Steel Pipes","1320.SR","30357000","13.1313","Saudi Arabia"
"8396","Altisource Portfolio Solutions","ASPS","30340000","5.45","Luxembourg"
"8397","Exela Technologies","XELA","30327000","0.0011","United States"
"8398","Injazzat Real Estate Development Company","INJAZZAT.KW","30321000","482.556","Kuwait"
"8399","Safari Industries India","SAFARI.NS","30312000","15.6838","India"
"8400","The Oncology Institute","TOI","30280000","5.13","United States"
"8401","SKYX Platforms","SKYX","30263700","1.15","United States"
"8402","RideNow Group","RDNW","30200000","5.93","United States"
"8403","EnviTec Biogas","ETG.DE","30174700","20.809","Germany"
"8404","PLBY Group (Playboy)","PLBY","30167000","1.25","United States"
"8405","McBride","MCB.L","30166500","2.23535","United Kingdom"
"8406","Chicago Atlantic BDC","LIEN","30111600","10.15","United States"
"8407","Kri-Kri Milk Industry","KRI.AT","30093800","37.1299","Greece"
"8408","Aqar Real Estate Investments Company","AQAR.KW","30079600","329.312","Kuwait"
"8409","Invisio AB","IVSO.ST","30075100","24.3328","Sweden"
"8410","gumi","3903.T","30034900","1.76388","Japan"
"8411","Nyxoah","NYXH","30016600","1.62","Belgium"
"8412","Kaiser Aluminum","KALU","30000000","152.5","United States"
"8413","Bastide Le Confort Médical","BLC.PA","29922700","26.5796","France"
"8414","Gorman-Rupp","GRC","29855000","77.82","United States"
"8415","Kintetsu Department Store","8244.T","29852300","12.2969","Japan"
"8416","Seres Therapeutics","MCRB","29834000","4.66","United States"
"8417","Universal Electronics","UEIC","29826000","4.41","United States"
"8418","Precision Drilling Corporation","PDS","29822600","87.68","Canada"
"8419","Penguin International Limited","BTM.SI","29813800","1.29809","Singapore"
"8420","Clarus","CLAR","29809000","3.82","United States"
"8421","Western Bulk","WEST.OL","29807000","2.30909","Norway"
"8422","SelectQuote","SLQT","29806000","0.776","United States"
"8423","Dhampur Sugar Mills","DHAMPURSUG.NS","29796400","1.88267","India"
"8424","Upland Software","UPLD","29781000","4.74","United States"
"8425","EcoSynthetix","ECO.TO","29775600","1.80388","Canada"
"8426","Specialized Medical Company","4019.SR","29755600","4.33891","Saudi Arabia"
"8427","First Takaful Insurance Company","FTI.KW","29752100","681.448","Kuwait"
"8428","Archer Limited","ARCH.OL","29700000","2.55611","Norway"
"8429","LandBridge","LB","29679000","87.1","United States"
"8430","Methanol Chemicals Company","2001.SR","29646800","8.52333","Saudi Arabia"
"8431","Four Corners Property Trust","FCPT","29646000","25.5","United States"
"8432","Scully Royalty","SRL","29644300","5.83","China"
"8433","Titan Machinery","TITN","29578000","19.06","United States"
"8434","Delfingen Industry","ALDEL.PA","29560900","34.6235","France"
"8435","Austriacard Holdings","ACAG.VI","29531500","11.4246","Austria"
"8436","Richardson Electronics","RELL","29494000","16.81","United States"
"8437","Samty Residential Investment Corporation","3459.T","29491800","573.731","Japan"
"8438","Ikegami Tsushinki","6771.T","29442700","4.22452","Japan"
"8439","AVI Limited","AVI.JO","29381100","5.28149","South Africa"
"8440","Riyadh Cement Company","3092.SR","29354200","6.19273","Saudi Arabia"
"8441","RPG Life Sciences","RPGLIFE.NS","29349300","27.1121","India"
"8442","FRP Advisory Group","FRP.L","29344800","1.62182","United Kingdom"
"8443","Movano","MOVE","29330000","8.59","United States"
"8444","Sanofi India Limited","SANOFI.NS","29286100","33.4134","India"
"8445","Achieve Life Sciences","ACHV","29269000","7.94","Canada"
"8446","Cofinimmo","COFB.BR","29263100","96.5843","Belgium"
"8447","NP3 Fastigheter AB","NP3.ST","29261100","26.9429","Sweden"
"8448","BayCom (United Business Bank)","BCML","29221000","30.12","United States"
"8449","Hydratec Industries","HYDRA.AS","29214300","314.759","Netherlands"
"8450","eVISO S.p.A.","EVISO.MI","29211500","11.9375","Italy"
"8451","Scanfil","SCANFL.HE","29103900","13.1499","Finland"
"8452","Kooth plc","KOO.L","29062200","2.01621","United Kingdom"
"8453","Heidelberg Pharma","HPHA.DE","29041300","2.91443","Germany"
"8454","Knowledge Economic City Company","4310.SR","29040900","4.77573","Saudi Arabia"
"8455","Ridgepost Capital","RPC","29029000","8.89","United States"
"8456","SB Financial Group","SBFG","29019000","27.86","United States"
"8457","SHUAA Capital","SHUAA.AE","28984600","0.0571755","United Arab Emirates"
"8458","United Parks &amp; Resorts","PRKS","28942000","44.77","United States"
"8459","KORE Group","KORE","28924000","9.25","United States"
"8460","Aduro Clean Technologies","ADUR","28898900","15.24","Canada"
"8461","AB Kauno Energija","KNR1L.VS","28880000","2.42481","Lithuania"
"8462","Alliance Resource Partners","ARLP","28869000","26.38","United States"
"8463","Arqit Quantum","ARQQ","28860000","20.13","United Kingdom"
"8464","STRATEC","SBS.F","28853300","25.5304","Germany"
"8465","Autosports Group","ASG.AX","28792300","1.08369","Australia"
"8466","Klingelnberg AG","KLIN.SW","28759600","13.8082","Switzerland"
"8467","OEM International","OEM-B.ST","28746000","18.0391","Sweden"
"8468","Abdullah Al-Othaim Markets Company","4001.SR","28731500","1.32911","Saudi Arabia"
"8469","CBIZ","CBZ","28718000","54.6","United States"
"8470","CAVE Interactive","3760.T","28709500","4.62626","Japan"
"8471","M&amp;C Saatchi","SAA.L","28708000","1.94143","United Kingdom"
"8472","Commercial Vehicle Group (CVG)","CVGI","28684000","3.06","United States"
"8473","Jamieson Wellness","JWEL.TO","28670300","32.9245","Canada"
"8474","COPT Defense Properties","CDP","28580000","37.46","United States"
"8475","AH Realty Trust","AHRT","28545000","6.73","United States"
"8476","NuCana","NCNA","28511500","1.47","United Kingdom"
"8477","Comtech Telecommunications","CMTL","28499000","1.77","United States"
"8478","iDreamSky","1119.HK","28492400","0.0574075","China"
"8479","Elutia","ELUT","28488000","0.955","United States"
"8480","The Securities House","SECH.KW","28449600","271.275","Kuwait"
"8481","Digia Oyj","DIGIA.HE","28444900","6.4817","Finland"
"8482","U.S. Physical Therapy, Inc.","USPH","28439000","77.38","United States"
"8483","Landmark Bancorp","LARK","28374000","31.84","United States"
"8484","Santhera Pharmaceuticals","SANN.SW","28344100","19.7047","Switzerland"
"8485","Perma-Pipe International","PPIH","28300000","26.57","United States"
"8486","Raspberry Pi","RPI.L","28300000","8.06485","United Kingdom"
"8487","Creepy Jar","CRJ.WA","28287900","144.529","Poland"
"8488","Willdan Group","WLDN","28278000","83.5","United States"
"8489","Varroc","VARROC.NS","28268300","8.46307","India"
"8490","American Woodmark","AMWD","28261000","48.09","United States"
"8491","Ibstock plc","IBST.L","28242100","1.18384","United Kingdom"
"8492","Insight Molecular Diagnostics","IMDX","28201000","4.32","United States"
"8493","Mattr Corp.","MATR.TO","28180500","12.8364","Canada"
"8494","Vp plc","VP.L","28167100","6.71616","United Kingdom"
"8495","NSE SA","ALNSE.PA","28160600","55.1411","France"
"8496","Dorchester Minerals","DMLP","28157000","29.2","United States"
"8497","Wild Bunch","WBAH.F","28152800","23.6783","Germany"
"8498","Logistic Properties of the Americas","LPA","28148900","3.21","United States"
"8499","Invalda INVL, AB","IVL1L.VS","28117100","32.4085","Lithuania"
"8500","Westrock Coffee","WEST","28110000","8.44","United States"
"8501","Eik fasteignafélag","EIK.IC","28090600","0.122385","Iceland"
"8502","Victorian Plumbing Group","VIC.L","28075800","1.05218","United Kingdom"
"8503","GWA Group Limited","GWA.AX","28036200","1.47353","Australia"
"8504","DFS Furniture","DFS.L","28011800","2.15585","United Kingdom"
"8505","Lithium Royalty Corp.","LIRC.TO","28004000","7.68248","Canada"
"8506","Hammond Power Solutions","HPS-A.TO","28003500","167.003","Canada"
"8507","Viper Energy","VNOM","28000000","44.71","United States"
"8508","Smith Douglas Homes","SDHC","27986000","12.42","United States"
"8509","MoneyHero","MNY","27984000","0.8898","Singapore"
"8510","Imdex Limited","IMD.AX","27963400","2.58226","Australia"
"8511","BigBen Interactive","BIG.PA","27951300","0.175799","France"
"8512","Eimskipafélag Íslands","EIM.IC","27918100","2.34847","Iceland"
"8513","Securitize Corp.","SECZ","27894500","6.35","United States"
"8514","Lucid Diagnostics","LUCD","27876000","1","United States"
"8515","Miko Group","MIKO.BR","27843400","78.1068","Belgium"
"8516","BJ's Wholesale Club","BJ","27826000","98.49","United States"
"8517","Kogan.com Ltd","KGN.AX","27805600","2.73963","Australia"
"8518","Affimed","AFMD","27774700","0.1815","Germany"
"8519","Lux Industries","LUXIND.NS","27758700","12.8022","India"
"8520","Bob's Discount Furniture","BOBS","27738000","17.83","United States"
"8521","Hillman Solutions","HLMN","27731000","8.3","United States"
"8522","GuangZhou Wahlap Technology","301011.SZ","27700000","2.27452","China"
"8523","Rupa Company","RUPA.NS","27663000","1.57549","India"
"8524","National Storage Affiliates Trust","NSA","27648000","43.41","United States"
"8525","Yunji","YJ","27638400","2.86","China"
"8526","Bufab AB","BUFAB.ST","27631900","14.145","Sweden"
"8527","Sangamo Therapeutics","SGMO","27586000","0.074","United States"
"8528","Heidmar Maritime Holdings","HMR","27554100","1.4","Greece"
"8529","Edel SE &amp; Co. KGaA","EDL.DE","27538500","5.38587","Germany"
"8530","Asbury Automotive Group","ABG","27500000","210.86","United States"
"8531","Latham Group","SWIM","27481000","7","United States"
"8532","AEVEX Corp.","AVEX","27449000","18","United States"
"8533","Interfor","IFP.TO","27404400","10.3326","Canada"
"8534","Suja Life, Inc.","SUJA","27378000","9.05","United States"
"8535","Arwana Citramulia Tbk","ARNA.JK","27371500","0.0276758","Indonesia"
"8536","Sidus Space","SIDU","27349800","2.22","United States"
"8537","MONY Group plc","MONY.L","27338400","2.86158","United Kingdom"
"8538","MediciNova","MNOV","27329400","1.53","United States"
"8539","Duni AB","DUNI.ST","27314300","8.41965","Sweden"
"8540","ArcticZymes Technologies ASA","AZT.OL","27292000","2.25539","Norway"
"8541","Sogeclair","ALSOG.PA","27226700","35.6727","France"
"8542","Journey Medical","DERM","27219000","7.91","United States"
"8543","Deluxe Corporation","DLX","27200000","24.08","United States"
"8544","Scout24 (ImmoScout24)","G24.F","27199400","90.3474","Germany"
"8545","Urban One","UONE","27198000","4.8","United States"
"8546","Hebei Changshan Biochemical Pharmaceutical Co., Ltd.","300255.SZ","27171200","3.58359","China"
"8547","Genesco","GCO","27122000","35.08","United States"
"8548","Hampiðjan","HAMP.IC","27113700","0.735963","Iceland"
"8549","Prim, S.A.","PRM.MC","27058700","15.5631","Spain"
"8550","Astra Microwave","ASTRAMICRO.NS","27053500","17.8571","India"
"8551","Strike Energy","STX.AX","27032600","0.0786838","Australia"
"8552","G5 Entertainment","G5EN.ST","27013000","6.58838","Sweden"
"8553","Parrot S.A.","PARRO.PA","26995300","11.1914","France"
"8554","illumin","ILLM.TO","26970600","0.562811","Canada"
"8555","Praemium Limited","PPS.AX","26952900","0.518598","Australia"
"8556","Mesa Laboratories","MLAB","26928000","124.32","United States"
"8557","Bever Holding","BEVER.AS","26900100","3.26416","Netherlands"
"8558","Ryerson","RYI","26900000","28.16","United States"
"8559","BRT Apartments","BRT","26897000","14.85","United States"
"8560","Silver One Resources","SVE.V","26894200","0.331967","Canada"
"8561","RCI Hospitality Holdings","RICK","26890000","30.76","United States"
"8562","BRCK Group","BRCK.L","26874700","0.717935","United Kingdom"
"8563","Tanzanian Gold Corporation","TRX","26842000","1.21","Canada"
"8564","Sandnes Sparebank","SADG.OL","26825700","9.64521","Norway"
"8565","NIOX Group","NIOX.L","26799700","0.926367","United Kingdom"
"8566","Detection Technology","DETEC.HE","26788500","9.32618","Finland"
"8567","Al-Saif Stores for Development &amp; Investment","4192.SR","26742500","1.73929","Saudi Arabia"
"8568","RattanIndia Power","RTNPOWER.NS","26733900","0.0820186","India"
"8569","Aytu BioScience","AYTU","26715000","2.31","United States"
"8570","Al Kout Industrial Projects Company","ALKOUT.KW","26706100","2712.75","Kuwait"
"8571","Modern Mills for Food Products","2284.SR","26699100","7.33007","Saudi Arabia"
"8572","Millennium &amp; Copthorne Hotels New Zealand","MCK.NZ","26689500","1.88814","New Zealand"
"8573","Klil Industries","KLIL.TA","26681800","60.6642","Israel"
"8574","Gateway Real Estate","GTY.F","26648600","0.368384","Germany"
"8575","PCC Rokita","PCR.WA","26613200","17.9984","Poland"
"8576","Hydro One","H.TO","26613200","38.5309","Canada"
"8577","OSE Immunotherapeutics","OSE.PA","26606400","3.72814","France"
"8578","National Fuel Gas","NFG","26596000","82.46","United States"
"8579","Zevia","ZVIA","26594000","1.4","United States"
"8580","Unifi","UFI","26561000","7.65","United States"
"8581","Nusantara Pelabuhan Handal","PORT.JK","26527400","0.0516803","Indonesia"
"8582","TAKKT AG","TTK.DE","26504900","3.25834","Germany"
"8583","Mynaric","M0YN.DE","26484600","0.613256","Germany"
"8584","Huron Consulting","HURN","26459000","162.59","United States"
"8585","United Projects Company For Aviation Services","UPAC.KW","26438800","798.826","Kuwait"
"8586","Apogee Enterprises","APOG","26434000","41.35","United States"
"8587","First Bancorp","FNLC","26421000","34.56","United States"
"8588","ReposiTrak","TRAK","26409600","7.97","United States"
"8589","T&amp;G Global","TGG.NZ","26394400","1.45929","New Zealand"
"8590","Velocity Financial","VEL","26372000","18.44","United States"
"8591","Freightways","FRW.NZ","26356300","7.89207","New Zealand"
"8592","Marcus Corporation","MCS","26345000","30.91","United States"
"8593","OEX S.A.","OEX.WA","26306800","13.2621","Poland"
"8594","Japan Elevator Service Holdings","6544.T","26302300","9.93359","Japan"
"8595","Bgin Blockchain","BGIN","26286300","2.1","Singapore"
"8596","Jacktel AS","JACK.OL","26265000","0.645471","Norway"
"8597","SmartCentres REIT","SRU-UN.TO","26262900","20.1963","Canada"
"8598","Jefferson Capital","JCAP","26249000","22.11","United States"
"8599","Build-A-Bear Workshop","BBW","26247000","38.87","United States"
"8600","Asahi India Glass","ASAHIINDIA.NS","26240800","9.98746","India"
"8601","Healthcare Realty Trust","HR","26235000","19.32","United States"
"8602","Genelux","GNLX","26209000","2.72","United States"
"8603","Al Gassim Investment Holding","6020.SR","26208900","3.31345","Saudi Arabia"
"8604","Seven Hills Realty Trust","SEVN","26197000","7.76","United States"
"8605","Omega Healthcare Investors","OHI","26149000","46.59","United States"
"8606","Codan Limited","CDA.AX","26135400","35.7082","Australia"
"8607","Judges Scientific plc","JDG.L","26126400","53.9473","United Kingdom"
"8608","Donnelley Financial Solutions","DFIN","26100000","47.39","United States"
"8609","COLTENE Holding AG","CLTN.SW","26097000","59.4623","Switzerland"
"8610","Vend Marketplaces","VENDA.OL","26093100","35.6446","Norway"
"8611","Clipper Realty","CLPR","26083000","3.43","United States"
"8612","Arabian Cement Company","3010.SR","26069300","5.81717","Saudi Arabia"
"8613","Adaptimmune Therapeutics","ADAP","26061000","0.0549","United Kingdom"
"8614","MediaAlpha","MAX","26051000","12.8","United States"
"8615","Cracker Barrel","CBRL","26050000","58.02","United States"
"8616","Gigas Hosting","GIGA.MC","26029100","3.55561","Spain"
"8617","Accent Group","AX1.AX","26023600","0.522175","Australia"
"8618","Ovintiv","OVV","26000000","65.92","United States"
"8619","Ajial Real Estate Entertainment Company","AREEC.KW","25964900","997.718","Kuwait"
"8620","Montauk Renewables","MNTK","25947000","1.86","United States"
"8621","Energy Absolute","EA.BK","25932100","0.0879658","Thailand"
"8622","Reservoir Media","RSVR","25927500","9.8","United States"
"8623","Cingulate","CING","25893200","5.68","United States"
"8624","Impac Mortgage Holdings","IMPM","25864000","0.01","United States"
"8625","Al-Deera Holding Company","ALDEERA.KW","25840400","1630.26","Kuwait"
"8626","Winmark","WINA","25834500","350.81","United States"
"8627","Dream Industrial REIT","DIR-UN.TO","25801800","10.1162","Canada"
"8628","Vincorion SE","V1NC.DE","25788500","0","Germany"
"8629","WASGAU Produktions &amp; Handels AG","MSH.F","25777100","10.492","Germany"
"8630","GEOX","GEO.MI","25770000","0.326416","Italy"
"8631","OceanPal","SVRN","25765000","0.3501","Greece"
"8632","TINC NV","TINC.BR","25728500","13.01","Belgium"
"8633","Dynavox Group","DYVOX.ST","25726300","8.03024","Sweden"
"8634","Card Factory plc","CARD.L","25718200","1.03944","United Kingdom"
"8635","Fope S.p.A.","FPE.MI","25715600","60.0373","Italy"
"8636","Credit Acceptance","CACC","25700000","603.07","United States"
"8637","Kronos Worldwide","KRO","25700000","8.71","United States"
"8638","Orrön Energy","ORRON.ST","25694700","0.743034","Sweden"
"8639","Londian Wason New Energy Tech Inc.","FOIL","25693700","24.1","China"
"8640","Select Medical Holdings","SEM","25683000","16.51","United States"
"8641","Goosehead Insurance","GSHD","25652000","73","United States"
"8642","Al-Enma'a Real Estate Company","ERESCO.KW","25649400","423.177","Kuwait"
"8643","Sopharma","3JR.F","25614900","2.19165","Bulgaria"
"8644","Kelly Services","KELYA","25600000","16.79","United States"
"8645","Dye &amp; Durham","DND.TO","25593900","0.533949","Canada"
"8646","Biodesix","BDSX","25572000","25.39","United States"
"8647","Stelrad Group","SRAD.L","25558000","1.98215","United Kingdom"
"8648","United Foods Company","UFC.AE","25556200","3.34885","United Arab Emirates"
"8649","G8 Education","GEM.AX","25510000","0.107296","Australia"
"8650","P3 Health Partners","PIII","25497000","10.03","United States"
"8651","Mangalam Cement","MANGLMCEM.NS","25468700","10.8176","India"
"8652","Calithera Biosciences","CALA","25451000","0.0001","United States"
"8653","Winton Land","WIN.NZ","25426900","0.821967","New Zealand"
"8654","Oryzon Genomics","ORY.MC","25421000","3.32245","Spain"
"8655","Ellington Credit Company","EARN","25408000","4.48","United States"
"8656","5E Advanced Materials","FEAM","25388000","1.66","United States"
"8657","eFFECTOR Therapeutics","EFTR","25383000","0.0003","United States"
"8658","Nuix Limited","NXL.AX","25382600","1.53791","Australia"
"8659","Specialities Group Holding Company","SPEC.KW","25306300","854.255","Kuwait"
"8660","Boozt","BOOZT.ST","25302800","16.3657","Sweden"
"8661","Wolftank-Adisa Holding","WOLF.VI","25300700","3.97529","Austria"
"8662","Orbit Communication Systems","ORBI.TA","25295000","14.3123","Israel"
"8663","Tiny Ltd.","TINY.V","25290900","6.19559","Canada"
"8664","Emilia Development","EMDV.TA","25159000","6.76306","Israel"
"8665","Pollen Street Group","POLN.L","25156400","11.8523","United Kingdom"
"8666","Slate Grocery REIT","SGR-UN.TO","25153000","11.6819","Canada"
"8667","Burgundy Diamond Mines","BDM.AX","25142000","0.0121602","Australia"
"8668","Nuvectis Pharma","NVCT","25130000","23.87","United States"
"8669","Saudi Industrial Development Company","2130.SR","25092000","4.33092","Saudi Arabia"
"8670","Eagle Nice","2368.HK","25081600","0.369959","Hong Kong"
"8671","Agree Realty","ADC","25077000","74.58","United States"
"8672","Ioneer","IONR","25059000","3.24","Australia"
"8673","Choice Properties REIT","CHP-UN.TO","25001300","11.2418","Canada"
"8674","MISTRAS Group","MG","24989000","19.1","United States"
"8675","Laboratorio Reig Jofre","RJF.MC","24977100","3.12427","Spain"
"8676","Purple Innovation","PRPL","24955000","0.2897","United States"
"8677","National Health Investors","NHI","24948000","73.07","United States"
"8678","enVVeno Medical Corporation","NVNO","24930000","10.35","United States"
"8679","VYNE Therapeutics","VYNE","24928000","0.509","United States"
"8680","iRobot","IRBT","24828000","0.4664","United States"
"8681","Revenio","REG1V.HE","24768800","17.3234","Finland"
"8682","SIEC (Saudi Industrial Export Company)","4140.SR","24750500","0.615278","Saudi Arabia"
"8683","Lipocine","LPCN","24729100","2.06","United States"
"8684","Eurofins-Cerep","ALECR.PA","24719300","19002.1","France"
"8685","TKM Grupp AS","TKM1T.TL","24682400","10.6085","Estonia"
"8686","Guardforce AI","GFAI","24622400","0.3973","Singapore"
"8687","Knaus Tabbert AG","KTA.DE","24582500","13.7561","Germany"
"8688","Gujarat Alkalies and Chemicals","GUJALKALI.NS","24564600","7.60265","India"
"8689","Willis Lease Finance Corporation","WLFC","24554000","55.15","United States"
"8690","Bittium","BITTI.HE","24531900","43.017","Finland"
"8691","Serina Therapeutics","SER","24526000","2.63","United States"
"8692","Enento Group","ENENTO.HE","24513000","18.3493","Finland"
"8693","Mori Hills REIT Investment","3234.T","24512600","811.635","Japan"
"8694","Westport Fuel Systems","WPRT","24503000","1.83","Canada"
"8695","Himalaya Shipping","HSHP","24500000","16.54","Bermuda"
"8696","Fortinova Fastigheter AB","FNOVA-B.ST","24490700","2.50485","Sweden"
"8697","Pantheon Resources","PANR.L","24479300","0.187317","United Kingdom"
"8698","Halfords Group","HFD.L","24467000","3.22191","United Kingdom"
"8699","V-Guard Industries","VGUARD.NS","24449000","3.47874","India"
"8700","Relaxo Footwear","RELAXO.NS","24434000","3.85383","India"
"8701","Glass House Brands","GLASF","24427000","11.81","United States"
"8702","Arise AB","ARISE.ST","24424900","4.67444","Sweden"
"8703","United Homes Group","UHG","24419000","1.22","United States"
"8704","Sveafastigheter AB","SVEAF.ST","24418600","3.25209","Sweden"
"8705","Amtech Systems","ASYS","24417000","14","United States"
"8706","Mama's Creations","MAMA","24412000","16.5","United States"
"8707","Nathan's Famous","NATH","24404000","97.86","United States"
"8708","Cettire Limited","CTT.AX","24392700","0.171674","Australia"
"8709","Park Dental Partners","PARK","24372000","20.7422","United States"
"8710","Streamwide","ALSTW.PA","24329800","95.1271","France"
"8711","XANO Industri","XANO-B.ST","24315600","5.42015","Sweden"
"8712","Plejd AB","PLEJD.ST","24301500","101.878","Sweden"
"8713","Australian Ethical Investment Limited","AEF.AX","24287400","3.66953","Australia"
"8714","Red Robin","RRGB","24275000","10.13","United States"
"8715","Eurobio Scientific","ALERS.PA","24273400","23.2572","France"
"8716","Advanced Medical Solutions Group","AMS.L","24261200","3.8417","United Kingdom"
"8717","Saudi Paper Manufacturing Company","2300.SR","24176000","16.8203","Saudi Arabia"
"8718","Al Hassan Ghazi Ibrahim Shaker","1214.SR","24152600","3.19625","Saudi Arabia"
"8719","L'azurde Company for Jewelry","4011.SR","24151000","2.85798","Saudi Arabia"
"8720","WhiteHorse Finance","WHF","24148000","7.03","United States"
"8721","TrueBlue","TBI","24132000","10.67","United States"
"8722","MM Forgings","MMFL.NS","24120900","6.58343","India"
"8723","Auto Trader Group","AUTO.L","24102800","7.51447","United Kingdom"
"8724","Kuros Biosciences","KURN.SW","24020500","26.5963","Switzerland"
"8725","Portillo's","PTLO","23993000","4.98","United States"
"8726","4basebio","4BB.L","23975700","6.67529","United Kingdom"
"8727","Intercede Group plc","IGP.L","23949400","1.5394","United Kingdom"
"8728","Finbar Group Limited","FRI.AX","23943600","0.561516","Australia"
"8729","Lokum Deweloper","LKD.WA","23940700","6.11675","Poland"
"8730","Rai Way","RWAY.MI","23938200","5.47913","Italy"
"8731","Gaming Realms","GMR.L","23923800","0.403242","United Kingdom"
"8732","Leifheit","LEI.DE","23914600","15.155","Germany"
"8733","Alta Equipment Group","ALTG","23900000","6.36","United States"
"8734","Rockwell Medical","RMTI","23890000","7.9","United States"
"8735","Natuzzi","NTZ","23870500","1.1484","Italy"
"8736","Stellus Capital Investment Corporation","SCM","23843600","8.79","United States"
"8737","Kendrion","KENDR.AS","23842900","22.5227","Netherlands"
"8738","Southern Province Cement Company","3050.SR","23839100","5.2232","Saudi Arabia"
"8739","Sitowise Group Oyj","SITOWS.HE","23817400","2.91443","Finland"
"8740","Bonduelle","BON.PA","23816500","10.2005","France"
"8741","Creades AB","CRED-A.ST","23812500","9.55104","Sweden"
"8742","Grindr","GRND","23810000","15.58","United States"
"8743","Muehlhan AG","M4N.HM","23777000","1.60877","Germany"
"8744","Nanoform Finland","NANOFS.ST","23770000","1.14718","Finland"
"8745","Netmarble Joybomb","6468.TWO","23759000","0.94","Taiwan"
"8746","Franklin Street Properties","FSP","23753000","0.463","United States"
"8747","JBM Auto","JBMA.NS","23689500","6.75687","India"
"8748","Ash-Sharqiyah Development","6060.SR","23652300","3.84349","Saudi Arabia"
"8749","Porvair plc","PRV.L","23650500","11.7431","United Kingdom"
"8750","Shen Zhen Shengxunda Technology (gamexun)","300518.SZ","23637900","3.50922","China"
"8751","geechs","7060.T","23629000","3.76001","Japan"
"8752","SergeFerrari Group","SEFER.PA","23628600","9.09303","France"
"8753","Black Hills","BKH","23600000","72.03","United States"
"8754","Wheeler Real Estate Investment Trust","WHLR","23592000","0.3651","United States"
"8755","EPIC Suisse","EPIC.SW","23570800","104.992","Switzerland"
"8756","First Watch Restaurant","FWRG","23565000","13.17","United States"
"8757","Lantronix","LTRX","23515000","5.74","United States"
"8758","Core Molding Technologies","CMT","23507000","25.09","United States"
"8759","Freightos","CRGO","23494000","1.33","Israel"
"8760","Reit Azorim - H.F Living","AZRT.TA","23482400","1.94726","Israel"
"8761","Momentus Inc.","MNTS","23482000","4.16","United States"
"8762","Quick Heal","QUICKHEAL.NS","23478800","1.47111","India"
"8763","Swarmer","SWMR","23472200","39.78","United States"
"8764","SiteMinder","SDR.AX","23462000","2.43205","Australia"
"8765","Vátryggingafélag Íslands","SKAGI.IC","23452500","0.120289","Iceland"
"8766","Westwood Holdings Group","WHG","23413000","19.18","United States"
"8767","EMX Royalty","EMX","23405000","4.16","Canada"
"8768","Advantage Energy","AAV.TO","23400200","8.02367","Canada"
"8769","Kuwait Financial Centre "Markaz”","MARKAZ.KW","23374100","436.909","Kuwait"
"8770","Fiducial Real Estate","ORIA.PA","23361600","194.684","France"
"8771","Smartbroker Holding","SB1.DE","23346600","9.6526","Germany"
"8772","Better Collective A/S","BETCO-DKK.CO","23346300","12.3952","Denmark"
"8773","Independence Realty Trust","IRT","23341000","16.88","United States"
"8774","Savaria Corporation","SIS.TO","23329700","20.5715","Canada"
"8775","Sonder Holdings","SOND","23329000","0.1263","United States"
"8776","U10 Corp","ALU10.PA","23312500","1.4339","France"
"8777","Fintel Plc","FNTL.L","23298300","2.48416","United Kingdom"
"8778","Bulten AB","BULTEN.ST","23285300","6.20949","Sweden"
"8779","Pet Valu","PET.TO","23266400","13.7239","Canada"
"8780","Neonode","NEON","23233000","0.8971","Sweden"
"8781","Warehouses De Pauw","WDP.BR","23222500","25.0641","Belgium"
"8782","Raoom trading Company","4144.SR","23213400","19.7768","Saudi Arabia"
"8783","Annehem Fastigheter","ANNE-B.ST","23192500","1.8418","Sweden"
"8784","Superior Group of Companies","SGC","23172000","12.73","United States"
"8785","Lands' End","LE","23122000","12.26","United States"
"8786","Asseco Business Solutions","ABS.WA","23111500","24.3588","Poland"
"8787","Yatra","YTRA","23099100","0.9652","India"
"8788","Patrimoine et Commerce SA","PAT.PA","23081100","29.8438","France"
"8789","Azkoyen S.A.","AZK.MC","23075200","11.7743","Spain"
"8790","Castings P.L.C.","CGS.L","23030100","4.22315","United Kingdom"
"8791","Skipper Limited","SKIPPER.NS","22985600","5.79824","India"
"8792","Rapid Micro Biosystems","RPID","22949000","1.66","United States"
"8793","Insteel Industries","IIIN","22947000","30.24","United States"
"8794","Regis Corporation","RGS","22930000","26.8","United States"
"8795","ATOM Corporation","7412.T","22909700","2.40415","Japan"
"8796","GTL Infrastructure","GTLINFRA.NS","22901200","0.0127468","India"
"8797","WideOpenWest","WOW","22900000","5.2","United States"
"8798","Norbit ASA","NORBT.OL","22880300","17.8391","Norway"
"8799","Siyaram Silk Mills","SIYSIL.NS","22854400","5.95549","India"
"8800","Torrid Holding","CURV","22841000","2.16","United States"
"8801","Core Laboratories","CLB","22819000","12.05","Netherlands"
"8802","Gulf General Cooperative Insurance Company","8260.SR","22798300","1.1613","Saudi Arabia"
"8803","Mishra Dhatu Nigam","MIDHANI.NS","22784900","4.33549","India"
"8804","Toho Titanium","5727.T","22743700","17.1892","Japan"
"8805","LCNB Corp.","LCNB","22701000","19.47","United States"
"8806","Avacta Group","AVCT.L","22699000","0.944806","United Kingdom"
"8807","Information Services Group","III","22689000","4.97","United States"
"8808","Wielton","WLT.WA","22687200","1.43717","Poland"
"8809","BJ's Restaurants","BJRI","22671000","67.28","United States"
"8810","Hexagon Composites","HEX.OL","22669300","1.48426","Norway"
"8811","Armah Sports","9590.SR","22650600","14.6495","Saudi Arabia"
"8812","Microlise","SAAS.L","22548100","0.673115","United Kingdom"
"8813","Zoomd Technologies","ZOMD.V","22515000","0.346345","Canada"
"8814","Yokorei Co.,Ltd.","2874.T","22468300","13.2636","Japan"
"8815","Lifedrink Company","2585.T","22455700","10.3573","Japan"
"8816","Lafinca Global Assets","YLFG.MC","22446700","4.91956","Spain"
"8817","I.g. Petrochemicals","IGPL.NS","22443200","5.13426","India"
"8818","Olectra Greentech","OLECTRA.NS","22404200","13.5085","India"
"8819","Dolphin Drilling","DDRIL.OL","22400000","0.252389","Norway"
"8820","Golden Matrix Group","GMGI","22396700","0.6372","United States"
"8821","FutureFuel","FF","22367000","5.5","United States"
"8822","Katapult Holdings","KPLT","22348000","5.7","United States"
"8823","XPS Pensions Group","XPS.L","22312300","4.35938","United Kingdom"
"8824","Powersoft","PWS.MI","22307600","17.0786","Italy"
"8825","LMP Automotive Holdings","LMPX","22283200","0.09","United States"
"8826","SkyWater Technology","SKYT","22232000","32.46","United States"
"8827","K-Bro Linen","KBL.TO","22197500","33.076","Canada"
"8828","Danimer Scientific","DNMR","22187000","0.35","United States"
"8829","Horizon Technology Finance","HRZN","22163000","4.86","United States"
"8830","American States Water","AWR","22155000","91.1","United States"
"8831","Digital Domain","0547.HK","22111600","0.0285762","Hong Kong"
"8832","Trio Petroleum","TPET","22098200","0.2035","United States"
"8833","PolyNovo","PNV.AX","22092500","0.758226","Australia"
"8834","PREIT (Pennsylvania Real Estate Investment Trust)","PRET","22060000","0.4974","United States"
"8835","Comscore","SCOR","22044000","4.85","United States"
"8836","Gamesparcs","6542.TWO","22041600","1.38967","Taiwan"
"8837","Ag Growth International","AFN.TO","22036400","9.39462","Canada"
"8838","Passat SA","PSAT.PA","22024600","5.08455","France"
"8839","Exasol AG","EXL.DE","21976900","2.23828","Germany"
"8840","Arzan Financial Group for Financing and Investment","ARZAN.KW","21944800","1056.41","Kuwait"
"8841","Algoma Central Corporation","ALC.TO","21932800","17.5626","Canada"
"8842","Eleco","ELCO.L","21931300","1.72958","United Kingdom"
"8843","Sunrise New Energy","EPOW","21838500","0.4271","China"
"8844","ReconAfrica","0XD.F","21813900","0.480298","Canada"
"8845","Pinnacle Investment Management Group","PNI.AX","21795800","12.99","Australia"
"8846","Odysight.ai","ODYS","21763000","3.68","Israel"
"8847","DocCheck","AJ91.DE","21749800","12.5903","Germany"
"8848","Helen of Troy","HELE","21682000","28.58","United States"
"8849","Legacy Education","LGCY","21681100","10.46","United States"
"8850","Medistim","MEDI.OL","21679900","28.1387","Norway"
"8851","ARKO Petroleum","APC","21669000","18.77","United States"
"8852","LTC Properties","LTC","21667000","40.42","United States"
"8853","PDS Biotechnology","PDSB","21660500","0.2168","United States"
"8854","DDC Enterprise","DDC","21658000","0.5897","Hong Kong"
"8855","Chinese Gamer International","3083.TWO","21629600","0.724638","Taiwan"
"8856","Median Technologies SA","ALMDT.PA","21625600","5.3509","France"
"8857","Main Street Capital","MAIN","21622000","58.92","United States"
"8858","Topps Tiles","TPT.L","21593200","0.487705","United Kingdom"
"8859","Okinawa Cellular Telephone Company","9436.T","21553900","25.4852","Japan"
"8860","Warpaint London PLC","W7L.L","21527300","2.87794","United Kingdom"
"8861","Duro Felguera","MDF.MC","21524600","0.287946","Spain"
"8862","Rapala VMC Corporation","RAP1V.HE","21497500","1.92353","Finland"
"8863","ESS Tech","GWH","21455000","0.3891","United States"
"8864","PetMed Express","PETS","21412000","1.75","United States"
"8865","Nilfisk Holding","NLFSK.CO","21380100","21.9239","Denmark"
"8866","Air T, Inc.","AIRT","21358000","32.33","United States"
"8867","INmune Bio","INMB","21358000","2.36","United States"
"8868","Metal and Recycling Company K.S.C.","MRC.KW","21353900","668.406","Kuwait"
"8869","Claritev","CTEV","21327000","36.58","United States"
"8870","GDI Integrated Facility Services","GDI.TO","21315100","26.8246","Canada"
"8871","CGRE AG","CGX.F","21281000","13.2898","Germany"
"8872","Prakash Industries","PRAKASH.NS","21232400","1.3379","India"
"8873","Natural Health Trends","NHTC","21231000","1.75","United States"
"8874","AB Zemaitijos pienas","ZMP1L.VS","21175700","3.00769","Lithuania"
"8875","Viracta Therapeutics","VIRX","21132000","0.00978","United States"
"8876","technotrans","TTR1.DE","21129900","32.5251","Germany"
"8877","SP Group A/S","SPG.CO","21128000","75.1506","Denmark"
"8878","Masi Agricola","MASI.MI","21123100","5.08277","Italy"
"8879","Talphera","TLPH","21108000","1.19","United States"
"8880","IQE plc","IQE.L","21080200","0.621892","United Kingdom"
"8881","Bike24 Holding","BIKE.DE","21067400","2.89112","Germany"
"8882","Greenpanel Industries","GREENPANEL.NS","21062600","1.63076","India"
"8883","Icape Holding","ALICA.PA","21023000","9.9557","France"
"8884","Alembic Pharmaceuticals","APLLTD.NS","21005700","8.40038","India"
"8885","FORTEC Elektronik AG","FEV.DE","21002600","13.2315","Germany"
"8886","RXO","RXO","21000000","21.28","United States"
"8887","Richelieu Hardware","RCH.TO","20979500","25.5285","Canada"
"8888","EaseMyTrip","EASEMYTRIP.NS","20923000","0.0639432","India"
"8889","Peugeot Invest Société anonyme","PEUG.PA","20894200","65.7496","France"
"8890","Gurunavi, Inc.","2440.T","20815100","0.816029","Japan"
"8891","Lifecore Biomedical","LFCR","20795000","4.55","United States"
"8892","ORBIS AG","OBS.DE","20790400","5.50245","Germany"
"8893","Hyosung Chemical Corporation","298000.KS","20786400","43.4757","South Korea"
"8894","Franchi Umberto Marmi","FUM.MI","20773900","3.67218","Italy"
"8895","Deutsche Konsum REIT-AG","DKG.DE","20719000","1.59128","Germany"
"8896","Spark New Zealand","SPK.NZ","20714200","1.29847","New Zealand"
"8897","Schwälbchen Molkerei","SMB.F","20706100","50.1282","Germany"
"8898","Campine","CAMB.BR","20691700","232.572","Belgium"
"8899","Presidio Production Company","FTW","20690000","11.4","United States"
"8900","The Joint Corp.","JYNT","20684000","8.44","United States"
"8901","R. Stahl AG","RSL2.DE","20622900","14.5722","Germany"
"8902","Basic Chemical Industries Company","1210.SR","20621300","6.77072","Saudi Arabia"
"8903","Youlife Group Inc.","YOUL","20614200","0.499","China"
"8904","Verrica Pharmaceuticals","VRCA","20600000","4.87","United States"
"8905","Franchise Brands plc","FRAN.L","20595400","2.09264","United Kingdom"
"8906","Accsys Technologies","AXS.L","20588200","0.968435","United Kingdom"
"8907","Jack Henry &amp; Associates","JKHY","20573000","170.51","United States"
"8908","Mega Uranium","MGA.TO","20564100","0.461794","Canada"
"8909","Angel Oak Mortgage REIT","AOMR","20549000","8.46","United States"
"8910","Paysign","PAYS","20545100","13.65","United States"
"8911","Southland Holdings","SLND","20544000","0.7611","United States"
"8912","Grupa Kety","KTY.WA","20526500","335.88","Poland"
"8913","Metall Zug AG","METN.SW","20509000","1020.07","Switzerland"
"8914","One Liberty Properties","OLP","20444000","24.53","United States"
"8915","Nectar Lifesciences","NECLIFE.NS","20442500","0.11911","India"
"8916","Clasquin SA","ALCLA.PA","20440300","0.832362","France"
"8917","Orion Digital Corp.","ORIO","20428100","0.88","Canada"
"8918","PWO AG","PWO.DE","20426200","26.8128","Germany"
"8919","CuriosityStream","CURI","20393000","2.84","United States"
"8920","Electrovaya","ELVA","20377000","6.4","Canada"
"8921","Top Ships","TOPS","20372000","0.795","Greece"
"8922","Lovisa Holdings","LOV.AX","20369100","17.525","Australia"
"8923","United Cooperative Assurance Company","8190.SR","20367900","0.972193","Saudi Arabia"
"8924","Rare Earths Americas","REA","20355000","14.35","United States"
"8925","Gibraltar Industries","ROCK","20347000","46.27","United States"
"8926","Vinco Ventures","BBIG","20342600","0.01","United States"
"8927","GEE Group","JOB","20331000","0.255","United States"
"8928","Broadstone Net Lease","BNL","20310000","21.2","United States"
"8929","Alto Ingredients","ALTO","20309000","4.19","United States"
"8930","High Tide","HITI","20238400","2.46","Canada"
"8931","Bliss GVS Pharma","BLISSGVS.NS","20229100","5.84056","India"
"8932","MilDef Group","MILDEF.ST","20225200","21.4175","Sweden"
"8933","KMD Brands","KMD.NZ","20188800","0.0414161","New Zealand"
"8934","Toscana Aeroporti","TYA.MI","20179600","21.0422","Italy"
"8935","OptimizeRx","OPRX","20169000","7.65","United States"
"8936","Vuzix","VUZI","20167100","2.78","United States"
"8937","STINAG Stuttgart Invest","STG.F","20158600","16.9982","Germany"
"8938","Jaguar Uranium","JAGU","20155900","1.57","Canada"
"8939","Almoosa Health Company","4018.SR","20146800","31.9359","Saudi Arabia"
"8940","Lifezone Metals","LZM","20144200","4.3","United Kingdom"
"8941","Safehold","SAFE","20140000","15.53","United States"
"8942","Mobile Factory","3912.T","20137900","7.09945","Japan"
"8943","audius SE","3ITN.DE","20085100","11.6577","Germany"
"8944","Creotech Instruments","CRI.WA","20035800","199.471","Poland"
"8945","Computer Modelling Group","CMG.TO","19995800","2.85013","Canada"
"8946","Netcall","NET.L","19988000","1.59745","United Kingdom"
"8947","UFP Technologies","UFPT","19976000","305.39","United States"
"8948","Rail Vision","RVSN","19957000","5.24","Israel"
"8949","Medicare Group","MCGS.QA","19948500","1.46731","Qatar"
"8950","What's Cooking Group","WHATS.BR","19891700","170.203","Belgium"
"8951","Al-Yamamah Steel Industries Company","1304.SR","19887000","10.0629","Saudi Arabia"
"8952","LanzaTech Global","LNZA","19861000","6.3","United States"
"8953","Safestore","SAFE.L","19859900","8.24195","United Kingdom"
"8954","NVE Corporation","NVEC","19839100","106.67","United States"
"8955","Schloss Wachenheim","SWA.DE","19828900","17.6615","Germany"
"8956","Esterad Investment Company","ESTERAD.BH","19760600","0.899204","Bahrain"
"8957","Vivani Medical","VANI","19749000","1.38","United States"
"8958","SKY Network Television Limited","SKT.NZ","19745500","2.03705","New Zealand"
"8959","Orogen Royalties","OGN.V","19744900","3.8098","Canada"
"8960","Bet Shemesh Engines","BSEN.TA","19714000","253.69","Israel"
"8961","Focusrite","TUNE.L","19700900","3.78939","United Kingdom"
"8962","Saudi Cement Company","3030.SR","19694600","7.69231","Saudi Arabia"
"8963","Automated Systems Company KPSC","ASC.KW","19665900","5057.06","Kuwait"
"8964","European Residential REIT","ERE-UN.TO","19625000","0.836997","Canada"
"8965","flyExclusive","FLYX","19622000","1.28","United States"
"8966","First Capital REIT","FCR-UN.TO","19615300","16.4442","Canada"
"8967","Tadiran Group","TDRN.TA","19604100","65.1307","Israel"
"8968","Dave & Buster's","PLAY","19600000","10.42","United States"
"8969","Belpointe PREP, LLC","OZ","19568000","48.02","United States"
"8970","Frontera Energy","FEC.TO","19562000","5.9961","Canada"
"8971","Dominion Hosting","DHH.MI","19499400","30.7764","Italy"
"8972","Smart Sand","SND","19454000","4.66","United States"
"8973","Neuphoria Therapeutics","NEUP","19440700","3.95","United States"
"8974","Tejon Ranch","TRC","19383000","16.29","United States"
"8975","CoastalSouth Bancshares","COSO","19380000","27.54","United States"
"8976","PrimeEnergy Resources","PNRG","19373000","206.97","United States"
"8977","Macfarlane Group","MACF.L","19369900","0.986227","United Kingdom"
"8978","Hudson Technologies","HDSN","19366000","5.52","United States"
"8979","Concurrent Technologies","CNC.L","19357200","3.06519","United Kingdom"
"8980","Richmond Mutual Bancorporation","RMBI","19351600","16.15","United States"
"8981","Banqup Group SA","BANQ.BR","19342700","2.2616","Belgium"
"8982","Nacon","NACON.PA","19334800","0.0779902","France"
"8983","Adval Tech","ADVN.SW","19329300","51.7497","Switzerland"
"8984","Inseego","INSG","19297000","4.39","United States"
"8985","CPI Card Group","PMTS","19296000","28.49","United States"
"8986","Service Properties Trust","SVC","19294000","8.01","United States"
"8987","11 bit studios","11B.WA","19282300","35.7262","Poland"
"8988","Bark, Inc.","BARK","19282000","0.5066","United States"
"8989","Mips AB","MIPS.ST","19267000","38.7514","Sweden"
"8990","hVIVO","HVO.L","19254100","0.0901846","United Kingdom"
"8991","Asure Software","ASUR","19221000","8.7","United States"
"8992","Gentili Mosconi","GM.MI","19217700","3.6139","Italy"
"8993","GCL Global Holdings Ltd","GCL","19154000","0.7911","Singapore"
"8994","Lyntris Inc.","LYNX","19148000","15.03","United States"
"8995","Vitura SA","VTR.PA","19144600","5.01282","France"
"8996","PhenixFIN","PFX","19123800","54.41","United States"
"8997","3U Holding","UUU.DE","19107900","1.10748","Germany"
"8998","Wakou Shokuhin","2813.T","19100100","24.732","Japan"
"8999","CBo Territoria","CBOT.PA","19080000","4.53486","France"
"9000","Speedy Hire","SDY.L","19070300","0.255056","United Kingdom"
"9001","Osaka Steel","5449.T","19050400","16.6658","Japan"
"9002","Brera Holdings","SLMT","19029400","4.16","Ireland"
"9003","Subros","SUBROS.NS","19010700","7.62512","India"
"9004","Mobilicom","MOB","19003800","5.89","Australia"
"9005","Sanoma","SANOMA.HE","18981700","11.1098","Finland"
"9006","OPTiM","3694.T","18953800","2.73056","Japan"
"9007","Ashtead Technology","AT.L","18952400","4.77488","United Kingdom"
"9008","Alligator Energy","AGE.AX","18949100","0.0329041","Australia"
"9009","Old Market Capital Corporation","OMCC","18940000","4.5","United States"
"9010","Equipment Holding Company K.S.C.P.","EQUIPMENT.KW","18910300","701.011","Kuwait"
"9011","BG Staffing","BGSF","18895000","5.39","United States"
"9012","Koskisen Oyj","KOSKI.HE","18883300","10.0023","Finland"
"9013","DIRTT Environmental Solutions","DRTT","18864000","0.3343","Canada"
"9014","Koss","KOSS","18857500","3.5","United States"
"9015","Kuwait and Gulf Link Transport Company","KGL.KW","18856300","234.91","Kuwait"
"9016","TransAct Technologies","TACT","18841000","4.76","United States"
"9017","Serica Energy","SQZ.L","18840000","3.44118","United Kingdom"
"9018","Equity LifeStyle Properties","ELS","18836000","65.74","United States"
"9019","Zotefoams","ZTF.L","18829800","5.99755","United Kingdom"
"9020","HiPay Group","ALHYP.PA","18826200","6.0387","France"
"9021","Tide Water Oil","TIDEWATER.NS","18819600","25.0972","India"
"9022","Kuwait Business Town Real Estate Company","KBT.KW","18795400","254.32","Kuwait"
"9023","eQ Oyj","EQV1V.HE","18776800","10.5852","Finland"
"9024","Vertex Energy","VTNR","18763000","0.0521","United States"
"9025","Ackerstein Group","ACKR.TA","18729500","2.73789","Israel"
"9026","Mashaer Holding Company K.S.C.P.","MASHAER.KW","18704000","456.472","Kuwait"
"9027","Sunshine Silver Mining & Refining Company","SSMR","18601300","18.94","United States"
"9028","Naqi Water Company","2282.SR","18599900","15.0357","Saudi Arabia"
"9029","Ramkrishna Forgings","RKFORGE.NS","18593900","7.54832","India"
"9030","Kaiser (China) Culture","002425.SZ","18574500","0.465614","China"
"9031","Rotshtein Realestate","ROTS.TA","18538100","19.9825","Israel"
"9032","Dare Bioscience","DARE","18519800","0.8015","United States"
"9033","Network18","NETWORK18.NS","18491900","0.318462","India"
"9034","Phillips Edison &amp; Company","PECO","18468000","39.63","United States"
"9035","NexPoint Residential Trust","NXRT","18465000","24.7","United States"
"9036","XXL ASA","XXL.OL","18458700","0.988001","Norway"
"9037","EKF Diagnostics","EKF.L","18432600","0.336725","United Kingdom"
"9038","Strickland Metals Limited","STK.AX","18422800","0.0593705","Australia"
"9039","Musti Group","MUSTI.HE","18403000","17.4283","Finland"
"9040","Evergy","EVRG","18400000","81.39","United States"
"9041","Alandalus Property Company","4320.SR","18381900","4.02461","Saudi Arabia"
"9042","Global Partners LP","GLP","18373000","50.41","United States"
"9043","Sparta AG","SPT6.F","18367800","30.3101","Germany"
"9044","DUG Technology","DUG.AX","18353000","1.38412","Australia"
"9045","Sensus Healthcare","SRTS","18327000","3.49","United States"
"9046","CDL Investments New Zealand Limited","CDI.NZ","18268700","0.381202","New Zealand"
"9047","Sheela Foam","SFL.NS","18212700","6.76053","India"
"9048","Growens S.p.A.","GROW.MI","18177900","2.19748","Italy"
"9049","Don't Nod Entertainment","ALDNE.PA","18164800","0.501282","France"
"9050","Quince Therapeutics","QNCX","18163000","0.9206","United States"
"9051","Sinda Ltd.","SIND","18124900","17.35","Mexico"
"9052","BrasilAgro","LND","18108300","3.79","Brazil"
"9053","Moulinvest","ALMOU.PA","18104200","26.8128","France"
"9054","Genovis AB","GENO.ST","18096700","2.10491","Sweden"
"9055","Allcargo Logistics","ALLCARGO.NS","18077900","0.131334","India"
"9056","REN (Redes Energéticas Nacionais)","RENE.LS","18068500","4.15015","Portugal"
"9057","Genprex","GNPX","18049300","4.02","United States"
"9058","Ispire Technology","ISPR","18033700","1.37","United States"
"9059","Princeton Bancorp","BPRN","18024000","42.4","United States"
"9060","Kitex Garments","KITEX.NS","18012100","1.32431","India"
"9061","APB Apranga","APG1L.VS","18001400","4.62812","Lithuania"
"9062","Avista","AVA","18000000","37.93","United States"
"9063","India Nippon Electricals","INDNIPPON.NS","17946300","11.2151","India"
"9064","CapsoVision","CV","17933000","5.83","United States"
"9065","Universal Logistics Holdings","ULH","17922000","18.7","United States"
"9066","Dish TV","DISHTV.NS","17903500","0.0286281","India"
"9067","OCI","OCI.AS","17900000","4.71205","Netherlands"
"9068","Tristel","TSTL.L","17896600","5.7932","United Kingdom"
"9069","Ora Banda Mining","OBM.AX","17889000","1.13376","Australia"
"9070","Arafura Rare Earths","ARU.AX","17878100","0.150215","Australia"
"9071","Asian Granito India","ASIANTILES.NS","17867200","0.482604","India"
"9072","2G Energy AG","2GB.DE","17866700","64.5255","Germany"
"9073","MAX Automation","MXHN.DE","17861800","4.08021","Germany"
"9074","Ingersoll Rand India","INGERRAND.NS","17855400","48.0619","India"
"9075","VirTra","VTSI","17850200","2.99","United States"
"9076","Hayat Communications Company","DIGITUS.KW","17839600","5986.31","Kuwait"
"9077","ActiveOps Plc","AOM.L","17835300","2.63265","United Kingdom"
"9078","Zug Estates Holding","ZUGN.SW","17826200","2687","Switzerland"
"9079","MGP Ingredients","MGPI","17794000","17.95","United States"
"9080","Bastei Lübbe","BST.DE","17786100","7.81068","Germany"
"9081","CTEK AB","CTEK.ST","17786100","1.43345","Sweden"
"9082","The Cannabist Company","CBSTF","17761000","0.0291","United States"
"9083","Farmland Partners","FPI","17741000","10.36","United States"
"9084","Pineapple Financial","PAPL","17736400","1.15","Canada"
"9085","WashTec AG","WSU.DE","17722400","45.5817","Germany"
"9086","Aptera Motors","SEV","17721000","2.4","United States"
"9087","Dan Hotels","DANH.TA","17651800","8.70965","Israel"
"9088","Arabian Pipes Company","2200.SR","17639800","1.43299","Saudi Arabia"
"9089","Méliuz","CASH3.SA","17594600","1.06201","Brazil"
"9090","Digital Bros","DIB.MI","17594000","14.5022","Italy"
"9091","Pharol, SGPS S.A.","PHR.LS","17588800","0.104686","Portugal"
"9092","AdvanSix","ASIX","17574000","16.8","United States"
"9093","Somany Ceramics","SOMANYCERA.NS","17567700","5.6154","India"
"9094","Buligo Capital","BLGO.TA","17538000","2.4999","Israel"
"9095","SHL Telemedicine","SHLT","17522000","2.05","Israel"
"9096","Linc AB","LINC.ST","17510700","7.95657","Sweden"
"9097","Solar A/S","SOLAR-B.CO","17503400","32.3522","Denmark"
"9098","High Liner Foods","HLF.TO","17503000","10.9243","Canada"
"9099","Linedata Services","LIN.PA","17489400","50.2448","France"
"9100","HT5 AG","HT5.SW","17473800","3.90969","Switzerland"
"9101","Symphony Limited","SYMPHONY.NS","17443600","6.2167","India"
"9102","Betterware de Mexico","BWMX","17431900","16.14","Mexico"
"9103","Warteck Invest","WARN.SW","17420700","2388.45","Switzerland"
"9104","Lakeland Industries","LAKE","17419000","11.38","United States"
"9105","BWP Trust","BWP.AX","17404900","2.65379","Australia"
"9106","TOYA S.A.","TOA.WA","17404300","2.57661","Poland"
"9107","Altea Green Power S.p.A.","AGP.MI","17397200","8.33528","Italy"
"9108","Manazel Holding Company","MANAZEL.KW","17374500","156.505","Kuwait"
"9109","AS Tallinna Vesi","TVE1T.TL","17356700","12.7069","Estonia"
"9110","BioLineRx","BLRX","17353000","3","Israel"
"9111","Rusta AB","RUSTA.ST","17333400","8.59331","Sweden"
"9112","Greenlane Holdings, Inc.","GNLN","17319000","2.82","United States"
"9113","Shuaiba Industrial Company","PAPER.KW","17273600","703.583","Kuwait"
"9114","Record Financial Group","REC.L","17252000","0.594333","United Kingdom"
"9115","Maxeon Solar Technologies","MAXN","17225000","0.7593","Singapore"
"9116","Cavotec","CCC.ST","17210800","1.27873","Switzerland"
"9117","Metatek-Group","MTEK.TO","17198000","2.06364","United Kingdom"
"9118","BioXcel Therapeutics","BTAI","17180000","0.7606","United States"
"9119","Qatar Electronic Systems","TQES.QA","17175700","0.575824","Qatar"
"9120","Ooma","OOMA","17162000","21.24","United States"
"9121","Squirrel Media","SQRL.MC","17161600","2.37818","Spain"
"9122","National Fertilizers","NFL.NS","17161200","0.760213","India"
"9123","Troax Group AB","TROAX.ST","17120000","15.0291","Sweden"
"9124","Skye Bioscience","SKYE","17108600","2.17","United States"
"9125","Spok Holdings","SPOK","17078000","10.62","United States"
"9126","Sterling Tools","STERTOOLS.NS","17048500","2.31428","India"
"9127","The Platform Group","TPG.F","17040700","5.89726","Germany"
"9128","Boyaa Interactive","0434.HK","17033300","0.387819","China"
"9129","Phio Pharmaceuticals","PHIO","17031000","1.17","United States"
"9130","Züblin Immobilien","ZUBN.SW","17004100","62.9455","Switzerland"
"9131","Naturhouse Health","NTH.MC","16996000","2.97272","Spain"
"9132","Nynomic AG","M7U.DE","16990100","27.2791","Germany"
"9133","Grace Therapeutics","GRCE","16977000","2.18","United States"
"9134","Text (LiveChat)","TXT.WA","16956000","13.262","Poland"
"9135","Al-Mazaya Holding Company","MAZAYA.KW","16933400","247.147","Kuwait"
"9136","Unity Biotechnology","UBX","16933000","0.2001","United States"
"9137","Leslie's","LESL","16919000","0.5806","United States"
"9138","Unitil Corporation","UTL","16900000","53.59","United States"
"9139","Chemed","CHE","16856000","541.34","United States"
"9140","Bait Vegag Real Estate Development","BVGG.TA","16813000","1.81659","Israel"
"9141","Prime Office A/S","PRIMOF.CO","16786200","36.7957","Denmark"
"9142","Zain Bahrain","ZAINBH.BH","16777200","0.644562","Bahrain"
"9143","Aeris Resources","AIS.AX","16746400","0.332618","Australia"
"9144","ECN Capital","ECN.TO","16730000","2.18172","Canada"
"9145","Creo Medical Group","CREO.L","16699300","0.1771","United Kingdom"
"9146","AirSculpt Technologies","AIRS","16690000","2.64","United States"
"9147","Lincoln Educational Services","LINC","16690000","24.83","United States"
"9148","Motorcar Parts of America","MPAA","16678000","11.56","United States"
"9149","Sono-Tek Corporation","SOTK","16651900","5.33","United States"
"9150","Sjóvá-Almennar tryggingar","SJOVA.IC","16606500","0.363847","Iceland"
"9151","CVS Group","CVSG.L","16564700","17.72","United Kingdom"
"9152","STV Group plc","STVG.L","16564700","1.52578","United Kingdom"
"9153","Cranswick","CWK.L","16554100","73.5645","United Kingdom"
"9154","Civeo","CVEO","16549000","33.68","United States"
"9155","Cadiz Inc.","CDZI","16535000","3.77","United States"
"9156","Fastighets AB Trianon","TRIAN-B.ST","16516000","1.90495","Sweden"
"9157","Sasken Technologies","SASKEN.NS","16488800","19.6427","India"
"9158","Fevara","FVA.L","16483500","1.8797","United Kingdom"
"9159","Solo Brands","SBDS","16456000","3.75","United States"
"9160","Poulaillon","ALPOU.PA","16439600","10.492","France"
"9161","Ideal Power","IPWR","16410700","4.65","United States"
"9162","Aker BioMarine","AKBM.OL","16400000","13.339","Norway"
"9163","Meier Tobler Group","MTG.SW","16393800","42.171","Switzerland"
"9164","Cue Biopharma","CUE","16379000","0.5542","United States"
"9165","Teract S.A.","TRACT.PA","16328700","3.23688","France"
"9166","SYLA Technologies","SYT","16302000","2.26","Japan"
"9167","Auction Technology Group","ATG.L","16300000","6.05681","United Kingdom"
"9168","Eagle Eye Solutions Group","EYE.L","16280500","6.59015","United Kingdom"
"9169","VIB Vermögen","VIH1.F","16270000","7.391","Germany"
"9170","Offcn Education","002607.SZ","16217600","0.304955","China"
"9171","Abundia Global Impact Group","AGIG","16199200","0.98","United States"
"9172","Gold Royalty Corp","GROY","16199000","3.46","Canada"
"9173","Materion","MTRN","16189000","229.84","United States"
"9174","Widam Food Company","WDAM.QA","16181000","0.390659","Qatar"
"9175","Destination XL","DXLG","16176000","0.6361","United States"
"9176","Exco Technologies Limited","XTC.TO","16172200","6.03218","Canada"
"9177","QumulusAI, Inc.","QMLS","16132400","5.89","United States"
"9178","NervGen Pharma","NGEN.V","16121600","3.74562","Canada"
"9179","Twin Disc","TWIN","16114000","22.62","United States"
"9180","3i Infotech","3IINFOLTD.NS","16108600","0.250235","India"
"9181","Excel Industries","EXCELINDUS.NS","16088600","11.0626","India"
"9182","OneSpaWorld","OSW","16076000","26.51","Bahamas"
"9183","Ascent Solar Technologies","ASTI","16072400","3.03","United States"
"9184","Deterra Royalties","DRR.AX","16046600","3.05436","Australia"
"9185","Paisalo Digital","PAISALO.NS","16046400","0.725525","India"
"9186","Varia US Properties","VARN.SW","16029700","16.4828","Switzerland"
"9187","VITA 34","V3V.DE","16018700","3.40406","Germany"
"9188","Mader Group Limited","MAD.AX","15960400","4.74249","Australia"
"9189","Müller - Die lila Logistik","MLL.DE","15957000","5.10609","Germany"
"9190","Applied Aerospace &amp; Defense","AADX","15923000","14.49","United States"
"9191","Vox Royalty","VOXR","15895100","5.84","Canada"
"9192","Surge Energy","SGY.TO","15893100","7.98759","Canada"
"9193","Lyra Therapeutics","LYRA","15893000","0.01","United States"
"9194","Peet Limited","PPC.AX","15856100","1.29471","Australia"
"9195","Direct Finance of Direct Group","DIFI.TA","15834500","203.492","Israel"
"9196","Cembre S.p.A.","CMB.MI","15832400","97.2255","Italy"
"9197","Core Lithium Ltd","CXO.AX","15824900","0.271817","Australia"
"9198","Empire Energy Group","EEG.AX","15822200","0.119432","Australia"
"9199","Ataa Educational Company","4292.SR","15820200","11.9593","Saudi Arabia"
"9200","Wynnstay Group","WYN.L","15814500","5.0923","United Kingdom"
"9201","Kits Eyecare","KITS.TO","15811800","10.8594","Canada"
"9202","Riley Exploration Permian","REPX","15809000","37.62","United States"
"9203","Healwell AI","AIDX.TO","15785200","0.54838","Canada"
"9204","Castellum","CTM","15773000","0.608","United States"
"9205","MindMaze Therapeutics","V6M.F","15768500","0.205176","Switzerland"
"9206","Limbach Holdings","LMB","15766000","41.71","United States"
"9207","Longeveron","LGVN","15758000","0.8378","United States"
"9208","DATA MODUL","DAM.DE","15753700","32.4085","Germany"
"9209","Abacus Group","ABG.AX","15751900","0.647353","Australia"
"9210","Gati","GATI.NS","15749400","1.65","India"
"9211","Myomo","MYO","15696400","1.39","United States"
"9212","Yanbu Cement Company","3060.SR","15662500","3.99798","Saudi Arabia"
"9213","Skel fjárfestingafélag","SKEL.IC","15645500","0.13975","Iceland"
"9214","Leifras","LFS","15623600","2.27","Japan"
"9215","Tredegar","TG","15611000","7.97","United States"
"9216","NFON AG","NFN.DE","15580000","3.98694","Germany"
"9217","Quantum Corporation","QMCO","15572000","21.56","United States"
"9218","Craftsman Automation","CRAFTSMAN.NS","15571600","108.332","India"
"9219","SHW AG","SW10.HM","15556900","7.98554","Germany"
"9220","Atrys Health","ATRY.MC","15552200","2.99604","Spain"
"9221","Grigeo AB","GRG1L.VS","15551100","1.19492","Lithuania"
"9222","WillScot","WSC","15543000","22.53","United States"
"9223","ALT5 Sigma","ALTS","15522000","0.855","United States"
"9224","Magic Empire Global (Giraffe Capital)","MEGL","15516700","1.12","Hong Kong"
"9225","Galmed Pharmaceuticals","GLMD","15451000","4.05","Israel"
"9226","Mirrabooka Investments Limited","MIR.AX","15443800","1.84549","Australia"
"9227","CM.com","CMCOM.AS","15433600","8.2187","Netherlands"
"9228","IBEX","IBEX","15409000","36.84","United States"
"9229","Jadwa Investment - Jadwa Reit Saudi Fund","4342.SR","15391500","2.56233","Saudi Arabia"
"9230","Tribal Group","TRB.L","15376800","0.841905","United Kingdom"
"9231","Rhinebeck Bancorp","RBKB","15374000","12.9","United States"
"9232","Avalon Technologies","AVALON.NS","15371700","22.0667","India"
"9233","Information Services Corporation","ISC.TO","15370900","36.7775","Canada"
"9234","Orthex Oyj","ORTHEX.HE","15359000","5.59571","Finland"
"9235","freelancer.com","FLN.AX","15355200","0.107296","Australia"
"9236","Eagle Pharmaceuticals","EGRX","15354000","0.25","United States"
"9237","Kuwait and Middle East Financial Investment Company","KMEFIC.KW","15337100","498.859","Kuwait"
"9238","Bredband2 i Skandinavien AB","BRE2.ST","15332500","0.353073","Sweden"
"9239","Duxton Farms","DBF.AX","15313100","0.293276","Australia"
"9240","PM Capital Global Opportunities Fund","PGF.AX","15286700","2.32475","Australia"
"9241","Vantiva","VANTI.PA","15271500","0.110282","France"
"9242","LightInTheBox Holding","LITB","15237000","2.92","Singapore"
"9243","Kirloskar Ferrous Industries","KIRLFER.NS","15233600","4.61289","India"
"9244","Daldrup &amp; Söhne","4DS.DE","15227900","25.1807","Germany"
"9245","Murano Global Investments","MRNO","15225700","0.2245","United Kingdom"
"9246","Otovo ASA","OTOVO.OL","15224000","1.22972","Norway"
"9247","TH International (Tims China)","THCH","15200000","1.15","China"
"9248","SeaChange International","SEAC","15199000","3.25","United States"
"9249","Umbrella Global Energy","UMB.MC","15191000","3.6139","Spain"
"9250","Inotiv","NOTV","15180000","0.0799","United States"
"9251","Sangoma Technologies","SANG","15179000","3.98","Canada"
"9252","Essential Properties Realty Trust","EPRT","15176000","30.98","United States"
"9253","Live Ventures","LIVE","15173000","9.43","United States"
"9254","Mynet","3928.T","15171300","1.47513","Japan"
"9255","PT DCI Indonesia Tbk","DCII.JK","15105100","11.5052","Indonesia"
"9256","PMGC Holdings","ELAB","15087800","6.52","United States"
"9257","Veritone","VERI","15087000","0.8562","United States"
"9258","Egetis Therapeutics AB","EGTX.ST","15086400","0.803024","Sweden"
"9259","KFIC Invest (K.S.C.P)","KFIC.KW","15041300","599.935","Kuwait"
"9260","Osoul Investment Company","OSOUL.KW","15022600","811.868","Kuwait"
"9261","EDAP TMS","EDAP","15012000","4.32","France"
"9262","Curis","CRIS","15001000","1.58","United States"
"9263","Micro Systemation","MSAB-B.ST","14970600","9.80889","Sweden"
"9264","Shimmick","SHIM","14959000","3.84","United States"
"9265","Grupa Kapitałowa Immobile","GKI.WA","14951700","1.33973","Poland"
"9266","Bioceres Crop Solutions","BIOX","14900000","0.412","Argentina"
"9267","Vista Alegre Atlantis","VAF.LS","14889100","1.27069","Portugal"
"9268","World Acceptance Corporation","WRLD","14882100","190.31","United States"
"9269","Nekkar ASA","NKR.OL","14879500","1.58951","Norway"
"9270","Ice Fish Farm","IFISH.OL","14868500","3.11459","Iceland"
"9271","Bitcoin Group","ADE.DE","14821900","33.3411","Germany"
"9272","Johnson Service Group PLC","JSG.L","14813900","1.99714","United Kingdom"
"9273","Videndum Plc","VID.L","14813900","4.38517","United Kingdom"
"9274","Luxfer","LXFR","14800000","17.12","United Kingdom"
"9275","Compleo Charging Solutions","C0M.F","14794300","0.00757752","Germany"
"9276","Comstock Resources","CRK","14785000","14.28","United States"
"9277","InterCure","INCR","14696100","5.48","Israel"
"9278","Hyderabad Industries Limited","HIL.NS","14695500","21.5914","India"
"9279","The Property Franchise Group","TPFG.L","14659000","6.27546","United Kingdom"
"9280","Berentzen-Gruppe","BEZ.DE","14654700","3.64887","Germany"
"9281","Sixth Street Specialty Lending","TSLX","14653000","18.91","United States"
"9282","Integrated Holding Company K.S.C.P.","INTEGRATED.KW","14650600","1271.6","Kuwait"
"9283","Wilmington plc","WIL.L","14648300","3.74634","United Kingdom"
"9284","Orapi SA","ORAP.PA","14641800","6.69206","France"
"9285","Brinova Fastigheter","BRIN-B.ST","14640900","1.34714","Sweden"
"9286","Stille AB","STIL.ST","14633100","24.0486","Sweden"
"9287","Monro","MNRO","14633000","12.86","United States"
"9288","Scandi Standard AB","SCST.ST","14630600","15.5132","Sweden"
"9289","Stereotaxis","STXS","14616000","1.42","United States"
"9290","Churchill China","CHH.L","14555300","5.40631","United Kingdom"
"9291","Sumou Real Estate Company","4323.SR","14540400","7.05839","Saudi Arabia"
"9292","USA Compression Partners","USAC","14522000","26.44","United States"
"9293","Fire Rock","1909.HK","14513400","0.255144","China"
"9294","CDON AB","CDON.ST","14496600","5.47277","Sweden"
"9295","ICICI Prulife","ICICIPRULI.NS","14494600","5.3171","India"
"9296","Vroom","VRM","14478000","9.77","United States"
"9297","Balaji Telefilms","BALAJITELE.NS","14471800","0.992582","India"
"9298","Titanium Oyj","TITAN.HE","14464900","7.11121","Finland"
"9299","System1 Group","SYS1.L","14454300","4.63184","United Kingdom"
"9300","CMGE Technology Group","0302.HK","14449600","0.023856","China"
"9301","Imugene","IMU.AX","14429300","0.0522175","Australia"
"9302","Linde India","LINDEINDIA.NS","14416400","68.1016","India"
"9303","Benson Hill","BHIL","14407000","0.249","United States"
"9304","Magnora ASA","MGN.OL","14406100","2.47556","Norway"
"9305","Bionano Genomics","BNGO","14405000","1.22","United States"
"9306","Allbirds","BIRD","14397000","2.41","United States"
"9307","Aptech","APTECHT.NS","14377800","0.950789","India"
"9308","Oxford Square Capital","OXSQ","14367900","1.39","United States"
"9309","Embention","ALUAV.PA","14352700","42.6673","Spain"
"9310","Monte Carlo Fashions","MONTECARLO.NS","14325400","5.79563","India"
"9311","Munshaat Real Estate Projects Company","MUNSHAAT.KW","14315100","749.919","Kuwait"
"9312","Forafric Global PLC","AFRI","14309000","10.805","Gibraltar"
"9313","Northwest Pipe Company","NWPX","14262000","110.51","United States"
"9314","AVITA Medical","RCEL","14261000","9.91","United States"
"9315","Snail Inc","SNAL","14259200","2.95","China"
"9316","REE Automotive","REE","14246000","0.0769","Israel"
"9317","SoundThinking 
 (ShotSpotter)","SSTI","14242000","6.02","United States"
"9318","Annovis Bio","ANVS","14219100","1.75","United States"
"9319","WALLIX Group","ALLIX.PA","14203700","26.5796","France"
"9320","Vector Limited","VCT.NZ","14195300","2.91858","New Zealand"
"9321","SmartCraft ASA","SMCRT.OL","14179200","1.99594","Norway"
"9322","Chrysos Corporation Limited","C79.AX","14156000","5.29328","Australia"
"9323","Springfield Properties","SPR.L","14151300","1.53079","United Kingdom"
"9324","Jasper Therapeutics","JSPR","14144000","0.7224","United States"
"9325","Sun Corp","6736.T","14139300","52.7908","Japan"
"9326","Josef Manner &amp; Comp","MAN.VI","14135500","117.743","Austria"
"9327","clearvise AG","ABO.DE","14130800","1.17743","Germany"
"9328","Netel Holding","NETEL.ST","14115400","0.343627","Sweden"
"9329","Legacy Housing Corporation","LEGH","14111000","28.72","United States"
"9330","Galectin Therapeutics","GALT","14111000","3.88","United States"
"9331","Synlogic","SYBX","14105000","1.18","United States"
"9332","Australian Clinical Labs","ACL.AX","14104700","2.12446","Australia"
"9333","Smiths News","SNWS.L","14088500","0.937593","United Kingdom"
"9334","Bahrain Commercial Facilities Company","BCFC.BH","14087500","0.941645","Bahrain"
"9335","Evertz Technologies","ET.TO","14077700","11.5448","Canada"
"9336","Smart Parking Limited","SPZ.AX","14063000","0.590129","Australia"
"9337","Alarum Technologies","ALAR","14060000","1.7","Israel"
"9338","Quoin Pharmaceuticals","QNRX","14043300","5.42","United States"
"9339","Renew Holdings plc","RNWH.L","13979600","13.065","United Kingdom"
"9340","Infant Bacterial Therapeutics AB","IBT-B.ST","13967300","7.08303","Sweden"
"9341","Agile Content","AGIL.MC","13939100","2.5647","Spain"
"9342","Auto Partner","APR.WA","13938800","8.24138","Poland"
"9343","Filtronic","FTC.L","13906400","3.38669","United Kingdom"
"9344","Campus Activewear","CAMPUS.NS","13874000","2.3684","India"
"9345","Lifetime Brands","LCUT","13864000","9.48","United States"
"9346","United Carton Industries Company","1323.SR","13858800","7.3567","Saudi Arabia"
"9347","Almunajem Foods Company","4162.SR","13811800","16.2609","Saudi Arabia"
"9348","Pihlajalinna Oyj","PIHLIS.HE","13773300","12.6137","Finland"
"9349","IPD Group Limited","IPG.AX","13718600","4.01288","Australia"
"9350","Masterflex","MZX.DE","13708500","16.554","Germany"
"9351","Teac Corporation","6803.T","13703000","0.627715","Japan"
"9352","Chatham Lodging Trust","CLDT","13691000","13.79","United States"
"9353","Appirits","4174.T","13687000","5.36068","Japan"
"9354","Anixa Biosciences","ANIX","13686000","3.62","United States"
"9355","Nayifat Finance Company","4081.SR","13665900","2.69018","Saudi Arabia"
"9356","Valsoia S.p.A.","VLS.MI","13663500","12.0075","Italy"
"9357","Perfect Presentation for Commercial Services CompanyPerfect Presentation for Commercial Services","7204.SR","13659100","1.7606","Saudi Arabia"
"9358","Orosur Mining","OMI.V","13650000","0.216466","Canada"
"9359","Tallink Grupp","T5N.F","13627500","0.70063","Estonia"
"9360","Digital Hollywood Interactive","2022.HK","13625800","0.00663375","China"
"9361","pferdewetten.de AG","EMH.F","13617000","2.49475","Germany"
"9362","Sanara MedTech","SMTI","13594500","34.38","United States"
"9363","Pioneer Power Solutions","PPSI","13583000","2.92","United States"
"9364","Allergy Therapeutics","AGY.L","13580300","0.0783925","United Kingdom"
"9365","VIP Industries","VIPIND.NS","13564800","3.13133","India"
"9366","Al Obeikan Glass Company","4145.SR","13550900","6.61091","Saudi Arabia"
"9367","A'ayan Real Estate Company K.S.C.P.","AAYANRE.KW","13538500","626.019","Kuwait"
"9368","Jet.AI","JTAI","13497700","1.58","United States"
"9369","LENSAR","LNSR","13495000","9.23","United States"
"9370","AS Ekspress Grupp","EEG1T.TL","13494400","1.46305","Estonia"
"9371","Precinct Properties","PCT.NZ","13479200","0.619453","New Zealand"
"9372","Neuronetics","STIM","13471000","2.89","United States"
"9373","Black Diamond Group","BDI.TO","13463400","13.1178","Canada"
"9374","Trevena","TRVN","13462000","0.011","United States"
"9375","Brooge Energy","BROG","13447200","2.6","United Arab Emirates"
"9376","Union Bankshares","UNB","13380000","23.71","United States"
"9377","Tasmea Limited","TEA.AX","13362700","6.55937","Australia"
"9378","Great Lakes Dredge &amp; Dock Corp.","GLDD","13361000","17","United States"
"9379","ITOCHU-SHOKUHIN","2692.T","13358400","79.6514","Japan"
"9380","Geospace Technologies","GEOS","13358000","5.37","United States"
"9381","Knife River Corporation","KNF","13346000","63.66","United States"
"9382","Reit 1 Ltd","RIT1.TA","13335300","7.31637","Israel"
"9383","MPS Limited","MPSLTD.NS","13330600","28.3774","India"
"9384","Keystone Law Group","KEYS.L","13329800","7.92521","United Kingdom"
"9385","Fabege AB","FABG.ST","13291100","7.80396","Sweden"
"9386","Coast Investment &amp; Development Company","COAST.KW","13277900","297.359","Kuwait"
"9387","Accelya","ACCELYA.NS","13272100","11.8483","India"
"9388","Los Andes Copper","LA.V","13260700","9.48842","Canada"
"9389","Gulf Navigation Holding","GULFNAV.AE","13239800","0.822261","United Arab Emirates"
"9390","Smith-Midland Corporation","SMID","13218000","27.5","United States"
"9391","Enigmatig","EGG","13206000","3.28","Singapore"
"9392","Austin Engineering","ANG.AX","13195600","0.114449","Australia"
"9393","Asphere Innovations","AS.BK","13187900","0.0702505","Thailand"
"9394","Linz Textil","LTH.VI","13177000","194.684","Austria"
"9395","Arkan Al-Kuwait Real Estate Company","ARKAN.KW","13173700","1124.88","Kuwait"
"9396","Alan Allman Associates","AAA.PA","13120600","1.85358","France"
"9397","Gateway Distriparks","GATEWAY.NS","13120200","0.552816","India"
"9398","Advanced Technology Company K.S.C.P.","ATC.KW","13119600","1757.42","Kuwait"
"9399","Gaia","GAIA","13098000","1.47","United States"
"9400","Escalade Sports","ESCA","13051000","21","United States"
"9401","Delignit AG","DLX.DE","13044200","2.84449","Germany"
"9402","Multiconsult","MULTI.OL","13000600","15.5085","Norway"
"9403","Ameren","AEE","13000000","107.16","United States"
"9404","Arctic Fish Holding","AFISH.OL","12994900","2.70647","Iceland"
"9405","CyberStep","3810.T","12990300","1.38725","Japan"
"9406","TOP Financial Group Limited","TOP","12989900","2.06","Hong Kong"
"9407","BMMI Group","BMMI.BH","12986000","0.190981","Bahrain"
"9408","The Pebble Group plc","PEBB.L","12978300","0.828281","United Kingdom"
"9409","ReadyTech Holdings","RDY.AX","12956200","1.12661","Australia"
"9410","coly","4175.T","12946100","17.0801","Japan"
"9411","Reach plc","RCH.L","12928500","0.584429","United Kingdom"
"9412","Mpac Group","MPAC.L","12928500","4.5501","United Kingdom"
"9413","CervoMed","CRVO","12924000","2.63","United States"
"9414","Immobiliare Grande Distribuzione SIIQ","IGD.MI","12922600","4.65143","Italy"
"9415","Volati AB","VOLO.ST","12916100","2.82585","Sweden"
"9416","Quipt Home Medical","QIPT","12916000","3.65","United States"
"9417","Solaris Resources","SLSR","12894000","8.64","Canada"
"9418","inTEST Corporation","INTT","12867000","11.3","United States"
"9419","a.k.a. Brands","AKA","12862000","10.9","United States"
"9420","Team Inc","TISI","12839000","22.97","United States"
"9421","Wittchen","WTN.WA","12834500","3.69441","Poland"
"9422","Leclanché","LECN.SW","12829200","0.104992","Switzerland"
"9423","Secuoya, Grupo de Comunicación, S.A.","SEC.MC","12780300","33.1079","Spain"
"9424","The NAGA Group","N4G.DE","12713600","0.40047","Germany"
"9425","NCC Group plc","NCC.L","12713500","1.93175","United Kingdom"
"9426","India Motor Parts and Accessories","IMPAL.NS","12713400","11.491","India"
"9427","A.S. Création Tapeten","ACWN.DE","12695700","8.16041","Germany"
"9428","INTERSHOP Communications","ISHA.DE","12654100","1.74866","Germany"
"9429","Wakamoto Pharmaceutical","4512.T","12651000","1.92081","Japan"
"9430","Amaero International Ltd","3DA.AX","12642600","0.193133","Australia"
"9431","Borregaard","BRG.OL","12615200","17.141","Norway"
"9432","Forsys Metals","FSY.TO","12614500","0.418501","Canada"
"9433","Hawesko","HAW.DE","12590400","19.4684","Germany"
"9434","Addentax Group","ATXG","12574300","3.7","China"
"9435","Airship AI","AISP","12567600","2.15","United States"
"9436","National Cleaning Company","CLEANING.KW","12565700","916.205","Kuwait"
"9437","Vera Bradley","VRA","12506000","3.17","United States"
"9438","CBL International","BANL","12497400","13.69","Malaysia"
"9439","Beetaloo Energy Australia","BTL.AX","12497100","0.157368","Australia"
"9440","HBM Healthcare Investments","HBMN.SW","12492400","292.336","Switzerland"
"9441","Lifevantage","LFVN","12483000","6.84","United States"
"9442","Heisco (Heavy Engineering Industries and Shipbuilding Company)","SHIP.KW","12471800","2037.82","Kuwait"
"9443","Hamat Group","HAMAT.TA","12427200","4.49649","Israel"
"9444","INMA Holding Company","IHGS.QA","12385300","0.745604","Qatar"
"9445","Mekdam Holding Group","MKDM.QA","12380000","0.559615","Qatar"
"9446","Amar Finance and Leasing Company","AMAR.KW","12371300","345.615","Kuwait"
"9447","Neobo Fastigheter","NEOBO.ST","12363900","2.09123","Sweden"
"9448","Moonpig Group","MOON.L","12360700","3.90709","United Kingdom"
"9449","CXApp","CXAI","12342000","0.089","United States"
"9450","Greenlam Industries","GREENLAM.NS","12334700","2.59691","India"
"9451","Turtle Beach Corp","TBCH","12320000","12.59","United States"
"9452","Rogers Sugar (Lantic)","RSI.TO","12314700","4.94985","Canada"
"9453","Zydus Wellness","ZYDUSWELL.NS","12290800","5.49316","India"
"9454","Al-Jouf Agricultural Development","6070.SR","12289200","10.7341","Saudi Arabia"
"9455","Bilendi SA","ALBLD.PA","12283100","15.8312","France"
"9456","Local Bounti","LOCL","12254000","1.01","United States"
"9457","Faraday Future","FFAI","12231000","0.0717","United States"
"9458","oOh!media Limited","OML.AX","12228500","1.18741","Australia"
"9459","Big Yellow Group","BYG.L","12215600","12.1926","United Kingdom"
"9460","Star Group","SGU","12190000","12.62","United States"
"9461","ATA Creativity Global","AACG","12183400","0.94","China"
"9462","Xponential Fitness","XPOF","12179000","5.11","United States"
"9463","Rekor Systems","REKR","12175000","0.5834","United States"
"9464","Xtant Medical","XTNT","12137000","0.3228","United States"
"9465","Foseco India","FOSECOIND.NS","12123100","58.3325","India"
"9466","Sky Harbour Group","SKYH","12095000","10.54","United States"
"9467","Primaris Real Estate Investment Trust","PMZ-UN.TO","12088100","15.7515","Canada"
"9468","Copenhagen Airport","KBHL.CO","12082000","857.527","Denmark"
"9469","Research Solutions","RSSS","12050400","2.21","United States"
"9470","Laurus Labs","LAURUSLABS.NS","12050200","19.4901","India"
"9471","Hemnet Group AB","HEM.ST","12048000","10.7351","Sweden"
"9472","LumenRadio","LUMEN.ST","12030900","5.72536","Sweden"
"9473","Lumax Industries","LUMAXIND.NS","12000100","61.8378","India"
"9474","Huntington Ingalls Industries","HII","12000000","294.63","United States"
"9475","Rave Restaurant Group","RAVE","12000000","3.1","United States"
"9476","Franklin Covey","FC","11972000","20.58","United States"
"9477","Fun Yours Technology","6482.TWO","11898100","0.78424","Taiwan"
"9478","GasLog Partners LP","GLOP-PA","11887000","25.5","Greece"
"9479","Astronics Corporation","ATRO","11867000","74.75","United States"
"9480","Airtasker","ART.AX","11856400","0.157368","Australia"
"9481","HomeCo Daily Needs REIT","HDN.AX","11840500","0.815451","Australia"
"9482","Allied Properties REIT","AP-UN.TO","11827700","6.61664","Canada"
"9483","Tose Software","4728.T","11818100","4.09898","Japan"
"9484","International Petroleum","IPCO.TO","11817000","25.4131","Canada"
"9485","Gaxos.ai","GXAI","11815300","0.8466","United States"
"9486","Vista Group International","VGL.NZ","11814600","1.6618","New Zealand"
"9487","Radio City","RADIOCITY.NS","11808300","0.0687493","India"
"9488","Llorente &amp; Cuenca","LLYC.MC","11801000","5.59571","Spain"
"9489","NaaS Technology","NAAS","11784400","3.28","China"
"9490","Bajaj Finance","BAJFINANCE.NS","11766900","11.3321","India"
"9491","Vermilion Energy","VET","11762300","12.54","Canada"
"9492","Regal Partners Limited","RPL.AX","11736800","2.03147","Australia"
"9493","Abdulmohsen Al-Hokair Group for Tourism and Development Company","1820.SR","11731900","0.567334","Saudi Arabia"
"9494","Enapter AG","H2O.DE","11717100","1.16577","Germany"
"9495","Árima Real Estate","ARM.MC","11716700","11.8909","Spain"
"9496","Easy Software","ESY.HM","11710900","21.5668","Germany"
"9497","Brockhaus Technologies","BKHT.DE","11705000","25.0641","Germany"
"9498","ARN Media","A1N.AX","11666200","0.178827","Australia"
"9499","Dutch Lady Milk Industries","3026.KL","11642900","7.91785","Malaysia"
"9500","Silvercrest Asset Management Group","SAMG","11641000","9.95","United States"
"9501","Beyond Air","XAIR","11641000","4.91","United States"
"9502","Sonendo","SONX","11627000","0.55","United States"
"9503","eMudhra","EMUDHRA.NS","11613000","5.68854","India"
"9504","Black Stone Minerals","BSM","11612000","15.05","United States"
"9505","Cemtrex","CETX","11597500","2.68","United States"
"9506","Pro Real Estate Investment Trust","PRV-UN.TO","11584600","4.92099","Canada"
"9507","Tigo Energy","TYGO","11574000","1.05","United States"
"9508","Heritage Global","HGBL","11566000","1.14","United States"
"9509","Flowers Foods","FLO","11519000","7.28","United States"
"9510","Al Khaleej Training and Education Company","4290.SR","11514500","3.97667","Saudi Arabia"
"9511","Avon Protection","AVON.L","11500000","24.685","United Kingdom"
"9512","Beamr Imaging","BMR","11485000","1.29","Israel"
"9513","NeoVolta","NEOV","11480800","3.12","United States"
"9514","Baazeem Trading Company","4051.SR","11477600","1.48892","Saudi Arabia"
"9515","Lifeward","LFWD","11422000","0.3829","Israel"
"9516","Majestic Gold","MJS.V","11414100","0.0721553","Canada"
"9517","Rane Holdings","RANEHOLDIN.NS","11408300","16.644","India"
"9518","Knightscope","KSCP","11401000","1.37","United States"
"9519","Halwani Bros","6001.SR","11365500","8.54997","Saudi Arabia"
"9520","J-Long Group","JL","11361100","4.75","Hong Kong"
"9521","GDI Property Group","GDI.AX","11355200","0.47568","Australia"
"9522","Super League Enterprise","SLE","11354000","4.03","United States"
"9523","ONE Gas","OGS","11354000","80.35","United States"
"9524","ORIOR AG","ORON.SW","11313600","18.2865","Switzerland"
"9525","Alexander &amp; Baldwin","ALEX","11303000","20.84","United States"
"9526","Universal Store Holdings","UNI.AX","11288000","6.18026","Australia"
"9527","Gobarto","GOB.WA","11267700","5.63901","Poland"
"9528","Wall Financial Corporation","WFC.TO","11253600","15.0444","Canada"
"9529","Future Care Trading Company","9544.SR","11248700","0.423503","Saudi Arabia"
"9530","Northern Region Cement Company","3004.SR","11247900","1.8778","Saudi Arabia"
"9531","Covenant Logistics","CVLG","11245000","34.62","United States"
"9532","Nilkamal","NILKAMAL.NS","11231700","21.0939","India"
"9533","The Arena Group","AREN","11230000","0.9522","United States"
"9534","Largo","LGO","11204000","0.7426","Canada"
"9535","Entra","ENTRA.OL","11202300","11.2984","Norway"
"9536","United Wire Factories Company","1301.SR","11194900","5.15395","Saudi Arabia"
"9537","Aiforia Technologies Oyj","AIFORIA.HE","11194000","1.30333","Finland"
"9538","Knights Group","KGH.L","11180000","2.44534","United Kingdom"
"9539","Alamar Foods Company","6014.SR","11162300","11.2295","Saudi Arabia"
"9540","ESAB India","ESABINDIA.NS","11157000","64.4029","India"
"9541","Minerva Surgical","UTRS","11125000","0.0001","United States"
"9542","HF Foods Group","HFFG","11061000","1.81","United States"
"9543","Wallbox","WBX","11060100","2.92","Spain"
"9544","Netstreit","NTST","11058000","20.8","United States"
"9545","Cambium Networks","CMBM","11056000","0.401","United States"
"9546","ADENTRA Inc.","ADEN.TO","11036000","26.0697","Canada"
"9547","Iterum Therapeutics","ITRM","11002000","0.03","Ireland"
"9548","Labrador Iron Ore Royalty Corp.","LIF.TO","11001300","19.5252","Canada"
"9549","GTPL Hathway","GTPL.NS","10982200","0.572145","India"
"9550","Pro-Dex","PDEX","10979000","66.86","United States"
"9551","OSOS Holding Group Company K.P.S.C.","OSOS.KW","10933100","612.977","Kuwait"
"9552","Silvaco Group","SVCO","10925000","6.85","United States"
"9553","the Marygold Companies","MGLD","10906000","1.02","United States"
"9554","Arena REIT","ARF.AX","10901200","1.75966","Australia"
"9555","Sport Lisboa e Benfica","SLBEN.LS","10893300","8.04383","Portugal"
"9556","Geratherm Medical","GME.DE","10883100","2.98438","Germany"
"9557","Stingray Group","RAY-A.TO","10877300","12.3987","Canada"
"9558","KPS AG","KSC.DE","10825100","0.303101","Germany"
"9559","Nilörngruppen","NIL-B.ST","10802500","7.93552","Sweden"
"9560","Voltamp Transformers","VOLTAMP.NS","10792800","114.638","India"
"9561","Capacit'e Infraprojects","CAPACITE.NS","10786700","2.36454","India"
"9562","Scientific and Medical Equipment House Company","4014.SR","10744000","7.56446","Saudi Arabia"
"9563","CenturyPly","CENTURYPLY.NS","10731100","7.93856","India"
"9564","Borussia Dortmund","BVB.F","10702700","3.7363","Germany"
"9565","Zion Oil &amp; Gas","ZNOG","10700000","0.38","United States"
"9566","Sequans Communications","SQNS","10628000","3","France"
"9567","Fernheizwerk Neukölln","FHW.F","10626400","22.1497","Germany"
"9568","Hooker Furnishings","HOFT","10618000","14.19","United States"
"9569","NexPoint Diversified Real Estate Trust","NXDT","10590000","5.4","United States"
"9570","Kafrit Industries","KAFR.TA","10583900","8.74632","Israel"
"9571","Imagineer","4644.T","10574500","6.63495","Japan"
"9572","Travelzoo","TZOO","10571000","6.76","United States"
"9573","Guardian Metal Resources","GMTL","10562000","12.39","United Kingdom"
"9574","Kore Potash plc","KP2.L","10555200","0.0456372","United Kingdom"
"9575","Red Sea International Company","4230.SR","10544600","6.45642","Saudi Arabia"
"9576","Neptune Insurance Holdings","NP","10542000","33.14","United States"
"9577","WhiteHawk Minerals Corp","WHK","10537000","26.22","United States"
"9578","Alembic Limited","ALEMBICLTD.NS","10529900","0.992477","India"
"9579","Greenwich LifeSciences","GLSI","10505400","17.58","United States"
"9580","2CRSI","AL2SI.PA","10491500","31.6624","France"
"9581","INOVEST","INOVEST.BH","10440000","0.116","Bahrain"
"9582","Firm Capital Mortgage Investment Corporation","FC.TO","10415000","8.47825","Canada"
"9583","Ladun Investment Company","9535.SR","10408100","0.67654","Saudi Arabia"
"9584","The InterGroup Corporation","INTG","10379000","33.34","United States"
"9585","Duniec Bros.","DUNI.TA","10365500","73.0304","Israel"
"9586","MindWalk Holdings","HYFT","10337200","1.38","United States"
"9587","LSI Industries","LYTS","10333000","19.59","United States"
"9588","Fluent","FLNT","10299000","4.17","United States"
"9589","Orion Properties","ONL","10274000","2.91","United States"
"9590","Laird Superfood","LSF","10246800","3.77","United States"
"9591","Intensity Therapeutics","INTS","10245000","4.75","United States"
"9592","Telesis Bio","TBIO","10214000","0.001","United States"
"9593","Silicon Studio","3907.T","10196100","11.0164","Japan"
"9594","hGears AG","HGEA.DE","10192000","0.938447","Germany"
"9595","sterling &amp; wilson solar","SWSOLAR.NS","10176000","2.05987","India"
"9596","Palatin Technologies","PTN","10159500","10.16","United States"
"9597","Nordwest Handel","NWX.F","10157900","18.7689","Germany"
"9598","Primech Holdings","PMEC","10145000","0.4594","Singapore"
"9599","Qoria Limited","QOR.AX","10142700","0.168097","Australia"
"9600","Tile Shop Holdings","TTSH","10120000","2.65","United States"
"9601","Aker Carbon Capture","ACC.OL","10119800","0.00035151","Norway"
"9602","BrightView","BV","10100000","10.94","United States"
"9603","Hindustan Oil Exploration Company","HINDOILEXP.NS","10077900","1.65625","India"
"9604","Firefly AB","FIRE.ST","10073900","20.5229","Sweden"
"9605","Intellicheck","IDN","10062000","2.89","United States"
"9606","Synektik Spólka Akcyjna","SNT.WA","10054900","91.7513","Poland"
"9607","American Bitcoin Corp","ABTC","10054000","8.64","United States"
"9608","Azitra","AZTR","10051000","0.1504","United States"
"9609","Montrose Environmental","MEG","10046000","22.14","United States"
"9610","Shalby","SHALBY.NS","10034900","1.61749","India"
"9611","NOS","NOS.LS","10033700","5.73793","Portugal"
"9612","The National Company for Glass Industries","2150.SR","10016600","10.4091","Saudi Arabia"
"9613","Ryman Healthcare","RYM.NZ","10013000","1.22104","New Zealand"
"9614","Propel Holdings","PRL.TO","9980890","17.9378","Canada"
"9615","Black Rifle Coffee Company (BRCC)","BRCC","9971000","9.33","United States"
"9616","Metalla Royalty & Streaming","MTA","9971000","11.3","Canada"
"9617","Linekong Interactive","8267.HK","9964550","0.0257696","China"
"9618","Digimarc","DMRC","9963000","6.01","United States"
"9619","Shoe Zone","SHOE.L","9954970","1.02173","United Kingdom"
"9620","Kewaunee Scientific Corporation","KEQU","9950000","37.25","United States"
"9621","StorageVault Canada","SVI.TO","9945880","3.22534","Canada"
"9622","Biosynex","ALBIO.PA","9932340","1.0492","France"
"9623","Arizona Metals","AMC.TO","9931600","0.151526","Canada"
"9624","Sanam Real Estate Company","SANAM.KW","9931460","1141.18","Kuwait"
"9625","Abitare In S.p.A.","ABT.MI","9925650","3.27582","Italy"
"9626","Delek Logistics Partners","DKL","9907000","53.88","United States"
"9627","Centuria Industrial REIT","CIP.AX","9892120","2.12446","Australia"
"9628","Diaceutics PLC","DXRX.L","9890310","1.9481","United Kingdom"
"9629","Senergy Holding Company K.S.C.P.","SENERGY.KW","9880080","824.91","Kuwait"
"9630","Orient Electric","ORIENTELEC.NS","9857270","1.89656","India"
"9631","Xos, Inc.","XOS","9849000","3.49","United States"
"9632","Wolford","WOL.VI","9838360","2.54138","Austria"
"9633","Viemed Healthcare","VMD","9762000","9.09","United States"
"9634","Proficient Auto Logistics","PAL","9755550","5.3","United States"
"9635","Culp, Inc.","CULP","9750000","3.45","United States"
"9636","Ambra","AMB.WA","9732800","4.93129","Poland"
"9637","Xaar","XAR.L","9711200","1.54622","United Kingdom"
"9638","Ingenia Communities Group","INA.AX","9649280","3.04721","Australia"
"9639","Waypoint REIT","WPR.AX","9645120","1.73104","Australia"
"9640","Diagnostyka S.A.","DIA.WA","9615860","45.6591","Poland"
"9641","Custom Truck One Source","CTOS","9608000","9.77","United States"
"9642","Castellum","CAST.ST","9581990","14.0819","Sweden"
"9643","Amplitude Energy","AEL.AX","9565190","1.20172","Australia"
"9644","Electreon Wireless","ELWS.TA","9556540","13.6328","Israel"
"9645","Oceania Healthcare","OCA.NZ","9547630","0.470546","New Zealand"
"9646","22nd Century Group","XXII","9545000","3.6836","United States"
"9647","Vital Healthcare Property Trust","VHP.NZ","9529730","1.08702","New Zealand"
"9648","MiNK Therapeutics","INKT","9525680","11.82","United States"
"9649","Zahrat Al Waha For Trading Company","3007.SR","9522690","0.769763","Saudi Arabia"
"9650","India Glycols","INDIAGLYCO.NS","9512830","12.2631","India"
"9651","Groupe OKwind","ALOKW.PA","9508260","0.300769","France"
"9652","Lazydays Holdings","GORV","9501000","0.4211","United States"
"9653","Skellerup Holdings","SKL.NZ","9496830","4.35404","New Zealand"
"9654","SunPower","SPWR","9488000","0.2857","United States"
"9655","Paref SA","PAR.PA","9475370","29.1443","France"
"9656","MGE Energy","MGEE","9468000","79.32","United States"
"9657","Biotalys","BTLS.BR","9442470","3.14759","Belgium"
"9658","Ölgerðin Egill Skallagrímsson","OLGERD.IC","9440930","0.131611","Iceland"
"9659","Sotherly Hotels","SOHO","9432660","2.25","United States"
"9660","Byggmästare Anders J Ahlström","AJA-B.ST","9432440","5.73589","Sweden"
"9661","Veris Residential","VRE","9415000","18.99","United States"
"9662","Talga Group","TLG.AX","9407160","0.218169","Australia"
"9663","Encounter Resources","ENR.AX","9377340","0.193133","Australia"
"9664","Beeks Financial Cloud Group","BKS.L","9370480","2.91533","United Kingdom"
"9665","Oxford Industries","OXM","9360000","36.56","United States"
"9666","Nok Air","NOKPF","9351360","0.0051","Thailand"
"9667","SeaStar Medical","ICU","9348000","3.19","United States"
"9668","Skycorp Solar Group","PN","9343370","2.67","China"
"9669","CBAK Energy Technology","CBAT","9338920","0.8648","China"
"9670","Chicago Atlantic Real Estate Finance","REFI","9331530","10.79","United States"
"9671","WonderPlanet","4199.T","9326340","5.42346","Japan"
"9672","Saul Centers","BFS","9326000","34.14","United States"
"9673","SF Urban Properties (SFP)","SFPN.SW","9290140","124.398","Switzerland"
"9674","IT Link SA","ALITL.PA","9283880","19.585","France"
"9675","TENDA","4198.T","9282350","3.11347","Japan"
"9676","Rasiyat Holding Company","RASIYAT.KW","9263960","2063.91","Kuwait"
"9677","Alithya Group","ALYA.TO","9230450","0.728768","Canada"
"9678","Unikai Foods","UNIKAI.AE","9206860","1.36404","United Arab Emirates"
"9679","MAG Interactive","MAGI.ST","9199780","0.823021","Sweden"
"9680","Banan Real Estate Company","4324.SR","9194870","0.809717","Saudi Arabia"
"9681","Saudi Reinsurance Company","8200.SR","9184650","7.27147","Saudi Arabia"
"9682","Eterna Therapeutics","ERNA","9177000","5.035","United States"
"9683","Peninsula Energy","PEN.AX","9169000","0.225322","Australia"
"9684","Global Medical REIT","GMRE","9084000","35.98","United States"
"9685","maison pommery &amp; associes","POMRY.PA","9045480","11.8326","France"
"9686","Hoftex Group AG","NBH.MU","9036020","5.82886","Germany"
"9687","Marchex","MCHX","9019000","1.76","United States"
"9688","Race Oncology","RAC.AX","8989470","1.51645","Australia"
"9689","Optomed","OPTOMED.HE","8972330","1.98181","Finland"
"9690","Saudi Ceramic Company","2040.SR","8942190","6.92521","Saudi Arabia"
"9691","Senti Biosciences","SNTI","8935000","0.378","United States"
"9692","Ultralife Corporation","ULBI","8890000","6.77","United States"
"9693","Ekopak","EKOP.BR","8884480","4.32502","Belgium"
"9694","PlaySide Studios","PLY.AX","8865280","0.0894135","Australia"
"9695","STAG Industrial","STAG","8856000","37.05","United States"
"9696","electroCore","ECOR","8830000","9.65","United States"
"9697","Stride Property Group","SPG.NZ","8828420","0.670082","New Zealand"
"9698","RATH Aktiengesellschaft","RAT.VI","8826920","27.5122","Austria"
"9699","FRIWO","CEA.DE","8825740","5.47913","Germany"
"9700","Apollo Pipes","APOLLOPIPE.NS","8808080","6.94233","India"
"9701","Tamarack Valley Energy","TVE.TO","8801760","9.84198","Canada"
"9702","Alcadon Group AB","ALCA.ST","8787170","3.19947","Sweden"
"9703","Riber S.A.","ALRIB.PA","8781100","10.6901","France"
"9704","Radico Khaitan","RADICO.NS","8776050","48.4119","India"
"9705","KORU Medical Systems","KRMD","8767770","3.22","United States"
"9706","KALA BIO","KALA","8764000","0.7954","United States"
"9707","Comet Ridge","COI.AX","8748190","0.0672389","Australia"
"9708","Ebusco Holding","EBUS.AS","8737640","0.294941","Netherlands"
"9709","Cherry SE","C3RY.DE","8736210","0.408021","Germany"
"9710","Kaldalón","KALD.IC","8718600","0.218308","Iceland"
"9711","Softing AG","SYT.DE","8704960","2.92609","Germany"
"9712","Solid State Group","SOLI.L","8698190","2.54969","United Kingdom"
"9713","Rakon Limited","RAK.NZ","8688920","0.895488","New Zealand"
"9714","USD Partners","USDP","8688000","0.0002","United States"
"9715","Talenom","TNOM.HE","8679500","1.47354","Finland"
"9716","Solitario Resources","XPL","8679000","0.793","United States"
"9717","Asset World Corp","AWC.BK","8658320","0.0904093","Thailand"
"9718","Future Kid Entertainment and Real Estate Company","FUTUREKID.KW","8655290","285.621","Kuwait"
"9719","Jupiter Mines Limited","JMS.AX","8655080","0.189557","Australia"
"9720","Leafly Holdings","LFLY","8639000","37","United States"
"9721","The Saudi Arabian Amiantit Company","2160.SR","8638890","3.50256","Saudi Arabia"
"9722","Dragonfly Energy","DFLI","8637000","1.13","United States"
"9723","BioPorto","BIOPOR.CO","8633820","0.190215","Denmark"
"9724","Gladstone Land","LAND","8623000","8.83","United States"
"9725","Budget Saudi (United International Transportation Company)","4260.SR","8622880","8.48604","Saudi Arabia"
"9726","Sequana Medical","SEQUA.BR","8621510","0.712287","Belgium"
"9727","Ferrum S.A. de Cerámica y Metalurgia","FERR.BA","8590770","0.0117628","Argentina"
"9728","Arnarlax (Icelandic Salmon)","ISLAX.OL","8586100","7.03467","Iceland"
"9729","Steyr Motors AG","4X0.DE","8583750","32.8748","Germany"
"9730","CVC Limited","CVC.AX","8575240","1.08011","Australia"
"9731","AudioEye","AEYE","8563000","7.31","United States"
"9732","Edia","3935.T","8560150","4.2308","Japan"
"9733","Can Fite Biopharma","CANF","8540000","3.35","Israel"
"9734","SNGULAR","SNG.MC","8538320","2.44812","Spain"
"9735","Admicom Oyj","ADMCM.HE","8537160","32.2919","Finland"
"9736","NGL Energy Partners","NGL","8505000","16.33","United States"
"9737","Toro Energy","TOE.AX","8496560","0.38985","Australia"
"9738","SAF Tehnika A/S","SAF1R.RG","8495220","17.8946","Latvia"
"9739","Eurocell","ECEL.L","8484330","1.60041","United Kingdom"
"9740","Sandhar","SANDHAR.NS","8473390","7.10114","India"
"9741","NN, Inc.","NNBR","8471000","3.65","United States"
"9742","Arrive AI","ARAI","8469610","0.2311","United States"
"9743","Cloudastructure","CSAI","8453000","5.14","United States"
"9744","Fortune REIT","0778.HK","8448900","0.577264","Hong Kong"
"9745","Pure Cycle (water)","PCYO","8440000","11.64","United States"
"9746","TherapeuticsMD","TXMD","8419000","2.07","United States"
"9747","Barnes &amp; Noble Education","BNED","8418000","12.41","United States"
"9748","Gambling.com Group","GAMB","8412000","1.84","Jersey"
"9749","Groupe Minoteries SA","GMI.SW","8411010","286.116","Switzerland"
"9750","Steel &amp; Tube Holdings","STU.NZ","8369740","0.241229","New Zealand"
"9751","The9","NCTY","8360230","5.57","China"
"9752","Atara Biotherapeutics","ATRA","8360000","9.46","United States"
"9753","Balco Group","BALCO.ST","8335300","1.68393","Sweden"
"9754","genOway","ALGEN.PA","8284970","2.84449","France"
"9755","DAVIDsTEA","DTEAF","8279330","0.676","Canada"
"9756","PVA TePla AG","TPE.DE","8247780","33.924","Germany"
"9757","ADS-TEC Energy","ADSE","8239550","11.4","Ireland"
"9758","Co-Diagnostics","CODX","8230980","1.22","United States"
"9759","Forterra plc","FORT.L","8214990","1.9481","United Kingdom"
"9760","Groupe LDLC","ALLDL.PA","8214220","14.5255","France"
"9761","SolarBank","SUUN","8200450","1.44","Canada"
"9762","Premium Brands","PBH.TO","8199730","57.6376","Canada"
"9763","Sintana Energy","SEI.V","8179720","0.292229","Canada"
"9764","Yuke's","4334.T","8164080","2.40415","Japan"
"9765","BTG Consulting plc","BTG.L","8161600","1.50535","United Kingdom"
"9766","Kiwi Property","KPG.NZ","8160430","0.547978","New Zealand"
"9767","Dr. Hönle AG","HNL.DE","8151710","9.39613","Germany"
"9768","Lake Resources NL","LKE.AX","8137570","0.0350501","Australia"
"9769","Sequent Scientific","SEQUENT.NS","8129160","2.13731","India"
"9770","Integer Holdings","ITGR","8115000","125.07","United States"
"9771","Tijara &amp; Real Estate Investment Company","TIJARA.KW","8098450","407.564","Kuwait"
"9772","Wendt India","WENDT.NS","8065530","85.6389","India"
"9773","SuRo Capital","SSSS","8060620","12.54","United States"
"9774","Mo-BRUK S.A.","MBR.WA","8057710","98.7883","Poland"
"9775","Adlai Nortye","ANL","8056000","14.16","Cayman Islands"
"9776","XRF Scientific Limited","XRF.AX","8046270","1.31617","Australia"
"9777","Corem Property Group AB","CORE-PREF.ST","8036510","24.7327","Sweden"
"9778","Gentian Diagnostics ASA","GENT.OL","8007220","4.17784","Norway"
"9779","Portland General Electric","POR","8000000","49.7","United States"
"9780","Devyser Diagnostics","DVYSR.ST","7971970","6.29369","Sweden"
"9781","Gladstone Commercial","GOOD","7964000","13.18","United States"
"9782","Regencell Bioscience","RGC","7961240","5.29","Hong Kong"
"9783","Thryv","THRY","7952000","1.97","United States"
"9784","MariMed","MRMD","7937000","0.08","United States"
"9785","Momentum Group AB","MMGR-B.ST","7933470","14.9449","Sweden"
"9786","Qatar Cinema and Film Distribution Company","QCFS.QA","7922730","0.677198","Qatar"
"9787","Epsilon Energy","EPSN","7912860","5.61","United States"
"9788","Starbreeze","STAR-B.ST","7892040","0.0107351","Sweden"
"9789","TXO Partners, L.P.","TXO","7886000","14.09","United States"
"9790","BeyondSpring","BYSI","7863000","0.7092","United States"
"9791","United States Antimony Corporation","UAMY","7840570","5.1","United States"
"9792","Apple Hospitality REIT","APLE","7837000","16.59","United States"
"9793","Deoleo","OLE.MC","7830740","0.51294","Spain"
"9794","JTEKT India","JTEKTINDIA.NS","7824370","1.31825","India"
"9795","Ainsworth Game Technology","AGI.AX","7822590","0.790415","Australia"
"9796","Marti Technologies","MRT","7805860","2.12","Turkey"
"9797","edding AG","EDD3.F","7805330","37.7447","Germany"
"9798","Jay Bharat Maruti","JAYBARMARU.NS","7801580","1.2867","India"
"9799","Ecora Resources","ECOR.L","7786000","2.33772","United Kingdom"
"9800","Fermentalg","ALGAE.PA","7779060","0.535673","France"
"9801","Outlook Therapeutics","OTLK","7748230","0.609","United States"
"9802","Oconee Federal Financial","OFED","7744000","23.05","United States"
"9803","Iceland Seafood International","ICESEA.IC","7737360","0.035227","Iceland"
"9804","Nanexa AB","NANEXA.ST","7730800","0.495707","Sweden"
"9805","Usio","USIO","7728800","2.86","United States"
"9806","Celulosa Argentina","CELU.BA","7715320","0.136514","Argentina"
"9807","Smart Good Things Holding","MLSGT.PA","7712480","3.24751","France"
"9808","Mensch und Maschine","MUM.F","7708420","43.0753","Germany"
"9809","PEDEVCO","PED","7702000","13.56","United States"
"9810","111, Inc.","YI","7700680","3.53","China"
"9811","KULR Technology Group","KULR","7676310","2.58","United States"
"9812","Netfonds AG","NF4.DE","7656170","95.0105","Germany"
"9813","DATRON AG","DAR.DE","7645490","9.44276","Germany"
"9814","ALIA MENTIS","ALMS.MI","7631040","5.98042","Italy"
"9815","The Eastern Company","EML","7616720","25.62","United States"
"9816","Tharimmune","THAR","7610340","4.74","United States"
"9817","Lassonde Industries","LAS-A.TO","7594820","175.251","Canada"
"9818","Middle East Specialized Cables Company","2370.SR","7591000","8.3209","Saudi Arabia"
"9819","Meds Apotek AB","MEDS.ST","7574330","2.73639","Sweden"
"9820","Real-Estate Trade Centers Company (Marakez)","MARAKEZ.KW","7565450","622.758","Kuwait"
"9821","Monash IVF Group","MVF.AX","7563650","0.493562","Australia"
"9822","PennantPark Investment","PNNT","7559450","3.77","United States"
"9823","Centerspace","CSR","7555000","54.6","United States"
"9824","Gold Hydrogen Limited","GHY.AX","7554790","0.389843","Australia"
"9825","Olympic Steel","ZEUS","7548000","47.86","United States"
"9826","Actelis Networks","ASNS","7546000","0.043","United States"
"9827","MHP Hotel AG","CDZ0.F","7542610","1.5155","Germany"
"9828","Mobcast","3664.T","7530150","0.188314","Japan"
"9829","Silver Bow Mining","SBMT","7519920","9.16","United States"
"9830","Al Safat Investment Company","ALSAFAT.KW","7510870","599.935","Kuwait"
"9831","Cereno Scientific","CRNO-B.ST","7509290","0.488761","Sweden"
"9832","Globavend","GVH","7505390","1.09","Australia"
"9833","Quartix Technologies","QTX.L","7497190","3.04482","United Kingdom"
"9834","OBOOK Holdings Inc. (OwlTing)","OWLS","7493880","5.57","Taiwan"
"9835","Mubarrad Holding Company","MUBARRAD.KW","7484840","453.212","Kuwait"
"9836","LEWAG Holding","KGR.F","7460710","27.9785","Germany"
"9837","John Mattson Fastighetsföretagen","JOMA.ST","7459530","6.23054","Sweden"
"9838","Evolva Holding SA","EVE.SW","7459390","2.86116","Switzerland"
"9839","Artifex Mundi","ART.WA","7441870","5.68371","Poland"
"9840","Lulu's Fashion Lounge","LVLU","7439000","13.28","United States"
"9841","Avingtrans","AVG.L","7438980","9.87065","United Kingdom"
"9842","Bloober Team","6BO.SG","7428480","6.28352","Poland"
"9843","Montea Comm","MONT.BR","7426640","77.7571","Belgium"
"9844","Ryvyl Inc.","RVYL","7425000","7.81","United States"
"9845","Hatsun Agro Products","HATSUN.NS","7423710","10.7408","India"
"9846","Global Self Storage","SELF","7406430","5.67","United States"
"9847","Amlak International Finance Company","1182.SR","7405210","2.37055","Saudi Arabia"
"9848","Silver Mines Limited","SVL.AX","7387940","0.121602","Australia"
"9849","Hyperion DeFi","HYPD","7380920","3.26","United States"
"9850","Regentis Biomaterials","RGNT","7378000","2.16","Israel"
"9851","Foxtons Group","FOXT.L","7373290","0.527125","United Kingdom"
"9852","BSR Real Estate Investment Trust","HOM-UN.TO","7366000","11.3572","Canada"
"9853","CrossAmerica Partners","CAPL","7349000","23.48","United States"
"9854","Xenetic Biosciences","XBIO","7347260","3.81","United States"
"9855","DelfinGroup AS","DGR1R.RG","7344500","1.78363","Latvia"
"9856","Scott Technology","SCT.NZ","7296250","1.63798","New Zealand"
"9857","Sundaram Finance","SUNDARMHLD.NS","7294630","7.58155","India"
"9858","Ringmetall","HP3A.DE","7289190","3.07764","Germany"
"9859","Apex Critical Metals","KL9.F","7282180","1.00023","Canada"
"9860","NWF Group plc","NWF.L","7280140","2.10067","United Kingdom"
"9861","Jaguar Health","JAGX","7278000","0.912","United States"
"9862","Northern Technologies International","NTIC","7275980","8.06","United States"
"9863","Novaturas AB","NTU1L.VS","7272750","0.83003","Lithuania"
"9864","Wrap Technologies","WRAP","7264000","1.45","United States"
"9865","CubeSmart","CUBE","7258000","40.91","United States"
"9866","Air Asia Company Limited (AACL)","2630.TW","7256750","1.55123","Taiwan"
"9867","Crexendo","CXDO","7249000","6.27","United States"
"9868","Elevate Uranium","EL8.AX","7230400","0.211016","Australia"
"9869","Tivic Health Systems","TIVC","7215000","1.4","United States"
"9870","Meteoric Resources","MEI.AX","7213210","0.164521","Australia"
"9871","engcon AB","ENGCON-B.ST","7212250","6.97779","Sweden"
"9872","Forza X1","FRZA","7200430","0.2","United States"
"9873","GCT Semiconductor","GCTS","7185000","1.86","United States"
"9874","Lemonsoft","LEMON.HE","7181800","5.23432","Finland"
"9875","Al-Dawaa Medical Services Company","4163.SR","7164350","10.4144","Saudi Arabia"
"9876","Summerset Holdings","SUM.NZ","7164080","4.62803","New Zealand"
"9877","Grove Collaborative","GROV","7160000","0.92","United States"
"9878","Lumi Rental Company","4262.SR","7151330","7.65502","Saudi Arabia"
"9879","Verimatrix","VMX.PA","7145000","0.43017","France"
"9880","Bioventix","BVXP.L","7142870","23.3635","United Kingdom"
"9881","i3 Verticals","IIIV","7142000","16.77","United States"
"9882","Airgain","AIRG","7127000","5.22","United States"
"9883","Sanghi Industries","SANGHIIND.NS","7123990","0.521262","India"
"9884","Nova Klúbburinn","NOVA.IC","7117970","0.0307616","Iceland"
"9885","Dialight plc","DIA.L","7100000","7.28833","United Kingdom"
"9886","Harvard Bioscience","HBIO","7098000","7.55","United States"
"9887","Universal Health Realty Income Trust","UHT","7064000","41.84","United States"
"9888","Ocean Power Technologies","OPTT","7056000","0.1815","United States"
"9889","Greenidge Generation Holdings","GREE","7051000","2.84","United States"
"9890","Quad","QUAD","7000000","10.25","United States"
"9891","National Presto Industries","NPK","6989000","155.14","United States"
"9892","Prosperity Real Estate Investment Trust","0808.HK","6974600","0.186255","Hong Kong"
"9893","National Company for Learning and Education","4291.SR","6946150","37.3162","Saudi Arabia"
"9894","Nueva Expresión Textil","NXT.MC","6916810","1.29867","Spain"
"9895","Dierig Holding AG","DIE.DE","6900360","9.67591","Germany"
"9896","Ranger Energy Services","RNGR","6900000","16.01","United States"
"9897","Sedlmayr Grund und Immobilien AG","SPB.F","6888970","1282.35","Germany"
"9898","Boxlight","BOXL","6888000","5.47","United States"
"9899","Netgem","ALNTG.PA","6876860","0.96526","France"
"9900","Uxin Limited","UXIN","6869400","1.14","China"
"9901","Gooch &amp; Housego","GHH.L","6865320","16.3477","United Kingdom"
"9902","Pareto Bank","PARB.OL","6859790","6.51915","Norway"
"9903","Plaza Retail REIT","PLZ-UN.TO","6855400","3.82423","Canada"
"9904","YanGuFang International Group","YGF","6853400","0.7332","China"
"9905","Conexeu Sciences","CNXU","6848060","7.81","United States"
"9906","Buzzfeed","BZFD","6846000","1.13","United States"
"9907","iomart Group","IOM.L","6840000","0.198215","United Kingdom"
"9908","Quirin Privatbank","QB7.DE","6817870","3.63721","Germany"
"9909","Voltage","3639.T","6814660","1.41864","Japan"
"9910","Haoxi Health Technology","HAO","6801160","3.01","China"
"9911","Clearside Biomedical","CLSD","6801000","0.41","United States"
"9912","Badger Infrastructure Solutions","BDGI.TO","6800000","60.3723","Canada"
"9913","Innovative Aerosystems","ISSC","6764160","24.78","United States"
"9914","Nextensa","NEXTA.BR","6719450","54.325","Belgium"
"9915","Sanford Limited","SAN.NZ","6716980","4.13962","New Zealand"
"9916","Kamux","KAMUX.HE","6713040","1.82327","Finland"
"9917","NRx Pharmaceuticals","NRXP","6713000","3.45","United States"
"9918","Killam Apartment REIT","KMP-UN.TO","6705800","13.6373","Canada"
"9919","AltPlus","3672.T","6697510","0.182037","Japan"
"9920","MRM","MRM.PA","6686930","36.549","France"
"9921","BeLive Holdings","BLIV","6681160","2.1","Singapore"
"9922","CeoTronics","CEK.DE","6664350","12.3805","Germany"
"9923","Lime Technologies AB","LIME.ST","6664120","26.6798","Sweden"
"9924","Perma-Fix Environmental Services","PESI","6664000","16.3","United States"
"9925","LPKF Laser &amp; Electronics","LPK.DE","6659800","15.2133","Germany"
"9926","Kuwait Real Estate Holding Company","ALAQARIA.KW","6649610","224.323","Kuwait"
"9927","CombinedX","CX.ST","6638020","3.5152","Sweden"
"9928","Tessellis","TSL.MI","6634960","0.100723","Italy"
"9929","AMC Robotics Corporation","AMCI","6632620","4.83","United States"
"9930","Vivoryon Therapeutics","05Y.F","6625470","1.25321","Germany"
"9931","Marshalls plc","MSLH.L","6598930","2.23282","United Kingdom"
"9932","cBrain","CBRAIN.CO","6597300","12.3328","Denmark"
"9933","Astrotech","ASTC","6582000","7.44","United States"
"9934","Graham Corporation","GHM","6580000","97.16","United States"
"9935","Hoffmann Green Cement Technologies","ALHGR.PA","6577310","4.72138","France"
"9936","Lead Real Estate","LRE","6575400","1.31","Japan"
"9937","Society Pass","SOPA","6552700","0.076","Singapore"
"9938","Financière Moncey Société anonyme","FMONC.PA","6549120","136.978","France"
"9939","NPK International","NPKI","6537000","13.16","United States"
"9940","Almawave","AIW.MI","6532450","5.07032","Italy"
"9941","Nordisk Bergteknik AB","NORB-B.ST","6532240","1.1156","Sweden"
"9942","GPGI, Inc.","GPGI","6500000","13.06","United States"
"9943","F-Secure","FSECURE.HE","6499880","2.3432","Finland"
"9944","Minto Apartment Real Estate Investment Trust","MI-UN.TO","6491450","12.9807","Canada"
"9945","Transcontinental","TCL-A.TO","6480310","4.10564","Canada"
"9946","PAVmed","PAVM","6460000","5.1","United States"
"9947","Al Madar Kuwait Holding Company","MADAR.KW","6442200","391.262","Kuwait"
"9948","Virax Biolabs","VRAX","6438910","3","United Kingdom"
"9949","Takween Advanced Industries","1201.SR","6434950","1.29714","Saudi Arabia"
"9950","Middle East Healthcare Company","4009.SR","6428070","8.65651","Saudi Arabia"
"9951","Beasley Broadcast Group","BBGI","6425550","19.72","United States"
"9952","Pinnacle West Capital","PNW","6409000","97.71","United States"
"9953","Laiqon AG","LQAG.DE","6381130","5.36256","Germany"
"9954","DeFi Development","DFDV","6375000","4.09","United States"
"9955","Olimpo Real Estate","YORE.MC","6373860","1.1308","Spain"
"9956","enish","3667.T","6357370","0.188314","Japan"
"9957","Australian Agricultural Company","AAC.AX","6350950","0.969242","Australia"
"9958","Royal Unibrew","RBREW.CO","6350790","68.4463","Denmark"
"9959","Bien Sparebank","BIEN.OL","6343780","15.3581","Norway"
"9960","Graines Voltz","GRVO.PA","6328780","20.9839","France"
"9961","Biofrontera","BFRI","6326000","1.46","United States"
"9962","Lantern Pharma","LTRN","6322850","2.11","United States"
"9963","The Westaim Corporation","WED.V","6310000","14.1064","Canada"
"9964","Carvolix","CVX.PA","6309670","8.46351","France"
"9965","Wayi International Digital Entertainment","3086.TWO","6305710","0.82502","Taiwan"
"9966","Cousins Properties","CUZ","6296000","30.01","United States"
"9967","Maternus-Kliniken","MAK.DE","6287150","1.09583","Germany"
"9968","Dolphin Entertainment","DLPN","6283860","1.12","United States"
"9969","Ateme SA","ATEME.PA","6274230","14.9219","France"
"9970","GemLife Communities Group","GLF.AX","6272680","3.53362","Australia"
"9971","Vislink Technologies","VISL","6268000","3.15","United States"
"9972","Foresight Autonomous Holdings","FRSX","6262000","1.17","Israel"
"9973","Orion Group Holdings","ORN","6254000","9.1","United States"
"9974","Vadilal Industries","VADILALIND.NS","6253460","77.7766","India"
"9975","Theeb Rent A Car Company","4261.SR","6247960","5.57479","Saudi Arabia"
"9976","AEON Biopharma","AEON","6243000","0.1974","United States"
"9977","Prodways Group","ALPWG.PA","6237810","0.746095","France"
"9978","United Foodbrands Limited","UFBL.NS","6211520","8.31784","India"
"9979","iFOREX","IFRX.L","6205000","1.97534","Guernsey"
"9980","Bodal Chemicals","BODALCHEM.NS","6200930","0.909518","India"
"9981","ScottsMiracle-Gro","SMG","6200000","60.69","United States"
"9982","Renalytix","RENX.L","6200000","0.0602425","United Kingdom"
"9983","Celularity","CELU","6175000","0.7748","United States"
"9984","JCI Hitachi India","JCHAC.NS","6154840","15.7544","India"
"9985","Duluth Holdings","DLTH","6134000","3.75","United States"
"9986","Andrew Peller","ADW-A.TO","6131810","5.77242","Canada"
"9987","Versamet Royalties Corporation","VMET","6129000","10.71","Canada"
"9988","The ONE Group Hospitality","STKS","6121000","1.65","United States"
"9989","Synlait Milk","SML.NZ","6114300","0.226339","New Zealand"
"9990","Oragenics","OGEN","6107080","0.5195","United States"
"9991","SBF AG","CY1K.DE","6106660","3.82374","Germany"
"9992","Pensonic Holdings Berhad","9997.KL","6092080","0.110108","Malaysia"
"9993","Gabler Group AG","XK4.F","6068300","46.8641","Germany"
"9994","Abdullah Saad Mohammed Abo Moati for Bookstores Company","4191.SR","6068180","10.8566","Saudi Arabia"
"9995","The Hackett Group","HCKT","6068000","11.09","United States"
"9996","KlaraBo Sverige","KLARA-B.ST","6058290","1.46712","Sweden"
"9997","Motorpoint Group","MOTR.L","6049530","1.68245","United Kingdom"
"9998","Quicklogic","QUIK","6047000","11.27","United States"
"9999","Water Intelligence plc","WATR.L","6041900","4.66283","United Kingdom"
"10000","Soligenix","SNGX","6029430","0.4047","United States"
"10001","Luna Innovations","LUNA","6028000","1.5","United States"
"10002","Lightning eMotors","ZEVY","6022000","0.0001","United States"
"10003","Focus Universal","FCUV","6021590","8.94","United States"
"10004","Whitestone REIT","WSR","6016000","18.99","United States"
"10005","Kartoon Studios","TOON","6012000","0.6468","United States"
"10006","Pizza Pizza","PZA.TO","6010980","8.99776","Canada"
"10007","Antalpha Platform","ANTA","6009160","3.97","Singapore"
"10008","Planet13","PLTH.CN","6007040","0.137095","United States"
"10009","Zenvia","ZENV","6005490","0.4689","Brazil"
"10010","Sporting Clube de Braga","SCB.LS","6000880","26.8128","Portugal"
"10011","Worthington Enterprises","WOR","5979000","56.79","United States"
"10012","Warba Capital Holding Company","WARBACAP.KW","5971020","2901.86","Kuwait"
"10013","Crossject","ALCJ.PA","5967620","1.6997","France"
"10014","Mentice AB","MNTC.ST","5951770","1.36293","Sweden"
"10015","Propel Funeral Partners","PFP.AX","5950530","2.28183","Australia"
"10016","Navigo Invest","NAVIGO-STAM.ST","5927950","0.327314","Sweden"
"10017","Luceco plc","LUCE.L","5925570","3.06519","United Kingdom"
"10018","DSS, Inc. (Document Security Systems)","DSS","5919000","0.5567","United States"
"10019","Viveve Medical","VIVE","5907000","0.0002","United States"
"10020","Dalqan Real Estate Company","DALQAN.KW","5905460","561.178","Kuwait"
"10021","AFT Pharmaceuticals","AFT.NZ","5894240","2.57907","New Zealand"
"10022","AIM ImmunoTech","AIM","5879000","0.254","United States"
"10023","Marks Electrical Group","MRK.L","5872070","0.616443","United Kingdom"
"10024","NorthWestern Energy","NWE","5861000","69.66","United States"
"10025","Motorsport Gaming","MSGM","5859300","4.05","United States"
"10026","Mauna Kea Technologies","ALMKT.PA","5837230","0.180695","France"
"10027","NantHealth","NHIQ","5822000","0.012","United States"
"10028","EROAD Limited","ERD.NZ","5813650","0.583716","New Zealand"
"10029","Mitsui Fudosan Logistics Park","3471.T","5795190","669.772","Japan"
"10030","Kitwave Group","KITW.L","5778580","3.99424","United Kingdom"
"10031","Intred","ITD.MI","5776420","10.865","Italy"
"10032","Runway Growth Finance","RWAY","5774070","6.57","United States"
"10033","PopReach","INIK.V","5773000","0.0505087","Canada"
"10034","HydrogenPro ASA","HYPRO.OL","5770400","0.0552033","Norway"
"10035","Spencer's Retail","SPENCERS.NS","5768270","0.30979","India"
"10036","3P Learning","3PL.AX","5748590","0.243205","Australia"
"10037","TechCreate Group","TCGL","5740590","172.84","Singapore"
"10038","HK Electric Investments","2638.HK","5732560","0.810721","Hong Kong"
"10039","Saudi Cable Company","2110.SR","5730180","47.8106","Saudi Arabia"
"10040","Delegat","DGL.NZ","5723490","2.48973","New Zealand"
"10041","TCM Group A/S","TCM.CO","5700220","10.5398","Denmark"
"10042","Sonic Automotive","SAH","5700000","75.32","United States"
"10043","IG Design Group","IGR.L","5692680","1.35004","United Kingdom"
"10044","Innovative Eyewear","LUCY","5677000","1.12","United States"
"10045","Flotek Industries","FTK","5676000","23.92","United States"
"10046","Texaf","TEXF.BR","5651620","48.7293","Belgium"
"10047","Cedar Woods Properties Limited","CWP.AX","5636760","5.52933","Australia"
"10048","Goodman Property Trust","GMT.NZ","5627390","1.12303","New Zealand"
"10049","Telia Lietuva","ZWS.F","5622750","2.52973","Lithuania"
"10050","TXNM Energy","TXNM","5620000","57.08","United States"
"10051","NJ Holdings","9421.T","5607210","3.19507","Japan"
"10052","Lifeway Foods","LWAY","5604000","26.335","United States"
"10053","KLX Energy Services","KLXE","5600000","1.5","United States"
"10054","Region Group","RGN.AX","5591370","1.60944","Australia"
"10055","Marin Software","MRIN","5588000","0.8981","United States"
"10056","Forsee Power","FORSE.PA","5587060","0.307137","France"
"10057","Xior Student Housing","XIOR.BR","5587010","31.709","Belgium"
"10058","Brødrene A &amp; O Johansen","AOJ-B.CO","5576300","16.1527","Denmark"
"10059","The Glimpse Group","VRAR","5562400","0.68","United States"
"10060","Telomir Pharmaceuticals","TELO","5560510","1.17","United States"
"10061","Adairs Limited","ADH.AX","5547950","1.07654","Australia"
"10062","Amoéba S.A.","ALMIB.PA","5547470","0.820704","France"
"10063","Reading International","RDI","5535000","1.82","United States"
"10064","SPI Energy","SPI","5527000","0.766","United States"
"10065","AXIL Brands","AXIL","5518990","6.38","United States"
"10066","AS Pro Kapital Grupp","PKG1T.TL","5518580","0.757752","Estonia"
"10067","Polymetals Resources","POL.AX","5509800","0.74392","Australia"
"10068","Oncolytics Biotech","ONCY","5493000","0.8441","Canada"
"10069","Port of Tauranga","POT.NZ","5467930","4.88415","New Zealand"
"10070","Target Hospitality","TH","5461000","17.83","United States"
"10071","Indonesia Energy","INDO","5459310","2.86","Indonesia"
"10072","BRAIN Biotech","BNN.DE","5458400","3.19422","Germany"
"10073","Bahrain Duty Free Shop Complex","DUTYF.BH","5441830","0.32626","Bahrain"
"10074","Rane (Madras) Limited","RML.NS","5431930","11.8044","India"
"10075","Cake Box Holdings","CBOX.L","5429350","2.58838","United Kingdom"
"10076","National Metal Manufacturing and Casting","2220.SR","5425140","3.39069","Saudi Arabia"
"10077","SOS Limited","SOS","5414000","0.92","China"
"10078","InfraCom Group AB","INFRA.ST","5411940","2.16806","Sweden"
"10079","Postmedia Network Canada","PNC-A.TO","5410870","0.714337","Canada"
"10080","Rokiskio Suris AB","RSU1L.VS","5399060","5.24598","Lithuania"
"10081","ATARI","ALATA.PA","5398490","0.120426","France"
"10082","Femasys","FEMY","5386040","2.98","United States"
"10083","Selvita","SLV.WA","5372810","7.74067","Poland"
"10084","Imagicaaworld Entertainment","IMAGICAA.NS","5353820","0.520844","India"
"10085","LiveOne","LVO","5353000","3.83","United States"
"10086","Off the Hook YS Inc","OTH","5330460","2.57","United States"
"10087","Bango","BGO.L","5313000","0.834631","United Kingdom"
"10088","National Building and Marketing Company","9510.SR","5310450","12.2416","Saudi Arabia"
"10089","Novavest Real Estate AG","NREN.SW","5300490","48.5153","Switzerland"
"10090","Nauticus Robotics","KITT","5285230","0.8201","United States"
"10091","Acrow Limited","ACF.AX","5276870","0.675966","Australia"
"10092","Kuantum Papers","KUANTUM.NS","5266120","0.754571","India"
"10093","Elite Express","ETS","5235990","0.9973","United States"
"10094","Magnetic Resources NL","MAU.AX","5206980","1.30668","Australia"
"10095","REC Silicon","RECSI.OL","5200000","0.024446","Norway"
"10096","Charlotte's Web","CWEB.TO","5198000","0.331914","United States"
"10097","Douglas Dynamics","PLOW","5189000","41.64","United States"
"10098","Urgent.ly Inc.","ULY","5164000","5.38","United States"
"10099","Milkfood Limited","MLKFOOD.BO","5151670","0.954968","India"
"10100","Afentra","AET.L","5145000","1.0517","United Kingdom"
"10101","Trinity Biotech","TRIB","5138000","10.33","Ireland"
"10102","Hydrogen-Refueling-Solutions","ALHRS.PA","5132390","1.44556","France"
"10103","Answear.com","ANR.WA","5131900","5.85963","Poland"
"10104","Al Hammadi Holding Company","4007.SR","5121410","6.80268","Saudi Arabia"
"10105","Viscom SE","V6C.DE","5120430","6.64491","Germany"
"10106","Nestle Malaysia","4707.KL","5118740","25.733","Malaysia"
"10107","NusaTrip","NUTR","5104180","9","Indonesia"
"10108","B.P. Marsh &amp; Partners","BPM.L","5101450","9.37266","United Kingdom"
"10109","NZME Limited","NZM.NZ","5098830","0.661147","New Zealand"
"10110","Bullfrog AI","BFRG","5080460","0.5622","United States"
"10111","Global Bioenergies","ALGBE.PA","5059810","0.0218702","France"
"10112","Allurion Technologies","ALUR","5056000","2.01","United States"
"10113","Ascencio","ASCE.BR","5044040","61.2031","Belgium"
"10114","Eco Wave Power Global","WAVE","5041000","6.7","Israel"
"10115","Hepsor AS","HPR1T.TL","5037100","5.82886","Estonia"
"10116","Aethlon Medical","AEMD","5026460","2.64","United States"
"10117","VivoSim Labs","VIVS","5024000","0.292","United States"
"10118","Avalon Pharma (Middle East Pharmaceutical)","4016.SR","5019980","16.6871","Saudi Arabia"
"10119","Gala Incorporated","4777.T","4981940","1.24915","Japan"
"10120","Umm Al-Qura Cement Company","3005.SR","4981300","3.30812","Saudi Arabia"
"10121","PCC Exol","PCX.WA","4942300","0.562958","Poland"
"10122","Transcat","TRNS","4942000","87.38","United States"
"10123","Norse Atlantic ASA","NORSE.OL","4942000","0.0321661","Norway"
"10124","Pacific Century Regional Developments","P15.SI","4917050","0.39336","Singapore"
"10125","The Pennant Group","PNTG","4912000","38.89","United States"
"10126","BEML","BEML.NS","4905640","20.1442","India"
"10127","iCandy Interactive","ICI.AX","4903950","0.0112852","Australia"
"10128","Indoco Remedies","INDOCO.NS","4903500","2.3519","India"
"10129","Hikal","HIKAL.NS","4877820","2.18368","India"
"10130","İşbir Holding","ISBIR.IS","4867660","1.53874","Turkey"
"10131","Dar Al-Thuraya Real Estate","THURAYA.KW","4831020","723.834","Kuwait"
"10132","Captor Therapeutics","CTX.WA","4830480","19.5682","Poland"
"10133","YOC AG","YOC.DE","4828700","5.94544","Germany"
"10134","Cytosorbents","CTSO","4813000","0.3702","United States"
"10135","Hydrofarm","HYFM","4811000","0.9099","United States"
"10136","Aemetis","AMTX","4797000","1.89","United States"
"10137","Imunon","IMNN","4794070","1.59","United States"
"10138","The Children's Place","PLCE","4781000","2.61","United States"
"10139","Al Argan International Real Estate Company","ARGAN.KW","4779670","371.699","Kuwait"
"10140","Eduform'action","ALEFA.PA","4776450","0.326416","France"
"10141","Armata Pharmaceuticals","ARMP","4754000","5.17","United States"
"10142","The Energy House Holding Company","ENERGYH.KW","4750710","824.91","Kuwait"
"10143","Erayak Power Solution","RAYA","4721900","2.27","China"
"10144","U.S. GoldMining","USGO","4709580","9.97","United States"
"10145","Chesapeake Utilities","CPK","4700000","135.25","United States"
"10146","Gabriel Holding A/S","GABR.CO","4697570","41.785","Denmark"
"10147","Cocrystal Pharma","COCP","4685000","1.11","United States"
"10148","CASI Pharmaceuticals","CASI","4685000","0.2075","United States"
"10149","AstroNova, Inc.","ALOT","4675000","28.91","United States"
"10150","Arq Inc.","ARQ","4672000","2.21","United States"
"10151","reAlpha Tech","AIRE","4667610","1.6","United States"
"10152","Aquaporin","AQP.CO","4650810","0.0906825","Denmark"
"10153","Pyramid AG","M3B.DE","4623540","0.904662","Germany"
"10154","tinyBuild","8Z3.F","4615000","0.138727","United States"
"10155","Brouwerij Handelsmaatschappij","COBH.BR","4600240","2657.96","Belgium"
"10156","Hess Midstream","HESM","4600000","39.02","United States"
"10157","Nordecon AS","NCN1T.TL","4594960","0.706458","Estonia"
"10158","Citius Pharmaceuticals","CTXR","4590170","0.5754","United States"
"10159","Ultimate Products","ULTP.L","4584130","0.711123","United Kingdom"
"10160","Adial Pharmaceuticals","ADIL","4584100","5.4","United States"
"10161","CT REIT","CRT-UN.TO","4583940","12.9302","Canada"
"10162","Futura Medical","FUM.L","4581040","0.00611675","United Kingdom"
"10163","Kingsgate Consolidated Limited","KCN.AX","4581040","3.79828","Australia"
"10164","Reed's, Inc.","REED","4580000","1.05","United States"
"10165","Restore plc","RST.L","4578850","3.99155","United Kingdom"
"10166","NNN REIT","NNN","4570000","46.34","United States"
"10167","Shoper","SHO.WA","4566070","11.3945","Poland"
"10168","J. B. Hunt","JBHT","4563000","259.88","United States"
"10169","Lucas GC","LGCL","4546800","0.047","China"
"10170","People Can Fly","PCF.WA","4541490","1.00142","Poland"
"10171","Antero Resources","AR","4541000","37.9","United States"
"10172","Harte Hanks","HHS","4538000","3.97","United States"
"10173","Atrium Ljungberg","ATRLJ-B.ST","4533410","2.69955","Sweden"
"10174","4DMedical Limited","4DX.AX","4524890","2.77539","Australia"
"10175","Kelly Partners Group","KPG.AX","4517170","3.36195","Australia"
"10176","Thimar Development Holding Company","4160.SR","4513040","9.33838","Saudi Arabia"
"10177","1Spatial","SPA.L","4506150","0.96671","United Kingdom"
"10178","Zoom Telephonics","MINM","4504080","3.61","United States"
"10179","Trex","TREX","4492000","47.27","United States"
"10180","Modiv Industrial","MDV","4477000","18.05","United States"
"10181","Archrock","AROC","4461000","30.7","United States"
"10182","SaverOne 2014","SVRE","4453370","2.85","Israel"
"10183","Rein Therapeutics","RNTX","4445000","0.8","United States"
"10184","Vincerx Pharma","VINC","4437000","0.013","United States"
"10185","GEN Restaurant Group","GENK","4435000","1.97","United States"
"10186","Swvl Holdings","SWVL","4414460","1.47","United Arab Emirates"
"10187","NoHo Partners","NOHO.HE","4398200","9.27955","Finland"
"10188","Solana Company","HSDT","4395000","2.18","United States"
"10189","Mortgage Advice Bureau (Holdings)","MAB1.L","4377320","7.07036","United Kingdom"
"10190","Innovatec","INC.MI","4360960","0.290277","Italy"
"10191","Petros Pharmaceuticals","PTPI","4352450","0.004","United States"
"10192","Apetit Oyj","APETIT.HE","4346500","13.9893","Finland"
"10193","Atrium Mortgage Investment","AI.TO","4343850","8.37001","Canada"
"10194","Perpetuals.com","PDC","4333520","3.06","Japan"
"10195","EVI Industries","EVI","4316000","14.75","United States"
"10196","SPAR Group","SGRP","4310000","0.65","United States"
"10197","SolarMax Technology","SMXT","4307360","0.3726","United States"
"10198","MotorK","MTRK.AS","4294810","2.77454","Italy"
"10199","Hunyvers","ALHUN.PA","4293670","8.04383","France"
"10200","Suburban Propane Partners","SPH","4292000","17.75","United States"
"10201","Artesian Resources","ARTNA","4255000","35.89","United States"
"10202","Private Equity Holding","PEHN.SW","4241070","75.3853","Switzerland"
"10203","Presto Automation","PRST","4235000","0.0001","United States"
"10204","OKYO Pharma","OKYO","4220380","1.5","United Kingdom"
"10205","Aether Industries","AETHER.NS","4218890","17.0494","India"
"10206","Genesis Energy  L.P.","GEL","4210000","16.15","United States"
"10207","Acme United","ACU","4196000","61.61","United States"
"10208","Farmer Brothers","FARM","4186000","1.28","United States"
"10209","Neon Equity AG","D77.DE","4177650","6.64491","Germany"
"10210","Bisalloy Steel Group","BIS.AX","4164580","3.42632","Australia"
"10211","Surf Air Mobility","SRFM","4163000","0.6586","United States"
"10212","ParaZero Technologies","PRZO","4159310","0.6258","Israel"
"10213","Massimo Motor","MAMO","4147220","0.954","United States"
"10214","PainReform","PRFX","4141000","1.01","Israel"
"10215","Entera Bio","ENTX","4137000","3.42","Israel"
"10216","Greenply","GREENPLY.NS","4128560","3.00439","India"
"10217","CI Games","CI7.F","4123940","0.655164","Poland"
"10218","BioLargo","BLGO","4122000","0.11","United States"
"10219","Tata Teleservices","TTML.NS","4121550","0.392853","India"
"10220","EagleRock Land","EROK","4118000","25.02","United States"
"10221","Ampio Pharmaceuticals","AMPE","4089000","0.1831","United States"
"10222","Ontrak","OTRK","4087000","0.0601","United States"
"10223","Omer-Decugis & Cie","ALODC.PA","4079130","9.88575","France"
"10224","Hoth Therapeutics","HOTH","4047200","1.36","United States"
"10225","The Gym Group","GYM.L","4040160","2.75553","United Kingdom"
"10226","Corero Network Security","CNS.L","4034000","0.0987671","United Kingdom"
"10227","CR Energy","CRZK.DE","4028940","0.412684","Germany"
"10228","TROOPS, Inc.","TROO","4019000","1.89","Hong Kong"
"10229","Fintech Scion (FintechCashier)","FINR","4014770","0.001","United Kingdom"
"10230","Tiziana Life Sciences","TLSA","4010000","1.15","United Kingdom"
"10231","COSOL Limited","COS.AX","4005970","0.143062","Australia"
"10232","Ekso Bionics","EKSO","3993000","11.8","United States"
"10233","S.S. Lazio","SSL.MI","3991730","1.86524","Italy"
"10234","L.B. Foster","FSTR","3991000","37.5","United States"
"10235","GenFlat Holdings","GFLT","3986370","3","United States"
"10236","Ticketplus","TP","3980840","8.075","Chile"
"10237","Redhill Biopharma","RDHL","3971000","0.6052","Israel"
"10238","Poujoulat","ALPJT.PA","3965540","7.13453","France"
"10239","BioNexus Gene Lab","BGLC","3964960","1.55","Malaysia"
"10240","Bragg Gaming Group","BRAG","3950280","1.48","Canada"
"10241","Animalcare Group","ANCR.L","3922990","4.56372","United Kingdom"
"10242","Hawkins","HWKN","3914000","117.75","United States"
"10243","Timbercreek Financial","TF.TO","3911410","4.37983","Canada"
"10244","Solvac","SOLV.BR","3904500","95.5934","Belgium"
"10245","El Pollo Loco","LOCO","3900000","15.9","United States"
"10246","BoomBit","BBT.WA","3899770","1.43987","Poland"
"10247","Titan Medical","TMD.TO","3898000","0.0326591","Canada"
"10248","Ryde Group","RYDE","3895940","0.788","Singapore"
"10249","T Stamp Inc. (TrustStamp)","IDAI","3894180","3.06","United States"
"10250","Supply Network Limited","SNL.AX","3888940","25.2647","Australia"
"10251","ICF International","ICFI","3883000","88.84","United States"
"10252","LakeShore Biopharma","LSB","3870020","0.627","China"
"10253","Aker Horizons","AKH.OL","3869320","0.0013012","Norway"
"10254","Ascot Resources","AOT.TO","3868280","0.0399384","Canada"
"10255","Sigma Lithium","SGML","3852000","12.21","Canada"
"10256","Maui Land &amp; Pineapple Company","MLP","3845000","15.76","United States"
"10257","Solowin Holdings","SWIN","3838000","3.28","Hong Kong"
"10258","Saudi Company for Hardware (SACO)","4008.SR","3835260","5.66003","Saudi Arabia"
"10259","Argo Global Listed Infrastructure","ALI.AX","3834140","1.8598","Australia"
"10260","Al Manar Financing and Leasing Company","ALMANAR.KW","3830820","358.657","Kuwait"
"10261","Cullman Bancorp","CULL","3828000","16.5","United States"
"10262","Senzime AB","SEZI.ST","3823730","0.395724","Sweden"
"10263","Herfy Food Services Company","6002.SR","3817220","4.16578","Saudi Arabia"
"10264","Al Masane Al Kobra Mining Company","1322.SR","3815860","23.6922","Saudi Arabia"
"10265","CNX Resources","CNX","3748000","36.48","United States"
"10266","Frontier Energy Limited","FHE.AX","3742710","0.150215","Australia"
"10267","Virco Manufacturing","VIRC","3734000","5.99","United States"
"10268","Arcadia Biosciences","RKDA","3720000","0.4805","United States"
"10269","Scandinavian Enviro Systems","SES.ST","3708710","0.0199335","Sweden"
"10270","South Port NZ","SPN.NZ","3701130","5.17601","New Zealand"
"10271","Tabuk Agricultural Development Company","6040.SR","3699680","2.42915","Saudi Arabia"
"10272","Getty Realty","GTY","3699000","33.39","United States"
"10273","Cabka","7GW.F","3696870","2.33155","Germany"
"10274","Vicarious Surgical","RBOT","3682000","0.037","United States"
"10275","OrganiGram Holdings","OGI","3670460","1.26","Canada"
"10276","Saudi Printing and Packaging Company","4270.SR","3665730","2.20808","Saudi Arabia"
"10277","Schlatter Industries AG","STRN.SW","3660480","22.3917","Switzerland"
"10278","IBU-tec advanced materials AG","IBU.DE","3659690","17.4283","Germany"
"10279","Care Property Invest NV","CPINV.BR","3653620","14.2691","Belgium"
"10280","Wethaq Takaful Insurance Company K.S.C.P.","WETHAQ.KW","3649080","394.522","Kuwait"
"10281","Greencoat UK Wind","UKW.L","3643340","1.50147","United Kingdom"
"10282","Genius Group","GNS","3637460","0.1729","Singapore"
"10283","Trophy Games","TGAMES.CO","3625250","2.08925","Denmark"
"10284","Cenntro Inc.","CENN","3613840","0.0775","United States"
"10285","Asetek","ASTK.CO","3610000","0.260469","Denmark"
"10286","Semilux International","SELX","3594260","0.34","Taiwan"
"10287","Ohmyhome","OMH","3572310","0.098","Singapore"
"10288","Arco Vara AS","ARC1T.TL","3547490","1.4747","Estonia"
"10289","Atlantic Lithium Limited","A11.AX","3543470","0.211016","Australia"
"10290","Scienture Holdings","SCNX","3542750","0.4326","United States"
"10291","Elauwit Connection","ELWT","3534000","7.31","United States"
"10292","Whitefield Industrials Limited","WHF.AX","3519290","3.57654","Australia"
"10293","PodcastOne","PODC","3509000","2.65","United States"
"10294","Alligator Bioscience AB","ATORX.ST","3491680","0.00314685","Sweden"
"10295","Upexi","UPXI","3482850","1.035","United States"
"10296","Mobile-health Network Solutions","MNDR","3479490","1.65","Singapore"
"10297","Kalray","ALKAL.PA","3467800","7.0063","France"
"10298","Cyberoo","CYB.MI","3454050","1.46887","Italy"
"10299","Aptorum Group","APM","3452890","0.7","Hong Kong"
"10300","Delticom AG","DEX.DE","3449000","2.5647","Germany"
"10301","Livestock Transport and Trading Company","CATTL.KW","3436600","554.288","Kuwait"
"10302","Australian United Investment Company","AUI.AX","3420750","8.64092","Australia"
"10303","HeartSciences Inc.","HSCS","3397040","2.76","United States"
"10304","RGC Resources","RGCO","3391990","22.15","United States"
"10305","Cardinal Energy","CJ.TO","3368830","8.62256","Canada"
"10306","Scilex Holding","SCLX","3361000","5.66","United States"
"10307","Amadeus Fire","AAD.DE","3327580","24.9475","Germany"
"10308","Pulmatrix","PULM","3324000","1.55","United States"
"10309","Nobia AB","NOBI.ST","3281950","1.60879","Sweden"
"10310","Where Food Comes From","WFCF","3281000","12.95","United States"
"10311","Orion Energy Systems","OESX","3265000","20.99","United States"
"10312","AlphaTON Capital Corp","ATON","3256000","0.32","British Virgin Islands"
"10313","Home Invest Belgium","HOMI.BR","3242250","22.3828","Belgium"
"10314","Games Operators","GOP.WA","3236440","3.05838","Poland"
"10315","NanoViricides","NNVC","3213260","1.27","United States"
"10316","Turn Therapeutics","TTRX","3189940","9.68","United States"
"10317","Vitesse Energy","VTS","3180000","17.05","United States"
"10318","DigiAsia Corp","FAAS","3167610","0.0807","Indonesia"
"10319","Cryo-Cell International","CCEL","3161970","4.39","United States"
"10320","Inspira Technologies","IINN","3159000","0.38","Israel"
"10321","Allreal Holding","ALLN.SW","3157760","247.055","Switzerland"
"10322","Lunai Bioworks","LNAI","3155270","2.13","United States"
"10323","Wedia SA","ALWED.PA","3151670","31.7526","France"
"10324","Cantabil Retail India","CANTABIL.NS","3148870","2.56389","India"
"10325","Sphere 3D","ANY","3145000","2.43","Canada"
"10326","Nexstim","NXTMH.HE","3144490","10.7717","Finland"
"10327","Regional Management Corp.","RM","3140000","34.63","United States"
"10328","U Power","UCAR","3137610","0.5953","China"
"10329","Alok Industries","ALOKINDS.NS","3134220","0.117856","India"
"10330","Cyabra, Inc.","CYAB","3122000","0.3022","United States"
"10331","Fonciere Inea","INEA.PA","3113030","38.2374","France"
"10332","Palms Agro Production Company","PAPCO.KW","3109220","834.692","Kuwait"
"10333","MediaCo Holding","MDIA","3109000","1.06","United States"
"10334","VolitionRx","VNRX","3102820","0.391","United States"
"10335","bioAffinity Technologies","BIAF","3098370","5.82","United States"
"10336","La Rosa Holdings","LRHC","3086770","0.6085","United States"
"10337","HUB Cyber Security","HUBC","3085000","0.7484","Israel"
"10338","Stabilis Solutions","SLNG","3082000","5.66","United States"
"10339","Polaryx Therapeutics","PLYX","3080000","1.87","United States"
"10340","Kuwait Hotels Company K.S.C.P.","KHOT.KW","3061470","730.355","Kuwait"
"10341","Expion360","XPON","3056540","6.2","United States"
"10342","Webuy Global","WBUY","3056040","0.765","Singapore"
"10343","Saudi Fisheries Company","6050.SR","3054050","17.0733","Saudi Arabia"
"10344","Sabre Resources","SBR.AX","3050790","0.00429185","Australia"
"10345","CorEnergy Infrastructure Trust","CORR","3048350","0.0198","United States"
"10346","Investigator Resources","IVR.AX","3022690","0.0379113","Australia"
"10347","Aspen Group","APZ.AX","3019320","3.79828","Australia"
"10348","DHI Group","DHX","3012000","4.22","United States"
"10349","Tamil Nadu Newsprint and Papers Limited","TNPL.NS","2994090","1.4779","India"
"10350","Zephyr Energy plc","ZPHR.L","2986000","0.0409373","United Kingdom"
"10351","ARC Resources","ARX.TO","2949020","24.3957","Canada"
"10352","Gulfport Energy","GPOR","2921000","175.52","United States"
"10353","Treasure Global","TGL","2913960","2.24","Malaysia"
"10354","Great Portland Estates","GPE.L","2913520","4.76807","United Kingdom"
"10355","Carriage Services","CSV","2908000","34.57","United States"
"10356","Inuvo","INUV","2887140","0.705","United States"
"10357","Perrot Duval","PEDU.SW","2869300","108.848","Switzerland"
"10358","Sylogist","SYZ.TO","2857680","2.24403","Canada"
"10359","Railcare Group AB","RAIL.ST","2850320","3.58888","Sweden"
"10360","The Payments Group Holding","PGH.DE","2840570","0.238983","Germany"
"10361","Drilling Tools International","DTI","2840000","2.51","United States"
"10362","GenSight Biologics","SIGHT.PA","2836970","0.137328","France"
"10363","Nitro Games","NITRO.ST","2832010","0.212596","Finland"
"10364","Cyclerion Therapeutics","CYCN","2823000","3.93","United States"
"10365","iSpecimen","ISPC","2818990","1.57","United States"
"10366","Sivers Semiconductors AB","SIVE.ST","2816130","3.57625","Sweden"
"10367","CCSC Technology International Holdings","CCTG","2814900","0.6495","Hong Kong"
"10368","Almaden Minerals","AAU","2811780","0.1465","Canada"
"10369","Aura Energy","AURA.L","2810030","0.0817383","Australia"
"10370","Atlantic Sapphire","ASA.OL","2801000","0.0918266","Norway"
"10371","Carisma Therapeutics","CARM","2777000","0.0012","United States"
"10372","Charming Medical","MCTA","2761320","29.355","Hong Kong"
"10373","Reitir fasteignafélag","REITIR.IC","2750810","0.967502","Iceland"
"10374","IMC Rare Earths","IMC","2726250","10.27","Brazil"
"10375","SODITECH","ALSEC.PA","2707730","7.32105","France"
"10376","Kolibri Global Energy","KGEI","2692000","5.98","United States"
"10377","The Elmet Group","ELMT","2663000","17.66","United States"
"10378","FGI Industries","FGI","2659190","7.02","United States"
"10379","Cobram Estate Olives","CBO.AX","2639780","2.39628","Australia"
"10380","cbdMD","YCBD","2638240","0.488","United States"
"10381","Caltagirone Editore","CED.MI","2629040","3.20588","Italy"
"10382","Reitar Logtech Holdings","RITR","2621810","0.115","Hong Kong"
"10383","RCM Technologies","RCMT","2621000","41.12","United States"
"10384","Alpine Income Property Trust","PINE","2618000","19.95","United States"
"10385","Community Healthcare Trust","CHCT","2617000","15.13","United States"
"10386","Precipio","PRPO","2604000","31.12","United States"
"10387","Hepion Pharmaceuticals","HEPA","2602580","0.061","United States"
"10388","Al-Arabiya Real Estate Company","ARABREC.KW","2602070","547.767","Kuwait"
"10389","Aarti Drugs","AARTIDRUGS.NS","2597230","4.41699","India"
"10390","Austin Gold","AUST","2592330","1.32","United States"
"10391","Jazan Development and Investment (JAZADCO)","6090.SR","2570640","2.20275","Saudi Arabia"
"10392","Mobix Labs","MOBX","2563000","1.18","United States"
"10393","zSpace","ZSPC","2550000","0.155","United States"
"10394","NRC Health","NRC","2547000","21.92","United States"
"10395","Maris Tech","MTEK","2545820","1.12","Israel"
"10396","Treatt plc","TET.L","2534760","4.15503","United Kingdom"
"10397","Cham Swiss Properties AG","CHAM.SW","2513580","29.6068","Switzerland"
"10398","AB Pieno Zvaigzdes","PZV1L.VS","2496560","2.05759","Lithuania"
"10399","Oncodesign Precision Medicine","ALOPM.PA","2484430","0.371882","France"
"10400","Unitronics","UNIT.TA","2473450","6.83306","Israel"
"10401","Najran Cement Company","3002.SR","2465360","1.50224","Saudi Arabia"
"10402","GAME HOURS","6626.TWO","2459000","0.0972769","Taiwan"
"10403","Friedman Industries","FRD","2450000","42.05","United States"
"10404","SIMPPLE","SPPL","2443140","2.28","Singapore"
"10405","HWA AG","H9W.DE","2427370","3.49732","Germany"
"10406","Gold Road International p.l.c.","GOLDR.OL","2420680","0.84416","Malta"
"10407","Retail Estates NV","RET.BR","2416690","77.1742","Belgium"
"10408","Heliad AG","A7A.DE","2415240","16.6706","Germany"
"10409","Edisun Power Europe","ESUN.SW","2411270","89.8155","Switzerland"
"10410","Thunderful Group","THUNDR.ST","2400010","0.0317955","Sweden"
"10411","Sonoma Pharmaceuticals","SNOA","2399000","1.34","United States"
"10412","Matinas BioPharma","MTNB","2398000","0.1965","United States"
"10413","Pine Cliff Energy","PNE.TO","2374320","0.382423","Canada"
"10414","Masonglory","MSGY","2365530","2.16","Hong Kong"
"10415","Curatis","CURN.SW","2358220","24.7552","Switzerland"
"10416","McGrath RentCorp","MGRC","2358000","116.51","United States"
"10417","Rottneros","RROS.ST","2329130","0.308896","Sweden"
"10418","OLB Group","OLB","2327720","0.2975","United States"
"10419","Orangekloud Technology","ORKT","2325760","1","Singapore"
"10420","Aterian","ATER","2324000","0.4432","United States"
"10421","Xiao-I","AIXI","2319450","0.4576","China"
"10422","Sow Good","SOWG","2318850","0.1099","United States"
"10423","Rico Auto Industries","RICOAUTO.NS","2315900","1.33737","India"
"10424","Cadrenal Therapeutics","CVKD","2308140","1.57","United States"
"10425","ZK International Group","ZKIN","2306570","1.15","China"
"10426","Piedmont Realty Trust","PDM","2279000","9.81","United States"
"10427","Vastned Belgium NV","VASTB.BR","2274280","33.4577","Belgium"
"10428","Sadr Logistics Company","1832.SR","2263290","0.68453","Saudi Arabia"
"10429","Vidhi Specialty Food","VIDHIING.NS","2250160","3.60516","India"
"10430","BIO-key International","BKYI","2247980","2.97","United States"
"10431","Argo Blockchain","ARBK","2246000","3.79","United Kingdom"
"10432","180 Life Sciences","ATNF","2218330","3.58","United States"
"10433","Ultimate Games","ULG.WA","2216820","3.57262","Poland"
"10434","LGI Limited","LGI.AX","2208260","1.73104","Australia"
"10435","ecotel communication","E4C.DE","2190090","8.27699","Germany"
"10436","Townsquare Media","TSQ","2182000","5.69","United States"
"10437","Laramide Resources","LAM.TO","2179540","0.497871","Canada"
"10438","Byggmax Group","BMAX.ST","2163670","5.51487","Sweden"
"10439","Smartoptics Group","SMOP.OL","2140000","4.94038","Norway"
"10440","Wajax Corporation","WJX.TO","2123300","21.3075","Canada"
"10441","AS Harju Elekter","HAE1T.TL","2122710","6.13197","Estonia"
"10442","Nelco","NELCO.NS","2122280","9.69596","India"
"10443","SOBR Safe","SOBR","2106470","0.5199","United States"
"10444","InfuSystem","INFU","2106000","11.95","United States"
"10445","Interlink Electronics","LINK","2106000","4.84","United States"
"10446","Odyssey Marine Exploration","OMEX","2103660","0.8993","United States"
"10447","Scandinavian Tobacco Group","STG.CO","2091110","11.0231","Denmark"
"10448","GreenMobility A/S","GREENM.CO","2090910","10.9763","Denmark"
"10449","FORIS AG","FRS.DE","2088670","3.49732","Germany"
"10450","AerSale","ASLE","2085000","5.61","United States"
"10451","T2 Biosystems","TTOO","2083000","0.0006","United States"
"10452","Nuwellis","NUWE","2083000","1.05","United States"
"10453","Doxa AB","DOXA.ST","2081250","0.0352047","Sweden"
"10454","cyan AG","CYR.DE","2079270","2.37818","Germany"
"10455","Aurelion Inc.","AURE","2071980","1.67","Hong Kong"
"10456","Mayville Engineering Company","MEC","2066000","21.16","United States"
"10457","Sportsman's Warehouse","SPWH","2054000","1.14","United States"
"10458","Artmarket.com","PRC.PA","2040500","4.96619","France"
"10459","Middlesex Water Company","MSEX","2040000","59.47","United States"
"10460","HeartBeam","BEAT","2039000","0.4832","United States"
"10461","Shenzhen Zqgame","300052.SZ","2028020","1.58874","China"
"10462","Easterly Government Properties","DEA","2017000","24.96","United States"
"10463","INVL Technology UTIB","INC1L.VS","2011140","5.82886","Lithuania"
"10464","Gladstone Capital Corporation","GLAD","2011000","19.82","United States"
"10465","SurgePays","SURG","1991170","0.1694","United States"
"10466","Apex Frozen Foods","APEX.NS","1989260","4.08212","India"
"10467","SDI Group","SDI.L","1984390","1.22635","United Kingdom"
"10468","Beam Global","BEEM","1973000","1.43","United States"
"10469","NOMADAR","NOMA","1962060","2.36","United States"
"10470","BioAtla","BCAB","1961000","3.28","United States"
"10471","Wafrah for Industry and Development Company","2100.SR","1954870","5.66269","Saudi Arabia"
"10472","Parag Milk Foods","PARAGMILK.NS","1954340","2.61979","India"
"10473","InterRent Real Estate Investment Trust","IIP-UN.TO","1953550","9.76982","Canada"
"10474","Edible Garden","EDBL","1952000","1.41","United States"
"10475","Argosy Property","ARG.NZ","1950740","0.613497","New Zealand"
"10476","MJ Gleeson plc","GLE.L","1939280","3.70819","United Kingdom"
"10477","Itera ASA","ITERA.OL","1912580","0.687357","Norway"
"10478","Mainz Biomed","MYNZ","1911070","0.8441","Germany"
"10479","Atal S.A.","1AT.WA","1902210","15.1836","Poland"
"10480","Kuwait Foundry Company K.S.C.P.","KFOUC.KW","1899670","1516.14","Kuwait"
"10481","Burgan Company for Well Drilling","ABAR.KW","1896570","727.095","Kuwait"
"10482","FirstFarms A/S","FFARMS.CO","1896380","11.0075","Denmark"
"10483","Cel-Sci","CVM","1890730","1.38","United States"
"10484","SINTX Technologies","SINT","1889000","1.53","United States"
"10485","Shoals Technologies","SHLS","1877000","6.8","United States"
"10486","GigCapital9","GIXXU","1863120","0","United States"
"10487","HomeBiogas","HMGS.TA","1862000","0.256656","Israel"
"10488","Lipella Pharmaceuticals","LIPO","1855770","0.0004","United States"
"10489","Diginex","DGNX","1850670","1.32","Hong Kong"
"10490","SCHMID Group","SHMD","1849020","4.85","Germany"
"10491","Wolverine Energy and Infrastructure","WEII.V","1842890","0.03","Canada"
"10492","Al Eid Food Company","ALEID.KW","1832270","704.731","Kuwait"
"10493","Carlton Investments","CIN.AX","1831340","26.8169","Australia"
"10494","AB Amber Grid","AMG1L.VS","1831040","1.39893","Lithuania"
"10495","Jianzhi Education Technology Group","JZ","1824630","2.32","China"
"10496","Barfresh Food Group","BRFH","1824000","1.29","United States"
"10497","Proximar Seafood","PROXI.OL","1818430","0.0484372","Norway"
"10498","Galaxy Digital Holdings","7LX.F","1812000","22.3715","United States"
"10499","Vecima Networks","VCM.TO","1806100","8.98333","Canada"
"10500","Tempest Therapeutics","TPST","1805000","1.1","United States"
"10501","Kuwait Emirates Holding Company","EMIRATES.KW","1800520","482.556","Kuwait"
"10502","Global Water Resources","GWRS","1800000","9.36","United States"
"10503","Garo Aktiebolag","GARO.ST","1789190","1.18086","Sweden"
"10504","Ourgame International","6899.HK","1776620","0.0302346","China"
"10505","SW Umwelttechnik Stoiser &amp; Wolschner AG","SWUT.VI","1751520","44.0662","Austria"
"10506","FCR Immobilien","FC9.DE","1750350","11.308","Germany"
"10507","Smith Micro Software","SMSI","1742000","2.985","United States"
"10508","Michelmersh Brick Holdings plc","MBH.L","1739960","1.04761","United Kingdom"
"10509","TF Bank AB","TFBANK.ST","1734300","18.8323","Sweden"
"10510","Orient Cement","ORIENTCEM.NS","1731990","1.36663","India"
"10511","Zeo Energy","ZEO","1731160","0.3972","United States"
"10512","Warimpex Finanz- und Beteiligungs AG","WXF.VI","1719800","0.592213","Austria"
"10513","Socket Mobile","SCKT","1710280","0.6406","United States"
"10514","Björn Borg","BORG.ST","1708730","6.35684","Sweden"
"10515","VRL Logistics","VRLLOG.NS","1696540","3.01588","India"
"10516","Scana ASA","SCANA.OL","1694830","0.157877","Norway"
"10517","Zwahlen &amp; Mayr SA","ZWM.SW","1694170","179.133","Switzerland"
"10518","Doman Building Materials Group","DBM.TO","1691730","7.76391","Canada"
"10519","AGROB Immobilien","AGR.F","1689480","31.0096","Germany"
"10520","Gulf Franchising Holding Company","GFC.KW","1688880","1157.48","Kuwait"
"10521","SUNation Energy Inc.","SUNE","1686600","2.21","United States"
"10522","Channel Infrastructure NZ Limited","CHI.NZ","1680690","1.95366","New Zealand"
"10523","Rocky Brands","RCKY","1667000","45.95","United States"
"10524","Plutus Financial Group","PLUT","1666050","2.725","United States"
"10525","VIGO Photonics","VGO.WA","1664270","133.973","Poland"
"10526","Oriental Aromatics","OAL.NS","1655740","3.648","India"
"10527","Plazza AG","PLAN.SW","1649610","538.644","Switzerland"
"10528","Söktas Tekstil","SKTAS.IS","1641190","0.0679955","Turkey"
"10529","Jeffs' Brands","JFBR","1636000","3.08","Israel"
"10530","Baosheng Media Group","BAOS","1634100","0.4641","China"
"10531","Hinduja Ventures","NXTDIGITAL.NS","1632320","1.43","India"
"10532","CytoMed Therapeutics","GDTC","1632130","1","Singapore"
"10533","Acadian Timber","ADN.TO","1632030","12.2375","Canada"
"10534","Gameone","8282.HK","1631870","0.0861112","Hong Kong"
"10535","Laser Photonics","LASE","1627600","1.31","United States"
"10536","Lifestyle Communities Limited","LIC.AX","1626760","4.09156","Australia"
"10537","Fragbite Group","FRAG.ST","1621710","0.644103","Sweden"
"10538","MPH Health Care AG","93M1.DE","1614560","28.3283","Germany"
"10539","Frequency Electronics","FEIM","1603000","58.38","United States"
"10540","PGG Wrightson","PGW.NZ","1591940","1.3759","New Zealand"
"10541","Kuwait Resorts Company","MUNTAZAHAT.KW","1588800","381.48","Kuwait"
"10542","Columbus Energy","CLC.WA","1587560","0.941872","Poland"
"10543","Navkar Corp","NAVKARCORP.NS","1577490","1.01212","India"
"10544","Asmallworld AG","ASWN.SW","1566380","0.72151","Switzerland"
"10545","Primary Health Properties","PHP.L","1551620","1.32144","United Kingdom"
"10546","Novo Integrated Sciences","NVOS","1539770","0.0006","United States"
"10547","Investis Holding","IREN.SW","1522040","182.243","Switzerland"
"10548","Byggma ASA","BMA.OL","1519150","2.49167","Norway"
"10549","Maison Solutions","MSS","1518960","1.39","United States"
"10550","Axel Mark","3624.T","1515790","0.514726","Japan"
"10551","Apollo Minerals Limited","AON.AX","1503750","0.0450644","Australia"
"10552","Great Elm Capital","GECC","1502000","6.03","United States"
"10553","Staffing 360 Solutions","STAF","1498000","1.615","United States"
"10554","Fundamenta Real Estate AG","FREN.SW","1496780","21.0855","Switzerland"
"10555","Cimbeton","CMBTN.IS","1492990","32.8541","Turkey"
"10556","Evofem Biosciences","EVFM","1491000","0.007","United States"
"10557","Financière de Tubize","TUB.BR","1489640","221.613","Belgium"
"10558","Sleep Number","SNBR","1484000","0.125","United States"
"10559","FibroBiologics","FBLG","1482000","1.35","United States"
"10560","Al Kathiri Holding Company","3008.SR","1473380","0.33827","Saudi Arabia"
"10561","Brüder Mannesmann AG","BMM.F","1473200","1.10748","Germany"
"10562","Fractal Gaming Group","FRACTL.ST","1471590","1.48396","Sweden"
"10563","Tidewater Renewables","LCFS.TO","1466590","13.7744","Canada"
"10564","GreenX Metals","GRX.AX","1463560","0.74392","Australia"
"10565","W5 Solutions AB","W5.ST","1456660","3.6415","Sweden"
"10566","eXoZymes","EXOZ","1444560","6.95","United States"
"10567","Noodles &amp; Company","NDLS","1444000","15.69","United States"
"10568","Norcod AS","NCOD.OL","1442680","1.16528","Norway"
"10569","Acanthe Développement","ACAN.PA","1442570","0.242481","France"
"10570","Psychemedics","PMD","1417000","2.67","United States"
"10571","Anup Engineering","ANUP.NS","1374940","18.554","India"
"10572","Qiiwi Games","QIIWI.ST","1359360","0.570431","Sweden"
"10573","VIDA Global Inc.","VIDA","1358560","2.52","United States"
"10574","Kforce","KFRC","1338000","57.69","United States"
"10575","Biomerica","BMRA","1336000","1.68","United States"
"10576","SGT German Private Equity","GAI.DE","1333840","0.975188","Germany"
"10577","Xlife Sciences","XLS.SW","1327370","18.2865","Switzerland"
"10578","UDR Apartments","UDR","1300000","38.39","United States"
"10579","Arabian International Healthcare Holding","9530.SR","1298750","4.6026","Saudi Arabia"
"10580","American Uranium Limited","AMU.AX","1298500","0.0565093","Australia"
"10581","Halloren Schokoladenfabrik","H2RB.HM","1282160","5.26929","Germany"
"10582","Renegade Gold","RAGE.V","1268780","0.266975","Canada"
"10583","MCI Capital Alternatywna Spólka Inwestycyjna","MCI.WA","1261840","7.71361","Poland"
"10584","Postal Realty Trust","PSTL","1256000","23.01","United States"
"10585","Dollar Industries","DOLLAR.NS","1252880","2.86804","India"
"10586","BP Castrol K.K.","5015.T","1250630","6.29598","Japan"
"10587","4Front Ventures","FFNTF","1246000","1.0E-5","United States"
"10588","Alliance Entertainment","AENT","1237000","5.45","United States"
"10589","Gauzy","GAUZ","1235000","0.4214","United States"
"10590","Gamer Pakistan","GPAK","1224560","0.0006","United States"
"10591","Kokuyo Camlin","KOKUYOCMLN.NS","1218480","0.831157","India"
"10592","Global Mofy AI","GMM","1212060","2.48","China"
"10593","Asiya Capital Investments Company","ASIYA.KW","1207660","135.637","Kuwait"
"10594","Al Faleh Educational Holding","FALH.QA","1205760","0.151099","Qatar"
"10595","Sonim Technologies","SONM","1195000","3.23","United States"
"10596","Milestone Scientific","MLSS","1194420","0.473","United States"
"10597","Maximum Entertainment","8R7.F","1193300","0.0265796","Sweden"
"10598","authID","AUID","1191280","0.4579","United States"
"10599","Addex Therapeutics","ADXN","1175360","4.05","Switzerland"
"10600","ToughBuilt Industries","TBLT","1152540","0.011","United States"
"10601","Perfect Moment","PMNT","1151000","0.11","United Kingdom"
"10602","Cargojet","CJT.TO","1150840","61.231","Canada"
"10603","Quest Resource Holding","QRHC","1139000","1.48","United States"
"10604","Haffner Energy","ALHAF.PA","1133680","0.666822","France"
"10605","National Gypsum Company","2090.SR","1129810","3.6677","Saudi Arabia"
"10606","Astec Lifesciences","ASTEC.NS","1127040","6.28409","India"
"10607","Energy Focus","EFOI","1126000","2.98","United States"
"10608","NexPoint Real Estate Finance","NREF","1117000","17.59","United States"
"10609","Mayar Holding Company","9568.SR","1114950","0.93224","Saudi Arabia"
"10610","5th Planet Games","5PG.OL","1113710","0.182579","Denmark"
"10611","Vaccinex","VCNX","1107000","1.05","United States"
"10612","Exyn Technologies","EXYN","1102170","2.3","United States"
"10613","AB Vilkyskiu pienine","VLP1L.VS","1100710","18.0695","Lithuania"
"10614","Modern Dairies Limited","MODAIRY.BO","1100590","0.378017","India"
"10615","AS Latvijas Juras medicinas centrs","LJM1R.RG","1088150","9.17","Latvia"
"10616","Obsidian Energy","OBE","1078910","11.52","Canada"
"10617","Moolec Science","MLEC","1075700","7.07","Luxembourg"
"10618","Litgrid AB","LGD1L.VS","1070610","1.28818","Lithuania"
"10619","Mirza International","MIRZAINT.NS","1068630","0.338105","India"
"10620","Aurora Energy Metals","1AE.AX","1064620","0.0386266","Australia"
"10621","Blue Hat Interactive Entertainment Technology","BHAT","1064150","0.675","China"
"10622","Loop Industries","LOOP","1063000","0.6187","Canada"
"10623","AZZ","AZZ","1059000","140.76","United States"
"10624","Witbe S.A.","ALWIT.PA","1047860","4.19678","France"
"10625","BTB Real Estate Investment Trust","BTB-UN.TO","1041510","2.79962","Canada"
"10626","Astro Corporation","3064.TWO","1040730","0.614844","Taiwan"
"10627","Ring Energy","REI","1040640","1.45","United States"
"10628","PermRock Royalty Trust","PRT","1036450","2.2","United States"
"10629","BloomZ","BLMZ","1034300","0.128","United States"
"10630","Trican Well Service","TCW.TO","1024250","4.37261","Canada"
"10631","Filling and Packing Materials Manufacturing Company","2180.SR","1016340","9.06669","Saudi Arabia"
"10632","HireQuest","HQI","1015000","17.62","United States"
"10633","River City Bank","RCBC","1009350","49.345","United States"
"10634","Calfrac Well Services","CFW.TO","1004830","5.05809","Canada"
"10635","Altamira Therapeutics","CYTO","998624","0.3","Bermuda"
"10636","Locafy","LCFY","997736","2.29","Australia"
"10637","Hour Loop","HOUR","992886","1.8","United States"
"10638","AMASS Brands Inc.","AMSS","991806","1.01","United States"
"10639","Property For Industry","PFI.NZ","988796","1.41164","New Zealand"
"10640","FingerMotion","FNGR","987391","0.1954","United States"
"10641","Veganz Group","VEZ.DE","985463","1.58545","Germany"
"10642","VS Media","VSME","976088","1.17","Hong Kong"
"10643","Genasys","GNSS","961000","1.68","United States"
"10644","Quantum Graphite","QGL.AX","958332","0.228898","Australia"
"10645","Esports Entertainment","GMBL","957112","0.089","Malta"
"10646","BNB Plus Corp.","BNBX","949091","0.14","United States"
"10647","029 Group","Z29.DE","948745","48.4962","Germany"
"10648","Broadwind","BWEN","943000","4.4","United States"
"10649","VCI Global","VCIG","940963","2.97","Malaysia"
"10650","Zentek","ZTEK","937026","0.6018","Canada"
"10651","Wheels India","WHEELS.NS","932777","15.6723","India"
"10652","CaliberCos","CWD","931000","0.5401","United States"
"10653","Golden Minerals","AUMN","929000","0.21","United States"
"10654","BranchOut Food","BOF","917661","3.97","United States"
"10655","OS Therapies","OSTX","917552","1.55","United States"
"10656","InterServ International","6169.TWO","911579","0.385846","Taiwan"
"10657","Select Harvests Limited","SHV.AX","906988","3.28326","Australia"
"10658","SunScout Holding","SNSC","893278","0","New Zealand"
"10659","Limoneira","LMNR","891000","14.01","United States"
"10660","Kaixin Holdings","KXIN","859000","5.6","China"
"10661","Sýn hf.","SYN.IC","855863","0.163731","Iceland"
"10662","Velo3D","VLDX","854000","6.15","United States"
"10663","Marpai","MRAI","851000","2.25","United States"
"10664","Onfolio Holdings","ONFO","841804","1.33","United States"
"10665","LM Funding America","LMFA","836201","2.6","United States"
"10666","Solid Clouds","SOLID.IC","808199","0.00099231","Iceland"
"10667","Farmmi","FAMI","804098","0.1023","China"
"10668","JSW Holdings","JSWHL.NS","799043","119.632","India"
"10669","Direct Digital Holdings","DRCT","796000","2.35","United States"
"10670","EMB Mission Bound AB (publ)","EMB.ST","795186","0.0589376","Sweden"
"10671","Synthaverse","SVE.WA","786219","0.825491","Poland"
"10672","Auga Group AB","AUG1L.VS","784719","0.124155","Lithuania"
"10673","Avalon GloboCare","ALBT","775995","0.282","United States"
"10674","Golden Sun Education Group","GSUN","775334","0.2942","China"
"10675","Phoenix Motor","PEV","764000","0.23","United States"
"10676","Vince Holding","VNCE","762000","6.3","United States"
"10677","Trigon Metals","TM.V","748358","0.28169","Canada"
"10678","Ensysce Biosciences","ENSC","745482","0.361","United States"
"10679","Gaming Factory","GIF.WA","738684","1.2017","Poland"
"10680","Al-Baha Investment And Development Company","4130.SR","735199","0.585979","Saudi Arabia"
"10681","IM Cannabis","IMCC","722152","0.1095","Israel"
"10682","Kinetik","KNTK","720000","54.7","United States"
"10683","Techstep ASA","TECH.OL","717618","0.187412","Norway"
"10684","Topaz Energy","TPZ.TO","717117","23.2917","Canada"
"10685","Netcapital","NCPL","715443","0.2557","United States"
"10686","Cheetah Net Supply Chain Service","CTNT","713948","1.57","United States"
"10687","iPower","IPW","713685","2.25","United States"
"10688","SML MAHINDRA LIMITED","SMLMAH.NS","710451","54.3935","India"
"10689","BB Seguridade Participações","BBSE3.SA","693845","7.3972","Brazil"
"10690","NEXT Biometrics Group ASA","NEXT.OL","693539","0.0300719","Norway"
"10691","Tevogen Bio","TVGN","692305","0.1551","United States"
"10692","Tabuk Cement Company","3090.SR","682148","1.96836","Saudi Arabia"
"10693","Pollux Properti Indonesia","POLL.JK","678741","0.00690974","Indonesia"
"10694","Davis Commodities","DTCK","678000","1","Singapore"
"10695","Dadelo","DAD.WA","676564","22.4101","Poland"
"10696","WeTrade Group","WETG","668388","5.05","China"
"10697","Qrf","QRF.BR","668333","11.7743","Belgium"
"10698","Predilife","ALPRE.PA","654235","1.29401","France"
"10699","Vistin Pharma","VISTN.OL","654062","2.07818","Norway"
"10700","Credit Rating And Collection Company","TAHSSILAT.KW","648926","469.514","Kuwait"
"10701","AMCON Distributing Company","DIT","643064","67.05","United States"
"10702","CISO Global","CISO","640075","0.2131","United States"
"10703","Development Works Food Company","6013.SR","627337","24.7709","Saudi Arabia"
"10704","Turbo Energy","TURB","619888","1.15","Spain"
"10705","Forever Entertainment","8FE.SG","617065","0.659827","Poland"
"10706","Syntec Optics","OPTX","617007","8.29","United States"
"10707","Rocky Mountain Chocolate Factory","RMCF","609000","1.17","United States"
"10708","Camber Energy","CEI","608033","0.0954","United States"
"10709","Clean Energy Technologies","CETY","602461","0.9899","United States"
"10710","Workhorse Group","WKHS","600000","3.12","United States"
"10711","Energys Group","ENGS","593084","2.9","United Kingdom"
"10712","Fitaihi Holding Group","4180.SR","581942","0.663222","Saudi Arabia"
"10713","mwb fairtrade AG","MWB0.DE","536723","12.0075","Germany"
"10714","Infinities Tech (Jiu Zun Digital)","1961.HK","529316","0.0126296","China"
"10715","Utenos Trikotazas AB","UTR1L.VS","520839","0.466309","Lithuania"
"10716","EZGO Technologies","EZGO","517338","1.01","China"
"10717","Superior Resources","SPQ.AX","511528","0.00286123","Australia"
"10718","Central Securities","CET","511197","54.79","United States"
"10719","SM Wirtschaftsberatungs AG","SMWN.DE","510244","5.17603","Germany"
"10720","Pulsar Group","PULS.L","508286","0.329814","United Kingdom"
"10721","LEW (Lechwerke)","LEC.F","506308","75.1924","Germany"
"10722","Kayne Anderson Capital Advisors","KYN","505000","14.6","United States"
"10723","Akanda","AKAN","503562","3.705","United Kingdom"
"10724","Starbox Group","STBX","495939","2.11","Malaysia"
"10725","AS PRFoods","PRF1T.TL","483802","0.0641175","Estonia"
"10726","Celon Pharma","CLN.WA","483453","6.00849","Poland"
"10727","Tapinator","TAPM","481890","0.247","United States"
"10728","Solar Integrated Roofing","SIRC","480141","0.0001","United States"
"10729","Borealis Foods","BRLS","479857","1.76","Canada"
"10730","Halo Minerals PLC","HALO.L","479432","0.143027","United Kingdom"
"10731","OT Logistics","OTS.WA","468869","4.18429","Poland"
"10732","Advent Technologies","ADN","468000","0.9185","United States"
"10733","LUDWIG BECK am Rathauseck - Textilhaus Feldmeier","ECK.DE","459319","22.3828","Germany"
"10734","Kelt Exploration","KEL.TO","454581","7.5763","Canada"
"10735","Grom Social Enterprises","GROM","452454","0.0001","United States"
"10736","Trinity Place Holdings","TPHS","450000","0.0367","United States"
"10737","374Water","SCWO","447453","2.35","United States"
"10738","PaxMedica","PXMD","444855","0.0008","United States"
"10739","Propanc Biopharma","PPCB","443702","1.155","Australia"
"10740","AquaBounty Technologies","AQB","440678","1.31","United States"
"10741","Corby Spirit and Wine","CSW-A.TO","433722","11.4943","Canada"
"10742","Naseej International Trading Company","1213.SR","433478","6.80268","Saudi Arabia"
"10743","TechPrecision","TPCS","431000","5.77","United States"
"10744","CMON","1792.HK","429931","0.177752","Singapore"
"10745","Versus Systems","VS","422903","1.3","Canada"
"10746","Eurowag (W.A.G payment solutions)","EWG.L","415854","1.4277","United Kingdom"
"10747","Alkaline Water Company","WTER","414648","0.0478","United States"
"10748","OpGen","OPGN","414211","24.75","United States"
"10749","Saudi Vitrified Clay Pipe Company","2360.SR","411399","5.75858","Saudi Arabia"
"10750","Greenfire Resources","GFR","391285","6.36","Canada"
"10751","ALBA SE","ABA.F","380279","8.08808","Germany"
"10752","PyroGenesis Canada","PYR.TO","378497","0.147918","Canada"
"10753","Trulite","TRUL","374134","0.0001","United States"
"10754","Gaming Technologies (Gametech)","GMGT","372507","0.0006","United States"
"10755","Flux Power","FLUX","372000","0.6999","United States"
"10756","ShiftPixy","PIXY","360000","6.53","United States"
"10757","MS Industrie","MSAG.DE","359467","1.45722","Germany"
"10758","Alaunos Therapeutics","TCRT","354000","1.72","United States"
"10759","Chapel Down Group","CDGP.L","352841","0.661399","United Kingdom"
"10760","Kuke Music Holding","KUKE","351872","1.39","China"
"10761","Freight Technologies, Inc.","FRGT","346718","1.6","United States"
"10762","EUDA Health","EUDA","345145","0.3661","Singapore"
"10763","Arab Sea Information Systems Company","7201.SR","340126","0.950884","Saudi Arabia"
"10764","Vivid Games","VVD.WA","339468","0.164557","Poland"
"10765","Igarashi Motors India","IGARASHI.NS","332708","4.47602","India"
"10766","GreenPower Motor Company","GP","328086","1.63","Canada"
"10767","Inclusio","INCLU.BR","317481","19.7599","Belgium"
"10768","Hester Biosciences","HESTERBIO.NS","314598","25.4822","India"
"10769","Al-Omran Industrial Trading Company","4141.SR","314573","5.42297","Saudi Arabia"
"10770","Urban-gro","UGRO","305139","3.15","United States"
"10771","Neo-Concept International Group","NCI","299832","14.85","Hong Kong"
"10772","Fly-E Group","FLYE","295674","1.65","United States"
"10773","G Medical Innovations","GMVD","295000","0.181","Israel"
"10774","OYAK Çimento","OYAKC.IS","292136","0.474097","Turkey"
"10775","Synergy CHC","SNYR","292115","0.1045","United States"
"10776","Cantourage Group SE","HIGH.DE","289003","6.97132","Germany"
"10777","Sino-Entertainment Technology","6933.HK","288304","0.140967","China"
"10778","NACL Industries","NACLIND.NS","287749","1.89844","India"
"10779","Game Your Game","GYGY","286087","1.2","United States"
"10780","Air Industries Group","AIRI","286000","2.32","United States"
"10781","Kaival Brands Innovations","KAVL","277951","0.026","United States"
"10782","Reborn Coffee","REBN","266382","1.37","United States"
"10783","Prairie Operating","PROP","263000","0.5111","United States"
"10784","Hyosung ITX","094280.KS","255544","8.67348","South Korea"
"10785","Vogenx","VOGX","250753","30.73","United States"
"10786","Range Resources","RRC","247000","41.25","United States"
"10787","Vivakor","VIVK","240990","0.995","United States"
"10788","Northann Corp","NCL","239641","0.159","United States"
"10789","IGC Pharma","IGC","235000","0.3006","United States"
"10790","N.B.I. Industrial Finance","NBIFIN.NS","231772","20.6363","India"
"10791","Big Cheese Studio","BCS.WA","223631","1.22064","Poland"
"10792","Eagle Point Credit Company","ECC","221574","3.86","United States"
"10793","Agape ATP","ATPC","220779","2.38","Malaysia"
"10794","Raydan Food","6012.SR","216401","4.6612","Saudi Arabia"
"10795","Signing Day Sports","SGN","215539","0.5401","United States"
"10796","Gaming Corps","GCOR.ST","214280","0.083986","Sweden"
"10797","Lucy Scientific Discovery","LSDI","211120","0.5139","Canada"
"10798","Airesis SA","AIRE.SW","211064","0.0298641","Switzerland"
"10799","NextNRG","NXXT","208048","0.2207","United States"
"10800","Manhattan Bridge Capital","LOAN","203682","4.06","United States"
"10801","OGE Energy","OGE","200000","45.96","United States"
"10802","Crown Crafts","CRWS","200000","2.98","United States"
"10803","Groupe Airwell","ALAIR.PA","187495","1.50385","France"
"10804","AS Trigon Property Development","TPD1T.TL","186686","0.676148","Estonia"
"10805","Mobile Global Esports (Mogo)","MGAM","184650","0.001","United States"
"10806","Stryve Foods","SNAX","183362","0.0011","United States"
"10807","Baird Medical Investment Holdings","BDMD","178321","1.16","China"
"10808","Mangoceuticals","MGRX","174562","0.3831","United States"
"10809","Caspian Sunrise","CASP.L","174000","0.0258838","United Kingdom"
"10810","Know Labs","KNW","172503","2.24","United States"
"10811","Al Jouf Cement Company","3091.SR","171249","1.32911","Saudi Arabia"
"10812","SunOpta","STKL","169000","6.5","Canada"
"10813","Idaho Copper Corporation","COPR","164216","3.16","United States"
"10814","Anaam International","4061.SR","159402","3.24153","Saudi Arabia"
"10815","AS Siguldas Ciltslietu Un Maksligas Apseklosanas Stacija","SCM1R.RG","158515","8.16041","Latvia"
"10816","SPARC","SPARC.NS","137692","2.02591","India"
"10817","CLS Holdings plc","CLI.L","134672","0.63211","United Kingdom"
"10818","Nama Chemicals Company","2210.SR","132676","4.99148","Saudi Arabia"
"10819","Nymox Pharmaceutical","NYMX","132000","0.2","Bahamas"
"10820","Shankara Building","SHANKARA.NS","124085","1.52544","India"
"10821","FreeCast, Inc.","CAST","119302","1.47","United States"
"10822","Coheris SA","COH.PA","118648","12.1823","France"
"10823","East Side Games","EAGR.TO","117387","0.0505087","Canada"
"10824","VEEM Ltd","VEE.AX","113831","0.379113","Australia"
"10825","AppTech Payments","APCX","110000","0.355","United States"
"10826","Hempacco","HPCO","109825","0.0001","United States"
"10827","Loop Media","LPTV","109692","0.0007","United States"
"10828","Freeze Tag","FRZT","108201","0.0001","United States"
"10829","Cielo Waste Solutions","CMC.V","103698","0.0505087","Canada"
"10830","Phaos Technology Holdings","POAS","99224.9","0.166","Singapore"
"10831","Prevas AB","PREV-B.ST","95716.8","7.23038","Sweden"
"10832","Blackboxstocks","BLBX","93186","18.15","United States"
"10833","CS Diagnostics","CSDX","85555","0.0105","Germany"
"10834","AB INVL Baltic Farmland","INL1L.VS","84580.5","8.10212","Lithuania"
"10835","Bakhu Holdings","BKUH","81519","0.02","United States"
"10836","ASA Gold and Precious Metals","ASA","79425","63.47","United States"
"10837","Real Good Food plc","RGF","78000","1.25","United Kingdom"
"10838","Optimi Health Corp.","OPTH","76754.5","4.98","Canada"
"10839","VERSES AI","VERS.NE","67954","0.27419","Canada"
"10840","FBR Limited","FBR.AX","66550.5","0.00279642","Australia"
"10841","All in! Games","ALG.WA","64892.4","0.210027","Poland"
"10842","Orient Paper Mills","ORIENTPPR.NS","60694.7","0.176889","India"
"10843","Birchcliff Energy","BIR.TO","57541.9","4.60351","Canada"
"10844","T-Bull","TBL.WA","53158.3","0.405979","Poland"
"10845","Wellgistics Health","WGRX","51730","3.52","United States"
"10846","DataMEDS AI","MEDS","51730","1.3","United States"
"10847","Avant Technologies Inc.","AVAI","50402","0.132","United States"
"10848","Sino AG","XTP.DE","50013.4","122.989","Germany"
"10849","Martin Midstream Partners","MMLP","49000","2.33","United States"
"10850","Crombie Real Estate Investment Trust","CRR-UN.TO","48191.4","11.9561","Canada"
"10851","Qatari German Company for Medical Devices","QGMD.QA","46589.2","0.373352","Qatar"
"10852","CleanCore Solutions","ZONE","44705","0.152","United States"
"10853","AS Amber Latvijas balzams","BAL1R.RG","44350.1","1.64957","Latvia"
"10854","AHT Syngas Technology","3SQ1.DE","43232.4","3.26416","Germany"
"10855","Solidion Technology","STI","38887","7.24","United States"
"10856","Kuuhubb","KUU.V","38579","0.01","Canada"
"10857","ProPhase Labs","PRPH","31000","0.02","United States"
"10858","Polar Power","POLA","27000","1.53","United States"
"10859","VivoPower","VVPR","26000","2.07","United Kingdom"
"10860","PunkPirates","PUN.WA","25450.2","0.13","Poland"
"10861","Playgon Games","DEAL.V","22994.5","0.00360776","Canada"
"10862","Auric Minerals","AUMC.CN","22809.2","0.0577242","Canada"
"10863","Vilniaus Baldai AB","VBL1L.VS","22132.9","11.308","Lithuania"
"10864","Remark Holdings","MARK","21000","0.0012","United States"
"10865","Ekttitab Holding Company K.S.C","EKTTITAB.KW","17116.4","112.814","Kuwait"
"10866","Adamas One","JEWL","16102","0.0001","United States"
"10867","BrainStorm Cell Therapeutics","BCLI","15000","1","United States"
"10868","Slam Corp","SLMWF","14825","11.14","United States"
"10869","Aaon","AAON","13000","76.1","United States"
"10870","Lakewood-Amedex Biotherapeutics","LABT","11709","2.13","United States"
"10871","iEntertainment Network","IENT","10000","0.0067","United States"
"10872","Virtual Interactive Technologies","VRVR","7630","0.0003","Bermuda"
"10873","KBC Ancora","KBCA.BR","6378.48","110.049","Belgium"
"10874","Gelteq Limited","GELS","6261.96","0.5317","Australia"
"10875","HOMAG Group","HG1.F","5991.61","29.1443","Germany"
"10876","Polar Resources AS","POLAR.OL","4546.32","0.56911","Norway"
"10877","WeShop Holdings","WSHP","4129.04","4.77","British Virgin Islands"
"10878","ManyDev Studio","MAN.WA","3881.35","0.166722","Poland"
"10879","Kidpik","PIK","3205","2.38","United States"
"10880","ADM Hamburg","OEL.F","1237.91","265.796","Germany"
"10881","Nordic Fibreboard AS","SKN1T.TL","1157.42","0.728608","Estonia"
"10882","York Water","YORW","1000","34.58","United States"
"10883","Yesway, Inc.","YSWY","1000","25.42","United States"
"10884","Playground Ventures","PLAY.CN","655.728","0.00721553","Canada"
"10885","Wearable Health Solutions","WHSI","410","0.0001","United States"
"10886","Global Interactive Technologies","GITS","360","1.47","South Korea"
"10887","Integrated Media Technology Limited","IMTE","160","0.5","Australia"
"10888","Salem Media Group","SALM","0","1","United States"
"10889","Oxford Lane Capital","OXLC","0","9.53","United States"
"10890","OP Bancorp (Open Bank)","OPBK","0","15.33","United States"
"10891","Sachem Capital","SACH","0","0.87","United States"
"10892","PrairieSky Royalty","PSK.TO","0","26.1635","Canada"
"10893","Freehold Royalties","FRU.TO","0","12.7787","Canada"
"10894","Home Federal Bancorp (HFB Bank)","HFBL","0","26.83","United States"
"10895","Antero Midstream","AM","0","22.14","United States"
"10896","AllianceBernstein","AB","0","36.36","United States"
"10897","Grupo Financiero Inbursa","GFINBURO.MX","0","2.54984","Mexico"
"10898","Arion banki","ARION.IC","0","1.56289","Iceland"
"10899","Fukuoka Financial Group","8354.T","0","48.0139","Japan"
"10900","Gentera, S.A.B. de C.V.","GENTERA.MX","0","2.33091","Mexico"
"10901","Netcompany Group","NETC.CO","0","49.1753","Denmark"
"10902","Banca Generali","BGN.MI","0","78.6897","Italy"
"10903","JSC Halyk Bank","H4L1.F","0","33.8074","Kazakhstan"
"10904","Hindustan Sanitaryware &amp; Industries","HSIL.NS","0","3.77","India"
"10905","Ebixcash India","EBIXFOREX.NS","0","7.31","India"
"10906","Sparebanken Vest","SVEG.OL","0","13.8817","Norway"
"10907","SCB (Siam Commercial Bank)","SCB.BK","0","4.70373","Thailand"
"10908","Jump Networks","JUMPNET.NS","0","0.12","India"
"10909","Pershing Square Holdings","PSHZF","0","56.685","United States"
"10910","National Bank of Greece","ETE.AT","0","19.4509","Greece"
"10911","Eurobank Ergasias Services and Holdings","EUROB.AT","0","5.36722","Greece"
"10912","Alpha Services and Holdings","ALPHA.AT","0","5.34857","Greece"
"10913","Piraeus Financial Holdings","TPEIR.AT","0","11.8909","Greece"
"10914","Corporación Financiera Alba","ALB.MC","0","97.9515","Spain"
"10915","Greene Concepts","INKW","0","0.0059","United States"
"10916","Guaranty Trust Bank","9JO.F","0","2.67857","Nigeria"
"10917","Tradegate Exchange","T2G.F","0","94.4276","Germany"
"10918","UmweltBank","UBK.DE","0","4.47657","Germany"
"10919","Tritax Big Box REIT","BBOX.L","0","2.17015","United Kingdom"
"10920","QNB (Qatar National Bank)","QNBK.QA","0","4.59615","Qatar"
"10921","Credito Emiliano","CE.MI","0","24.4113","Italy"
"10922","Banca Popolare di Sondrio","BPSO.MI","0","20.5062","Italy"
"10923","Grayscale Bitcoin Trust","GBTC","0","59.34","United States"
"10924","Gimv NV","GIMB.BR","0","51.7603","Belgium"
"10925","Banque nationale de Belgique","BNB.BR","0","439.496","Belgium"
"10926","Lion Finance Group PLC","BGEO.L","0","182.276","United Kingdom"
"10927","Oakley Capital Investments","OCI.L","0","7.09305","Bermuda"
"10928","Qatar Islamic Bank","QIBK.QA","0","5.87637","Qatar"
"10929","Masraf Al Rayan","MARK.QA","0","0.523077","Qatar"
"10930","The Commercial Bank (P.S.Q.C.)","CBQK.QA","0","1.15687","Qatar"
"10931","Qatar International Islamic Bank","QIIK.QA","0","2.96703","Qatar"
"10932","Ahli Bank","ABQK.QA","0","1.06319","Qatar"
"10933","Doha Bank","DHBK.QA","0","0.774176","Qatar"
"10934","Pestech Cambodia","PEPC.KH","0","0.64","Cambodia"
"10935","ACLEDA Bank","ABC.KH","0","2.08","Cambodia"
"10936","Sihanoukville Autonomous Port","PAS.KH","0","3.93","Cambodia"
"10937","Phnom Penh Water Supply Authority","PWSA.KH","0","1.66","Cambodia"
"10938","Grand Twins International Cambodia","GTI.KH","0","2","Cambodia"
"10939","Phnom Penh Autonomous Port","PPAP.KH","0","3.44","Cambodia"
"10940","Phnom Penh SEZ","PPSP.KH","0","0.34","Cambodia"
"10941","Coelacanth Energy","CEI.V","0","0.555596","Canada"
"10942","International Holding Company","IHC.AE","0","100.82","United Arab Emirates"
"10943","Alpha Dhabi","ALPHADHABI.AE","0","2.07","United Arab Emirates"
"10944","Multiply Group","MULTIPLY.AE","0","0.57","United Arab Emirates"
"10945","Ghitha","GHITHA.AE","0","3.1","United Arab Emirates"
"10946","TAQA","TAQA.AE","0","0.72","United Arab Emirates"
"10947","Emirates Telecom (Etisalat Group)","EAND.AE","0","5.89","United Arab Emirates"
"10948","First Abu Dhabi Bank","FAB.AE","0","5.39","United Arab Emirates"
"10949","Borouge","BOROUGE.AE","0","0.66","United Arab Emirates"
"10950","Abu Dhabi Commercial Bank (ADCB)","ADCB.AE","0","4.21","United Arab Emirates"
"10951","Abu Dhabi National Oil Company (ADNOC)","ADNOCDIST.AE","0","1.11","United Arab Emirates"
"10952","ADNOC Drilling Company","ADNOCDRILL.AE","0","1.68","United Arab Emirates"
"10953","Al Dar Properties","ALDAR.AE","0","2.1","United Arab Emirates"
"10954","Fertiglobe","FERTIGLB.AE","0","0.71","United Arab Emirates"
"10955","Abu Dhabi Islamic Bank (ADIB)","ADIB.AE","0","6.4","United Arab Emirates"
"10956","Abu Dhabi Ports","ADPORTS.AE","0","1.64","United Arab Emirates"
"10957","Americana Restaurants International","AMR.AE","0","0.64","United Arab Emirates"
"10958","Ooredoo","ORDS.AE","0","3.56","United Arab Emirates"
"10959","National Marine Dredging","NMDC.AE","0","6.48","United Arab Emirates"
"10960","Burjeel Holdings","BURJEEL.AE","0","0.35","United Arab Emirates"
"10961","Ocean Biomedical","OCEA","0","0.0015","United States"
"10962","NRC Group ASA","NRC.OL","0","0.890342","Norway"
"10963","United Bankers Oyj","UNITED.HE","0","27.1625","Finland"
"10964","Schweizerische Nationalbank","SNBN.SW","0","3881.22","Switzerland"
"10965","Kid ASA","KID.OL","0","14.0264","Norway"
"10966","On the Beach Group","OTB.L","0","2.64287","United Kingdom"
"10967","Eisen- und Hüttenwerke","EIS.F","0","15.8545","Germany"
"10968","AIAI Holdings Corporation","AIAI","0","5.31","United States"
"10969","Allied Esports","AESE","","1.3899","United States"
"10970","Cemig","CIG","","1.95","Brazil"
"10971","First National Financial","FN.TO","","35.0708","Canada"
"10972","VIP Gloves","VIP.AX","","0.00214592","Malaysia"
"10973","Granite Point Mortgage Trust","GPMT","","1.09","United States"
"10974","Central Puerto","CEPU","","13.32","Argentina"
"10975","LIC Housing Finance","LICHSGFIN.NS","","5.2821","India"
"10976","Rural Electrification Corp","RECLTD.NS","","3.41239","India"
"10977","Power Finance Corp","PFC.NS","","3.81831","India"
"10978","The Tinplate Company Of India","TINPLATE.NS","","4.49796","India"
"10979","Société Foncière Lyonnaise","FLY.PA","","86.0641","France"
"10980","Commerzbank","CBK.F","","46.4677","Germany"
"10981","United Heavy Machinery","OMZZP.ME","","112.36","Russia"
"10982","BPER Banca","BPE.MI","","16.5563","Italy"
"10983","Cymbria","CYB.TO","","67.1116","Canada"
"10984","Placoplatre","MLPLC.PA","","746.095","France"
"10985","Fairfax India Holdings","FIH-U.TO","","19.69","Canada"
"10986","Edelweiss Financial Services","EDELWEISS.NS","","1.33852","India"
"10987","Sozap","SOZAP.ST","","0.0270876","Sweden"
"10988","Triumph Financial","TFIN","","73.72","United States"
"10989","National Bank of Kuwait","NBK.KW","","2849.69","Kuwait"
"10990","Gulf Bank","GBK.KW","","1183.57","Kuwait"
"10991","Kuwait Finance House","KFH.KW","","2533.42","Kuwait"
"10992","Boubyan Bank","BOUBYAN.KW","","2187.81","Kuwait"
"10993","Commercial Bank of Kuwait","CBK.KW","","1630.26","Kuwait"
"10994","Burgan Bank","BURG.KW","","616.237","Kuwait"
"10995","Al Ahli Bank of Kuwait","ABK.KW","","922.726","Kuwait"
"10996","Warba Bank","WARBABANK.KW","","909.684","Kuwait"
"10997","Magyar Bancorp","MGYR","","19.26","United States"
"10998","Banca Monte dei Paschi di Siena","BMPS.MI","","13.7025","Italy"
"10999","BFF Bank","BFF.MI","","3.71648","Italy"
"11000","ADNOC Gas","ADNOCGAS.AE","","0.9","United Arab Emirates"
"11001","MBME GROUP","MBME.AE","","2.94","United Arab Emirates"
"11002","ADNOC Logistics &amp; Services","ADNOCLS.AE","","1.86","United Arab Emirates"
"11003","Presight AI","PRESIGHT.AE","","1.02","United Arab Emirates"
"11004","Abu Dhabi National Hotels","ADNH.AE","","0.11","United Arab Emirates"
"11005","National Bank of Fujairah","NBF.AE","","1.29","United Arab Emirates"
"11006","EMSTEEL Building Materials PJSC","EMSTEEL.AE","","0.35","United Arab Emirates"
"11007","Al Seer Marine Supplies &amp; Equipment Company","ASM.AE","","1.05","United Arab Emirates"
"11008","Sharjah Islamic Bank","SIB.AE","","0.79","United Arab Emirates"
"11009","Dana Gas","DANA.AE","","0.23","United Arab Emirates"
"11010","Al Yah Satellite Communications Company","YAHSAT.AE","","0.57","United Arab Emirates"
"11011","CAMGSM Plc. (Cellcard)","CGSM.KH","","0.84","Cambodia"
"11012","Mengly J. Quach Education","MJQE.KH","","0.53","Cambodia"
"11013","Sláturfélags Suðurlands","SFS-B.IC","","0.020649","Iceland"
"11014","Al Khazna Insurance","AKIC.AE","","0.06","United Arab Emirates"
"11015","Oman &amp; Emirates Investment Holding Co.","OEIHC.AE","","0.25","Oman"
"11016","BILDCO (Abu Dhabi National Building Materials Co.)","BILDCO.AE","","0.5","United Arab Emirates"
"11017","Methaq Takaful Insurance Compnay","METHAQ.AE","","0.18","United Arab Emirates"
"11018","Insurance House","IH.AE","","0.37","United Arab Emirates"
"11019","Fujairah Cement Industries","FCI.AE","","0.13","United Arab Emirates"
"11020","The National Investor PRJSC","TNI.AE","","0.16","United Arab Emirates"
"11021","Gulf Cement","GCEM.AE","","0.3","United Arab Emirates"
"11022","Union Insurance Company","UNION.AE","","0.36","United Arab Emirates"
"11023","Hayah Insurance Company","HAYAH.AE","","0.36","United Arab Emirates"
"11024","Sharjah Insurance","SICO.AE","","0.41","United Arab Emirates"
"11025","Fidelity United insurance","FIDELITYUNITED.AE","","0.44","United Arab Emirates"
"11026","Al Fujairah National Insurance Company","AFNIC.AE","","57.19","United Arab Emirates"
"11027","Aram Group","ARAM.AE","","0.55","United Arab Emirates"
"11028","Fujairah Building Industries","FBI.AE","","0.81","United Arab Emirates"
"11029","AL KHALEEJ Investment","KICO.AE","","1.26","United Arab Emirates"
"11030","Sawaeed Holding","SAWAEED.AE","","1.85","United Arab Emirates"
"11031","Hily Holding","HH.AE","","0.68","United Arab Emirates"
"11032","Sudatel Telecommunications Group","SUDATEL.AE","","0.16","Sudan"
"11033","Sharjah Cement and Industrial Development","SCIDC.AE","","0.36","United Arab Emirates"
"11034","Foodco National Foodstuff","FNF.AE","","0.38","United Arab Emirates"
"11035","Umm Al Qaiwain General Investment","QIC.AE","","0.39","United Arab Emirates"
"11036","Al Dhafra Insurance","DHAFRA.AE","","2.44","United Arab Emirates"
"11037","Ras Alkhaima National Insurance","RAKNIC.AE","","0.82","United Arab Emirates"
"11038","Abu Dhabi National Takaful","TKFL.AE","","1.63","United Arab Emirates"
"11039","Al Ain Alahlia Insurance","ALAIN.AE","","8.58","United Arab Emirates"
"11040","RAK Co. for White Cement &amp; Construction Materials","RAKWCT.AE","","0.27","United Arab Emirates"
"11041","Finance House","FH.AE","","0.56","United Arab Emirates"
"11042","Al Buhaira National Insurance Company","ABNIC.AE","","0.7","United Arab Emirates"
"11043","Abu Dhabi Ship Building","ADSB.AE","","2.29","United Arab Emirates"
"11044","Response Plus Holding","RPM.AE","","0.6","United Arab Emirates"
"11045","Manazel","MANAZEL.AE","","0.09","United Arab Emirates"
"11046","Easy Lease Motorcycle Rental","EASYLEASE.AE","","5.35","United Arab Emirates"
"11047","Emirates Insurance Company","EIC.AE","","2.2","United Arab Emirates"
"11048","Al Wathba National Insurance","AWNIC.AE","","0.89","United Arab Emirates"
"11049","Eshraq Investments","ESHRAQ.AE","","0.15","United Arab Emirates"
"11050","Gulf Pharmaceutical Industries","JULPHAR.AE","","0.29","United Arab Emirates"
"11051","Gulf Medical Projects Company","GMPC.AE","","0.65","United Arab Emirates"
"11052","Bank of Sharjah","BOS.AE","","0.36","United Arab Emirates"
"11053","Palms Sports","PALMS.AE","","2.04","United Arab Emirates"
"11054","Emirates Stallions Group (ESG)","ESG.AE","","3.13","United Arab Emirates"
"11055","E7 Group PJSC","E7.AE","","0.26","United Arab Emirates"
"11056","RAK Properties","RAKPROP.AE","","0.29","United Arab Emirates"
"11057","United Arab Bank","UAB.AE","","0.36","United Arab Emirates"
"11058","RAK Ceramics","RAKCEC.AE","","0.65","United Arab Emirates"
"11059","National Corporation for Tourism &amp; Hotels","NCTH.AE","","0.4","United Arab Emirates"
"11060","Invictus Investment Company","INVICTUS.AE","","0.4","United Arab Emirates"
"11061","Abu Dhabi Aviation","ADAVIATION.AE","","1.42","United Arab Emirates"
"11062","Emirates Driving Company","DRIVE.AE","","1","United Arab Emirates"
"11063","Waha Capital Company","WAHA.AE","","0.53","United Arab Emirates"
"11064","Abu Dhabi National Insurance Company","ADNIC.AE","","1.89","United Arab Emirates"
"11065","GFH Financial Group","GFH.AE","","0.53","Bahrain"
"11066","National Bank of Umm Al Qaiwain","NBQ.AE","","0.8","United Arab Emirates"
"11067","Agthia Group","AGTHIA.AE","","0.9","United Arab Emirates"
"11068","Investcorp Capital","ICAP.AE","","0.41","United Arab Emirates"
"11069","Apex Investment","APEX.AE","","0.96","United Arab Emirates"
"11070","Anan Investment Holding","ANAN.AE","","0.32","United Arab Emirates"
"11071","RAKBANK (The National Bank of Ras Al Khaimah)","RAKBANK.AE","","2.57","United Arab Emirates"
"11072","Phoenix Group","PHX.AE","","0.17","United Arab Emirates"
"11073","Pure Health Holding","PUREHEALTH.AE","","0.72","United Arab Emirates"
"11074","RAPCO Investment","RAPCO.AE","","0.65","United Arab Emirates"
"11075","Bank Muscat","BKMB.OM","","1.05195","Oman"
"11076","Omantel (Oman Telecom)","OTEL.OM","","3.56104","Oman"
"11077","OQ Gas Network Company","OQGN.OM","","0.571429","Oman"
"11078","Sohar International Bank","BKSB.OM","","0.472727","Oman"
"11079","Bank Dhofar","BKDB.OM","","0.574026","Oman"
"11080","National Bank of Oman","NBOB.OM","","1.25455","Oman"
"11081","Ahlibank","ABOB.OM","","0.558442","Oman"
"11082","HSBC Oman","HBMO.OM","","0.433766","Oman"
"11083","Ominvest","OMVS.OM","","1.03896","Oman"
"11084","Abraj Energy Services","ABRJ.OM","","1.05195","Oman"
"11085","Bank Nizwa","BKNZ.OM","","0.371429","Oman"
"11086","Ooredoo Oman","ORDS.OM","","0.831169","Oman"
"11087","Oman Cables Industry","OCAI.OM","","8.83117","Oman"
"11088","Oman Arab Bank","OAB.OM","","0.672727","Oman"
"11089","Oman Cement Company","OCOI.OM","","1.54286","Oman"
"11090","Liva Group","LIVA.OM","","0.909091","Oman"
"11091","Sembcorp Salalah Power & Water Company","SSPW.OM","","0.651948","Oman"
"11092","Renaissance Services","RNSS.OM","","0.714286","Oman"
"11093","National Finance","NFCI.OM","","0.550649","Oman"
"11094","Phoenix Power Company","PHPC.OM","","0.714286","Oman"
"11095","Dhofar International Development &amp; Investment Holding","DIDI.OM","","0.722078","Oman"
"11096","Al-Maha Petroleum","MHAS.OM","","3.11688","Oman"
"11097","Shell Oman Marketing Company","SOMS.OM","","1.96104","Oman"
"11098","Oman Flour Mills","OFMI.OM","","1.51948","Oman"
"11099","Oman Refreshment Company (Pepsi Oman)","ORCI.OM","","2.85714","Oman"
"11100","The Pearl REIF","PRFD.OM","","0.477922","Oman"
"11101","National Bank of Bahrain","NBB.BH","","2.33422","Bahrain"
"11102","Bank of Bahrain and Kuwait","BBK.BH","","1.40053","Bahrain"
"11103","Batelco (Bahrain Telecommunication Company)","BEYON.BH","","1.45889","Bahrain"
"11104","Al Salam Bank","SALAM.BH","","1.19629","Bahrain"
"11105","United Gulf Holding Company","UGH.BH","","0.580902","Bahrain"
"11106","Bank ABC (Arab Banking Corporation)","ABC.BH","","0.86","Bahrain"
"11107","APM Terminals Bahrain","APMTB.BH","","2.49337","Bahrain"
"11108","Oman Reinsurance","ORIC.OM","","0.220779","Oman"
"11109","Taageer Finance","TFCI.OM","","0.306494","Oman"
"11110","Oman Education and Training Investments (OETI)","OETI.OM","","4.67532","Oman"
"11111","OQIC Oman Qatar Insurance Company","OQIC.OM","","0.441558","Oman"
"11112","Al Jazeera Steel Products","ATMI.OM","","2.33766","Oman"
"11113","Galfar Engineering and Contracting","GECS.OM","","0.387013","Oman"
"11114","A'Saffa Foods","SPFI.OM","","1.94805","Oman"
"11115","Oman Chlorine","OCHL.OM","","0.418182","Oman"
"11116","Al Suwadi Power","SUWP.OM","","0.477922","Oman"
"11117","SMN Power Company","SMNP.OM","","0.506494","Oman"
"11118","Salalah Port Services Company","SPSI.OM","","1.23636","Oman"
"11119","Oman Oil Marketing Company (oomco)","OOMS.OM","","3.11688","Oman"
"11120","Al Batinah Power","BATP.OM","","0.477922","Oman"
"11121","Al Omaniya Financial Services","AOFS.OM","","0.379221","Oman"
"11122","Khaleeji Bank","KHALEEJI.BH","","0.981432","Bahrain"
"11123","Bahrain Islamic Bank","BISB.BH","","2.28117","Bahrain"
"11124","Mixed Martial Arts Group Limited (MMA)","MMA","","0.5001","Australia"
"11125","Agility Global","AGILITY.AE","","0","United Arab Emirates"
"11126","Oil &amp; Gas Development Company","OGDC.PK","","1.187","Pakistan"
"11127","Meezan Bank","MEBL.PK","","2.03724","Pakistan"
"11128","Mari Petroleum Company","MARI.PK","","2.41803","Pakistan"
"11129","Nestle Pakistan","NESTLE.PK","","27.1938","Pakistan"
"11130","Pakistan Petroleum","PPL.PK","","0.879838","Pakistan"
"11131","United Bank (Pakistan)","UBL.PK","","1.62766","Pakistan"
"11132","Colgate-Palmolive (Pakistan)","COLG.PK","","4.3849","Pakistan"
"11133","Pakistan Tobacco Company","PAKT.PK","","4.97681","Pakistan"
"11134","MCB Bank Pakistan","MCB.PK","","1.4436","Pakistan"
"11135","Lucky Cement","LUCK.PK","","1.59839","Pakistan"
"11136","Standard Chartered Bank (Pakistan)","SCBPL.PK","","0.23906","Pakistan"
"11137","Engro Fertilizers","EFERT.PK","","0.6594","Pakistan"
"11138","The Hub Power Company","HUBC.PK","","0.747171","Pakistan"
"11139","Fauji Fertilizer Company","FFC.PK","","1.98351","Pakistan"
"11140","Habib Bank","HBL.PK","","1.14759","Pakistan"
"11141","Engro Corporation","ENGRO.PK","","1.75174","Pakistan"
"11142","Pakistan Oilfields Limited","POL.PK","","2.60209","Pakistan"
"11143","Bestway Cement","BWCL.PK","","1.7574","Pakistan"
"11144","K-Electric","KEL.PK","","0.0257322","Pakistan"
"11145","Allied Bank (Pakistan)","ABL.PK","","0.62793","Pakistan"
"11146","Bank AL Habib","BAHL.PK","","0.602667","Pakistan"
"11147","IFL (Ibrahim Fibres)","IBFL.PK","","0.963603","Pakistan"
"11148","Millat Tractors","MTL.PK","","1.09898","Pakistan"
"11149","Al Anwar Ceramic Tiles","AACT.OM","","0.355844","Oman"
"11150","Raysut Cement","RCCI.OM","","0.449351","Oman"
"11151","Oman United Insurance","OUIC.OM","","0.831169","Oman"
"11152","Voltamp Energy","VOES.OM","","0.449351","Oman"
"11153","Alef Education","ALEFEDT.AE","","0.26","United Arab Emirates"
"11154","Banader Hotels Company","BANADER.BH","","0.695145","Bahrain"
"11155","Ithmaar Holding","ITHMR.BH","","0.25","Bahrain"
"11156","National Hotels Company (Bahrain)","NHOTEL.BH","","0.503979","Bahrain"
"11157","Systems Limited (Pakistan)","SYS.PK","","0.448959","Pakistan"
"11158","Unilever Pakistan Foods","UPFL.PK","","90.5822","Pakistan"
"11159","Fatima Fertilizer","FATIMA.PK","","0.565494","Pakistan"
"11160","Bank Alfalah","BAFL.PK","","0.206038","Pakistan"
"11161","Interloop","ILP.PK","","0.361766","Pakistan"
"11162","Ismail Industries","ISIL.PK","","7.00146","Pakistan"
"11163","Lucky Core Industries (LCI)","LCI.PK","","0.809498","Pakistan"
"11164","Faysal Bank","FABL.PK","","0.349928","Pakistan"
"11165","National Bank of Pakistan","NBP.PK","","0.727321","Pakistan"
"11166","Pakistan State Oil Company","PSO.PK","","1.34922","Pakistan"
"11167","Dawood Hercules Corporation","DAWH.PK","","0.993485","Pakistan"
"11168","Habib Metropolitan Bank","HMB.PK","","0.369922","Pakistan"
"11169","Abbott Laboratories (Pakistan)","ABOT.PK","","3.35637","Pakistan"
"11170","Rafhan Maize Products Company","RMPL.PK","","33.6178","Pakistan"
"11171","Fauji Cement Company","FCCL.PK","","0.206904","Pakistan"
"11172","Tata Investment Corporation","TATAINVEST.NS","","6.72866","India"
"11173","Burgenland Holding","BHD.VI","","96.8495","Austria"
"11174","Athos Immobilien","ATH.VI","","49.4288","Austria"
"11175","Hutter &amp; Schrantz Stahlbau AG","HST.VI","","32.8748","Austria"
"11176","Carasent ASA","CARA.OL","","1.57626","Norway"
"11177","Instabank ASA","INSTA.OL","","0.532702","Norway"
"11178","Mirae Asset Securities Co., Ltd.","006805.KS","","9.04902","South Korea"
"11179","NH Investment & Securities Co., Ltd.","005940.KS","","19.2102","South Korea"
"11180","Sultan Center Food Products Company","SULTAN.KW","","0","Kuwait"
"11181","Lassila &amp; Tikanoja Oyj","LAT1V.HE","","9.3635","Finland"
"11182","Héroux-Devtek","HRX.TO","","18.597","Canada"
"11183","Pepper Money Limited","PPM.AX","","1.36266","Australia"
"11184","Rex Minerals","RXM.AX","","0.295872","Australia"
"11185","Fiducian Group Limited","FID.AX","","7.04578","Australia"
"11186","Greenthesis S.p.A.","GTH.MI","","2.48305","Italy"
"11187","Relatech S.p.A.","RLT.MI","","2.69088","Italy"
"11188","Defence Tech Holding S.p.A.","DTH.MI","","3.81755","Italy"
"11189","Montepino Logística","MLMTP.PA","","11.6577","Spain"
"11190","Compagnie Du Mont-Blanc","MLCMB.PA","","293.775","France"
"11191","Marlowe plc","MRL.L","","588.911","United Kingdom"
"11192","CAB Payments","CABP.L","","1.10047","United Kingdom"
"11193","Stolt-Nielsen Limited","0OHK.L","","32.8984","United Kingdom"
"11194","Eckoh plc","ECK.L","","56.8248","United Kingdom"
"11195","Anexo Group Plc","ANX.L","","80.3296","United Kingdom"
"11196","Merkur PrivatBank","MBK.DE","","14.9219","Germany"
"11197","GBK Beteiligungen AG","GBQ.HM","","6.64491","Germany"
"11198","Nebelhornbahn-Aktiengesellschaft","NHB0.MU","","18.6524","Germany"
"11199","Elbstein AG","EBS.HM","","0.967591","Germany"
"11200","Stock3 AG","BOG.DE","","33.5743","Germany"
"11201","Bertelsmann SE & Co. KGaA","BTG.F","","143.149","Germany"
"11202","SPEEH Hidroelectrica","H2O.RO","","41.05","Romania"
"11203","Chain Bridge Bancorp","CBNA","","45.72","United States"
"11204","Yaoko Co.,Ltd.","8279.T","","65.9184","Japan"
"11205","Chugin Financial Group","5832.T","","21.5369","Japan"
"11206","National Gas Company SAOG","NGCI.OM","","0.280519","Oman"
"11207","Gulf International Chemicals","GICI.OM","","0.179221","Oman"
"11208","Muscat Finance","MFCI.OM","","0.176623","Oman"
"11209","Bank of Ayudhya","BAY.BK","","1.22175","Thailand"
"11210","Al Maha Ceramics","AMCI.OM","","0.662338","Oman"
"11211","Dhofar Generating Company","DGEN.OM","","0.207792","Oman"
"11212","Al Jazeira Services Co. SAOG","AJSS.OM","","0.654545","Oman"
"11213","Omani Euro Food Industries","OEFI.OM","","2.5974","Oman"
"11214","Dhofar Tourism","DTCS.OM","","2.14805","Oman"
"11215","Al Anwar Investments SAOG","AAIC.OM","","0.485714","Oman"
"11216","Global Financial Investments Holding SAOG","GFIC.OM","","0.87013","Oman"
"11217","Arabia Falcon Insurance Company (AFIC)","AFIC.OM","","0.350649","Oman"
"11218","Oman Chromite Company","OCCI.OM","","9.42857","Oman"
"11219","Majan University College","BACS.OM","","0.358442","Oman"
"11220","Oman National Engineering and Investment Co. (SAOG)","ONES.OM","","0.384416","Oman"
"11221","UBAR Hotels & Resorts SAOG","UBAR.OM","","0.327273","Oman"
"11222","Musandam Power","MSPW.OM","","0.883117","Oman"
"11223","The National Detergent Company SAOG","NDTI.OM","","1.68571","Oman"
"11224","Dhofar Insurance Company SAOG","DICS.OM","","0.883117","Oman"
"11225","Sharqiyah Desalination Company SAOG","SHRQ.OM","","0.441558","Oman"
"11226","Al Madina Investment Holding Co. SAOG","AMII.OM","","0.171429","Oman"
"11227","Takaful Oman Insurance SAOG","TAOI.OM","","0.158442","Oman"
"11228","Dhofar Food & Investment SAOG","DFIN.OM","","0.563636","Oman"
"11229","Bahrain Family Leisure Company","FAMILY.BH","","0.111406","Bahrain"
"11230","United Gulf Investment Corporation","UGIC.BH","","0.96817","Bahrain"
"11231","Bahrain Ship Repairing and Engineering Company","BASREC.BH","","0.0689655","Bahrain"
"11232","Bahrain Flour Mills Company","BFM.BH","","0.32626","Bahrain"
"11233","Al Abraaj Restaurants Group","ABRAAJ.BH","","0.530504","Bahrain"
"11234","Bahrain Cinema Company","CINECO.BH","","2.62599","Bahrain"
"11235","Nass Corporation B.S.C.","NASS.BH","","0.541114","Bahrain"
"11236","Beacon Financial Corporation","BBT","","31.58","United States"
"11237","Commercial Bancgroup","CBK","","33.93","United States"
"11238","NOBA Bank Group AB","NOBA.ST","","9.41949","Sweden"
"11239","Mechanics Bancorp","MCHB","","16.16","United States"
"11240","Central Bancompany","CBC","","32.46","United States"
"11241","SMJ International","SMJF","","11.25","Singapore"
"11242","SPACE42","SPACE42.AE","","0.48","United Arab Emirates"
"11243","National Biscuit Industries","NBII.OM","","15.3273","Oman"
"11244","Muscat Thread Mill","MTMI.OM","","0.597403","Oman"
"11245","Dhofar Beverages and Foodstuff Company","DBCI.OM","","0.472727","Oman"
"11246","Construction Materials Industries","CMII.OM","","0.179221","Oman"
"11247","Alfajar Al Alamia Co. SAOG","AFAI.OM","","1.28312","Oman"
"11248","Muscat Insurance","MCTI.OM","","1.31169","Oman"
"11249","Muscat Gas Company","MGMC.OM","","0.361039","Oman"
"11250","Financial Services Company SAOG","FSCI.OM","","0.623377","Oman"
"11251","Sohar Power Company SAOG","SHPS.OM","","0.571429","Oman"
"11252","Asyad Shipping Company","ASCO.OM","","0.612987","Oman"
"11253","United Finance Co. SAOG","UFCI.OM","","0.228571","Oman"
"11254","Muscat City Desalination Company","MCDE.OM","","0.228571","Oman"
"11255","Gulf Mushroom Products Company SAOG","GMPI.OM","","1.1013","Oman"
"11256","Omani Packaging Company","OPCI.OM","","0.571429","Oman"
"11257","Barka Desalination Company","BRDE.OM","","0.425974","Oman"
"11258","Al Sharqiya Investment Holdings Company","SIHC.OM","","0.257143","Oman"
"11259","National Aluminium Products Company SAOG","NAPI.OM","","0.387013","Oman"
"11260","Atlas Critical Minerals","ATCX","","3.7","Brazil"
"11261","PicS N.V. (PicPay)","PICS","","10.9","Brazil"
"11262","Modon Holding PSC","MODON.AE","","0.78","United Arab Emirates"
"11263","SWI Capital Holding","SWICH.AS","","10.6085","Singapore"
"11264","BMC Minerals","BMC.AX","","2.16738","Canada"
"11265","Saluda Medical","SLD.AX","","0","United States"
"11266","DigiCo Infrastructure REIT","DGT.AX","","1.80973","Australia"
"11267","Samsung Epis Holdings","0126Z0.KS","","264.321","South Korea"
"11268","Valiant Gold","VAL.AX","","0","Australia"
"11269","Pelagic Credit Plc","PLGC.OL","","1.82579","Cyprus"
"11270","ASTA Energy Solutions AG","1AST.F","","65.2833","Austria"
"11271","Pershing Square USA","PSUS","","0","United States"
"11272","Forbright, Inc.","FRBT","","18.65","United States"
"11273","Centiel","CNTL.SW","","7.78733","Switzerland"
"11274","First Carolina Financial Services","FCBM","","12.67","United States"
"11275","Giunti Psychometrics","GPSYDD.MI","","0","Italy"
"11276","Le Slip Français","ALLSF.PA","","16.6449","France"
"11277","Pelican Aqua Holding","PLCAN.OL","","1.48748","Cyprus"
"11278","Greenland Energy Company","GLND","","1.49","United States"
"11279","First Breach Inc.","FBDT","","2.05","United States"
