"Rank","Name","Symbol","dividend_yield_ttm","price (USD)","country"
"1","VYNE Therapeutics","VYNE","373281","0.509","United States"
"2","Elme Communities","ELME","88922.2","1.67","United States"
"3","Delek Group","DLEKG.TA","65997","27.8339","Israel"
"4","Transcontinental","TCL-A.TO","36514.2","3.97637","Canada"
"5","Aimco","AIV","19683.8","2.53","United States"
"6","SITE Centers","SITC","17326.7","3.03","United States"
"7","European Residential REIT","ERE-UN.TO","12422.3","0.836997","Canada"
"8","Grieg Seafood","GSF.OL","11811.4","3.20885","Norway"
"9","Frontera Energy","FEC.TO","7044.4","5.99337","Canada"
"10","OCI","OCI.AS","7017.37","4.71687","Netherlands"
"11","Apollo Commercial Real Estate Finance","ARI","6607.93","6.81","United States"
"12","Allied Tecnologia","ALLD3.SA","5910.07","1.01093","Brazil"
"13","Nine Entertainment Co. Holdings","NEC.AX","5740.75","0.70033","Australia"
"14","Prodea Real Estate Investment Company","PRODEA.AT","5529.87","3.56685","Greece"
"15","TaskUs","TASK","4709.68","7.75","United States"
"16","Grendene","GRND3.SA","4442.79","0.676543","Brazil"
"17","Oxford Lane Capital","OXLC","4306.72","9.52","United States"
"18","Toro Corp.","TORO","4301.95","6.16","Cyprus"
"19","Ellaktor","ELLAKTOR.AT","4186.27","1.49668","Greece"
"20","Exmar","EXM.BR","4177.97","13.4267","Belgium"
"21","Iveco Group","IVG.MI","4072.56","16.2781","Italy"
"22","Bolloré","BOL.PA","4053.35","4.44807","France"
"23","Eisen- und Hüttenwerke","EIS.F","3767.19","16.552","Germany"
"24","Citycon","CTY1S.HE","3695.26","3.38618","Finland"
"25","BG Staffing","BGSF","3676.47","5.44","United States"
"26","Eagle Point Credit Company","ECC","3541.67","3.84","United States"
"27","Natural Health Trends","NHTC","3508.77","1.71","United States"
"28","Sun Art Retail Group Limited","6808.HK","3332.64","0.129481","China"
"29","BlueNord ASA","BNOR.OL","3258.28","57.3315","Norway"
"30","LexinFintech Holdings","LX","3237.29","1.18","China"
"31","Celtic","CCP.L","3130.71","2.57741","United Kingdom"
"32","Oxford Square Capital","OXSQ","3111.11","1.35","United States"
"33","Icahn Enterprises","IEP","2936.86","6.81","United States"
"34","UWM Holdings","UWMC","2739.73","1.46","United States"
"35","BBX Capital Corporation","BBXIA","2710.03","3.69","United States"
"36","Stratus Properties","STRS","2637.13","18.96","United States"
"37","Strathcona Resources","SCR.TO","2611.95","30.3703","Canada"
"38","StoneCo","STNE","2602.88","9.72","Brazil"
"39","PennantPark Investment","PNNT","2553.19","3.76","United States"
"40","Shutterstock","SSTK","2490.97","5.54","United States"
"41","Tuniu Corporation","TOUR","2483.4","4.82","China"
"42","Life Healthcare Group","LHC.JO","2411.89","0.731327","South Africa"
"43","Helia Group","HLI.AX","2409.67","3.65608","Australia"
"44","Horizon Technology Finance","HRZN","2359.08","4.79","United States"
"45","Lument Finance Trust","LFT","2181.62","0.7334","United States"
"46","BCP Investment Corporation","BCIC","2177.31","7.67","United States"
"47","Great Elm Capital","GECC","2153.59","5.99","United States"
"48","Marcopolo","POMO4.SA","2152.43","0.857343","Brazil"
"49","Arbor Realty Trust","ABR","2114.62","5.06","United States"
"50","Mobile TeleSystems","MTSS.ME","2097.21","2.14","Russia"
"51","IGG Inc","0799.HK","2072.1","0.419696","Singapore"
"52","Runway Growth Finance","RWAY","2067.38","6.53","United States"
"53","Prospect Capital","PSEC","2056.28","2.31","United States"
"54","Ellington Credit Company","EARN","1977.53","4.45","United States"
"55","MPH Health Care AG","93M1.DE","1959.6","29.0244","Germany"
"56","Kvika banki","KVIKA.IC","1954.58","0.110742","Iceland"
"57","SIGA Technologies","SIGA","1954.4","3.07","United States"
"58","CION Investment Corporation","CION","1934.6","7.34","United States"
"59","Polyus","PLZL.ME","1928.95","12.81","Russia"
"60","Aker Solutions ASA","AKSO.OL","1905.01","4.64214","Norway"
"61","Granite Point Mortgage Trust","GPMT","1904.76","1.05","United States"
"62","FS KKR Capital","FSK","1891.45","12.16","United States"
"63","Orchid Island Capital","ORC","1889.06","6.67","United States"
"64","B&amp;G Foods","BGS","1883.85","3.53","United States"
"65","Mandarin Oriental","M04.SI","1841.32","3.34","Hong Kong"
"66","Metrovacesa","MVC.MC","1838.89","12.4956","Spain"
"67","Unipar Carbocloro","UNIP6.SA","1820.52","10.9277","Brazil"
"68","Sachem Capital","SACH","1817.98","0.8801","United States"
"69","Games Operators","GOP.WA","1793.81","3.06804","Poland"
"70","ARMOUR Residential REIT","ARR","1775.59","16.22","United States"
"71","Saratoga Investment","SAR","1764.39","18.42","United States"
"72","Chicago Atlantic Real Estate Finance","REFI","1760.3","10.68","United States"
"73","Lukoil","LKOH.ME","1749.29","49.48","Russia"
"74","PennyMac Mortgage Investment Trust","PMT","1722.28","9.29","United States"
"75","Zengame Technology","2660.HK","1716.39","0.299145","China"
"76","Banco Sabadell","SAB.MC","1708.33","4.22777","Spain"
"77","Resimac Group Limited","RMC.AX","1699.63","0.678782","Australia"
"78","Chargeurs","CRI.PA","1686.44","10.3042","France"
"79","WhiteHorse Finance","WHF","1676.14","7.04","United States"
"80","Akastor ASA","AKAST.OL","1672.48","1.42901","Norway"
"81","RTL Group","RRTL.F","1672.08","37.4169","Luxembourg"
"82","Reach plc","RCH.L","1671.18","0.580155","United Kingdom"
"83","Qfin Holdings","QFIN","1647.06","9.35","China"
"84","DFI Retail Group","D01.SI","1646.89","3.55","Hong Kong"
"85","MFA Financial","MFA","1636.36","8.8","United States"
"86","PennantPark Floating Rate Capital Ltd.","PFLT","1622.8","7.37","United States"
"87","OC Oerlikon","OERL.SW","1614.2","6.47876","Switzerland"
"88","Jagran Prakashan","JAGRAN.NS","1614","0.644181","India"
"89","Bain Capital Specialty Finance","BCSF","1588.24","11.9","United States"
"90","Dynex Capital","DX","1583.85","12.88","United States"
"91","Byggmästare Anders J Ahlström","AJA-B.ST","1578.08","5.66831","Sweden"
"92","Skel fjárfestingafélag","SKEL.IC","1570.2","0.140903","Iceland"
"93","Redwood Trust","RWT","1561.82","4.61","United States"
"94","Stellus Capital Investment Corporation","SCM","1554.4","8.64","United States"
"95","Tiger Brands","TBS.JO","1552.81","17.0467","South Africa"
"96","Angel Oak Mortgage REIT","AOMR","1531.1","8.36","United States"
"97","Sberbank","SBER.ME","1527.4","3.16","Russia"
"98","PayPoint","PAY.L","1494.81","8.50276","United Kingdom"
"99","Italtile","ITE.JO","1493.36","0.572779","South Africa"
"100","Seven Hills Realty Trust","SEVN","1469.82","7.62","United States"
"101","Mach Natural Resources LP","MNR","1463.02","12.44","United States"
"102","G8 Education","GEM.AX","1442.12","0.0969688","Australia"
"103","Sea1 Offshore","SEA1.OL","1438.11","2.87727","Norway"
"104","Chimera Investment Corporation","CIM","1428.57","11.48","United States"
"105","TPG Mortgage Investment Trust","MITT","1385.54","6.64","United States"
"106","Banca IFIS","IF.MI","1379.25","17.4146","Italy"
"107","Carlyle Secured Lending","CGBD","1368.05","11.33","United States"
"108","Cherry Hill Mortgage Investment","CHMI","1365.19","2.93","United States"
"109","Liberty Financial Group","LFG.AX","1363.34","2.56429","Australia"
"110","Blackstone Mortgage Trust","BXMT","1350.57","13.92","United States"
"111","Chicago Atlantic BDC","LIEN","1339.9","10.15","United States"
"112","BrightSpire Capital","BRSP","1336.12","4.79","United States"
"113","Innovative Industrial Properties","IIPR","1332.4","57.04","United States"
"114","Yanbu Cement Company","3060.SR","1316.03","4.03782","Saudi Arabia"
"115","Franklin BSP Realty Trust","FBRT","1313.61","8.45","United States"
"116","NetDragon Websoft","0777.HK","1312.07","0.98163","China"
"117","Ares Commercial Real Estate","ACRE","1295.9","4.63","United States"
"118","Western Union","WU","1294.77","7.26","United States"
"119","Wallenius Wilhelmsen","WAWI.OL","1288.3","16.6326","Norway"
"120","Mandatum","MANTA.HE","1287.05","7.45425","Finland"
"121","Pareto Bank","PARB.OL","1285.22","6.4498","Norway"
"122","Blue Owl Capital Corporation","OBDC","1280","11.25","United States"
"123","Community Healthcare Trust","CHCT","1275.77","14.94","United States"
"124","Bijou Brigitte","BIJ.DE","1248.47","54.6684","Germany"
"125","Annaly Capital Management","NLY","1246.72","22.86","United States"
"126","TPG Real Estate Finance Trust","TRTX","1245.14","7.71","United States"
"127","Murapol S.A.","MUR.WA","1241.89","10.4611","Poland"
"128","Ford Otosan","FROTO.IS","1240.29","1.64445","Turkey"
"129","Norwegian Air Shuttle","NAS.OL","1238.04","1.41885","Norway"
"130","INWIT","INW.MI","1236.33","7.09873","Italy"
"131","Topsports International","6110.HK","1234.11","0.145427","Hong Kong"
"132","SLR Investment","SLRC","1231.02","12.51","United States"
"133","Golden Entertainment","GDEN","1225.92","28.55","United States"
"134","AGNC Investment","AGNC","1221.09","10.81","United States"
"135","Smiths News","SNWS.L","1215.85","0.937487","United Kingdom"
"136","Flowers Foods","FLO","1211.99","7.17","United States"
"137","Rede D'Or Sao Luiz","RDOR3.SA","1210.56","6.86263","Brazil"
"138","Starwood Property Trust","STWD","1206.79","15.91","United States"
"139","Spok Holdings","SPOK","1202.11","10.415","United States"
"140","Shenzhen Bingchuan Network","300533.SZ","1193.07","2.12351","China"
"141","JSC Halyk Bank","H4L1.F","1186.42","34.2697","Kazakhstan"
"142","Rayonier","RYN","1184.44","20.82","United States"
"143","Vitesse Energy","VTS","1182.52","16.93","United States"
"144","Trinity Capital","TRIN","1179.93","18.73","United States"
"145","CuriosityStream","CURI","1177.54","2.76","United States"
"146","Svenska Handelsbanken","SHB-A.ST","1168.85","15.4094","Sweden"
"147","Hafnia Limited","HAFN","1168.6","7.77","Bermuda"
"148","Barings BDC","BBDC","1165.78","9.35","United States"
"149","NexPoint Real Estate Finance","NREF","1163.47","17.19","United States"
"150","Pullup Entertainment","ALPUL.PA","1161.77","9.72141","France"
"151","Naturhouse Health","NTH.MC","1161.77","2.93741","Spain"
"152","Banco do Estado do Rio Grande do Sul S.A.","BRSR6.SA","1161.37","2.69256","Brazil"
"153","BB Seguridade Participações","BBSE3.SA","1160.52","7.66165","Brazil"
"154","Premier Miton Group plc","PMI.L","1158.57","0.536677","United Kingdom"
"155","MBM Resources","5983.KL","1153.94","1.25326","Malaysia"
"156","Mercor","MCR.WA","1151.72","4.12226","Poland"
"157","WH Group","0288.HK","1150.21","1.0097","Hong Kong"
"158","Focus Media Information Technology","002027.SZ","1145.92","0.735119","China"
"159","Bradespar","BRAP3.SA","1144.78","3.65877","Brazil"
"160","Pacific Century Regional Developments","P15.SI","1144.04","0.385584","Singapore"
"161","Evertz Technologies","ET.TO","1143.2","11.2448","Canada"
"162","Whirlpool S.A.","WHRL3.SA","1134.56","0.686263","Brazil"
"163","Clipper Realty","CLPR","1130.95","3.36","United States"
"164","City Cement Company","3003.SR","1127.66","2.72473","Saudi Arabia"
"165","KKR Real Estate Finance Trust","KREF","1125.83","7.55","United States"
"166","Unilever Indonesia","UNVR.JK","1123.62","0.0991549","Indonesia"
"167","Allied Properties REIT","AP-UN.TO","1120.53","6.4472","Canada"
"168","Bank Mandiri","BMRI.JK","1120.46","0.237183","Indonesia"
"169","Qisda Corporation","2352.TW","1118.97","0.882223","Taiwan"
"170","Manhattan Bridge Capital","LOAN","1116.63","4.03","United States"
"171","Two Harbors Investment","TWO","1116.58","12.18","United States"
"172","Alight","ALIT","1116.54","14.33","United States"
"173","Formula Systems","FORTY","1116.27","121.36","Israel"
"174","Comgás","CGAS5.SA","1109.23","23.4807","Brazil"
"175","IPH Limited","IPH.AX","1108.79","2.42781","Australia"
"176","Speedy Hire","SDY.L","1105.77","0.254684","United Kingdom"
"177","Solvar Limited","SVR.AX","1100.91","1.20672","Australia"
"178","Golub Capital","GBDC","1098.4","13.11","United States"
"179","Jinko Solar","JKS","1098.1","13.66","China"
"180","Banco de Brasília","BSLI3.SA","1096.36","0.519072","Brazil"
"181","Saga Communications","SGA","1095.29","9.13","United States"
"182","Crown Crafts","CRWS","1088.44","2.94","United States"
"183","Bank Rakyat Indonesia","BBRI.JK","1087.21","0.177465","Indonesia"
"184","NexPoint Diversified Real Estate Trust","NXDT","1086.96","5.52","United States"
"185","Cogent Communications","CCOI","1069.65","10.05","United States"
"186","Hercules Capital","HTGC","1065.76","17.64","United States"
"187","Ellington Financial","EFC","1062.41","13.46","United States"
"188","Höegh Autoliners","HAUTO.OL","1060.84","17.9375","Norway"
"189","Sláturfélags Suðurlands","SFS-B.IC","1059.86","0.020649","Iceland"
"190","Bank Handlowy w Warszawie","BHW.WA","1049.91","32.5456","Poland"
"191","Nippon Steel","5401.T","1044.18","4.21038","Japan"
"192","Timbercreek Financial","TF.TO","1043.74","4.32935","Canada"
"193","Neinor Homes","HOME.MC","1041.65","18.6385","Spain"
"194","TXO Partners, L.P.","TXO","1039.15","14.05","United States"
"195","Grupo Catalana Occidente","GCO.MC","1036.83","53.2104","Spain"
"196","Movida Participações","MOVI3.SA","1034.23","1.3978","Brazil"
"197","Townsquare Media","TSQ","1025.64","5.85","United States"
"198","Sumitomo Mitsui Trust Holdings","8309.T","1022.3","11.0499","Japan"
"199","Archer Limited","ARCH.OL","1018.46","2.5243","Norway"
"200","Talenom","TNOM.HE","1014.92","1.45005","Finland"
"201","SES S.A.","SESG.PA","1008.56","5.63003","Luxembourg"
"202","Métropole Télévision (Groupe M6)","MMT.PA","1008.15","14.011","France"
"203","Icade","ICAD.PA","1005.2","21.6459","France"
"204","DOF Group","DOFG.OL","1004.48","13.7446","Norway"
"205","Sixth Street Specialty Lending","TSLX","1004.25","18.82","United States"
"206","Giordano","0709.HK","1003.4","0.177319","Hong Kong"
"207","Signify","LIGHT.AS","1003.37","17.8576","Netherlands"
"208","Brookfield Property Partners","BPYPP","1000.62","16.23","Bermuda"
"209","Kimbell Royalty Partners","KRP","1000","15.1","United States"
"210","Energean","ENOG.L","999.271","9.96683","United Kingdom"
"211","InfraCom Group AB","INFRA.ST","998.516","2.16236","Sweden"
"212","Text (LiveChat)","TXT.WA","998.036","13.2074","Poland"
"213","Itaúsa","ITSA3.SA","996.211","2.56814","Brazil"
"214","Buckle","BKE","996.151","44.17","United States"
"215","Texwinca Holdings","0321.HK","994.821","0.128843","Hong Kong"
"216","Brandywine Realty Trust","BDN","993.789","3.22","United States"
"217","Rithm Capital","RITM","992.063","10.08","United States"
"218","AMERISAFE","AMSF","988.969","26.29","United States"
"219","Flex LNG","FLNG","986.193","30.42","Bermuda"
"220","National Beverage","FIZZ","986.044","32.96","United States"
"221","Millrose Properties","MRP","981.415","30.67","United States"
"222","Gladstone Capital Corporation","GLAD","977.71","19.74","United States"
"223","Azkoyen S.A.","AZK.MC","975.885","11.6564","Spain"
"224","Tallink Grupp","T5N.F","975.884","0.699382","Estonia"
"225","CVR Partners","UAN","973.599","126.13","United States"
"226","Adaro Energy","ADRO.JK","969.726","0.152113","Indonesia"
"227","Ares Capital","ARCC","964.824","19.9","United States"
"228","Novatek","NVTK.ME","962.659","11.02","Russia"
"229","Vedanta","VEDL.NS","960.475","2.94333","India"
"230","MarketWise","MKTW","959.91","17.71","United States"
"231","Vår Energi","VAR.OL","955.862","5.13524","Norway"
"232","Is Yatirim Menkul Degerler Anonim Sirketi","ISMEN.IS","955.544","0.700581","Turkey"
"233","Zegona Communications","ZEG.L","952.944","22.0377","United Kingdom"
"234","Exxaro Resources","EXX.JO","948.451","11.4794","South Africa"
"235","Fiera Capital","FSZ.TO","945.99","3.2344","Canada"
"236","Ten Square Games","TEN.WA","945.424","27.707","Poland"
"237","Intracom Holdings","INTRK.AT","945.334","3.57851","Greece"
"238","Deep Value Driller","DVD.OL","943.536","2.19272","Norway"
"239","Latitude Group Holdings","LFS.AX","942.029","0.668008","Australia"
"240","Advanced Info Service (AIS)","ADVANC.BK","938.298","10.857","Thailand"
"241","Eagle Nice","2368.HK","936.266","0.381426","Hong Kong"
"242","Bank Negara Indonesia","BBNI.JK","934.286","0.209014","Indonesia"
"243","Ladder Capital","LADR","933.063","9.86","United States"
"244","Solvay","SOLB.VI","932.887","29.5606","Belgium"
"245","Proximus","PROX.VI","932.373","7.27357","Belgium"
"246","Heineken Malaysia","3255.KL","928.499","4.02337","Malaysia"
"247","Embecta","EMBC","927.419","4.96","United States"
"248","Greencoat UK Wind","UKW.L","926.893","1.49343","United Kingdom"
"249","AllianceBernstein","AB","925.373","36.85","United States"
"250","Spark New Zealand","SPK.NZ","924.769","1.279","New Zealand"
"251","The RMR Group","RMR","923.077","19.5","United States"
"252","Gladstone Commercial","GOOD","922.367","13.01","United States"
"253","Française des Jeux","FDJ.VI","920.646","26.1919","France"
"254","Abacus Group","ABG.AX","919.35","0.646459","Australia"
"255","China Yongda Automobiles Services","3669.HK","919.331","0.106519","China"
"256","ORLEN","PKN.WA","917.43","39.4655","Poland"
"257","Alliance Resource Partners","ARLP","916.38","26.19","United States"
"258","PermRock Royalty Trust","PRT","909.91","2.22","United States"
"259","Artisan Partners","APAM","909.717","43.53","United States"
"260","Leifheit","LEI.DE","907.799","15.0367","Germany"
"261","Arwana Citramulia Tbk","ARNA.JK","906.117","0.0276056","Indonesia"
"262","Emaar Properties","EMAAR.AE","905.823","2.99515","United Arab Emirates"
"263","Freelance.com SA","ALFRE.PA","903.597","3.14722","France"
"264","NL Industries","NL","903.522","6.53","United States"
"265","CrossAmerica Partners","CAPL","901.675","23.29","United States"
"266","Oracle Corp Japan","4716.T","900.784","58.161","Japan"
"267","China Gas","0384.HK","899.906","0.712463","China"
"268","Wing On Company International","0289.HK","898.43","1.66093","Hong Kong"
"269","DocCheck","AJ91.DE","895.312","12.7054","Germany"
"270","Akwel SA","AKW.PA","895.306","7.64658","France"
"271","Altius Telecom Infrastructure Trust","ALTIUSINVIT.BO","895.016","1.83304","India"
"272","Magellan Financial Group","MFG.AX","891.23","6.82373","Australia"
"273","TF1","TFI.PA","891.024","8.02541","France"
"274","International Seaways","INSW","889.292","93.67","United States"
"275","Banorte","GFNORTEO.MX","889.241","11.2309","Mexico"
"276","Monro","MNRO","888.184","12.61","United States"
"277","NOS","NOS.LS","886.093","5.74426","Portugal"
"278","Reckitt Benckiser","RKT.L","884.794","69.2654","United Kingdom"
"279","Dorchester Minerals","DMLP","884.749","28.72","United States"
"280","PT Aspirasi Hidup Indonesia Tbk","ACES.JK","882.205","0.020169","Indonesia"
"281","Odfjell Drilling","0QHX.IL","880.106","9.78701","United Kingdom"
"282","Granite Ridge Resources","GRNT","880","5","United States"
"283","Transport International Holdings","0062.HK","879.428","1.16469","Hong Kong"
"284","Quiñenco","QUINENCO.SN","879.311","4.91909","Chile"
"285","Hamborner REIT","HABA.DE","878.973","5.04721","Germany"
"286","Komerční banka","KOMB.PR","876.428","51.3024","Czech Republic"
"287","OPAP (Organization of Football Prognostics)","OPAP.AT","876.18","16.8777","Greece"
"288","Old Republic International","ORI","873.969","42.45","United States"
"289","Kaufman &amp; Broad","KOF.PA","872.741","28.6747","France"
"290","FDM Group","FDM.L","871.966","1.51757","United Kingdom"
"291","Qube Holdings","QUB.AX","870.564","3.67045","Australia"
"292","Westlake Chemical Partners","WLKP","868.603","21.69","United States"
"293","NexPoint Residential Trust","NXRT","867.41","24.21","United States"
"294","Weibo","WB","866.477","7.04","China"
"295","Kendrion","KENDR.AS","865.87","22.4968","Netherlands"
"296","Chagee","CHA","865.475","10.63","China"
"297","Ayvens","AYV.PA","865.357","13.1251","France"
"298","Growthpoint Properties Australia","GOZ.AX","861.108","1.49404","Australia"
"299","Taylor Wimpey","TW.L","859.861","1.16928","United Kingdom"
"300","Mercialys","MERY.PA","857.549","13.1484","France"
"301","Asphere Innovations","AS.BK","854.267","0.0695334","Thailand"
"302","Bioventix","BVXP.L","851.973","23.4032","United Kingdom"
"303","Qatar National Cement Company","QNCD.QA","849.422","0.714011","Qatar"
"304","Pico Far East Holdings","0752.HK","848.039","0.285113","Hong Kong"
"305","Banco del Bajío","BBAJIOO.MX","847.937","3.41115","Mexico"
"306","Taesa (Transmissora Aliança de Energia Elétrica)","TAEE11.SA","845.708","7.57028","Brazil"
"307","GasLog Partners LP","GLOP-PA","845.588","25.5","Greece"
"308","CLS Holdings plc","CLI.L","844.295","0.644013","United Kingdom"
"309","Topps Tiles","TPT.L","842.465","0.489124","United Kingdom"
"310","Ready Capital","RC","842.391","1.84","United States"
"311","CPFL Energia","CPFE3.SA","842.157","8.66091","Brazil"
"312","Silvercrest Asset Management Group","SAMG","841.683","9.98","United States"
"313","İsdemir","ISDMR.IS","839.911","1.1292","Turkey"
"314","Société Marseillaise du Tunnel Prado-Carénage","ALTPC.PA","837.511","31.3556","France"
"315","Lojas Renner","LREN3.SA","837.404","2.09962","Brazil"
"316","Bisalloy Steel Group","BIS.AX","834.661","3.42623","Australia"
"317","AH Realty Trust","AHRT","834.575","6.71","United States"
"318","Corem Property Group AB","CORE-PREF.ST","833.616","24.6676","Sweden"
"319","Ascencio","ASCE.BR","833.53","60.2634","Belgium"
"320","Itaú Unibanco","ITUB","832.875","7.61","Brazil"
"321","Global Net Lease","GNL","831.51","9.14","United States"
"322","Telkom Indonesia","TLK","830.048","14.71","Indonesia"
"323","Playtika","PLTK","829.875","2.41","Israel"
"324","Atlas Arteria","ALX.AX","828.451","3.37595","Australia"
"325","MFE-Mediaforeurope","MFEA.MI","827.022","3.00501","Italy"
"326","iHuman","IH","823.995","1.2136","China"
"327","Celesc (Centrais Elétricas de Santa Catarina)","CLSC4.SA","823.607","28.8969","Brazil"
"328","Sunlight REIT","0435.HK","823.36","0.280648","Hong Kong"
"329","SKY Network Television Limited","SKT.NZ","822.669","1.99881","New Zealand"
"330","Carmila","CARM.PA","822.307","18.7434","France"
"331","Freenet","FNTN.F","821.838","28.1385","Germany"
"332","Delek Logistics Partners","DKL","820.991","54.69","United States"
"333","China Unicom","0762.HK","820.857","0.722669","Hong Kong"
"334","Vp plc","VP.L","819.506","6.71187","United Kingdom"
"335","Jadwa Investment - Jadwa Reit Saudi Fund","4342.SR","818.148","2.60487","Saudi Arabia"
"336","DNO ASA","DNO.OL","816.369","1.89429","Norway"
"337","Teekay","TK","816.327","12.25","Canada"
"338","Mechanics Bancorp","MCHB","816.199","16.05","United States"
"339","Shanghai Industrial Holdings Limited","0363.HK","815.564","1.74895","Hong Kong"
"340","Record Financial Group","REC.L","813.217","0.595101","United Kingdom"
"341","Telefónica","TEF.MC","812.109","4.19047","Spain"
"342","Black Stone Minerals","BSM","810.811","14.8","United States"
"343","Titanium Oyj","TITAN.HE","810.535","7.04045","Finland"
"344","China State Construction International","3311.HK","809.945","0.986733","Hong Kong"
"345","Viomi Technology","VIOT","809.816","0.815","China"
"346","Ithaca Energy","ITH.L","809.163","3.69017","United Kingdom"
"347","Altarea","ALTA.PA","806.514","112.601","France"
"348","Shandong Hi-Speed","600350.SS","806.016","1.54018","China"
"349","TORM","TRMD","804.521","30.08","United Kingdom"
"350","Al-Dawaa Medical Services Company","4163.SR","803.722","10.4408","Saudi Arabia"
"351","Astra International","ASII.JK","803.334","0.269859","Indonesia"
"352","Vinhomes","VHM.VN","803.162","2.82759","Vietnam"
"353","Care Property Invest NV","CPINV.BR","802.541","14.1975","Belgium"
"354","Upbound Group","UPBD","802.469","19.44","United States"
"355","Peter Warren Automotive Holdings Limited","PWR.AX","801.649","0.610544","Australia"
"356","Électricite de Strasbourg","ELEC.PA","801.536","195.827","France"
"357","Fonciere Inea","INEA.PA","800.876","38.2329","France"
"358","Arena REIT","ARF.AX","800.796","1.68079","Australia"
"359","Salam International Investment","SIIS.QA","794.7","0.207143","Qatar"
"360","Qrf","QRF.BR","790.819","11.7729","Belgium"
"361","American Coastal Insurance Corporation","ACIC","788.644","9.51","United States"
"362","Lendlease","LLC.AX","788.298","2.0543","Australia"
"363","Firm Capital Mortgage Investment Corporation","FC.TO","788.245","8.4642","Canada"
"364","Barwa Real Estate Company","BRES.QA","787.746","0.626923","Qatar"
"365","CTF Services Limited","0659.HK","786.845","1.02564","Hong Kong"
"366","Dunelm Group","DNLM.L","786.669","11.8613","United Kingdom"
"367","NZME Limited","NZM.NZ","786.392","0.660321","New Zealand"
"368","Prosperity Real Estate Investment Trust","0808.HK","786.235","0.187524","Hong Kong"
"369","CNA Financial","CNA","784.631","49.45","United States"
"370","Renault","RNO.PA","784.13","32.4513","France"
"371","Swedbank","SWED-A.ST","783.177","39.1533","Sweden"
"372","Sunrise Communications AG","SUNN.SW","783.124","53.2946","Switzerland"
"373","Atal S.A.","1AT.WA","781.114","15.2456","Poland"
"374","AB Pieno Zvaigzdes","PZV1L.VS","780.71","2.03986","Lithuania"
"375","Papa John's Pizza","PZZA","779.331","23.61","United States"
"376","Group Five Pipe Saudi Company","9523.SR","779.131","14.689","Saudi Arabia"
"377","Fortune REIT","0778.HK","779.044","0.576604","Hong Kong"
"378","Diversified Energy","DEC.L","777.551","14.6737","United States"
"379","Emaar Development","EMAARDEV.AE","776.419","3.50161","United Arab Emirates"
"380","Saudia Dairy &amp; Foodstuff Company","2270.SR","776.09","55.0007","Saudi Arabia"
"381","National General Insurance Company","NGI.AE","775.882","1.59015","United Arab Emirates"
"382","Antin Infrastructure Partners","ANTIN.PA","775.031","10.5024","France"
"383","maison pommery &amp; associes","POMRY.PA","772.98","11.7729","France"
"384","Beach Energy","BPT.AX","772.489","0.633591","Australia"
"385","Betsson AB","BETS-B.ST","772.43","9.7096","Sweden"
"386","Qatari Investors Group","QIGD.QA","772.201","0.356044","Qatar"
"387","Cairo Communication","CAI.MI","770.436","2.67514","Italy"
"388","Mercedes-Benz","MBG.DE","769.017","51.9699","Germany"
"389","Vilniaus Baldai AB","VBL1L.VS","768.879","11.4815","Lithuania"
"390","GWA Group Limited","GWA.AX","767.234","1.45812","Australia"
"391","Brightstar Lottery","BRSL","767.219","11.47","United Kingdom"
"392","Ethan Allen","ETD","766.949","23.6","United States"
"393","Blue Owl Capital","OWL","766.949","11.8","United States"
"394","Retail Estates NV","RET.BR","765.4","77.0486","Belgium"
"395","Mutares","MUX.DE","765.399","29.8403","Germany"
"396","Van de Velde","VAN.BR","765.398","35.7851","Belgium"
"397","Ayala Corporation","AYALY","762.029","7.69","Philippines"
"398","Metropolitan Bank (Metrobank)","MTPOY","761.514","21.886","Philippines"
"399","Coface","COFA.PA","760.034","18.5686","France"
"400","Gree Electric Appliances","000651.SZ","758.693","5.84375","China"
"401","Klabin","KLBN11.SA","757.477","3.63739","Brazil"
"402","Hess Midstream","HESM","757.236","40.08","United States"
"403","MONETA Money Bank","MONET.PR","756.389","9.60349","Czech Republic"
"404","United Electronics Company (eXtra Saudi)","4003.SR","755.995","17.7387","Saudi Arabia"
"405","Oppein Home Group","603833.SS","755.058","4.84821","China"
"406","Gecina","GFC.PA","754.373","82.3523","France"
"407","HomeCo Daily Needs REIT","HDN.AX","754.189","0.797299","Australia"
"408","Danske Bank","DANS.VI","753.729","57.6641","Denmark"
"409","Bank Pekao (Bank Polska Kasa Opieki)","PEO.WA","752.021","68.8214","Poland"
"410","Growthpoint Properties","GRT.JO","751.021","1.02336","South Africa"
"411","mwb fairtrade AG","MWB0.DE","750.682","12.1226","Germany"
"412","Sampoerna","HMSP.JK","750.663","0.0419718","Indonesia"
"413","Cadence Capital Limited","CDM.AX","748.793","0.560264","Australia"
"414","Panoro Energy ASA","PEN.OL","748.136","3.0912","United Kingdom"
"415","Hualan Biological Engineering","002007.SZ","747.838","1.97619","China"
"416","Dubai Refreshment","DRC.AE","746.796","8.02156","United Arab Emirates"
"417","Primary Health Properties","PHP.L","746.062","1.30161","United Kingdom"
"418","Soft-World International","5478.TWO","745.89","3.10669","Taiwan"
"419","Ålandsbanken","ALBAV.HE","745.762","53.3862","Finland"
"420","TransDigm Group","TDG","745.613","1207.06","United States"
"421","Host Hotels & Resorts","HST","744.539","22.43","United States"
"422","One Liberty Properties","OLP","744.417","24.18","United States"
"423","Yellow Pages (Canada)","Y.TO","743.732","9.52312","Canada"
"424","MCAN Mortgage Corporation","MKP.TO","743.389","16.0063","Canada"
"425","GDI Property Group","GDI.AX","743.076","0.470478","Australia"
"426","Accelya","ACCELYA.NS","742.403","11.8582","India"
"427","BMW","BMW.DE","742.375","67.8401","Germany"
"428","Gaming and Leisure Properties","GLPI","742.307","42.57","United States"
"429","DelfinGroup AS","DGR1R.RG","742.05","1.79508","Latvia"
"430","Ashmore Group","ASHM.L","741.436","3.01355","United Kingdom"
"431","Redefine Properties","RDF.JO","740.759","0.381644","South Africa"
"432","Tofaş Türk Otomobil Fabrikası","TOASO.IS","740.471","5.66157","Turkey"
"433","FMC Corporation","FMC","740.072","11.08","United States"
"434","Locaweb","LWSA3.SA","739.355","0.810685","Brazil"
"435","Cromwell Property Group","CMW.AX","739.314","0.283724","Australia"
"436","Great Eagle","0041.HK","738.372","1.91223","Hong Kong"
"437","Björn Borg","BORG.ST","738.314","6.29812","Sweden"
"438","Vinamilk (Vietnam Dairy Products)","VNM.VN","737.65","2.39464","Vietnam"
"439","Li Ning Company","2331.HK","736.901","1.74512","China"
"440","Main Street Capital","MAIN","735.923","58.43","United States"
"441","RCS MediaGroup","RCS.MI","733.746","1.08637","Italy"
"442","Suburban Propane Partners","SPH","733.634","17.72","United States"
"443","Atrium Mortgage Investment","AI.TO","732.29","8.29852","Canada"
"444","Legal &amp; General","LGEN.L","730.825","3.92902","United Kingdom"
"445","SCB (Siam Commercial Bank)","SCB.BK","730.74","4.63556","Thailand"
"446","Atresmedia Corporación de Medios de Comunicación, S.A.","A3M.MC","730.509","6.06131","Spain"
"447","Sainsbury's","SBRY.L","729.403","4.49722","United Kingdom"
"448","MARR S.p.A.","MARR.MI","729.198","7.28523","Italy"
"449","Easterly Government Properties","DEA","726.979","24.76","United States"
"450","Autohellas","OTOEL.AT","726.357","13.4281","Greece"
"451","Abdullah Al-Othaim Markets Company","4001.SR","725.942","1.32374","Saudi Arabia"
"452","AVI Limited","AVI.JO","725.922","5.3593","South Africa"
"453","Advanced Flower Capital","AFCG","724.638","3.45","United States"
"454","Mekdam Holding Group","MKDM.QA","724.105","0.551923","Qatar"
"455","Bouvet","BOUV.OL","723.634","5.29461","Norway"
"456","Banca Monte dei Paschi di Siena","BMPS.MI","723.377","13.4491","Italy"
"457","Industries Qatar","IQCD.QA","723.31","2.68681","Qatar"
"458","Modern Mills for Food Products","2284.SR","723.2","7.37781","Saudi Arabia"
"459","Qatar Electronic Systems","TQES.QA","721.601","0.58022","Qatar"
"460","Luzhou Laojiao","000568.SZ","721.237","12.192","China"
"461","Wuliangye Yibin","000858.SZ","720.227","10.5833","China"
"462","Pepper Money Limited","PPM.AX","719.934","1.37911","Australia"
"463","RLI Corp.","RLI","718.471","64.86","United States"
"464","United Development Company","UDCD.QA","718.015","0.211264","Qatar"
"465","Tingyi (master kang)","0322.HK","717.734","1.63796","China"
"466","Aegean Airlines","AEGN.AT","717.57","14.2907","Greece"
"467","Konecranes","KCR.HE","717.563","35.7151","Finland"
"468","Oxford Industries","OXM","717.049","38.77","United States"
"469","Budweiser APAC","1876.HK","717.034","0.783901","Hong Kong"
"470","Wynn Macau","1128.HK","716.901","0.729047","Macau"
"471","Covivio","COV.PA","716.86","59.0395","France"
"472","Hang Lung Properties","0101.HK","716.107","0.925501","Hong Kong"
"473","Acco Brands","ACCO","715.99","4.19","United States"
"474","Indian Oil","IOC.NS","714.966","1.45846","India"
"475","Regal Partners Limited","RPL.AX","714.759","2.0543","Australia"
"476","Volkswagen","VOW3.DE","712.542","84.4854","Germany"
"477","Archicom","ARH.WA","712.343","13.9481","Poland"
"478","PCCW","0008.HK","711.482","0.684398","Hong Kong"
"479","JBS N.V.","JBS","711.238","14.06","Brazil"
"480","Super Retail Group","SUL.AX","709.562","9.45985","Australia"
"481","Aamal Company","AHCS.QA","709.223","0.193956","Qatar"
"482","Austin Engineering","ANG.AX","707.952","0.118517","Australia"
"483","Terveystalo","TTALO.HE","707.895","8.99872","Finland"
"484","Rai Way","RWAY.MI","707.784","5.29199","Italy"
"485","The Commercial Bank (P.S.Q.C.)","CBQK.QA","707.544","1.16484","Qatar"
"486","Tatneft","TATN.ME","707.338","6.18","Russia"
"487","Unite Group (Unite Students)","UTG.L","707.261","6.99719","United Kingdom"
"488","Universal Health Realty Income Trust","UHT","706.831","42.16","United States"
"489","ÖKOWORLD","VVV3.DE","706.8","31.7053","Germany"
"490","PWO AG","PWO.DE","706.233","26.5765","Germany"
"491","MPLX","MPLX","706.001","59.32","United States"
"492","BTB Real Estate Investment Trust","BTB-UN.TO","705.963","2.75897","Canada"
"493","Qassim Cement Company","3040.SR","705.909","12.0975","Saudi Arabia"
"494","Universal Corporation","UVV","705.101","46.66","United States"
"495","Austevoll Seafood","AUSS.OL","703.955","9.63726","Norway"
"496","Aker BP","AKRBP.OL","701.202","37.1371","Norway"
"497","Catana Group","ALCAT.PA","700.915","2.1098","France"
"498","Saul Centers","BFS","700.713","33.68","United States"
"499","CTO Realty Growth","CTO","700.138","21.71","United States"
"500","Scientific and Medical Equipment House Company","4014.SR","699.92","7.63883","Saudi Arabia"
"501","Victrex","VCT.L","699.609","11.2906","United Kingdom"
"502","Sinclair, Inc.","SBGI","697.837","14.33","United States"
"503","CapitaLand Ascott Trust","HMN.SI","697.811","0.680674","Singapore"
"504","Enghouse Systems","ENGH.TO","696.947","12.2965","Canada"
"505","Siam City Cement (INSEE)","SCCC.BK","695.617","4.7118","Thailand"
"506","Pernod Ricard","RI.PA","694.737","73.9247","France"
"507","B2 Impact ASA","B2I.OL","694.724","2.80775","Norway"
"508","McMillan Shakespeare","MMS.AX","694.596","13.9922","Australia"
"509","Barco NV","BAR.BR","693.671","9.01926","Belgium"
"510","Stride Property Group","SPG.NZ","692.773","0.66627","New Zealand"
"511","Old Mutual","OMU.JO","692.356","0.795247","South Africa"
"512","VICI Properties","VICI","692.308","26","United States"
"513","Kerry Properties","0683.HK","692.168","2.48246","Hong Kong"
"514","Northern Oil and Gas","NOG","691.776","26.02","United States"
"515","Specialized Medical Company","4019.SR","691.059","4.29085","Saudi Arabia"
"516","Duc Giang Chemicals Group","DGC.VN","689.619","1.65517","Vietnam"
"517","PlayWay","PLW.WA","688.38","65.821","Poland"
"518","Eik fasteignafélag","EIK.IC","688.327","0.12184","Iceland"
"519","CompX International","CIX","687.5","32","United States"
"520","Cibus Nordic Real Estate","CIBUS.ST","687.46","14.8531","Sweden"
"521","Solvac","SOLV.BR","687.259","97.9135","Belgium"
"522","Riyadh Cement Company","3092.SR","686.823","6.20056","Saudi Arabia"
"523","Telenor","TEL.OL","686.718","14.4292","Norway"
"524","AXIA Energia SA","AXIA3.SA","686.574","10.3834","Brazil"
"525","Fortress REIT","FFB.JO","685.422","1.51028","South Africa"
"526","BRT Apartments","BRT","685.401","14.59","United States"
"527","Nedbank","NED.JO","684.885","18.4793","South Africa"
"528","Marine Products Corporation","MPX","684.597","8.18","United States"
"529","Jacktel AS","JACK.OL","683.534","0.630005","Norway"
"530","Navient","NAVI","683.031","9.37","United States"
"531","Weyco Group","WEYS","683.024","45.24","United States"
"532","Anima Holding","ANIM.MI","682.436","8.27602","Italy"
"533","GBL","GBLB.VI","682.321","84.9167","Belgium"
"534","Al Mahhar Holding Company","MHAR.QA","681.818","0.596154","Qatar"
"535","Myer Holdings","MYR.AX","681.38","0.153923","Australia"
"536","mobilezone Holding","MOZN.SW","681.031","16.2838","Switzerland"
"537","ITV plc","ITV.L","680.352","0.973158","United Kingdom"
"538","Arnoldo Mondadori Editore","MN.MI","679.881","2.44784","Italy"
"539","United Tractors","UNTR.JK","679.428","1.37887","Indonesia"
"540","Deyaar Development","DEYAAR.AE","678.445","0.200403","United Arab Emirates"
"541","Plastika Kritis","PLAKR.AT","678.048","17.9508","Greece"
"542","Hang Lung Group","0010.HK","677.995","1.60735","Hong Kong"
"543","Vinci Compass Investments","VINP","677.966","9.44","Brazil"
"544","Groupe Partouche","PARP.PA","677.697","20.9815","France"
"545","Waypoint REIT","WPR.AX","676.993","1.74544","Australia"
"546","Qatar Aluminium Manufacturing Company","QAMC.QA","675.676","0.410165","Qatar"
"547","Helloworld Travel","HLO.AX","675.564","1.13849","Australia"
"548","MPC Container Ships","MPCC.OL","675.503","2.83235","Norway"
"549","Central Asia Metals","CAML.L","675.502","2.3891","United Kingdom"
"550","OSB Group Plc","OSB.L","675.184","7.01077","United Kingdom"
"551","Evergreen Marine","2603.TW","674.82","7.3256","Taiwan"
"552","E-L Financial","ELF.TO","674.427","12.7071","Canada"
"553","Kayne Anderson Capital Advisors","KYN","674.309","14.83","United States"
"554","Slate Grocery REIT","SGR-UN.TO","672.888","11.5257","Canada"
"555","Whirlpool","WHR","672.646","40.14","United States"
"556","Café de Coral","0341.HK","672.292","0.665263","Hong Kong"
"557","Acadian Timber","ADN.TO","671.292","12.2389","Canada"
"558","Bank Islam Malaysia","5258.KL","671.174","0.529653","Malaysia"
"559","Pilgrim's Pride","PPC","671.141","31.29","United States"
"560","Fortescue","FMG.AX","670.952","12.7137","Australia"
"561","Fenix Outdoor","FOI-B.ST","670.888","34.2198","Switzerland"
"562","Hong Kong Telecom","6823.HK","670.654","1.55249","Hong Kong"
"563","Dubai Investments","DIC.AE","670.259","1.01291","United Arab Emirates"
"564","Walker &amp; Dunlop","WD","670.141","40.29","United States"
"565","Vale","VALE","669.525","15.16","Brazil"
"566","High Co.","HCO.PA","669.331","4.24875","France"
"567","Land and Houses","LH.BK","668.946","0.112229","Thailand"
"568","RGP (Resources Connection)","RGP","666.667","4.2","United States"
"569","ME Group International","MEGP.L","666.636","1.73095","United Kingdom"
"570","TCM Group A/S","TCM.CO","665.486","10.2886","Denmark"
"571","Pizza Pizza","PZA.TO","665.317","8.92095","Canada"
"572","Cemig","CIG","665.012","2.015","Brazil"
"573","Campbell's","CPB","664.678","23.47","United States"
"574","SmarTone Telecommunications","0315.HK","663.765","0.614236","Hong Kong"
"575","OneMain Financial","OMF","663.71","63.13","United States"
"576","Chow Sang Sang Holdings","0116.HK","663.433","1.94157","Hong Kong"
"577","China Mobile","0941.HK","662.757","10.1352","China"
"578","Integrated Wind Solutions","IWS.OL","662.415","6.20379","Norway"
"579","Alexander's, Inc.","ALX","662.154","271.84","United States"
"580","APB Apranga","APG1L.VS","662.031","4.63924","Lithuania"
"581","BRCK Group","BRCK.L","661.656","0.702436","United Kingdom"
"582","MGM China Holdings","2282.HK","659.927","1.28843","Macau"
"583","Eurocommercial Properties","ECMPA.AS","658.99","31.4139","Netherlands"
"584","Megacable Holdings","MEGACPO.MX","658.63","3.21707","Mexico"
"585","LyondellBasell","LYB","657.937","62.62","United States"
"586","Hysan Development","0014.HK","657.604","2.08573","Hong Kong"
"587","goeasy","GSY.TO","657.579","31.4508","Canada"
"588","Nexi","NEXI.MI","657.308","5.16144","Italy"
"589","Alexandria Real Estate Equities","ARE","656.976","52.97","United States"
"590","The a2 Milk Company","A2M.AX","656.387","4.92027","New Zealand"
"591","IVE Group","IGL.AX","656.247","1.91783","Australia"
"592","Alior Bank S.A.","ALR.WA","656.049","35.7758","Poland"
"593","Orora Limited","ORA.AX","655.507","1.06666","Australia"
"594","Majestic Gold","MJS.V","655.476","0.0756375","Canada"
"595","Coal India","COALINDIA.NS","655.403","4.18927","India"
"596","China Power International Development","2380.HK","654.318","0.371859","Hong Kong"
"597","Chicony Electronics","2385.TW","653.732","3.40286","Taiwan"
"598","Precinct Properties","PCT.NZ","653.216","0.594884","New Zealand"
"599","Sun Hung Kai &amp; Co.","0086.HK","652.04","0.528766","Hong Kong"
"600","Union Coop","UNIONCOOP.AE","651.181","0.582693","United Arab Emirates"
"601","Mapletree Industrial Trust","ME8U.SI","651.041","1.51086","Singapore"
"602","City of London Investment Group Plc","CLIG.L","650.916","6.72545","United Kingdom"
"603","Gray Media","GTN","650.406","4.92","United States"
"604","Conagra Brands","CAG","648.548","16.19","United States"
"605","Arbuthnot Banking Group","ARBB.L","648.155","10.8694","United Kingdom"
"606","ComfortDelGro","C52.SI","648.026","1.01511","Singapore"
"607","Amotiv Limited","AOV.AX","647.925","4.53239","Australia"
"608","Covivio Hotels","COVH.PA","647.711","26.3434","France"
"609","CSN Mineração","CMIN3.SA","647.52","1.16451","Brazil"
"610","China Zheshang Bank","2016.HK","647.323","0.296594","China"
"611","Savola Group","2050.SR","647.253","6.97829","Saudi Arabia"
"612","M1 Kliniken AG","M12.DE","646.995","21.098","Germany"
"613","Autosports Group","ASG.AX","646.685","1.02715","Australia"
"614","Zhejiang Supor","002032.SZ","645.718","6.01935","China"
"615","Hutchison Telecommunications Hong Kong Holdings","0215.HK","645.558","0.149254","Hong Kong"
"616","eQ Oyj","EQV1V.HE","645.483","10.4441","Finland"
"617","Kraft Heinz","KHC","645.422","24.79","United States"
"618","Link REIT","0823.HK","644.857","5.01339","Hong Kong"
"619","Adairs Limited","ADH.AX","644.433","1.03074","Australia"
"620","Samsonite International","1SO.F","644.411","1.58585","Luxembourg"
"621","TKM Grupp AS","TKM1T.TL","644.15","10.6073","Estonia"
"622","Bosideng","3998.HK","643.783","0.563847","Hong Kong"
"623","ENN Natural Gas Co.,Ltd.","600803.SS","643.641","2.61756","China"
"624","CapitaLand Mall Trust","C38U.SI","642.975","1.87284","Singapore"
"625","Asia Cement","1102.TW","642.556","1.10593","Taiwan"
"626","Elisa","ELISA.HE","642.458","41.8697","Finland"
"627","JOYY","JOYY","641.625","74.81","China"
"628","One REIT, Inc.","3290.T","641.579","491.316","Japan"
"629","Fluxys Belgium","FLUX.BR","641.426","25.0612","Belgium"
"630","Ahli Bank","ABQK.QA","641.025","1.07143","Qatar"
"631","Doha Insurance Group","DOHI.QA","640.804","0.785714","Qatar"
"632","Card Factory plc","CARD.L","640.278","1.03803","United Kingdom"
"633","Zoomlion","1157.HK","639.525","0.88723","China"
"634","LondonMetric Property","LMP.L","638.384","2.57741","United Kingdom"
"635","Gulf Keystone Petroleum","GKP.L","638.138","2.63964","Bermuda"
"636","SITC International","1308.HK","637.897","6.03138","Hong Kong"
"637","Aboitiz Power","ABZPY","636.049","11.768","Philippines"
"638","Gladstone Land","LAND","635.851","8.87","United States"
"639","Vastned Belgium NV","VASTB.BR","635.698","33.3955","Belgium"
"640","Douglas Emmett","DEI","635.451","11.96","United States"
"641","OMV","OMV.F","635.191","78.7971","Austria"
"642","Sanok Rubber Company","SNK.WA","635.078","6.21717","Poland"
"643","Highwoods Properties","HIW","634.719","31.51","United States"
"644","WashTec AG","WSU.DE","633.692","44.6439","Germany"
"645","Bell Financial Group","BFG.AX","633.397","1.0487","Australia"
"646","Accent Group","AX1.AX","633.396","0.52435","Australia"
"647","Amerigo Resources","ARG.TO","632.066","6.051","Canada"
"648","TFS Financial","TFSL","631.696","17.92","United States"
"649","Aktia Bank","AKTIA.HE","631.64","14.4073","Finland"
"650","Chorus","CNU.NZ","631.124","5.34801","New Zealand"
"651","Edel SE &amp; Co. KGaA","EDL.DE","630.959","5.40856","Germany"
"652","Central Retail Corporation","CRC.BK","630.896","0.853919","Thailand"
"653","Cembra Money Bank","CMBN.SW","630.295","109.096","Switzerland"
"654","Bafang Yunji","2753.TW","629.992","5.63993","Taiwan"
"655","Pollen Street Group","POLN.L","629.805","12.1058","United Kingdom"
"656","Genting Singapore","G13.SI","629.426","0.495751","Singapore"
"657","Generalfinance","GF.MI","629.008","24.8281","Italy"
"658","Irani Papel e Embalagem S.A.","RANI3.SA","628.832","1.49695","Brazil"
"659","Invincible Investment Corporation","8963.T","628.372","396.566","Japan"
"660","Park Hotels &amp; Resorts","PK","627.746","15.93","United States"
"661","Harvey Norman","HVN.AX","627.323","3.23229","Australia"
"662","Telus","TU","626.804","9.7","Canada"
"663","Telia Lietuva","ZWS.F","626.715","2.54109","Lithuania"
"664","Cheil Worldwide Inc.","030000.KS","626.517","13.7683","South Korea"
"665","Frontline","FRO","626.214","41.2","Bermuda"
"666","Argosy Property","ARG.NZ","626.185","0.612731","New Zealand"
"667","Chesnara plc","CSN.L","626.075","4.76502","United Kingdom"
"668","Imperial Brands","IMB.L","625.894","34.4153","United Kingdom"
"669","Qatar Islamic Insurance Group","QISI.QA","625.159","2.1956","Qatar"
"670","Progressive","PGR","624.691","222.51","United States"
"671","Prosegur Cash","CASH.MC","624.095","0.771652","Spain"
"672","Porto Seguro","PSSA3.SA","624.022","9.4366","Brazil"
"673","Energy Transfer LP","ET","623.425","21.43","United States"
"674","Saudi Cement Company","3030.SR","623.385","7.72406","Saudi Arabia"
"675","Qatar Industrial Manufacturing Company","QIMD.QA","623.202","0.571429","Qatar"
"676","Dexus","DXS.AX","623.13","4.1517","Australia"
"677","Himalaya Shipping","HSHP","622.641","15.9","Bermuda"
"678","Helical","HLCL.L","621.443","2.71735","United Kingdom"
"679","United Parcel Service","UPS","620.918","105.65","United States"
"680","Frasers Logistics &amp; Industrial Trust","BUOU.SI","620.589","0.743626","Singapore"
"681","ENN Energy","2688.HK","620.478","6.1564","China"
"682","Yodogawa Steel Works","5451.T","620.126","8.96039","Japan"
"683","Teleperformance","TEP.PA","619.565","82.8768","France"
"684","Ninety One Group","N91.L","619.556","2.86953","South Africa"
"685","Wendy’s","WEN","619.469","9.04","United States"
"686","Huya","HUYA","619.266","2.18","China"
"687","China Telecom","0728.HK","618.596","0.623804","China"
"688","Enento Group","ENENTO.HE","618.431","18.3238","Finland"
"689","UPM-Kymmene","UPM.HE","618.169","27.5906","Finland"
"690","Allgeier","AEIN.DE","617.649","18.4171","Germany"
"691","Vonovia","VNA.DE","617.492","23.033","Germany"
"692","Serica Energy","SQZ.L","617.369","3.44561","United Kingdom"
"693","NewtekOne","NEWT","616.383","12.33","United States"
"694","Dorian LPG","LPG","615.866","47.9","United States"
"695","Region Group","RGN.AX","615.488","1.60178","Australia"
"696","Harbour Energy","HBR.L","615.331","3.39126","United Kingdom"
"697","BlueScope Steel","BSL.AX","613.749","22.2151","Australia"
"698","Duni AB","DUNI.ST","613.719","8.387","Sweden"
"699","Altria Group","MO","613.426","69.12","United States"
"700","Kangwon Land","035250.KS","613.399","10.5364","South Korea"
"701","Bank of Queensland","BOQ.AX","613.184","4.56113","Australia"
"702","Partners Group","PGHN.SW","612.988","916.707","Switzerland"
"703","Sparebanken Møre","MORG.OL","612.658","11.8193","Norway"
"704","Mapletree Commercial Trust","N2IU.SI","612.367","0.99937","Singapore"
"705","Australian Finance Group","AFG.AX","612.219","1.14208","Australia"
"706","JB Hi-Fi","JBH.AX","611.896","47.4213","Australia"
"707","Athens International Airport","AIA.AT","611.825","12.2742","Greece"
"708","SpareBank 1","SPOL.OL","611.526","21.51","Norway"
"709","Stolt-Nielsen Limited","0OHK.L","611.322","32.8984","United Kingdom"
"710","Commercial Bank of Dubai","CBD.AE","610.643","2.61395","United Arab Emirates"
"711","GrainCorp","GNC.AX","610.402","4.35282","Australia"
"712","China State Construction Engineering","601668.SS","609.328","0.659226","China"
"713","General Mills","GIS","608.782","40.08","United States"
"714","Orkla","ORK.OL","608.575","10.1988","Norway"
"715","Pfizer","PFE","607.774","28.3","United States"
"716","Fleury Michon","ALFLE.PA","607.117","25.2943","France"
"717","Hutter &amp; Schrantz Stahlbau AG","HST.VI","605.601","32.871","Austria"
"718","Surgutneftegas","SNGS.ME","605.528","0.18","Russia"
"719","CBo Territoria","CBOT.PA","605.198","4.52267","France"
"720","Global Partners LP","GLP","605.032","50.08","United States"
"721","Webzen","069080.KQ","604.579","7.87693","South Korea"
"722","NRJ Group","NRG.PA","604.263","7.53001","France"
"723","China Taiping Insurance","0966.HK","604.003","2.59982","Hong Kong"
"724","NCC","NCC-B.ST","603.95","18.7894","Sweden"
"725","Modiv Industrial","MDV","603.878","18.05","United States"
"726","Honda Siel Power Products","HONDAPOWER.NS","603.168","21.6822","India"
"727","Fourth Milling","2286.SR","603.128","1.06006","Saudi Arabia"
"728","Pennon Group","PNN.L","603.025","6.44556","United Kingdom"
"729","Pro Real Estate Investment Trust","PRV-UN.TO","602.615","4.91284","Canada"
"730","Americold","COLD","602.489","15.27","United States"
"731","Nordwest Handel","NWX.F","602.4","18.8833","Germany"
"732","AB Ignitis grupe","IGN1L.VS","601.83","25.8189","Lithuania"
"733","Michelmersh Brick Holdings plc","MBH.L","601.657","1.01901","United Kingdom"
"734","Bapcor Limited","BAP.AX","601.382","0.463296","Australia"
"735","Rubis","RUI.PA","601.214","38.909","France"
"736","Arkema","AKE.PA","601.058","67.7818","France"
"737","Anora Group","ANORA.HE","600.544","4.51684","Finland"
"738","SmartCentres REIT","SRU-UN.TO","599.987","19.9971","Canada"
"739","TietoEVRY","TIETO.HE","599.538","22.5784","Finland"
"740","Bangkok Airways","BA.BK","599.301","0.597743","Thailand"
"741","Banco BPM","BAMI.MI","599.255","18.8134","Italy"
"742","Home Invest Belgium","HOMI.BR","598.956","22.1005","Belgium"
"743","Unikai Foods","UNIKAI.AE","598.817","1.36416","United Arab Emirates"
"744","Deterra Royalties","DRR.AX","598.673","2.96653","Australia"
"745","American Assets Trust","AAT","598.065","22.74","United States"
"746","Krung Thai Bank","KTB.BK","597.753","1.32662","Thailand"
"747","Vail Resorts","MTN","597.095","148.72","United States"
"748","Carrefour","CA.PA","596.852","18.4287","France"
"749","Powszechny Zakład Ubezpieczeń","PZU.WA","596.603","19.7544","Poland"
"750","Corby Spirit and Wine","CSW-A.TO","595.89","11.1727","Canada"
"751","VIB (Vietnam International Commercial Joint Stock Bank)","VIB.VN","595.142","0.570881","Vietnam"
"752","SABIC","2010.SR","594.759","13.4372","Saudi Arabia"
"753","TISCO Financial Group","TISCO.BK","594.287","3.87313","Thailand"
"754","Nahdi Medical Company","4164.SR","594.275","25.1432","Saudi Arabia"
"755","Alpine Income Property Trust","PINE","594.21","19.69","United States"
"756","Elders Limited","ELD.AX","593.957","4.2379","Australia"
"757","Netgem","ALNTG.PA","593.604","0.95116","France"
"758","Placoplatre","MLPLC.PA","593.154","746.008","France"
"759","F.I.L.A. - Fabbrica Italiana Lapis ed Affini","FILA.MI","593.128","12.1809","Italy"
"760","Localiza","RENT3.SA","593.061","6.88207","Brazil"
"761","FleetPartners Group","FPR.AX","592.424","3.00962","Australia"
"762","ARB Corporation Limited","ARB.AX","592.22","14.0497","Australia"
"763","Liontrust Asset Management PLC","LIO.L","591.993","4.24546","United Kingdom"
"764","APG|SGA","APGN.SW","591.705","247.608","Switzerland"
"765","Magnit","MGNT.ME","591.698","17.84","Russia"
"766","Ecclesiastical Insurance Office plc","ELLA.L","591.655","1.93775","United Kingdom"
"767","Warpaint London PLC","W7L.L","591.556","2.87021","United Kingdom"
"768","Yanbu National Petrochemical","2290.SR","591.127","9.07711","Saudi Arabia"
"769","Telefonica Brasil","VIV","590.558","11.65","Brazil"
"770","PhosAgro","PHOR.ME","590.432","59.29","Russia"
"771","Zigup","ZIG.L","590.363","5.93063","United Kingdom"
"772","Castings P.L.C.","CGS.L","590.214","4.06394","United Kingdom"
"773","Bendigo and Adelaide Bank","BEN.AX","590.211","7.51329","Australia"
"774","Metcash","MTS.AX","589.922","2.13345","Australia"
"775","Vesuvius plc","VSVS.L","589.58","5.32082","United Kingdom"
"776","First Milling Company","2283.SR","589.448","14.2762","Saudi Arabia"
"777","Perrigo","PRGO","589.431","14.76","Ireland"
"778","Groupe Pizzorno Environnement","GPE.PA","588.355","72.5026","France"
"779","Hawesko","HAW.DE","587.883","19.3496","Germany"
"780","Huaneng Power International","600011.SS","587.651","1.00595","China"
"781","Fiskars","FSKRS.HE","587.208","16.3189","Finland"
"782","China Resources Gas Group","1193.HK","587.023","2.06659","Hong Kong"
"783","Keppel REIT","K71U.SI","586.905","0.692477","Singapore"
"784","Cogna Educação","COGN3.SA","586.538","0.433532","Brazil"
"785","Kilroy Realty","KRC","586.478","36.83","United States"
"786","Tian An China Investments Company","0028.HK","586.392","0.435004","Hong Kong"
"787","Arion banki","ARION.IC","586.354","1.56651","Iceland"
"788","Charoen Pokphand Indonesia","CPIN.JK","586.137","0.170141","Indonesia"
"789","Raisio plc","RAIVV.HE","585.531","2.91409","Finland"
"790","ARGO GRAPHICS","7595.T","585.336","8.34547","Japan"
"791","Qatar Insurance Company","QATI.QA","584.174","0.518407","Qatar"
"792","Kiwi Property","KPG.NZ","584.016","0.553242","New Zealand"
"793","PTT Exploration and Production","PTTEP.BK","583.65","4.45258","Thailand"
"794","Crédit Agricole","ACA.PA","583.622","21.3137","France"
"795","Gladstone Investment","GAIN","583.409","16.455","United States"
"796","Arab National Bank","1080.SR","583.069","5.9715","Saudi Arabia"
"797","AS Tallinna Sadam","TSM1T.TL","582.975","1.42674","Estonia"
"798","The Saudi British Bank","1060.SR","582.859","9.17832","Saudi Arabia"
"799","Ambra","AMB.WA","582.787","4.9413","Poland"
"800","Kinetik","KNTK","582.577","55.1","United States"
"801","Enagás","ENG.MC","581.925","19.4778","Spain"
"802","Analogue Holdings (ATAL)","1977.HK","581.892","0.120551","Hong Kong"
"803","USA Compression Partners","USAC","581.825","27.07","United States"
"804","China Resources Power Holdings","0836.HK","581.41","2.47225","Hong Kong"
"805","Leon's Furniture","LNF.TO","581.409","17.7856","Canada"
"806","Industrial Bank","601166.SS","581.396","2.7097","China"
"807","ADM Hamburg","OEL.F","581.25","265.765","Germany"
"808","Land Securities Group","LAND.L","581.224","9.32053","United Kingdom"
"809","M&G plc","MNG.L","581.12","4.70646","United Kingdom"
"810","Hong Leong Capital","5274.KL","581.032","0.803183","Malaysia"
"811","Scandinavian Tobacco Group","STG.CO","580.981","11.7695","Denmark"
"812","Equita Group","EQUI.MI","580.883","6.8656","Italy"
"813","China Resources Beer","0291.HK","580.852","2.52201","Hong Kong"
"814","ING Bank Slaski","ING.WA","580.834","120.235","Poland"
"815","COSCO Shipping","601919.SS","580.438","2.54613","China"
"816","Hai Di Lao Hot Pot","6862.HK","579.802","1.58183","China"
"817","Kyokuto Kaihatsu Kogyo","7226.T","579.733","14.7457","Japan"
"818","RHB Bank","1066.KL","579.235","2.13851","Malaysia"
"819","Wendel","MF.PA","579.056","100.012","France"
"820","Getty Realty","GTY","578.947","33.25","United States"
"821","Gulf International Services","GISS.QA","578.703","0.468681","Qatar"
"822","Kenon Holdings","KEN","578.599","66.54","Singapore"
"823","Cal-Maine Foods","CALM","577.775","83.06","United States"
"824","Montea Comm","MONT.BR","577.594","76.8155","Belgium"
"825","Centerspace","CSR","576.563","53.42","United States"
"826","Philip Morris ČR","TABAK.PR","576.33","894.651","Czech Republic"
"827","CIMB Group","1023.KL","576.139","2.00671","Malaysia"
"828","Ituran","ITRN","575.926","52.09","Israel"
"829","LEG Immobilien","LEG.DE","575.674","57.8156","Germany"
"830","Inmobiliaria Colonial","COL.MC","575.638","6.28861","Spain"
"831","Four Corners Property Trust","FCPT","575.494","25.3","United States"
"832","Prevas AB","PREV-B.ST","575.328","7.27433","Sweden"
"833","Genomma Lab Internacional","LABB.MX","575.19","0.796486","Mexico"
"834","Österreichische Post","POST.VI","575.158","36.193","Austria"
"835","Oil &amp; Natural Gas","ONGC.NS","575.148","2.43061","India"
"836","Embassy Office Parks REIT","EMBASSY.BO","574.581","4.59757","India"
"837","Hennessy Advisors","HNNA","574.277","10.03","United States"
"838","Alfa Financial Software","ALFA.L","574.091","2.22551","United Kingdom"
"839","Peet Limited","PPC.AX","574.074","1.40066","Australia"
"840","Piquadro","PQ.MI","573.948","2.93741","Italy"
"841","Ardagh Metal Packaging","AMBP","573.614","5.23","Luxembourg"
"842","Peugeot Invest Société anonyme","PEUG.PA","573.53","64.3432","France"
"843","DHT Holdings","DHT","573.144","18.32","Bermuda"
"844","abrdn","ABDN.L","572.271","3.37224","United Kingdom"
"845","Astra Agro Lestari","AALI.JK","572.013","0.450704","Indonesia"
"846","Millicom","TIGO","571.963","96.16","Luxembourg"
"847","Nomad Foods","NOMD","571.909","11.89","United Kingdom"
"848","Mannai Corporation","MCCS.QA","571.321","1.43846","Qatar"
"849","Sabra Health Care REIT","SBRA","571.157","21.01","United States"
"850","Cathay Pacific","0293.HK","570.927","1.87779","Hong Kong"
"851","Omega Healthcare Investors","OHI","570.577","46.97","United States"
"852","Delfingen Industry","ALDEL.PA","570.364","34.5029","France"
"853","Hamilton Insurance Group","HG","570.125","35.08","Bermuda"
"854","Jupiter Fund Management","JUP.L","569.853","2.35323","United Kingdom"
"855","Inghams Group","ING.AX","569.812","1.47249","Australia"
"856","Logista (Compañía de Distribución Integral Logista)","LOG.MC","569.72","41.52","Spain"
"857","Home Product Center","HMPRO.BK","569.336","0.196706","Thailand"
"858","Rathbones Group","RAT.L","569.071","23.1519","United Kingdom"
"859","Flushing Financial Corp","FFIC","568.843","15.47","United States"
"860","COSOL Limited","COS.AX","568.481","0.143658","Australia"
"861","PT XLSMART Telecom Sejahtera Tbk","EXCL.JK","568.401","0.156056","Indonesia"
"862","Aedifica","AED.BR","568.201","79.7296","Belgium"
"863","Aoyama Trading","8219.T","568.012","4.87333","Japan"
"864","Riverstone Holdings","AP4.SI","567.244","0.613787","Singapore"
"865","Healthpeak Properties","DOC","567.192","21.58","United States"
"866","Samsung Card","029780.KS","567.144","33.5874","South Korea"
"867","Masraf Al Rayan","MARK.QA","567.011","0.531319","Qatar"
"868","JBG SMITH","JBGS","566.802","12.35","United States"
"869","Western Midstream","WES","566.66","48.53","United States"
"870","SM Wirtschaftsberatungs AG","SMWN.DE","566.362","5.22205","Germany"
"871","C&amp;D International Investment Group","1908.HK","566.279","2.03597","Hong Kong"
"872","Afry AB","AFRY.ST","566.186","10.9062","Sweden"
"873","Ooredoo Qatar","ORDS.QA","566.038","3.61538","Qatar"
"874","Van Lanschot Kempen","VLK.AS","565.298","75.7081","Netherlands"
"875","Nordic American Tankers","NAT","565.217","6.9","Bermuda"
"876","African Rainbow Minerals","ARI.JO","564.005","11.6636","South Africa"
"877","Centuria Industrial REIT","CIP.AX","563.919","2.08303","Australia"
"878","Washington Trust Bancorp","WASH","563.806","39.73","United States"
"879","Ascopiave","ASC.MI","563.688","3.23464","Italy"
"880","China Tower","0788.HK","563.273","1.17171","China"
"881","FriendTimes","6820.HK","563.266","0.0452864","China"
"882","Emperor Watch &amp; Jewellery","0887.HK","563.219","0.038908","Hong Kong"
"883","37 Interactive Entertainment","002555.SZ","562.975","2.70387","China"
"884","Crown Castle","CCI","562.881","75.54","United States"
"885","Clearway Energy","CWEN","562.673","32.47","United States"
"886","LTC Properties","LTC","562.546","40.53","United States"
"887","Piscines Desjoyaux","ALPDX.PA","562.521","13.3465","France"
"888","Chongqing Rural Commercial Bank","3618.HK","561.664","0.817706","China"
"889","Sichuan Road and Bridge Group (SRBG)","600039.SS","561.632","1.29464","China"
"890","AB KN Energies","KNE1L.VS","561.575","0.573493","Lithuania"
"891","Churchill China","CHH.L","561.346","4.98635","United Kingdom"
"892","Yadea Group","1585.HK","561.031","1.20806","China"
"893","Elopak ASA","ELO.OL","560.956","3.75971","Norway"
"894","Eurazeo","RF.PA","560.941","59.2144","France"
"895","Viscofan","VIS.MC","560.919","66.2082","Spain"
"896","Mr D.I.Y. Group","5296.KL","560.732","0.355589","Malaysia"
"897","PTT PCL","PTT-R.BK","559.974","1.22751","Thailand"
"898","Amlak International Finance Company","1182.SR","558.761","2.38913","Saudi Arabia"
"899","Champion REIT","2778.HK","558.737","0.290216","Hong Kong"
"900","Betterware de Mexico","BWMX","557.895","16.15","Mexico"
"901","Alijarah Holding","NLCS.QA","557.88","0.200549","Qatar"
"902","Apetit Oyj","APETIT.HE","557.646","14.5122","Finland"
"903","Subsea 7","SUBC.OL","557.628","36.2601","Luxembourg"
"904","Parex Resources","PXT.TO","557.288","19.5721","Canada"
"905","Verizon","VZ","557.083","50.19","United States"
"906","Warehouses De Pauw","WDP.BR","556.744","24.9913","Belgium"
"907","Paragon Banking Group","PAG.L","556.257","10.8151","United Kingdom"
"908","ENAV","ENAV.MI","555.46","5.91561","Italy"
"909","Gibson Energy","GEI.TO","554.992","22.4607","Canada"
"910","Stockland","SGP.AX","554.987","3.17483","Australia"
"911","AGL Energy","AGL.AX","554.628","6.17727","Australia"
"912","Jasa Marga","JSMR.JK","554.477","0.15831","Indonesia"
"913","BCB Bancorp","BCBP","554.273","8.66","United States"
"914","Polaris Renewable Energy","PIF.TO","554.19","10.582","Canada"
"915","DNB","DNB.OL","554.051","33.4791","Norway"
"916","Freehold Royalties","FRU.TO","553.058","12.6783","Canada"
"917","Jason Furniture (Kuka Home)","603816.SS","552.851","3.68899","China"
"918","Melexis NV","MELE.BR","552.528","76.9903","Belgium"
"919","The Cross-Harbour Holdings","0032.HK","552.519","0.969511","Hong Kong"
"920","Instone Real Estate Group","INS.DE","552.146","8.85884","Germany"
"921","Melbourne Enterprises","0158.HK","551.612","7.3989","Hong Kong"
"922","British American Tobacco","BTI","551.532","57.44","United Kingdom"
"923","EPR Properties","EPR","550.833","60","United States"
"924","Zad Holding Company","ZHCD.QA","550.606","3.37637","Qatar"
"925","Jumbo Interactive Limited","JIN.AX","550.143","5.40152","Australia"
"926","Scor","SCR.PA","549.875","39.1887","France"
"927","ACEA","ACE.MI","549.792","24.7814","Italy"
"928","China Railway Group","0390.HK","549.524","0.439469","China"
"929","Villeroy &amp; Boch","VIB3.DE","549.34","17.4846","Germany"
"930","Bank Central Asia","BBCA.JK","548.831","0.360563","Indonesia"
"931","Dom Development","DOM.WA","548.611","66.2264","Poland"
"932","Sino Land","0083.HK","548.609","1.34966","Hong Kong"
"933","Broadstone Net Lease","BNL","547.161","21.31","United States"
"934","China Motor Bus Company","0026.HK","546.897","7.46269","Hong Kong"
"935","Energizer Holdings","ENR","546.199","21.97","United States"
"936","Qatar Electricity &amp; Water Company","QEWS.QA","545.851","3.75824","Qatar"
"937","Imagineer","4644.T","545.675","6.71402","Japan"
"938","China Minsheng Bank","600016.SS","545.642","0.511905","China"
"939","United Carton Industries Company","1323.SR","545.556","7.32454","Saudi Arabia"
"940","RHI Magnesita","RHF.F","545.526","37.5335","Austria"
"941","Dah Sing Banking Group","2356.HK","545.22","1.87141","Hong Kong"
"942","Frey SA","FREY.PA","545.186","41.7298","France"
"943","Alujain Corporation","2170.SR","545.16","7.34052","Saudi Arabia"
"944","Spinneys","SPINNEYS.AE","544.898","0.345804","United Arab Emirates"
"945","Ultimate Products","ULTP.L","544.517","0.729066","United Kingdom"
"946","Bharat Petroleum","BPCL.NS","544.509","3.35184","India"
"947","Endeavour Group","EDV.AX","543.977","2.19796","Australia"
"948","Hilton Food Group plc","HFG.L","543.958","8.50532","United Kingdom"
"949","NetLink Trust","CJLU.SI","543.923","0.767233","Singapore"
"950","Daiwa House REIT Investment Corporation","8984.T","543.883","757.367","Japan"
"951","Perpetual Limited","PPT.AX","543.733","14.531","Australia"
"952","Kasikornbank","KBANK.BK","543.191","7.62428","Thailand"
"953","Tokai Tokyo Financial Holdings","8616.T","543.036","5.62221","Japan"
"954","Ebos Group","EBO.NZ","542.895","12.5937","New Zealand"
"955","Bank of Beijing","601169.SS","542.417","0.75744","China"
"956","Porsche SE","PAH3.DE","542.16","31.7286","Germany"
"957","Cardinal Energy","CJ.TO","542.123","8.62268","Canada"
"958","Stelrad Group","SRAD.L","542.111","1.98367","United Kingdom"
"959","Iren","IRE.MI","541.897","2.9001","Italy"
"960","H&amp;R REIT","HR-UN.TO","541.851","7.18917","Canada"
"961","Prosegur","PSG.MC","541.666","3.36869","Spain"
"962","Dah Sing Financial","0440.HK","541.223","6.10282","Hong Kong"
"963","Bank of Shanghai","601229.SS","540.761","1.42113","China"
"964","NWF Group plc","NWF.L","540.667","2.06519","United Kingdom"
"965","MCI Capital Alternatywna Spólka Inwestycyjna","MCI.WA","540.618","7.78498","Poland"
"966","Fonterra","FCG.NZ","540.411","2.68888","New Zealand"
"967","UMH Properties","UMH","540.216","16.66","United States"
"968","Infortar","INF1T.TL","539.966","63.1775","Estonia"
"969","Wickes Group","WIX.L","539.674","2.66227","United Kingdom"
"970","Singapore Airlines","C6L.SI","539.281","5.44539","Singapore"
"971","Power Financial","PWF-PS.TO","538.902","15.7713","Canada"
"972","Future plc","FUTR.L","537.553","4.21462","United Kingdom"
"973","First Pacific Company","0142.HK","537.203","0.641026","Hong Kong"
"974","Hacksaw AB","HACK.ST","536.966","8.50771","Sweden"
"975","Western Bulk","WEST.OL","536.798","2.33177","Norway"
"976","KLCC Property Holdings","5235SS.KL","536.796","2.14845","Malaysia"
"977","Nordea Bank","NDA-FI.HE","536.263","20.352","Finland"
"978","ITC","ITC.NS","536.117","2.81712","India"
"979","Intesa Sanpaolo","ISP.MI","535.902","7.90185","Italy"
"980","Deutsche EuroShop","DEQ.F","535.613","21.2379","Germany"
"981","BCE Inc.","BCE","535.547","23.49","Canada"
"982","Sanlam","SLM.JO","535.349","5.29538","South Africa"
"983","National Central Cooling Company","TABREED.AE","534.993","0.661657","United Arab Emirates"
"984","Summit Hotel Properties","INN","534.224","5.99","United States"
"985","ENGIE","ENGI.PA","534.026","28.5465","France"
"986","Mensch und Maschine","MUM.F","533.999","42.604","Germany"
"987","Huntsman Corporation","HUN","533.749","9.63","United States"
"988","Saudi Arabian Fertilizer Company","2020.SR","533.637","34.8915","Saudi Arabia"
"989","Sanofi","SNY","533.245","45.42","France"
"990","National Storage Affiliates Trust","NSA","532.965","43.41","United States"
"991","Bumrungrad Hospital","BH.BK","532.96","6.16041","Thailand"
"992","Jarir","4190.SR","532.886","4.53855","Saudi Arabia"
"993","Mr Price Group","MRP.JO","532.756","10.2097","South Africa"
"994","Jardine Cycle &amp; Carriage","C07.SI","531.996","21.2543","Singapore"
"995","KDX Realty Investment","8972.T","531.969","949.375","Japan"
"996","Apple Hospitality REIT","APLE","531.722","16.55","United States"
"997","Tamkeen Human Resources Company","1835.SR","531.572","12.8486","Saudi Arabia"
"998","Asseco","ACP.WA","531.046","64.6316","Poland"
"999","PetroChina","0857.HK","530.096","1.27185","China"
"1000","Aviva","AV.L","530.039","9.79063","United Kingdom"
"1001","Robert Half","RHI","529.861","44.54","United States"
"1002","Global Ship Lease","GSL","529.801","45.3","United Kingdom"
"1003","Union Properties","UPP.AE","529.113","0.155476","United Arab Emirates"
"1004","Beijing Enterprises Holdings","0392.HK","528.958","3.90356","Hong Kong"
"1005","Evonik Industries","EVK.DE","528.936","21.4128","Germany"
"1006","Leroy Seafood","LSG.OL","528.832","4.89885","Norway"
"1007","Compagnie des Alpes","CDA.PA","528.805","23.5459","France"
"1008","Grupo Aeroportuario Centro Norte","OMAB","528.731","102.85","Mexico"
"1009","Patria Investments","PAX","528.448","11.6","Cayman Islands"
"1010","Veidekke","VEI.OL","528.163","22.0341","Norway"
"1011","Thai Beverage","Y92.SI","527.506","0.366335","Thailand"
"1012","GBK Beteiligungen AG","GBQ.HM","527.505","6.46929","Germany"
"1013","Cake Box Holdings","CBOX.L","527.466","2.64263","United Kingdom"
"1014","China Everbright Environment Group","0257.HK","526.721","0.653782","Hong Kong"
"1015","National Cement Company P.S.C.","NCC.AE","526.331","1.29336","United Arab Emirates"
"1016","Al Khaleej Takaful Insurance Company","AKHI.QA","526.316","0.793681","Qatar"
"1017","British Land","BLND.L","525.787","5.78796","United Kingdom"
"1018","Tryg","TRYG.CO","524.889","24.2561","Denmark"
"1019","Thai Union Group","TU.BK","524.388","0.396462","Thailand"
"1020","Banco de Chile","BCH","524.381","41.63","Chile"
"1021","APA Group","APA.AX","524.225","7.73596","Australia"
"1022","ProCredit","PCZ.DE","524.191","10.141","Germany"
"1023","Axiata Group","6888.KL","523.775","0.469974","Malaysia"
"1024","RLJ Lodging Trust","RLJ","523.56","11.46","United States"
"1025","Lineage","LINE","523.176","40.56","United States"
"1026","Sonic Healthcare","SHL.AX","523.036","14.4376","Australia"
"1027","Doha Bank","DHBK.QA","523.013","0.789011","Qatar"
"1028","AF Gruppen","AFG.OL","522.368","20.8362","Norway"
"1029","Viper Energy","VNOM","522.27","44.23","United States"
"1030","Northwest Bancshares","NWBI","522.193","15.32","United States"
"1031","B.P. Marsh &amp; Partners","BPM.L","522.12","9.23493","United Kingdom"
"1032","Miramar Hotel and Investment","0071.HK","521.549","1.29608","Hong Kong"
"1033","CubeSmart","CUBE","521.503","40.46","United States"
"1034","Big Yellow Group","BYG.L","521.489","12.0107","United Kingdom"
"1035","Maple Leaf Foods","MFI.TO","521.014","19.3488","Canada"
"1036","United Urban Investment Corporation","8960.T","520.789","1024.04","Japan"
"1037","AIB Group (Allied Irish Banks)","A5G.IR","520.693","12.6763","Ireland"
"1038","Quadient","QDT.PA","520.669","15.2465","France"
"1039","Global Self Storage","SELF","520.499","5.61","United States"
"1040","Verbund AG","OEWA.F","520.142","68.8891","Austria"
"1041","W. P. Carey","WPC","520.028","71.15","United States"
"1042","EQT Holdings Limited","EQT.AX","519.657","15.0697","Australia"
"1043","Firefly AB","FIRE.ST","519.624","19.3667","Sweden"
"1044","Inclusio","INCLU.BR","518.966","19.8158","Belgium"
"1045","Doman Building Materials Group","DBM.TO","518.456","7.65019","Canada"
"1046","Bastei Lübbe","BST.DE","518.169","7.83308","Germany"
"1047","Delticom AG","DEX.DE","518.168","2.63434","Germany"
"1048","Vital Healthcare Property Trust","VHP.NZ","518.158","1.08566","New Zealand"
"1049","Yili Group","600887.SS","518.154","3.93601","China"
"1050","Eurocell","ECEL.L","517.557","1.63586","United Kingdom"
"1051","LIXIL Corporation","5938.T","517.507","11.1189","Japan"
"1052","Concentrix","CNXC","516.87","27.86","United States"
"1053","RWS Holdings","RWS.L","516.847","1.62634","United Kingdom"
"1054","Barratt Redrow","BTRW.L","516.668","4.37086","United Kingdom"
"1055","CITIC limited","0267.HK","516.643","1.63541","China"
"1056","Orient Overseas Container Line","0316.HK","516.573","21.814","Hong Kong"
"1057","Smart Sand","SND","516.529","4.84","United States"
"1058","Kimberly-Clark de México","KIMBERA.MX","516.496","2.35055","Mexico"
"1059","Giant Biogene","2367.HK","516.401","3.44942","China"
"1060","Altri","ALTR.LS","516.342","5.47849","Portugal"
"1061","International General Insurance Holdings Ltd.","IGIC","516.141","26.64","Jordan"
"1062","Albertsons","ACI","516.129","12.4","United States"
"1063","Alamar Foods Company","6014.SR","515.8","11.3038","Saudi Arabia"
"1064","GFH Financial Group","GFH.AE","515.44","0.52","Bahrain"
"1065","Avista","AVA","515.334","38.15","United States"
"1066","Rogers Sugar (Lantic)","RSI.TO","515.223","4.94885","Canada"
"1067","Polar Capital Holdings","POLR.L","514.921","11.8069","United Kingdom"
"1068","Boiron","BOI.PA","514.626","29.8403","France"
"1069","Al Taiseer Group TALCO Industrial Company","4143.SR","514.381","9.38074","Saudi Arabia"
"1070","Red Eléctrica","RED.MC","514.299","17.6244","Spain"
"1071","Fonix Mobile","FNX.L","514.133","2.32689","United Kingdom"
"1072","Cathay Real Estate Development","2501.TW","513.849","0.721533","Taiwan"
"1073","DIP Corporation","2379.T","513.24","11.8342","Japan"
"1074","AXA","CS.PA","512.925","50.6353","France"
"1075","BWP Trust","BWP.AX","512.59","2.6433","Australia"
"1076","TINC NV","TINC.BR","512.251","13.0085","Belgium"
"1077","BMV (Bolsa Mexicana de Valores)","BOLSAA.MX","512.159","2.29218","Mexico"
"1078","Genesis Energy","GNE.NZ","512.115","1.60619","New Zealand"
"1079","Grupa Pracuj","GPP.WA","511.621","15.6511","Poland"
"1080","Mirvac Group","MGR.AX","511.508","1.30728","Australia"
"1081","Saudi Aramco","2222.SR","511.147","6.99427","Saudi Arabia"
"1082","CNOOC","0883.HK","511.079","3.20449","China"
"1083","Artea Bankas","ROE1L.VS","510.765","1.04441","Lithuania"
"1084","Ping An Bank","000001.SZ","510.703","1.7247","China"
"1085","Smithfield Foods","SFD","510.426","22.06","United States"
"1086","AS Tallinna Vesi","TVE1T.TL","510.326","12.7054","Estonia"
"1087","Fiducian Group Limited","FID.AX","510.085","6.8812","Australia"
"1088","Bangkok Bank","BBL.BK","509.876","5.82495","Thailand"
"1089","Powersoft","PWS.MI","509.156","17.4263","Italy"
"1090","Snam","SRG.MI","508.477","6.74904","Italy"
"1091","innoscripta SE","1INN.DE","508.273","90.1037","Germany"
"1092","Thai Life Insurance","TLI.BK","508.102","0.353766","Thailand"
"1093","Deluxe Corporation","DLX","508.044","23.62","United States"
"1094","GPT Group","GPT.AX","507.65","3.34004","Australia"
"1095","Charoen Pokphand Foods","CPF.BK","507.221","0.725831","Thailand"
"1096","HK Electric Investments","2638.HK","507.102","0.805587","Hong Kong"
"1097","Pexip","PEXIP.OL","507.012","8.25745","Norway"
"1098","Guoco","0053.HK","506.939","9.05728","Hong Kong"
"1099","Safestore","SAFE.L","506.864","8.07734","United Kingdom"
"1100","Ngern Tid Lor","TIDLOR.BK","506.605","0.603843","Thailand"
"1101","Vistin Pharma","VISTN.OL","506.351","2.03227","Norway"
"1102","Kia","000270.KS","506.266","91.3781","South Korea"
"1103","Baosteel","600019.SS","505.861","0.876449","China"
"1104","Omega Flex","OFLX","505.576","26.9","United States"
"1105","First Interstate BancSystem","FIBK","505.376","37.2","United States"
"1106","Ataa Educational Company","4292.SR","505.258","11.8418","Saudi Arabia"
"1107","Enel","ENEL.MI","504.999","11.0304","Italy"
"1108","Want Want China","0151.HK","503.695","0.404388","Hong Kong"
"1109","Humm Group","HUM.AX","503.5","0.312455","Australia"
"1110","OMER S.p.A.","OMER.MI","502.73","3.8466","Italy"
"1111","Banca Mediolanum","BMED.MI","502.619","28.0103","Italy"
"1112","Wakita & Co.,LTD.","8125.T","502.603","12.5182","Japan"
"1113","Morgan Advanced Materials","MGAM.L","502.56","3.22686","United Kingdom"
"1114","Verallia","VRLA.PA","502.516","22.7299","France"
"1115","Sime Darby","4197.KL","502.001","0.624145","Malaysia"
"1116","Standard Bank Group","SBK.JO","501.606","20.0234","South Africa"
"1117","International Games System","3293.TWO","501.443","22.1816","Taiwan"
"1118","National Health Investors","NHI","501.431","73.39","United States"
"1119","Ricegrowers Limited","SGLLV.AX","501.399","9.76153","Australia"
"1120","Copa Holdings","CPA","501.246","132.47","Panama"
"1121","G-bits Network Technology","603444.SS","501.217","57.7917","China"
"1122","BHM Capital Financial Services","BHMCAPITAL.AE","501.016","0.271742","United Arab Emirates"
"1123","Hepsor AS","HPR1T.TL","500.929","6.038","Estonia"
"1124","Riyad Bank","1010.SR","500.809","5.5853","Saudi Arabia"
"1125","FirstRand","FSR.JO","500.542","6.0029","South Africa"
"1126","JACCS Co., Ltd.","8584.T","500.318","24.4089","Japan"
"1127","Sinopharm","1099.HK","499.901","2.01684","China"
"1128","Hong Kong Ferry","0050.HK","499.898","0.637836","Hong Kong"
"1129","Azimut Holding","AZM.MI","499.812","44.9236","Italy"
"1130","Vector Limited","VCT.NZ","499.637","2.94468","New Zealand"
"1131","doValue S.p.A.","DOV.MI","499.581","2.07367","Italy"
"1132","Sunoco","SUN","499.467","75.1","United States"
"1133","Central Securities","CET","499.186","55.29","United States"
"1134","Origin Energy","ORG.AX","498.769","8.41115","Australia"
"1135","Healthcare Realty Trust","HR","498.442","19.26","United States"
"1136","Ipsos","IPS.PA","497.899","45.5065","France"
"1137","AB Akola Group","AKO1L.VS","497.616","2.06318","Lithuania"
"1138","AS LHV Group","LHV1T.TL","497.453","3.8874","Estonia"
"1139","Coloplast","COLO-B.CO","497.321","70.056","Denmark"
"1140","OTC Markets Group","OTCM","497.248","54.5","United States"
"1141","Universal Store Holdings","UNI.AX","497.245","5.97615","Australia"
"1142","Taishin Financial Holdings","2887.TW","497.156","1.17525","Taiwan"
"1143","TECOM Group","TECOM.AE","497.055","0.920329","United Arab Emirates"
"1144","Skanska","SKA-B.ST","497.025","28.8769","Sweden"
"1145","RioCan REIT","REI-UN.TO","496.755","15.1347","Canada"
"1146","The Saudi National Bank","1180.SR","496.63","11.5595","Saudi Arabia"
"1147","Sinopac Financial Holdings","2890.TW","496.442","1.23984","Taiwan"
"1148","Gjensidige Forsikring","GJF.OL","496.256","30.2255","Norway"
"1149","Zurich Insurance Group","ZURN.SW","496.156","737.238","Switzerland"
"1150","SandRidge Energy","SD","496.046","13.91","United States"
"1151","Nu Skin","NUS","495.868","4.84","United States"
"1152","Crombie Real Estate Investment Trust","CRR-UN.TO","495.848","11.8128","Canada"
"1153","Celcomdigi","6947.KL","495.791","0.711177","Malaysia"
"1154","Banque Saudi Fransi","1050.SR","495.772","5.83034","Saudi Arabia"
"1155","China Lesso Group","2128.HK","495.563","0.515372","China"
"1156","Midea","000333.SZ","495.527","12.8244","China"
"1157","Huadian Power International","600027.SS","495.487","0.686012","China"
"1158","Pirelli","PIRC.MI","495.225","7.75731","Italy"
"1159","NN Group","NN.AS","495.165","89.6142","Netherlands"
"1160","Damaan Islamic Insurance Company (Beema)","BEMA.QA","495.05","1.42857","Qatar"
"1161","Tritax Big Box REIT","BBOX.L","494.987","2.16437","United Kingdom"
"1162","Ascendas Reit","A17U.SI","494.802","1.92005","Singapore"
"1163","Corbion","CRBN.AS","494.621","23.0097","Netherlands"
"1164","Aurizon Holdings","AZJ.AX","494.524","2.6864","Australia"
"1165","Tele2","TEL2-B.ST","494.468","17.8762","Sweden"
"1166","Labrador Iron Ore Royalty Corp.","LIF.TO","494.353","19.3416","Canada"
"1167","Bangkok Dusit Medical Services (BDMS)","BDMS.BK","494.347","0.600793","Thailand"
"1168","NV Bekaert","BEKB.BR","494.28","44.7022","Belgium"
"1169","Aptech","APTECHT.NS","493.917","0.955274","India"
"1170","Gree","3632.T","493.447","2.66051","Japan"
"1171","Okumura Corporation","1833.T","493.204","36.7702","Japan"
"1172","LOTTE Corporation","004990.KS","493.082","17.2466","South Korea"
"1173","Exco Technologies Limited","XTC.TO","492.78","6.03659","Canada"
"1174","Gulf Development Public Company","GULF.BK","492.616","1.95944","Thailand"
"1175","ageas","AGS.BR","492.412","86.6293","Belgium"
"1176","GLP J-REIT","3281.T","492.293","873.45","Japan"
"1177","Wall Financial Corporation","WFC.TO","491.608","14.4071","Canada"
"1178","Hormel Foods","HRL","491.59","23.78","United States"
"1179","Rosneft","ROSN.ME","491.252","3.61","Russia"
"1180","geechs","7060.T","490.65","3.7335","Japan"
"1181","Sylvamo","SLVM","490.597","36.69","United States"
"1182","Admiral Group","ADM.L","490.37","55.5427","United Kingdom"
"1183","FNM S.p.A.","FNM.MI","490.072","0.530948","Italy"
"1184","Shurgard Self Storage","SHUR.BR","490.038","26.9262","Luxembourg"
"1185","Meier Tobler Group","MTG.SW","489.697","42.6953","Switzerland"
"1186","The Foschini Group","TFG.JO","489.568","3.25807","South Africa"
"1187","Dillard's","DDS","489.565","637.3","United States"
"1188","Lundin Gold","LUG.TO","489.544","75.832","Canada"
"1189","Kite Realty","KRG","489.337","26.26","United States"
"1190","Acrow Limited","ACF.AX","489.185","0.707513","Australia"
"1191","SunCoke Energy","SXC","488.798","9.82","United States"
"1192","BP Castrol K.K.","5015.T","488.59","6.28106","Japan"
"1193","Foresight Group","FSG.L","488.348","6.79339","United Kingdom"
"1194","Zojirushi","7965.T","488.188","9.3808","Japan"
"1195","Viking Line Abp","VIK1V.HE","487.944","23.3127","Finland"
"1196","Corticeira Amorim","COR.LS","487.942","8.12449","Portugal"
"1197","Braemar Hotels &amp; Resorts","BHR","487.805","2.05","United States"
"1198","CT REIT","CRT-UN.TO","487.718","12.6632","Canada"
"1199","Bank of Chengdu","601838.SS","487.565","2.79167","China"
"1200","CRRC","1766.HK","487.445","0.676107","China"
"1201","Tata Consultancy Services","TCS.NS","486.772","23.7783","India"
"1202","Persimmon","PSN.L","486.741","16.2226","United Kingdom"
"1203","Infotel SA","INF.PA","486.725","46.6838","France"
"1204","QBE Insurance","QBE.AX","486.646","15.6609","Australia"
"1205","Theeb Rent A Car Company","4261.SR","486.137","5.70782","Saudi Arabia"
"1206","Hello Group Inc.","MOMO","486.111","5.76","China"
"1207","BOC Aviation","2588.HK","485.737","9.2869","Singapore"
"1208","Campine","CAMB.BR","485.516","233.127","Belgium"
"1209","Grigeo AB","GRG1L.VS","485.513","1.17147","Lithuania"
"1210","Alantra Partners","ALNT.MC","485.512","11.6564","Spain"
"1211","Kaken Pharmaceutical Co., Ltd.","4521.T","485.198","25.0364","Japan"
"1212","Íslandsbanki","ISB.IC","485.161","1.19851","Iceland"
"1213","Peyto Exploration &amp; Development","PEY.TO","484.711","17.9729","Canada"
"1214","Skandinaviska Enskilda Banken","SEB-A.ST","484.681","23.3135","Sweden"
"1215","Japan Metropolitan Fund Investment","8953.T","484.564","734.15","Japan"
"1216","FUJI UNITED HOLDINGS CO LTD","416A.T","484.452","8.18232","Japan"
"1217","Pihlajalinna Oyj","PIHLIS.HE","484.287","12.5189","Finland"
"1218","American Financial Group","AFG","484.238","144.97","United States"
"1219","SThree","STEM.L","484.096","3.88582","United Kingdom"
"1220","Minerva S.A.","BEEF3.SA","483.852","0.797076","Brazil"
"1221","Transurban","TCL.AX","483.841","9.97126","Australia"
"1222","Sabaf S.p.A.","SAB.MI","483.77","13.6962","Italy"
"1223","Scentre Group","SCG.AX","483.171","2.56429","Australia"
"1224","Amanat Holdings","AMANAT.AE","482.772","0.394816","United Arab Emirates"
"1225","Global Indemnity","GBLI","482.759","29","Cayman Islands"
"1226","Viña Concha y Toro","CONCHATORO.SN","482.665","0.996505","Chile"
"1227","Farmland Partners","FPI","482.625","10.36","United States"
"1228","Yara International","YAR.OL","482.466","47.3948","Norway"
"1229","Klépierre","LI.PA","482.357","44.4807","France"
"1230","Saudi Investment Bank","1030.SR","482.184","3.86203","Saudi Arabia"
"1231","Australian Foundation Investment Company","AFI.AX","481.755","4.93464","Australia"
"1232","Bravura Solutions","BVS.AX","481.558","2.16923","Australia"
"1233","B3","B3SA3.SA","481.508","3.06194","Brazil"
"1234","Worley","WOR.AX","480.943","7.26907","Australia"
"1235","Cogeco","CCA.TO","480.888","43.6104","Canada"
"1236","Vicinity Centres","VCX.AX","480.829","1.78135","Australia"
"1237","AGROB Immobilien","AGR.F","480.605","31.0059","Germany"
"1238","Havertys","HVT","480.558","27.26","United States"
"1239","Italgas","IG.MI","480.382","10.1713","Italy"
"1240","Esprinet","PRT.MI","480.055","8.32265","Italy"
"1241","Hong Kong and China Gas","0003.HK","480.011","0.931879","Hong Kong"
"1242","Industrial Bank of Korea (IBK)","024110.KS","479.946","14.8553","South Korea"
"1243","Plaza Retail REIT","PLZ-UN.TO","479.7","3.78908","Canada"
"1244","Al Ramz Corporation Investment and Development","ALRAMZ.AE","479.465","0.397539","United Arab Emirates"
"1245","Selectirente","SELER.PA","479.381","99.662","France"
"1246","Chubu Steel Plate","5461.T","478.962","13.2586","Japan"
"1247","BNP Paribas","BNP.PA","478.939","118.662","France"
"1248","Franklin Street Properties","FSP","478.813","0.4177","United States"
"1249","Hannover Rück","HNR1.DE","478.751","298.636","Germany"
"1250","Hollywood Bowl Group","BOWL.L","478.69","3.7975","United Kingdom"
"1251","Columbia Banking System","COLB","478.671","30.71","United States"
"1252","Pakuwon Jati Tbk","PWON.JK","478.603","0.0150986","Indonesia"
"1253","Melcor Developments","MRD.TO","478.462","13.4707","Canada"
"1254","Evli","EVLI.HE","478.223","29.4906","Finland"
"1255","Ping An Insurance","601318.SS","477.742","8.35231","China"
"1256","Comcast","CMCSA","477.676","27.2","United States"
"1257","Jupiter Mines Limited","JMS.AX","477.533","0.190346","Australia"
"1258","Realty Income","O","477.514","62.26","United States"
"1259","Richter Gedeon","RIG2.F","477.283","42.5224","Hungary"
"1260","Macfarlane Group","MACF.L","477.179","1.01235","United Kingdom"
"1261","Cheniere Energy
Partners","CQP","477.094","68.54","United States"
"1262","TowneBank","TOWN","476.952","37.53","United States"
"1263","Avax S.A.","AVAX.AT","476.726","4.0331","Greece"
"1264","PICC Property and Casualty Company Limited","2328.HK","476.383","2.05638","China"
"1265","QLM Life &amp; Medical Insurance Company","QLMI.QA","476.19","0.576923","Qatar"
"1266","Electricity Generating Public Company","EGCO.BK","475.949","4.04087","Thailand"
"1267","Clorox","CLX","475.871","104.23","United States"
"1268","Burgenland Holding","BHD.VI","475.684","96.8495","Austria"
"1269","Servcorp Limited","SRV.AX","475.617","4.41029","Australia"
"1270","United Bankers Oyj","UNITED.HE","475.324","27.0428","Finland"
"1271","TS TECH","7313.T","475.209","11.5644","Japan"
"1272","China Resources Pharmaceutical Group","3320.HK","475.148","0.588085","Hong Kong"
"1273","Eleving Group","OT8.F","474.933","1.87668","Luxembourg"
"1274","ASR Nederland","ASRNL.AS","474.582","81.0118","Netherlands"
"1275","Synnex Technology International","2347.TW","474.483","2.73489","Taiwan"
"1276","Plains All American Pipeline","PAA","474.444","25.63","United States"
"1277","Credit Corp Group","CCP.AX","474.164","10.0273","Australia"
"1278","KYORIN Pharmaceutical","4569.T","474.084","7.3415","Japan"
"1279","EXEDY Corporation","7278.T","473.923","38.6527","Japan"
"1280","Allied Group Limited","0373.HK","473.836","0.269167","Hong Kong"
"1281","Dalrymple Bay Infrastructure","DBI.AX","473.712","3.76383","Australia"
"1282","Dubai Islamic Bank","DIB.AE","473.625","2.00675","United Arab Emirates"
"1283","Strawberry Fields REIT","STRW","473.071","13.74","United States"
"1284","Zain Saudi Arabia","7030.SR","472.677","2.82062","Saudi Arabia"
"1285","Eastern Province Cement Company","3080.SR","472.529","6.77054","Saudi Arabia"
"1286","Hankyu Hanshin REIT","8977.T","472.367","864.665","Japan"
"1287","TPG Telecom","TPG.AX","472.285","2.66485","Australia"
"1288","Orange","ORA.PA","471.898","17.8809","France"
"1289","Atland SAS","ATLD.PA","471.766","42.1961","France"
"1290","Patrizia Immobilien","P1Z.VI","471.568","8.70731","Germany"
"1291","Norbit ASA","NORBT.OL","471.483","17.7343","Norway"
"1292","Nick Scali Limited","NCK.AX","471.015","10.6881","Australia"
"1293","Matthews International Corporation","MATW","470.998","21.55","United States"
"1294","AS Harju Elekter","HAE1T.TL","470.987","6.01469","Estonia"
"1295","Türkiye Petrol Rafinerileri","TUPRS.IS","470.831","8.00411","Turkey"
"1296","Wynnstay Group","WYN.L","470.664","5.08145","United Kingdom"
"1297","Litgrid AB","LGD1L.VS","470.517","1.30551","Lithuania"
"1298","Groupe Minoteries SA","GMI.SW","470.472","285.462","Switzerland"
"1299","Aspo Oyj","ASPO.HE","470.467","8.57909","Finland"
"1300","Grainger plc","GRI.L","470.414","2.35747","United Kingdom"
"1301","ICBC","1398.HK","470.233","0.951014","China"
"1302","Momentum Metropolitan","MTM.JO","470.151","2.51421","South Africa"
"1303","Vodacom","VOD.JO","469.888","9.3111","South Africa"
"1304","Newell Brands","NWL","469.799","5.96","United States"
"1305","BP","BP","469.647","42.5","United Kingdom"
"1306","Unicaja Banco","UNI.MC","469.601","4.15433","Spain"
"1307","Fairwood Holdings","0052.HK","468.987","0.598291","Hong Kong"
"1308","Power Assets","0006.HK","468.732","7.68593","Hong Kong"
"1309","Asia Financial Holdings","0662.HK","468.655","0.612323","Hong Kong"
"1310","Kerry Logistics Network","0636.HK","468.654","0.734788","Hong Kong"
"1311","Wawel","WWL.WA","468.166","196.787","Poland"
"1312","Oramed Pharmaceuticals","ORMP","468.165","5.34","United States"
"1313","Mazda","7261.T","467.976","7.51406","Japan"
"1314","Telekom Malaysia","4863.KL","467.419","1.96444","Malaysia"
"1315","Lazard","LAZ","467.399","42.79","Bermuda"
"1316","Telkom SA","TKG.JO","467.275","3.44858","South Africa"
"1317","NatWest Group","NWG","467.2","18.75","United Kingdom"
"1318","CP Axtra","CPAXT.BK","467.191","0.451357","Thailand"
"1319","Wajax Corporation","WJX.TO","466.769","21.2433","Canada"
"1320","China Merchants Port","0144.HK","466.74","2.02067","Hong Kong"
"1321","Castrol India","CASTROLIND.NS","466.591","1.94689","India"
"1322","PKO Bank Polski","PKO.WA","466.139","30.6912","Poland"
"1323","LKQ Corporation","LKQ","466.019","25.75","United States"
"1324","Qantas Airways","QAN.AX","465.554","6.93866","Australia"
"1325","NoHo Partners","NOHO.HE","465.29","9.27847","Finland"
"1326","AAK","AAK.ST","465.125","20.6368","Sweden"
"1327","Swire Properties","1972.HK","465.115","3.14836","Hong Kong"
"1328","Iberpapel Gestión","IBG.MC","464.965","21.0397","Spain"
"1329","Merida Industry","9914.TW","464.737","2.65927","Taiwan"
"1330","Orthex Oyj","ORTHEX.HE","464.706","5.53678","Finland"
"1331","Edison International","EIX","464.636","74.51","United States"
"1332","Mid-America Apartment Communities","MAA","464.259","131.5","United States"
"1333","Valmet","VALMT.HE","464.215","33.174","Finland"
"1334","Rexford Industrial","REXR","464.18","37.27","United States"
"1335","Bank of Jiangsu","600919.SS","464.146","1.79613","China"
"1336","NTT UD REIT Investment Corporation","8956.T","464.025","826.389","Japan"
"1337","Sligro Food","SLIGR.AS","463.823","12.1693","Netherlands"
"1338","Banco Bradesco","BBD","463.19","3.26","Brazil"
"1339","HCL Technologies","HCLTECH.NS","463.103","13.4629","India"
"1340","Brookfield Renewable","BEPC","462.935","33.05","United States"
"1341","The Property Franchise Group","TPFG.L","462.874","6.27573","United Kingdom"
"1342","Daiichi Kensetsu","1799.T","462.701","21.1147","Japan"
"1343","NorthWest Healthcare Properties REIT","NWH-UN.TO","462.656","4.13335","Canada"
"1344","Cancom","COK.F","462.506","25.7023","Germany"
"1345","Insperity","NSP","462.339","51.91","United States"
"1346","Venture Corporation","V03.SI","462.27","13.4404","Singapore"
"1347","Vamos Locação de Caminhões, Máquinas e Equipamentos S.A.","VAMO3.SA","461.89","0.592947","Brazil"
"1348","Nomura Real Estate Master Fund","3462.T","461.846","948.748","Japan"
"1349","Dow","DOW","461.589","30.33","United States"
"1350","Groupe SEB","SK.PA","461.568","68.5977","France"
"1351","Sodexo","SW.PA","461.451","66.5579","France"
"1352","Safehold","SAFE","461.238","15.35","United States"
"1353","Dubai Financial Market (DFM)","DFM.AE","461.005","0.381201","United Arab Emirates"
"1354","Tikehau Capital","TKO.PA","460.866","19.6993","France"
"1355","Wienerberger","WIB.F","460.78","23.4526","Austria"
"1356","Nathan's Famous","NATH","460.688","97.68","United States"
"1357","Olin Corporation","OLN","460.564","17.37","United States"
"1358","Kimberly-Clark","KMB","460.395","110.34","United States"
"1359","PTT Oil and Retail Business","OR.BK","460.093","0.387313","Thailand"
"1360","Shanghai Pudong Development Bank","600000.SS","459.884","1.3497","China"
"1361","Citic Pacific Special Steel Group","000708.SZ","459.755","2.07589","China"
"1362","Jumbo S.A.","5JB.F","459.6","29.7004","Greece"
"1363","Union Bankshares","UNB","459.574","23.5","United States"
"1364","Maxis Berhad","6012.KL","459.524","0.934975","Malaysia"
"1365","Dream Industrial REIT","DIR-UN.TO","459.475","9.89051","Canada"
"1366","Eastman Chemical","EMN","459.345","72.93","United States"
"1367","Dubai Electricity and Water Authority (DEWA)","DEWA.AE","459.272","0.732451","United Arab Emirates"
"1368","Vodafone Qatar","VFQS.QA","459.066","0.717308","Qatar"
"1369","CM Bank","3968.HK","459.055","6.31713","China"
"1370","Akatsuki Corp.","8737.T","459.02","3.99076","Japan"
"1371","NH Investment & Securities Co., Ltd.","005940.KS","458.826","19.2756","South Korea"
"1372","LCNB Corp.","LCNB","458.811","19.18","United States"
"1373","Stanmore Resources","SMR.AX","458.78","1.90346","Australia"
"1374","EVA Air","2618.TW","458.757","1.34697","Taiwan"
"1375","Quanta Computer","2382.TW","458.69","10.5079","Taiwan"
"1376","Laurentian Bank of Canada","LB.TO","458.557","29.0376","Canada"
"1377","AOKI Holdings","8214.T","458.197","11.1628","Japan"
"1378","Mapletree Logistics Trust","M44U.SI","458.116","0.92068","Singapore"
"1379","Xior Student Housing","XIOR.BR","457.855","31.5305","Belgium"
"1380","Swiss Re","SREN.SW","457.849","175.001","Switzerland"
"1381","Arabian Cement Company","3010.SR","457.752","5.83034","Saudi Arabia"
"1382","Rural Electrification Corp","RECLTD.NS","457.733","3.41712","India"
"1383","Tsingtao","600600.SS","457.707","7.5878","China"
"1384","GD Power Development","600795.SS","457.636","0.778274","China"
"1385","KRUK Spólka Akcyjna","KRU.WA","457.605","113.747","Poland"
"1386","Kunlun Energy Company","0135.HK","457.444","0.972701","Hong Kong"
"1387","Prudential Financial","PRU","457.418","120.24","United States"
"1388","Argan SA","ARG.PA","456.826","86.024","France"
"1389","Noevir Holdings","4928.T","456.771","30.7465","Japan"
"1390","T. Rowe Price","TROW","456.686","112.55","United States"
"1391","Krungthai Card","KTC.BK","456.618","1.14364","Thailand"
"1392","Smartgroup Corporation","SIQ.AX","456.565","8.11665","Australia"
"1393","F.C.C. Co., Ltd.","7296.T","456.556","25.9462","Japan"
"1394","Kyodo Printing","7914.T","456.491","10.9244","Japan"
"1395","FRP Advisory Group","FRP.L","456.287","1.60957","United Kingdom"
"1396","Boardwalk Real Estate Investment Trust","BEI-UN.TO","456.273","46.1029","Canada"
"1397","Bank of Communications","601328.SS","456.11","1.05208","China"
"1398","Maire Tecnimont","MAIRE.MI","455.983","14.6171","Italy"
"1399","Ströer","SAX.F","455.675","45.7163","Germany"
"1400","Misto Holdings (Fila)","081660.KS","455.607","29.5656","South Korea"
"1401","AB Amber Grid","AMG1L.VS","455.414","1.39876","Lithuania"
"1402","Bouygues","EN.PA","455.413","52.104","France"
"1403","SMASCO (Saudi Manpower Solutions Company)","1834.SR","455.396","1.57411","Saudi Arabia"
"1404","Crest Nicholson Holdings plc","CRST.L","455.387","0.895355","United Kingdom"
"1405","Lindsay Australia","LAU.AX","455.111","0.553081","Australia"
"1406","Sri Trang Gloves","STGT.BK","455.076","0.329369","Thailand"
"1407","MyState Limited","MYS.AX","455.06","3.53397","Australia"
"1408","LXP Industrial Trust","LXP","454.993","60.99","United States"
"1409","Hargreaves Services","HSP.L","454.66","11.1855","United Kingdom"
"1410","Afya","AFYA","454.608","14.43","Brazil"
"1411","Munich RE (Münchener Rück)","MUV2.DE","454.604","602.401","Germany"
"1412","National CineMedia","NCMI","454.545","2.64","United States"
"1413","Winnebago Industries","WGO","454.398","30.81","United States"
"1414","Haitian International Holdings","1882.HK","454.195","2.2337","Hong Kong"
"1415","CMB.TECH","CMBT","453.258","17.65","Belgium"
"1416","Delegat","DGL.NZ","453.215","2.5461","New Zealand"
"1417","Choice Properties REIT","CHP-UN.TO","453.2","11.0647","Canada"
"1418","BPER Banca","BPE.MI","453.198","16.4425","Italy"
"1419","Osotspa","OSP.BK","452.96","0.52455","Thailand"
"1420","AS Merko Ehitus","MRK1T.TL","452.637","31.2974","Estonia"
"1421","HEXPOL AB","HPOL-B.ST","452.621","9.54064","Sweden"
"1422","Telia Company","TELIA.ST","452.557","4.56824","Sweden"
"1423","Jefferson Capital","JCAP","452.403","21.22","United States"
"1424","Bank of Nanjing","601009.SS","452.248","1.72917","China"
"1425","OpenText","OTEX","452.117","24.33","Canada"
"1426","Unipres Corporation","5949.T","452.003","8.35174","Japan"
"1427","Superior Group of Companies","SGC","451.977","12.39","United States"
"1428","Bank of Changsha","601577.SS","451.9","1.40625","China"
"1429","Star Group","SGU","451.87","12.57","United States"
"1430","KPN","KPN.AS","451.843","4.73715","Netherlands"
"1431","BSR Real Estate Investment Trust","HOM-UN.TO","451.541","11.1367","Canada"
"1432","Molson Coors","TAP","451.414","42.09","United States"
"1433","Brunel International","BRNL.AS","451.201","8.81222","Netherlands"
"1434","OTE Group","OTE.F","451.018","22.7532","Greece"
"1435","DigiCo Infrastructure REIT","DGT.AX","451.011","1.86036","Australia"
"1436","Kemper","KMPR","450.546","28.41","United States"
"1437","Wüstenrot &amp; Württembergische","WUW.F","450.514","16.4588","Germany"
"1438","Camellia Plc","CAM.L","450.213","76.0859","United Kingdom"
"1439","Plus500","PLUS.L","449.948","51.434","Israel"
"1440","Extra Space Storage","EXR","449.719","144.09","United States"
"1441","Yuntianhua","600096.SS","449.235","4.60565","China"
"1442","Okamura Corporation","7994.T","449.203","14.8022","Japan"
"1443","Southside Bancshares","SBSI","449.158","32.06","United States"
"1444","East Pipes Integrated Company for Industry","1321.SR","449.106","50.3396","Saudi Arabia"
"1445","Yuexiu Property","0123.HK","448.556","0.471361","Hong Kong"
"1446","Enerjisa Enerji","ENJSA.IS","448.546","2.4163","Turkey"
"1447","Yealink Network Technology","300628.SZ","448.364","5.93304","China"
"1448","High Liner Foods","HLF.TO","448.089","10.9854","Canada"
"1449","Armada Hoffler Properties","AHH","448","6.25","United States"
"1450","Banca Transilvania","TLV.RO","447.925","8.19719","Romania"
"1451","Best Buy","BBY","447.884","85.29","United States"
"1452","Norconsult","NORCO.OL","447.513","4.17151","Norway"
"1453","International Paper","IP","447.451","41.39","United States"
"1454","Sinotrans Limited","601598.SS","447.355","0.991071","China"
"1455","Kearny Financial","KRNY","447.154","9.84","United States"
"1456","Elekta AB","EKTA-B.ST","446.918","5.46362","Sweden"
"1457","TMBThanachart Bank (ttb)","TTB.BK","446.91","0.0884416","Thailand"
"1458","China Oilfield Services","2883.HK","446.721","0.928052","China"
"1459","LCI Industries","LCII","446.645","102.99","United States"
"1460","Ryoyo Ryosan Holdings","167A.T","445.774","20.0793","Japan"
"1461","KBC Ancora","KBCA.BR","445.648","109.453","Belgium"
"1462","Genco Shipping &amp; Trading","GNK","445.219","25.83","United States"
"1463","Westpac Banking","WBC.AX","445.095","24.1919","Australia"
"1464","Yulon Motor Company","2201.TW","444.948","0.902703","Taiwan"
"1465","Derayah Financial Company","4084.SR","444.827","5.9129","Saudi Arabia"
"1466","Activia Properties","3279.T","444.805","867.175","Japan"
"1467","Galicia Financial Group","GGAL","444.773","43.91","Argentina"
"1468","Texaf","TEXF.BR","444.498","48.2574","Belgium"
"1469","Exacompta Clairefontaine","ALEXA.PA","444.153","181.839","France"
"1470","Budimex","BDX.WA","444.024","193.219","Poland"
"1471","Dubai National Insurance & Reinsurance Company","DNIR.AE","443.799","0.920329","United Arab Emirates"
"1472","World Holdings","2429.T","443.418","17.8329","Japan"
"1473","Infosys","INFY","443.114","11.69","India"
"1474","Vaalco Energy","EGY","442.882","5.69","United States"
"1475","Noble Corporation","NE","442.674","45.18","United Kingdom"
"1476","OYAK Çimento","OYAKC.IS","442.638","0.472871","Turkey"
"1477","MONY Group plc","MONY.L","442.54","2.78529","United Kingdom"
"1478","COLOPL","3668.T","442.325","2.76091","Japan"
"1479","PBBank (Public Bank Bhd)","1295.KL","442.23","1.24332","Malaysia"
"1480","Amano Corporation","6436.T","442.103","24.8607","Japan"
"1481","CapitaLand Investment Limited","9CI.SI","442.012","2.10891","Singapore"
"1482","Citizens &amp; Northern Corp","CZNC","441.64","25.36","United States"
"1483","Mavi Giyim Sanayi ve Ticaret","MAVI.IS","441.638","0.796983","Turkey"
"1484","Mitsuboshi Belting","5192.T","441.298","27.6718","Japan"
"1485","MISC Berhad","3816.KL","441.254","2.10867","Malaysia"
"1486","Klingelnberg AG","KLIN.SW","441.127","13.8387","Switzerland"
"1487","Itera ASA","ITERA.OL","440.939","0.703809","Norway"
"1488","PostNL","PNL.AS","440.83","1.03567","Netherlands"
"1489","Pfeiffer Vacuum","PFV.F","440.412","189.066","Germany"
"1490","Vipshop","VIPS","440.341","14.08","China"
"1491","DF Deutsche Forfait AG","DFTK.DE","440.248","1.57361","Germany"
"1492","Australian Clinical Labs","ACL.AX","440.115","2.02557","Australia"
"1493","Orient Corporation","8585.T","439.828","5.55319","Japan"
"1494","Pegatron","4938.TW","439.781","2.81681","Taiwan"
"1495","Daito Trust Construction","1878.T","439.775","20.8825","Japan"
"1496","Aichi Steel","5482.T","439.571","20.1421","Japan"
"1497","Gentera, S.A.B. de C.V.","GENTERA.MX","439.029","2.34891","Mexico"
"1498","Gulf Warehousing Company","GWCS.QA","438.981","0.623901","Qatar"
"1499","Phoenix Mecano","PMN.SW","438.957","548.584","Switzerland"
"1500","ERG","ERG.MI","438.798","25.8771","Italy"
"1501","Equity Residential","EQR","438.58","63.66","United States"
"1502","UOB","U11.SI","438.556","31.9799","Singapore"
"1503","Tribal Group","TRB.L","438.447","0.880423","United Kingdom"
"1504","Samsung Securities","016360.KS","438.41","63.9864","South Korea"
"1505","Poste Italiane","PST.MI","438.324","32.2066","Italy"
"1506","Dürr","DUE.F","438.107","20.7717","Germany"
"1507","Schaffer Corporation","SFC.AX","438.042","14.3658","Australia"
"1508","Aiphone Co.,Ltd.","6718.T","438.039","18.1216","Japan"
"1509","REN (Redes Energéticas Nacionais)","RENE.LS","437.983","4.12053","Portugal"
"1510","Amundi","AMUN.PA","437.962","108.929","France"
"1511","Acom","8572.T","437.716","3.069","Japan"
"1512","Kamux","KAMUX.HE","437.337","1.80207","Finland"
"1513","Fomento de Construcciones y Contratas","FCC.MC","437.295","13.0064","Spain"
"1514","ANZ Bank","ANZ.AX","437.258","26.5445","Australia"
"1515","CITIC Bank","601998.SS","436.931","1.28869","China"
"1516","The Hackett Group","HCKT","436.761","10.99","United States"
"1517","Guosen Securities","002736.SZ","436.433","1.52381","China"
"1518","Telecom Plus PLC","TEP.L","436.353","11.671","United Kingdom"
"1519","Genuit Group","GEN.L","436.098","3.91842","United Kingdom"
"1520","Strike Company","6196.T","436.05","8.40194","Japan"
"1521","ENKA","ENKAI.IS","435.997","1.82417","Turkey"
"1522","Veolia","VIE.PA","435.793","38.8507","France"
"1523","Galaxy Entertainment","0027.HK","435.199","4.38321","Hong Kong"
"1524","Commercial International Bank","CIN.F","435.045","2.58771","Egypt"
"1525","Eslead Corporation","8877.T","434.914","33.6956","Japan"
"1526","Subaru","7270.T","434.799","16.2203","Japan"
"1527","Milaha - Qatar Navigation","QNNS.QA","434.781","2.82967","Qatar"
"1528","Klaveness Combination Carriers","KCC.OL","434.556","11.338","Norway"
"1529","Propel Funeral Partners","PFP.AX","434.299","2.33443","Australia"
"1530","Züblin Immobilien","ZUBN.SW","433.992","61.8088","Switzerland"
"1531","IDP Education","IEL.AX","433.839","1.28933","Australia"
"1532","A2A","A2A.MI","433.727","2.7206","Italy"
"1533","Pharos Energy","PHAR.L","433.713","0.408812","United Kingdom"
"1534","Sabeco Brewery (Saigon Beer)","SAB.VN","433.621","1.75287","Vietnam"
"1535","Postal Savings Bank of China","601658.SS","433.6","0.744048","China"
"1536","Nippon Prologis REIT","3283.T","433.4","542.141","Japan"
"1537","Grupa Kety","KTY.WA","433.088","338.16","Poland"
"1538","Helios Underwriting","HUW.L","432.936","3.04344","United Kingdom"
"1539","Kenvue","KVUE","432.882","19.22","United States"
"1540","TENDA","4198.T","432.499","3.10602","Japan"
"1541","Roland Corporation","7944.T","432.497","24.0011","Japan"
"1542","National Australia Bank","NAB.AX","432.463","27.4856","Australia"
"1543","Unibail-Rodamco-Westfield","URW.PA","432.447","118.021","France"
"1544","Cousins Properties","CUZ","432.432","29.6","United States"
"1545","First Bancorp","FNLC","432.385","34.46","United States"
"1546","Plains GP","PAGP","432.279","28.13","United States"
"1547","Equatorial Energia","EQTL3.SA","432.228","7.16008","Brazil"
"1548","SmartStop Self Storage REIT","SMA","431.979","33.96","United States"
"1549","Heidelbergcement India","HEIDELBERG.NS","431.922","1.69268","India"
"1550","Bank Mega","MEGA.JK","431.689","0.110986","Indonesia"
"1551","Ford","F","431.655","13.9","United States"
"1552","Marui Group","8252.T","431.619","18.5326","Japan"
"1553","Far Eastern New Century","1402.TW","431.601","0.894826","Taiwan"
"1554","Epsilon Energy","EPSN","431.507","5.84","United States"
"1555","Henderson Land Development","0012.HK","431.419","3.72496","Hong Kong"
"1556","Lamar Advertising","LAMR","430.978","151.98","United States"
"1557","Sixt","SIX2.F","430.736","84.5087","Germany"
"1558","Virtus Investment Partners","VRTS","430.493","167.25","United States"
"1559","Banco Santander-Chile","BSAC","430.473","35.31","Chile"
"1560","Kyoei Steel","5440.T","430.372","12.7692","Japan"
"1561","PGG Wrightson","PGW.NZ","430.36","1.37418","New Zealand"
"1562","H World Group Limited","HTHT","430.349","49.03","China"
"1563","Edenred","EDEN.PA","430.347","35.4004","France"
"1564","ScottsMiracle-Gro","SMG","430.318","61.35","United States"
"1565","Fidelity National Financial","FNF","430.11","47.48","United States"
"1566","Gimv NV","GIMB.BR","430.052","51.288","Belgium"
"1567","Eversource Energy","ES","430.027","71.67","United States"
"1568","Compagnie d'Entreprises CFE","CFEB.BR","429.904","12.9386","Belgium"
"1569","Inmobiliaria del Sur","ISUR.MC","429.854","19.5827","Spain"
"1570","AT&T","T","429.842","25.87","United States"
"1571","Marimekko","MEKKO.HE","429.633","11.1901","Finland"
"1572","EDP Group","EDP.F","429.03","5.43536","Portugal"
"1573","Kimco Realty","KIM","428.631","24.03","United States"
"1574","Pasona Group","2168.T","428.56","10.686","Japan"
"1575","Contact Energy","CEN.NZ","428.373","5.25283","New Zealand"
"1576","Rokiskio Suris AB","RSU1L.VS","428.019","5.3153","Lithuania"
"1577","Rhythm Co.,Ltd.","7769.T","427.993","25.0364","Japan"
"1578","Taiwan High Speed Rail","2633.TW","427.964","0.830235","Taiwan"
"1579","Karooooo","KARO","427.816","64.28","Singapore"
"1580","IG Group","IGG.L","427.357","19.1685","United Kingdom"
"1581","LEW (Lechwerke)","LEC.F","426.95","74.6008","Germany"
"1582","Topy Industries","7231.T","426.677","19.1695","Japan"
"1583","Clicks Group","CLS.JO","426.423","12.7791","South Africa"
"1584","Skyworks Solutions","SWKS","426.298","66.62","United States"
"1585","Korea Investment Holdings","071050.KS","426.248","138.698","South Korea"
"1586","Indosat","ISAT.JK","426.144","0.147042","Indonesia"
"1587","Mediobanca","MB.MI","426.119","32.428","Italy"
"1588","Bank of China (Hong Kong)","2388.HK","426.106","6.3554","Hong Kong"
"1589","DIC Corporation","4631.T","426.044","31.5308","Japan"
"1590","Intermediate Capital Group (ICG)","ICG.L","426.005","26.9833","United Kingdom"
"1591","MVV Energie","MVV1.F","425.723","34.736","Germany"
"1592","BASF","BAS.DE","425.614","59.9254","Germany"
"1593","Surge Energy","SGY.TO","425.49","7.87351","Canada"
"1594","ASUS","2357.TW","425.466","30.4997","Taiwan"
"1595","Hammerson Plc","HMSO.L","425.255","5.11406","United Kingdom"
"1596","CTP N.V.","CTPNV.AS","425.178","16.8318","Netherlands"
"1597","Telstra","TLS.AX","425.019","3.29023","Australia"
"1598","Michelin","ML.PA","424.869","36.9476","France"
"1599","ARN Media","A1N.AX","424.77","0.197529","Australia"
"1600","Türkiye Is Bankasi","ISCTR.IS","424.72","0.268431","Turkey"
"1601","Gofore Oyj","GOFORE.HE","424.673","13.1717","Finland"
"1602","TPG Inc.","TPG","424.242","52.8","United States"
"1603","UNITED","2497.T","423.897","3.31309","Japan"
"1604","Polaris","PII","423.596","63.74","United States"
"1605","Portland General Electric","POR","423.59","50.19","United States"
"1606","Gulf Oil Lubricants","GULFOILLUB.NS","423.476","12.1001","India"
"1607","JFE Holdings","5411.T","423.327","11.5393","Japan"
"1608","Bath &amp; Body Works","BBWI","423.28","18.9","United States"
"1609","Burelle","BUR.PA","423.216","456.93","France"
"1610","Yamama Saudi Cement Company","3020.SR","422.734","6.30177","Saudi Arabia"
"1611","Nike","NKE","422.389","38.59","United States"
"1612","Groupe Guillin","ALGIL.PA","422.257","24.5949","France"
"1613","SSI Securities Corporation","SSI.VN","422.187","0.819923","Vietnam"
"1614","Toho Holdings","8129.T","422.16","24.5909","Japan"
"1615","HASI (HA Sustainable Infrastructure Capita)","HASI","421.867","40.06","United States"
"1616","Attica Holdings","ATTICA.AT","421.679","1.88833","Greece"
"1617","Riso Kagaku Corporation","6413.T","421.629","7.2411","Japan"
"1618","Santos","STO.AX","421.496","5.78305","Australia"
"1619","Forterra plc","FORT.L","421.231","1.96193","United Kingdom"
"1620","Wharf REIC","1997.HK","421.1","4.00561","Hong Kong"
"1621","Bassett Furniture","BSET","421.053","19","United States"
"1622","BLG Logistics","BLH.F","420.639","13.5214","Germany"
"1623","OceanFirst Financial","OCFC","420.61","19.02","United States"
"1624","Everbright Securities Company","6178.HK","420.602","0.974614","Hong Kong"
"1625","Cedar Woods Properties Limited","CWP.AX","420.461","5.48772","Australia"
"1626","Shinagawa Refractories","5351.T","420.455","13.0704","Japan"
"1627","Banca Generali","BGN.MI","420.449","76.6989","Italy"
"1628","Enterprise Products","EPD","420.286","39.14","United States"
"1629","nib holdings limited","NHF.AX","420.082","4.82689","Australia"
"1630","Orange Polska","OPL.WA","419.944","3.82086","Poland"
"1631","Lokum Deweloper","LKD.WA","419.735","6.27124","Poland"
"1632","Daicel Corporation","4202.T","419.449","9.1455","Japan"
"1633","BKI Investment Company","BKI.AX","419.446","1.32524","Australia"
"1634","Netstreit","NTST","419.277","20.75","United States"
"1635","Atrium Ljungberg","ATRLJ-B.ST","419.239","2.6872","Sweden"
"1636","China Resources Sanjiu Medical &amp; Pharmaceutical","000999.SZ","419.176","3.66667","China"
"1637","Topaz Energy","TPZ.TO","419.105","23.1523","Canada"
"1638","Lindab International","LIAB.ST","418.913","13.415","Sweden"
"1639","Mobile Factory","3912.T","418.638","7.14698","Japan"
"1640","Premium Brands","PBH.TO","418.576","57.5308","Canada"
"1641","Hooker Furnishings","HOFT","418.486","13.74","United States"
"1642","Ratch Group","RATCH.BK","418.302","1.13602","Thailand"
"1643","GPI S.p.A.","GPI.MI","418.237","16.2723","Italy"
"1644","Kemira","KEMIRA.HE","417.997","20.3404","Finland"
"1645","Gaztransport & Technigaz","GTT.PA","417.836","242.686","France"
"1646","China Shenhua Energy","601088.SS","417.613","7.1131","China"
"1647","Ventia Services Group","VNT.AX","417.57","3.89312","Australia"
"1648","Aperam","APAM.AS","417.401","54.4119","Luxembourg"
"1649","Enbridge","ENB","417.312","50.37","Canada"
"1650","Whitefield Industrials Limited","WHF.AX","417.185","3.51961","Australia"
"1651","Nomura Real Estate Holdings","3231.T","417.067","5.85626","Japan"
"1652","ENGIE Brasil","EGIE3.SA","416.974","5.60675","Brazil"
"1653","Mortgage Advice Bureau (Holdings)","MAB1.L","416.909","7.10588","United Kingdom"
"1654","Global Medical REIT","GMRE","416.898","35.98","United States"
"1655","Schweiter Technologies","SWTQ.SW","416.828","439.364","Switzerland"
"1656","VP Bank","VPBN.SW","416.827","116.419","Liechtenstein"
"1657","Trinity Industries","TRN","416.808","29.51","United States"
"1658","Hyster-Yale Materials Handling","HY","416.787","34.67","United States"
"1659","Medical Properties Trust","MPT","416.667","4.08","United States"
"1660","LG Uplus Corp.","032640.KS","416.425","10.7825","South Korea"
"1661","Salik Company","SALIK.AE","416.35","1.45946","United Arab Emirates"
"1662","Quartix Technologies","QTX.L","416.319","3.12496","United Kingdom"
"1663","Peoples Bancorp","PEBO","415.617","39.7","United States"
"1664","Etablissements Maurel &amp; Prom","MAU.PA","415.538","8.98706","France"
"1665","Lincoln National Corporation","LNC","415.512","43.32","United States"
"1666","Independence Realty Trust","IRT","415.412","16.61","United States"
"1667","Hindustan Petroleum","HINDPETRO.NS","415.301","3.87556","India"
"1668","Getlink","GET.PA","415.05","21.8091","France"
"1669","Nippon Shokubai","4114.T","414.561","16.6439","Japan"
"1670","Movado Group","MOV","414.286","35","United States"
"1671","Wihlborgs Fastigheter AB","WIHL.ST","414.136","8.16656","Sweden"
"1672","New Hope Corporation","NHC.AX","413.874","4.22353","Australia"
"1673","Eiffage","FGR.PA","413.803","131.076","France"
"1674","BAIOO Family Interactive","2100.HK","413.71","0.0369945","China"
"1675","WHA Corporation","WHA.BK","413.695","0.150656","Thailand"
"1676","NOK Corporation","7240.T","413.552","19.1946","Japan"
"1677","Fidelity National Information Services","FIS","413.386","40.64","United States"
"1678","Vinci","DG.PA","413.336","137.195","France"
"1679","Kingboard Holdings","0148.HK","413.061","6.7802","Hong Kong"
"1680","ES-CON JAPAN","8892.T","412.996","7.09678","Japan"
"1681","Turners Automotive Group","TRA.NZ","412.982","4.61035","New Zealand"
"1682","Japan Real Estate Investment","8952.T","412.718","746.699","Japan"
"1683","Guangzhou Baiyunshan Pharmaceutical Holdings","600332.SS","412.591","3.04464","China"
"1684","Brixmor Property Group","BRX","412.526","29.38","United States"
"1685","Capital Power","CPX.TO","412.509","47.4571","Canada"
"1686","LSL Property Services plc","LSL.L","412.468","3.67821","United Kingdom"
"1687","Kuantum Papers","KUANTUM.NS","412.222","0.756782","India"
"1688","Andrews Sykes Group","ASY.L","412.02","7.92313","United Kingdom"
"1689","Orell Füssli AG","OFN.SW","411.952","173.76","Switzerland"
"1690","Multiplan Empreendimentos Imobiliários","MULT3.SA","411.678","5.33069","Brazil"
"1691","Novatek Microelectronics","3034.TW","411.564","17.2664","Taiwan"
"1692","HPH Trust (Hutchison Port)","NS8U.SI","411.286","0.199","Singapore"
"1693","INFRONEER Holdings","5076.T","411.032","17.8267","Japan"
"1694","Keystone Law Group","KEYS.L","410.972","7.92109","United Kingdom"
"1695","Bourse Direct","BSD.PA","410.898","6.62082","France"
"1696","Opera","OPRA","410.889","19.47","Norway"
"1697","Tourmaline Oil","TOU.TO","410.66","44.8422","Canada"
"1698","Kamigumi","9364.T","410.559","30.4892","Japan"
"1699","Truist Financial Corporation","TFC","410.499","50.67","United States"
"1700","Groupe SAMSE","SAMS.PA","410.035","138.711","France"
"1701","Al-Babtain Power and Telecommunications","2320.SR","409.912","16.2738","Saudi Arabia"
"1702","Hiab Oyj","HIAB.HE","409.796","76.1161","Finland"
"1703","Wilmington plc","WIL.L","409.705","3.66843","United Kingdom"
"1704","Yangzijiang Shipbuilding (Holdings) Ltd.","BS6.SI","409.63","3.81102","China"
"1705","Nippon Soda","4041.T","409.613","24.9736","Japan"
"1706","Solstad Offshore","SOFF.OL","409.542","7.24132","Norway"
"1707","Adecco Group","ADEN.SW","409.54","29.6385","Switzerland"
"1708","Power Finance Corp","PFC.NS","409.423","3.71478","India"
"1709","Skellerup Holdings","SKL.NZ","409.209","4.40809","New Zealand"
"1710","Sukoon Insurance","SUKOON.AE","409.177","1.66367","United Arab Emirates"
"1711","Vital KSK Holdings","3151.T","409.121","10.4475","Japan"
"1712","Equasens","EQS.PA","409.054","39.1654","France"
"1713","Iida Group","3291.T","409.046","14.9277","Japan"
"1714","Ferrari Group PLC","046.F","408.683","9.18522","United Kingdom"
"1715","VGP NV","VGP.BR","408.621","94.7663","Belgium"
"1716","BellSystem24","6183.T","408.588","8.96667","Japan"
"1717","Acer","2353.TW","408.582","0.983049","Taiwan"
"1718","Europris","EPR.OL","408.415","9.47682","Norway"
"1719","PLDT","PHI","408.393","19.54","Philippines"
"1720","Italmobiliare","ITM.MI","408.164","30.4231","Italy"
"1721","Bank of Suzhou","002966.SZ","408.135","1.30357","China"
"1722","Provident Financial Services","PFS","407.99","23.53","United States"
"1723","PPB Group Berhad","4065.KL","407.861","2.53139","Malaysia"
"1724","Medicare Group","MCGS.QA","407.484","1.48352","Qatar"
"1725","Sanoma","SANOMA.HE","407.468","11.1551","Finland"
"1726","CLP Group","0002.HK","407.041","10.0587","Hong Kong"
"1727","Breedon Group","BREE.L","406.967","4.89667","United Kingdom"
"1728","Al Obeikan Glass Company","4145.SR","406.746","6.51751","Saudi Arabia"
"1729","A1 Telekom Austria","TA1.F","406.619","11.7263","Austria"
"1730","Kesko","KESKOA.HE","406.616","25.236","Finland"
"1731","United Foods Company","UFC.AE","406.515","3.34913","United Arab Emirates"
"1732","MARAFIQ (The Power and Water Utility Company for Jubail and Yanbu)","2083.SR","405.845","11.7139","Saudi Arabia"
"1733","DBS Group","D05.SI","405.772","59.5294","Singapore"
"1734","Canada Packers","CPKR.TO","405.751","12.0444","Canada"
"1735","Asseco Business Solutions","ABS.WA","405.744","24.274","Poland"
"1736","Qatar Cinema and Film Distribution Company","QCFS.QA","405.679","0.677198","Qatar"
"1737","Chow Tai Fook","1929.HK","405.627","1.70175","Hong Kong"
"1738","Wellneo Sugar","2117.T","405.467","17.9208","Japan"
"1739","Simon Property Group","SPG","405.324","217.11","United States"
"1740","Leejam Sports Company","1830.SR","404.983","21.5874","Saudi Arabia"
"1741","Polytec Holding","PYT.VI","404.931","5.71162","Austria"
"1742","CIMC Enric","3899.HK","404.881","0.978441","China"
"1743","Isuzu","7202.T","404.551","13.8861","Japan"
"1744","Sembcorp","U96.SI","404.39","4.79226","Singapore"
"1745","Pepsico","PEP","404.318","142.19","United States"
"1746","Sipef","SIP.BR","404.269","119.827","Belgium"
"1747","Essential Properties Realty Trust","EPRT","403.777","30.71","United States"
"1748","Banco Macro","BMA","403.716","78.05","Argentina"
"1749","Saudi Electricity","5110.SR","403.534","4.62112","Saudi Arabia"
"1750","Swisscom","SCMN.SW","403.415","784.401","Switzerland"
"1751","Daikoku Denki","6430.T","403.37","15.8501","Japan"
"1752","MTR Corporation","0066.HK","403.242","4.15359","Hong Kong"
"1753","Man Group","EMG.L","403.092","4.14397","Jersey"
"1754","Bank AlJazira","1020.SR","402.975","3.31069","Saudi Arabia"
"1755","Taiwan Mobile","3045.TW","402.79","3.63917","Taiwan"
"1756","Capstone Infrastructure","CSE-PA.TO","402.786","16.2759","Canada"
"1757","HP","HPQ","402.778","29.52","United States"
"1758","National Grid","NGG","402.335","80.53","United Kingdom"
"1759","Lufthansa","LHA.DE","402.251","9.36939","Germany"
"1760","National Mineral Development Corporation","NMDC.NS","402.205","0.902797","India"
"1761","San-Ai Obbli","8097.T","402.115","15.185","Japan"
"1762","COLTENE Holding AG","CLTN.SW","401.925","60.8159","Switzerland"
"1763","F&amp;F Co","383220.KS","401.716","45.7253","South Korea"
"1764","Winmark","WINA","401.653","346.07","United States"
"1765","Ternium Argentina","TXAR.BA","401.248","0.456992","Argentina"
"1766","Nexstar Media Group","NXST","401.035","185.52","United States"
"1767","Watsco","WSO","400.776","314.39","United States"
"1768","Hera Group","HER.MI","400.773","4.52733","Italy"
"1769","Genting Malaysia Berhad","4715.KL","400.75","0.425214","Malaysia"
"1770","Gudang Garam","GGRM.JK","400.673","1.10704","Indonesia"
"1771","First Hawaiian Bank","FHB","400.616","25.96","United States"
"1772","Constellation Oil Services Holding","QG21.F","400.602","14.7812","Luxembourg"
"1773","COG Financial Services","COG.AX","400.463","1.13489","Australia"
"1774","Randstad","RAND.AS","400.438","45.693","Netherlands"
"1775","CME Group","CME","400.384","280.98","United States"
"1776","Ecopetrol","EC","400.121","16.52","Colombia"
"1777","(HLBank) Hong Leong Bank","5819.KL","400.084","5.93808","Malaysia"
"1778","WEG ON","WEGE3.SA","400.074","9.80209","Brazil"
"1779","Jardine Matheson","J36.SI","400.068","59.1","Hong Kong"
"1780","MJ Gleeson plc","GLE.L","400.067","3.7236","United Kingdom"
"1781","Atea ASA","ATEA.OL","399.753","18.7183","Norway"
"1782","Marshalls plc","MSLH.L","399.746","2.22792","United Kingdom"
"1783","Oji Holdings","3861.T","399.638","5.50048","Japan"
"1784","AntarChile","ANTARCHILE.SN","399.462","8.16131","Chile"
"1785","Schaeffler","SHA0.DE","399.407","8.55578","Germany"
"1786","Beacon Lighting Group","BLX.AX","399.356","1.40066","Australia"
"1787","Dominion Energy","D","399.342","66.91","United States"
"1788","Kweichow Moutai","600519.SS","399.338","192.307","China"
"1789","Arata Corporation","2733.T","399.084","17.1364","Japan"
"1790","Quirin Privatbank","QB7.DE","398.947","3.70673","Germany"
"1791","Kogan.com Ltd","KGN.AX","398.946","2.62893","Australia"
"1792","Monex Group","8698.T","398.863","4.69981","Japan"
"1793","PetGas (Petronas Gas)","6033.KL","398.752","4.43118","Malaysia"
"1794","CK Infrastructure","1038.HK","398.697","8.36204","Hong Kong"
"1795","Thule Group AB","THULE.ST","398.521","21.3506","Sweden"
"1796","AudioCodes","AUDC","398.406","10.04","Israel"
"1797","BXP, Inc.","BXP","398.293","70.3","United States"
"1798","Downer EDI Limited","DOW.AX","398.222","4.7407","Australia"
"1799","HOMAG Group","HG1.F","398.162","29.1409","Germany"
"1800","EFG International","EFGN.SW","398.141","19.8583","Switzerland"
"1801","Invitation Homes","INVH","398.126","29.89","United States"
"1802","Martifer SGPS","MAR.LS","397.408","2.662","Portugal"
"1803","GarantiBank","GARAN.IS","397.38","2.79858","Turkey"
"1804","American Tower","AMT","397.2","175.73","United States"
"1805","Protector Forsikring","PROT.OL","397.014","51.5984","Norway"
"1806","Olvi plc","OLVAS.HE","396.971","37.7084","Finland"
"1807","FirstGroup","FGP.L","396.56","2.42524","United Kingdom"
"1808","Riyadh Cables Group Company","4142.SR","396.531","28.4725","Saudi Arabia"
"1809","Euroseas","ESEA","396.346","74.43","Greece"
"1810","Foshan Haitian Flavouring and Food","603288.SS","396.086","5.0744","China"
"1811","Heiwa Real Estate","8803.T","395.872","15.116","Japan"
"1812","Mears Group plc","MER.L","395.863","5.83552","United Kingdom"
"1813","Mapfre","MAP.MC","395.461","5.1731","Spain"
"1814","Sila Realty Trust","SILA","395.257","30.36","United States"
"1815","Yü Group","YU.L","394.875","22.5472","United Kingdom"
"1816","Meridian Energy","MEZ.AX","394.415","3.17483","New Zealand"
"1817","Property For Industry","PFI.NZ","394.326","1.40393","New Zealand"
"1818","NNN REIT","NNN","394.218","45.66","United States"
"1819","IDI","IDIP.PA","394.16","83.2265","France"
"1820","Channel Infrastructure NZ Limited","CHI.NZ","394.015","1.90363","New Zealand"
"1821","Coor Service Management Holding AB","COOR.ST","394.005","5.22534","Sweden"
"1822","Next plc","NXT.L","393.973","211.342","United Kingdom"
"1823","Novo Nordisk","NVO","393.939","47.19","Denmark"
"1824","Clariant","CLN.SW","393.859","13.032","Switzerland"
"1825","Daimler Truck","DTG.F","393.753","54.7966","Germany"
"1826","Banca Profilo","PRO.MI","393.276","2.02471","Italy"
"1827","SRA Holdings","3817.T","393.178","31.0602","Japan"
"1828","BB Biotech","BION.SW","393.136","69.628","Switzerland"
"1829","China Airlines","2610.TW","393.064","0.640201","Taiwan"
"1830","Severn Trent","SVT.L","392.897","42.415","United Kingdom"
"1831","Zhuzhou CRRC Times Electric","3898.HK","392.529","4.11532","Hong Kong"
"1832","Nissha Co., Ltd.","7915.T","392.493","8.14467","Japan"
"1833","Valiant Holding","VATN.SW","392.438","186.668","Switzerland"
"1834","Outfront Media","OUT","392.413","30.58","United States"
"1835","Terna","TRN.MI","392.373","11.4302","Italy"
"1836","Camden Property Trust","CPT","392.157","107.61","United States"
"1837","Aroundtown","AT1.F","392.119","2.32078","Luxembourg"
"1838","Uniqa Insurance Group","UN9.F","392.096","20.8882","Austria"
"1839","RGC Resources","RGCO","392.086","21.985","United States"
"1840","Indofood","INDF.JK","391.961","0.411268","Indonesia"
"1841","China Resources Land","1109.HK","391.955","4.31688","Hong Kong"
"1842","PM Capital Global Opportunities Fund","PGF.AX","391.783","2.32007","Australia"
"1843","Agree Realty","ADC","391.611","73.67","United States"
"1844","Bilia AB","BILI-A.ST","391.527","15.2729","Sweden"
"1845","Arhaus","ARHS","391.499","8.94","United States"
"1846","BT Group","BT-A.L","391.433","2.7717","United Kingdom"
"1847","Aena","AENA.MC","391.07","31.5654","Spain"
"1848","WPP","WPP","390.951","25.86","United Kingdom"
"1849","Swiss Life","SLHN.SW","390.701","1138.13","Switzerland"
"1850","SPEEH Hidroelectrica","H2O.RO","390.65","40.9638","Romania"
"1851","ORION","271560.KS","390.557","91.4506","South Korea"
"1852","EVS Broadcast Equipment","EVS.BR","390.367","34.9679","Belgium"
"1853","Midland States Bancorp","MSBI","390.363","32.79","United States"
"1854","Puuilo","PUUILO.HE","390.354","19.8625","Finland"
"1855","Jakks Pacific","JAKK","390.32","25.62","United States"
"1856","CBL Properties","CBL","390.2","55.1","United States"
"1857","Bank of Hangzhou","600926.SS","390.158","2.5","China"
"1858","Admie Holding","ADMIE.AT","390.127","5.20457","Greece"
"1859","UGI Corporation","UGI","390.117","38.45","United States"
"1860","Iress Limited","IRE.AX","390.023","4.30254","Australia"
"1861","Toho Co., Ltd.","8142.T","390.015","8.87255","Japan"
"1862","Sienna Senior Living","SIA.TO","390.014","15.5813","Canada"
"1863","Fun Yours Technology","6482.TWO","389.899","0.792425","Taiwan"
"1864","DWS Group","DWS.F","389.834","87.2479","Germany"
"1865","PCC Rokita","PCR.WA","389.809","17.9757","Poland"
"1866","B&M European Value Retail","BME.L","389.716","3.29615","Luxembourg"
"1867","Spire Inc.","SR","389.672","83.66","United States"
"1868","PageGroup","PAGE.L","389.61","2.89942","United Kingdom"
"1869","AngloGold Ashanti","AU","389.467","118.11","South Africa"
"1870","JANOME Corporation","6445.T","389.438","9.02942","Japan"
"1871","SAL Saudi Logistics Services","4263.SR","389.421","45.1458","Saudi Arabia"
"1872","Prim, S.A.","PRM.MC","389.323","15.3281","Spain"
"1873","Mesaieed Petrochemical Holding Company","MPHC.QA","389.25","0.29478","Qatar"
"1874","Murphy Oil","MUR","389.161","34.69","United States"
"1875","Suntec REIT","T82U.SI","389.11","1.16462","Singapore"
"1876","Weathernews Inc.","4825.T","389.065","13.3402","Japan"
"1877","Smith &amp; Wesson","SWBI","388.93","13.37","United States"
"1878","Regency Centers","REG","388.845","76.38","United States"
"1879","Zuken Inc.","6947.T","388.47","31.4367","Japan"
"1880","Derwent London","DLN.L","388.194","27.5811","United Kingdom"
"1881","Bien Sparebank","BIEN.OL","388.069","15.2955","Norway"
"1882","Kelsian Group","KLS.AX","388.044","3.15328","Australia"
"1883","DB Insurance","005830.KS","387.777","133.335","South Korea"
"1884","Acinque","AC5.MI","387.618","2.49446","Italy"
"1885","Cannae Holdings","CNNE","387.597","15.48","United States"
"1886","H&amp;M","HM-B.ST","387.559","18.4535","Sweden"
"1887","Sinko Industries","6458.T","387.389","7.88113","Japan"
"1888","Quess","QUESS.NS","387.305","3.75825","India"
"1889","Nestlé","NESN.SW","387.239","97.5413","Switzerland"
"1890","Red Hill Minerals Limited","RHI.AX","387.233","3.26821","Australia"
"1891","AdvanSix","ASIX","387.175","16.53","United States"
"1892","Moelis &amp; Company","MC","386.847","67.21","United States"
"1893","Heritage Commerce","HTBK","386.617","13.45","United States"
"1894","SL Green Realty","SLG","386.503","58.68","United States"
"1895","Schloss Wachenheim","SWA.DE","386.489","17.4846","Germany"
"1896","Paul Hartmann","PHH2.F","386.489","235.459","Germany"
"1897","BTG Consulting plc","BTG.L","386.42","1.53078","United Kingdom"
"1898","CK Asset Holdings","1113.HK","386.373","5.8834","Hong Kong"
"1899","Kiwoom Securities","039490.KS","386.279","202.539","South Korea"
"1900","Basellandschaftliche Kantonalbank","BLKB.SW","386.13","1321.82","Switzerland"
"1901","Qatar Fuel Company (WOQOD)","QFLS.QA","386.102","3.56044","Qatar"
"1902","Glarner Kantonalbank","GLKBN.SW","385.771","31.6491","Switzerland"
"1903","XPS Pensions Group","XPS.L","385.695","4.22549","United Kingdom"
"1904","Repsol","REP.MC","385.439","30.9127","Spain"
"1905","Sanofi India Limited","SANOFI.NS","385.374","33.2838","India"
"1906","Saudi Ceramic Company","2040.SR","385.28","6.88773","Saudi Arabia"
"1907","Chunghwa Telecom","CHT","385.225","42.91","Taiwan"
"1908","FirstEnergy","FE","385.192","46.73","United States"
"1909","Insurance Australia Group","IAG.AX","385.191","5.62715","Australia"
"1910","Town Centre Securities","TOWN.L","385.175","1.72552","United Kingdom"
"1911","Tohokushinsha Film","2329.T","385.075","3.21896","Japan"
"1912","Kobe Steel","5406.T","385.014","12.6876","Japan"
"1913","Investec","INVR.L","384.917","9.04733","United Kingdom"
"1914","Beijing New Building Materials","000786.SZ","384.781","2.63095","China"
"1915","Federal Realty Investment Trust","FRT","384.419","117.58","United States"
"1916","CTBC Financial Holding","2891.TW","384.283","2.01021","Taiwan"
"1917","Graphic Packaging","GPK","384.279","11.45","United States"
"1918","HELLENiQ ENERGY","ELPE.AT","384.205","17.4729","Greece"
"1919","Thomson Reuters","TRI","384.187","102.45","Canada"
"1920","Naturgy","NTGY.MC","384.182","34.5961","Spain"
"1921","Qingdao Port International","601298.SS","384.091","1.33631","China"
"1922","Camping World","CWH","384.025","6.51","United States"
"1923","Rio Tinto","RIO","383.954","104.7","United Kingdom"
"1924","momo.com Inc.","8454.TW","383.807","8.05003","Taiwan"
"1925","Sumitomo Forestry","1911.T","383.746","8.43331","Japan"
"1926","AvalonBay Communities","AVB","383.571","184.06","United States"
"1927","Parkin PJSC","PARKIN.AE","383.473","1.55748","United Arab Emirates"
"1928","Unipol Assicurazioni","UNI.MI","383.236","33.0342","Italy"
"1929","The Bidvest Group","BVT.JO","382.543","14.7669","South Africa"
"1930","Cosmo Energy Holdings","5021.T","382.297","26.3541","Japan"
"1931","Xinyi Glass Holdings","0868.HK","381.944","1.13662","Hong Kong"
"1932","OPmobility","OPM.PA","381.935","14.6054","France"
"1933","Whitbread","WTB.L","381.89","33.7224","United Kingdom"
"1934","Samty Residential Investment Corporation","3459.T","381.625","576.653","Japan"
"1935","Pason Systems","PSI.TO","381.546","9.65279","Canada"
"1936","Vincom Retail Joint Stock Company","VRE.VN","381.502","0.996169","Vietnam"
"1937","Bank Albilad","1140.SR","381.46","7.01558","Saudi Arabia"
"1938","OVB Holding","O4B.DE","381.205","22.3802","Germany"
"1939","Burkhalter Holding","BRKN.SW","381.171","165.568","Switzerland"
"1940","Ridley Corporation","RIC.AX","381.072","1.85318","Australia"
"1941","Phu Nhuan Jewelry (PNJ)","PNJ.VN","381.043","1.60536","Vietnam"
"1942","BayCom (United Business Bank)","BCML","380.921","30.19","United States"
"1943","Kid ASA","KID.OL","380.757","13.5842","Norway"
"1944","Medibank","MPL.AX","380.73","3.3975","Australia"
"1945","4imprint Group","FOUR.L","380.61","61.9829","United Kingdom"
"1946","Persol Holdings","2181.T","380.514","1.84541","Japan"
"1947","Bunka Shutter","5930.T","380.405","11.8782","Japan"
"1948","Koei Tecmo","3635.T","380.372","10.595","Japan"
"1949","HBM Healthcare Investments","HBMN.SW","379.973","292.909","Switzerland"
"1950","Dick's Sporting Goods","DKS","379.917","129.66","United States"
"1951","Northland Power","NPI.TO","379.842","15.29","Canada"
"1952","UDR Apartments","UDR","379.647","37.93","United States"
"1953","Avex Inc.","7860.T","379.532","8.04427","Japan"
"1954","Tatton Asset Management","TAM.L","379.531","9.53465","United Kingdom"
"1955","Acadia Realty Trust","AKR","379.507","21.08","United States"
"1956","Kissei Pharmaceutical","4547.T","379.292","25.758","Japan"
"1957","MTY Food Group","MTY.TO","378.992","26.1634","Canada"
"1958","Groupe SFPI","SFPI.PA","378.985","2.36624","France"
"1959","Gelsenwasser","WWG.F","378.894","635.272","Germany"
"1960","Sirius XM","SIRI","378.814","28.51","United States"
"1961","Hong Leong Financial Group","1082.KL","378.73","4.75942","Malaysia"
"1962","Vinh Hoan Corporation","VHC.VN","378.59","2.00383","Vietnam"
"1963","SAN-A CO.,LTD.","2659.T","378.496","21.1147","Japan"
"1964","Funai Soken Holdings Incorporated","9757.T","378.113","7.34777","Japan"
"1965","Public Storage","PSA","378.108","317.37","United States"
"1966","Richmond Mutual Bancorporation","RMBI","377.834","15.88","United States"
"1967","Inchcape","INCH.L","377.773","11.4197","United Kingdom"
"1968","DKSH Holding","DKSH.SW","377.77","81.2948","Switzerland"
"1969","ASX","ASX.AX","377.753","39.592","Australia"
"1970","Takasago International Corporation","4914.T","377.629","8.40821","Japan"
"1971","Chery Automobile","9973.HK","377.442","3.32695","China"
"1972","Autobacs Seven","9832.T","377.422","9.70709","Japan"
"1973","Tose Software","4728.T","377.178","4.04724","Japan"
"1974","Kyoto Financial Group","5844.T","377.063","30.5206","Japan"
"1975","Australian United Investment Company","AUI.AX","376.65","8.35368","Australia"
"1976","Jiangsu Yuyue Medical Equipment &amp; Supply Co., Ltd.","002223.SZ","376.613","3.92411","China"
"1977","Continental","CON.DE","376.599","81.5541","Germany"
"1978","Canadian Apartment Properties REIT","CAR-UN.TO","376.401","24.3049","Canada"
"1979","Kingfisher","KGF.L","376.287","4.36407","United Kingdom"
"1980","Bank OZK","OZK","375.985","49.47","United States"
"1981","Sumou Real Estate Company","4323.SR","375.728","7.07951","Saudi Arabia"
"1982","Monte Carlo Fashions","MONTECARLO.NS","375.667","5.53315","India"
"1983","YANGHE","002304.SZ","375.489","5.78571","China"
"1984","Sinopec","600028.SS","375.474","0.787202","China"
"1985","STAG Industrial","STAG","375.471","37.18","United States"
"1986","Simmons First National","SFNC","375.439","22.8","United States"
"1987","CA Immo","BZY.F","375.339","27.2759","Austria"
"1988","Philips","PHG","375.324","26.99","Netherlands"
"1989","National Bankshares","NKSH","375.184","40.78","United States"
"1990","Vopak","VPK.AS","374.86","54.4352","Netherlands"
"1991","Onward Holdings Co., Ltd.","8016.T","374.278","4.89433","Japan"
"1992","Franklin Resources","BEN","374.179","35.01","United States"
"1993","Arabian Internet and Communications Services","7202.SR","373.901","57.3712","Saudi Arabia"
"1994","Shanghai International Port Group (SIPG)","600018.SS","373.86","0.770833","China"
"1995","Reynolds Consumer Products","REYN","373.832","24.61","United States"
"1996","Black Hills","BKH","373.814","73.78","United States"
"1997","Toyota Boshoku Corporation","3116.T","373.692","14.0524","Japan"
"1998","CaixaBank","CABK.MC","373.473","15.3281","Spain"
"1999","NVE Corporation","NVEC","373.413","107.12","United States"
"2000","Bank of Marin Bancorp","BMRC","373.413","26.78","United States"
"2001","WesBanco","WSBC","373.393","40.44","United States"
"2002","China National Chemical Engineering (CNCEC)","601117.SS","373.239","1.13244","China"
"2003","Credicorp","BAP","373.18","382.55","Bermuda"
"2004","Intershop Holding","ISN.SW","373.089","196.1","Switzerland"
"2005","Drax Group","DRX.L","373.073","10.3599","United Kingdom"
"2006","Gefran","GE.MI","373.005","13.2883","Italy"
"2007","EPIC Suisse","EPIC.SW","372.973","104.752","Switzerland"
"2008","Urban Edge Properties","UE","372.96","21.45","United States"
"2009","Fresenius Medical Care","FMS","372.65","23.4","Germany"
"2010","Kansai Paint","4613.T","372.649","18.0243","Japan"
"2011","Al Hammadi Holding Company","4007.SR","372.619","6.79185","Saudi Arabia"
"2012","Gateway Distriparks","GATEWAY.NS","372.157","0.559757","India"
"2013","Hotai Motor","2207.TW","372.154","16.6042","Taiwan"
"2014","NorthWestern Energy","NWE","372.132","71.48","United States"
"2015","Hikma Pharmaceuticals","HIK.L","371.986","22.228","United Kingdom"
"2016","Microlise","SAAS.L","371.772","0.679339","United Kingdom"
"2017","Roche Bobois","RBO.PA","371.765","24.4784","France"
"2018","Bristol-Myers Squibb","BMY","371.467","67.57","United States"
"2019","Whitecap Resources","WCP.TO","371.266","12.8007","Canada"
"2020","KeyCorp (KeyBank)","KEY","371.209","22.09","United States"
"2021","Chord Energy","CHRD","371.058","140.14","United States"
"2022","Banco Bilbao Vizcaya Argentaria","BBVA","370.996","29.03","Spain"
"2023","oOh!media Limited","OML.AX","370.973","1.17799","Australia"
"2024","TODA corp","1860.T","370.834","9.55022","Japan"
"2025","Grenke","GLJ.F","370.59","12.8919","Germany"
"2026","Loomis AB","LOOMIS.ST","370.32","55.476","Sweden"
"2027","Saudi International Petrochemical Company (Sipchem)","2310.SR","370.164","3.59302","Saudi Arabia"
"2028","Argo Global Listed Infrastructure","ALI.AX","370.125","1.8891","Australia"
"2029","Sonoco","SON","370.113","57.55","United States"
"2030","Ferretti","F3T1.F","369.908","3.52022","Italy"
"2031","Saudi Telecom Company","7010.SR","369.859","11.8897","Saudi Arabia"
"2032","Lotte Shopping","023530.KS","369.759","75.4359","South Korea"
"2033","Neurones","NRO.PA","369.754","42.9537","France"
"2034","Oeneo","SBT.PA","369.652","10.7472","France"
"2035","Kazatomprom","0ZQ.F","369.601","71.5701","Kazakhstan"
"2036","GTPL Hathway","GTPL.NS","369.531","0.563737","India"
"2037","Com7 Public Company","COM7.BK","369.396","0.884416","Thailand"
"2038","Alm. Brand","ALMB.CO","369.374","2.72648","Denmark"
"2039","Hosiden Corporation","6804.T","369.28","16.967","Japan"
"2040","Allianz SE","ALV.DE","369.268","525.003","Germany"
"2041","Exelon Corporation","EXC","369.037","44.44","United States"
"2042","Nippon Building Fund","8951.T","368.975","813.212","Japan"
"2043","Redox Limited","RDX.AX","368.938","2.46373","Australia"
"2044","Santam","SNT.JO","368.911","26.9889","South Africa"
"2045","Raito Kogyo","1926.T","368.895","24.0011","Japan"
"2046","Mayora","MYOR.JK","368.845","0.0901408","Indonesia"
"2047","Ebro Foods","EBRO.MC","368.763","21.3778","Spain"
"2048","Detection Technology","DETEC.HE","368.722","9.3251","Finland"
"2049","China Steel","2002A.TW","368.547","1.17367","Taiwan"
"2050","Zhejiang NHU Co., Ltd.","002001.SZ","368.372","4.0119","China"
"2051","Endesa","ELE.MC","368.223","48.7936","Spain"
"2052","Far EasTone","4904.TW","368.017","3.19806","Taiwan"
"2053","Prada","1913.HK","368.016","5.22516","Italy"
"2054","Saipem","SPM.MI","367.985","5.25511","Italy"
"2055","Warteck Invest","WARN.SW","367.934","2389.2","Switzerland"
"2056","Novavest Real Estate AG","NREN.SW","367.624","48.1563","Switzerland"
"2057","Regional Management Corp.","RM","367.534","32.65","United States"
"2058","MLP SE","MLP.DE","367.488","11.0036","Germany"
"2059","Konoike Transport","9025.T","367.469","18.2784","Japan"
"2060","RAIZNEXT Corporation","6379.T","367.276","19.4518","Japan"
"2061","Fuyao Glass Industry Group","600660.SS","367.177","8.45238","China"
"2062","Saudi Ground Services Company","4031.SR","367.176","7.28726","Saudi Arabia"
"2063","Wilmar International","F34.SI","367.166","2.96664","Singapore"
"2064","Insteel Industries","IIIN","367.093","30.51","United States"
"2065","Mota-Engil","EGL.LS","366.96","5.44075","Portugal"
"2066","Sakata INX Corporation","4633.T","366.939","16.6407","Japan"
"2067","Qualitas Limited","QAL.AX","366.703","2.0974","Australia"
"2068","United Utilities","UU.L","366.351","19.4155","United Kingdom"
"2069","OUTsurance Group","OUT.JO","366.19","5.3969","South Africa"
"2070","Bank of China","601988.SS","366.034","0.91369","China"
"2071","JCR Pharmaceuticals","4552.T","365.833","3.33819","Japan"
"2072","Tronox","TROX","365.631","5.47","United States"
"2073","Seino Holdings","9076.T","365.624","17.3686","Japan"
"2074","Agricultural Bank of China","601288.SS","365.537","1.01042","China"
"2075","Immobiliare Grande Distribuzione SIIQ","IGD.MI","365.499","4.65672","Italy"
"2076","Zurich Airport","FHZN.SW","365.454","281.739","Switzerland"
"2077","Karat Packaging","KRT","365.408","49.26","United States"
"2078","Tosoh Corporation","4042.T","365.354","16.7129","Japan"
"2079","China Construction Bank","601939.SS","365.211","1.57292","China"
"2080","OGE Energy","OGE","365.199","46.55","United States"
"2081","Basler Kantonalbank","BSKP.SW","364.713","119.894","Switzerland"
"2082","AMH (American Homes 4 Rent)","AMH","364.583","34.56","United States"
"2083","Wing Tai Properties","0369.HK","364.509","0.244929","Hong Kong"
"2084","Sumitomo Rubber Industries","5110.T","364.433","14.0743","Japan"
"2085","Primaris Real Estate Investment Trust","PMZ-UN.TO","364.373","15.5309","Canada"
"2086","Ascom Holding","ASCN.SW","364.338","6.65252","Switzerland"
"2087","Ryman Hospitality Properties","RHP","364.292","130.39","United States"
"2088","Voyageurs du Monde","ALVDM.PA","364.257","209.232","France"
"2089","The Mosaic Company","MOS","364.238","24.16","United States"
"2090","ATN International","ATNI","364.022","30.63","United States"
"2091","Miquel y Costas &amp; Miquel","MCM.MC","363.881","15.3864","Spain"
"2092","ABN AMRO","ABN.AS","363.878","47.7328","Netherlands"
"2093","Huntington Bancshares","HBAN","363.85","17.04","United States"
"2094","Generali","G.MI","363.655","51.0549","Italy"
"2095","Hulic","3003.T","363.631","11.2507","Japan"
"2096","New Wave Group","NEWA-B.ST","363.605","9.28973","Sweden"
"2097","Shangri-La","0069.HK","363.562","0.52175","Hong Kong"
"2098","China Resources Building Materials Technology","1313.HK","363.562","0.13267","Hong Kong"
"2099","Volati AB","VOLO.ST","363.447","2.83415","Sweden"
"2100","AL Sydbank A/S","ALSYDB.CO","363.381","103.821","Denmark"
"2101","Equinor","EQNR","363.108","41.31","Norway"
"2102","CareTrust REIT","CTRE","363.045","39.94","United States"
"2103","Greggs","GRG.L","363.032","25.285","United Kingdom"
"2104","Deceuninck","DECB.BR","362.931","2.84415","Belgium"
"2105","Information Services Group","III","362.903","4.96","United States"
"2106","Bank of Hawaii","BOH","362.46","77.25","United States"
"2107","UniCredit","UCG.MI","362.393","98.8449","Italy"
"2108","Takara Standard","7981.T","362.381","19.546","Japan"
"2109","Beacon Financial Corporation","BBT","362.346","31.71","United States"
"2110","Mikron Holding","MIKN.SW","362.103","20.2306","Switzerland"
"2111","HSBC","HSBC","361.794","103.65","United Kingdom"
"2112","Valsoia S.p.A.","VLS.MI","361.79","11.9478","Italy"
"2113","Brookfield Asset Management","BAM","361.469","52.01","Canada"
"2114","Volvo Group","VOLV-A.ST","361.397","36.9845","Sweden"
"2115","Entain","ENT.L","361.394","7.09773","Isle of Man"
"2116","Becle","CUERVO.MX","361.19","0.871359","Mexico"
"2117","Daiwa House","1925.T","361.102","29.5919","Japan"
"2118","Brødrene A &amp; O Johansen","AOJ-B.CO","360.964","15.7447","Denmark"
"2119","J&amp;J Snack Foods","JJSF","360.746","88.705","United States"
"2120","Keyera","KEY.TO","360.636","42.6962","Canada"
"2121","Schroders","SDR.L","360.179","7.93467","United Kingdom"
"2122","Swire Pacific","0019.HK","360.118","13.4456","Hong Kong"
"2123","Noritsu Koki","7744.T","360.054","12.5496","Japan"
"2124","Royal Unibrew","RBREW.CO","359.999","67.4994","Denmark"
"2125","Champion Iron","CIA.AX","359.865","2.53556","Australia"
"2126","SF Urban Properties (SFP)","SFPN.SW","359.774","124.114","Switzerland"
"2127","RITES","RITES.NS","359.698","2.27674","India"
"2128","Zumtobel Group","ZAG.VI","359.663","4.7558","Austria"
"2129","Mercury NZ","MCY.AX","359.522","4.10142","New Zealand"
"2130","Globe Telecom, Inc.","GTMEY","359.429","23.12","Philippines"
"2131","Bank of Ireland Group","BIRG.IR","359.159","22.0189","Ireland"
"2132","Ryobi Limited","5851.T","358.981","17.3498","Japan"
"2133","Tyson Foods","TSN","358.974","56.55","United States"
"2134","GungHo Online Entertainment","3765.T","358.937","15.3105","Japan"
"2135","Bankinter","BKT.MC","358.876","19.3204","Spain"
"2136","AES","AES","358.452","14.73","United States"
"2137","Indus Holding","INH.F","358.377","41.2635","Germany"
"2138","Wolters Kluwer","WKL.AS","358.28","80.5222","Netherlands"
"2139","Energiekontor","EKT.DE","358.124","31.9385","Germany"
"2140","Essex Property Trust","ESS","358.122","288.17","United States"
"2141","First Capital REIT","FCR-UN.TO","358.084","16.3377","Canada"
"2142","Kossan Rubber Industries","7153.KL","358.071","0.27353","Malaysia"
"2143","FutureFuel","FF","357.815","5.31","United States"
"2144","Sampo","SAMPO.HE","357.685","11.3976","Finland"
"2145","CIE Automotive","CIE.MC","357.635","29.6072","Spain"
"2146","MT Højgaard Holding","MTHH.CO","357.527","43.4927","Denmark"
"2147","Mitsubishi Kakoki Kaisha","6331.T","357.24","20.5813","Japan"
"2148","CVB Financial","CVBF","357.143","22.4","United States"
"2149","Dongfang Electric Corporation","600875.SS","357.066","3.86161","China"
"2150","Tokai Rika","6995.T","356.965","19.6715","Japan"
"2151","China Pacific Insurance","601601.SS","356.906","4.7619","China"
"2152","IDEC Corporation","6652.T","356.857","22.2441","Japan"
"2153","West Holdings","1407.T","356.847","17.1113","Japan"
"2154","Renta 4 Banco","R4.MC","356.721","22.5551","Spain"
"2155","Publicis Groupe","PUB.PA","356.523","119.648","France"
"2156","Trican Well Service","TCW.TO","356.353","4.37257","Canada"
"2157","Fortum","FORTUM.HE","356.267","23.5808","Finland"
"2158","Atlantic Union Bankshares","AUB","356.265","40.7","United States"
"2159","Ringmetall","HP3A.DE","356.163","3.24047","Germany"
"2160","E.SUN Bank","2884.TW","356.119","1.21463","Taiwan"
"2161","Peoples Financial Services","PFIS","355.651","69.9","United States"
"2162","Unimot","UNT.WA","355.596","48.6561","Poland"
"2163","Nichiha Corporation","7943.T","355.564","19.5773","Japan"
"2164","FW Thorpe Plc","TFW.L","355.332","3.54179","United Kingdom"
"2165","“K” Line","9107.T","355.154","20.6315","Japan"
"2166","Safety Insurance","SAFT","355.075","103.64","United States"
"2167","AGC","5201.T","355.031","36.1177","Japan"
"2168","Midwich Group","MIDW.L","354.719","1.96736","United Kingdom"
"2169","Westshore Terminals Investment","WTE.TO","354.627","29.9582","Canada"
"2170","Smoore International Holdings","6969.HK","354.537","1.44023","China"
"2171","Grafton Group","GFTU.L","354.405","14.1588","Ireland"
"2172","Diageo","DEO","354.329","93.67","United Kingdom"
"2173","Helvetia Baloise Holding AG","HBAN.SW","354.284","264.363","Switzerland"
"2174","Artesian Resources","ARTNA","354.27","35.425","United States"
"2175","Fenix Resources","FEX.AX","353.975","0.197529","Australia"
"2176","Hanmi Financial","HAFC","353.925","31.08","United States"
"2177","Budget Saudi (United International Transportation Company)","4260.SR","353.617","8.49114","Saudi Arabia"
"2178","Toenec Corporation","1946.T","353.594","13.7418","Japan"
"2179","Webuild S.p.A.","WBD.MI","353.519","2.61336","Italy"
"2180","China Yangtze Power","600900.SS","353.426","4.18155","China"
"2181","Jerónimo Martins","JEM.F","353.384","20.9232","Portugal"
"2182","West Bancorporation","WTBA","353.357","28.3","United States"
"2183","Emak S.p.A.","EM.MI","353.155","0.962816","Italy"
"2184","Bank of Ningbo","002142.SZ","353.112","5.02232","China"
"2185","China Overseas Land &amp; Investment","0688.HK","352.982","1.80763","Hong Kong"
"2186","Toagosei","4045.T","352.958","11.6774","Japan"
"2187","Central Pattana","CPN.BK","352.797","2.01281","Thailand"
"2188","Omnicom Group","OMC","352.714","87.89","United States"
"2189","SoftBank Corp.","9434.T","352.373","1.49026","Japan"
"2190","BIC","BB.PA","352.198","77.2817","France"
"2191","Amdocs","DOX","352.129","62.25","United States"
"2192","Doshisha Co.","7483.T","351.538","19.1067","Japan"
"2193","Aeroporto G. Marconi Bologna","ADB.MI","351.398","11.4232","Italy"
"2194","Fundamenta Real Estate AG","FREN.SW","351.326","20.9132","Switzerland"
"2195","Bank of Baroda","BANKBARODA.NS","351.232","2.51671","India"
"2196","PSEG","PEG","351.209","74.03","United States"
"2197","Northern Region Cement Company","3004.SR","351.189","1.90704","Saudi Arabia"
"2198","Unilever","UL","351.187","64.96","United Kingdom"
"2199","Immersion Corporation","IMMR","351.105","7.69","United States"
"2200","Invalda INVL, AB","IVL1L.VS","351.039","32.6378","Lithuania"
"2201","Killam Apartment REIT","KMP-UN.TO","350.958","13.3194","Canada"
"2202","BOE Varitronix","0710.HK","350.846","0.556193","Hong Kong"
"2203","Tokyo Tatemono","8804.T","350.836","21.5037","Japan"
"2204","Middle East Specialized Cables Company","2370.SR","350.83","8.39526","Saudi Arabia"
"2205","Fuchs Petrolub","FPE.F","350.685","39.5734","Germany"
"2206","Bursa Malaysia","1818.KL","350.481","2.15591","Malaysia"
"2207","Credit Agricole Mutuel Toulouse 31","CAT31.PA","350.278","144.189","France"
"2208","Treasury Wine Estates","TWE.AX","350.156","3.99368","Australia"
"2209","Quad","QUAD","350","10","United States"
"2210","Universal Robina Corporation","UVRBF","350","1","Philippines"
"2211","Designer Brands","DBI","349.65","5.72","United States"
"2212","Duke Energy","DUK","349.495","121.89","United States"
"2213","Sanwa Holdings","5929.T","349.464","22.7147","Japan"
"2214","Heiwa Corporation","6412.T","349.416","13.9802","Japan"
"2215","Tate &amp; Lyle","TATE.L","349.347","7.52707","United Kingdom"
"2216","Tokyu Fudosan Holdings","3289.T","349.102","8.39566","Japan"
"2217","Centrica","CNA.L","349.069","2.10527","United Kingdom"
"2218","Enel Chile","ENIC","348.993","4.47","Chile"
"2219","Phoenix Group","PHNX.L","348.972","10.4178","United Kingdom"
"2220","Bank of East Asia","0023.HK","348.899","2.23243","Hong Kong"
"2221","Japan Tobacco","2914.T","348.884","43.9298","Japan"
"2222","Weyerhaeuser","WY","348.837","24.08","United States"
"2223","Shizuoka Gas","9543.T","348.782","8.15722","Japan"
"2224","New Jersey Resources","NJR","348.688","54.49","United States"
"2225","Lucky Strike Entertainment","LUCK","348.665","6.74","United States"
"2226","Fuyo General Lease","8424.T","348.647","27.6718","Japan"
"2227","Chevron","CVX","348.634","200.21","United States"
"2228","Vaudoise Assurances","VAHN.SW","348.559","945.75","Switzerland"
"2229","CITIC Securities","600030.SS","348.466","4.15625","China"
"2230","Pigeon","7956.T","348.444","13.3182","Japan"
"2231","GSK plc","GSK","348.435","51.43","United Kingdom"
"2232","Universal Music Group","UMG.AS","348.411","17.0882","Netherlands"
"2233","Star Bulk Carriers","SBLK","348.208","29.58","Greece"
"2234","Credito Emiliano","CE.MI","348.198","24.1753","Italy"
"2235","The Marzetti Company","MZTI","348.171","113.45","United States"
"2236","EIZO Corporation","6737.T","348.108","19.295","Japan"
"2237","SHO-BOND Holdings","1414.T","348.09","7.98153","Japan"
"2238","Ares Management","ARES","347.936","141.98","United States"
"2239","First Merchants Corporation","FRME","347.889","41.68","United States"
"2240","Com2uS","078340.KQ","347.713","25.4352","South Korea"
"2241","Manitou Group","MTU.PA","347.702","24.8281","France"
"2242","Colruyt","COLR.BR","347.631","45.2967","Belgium"
"2243","Axfood","AXFO.ST","347.55","25.9588","Sweden"
"2244","Rockpoint Gas Storage","RGSI.TO","347.457","18.9166","Canada"
"2245","Umios (Maruha Nichiro Corporation)","1333.T","347.415","8.21997","Japan"
"2246","GAIL","GAIL.NS","347.193","1.79491","India"
"2247","Blackstone Group","BX","347.067","143.2","United States"
"2248","Mercia Asset Management","MERC.L","346.982","0.373636","United Kingdom"
"2249","Australian Ethical Investment Limited","AEF.AX","346.924","3.42623","Australia"
"2250","Banque Cantonale Vaudoise","BCVN.SW","346.823","155.639","Switzerland"
"2251","GCM Grosvenor","GCMG","346.608","13.56","United States"
"2252","Lakeland Financial Corp","LKFN","346.393","59.47","United States"
"2253","Allreal Holding","ALLN.SW","346.378","246.491","Switzerland"
"2254","Public Property Invest AS","PUBLI.OL","345.933","1.9189","Norway"
"2255","Orient Securities Company Limited (DFZQ)","600958.SS","345.812","1.36756","China"
"2256","CP All","CPALL.BK","345.564","1.41049","Thailand"
"2257","Dicker Data","DDR.AX","345.46","9.10789","Australia"
"2258","Fielmann","FIE.F","345.447","46.1009","Germany"
"2259","Regions Financial","RF","345.277","30.7","United States"
"2260","Groupe Lagardère","MMB.PA","345.217","22.1471","France"
"2261","Propel Holdings","PRL.TO","345.195","17.8505","Canada"
"2262","Investors Title Company","ITIC","345.121","305.98","United States"
"2263","Sun Communities","SUI","344.938","125.24","United States"
"2264","Standard Motor Products","SMP","344.921","37.11","United States"
"2265","Brookfield Infrastructure Partners","BIP","344.916","38.85","Bermuda"
"2266","Dowa Holdings","5714.T","344.832","65.1636","Japan"
"2267","Toyo Tire","5105.T","344.716","23.9132","Japan"
"2268","Korean Air Lines","003495.KS","344.524","15.7973","South Korea"
"2269","Nichireki Group","5011.T","344.468","14.181","Japan"
"2270","Cricut","CRCT","344.234","5.81","United States"
"2271","SHL Finance Company","1183.SR","344.179","3.86203","Saudi Arabia"
"2272","X-Legend Entertainment","4994.TW","344.069","2.69393","Taiwan"
"2273","SGS","SGSN.SW","343.895","115.451","Switzerland"
"2274","NOBA Bank Group AB","NOBA.ST","343.877","9.17426","Sweden"
"2275","Unitil Corporation","UTL","343.866","53.8","United States"
"2276","SFL Corp","SFL","343.699","12.22","Bermuda"
"2277","Shin Nippon Air Technologies","1952.T","343.638","19.546","Japan"
"2278","S Foods Inc.","2292.T","343.533","18.4855","Japan"
"2279","Bucher Industries","BUCN.SW","343.519","390.339","Switzerland"
"2280","Deutsche Telekom","DTE.DE","343.502","33.1157","Germany"
"2281","WEC Energy Group","WEC","343.378","107.52","United States"
"2282","Burckhardt Compression","BCHN.SW","343.156","641.67","Switzerland"
"2283","Canadian Utilities","CU.TO","343.156","37.9772","Canada"
"2284","China Everbright Bank","601818.SS","343.021","0.452381","China"
"2285","McCormick & Company","MKC","343.013","55.1","United States"
"2286","Mabuchi Motor","6592.T","342.765","10.9558","Japan"
"2287","Realtek","2379.TW","342.538","23.0008","Taiwan"
"2288","Denso","6902.T","342.521","11.9441","Japan"
"2289","Sundrug","9989.T","342.409","23.361","Japan"
"2290","Paradox Interactive","PDX.ST","342.242","15.0735","Sweden"
"2291","Kuaishou Technology","1024.HK","341.988","4.29391","China"
"2292","First Busey","BUSE","341.852","30.13","United States"
"2293","NEC Capital Solutions","8793.T","341.846","26.7933","Japan"
"2294","Sto SE &amp; Co. KGaA","STO3.DE","341.816","109.57","Germany"
"2295","Mitsui Chemicals","4183.T","341.766","13.3998","Japan"
"2296","Daiwa Securities Group","8601.T","341.634","11.4389","Japan"
"2297","Aisan Industry","7283.T","341.597","14.3002","Japan"
"2298","Dior","CDI.PA","341.05","476.957","France"
"2299","IndiaMART","INDIAMART.NS","340.968","18.3493","India"
"2300","FORTEC Elektronik AG","FEV.DE","340.922","13.3465","Germany"
"2301","Suncorp","SUN.AX","340.83","13.5397","Australia"
"2302","Capitol Federal Financial","CFFN","340.647","8.66","United States"
"2303","JD.com","JD","340.599","29.36","China"
"2304","Seanergy Maritime","SHIP","340.575","17.03","Greece"
"2305","ServisFirst Bancshares","SFBS","340.568","43.31","United States"
"2306","Maharah for Human Resources Company","1831.SR","340.555","1.24384","Saudi Arabia"
"2307","Kaldalón","KALD.IC","340.542","0.220472","Iceland"
"2308","Petronet LNG","PETRONET.NS","340.521","3.05803","India"
"2309","Celebrus Technologies","CLBS.L","340.374","1.29074","United Kingdom"
"2310","Praemium Limited","PPS.AX","340.361","0.513576","Australia"
"2311","Red Rock Resorts","RRR","340.204","59.67","United States"
"2312","Algoma Central Corporation","ALC.TO","340.122","17.0756","Canada"
"2313","Julius Bär","BAER.SW","340.114","92.3906","Switzerland"
"2314","TotalEnergies","TTE","340.067","87.13","France"
"2315","MFHC","2886.TW","339.969","1.45409","Taiwan"
"2316","YouGov plc","YOU.L","339.958","3.57332","United Kingdom"
"2317","Northfield Bancorp","NFBK","339.647","15.31","United States"
"2318","Emirates Integrated Telecommunications Company","DU.AE","339.569","3.17486","United Arab Emirates"
"2319","Japan Petroleum Exploration","1662.T","339.339","11.6962","Japan"
"2320","Cosmo Pharmaceuticals","C43.F","339.298","70.4045","Ireland"
"2321","Huhtamäki","HUH1V.HE","339.228","37.5801","Finland"
"2322","Norcros","NXR.L","339.12","4.40551","United Kingdom"
"2323","Acerinox","ACX.MC","338.963","20.7483","Spain"
"2324","BAWAG Group","0B2.F","338.848","208.999","Austria"
"2325","SG Holdings","9143.T","338.755","9.55336","Japan"
"2326","Yang Ming","2609.TW","338.721","1.82431","Taiwan"
"2327","Johnson Matthey","JMAT.L","338.538","30.5172","United Kingdom"
"2328","Yellow Hat","9882.T","338.383","11.1879","Japan"
"2329","Dahua Technology","002236.SZ","338.358","2.42411","China"
"2330","Ibstock plc","IBST.L","338.334","1.19224","United Kingdom"
"2331","Powergrid Corporation of India","POWERGRID.NS","338.228","2.77993","India"
"2332","LPP SA","LPP.WA","338.184","5627.89","Poland"
"2333","MSI (Micro-Star International)","2377.TW","338.136","4.56866","Taiwan"
"2334","Grifols","GRFS","337.975","7.9","Spain"
"2335","Iino Kaiun Kaisha","9119.T","337.532","10.6734","Japan"
"2336","Danone","BN.PA","337.495","75.7198","France"
"2337","Gap Inc.","GAP","337.469","20.15","United States"
"2338","Müller - Die lila Logistik","MLL.DE","337.287","5.05886","Germany"
"2339","True Corporation","TRUE.BK","337.107","0.396462","Thailand"
"2340","Tabuk Cement Company","3090.SR","336.989","1.97097","Saudi Arabia"
"2341","OdontoPrev","ODPV3.SA","336.988","2.92371","Brazil"
"2342","The Navigator Company","NVG.LS","336.71","3.78366","Portugal"
"2343","Nippon Air conditioning Services","4658.T","336.634","9.79494","Japan"
"2344","Essential Utilities","WTRG","336.605","40.76","United States"
"2345","Mitsubishi Research Institute","3636.T","336.577","31.3426","Japan"
"2346","BML, Inc.","4694.T","336.488","22.6833","Japan"
"2347","Multiconsult","MULTI.OL","336.275","15.3597","Norway"
"2348","DMG Mori","6141.T","336.221","19.0691","Japan"
"2349","J.M. Smucker Company","SJM","336.134","130.9","United States"
"2350","Sacyr","SCYR.MC","336.124","5.04488","Spain"
"2351","Xerox","XRX","335.57","2.98","United States"
"2352","Japan Lifeline","7575.T","335.559","9.82631","Japan"
"2353","StepStone Group","STEP","335.476","49.78","United States"
"2354","PZ Cussons plc","PZC.L","335.434","1.41846","United Kingdom"
"2355","Nippon Shinyaku","4516.T","335.372","22.5767","Japan"
"2356","GL Events SA","GLO.PA","335.357","34.2114","France"
"2357","Econocom Group","ECONB.BR","335.356","1.70183","Belgium"
"2358","Hopscotch Global PR Group","ALHOP.PA","335.356","16.96","France"
"2359","Vodafone","VOD","335.006","15.94","United Kingdom"
"2360","COPT Defense Properties","CDP","334.941","37.32","United States"
"2361","Pets at Home","PETS.L","334.864","2.92387","United Kingdom"
"2362","Cathay Financial Holding","2882.TW","334.837","3.22957","Taiwan"
"2363","Evergy","EVRG","334.793","82.23","United States"
"2364","Alma Media","ALMA.HE","334.589","16.2606","Finland"
"2365","Aljazira Takaful Taawuni Company","8012.SR","334.512","3.16953","Saudi Arabia"
"2366","Mitsubishi Steel Mfg.","5632.T","334.274","15.4924","Japan"
"2367","Gielda Papierów Wartosciowych w Warszawie","GPW.WA","334.263","26.8014","Poland"
"2368","H.U. Group Holdings","4544.T","334.084","22.8465","Japan"
"2369","Oneok","OKE","334.036","94.9","United States"
"2370","Heritage Financial","HFWA","334.029","28.74","United States"
"2371","Huadong Medicine (HD Medicine)","000963.SZ","333.674","4.11905","China"
"2372","Bénéteau","BEN.PA","333.635","6.77235","France"
"2373","Seven Bank","8410.T","333.572","2.10833","Japan"
"2374","CPH Group AG","CPHN.SW","333.462","72.9791","Switzerland"
"2375","Tuya Inc.","TUYA","333.333","1.83","China"
"2376","Luberef (Saudi Aramco Base Oil Company)","2223.SR","333.15","35.9302","Saudi Arabia"
"2377","DCC plc","DCC.L","333.115","86.4798","Ireland"
"2378","Arjo AB","ARJO-B.ST","333.042","2.92653","Sweden"
"2379","Colbún","COLBUN.SN","333.002","0.159405","Chile"
"2380","DTE Energy","DTE","332.946","137.71","United States"
"2381","ONE Gas","OGS","332.922","81.1","United States"
"2382","Stanley Black &amp; Decker","SWK","332.799","99.76","United States"
"2383","Iberdrola","IBE.MC","332.744","23.4293","Spain"
"2384","Bahnhof AB","3B7.F","332.726","6.15456","Sweden"
"2385","OP Bancorp (Open Bank)","OPBK","332.668","15.03","United States"
"2386","KONE","KNEBV.HE","332.436","61.9186","Finland"
"2387","gremz, Inc.","3150.T","332.324","15.6179","Japan"
"2388","Japan Securities Finance","8511.T","332.228","15.8062","Japan"
"2389","Sawai Group Holdings","4887.T","332.226","10.1087","Japan"
"2390","Canon","7751.T","332.052","29.4225","Japan"
"2391","ZOZO","3092.T","332.036","7.17208","Japan"
"2392","Southern Company","SO","331.996","89.76","United States"
"2393","Jungfraubahn Holding AG","JFN.SW","331.808","312.768","Switzerland"
"2394","Compagnie Du Mont-Blanc","MLCMB.PA","331.801","291.409","France"
"2395","Steadfast Group","SDF.AX","331.699","4.1948","Australia"
"2396","Shinkin Central Bank","8421.T","331.514","1197.23","Japan"
"2397","Hero MotoCorp","HEROMOTOCO.NS","331.509","58.4058","India"
"2398","Aker ASA","AKER.OL","331.331","171.139","Norway"
"2399","Yamato Kogyo","5444.T","331.219","77.2112","Japan"
"2400","U.S. Bancorp","USB","331.21","62.8","United States"
"2401","Qatar Gas Transport Company","QGTS.QA","331.185","1.18379","Qatar"
"2402","Collins Foods Limited","CKF.AX","331.179","5.91151","Australia"
"2403","Lloyds Banking Group","LYG","331.126","6.04","United Kingdom"
"2404","Indofood CBP","ICBP.JK","330.968","0.447887","Indonesia"
"2405","Posco International","047050.KS","330.825","38.044","South Korea"
"2406","Tristel","TSTL.L","330.774","5.70644","United Kingdom"
"2407","Bar Harbor Bankshares","BHB","330.705","39.31","United States"
"2408","Expand Energy","EXE","330.33","96.57","United States"
"2409","Bank Danamon","BDMN.JK","330.101","0.242817","Indonesia"
"2410","Digia Oyj","DIGIA.HE","329.925","6.48094","Finland"
"2411","Muyuan Foods","002714.SZ","329.708","6.07143","China"
"2412","Kennedy Wilson","KW","329.67","10.92","United States"
"2413","The Pebble Group plc","PEBB.L","329.548","0.806918","United Kingdom"
"2414","Bilfinger","GBF.F","329.413","96.6896","Germany"
"2415","CK Hutchison Holdings","0001.HK","329.277","8.9616","Hong Kong"
"2416","MINISO Group","MNSO","329.247","11.42","China"
"2417","Hankook Tire","161390.KS","329.161","47.5369","South Korea"
"2418","National Aluminum &amp; Alloy","NATIONALUM.NS","329.013","4.07824","India"
"2419","Almunajem Foods Company","4162.SR","329.008","16.1673","Saudi Arabia"
"2420","TGS ASA","TGS.OL","328.999","13.9157","Norway"
"2421","DHL Group (Deutsche Post)","DHL.DE","328.989","65.9517","Germany"
"2422","Caisse Régionale de Crédit Agricole Mutuel Alpes Provence","CRAP.PA","328.619","162.024","France"
"2423","City Developments","C09.SI","328.216","6.61001","Singapore"
"2424","Intercorp Financial Services","IFS","328.048","54.87","Peru"
"2425","Mashreqbank","MASQ.AE","327.983","84.6812","United Arab Emirates"
"2426","Macy's","M","327.783","22.82","United States"
"2427","The North West Company","NWC.TO","327.772","35.438","Canada"
"2428","Flight Centre Travel Group Limited","FLT.AX","327.404","8.75593","Australia"
"2429","Aica Kogyo Company","4206.T","327.378","25.7392","Japan"
"2430","Equity LifeStyle Properties","ELS","327.301","64.65","United States"
"2431","Edison","EDNR.MI","326.971","2.26134","Italy"
"2432","RFA Financial Inc.","RFA.TO","326.601","18.9238","Canada"
"2433","Horizon Bancorp","HBNC","326.531","19.6","United States"
"2434","Vontobel","VONN.SW","326.454","111.579","Switzerland"
"2435","DRI Healthcare Trust","DHT-UN.TO","326.251","12.6999","Canada"
"2436","Emirates NBD Bank PJSC","EMIRATESNBD.AE","326.14","8.34286","United Arab Emirates"
"2437","Canara Bank","CANBK.NS","326.069","1.33864","India"
"2438","Bureau Veritas","BVI.PA","326.002","32.1483","France"
"2439","Shanghai Airport (AVINEX)","600009.SS","325.963","3.49107","China"
"2440","SDIC Power Holdings","600886.SS","325.926","2.06994","China"
"2441","Mixi","2121.T","325.731","22.4951","Japan"
"2442","Prosperity Bancshares","PB","325.671","73.08","United States"
"2443","Seek Limited","SEK.AX","325.584","10.5229","Australia"
"2444","Taiwan Cement","1101.TW","325.509","0.759342","Taiwan"
"2445","AirTAC International","1590.TW","325.435","46.6318","Taiwan"
"2446","Phillips Edison &amp; Company","PECO","325.353","39.68","United States"
"2447","OneSpan","OSPN","325.309","15.37","United States"
"2448","SW Umwelttechnik Stoiser &amp; Wolschner AG","SWUT.VI","325.296","45.4598","Austria"
"2449","Berentzen-Gruppe","BEZ.DE","325.295","3.8466","Germany"
"2450","Al Majed for Oud Company","4165.SR","325.265","32.5742","Saudi Arabia"
"2451","Wacom Co., Ltd.","6727.T","325.052","5.11395","Japan"
"2452","M.P. Evans Group PLC","MPE.L","325.032","23.7769","United Kingdom"
"2453","Aéroports de Paris","ADP.PA","325.01","131.717","France"
"2454","China Longyuan Power Group","0916.HK","325.001","0.711825","China"
"2455","Mouwasat Medical Services Company","4002.SR","324.984","17.4457","Saudi Arabia"
"2456","Central Bank of India","CENTRALBK.NS","324.907","0.320729","India"
"2457","FinecoBank","FBK.MI","324.747","27.544","Italy"
"2458","Arcos Dorados Holdings","ARCO","324.594","8.01","Uruguay"
"2459","Shell","SHEL","324.575","91.11","United Kingdom"
"2460","Alliance Aviation Services","AQZ.AX","324.547","0.64632","Australia"
"2461","Arabian Pipes Company","2200.SR","324.487","1.40365","Saudi Arabia"
"2462","Mativ Holdings","MATV","324.412","12.33","United States"
"2463","Nippon Electric Glass","5214.T","324.239","30.1315","Japan"
"2464","Strabag","XD4.F","324.177","101.76","Austria"
"2465","Ardmore Shipping","ASC","323.91","16.98","Bermuda"
"2466","Hikvision","002415.SZ","323.632","5.25149","China"
"2467","NSD Co., Ltd.","9759.T","323.307","18.131","Japan"
"2468","Global Water Resources","GWRS","323.276","9.28","United States"
"2469","Baazeem Trading Company","4051.SR","323.221","1.48355","Saudi Arabia"
"2470","Totech Corporation","9960.T","323.111","24.1893","Japan"
"2471","Halfords Group","HFD.L","323.058","3.61408","United Kingdom"
"2472","Wärtsilä","WRT1V.HE","323.055","35.3771","Finland"
"2473","Outokumpu","OUT1V.HE","323.028","6.69076","Finland"
"2474","Eisai","4523.T","323.027","30.2445","Japan"
"2475","China Communications Construction","601800.SS","322.913","0.895793","China"
"2476","Nippon Yūsen","9101.T","322.877","43.4968","Japan"
"2477","KT&amp;G (Korea Tobacco)","033780.KS","322.806","126.451","South Korea"
"2478","Daiichi Jitsugyo","8059.T","322.654","23.6559","Japan"
"2479","Koç Holding","KCHOL.IS","322.551","4.45446","Turkey"
"2480","MillerKnoll","MLKN","322.332","23.33","United States"
"2481","MTI Ltd.","9438.T","322.224","3.78997","Japan"
"2482","Brambles","BXB.AX","322.153","14.0425","Australia"
"2483","Johnson Service Group PLC","JSG.L","322.089","1.97925","United Kingdom"
"2484","Sogeclair","ALSOG.PA","322.075","35.4354","France"
"2485","Tech Mahindra","TECHM.NS","322.019","16.5958","India"
"2486","Electrical Industries Company (EIC)","1303.SR","322.017","4.13371","Saudi Arabia"
"2487","Eagers Automotive Limited","APE.AX","321.745","15.9675","Australia"
"2488","Consolidated Edison","ED","321.703","108.05","United States"
"2489","Mengniu Dairy","2319.HK","321.571","2.39699","China"
"2490","CMS Energy","CMS","321.537","69.23","United States"
"2491","Quilter","QLT.L","321.523","2.57469","United Kingdom"
"2492","Zensar","ZENSARTECH.NS","321.515","4.86854","India"
"2493","Mitsubishi HC Capital","8593.T","321.462","8.73764","Japan"
"2494","Prima Meat Packers","2281.T","321.428","15.1975","Japan"
"2495","ARIAKE JAPAN","2815.T","321.397","34.1976","Japan"
"2496","Newag","NWG.WA","321.028","24.5984","Poland"
"2497","Kaspi.kz Joint Stock Company","KKS.F","320.977","107.472","Kazakhstan"
"2498","Penta-Ocean Construction","1893.T","320.919","9.13295","Japan"
"2499","Nippon Kayaku","4272.T","320.918","13.1488","Japan"
"2500","Technip Energies","TE.PA","320.804","35.3654","France"
"2501","Sunstone Hotel Investors","SHO","320.57","11.23","United States"
"2502","Riley Exploration Permian","REPX","320.513","37.44","United States"
"2503","Carlsberg","CARL-B.CO","320.494","137.677","Denmark"
"2504","Restaurant Brands International","QSR","320.464","79.26","Canada"
"2505","Securitas AB","SECU-B.ST","320.396","15.7138","Sweden"
"2506","Brown Forman","BF-A","320.334","28.72","United States"
"2507","Bank of India","BANKINDIA.NS","320.068","1.50885","India"
"2508","Zeal Network","TIMA.F","319.963","49.7727","Germany"
"2509","Westamerica Bancorporation","WABC","319.917","58.14","United States"
"2510","Changjiang Securities","000783.SZ","319.678","1.3869","China"
"2511","Genesis Energy  L.P.","GEL","319.343","16.44","United States"
"2512","Princeton Bancorp","BPRN","319.224","42.29","United States"
"2513","HASEKO Corporation","1808.T","319.221","18.1718","Japan"
"2514","FCR Immobilien","FC9.DE","319.215","12.2392","Germany"
"2515","Indraprastha Gas","IGL.NS","318.969","1.54289","India"
"2516","H&amp;R Block","HRB","318.967","52.67","United States"
"2517","Procter &amp; Gamble India","PGHH.NS","318.879","84.9586","India"
"2518","Bellway","BWY.L","318.737","29.746","United Kingdom"
"2519","PPL","PPL","318.675","35.02","United States"
"2520","Offshore Oil Engineering Co.,Ltd","600583.SS","318.581","0.909226","China"
"2521","Grand City Properties","GYC.DE","318.569","10.7588","Luxembourg"
"2522","ZIM Integrated Shipping Services","ZIM","318.379","27.64","Israel"
"2523","United Bankshares","UBSI","318.23","47.45","United States"
"2524","The Lottery Corporation","TLC.AX","318.05","3.62735","Australia"
"2525","Sakai Moving Service Co.,Ltd.","9039.T","317.885","18.8244","Japan"
"2526","The National Company for Glass Industries","2150.SR","317.802","10.5314","Saudi Arabia"
"2527","Kodiak Gas Services","KGS","317.513","60.47","United States"
"2528","Andritz","AZ2.F","317.456","96.7479","Austria"
"2529","Astellas Pharma","4503.T","317.455","15.003","Japan"
"2530","Mondelez International","MDLZ","317.41","63.01","United States"
"2531","Eastroc Beverage Group","605499.SS","317.305","17.9137","China"
"2532","Daiwa Industries","6459.T","317.073","10.5918","Japan"
"2533","Star Asia Investment Corporation","3468.T","317.025","340.721","Japan"
"2534","Ono Pharmaceutical","4528.T","316.977","15.4109","Japan"
"2535","West Japan Railway","9021.T","316.95","18.7836","Japan"
"2536","EnQuest","ENQ.L","316.627","0.334235","United Kingdom"
"2537","System1 Group","SYS1.L","316.523","4.6195","United Kingdom"
"2538","CATRION Catering Holding Company","6004.SR","316.428","19.3634","Saudi Arabia"
"2539","AkzoNobel","AKZA.AS","316.244","71.1272","Netherlands"
"2540","Anta Sports","2020.HK","316.065","9.92474","China"
"2541","Karoon Energy","KAR.AX","315.862","1.2175","Australia"
"2542","Galliford Try","GFRD.L","315.595","8.43739","United Kingdom"
"2543","MA Financial Group","MAF.AX","315.538","4.43183","Australia"
"2544","Norsk Hydro","NHY.OL","315.436","9.83835","Norway"
"2545","Travel + Leisure","TNL","315.346","73.57","United States"
"2546","Trend Micro","4704.T","315.228","35.8353","Japan"
"2547","Fulton Financial","FULT","315.126","23.8","United States"
"2548","Rexel","RXL.PA","315.055","43.2801","France"
"2549","SEGRO","SGRO.L","314.975","13.0868","United Kingdom"
"2550","Zangge Mining Company","000408.SZ","314.957","11.7307","China"
"2551","Air New Zealand","AIR.NZ","314.897","0.22903","New Zealand"
"2552","UBE Corporation","4208.T","314.833","22.3382","Japan"
"2553","Tower Bersama Infrastructure","TBIG.JK","314.393","0.0842253","Indonesia"
"2554","Nolato AB","NOLA-B.ST","314.178","5.60533","Sweden"
"2555","Kuraray Co., Ltd.","3405.T","314.082","11.4703","Japan"
"2556","ACNB Corporation","ACNB","314.055","64.32","United States"
"2557","Finbar Group Limited","FRI.AX","314.01","0.556673","Australia"
"2558","CVC Limited","CVC.AX","314.008","1.11335","Australia"
"2559","OCBC Bank","O39.SI","313.976","24.3154","Singapore"
"2560","Savills","SVS.L","313.738","14.1846","United Kingdom"
"2561","CVC Capital Partners plc","CVC.AS","313.564","17.0882","Jersey"
"2562","E.ON","EOAN.DE","313.382","20.7192","Germany"
"2563","Civmec Limited","CVL.AX","313.167","1.33961","Australia"
"2564","Ingredion","INGR","313.156","104.74","United States"
"2565","ADLPartner (Dékuple)","DKUPL.PA","312.942","27.6256","France"
"2566","Headwater Exploration","HWX.TO","312.902","10.1859","Canada"
"2567","World Co., Ltd.","3612.T","312.89","10.6358","Japan"
"2568","Croda International","CRDA.L","312.838","47.1643","United Kingdom"
"2569","Reitir fasteignafélag","REITIR.IC","312.723","0.970552","Iceland"
"2570","G5 Entertainment","G5EN.ST","312.439","6.51856","Sweden"
"2571","Valley Bank","VLY","312.278","14.09","United States"
"2572","Hisense Visual Technology","600060.SS","312.236","4.16518","China"
"2573","Ericsson","ERIC","312.127","10.06","Sweden"
"2574","Arriyadh Development Company","4150.SR","311.778","4.29884","Saudi Arabia"
"2575","CJ Cheiljedang Corporation","097950.KS","311.687","135.002","South Korea"
"2576","Kyushu Railway Company","9142.T","311.636","22.5328","Japan"
"2577","Capgemini","CAP.PA","311.551","125.364","France"
"2578","Byggmax Group","BMAX.ST","311.401","5.50036","Sweden"
"2579","Pinnacle Investment Management Group","PNI.AX","310.964","12.5916","Australia"
"2580","Commonwealth Bank","CBA.AX","310.949","111.306","Australia"
"2581","Hua Nan Financial Holdings","2880.TW","310.931","1.23984","Taiwan"
"2582","SD BioSensor","137310.KS","310.87","4.37688","South Korea"
"2583","Avanza Bank","AZA.ST","310.816","42.1449","Sweden"
"2584","MacroWell OMG Digital Entertainment","3687.TWO","310.757","1.9913","Taiwan"
"2585","Bank of Ayudhya","BAY.BK","310.679","1.24276","Thailand"
"2586","Fluidra","FDR.MC","310.6","22.6483","Spain"
"2587","Virginia National Bankshares","VABK","310.479","46.38","United States"
"2588","Berli Jucker (BJC)","BJC.BK","310.419","0.484904","Thailand"
"2589","Shibaura Machine","6104.T","310.335","27.5463","Japan"
"2590","Arrow Financial","AROW","310.118","38.05","United States"
"2591","Synektik Spólka Akcyjna","SNT.WA","310.077","92.0682","Poland"
"2592","lastminute.com","LMN.SW","309.869","14.8937","Netherlands"
"2593","Chugoku Marine Paints","4617.T","309.86","22.903","Japan"
"2594","Valeo","FR.PA","309.805","16.1849","France"
"2595","Peab","PEAB-B.ST","309.743","10.1242","Sweden"
"2596","Medtronic","MDT","309.715","92.02","Ireland"
"2597","Cohen &amp; Steers","CNS","309.612","83.33","United States"
"2598","Challenger Limited","CGF.AX","309.589","6.88838","Australia"
"2599","Tesco","TSCO.L","309.535","6.22546","United Kingdom"
"2600","Hanwa Co., Ltd.","8078.T","309.177","11.8029","Japan"
"2601","Uchida Yoko Co., Ltd.","8057.T","309.064","14.2249","Japan"
"2602","Südwestdeutsche Salzwerke","SSH.F","309.03","69.9382","Germany"
"2603","Vivara","VIVA3.SA","309.009","4.41308","Brazil"
"2604","Keppel","BN4.SI","308.945","9.02581","Singapore"
"2605","Tessenderlo Group","TESB.BR","308.824","27.8587","Belgium"
"2606","Financial Institutions","FISI","308.824","40.8","United States"
"2607","EastGroup Properties","EGP","308.796","200.78","United States"
"2608","EVN Group","EVN.F","308.714","33.1624","Austria"
"2609","Flughafen Wien (Vienna Airport)","FLU.VI","308.47","60.6131","Austria"
"2610","MS&amp;AD Insurance","8725.T","308.194","31.7002","Japan"
"2611","Fernheizwerk Neukölln","FHW.F","308.174","22.1471","Germany"
"2612","Fresh Del Monte Produce","FDP","308.008","29.22","Cayman Islands"
"2613","Associated Banc-Corp","ASB","307.942","30.85","United States"
"2614","Terreno Realty","TRNO","307.829","67.57","United States"
"2615","Tsubakimoto Kogyo","8052.T","307.784","18.3977","Japan"
"2616","Postal Realty Trust","PSTL","307.725","23.82","United States"
"2617","Brenntag","BNR.DE","307.594","69.7051","Germany"
"2618","Essity","ESSITY-B.ST","307.52","29.1708","Sweden"
"2619","Remgro Limited","REM.JO","307.502","11.9939","South Africa"
"2620","THK Co.","6481.T","307.498","42.6936","Japan"
"2621","Freightways","FRW.NZ","307.434","7.88221","New Zealand"
"2622","Emera","EMA.TO","307.421","50.6627","Canada"
"2623","Delignit AG","DLX.DE","307.365","2.96072","Germany"
"2624","Asia Commercial Joint Stock Bank","ACB.VN","307.227","0.8659","Vietnam"
"2625","Zignago Vetro","ZV.MI","307.145","8.12449","Italy"
"2626","Booz Allen Hamilton","BAH","307.112","74.24","United States"
"2627","Indorama Ventures","IVL.BK","307.074","0.680085","Thailand"
"2628","Dine Brands Global","DIN","306.731","35.21","United States"
"2629","Kyokuyo","1301.T","306.656","29.868","Japan"
"2630","NTT (Nippon Telegraph &amp; Telephone)","9432.T","306.631","1.05542","Japan"
"2631","Golden Agri-Resources","E5H.SI","306.619","0.240284","Singapore"
"2632","American Electric Power","AEP","306.42","123.36","United States"
"2633","Rational AG","RAA.F","306.4","742.511","Germany"
"2634","Japan Airlines","9201.T","306.395","19.1318","Japan"
"2635","Patterson-UTI Energy","PTEN","306.383","11.75","United States"
"2636","HMM","011200.KS","306.377","15.5437","South Korea"
"2637","AUB Group","AUB.AX","306.359","21.2254","Australia"
"2638","Nicolás Correa","NEA.MC","306.24","11.2367","Spain"
"2639","Bayer Crop Science","BAYERCROP.NS","306.124","42.604","India"
"2640","Westports","5246.KL","306.055","1.75308","Malaysia"
"2641","Hongkong Land","H78.SI","305.998","8.2","Hong Kong"
"2642","Inwido AB","INWI.ST","305.918","18.338","Sweden"
"2643","Dai-ichi Life Holdings","8750.T","305.703","11.3981","Japan"
"2644","Sempra","SRE","305.582","85.28","United States"
"2645","Zeon Corporation","4205.T","305.545","15.1881","Japan"
"2646","Sun Hung Kai Properties","0016.HK","305.515","15.7546","Hong Kong"
"2647","Aisin Seiki","7259.T","305.464","13.9928","Japan"
"2648","Fiera Milano","FM.MI","305.346","9.29013","Italy"
"2649","Provident Financial Holdings","PROV","305.344","18.34","United States"
"2650","Alerion Clean Power","ARN.MI","305.277","22.4035","Italy"
"2651","Hana Financial Group","086790.KS","305.259","96.813","South Korea"
"2652","First Financial Bank","FFBC","305.157","32.77","United States"
"2653","California Resources Corporation","CRC","305.101","52.54","United States"
"2654","KGI Financial Holding","2883.TW","305.007","1.01298","Taiwan"
"2655","Integral Diagnostics Limited","IDX.AX","304.98","1.67361","Australia"
"2656","Xebio Holdings","8281.T","304.803","7.3415","Japan"
"2657","Andrew Peller","ADW-A.TO","304.797","5.76286","Canada"
"2658","Waterstone Financial","WSBF","304.762","21","United States"
"2659","Sekisui House Reit","3309.T","304.624","466.844","Japan"
"2660","The Hershey Company","HSY","304.505","185.35","United States"
"2661","PCB Bancorp","PCB","304.458","27.59","United States"
"2662","Minor International","MINT.BK","304.332","0.683135","Thailand"
"2663","KITZ Corporation","6498.T","304.257","12.2421","Japan"
"2664","Asahi Group","2502.T","304.101","10.4412","Japan"
"2665","Escalade Sports","ESCA","304.064","19.93","United States"
"2666","Preferred Bank","PFBC","304.054","103.6","United States"
"2667","Bell Food Group","BELL.SW","304.017","279.257","Switzerland"
"2668","Anglo-Eastern Plantations","AEP.L","303.891","2.6467","United Kingdom"
"2669","Cochlear","COH.AX","303.843","98.9513","Australia"
"2670","MEDIA DO Co., Ltd.","3678.T","303.626","8.04427","Japan"
"2671","St. Galler Kantonalbank","SGKN.SW","303.615","804.26","Switzerland"
"2672","Wacker Neuson","WAC.F","303.609","26.46","Germany"
"2673","Maybank","MLYBY","303.571","5.6","Malaysia"
"2674","Scott Technology","SCT.NZ","303.088","1.71327","New Zealand"
"2675","AG Barr","BAG.L","303.061","8.17146","United Kingdom"
"2676","Akbank","AKBNK.IS","303.003","1.52811","Turkey"
"2677","Novartis","NVS","302.971","157.54","Switzerland"
"2678","Philip Morris International","PM","302.937","194.1","United States"
"2679","Luxfer","LXFR","302.854","17.17","United Kingdom"
"2680","Tadano","6395.T","302.78","8.67175","Japan"
"2681","National Bank Holdings","NBHC","302.59","41.31","United States"
"2682","China Merchants Securities","600999.SS","302.465","2.7753","China"
"2683","Westwood Holdings Group","WHG","302.419","19.84","United States"
"2684","Itochu Enex","8133.T","302.239","13.9614","Japan"
"2685","ARE Holdings","5857.T","302.212","25.256","Japan"
"2686","Carlton Investments","CIN.AX","302.144","26.6126","Australia"
"2687","Minera Valparaíso","MINERA.SN","302.027","11.2252","Chile"
"2688","Synsam","SYNSAM.ST","301.9","6.13017","Sweden"
"2689","Banco Comercial Português (Millennium bcp)","BCP.LS","301.892","1.29561","Portugal"
"2690","Hope Bancorp","HOPE","301.724","13.92","United States"
"2691","Waterdrop Inc.","WDH","301.659","0.9945","China"
"2692","Monadelphous Group","MND.AX","301.561","20.4038","Australia"
"2693","Gold Fields","GFI","301.547","47.82","South Africa"
"2694","Odakyu Electric Railway","9007.T","301.275","11.1472","Japan"
"2695","Corebridge Financial","CRBG","301.26","32.53","United States"
"2696","Jefferies Financial Group","JEF","301.148","53.13","United States"
"2697","Diamondrock Hospitality Company","DRH","301.109","12.62","United States"
"2698","TAG Immobilien","TEG.F","300.967","15.1183","Germany"
"2699","Bank of Qingdao (BQD)","002948.SZ","300.947","0.883929","China"
"2700","Perfect World Entertainment","002624.SZ","300.947","1.62054","China"
"2701","What's Cooking Group","WHATS.BR","300.786","170.183","Belgium"
"2702","First Industrial Realty Trust","FR","300.668","62.86","United States"
"2703","CSPC Pharmaceutical Group Limited","1093.HK","300.612","1.23485","China"
"2704","HSC (Ho Chi Minh City Securities Corporation)","HCM.VN","300.578","1.01533","Vietnam"
"2705","Wistron Corporation","3231.TW","300.496","5.65568","Taiwan"
"2706","Imerys","NK.PA","300.457","28.3017","France"
"2707","Stewart Information Services","STC","300.429","69.9","United States"
"2708","Hudco","HUDCO.NS","300.371","1.92678","India"
"2709","Genuine Parts Company","GPC","300.093","139.49","United States"
"2710","Keihan Holdings","9045.T","300.068","20.3491","Japan"
"2711","AEON Financial Service","8570.T","300.031","10.7864","Japan"
"2712","Sonae","SON.LS","299.609","2.3371","Portugal"
"2713","Yancoal","YAL.AX","299.516","4.29536","Australia"
"2714","Xcel Energy","XEL","299.434","77.68","United States"
"2715","Coles Group","COL.AX","299.329","17.0521","Australia"
"2716","American Eagle Outfitters","AEO","299.043","16.72","United States"
"2717","Keikyu Corporation","9006.T","298.82","9.842","Japan"
"2718","Antero Midstream","AM","298.805","22.59","United States"
"2719","First American Financial Corporation","FAF","298.791","73.63","United States"
"2720","NSK Ltd.","6471.T","298.746","6.94932","Japan"
"2721","InvenTrust Properties","IVT","298.745","32.67","United States"
"2722","Indel B S.p.A.","INDB.MI","298.74","22.8465","Italy"
"2723","BKW AG","BKW.SW","298.571","155.515","Switzerland"
"2724","Mitsui Fudosan Logistics Park","3471.T","298.406","670.147","Japan"
"2725","Chugai Pharmaceutical","4519.T","298.365","43.5909","Japan"
"2726","Kamada","KMDA","298.329","8.38","Israel"
"2727","Agrana","AGR.VI","298.306","13.2883","Austria"
"2728","WaFd Bank","WAFD","298.178","36.22","United States"
"2729","Fuji Media Holdings","4676.T","298.065","25.6074","Japan"
"2730","Vicat S.A.","VCT.PA","297.98","75.6498","France"
"2731","RS Group","RS1.L","297.926","10.1969","United Kingdom"
"2732","De' Longhi","DLG.MI","297.783","48.6071","Italy"
"2733","Autohome","ATHM","297.7","22.17","China"
"2734","Community Financial System","CBU","297.657","63.16","United States"
"2735","Alfresa Holdings Corporation","2784.T","297.613","14.3755","Japan"
"2736","Medistim","MEDI.OL","297.577","28.5588","Norway"
"2737","Associated British Foods","ABF.L","297.47","28.0839","United Kingdom"
"2738","Elis","ELIS.PA","297.427","28.2084","France"
"2739","Central Pacific Financial","CPF","297.368","38","United States"
"2740","Premium Water Holdings","2588.T","297.234","23.6246","Japan"
"2741","Coats Group","COA.L","297.21","1.09917","United Kingdom"
"2742","Independent Bank Corp.","INDB","297.173","82.78","United States"
"2743","TFF Group","TFF.PA","297.162","19.1398","France"
"2744","India Motor Parts and Accessories","IMPAL.NS","297.116","11.524","India"
"2745","Mullen Group","MTL.TO","297.008","18.3619","Canada"
"2746","TOCALO Co.,Ltd.","3433.T","297.003","17.4753","Japan"
"2747","Camden National Corporation","CAC","296.925","56.58","United States"
"2748","Hong Kong Exchanges & Clearing","0388.HK","296.904","53.8589","Hong Kong"
"2749","Hexaom","ALHEX.PA","296.847","30.6563","France"
"2750","Showa Sangyo","2004.T","296.841","23.6559","Japan"
"2751","Empire State Realty Trust","ESRT","296.61","4.72","United States"
"2752","Industrial Logistics Properties Trust","ILPT","296.56","8.43","United States"
"2753","Galenica","GALE.SW","296.477","103.015","Switzerland"
"2754","Nederman Holding","NMAN.ST","296.367","13.8349","Sweden"
"2755","Tsubakimoto Chain","6371.T","296.327","16.9858","Japan"
"2756","Galp Energia","GZ5.F","296.003","24.5949","Portugal"
"2757","Procter & Gamble","PG","296","145","United States"
"2758","Semapa","SEM.LS","295.837","24.0121","Portugal"
"2759","Tokyo Century","8439.T","295.782","16.5152","Japan"
"2760","ADT","ADT","295.699","7.44","United States"
"2761","Alfamart","AMRT.JK","295.642","0.0774648","Indonesia"
"2762","National Bank of Greece","ETE.AT","295.617","19.5302","Greece"
"2763","ČEZ Group","CEZ.PR","295.522","66.8573","Czech Republic"
"2764","Selvaag Bolig","SBO.OL","295.307","3.503","Norway"
"2765","Sun Frontier Fudousan","8934.T","295.239","15.7183","Japan"
"2766","Tohoku Electric Power","9506.T","294.997","8.27958","Japan"
"2767","Banco di Desio e della Brianza","BDB.MI","294.786","19.676","Italy"
"2768","Fomento Económico Mexicano (FEMSA)","FMX","294.687","122.91","Mexico"
"2769","Rogers Communications","RCI","294.611","36.93","Canada"
"2770","Fubon Financial","2881.TW","294.526","4.45838","Taiwan"
"2771","Kajima","1812.T","294.396","30.2821","Japan"
"2772","Sekisui Chemical","4204.T","294.216","16.6031","Japan"
"2773","Independent Bank Corporation","IBCP","294.198","36.71","United States"
"2774","MSC Industrial Direct","MSM","294.093","118.33","United States"
"2775","Dierig Holding AG","DIE.DE","293.941","9.67479","Germany"
"2776","Fabasoft","FAA.DE","293.94","19.3496","Austria"
"2777","Romande Energie","REHN.SW","293.889","59.5748","Switzerland"
"2778","Korea Gas","036460.KS","293.606","26.7395","South Korea"
"2779","NW Natural Holdings","NWN","293.511","50.39","United States"
"2780","Sulzer","SUN.SW","293.507","197.714","Switzerland"
"2781","IntegraFin","IHP.L","293.007","5.33281","United Kingdom"
"2782","IBM","IBM","292.774","229.87","United States"
"2783","Dentsply Sirona","XRAY","292.772","10.93","United States"
"2784","Sopra Steria Group","SOP.PA","292.71","207.017","France"
"2785","Kier Group","KIE.L","292.671","3.52169","United Kingdom"
"2786","Donegal Group","DGICA","292.67","19.1","United States"
"2787","Rentokil Initial","RTO","292.662","23.44","United Kingdom"
"2788","Hitachi Construction Machinery","6305.T","292.655","36.513","Japan"
"2789","La-Z-Boy","LZB","292.517","32.34","United States"
"2790","Nexen Tire Corporation","002350.KS","292.47","4.65224","South Korea"
"2791","Shenzhen Transsion Holdings","688036.SS","292.451","8.59077","China"
"2792","Guillemot Corporation","GUI.PA","292.317","5.05886","France"
"2793","Baader Bank","BWB.DE","292.18","7.78646","Germany"
"2794","Foxtons Group","FOXT.L","292.007","0.533294","United Kingdom"
"2795","Takuma Co., Ltd.","6013.T","291.937","19.4518","Japan"
"2796","Motor Oil (Hellas) Corinth Refineries","MOH.AT","291.907","69.7051","Greece"
"2797","Alinma Bank","1150.SR","291.884","6.86643","Saudi Arabia"
"2798","3i Group","III.L","291.811","38.3962","United Kingdom"
"2799","Prologis","PLD","291.746","142.59","United States"
"2800","Carter's","CRI","291.715","34.28","United States"
"2801","Caisse Régionale de Crédit Agricole Mutuel du Languedoc","CRLA.PA","291.682","104.336","France"
"2802","Bridgepoint Group plc","BPT.L","291.58","4.27388","United Kingdom"
"2803","Sarana Menara Nusantara","TOWR.JK","291.34","0.0264789","Indonesia"
"2804","Hasbro","HAS","290.788","96.29","United States"
"2805","Akatsuki Inc","3932.T","290.673","24.1579","Japan"
"2806","Technogym","TGYM.MI","290.624","14.9435","Italy"
"2807","Air Water Inc.","4088.T","290.541","15.7623","Japan"
"2808","Vanguard International Semiconductor","5347.TWO","290.527","4.7577","Taiwan"
"2809","Borregaard","BRG.OL","290.381","16.793","Norway"
"2810","Fifth Third Bank","FITB","290.381","55.1","United States"
"2811","Dai-Dan","1980.T","290.241","17.5318","Japan"
"2812","Johnson Outdoors","JOUT","290.237","45.48","United States"
"2813","PNC Financial Services","PNC","290.187","244.67","United States"
"2814","Xenia Hotels &amp; Resorts","XHR","290.155","19.3","United States"
"2815","Tokuyama Corporation","4043.T","290.051","25.2623","Japan"
"2816","GOLDCREST Co.,Ltd.","8871.T","290.051","21.0519","Japan"
"2817","Meeza QSTP LLC (Public)","MEZA.QA","289.805","0.807692","Qatar"
"2818","Shimizu Corporation","1803.T","289.764","15.1724","Japan"
"2819","Knights Group","KGH.L","289.73","2.28933","United Kingdom"
"2820","Brembo","BRE.MI","289.68","11.7805","Italy"
"2821","Inabata &amp; Co.,Ltd.","8098.T","289.673","26.9816","Japan"
"2822","CAR Group (Carsales)","CAR.AX","289.649","20.2773","Australia"
"2823","Deutsche Bank","DB","289.585","40.23","Germany"
"2824","Moncler","MONC.MI","289.58","55.1929","Italy"
"2825","IT Link SA","ALITL.PA","289.579","19.641","France"
"2826","Lovisa Holdings","LOV.AX","289.496","19.3219","Australia"
"2827","Petrobras","PBR","289.414","17.76","Brazil"
"2828","Holmen","HOLM-B.ST","289.341","33.7789","Sweden"
"2829","Hydratec Industries","HYDRA.AS","289.151","314.722","Netherlands"
"2830","Enel Américas","ENELAM.SN","289.123","0.0969576","Chile"
"2831","Yuasa Trading","8074.T","288.895","40.1586","Japan"
"2832","TXNM Energy","TXNM","288.843","57.54","United States"
"2833","Ernst Russ","ERAG.DE","288.382","9.8846","Germany"
"2834","Oma Säästöpankki","OMASP.HE","288.381","19.7459","Finland"
"2835","Starts Corporation","8850.T","288.332","29.6484","Japan"
"2836","China Three Gorges Renewables","600905.SS","288.328","0.553571","China"
"2837","Fountaine Pajot","ALFPC.PA","288.304","99.4288","France"
"2838","Mitsuuroko Group Holdings","8131.T","288.138","13.9865","Japan"
"2839","NS United Kaiun Kaisha","9110.T","288.126","65.697","Japan"
"2840","Maruzen","5982.T","287.905","26.511","Japan"
"2841","Hornbach Holding","HBH.DE","287.729","94.7663","Germany"
"2842","PagSeguro","PAGS","287.611","9.04","Brazil"
"2843","Nippon Seiki","7287.T","287.481","16.9921","Japan"
"2844","U.S. Global Investors","GROW","287.425","3.34","United States"
"2845","Caisse Régionale de Crédit Agricole du Morbihan","CMO.PA","287.328","131.834","France"
"2846","NBT Bancorp","NBTB","287.323","51.51","United States"
"2847","Sojitz Corporation","2768.T","287.287","35.0698","Japan"
"2848","Southern Petrochemical Industries Corp","SPIC.NS","287.224","0.727977","India"
"2849","Nisshin Seifun Group","2002.T","287.198","12.7566","Japan"
"2850","Inditex","ITX.MC","287.137","67.98","Spain"
"2851","Vente-Unique.com","ALVU.PA","287.025","19.8158","France"
"2852","CEWE","CWC.F","287.025","118.895","Germany"
"2853","Uzin Utz","UZU.DE","287.024","75.3002","Germany"
"2854","S&amp;T Bancorp","STBA","286.803","49.86","United States"
"2855","NTN Corporation","6472.T","286.519","2.34426","Japan"
"2856","Sankyu","9065.T","286.144","52.4949","Japan"
"2857","Obayashi","1802.T","286.117","18.7804","Japan"
"2858","Unibep","UNI.WA","285.986","3.6438","Poland"
"2859","Carlyle Group","CG","285.773","48.99","United States"
"2860","Roche","RO.SW","285.722","463.194","Switzerland"
"2861","Keurig Dr Pepper","KDP","285.67","32.205","United States"
"2862","naturenergie holding","NEAG.SW","285.593","38.4754","Switzerland"
"2863","Hokkaido Gas","9534.T","285.526","5.23945","Japan"
"2864","The Greenbrier Companies","GBX","285.467","46.24","United States"
"2865","Indian Energy Exchange","IEX.NS","285.317","1.27925","India"
"2866","Toyo Seikan Group Holdings","5901.T","285.068","28.2742","Japan"
"2867","Viatris","VTRS","284.866","16.85","United States"
"2868","Hokkaido Electric Power Company","9509.T","284.772","6.86148","Japan"
"2869","Compagnie Financière Tradition","CFT.SW","284.713","321.62","Switzerland"
"2870","Orion Properties","ONL","284.698","2.81","United States"
"2871","Talanx","TLX.DE","284.469","144.539","Germany"
"2872","Guangdong HAID Group","002311.SZ","284.376","6.75595","China"
"2873","Principal Financial Group","PFG","284.288","112.21","United States"
"2874","Banner Bank","BANR","284.252","70.36","United States"
"2875","Sweco","SWEC-A.ST","284.246","13.5934","Sweden"
"2876","Federal Agricultural Mortgage Corporation","AGM","284.221","218.14","United States"
"2877","Kaga Electronics","8154.T","284.159","31.4994","Japan"
"2878","Westlake Corporation","WLK","284.144","74.61","United States"
"2879","Thob Al Aseel Company","4012.SR","284.144","0.937542","Saudi Arabia"
"2880","Srisawad Corporation","SAWAD.BK","284.044","0.73193","Thailand"
"2881","United Community Bank","UCB","283.93","35.22","United States"
"2882","Bystronic AG","BYS.SW","283.9","176.242","Switzerland"
"2883","Thai Oil","TOP.BK","283.879","1.89082","Thailand"
"2884","Hypothekarbank Lenzburg","HBLN.SW","283.763","5138.32","Switzerland"
"2885","Siyaram Silk Mills","SIYSIL.NS","283.647","5.89766","India"
"2886","JTEKT Corporation","6473.T","283.364","12.9292","Japan"
"2887","technotrans","TTR1.DE","283.211","33.1041","Germany"
"2888","Douglas Dynamics","PLOW","283.177","41.67","United States"
"2889","Banco do Brasil","BBAS3.SA","283.13","3.79486","Brazil"
"2890","KDDI","9433.T","282.982","18.0745","Japan"
"2891","Kohl's","KSS","282.965","17.67","United States"
"2892","CTT - Correios De Portugal","CTT.LS","282.865","7.62909","Portugal"
"2893","Longfor Group","0960.HK","282.789","0.85215","China"
"2894","LVMH","MC.PA","282.614","525.527","France"
"2895","Nextera Energy","NEE","282.593","84.22","United States"
"2896","Elecom","6750.T","282.567","12.3174","Japan"
"2897","China Galaxy Securities","601881.SS","282.367","1.83185","China"
"2898","PrairieSky Royalty","PSK.TO","282.224","26.3507","Canada"
"2899","ACTIA Group","ALATI.PA","282.183","4.83739","France"
"2900","Hansen Technologies","HSN.AX","282.154","2.47809","Australia"
"2901","CVS Health","CVS","282.019","94.32","United States"
"2902","Eidesvik Offshore","EIOF.OL","281.96","1.82905","Norway"
"2903","EOG Resources","EOG","281.69","144.84","United States"
"2904","Sumitomo Seika Chemicals Company","4008.T","281.686","9.83259","Japan"
"2905","China Coal Energy Company Limited","601898.SS","281.663","2.2247","China"
"2906","TV TOKYO Holdings","9413.T","281.655","21.6794","Japan"
"2907","Fnac Darty","FNAC.PA","281.641","40.331","France"
"2908","Shin-Etsu Polymer","7970.T","281.518","14.0806","Japan"
"2909","Elvalhalcor Hellenic Copper and Aluminium Industry","ELHA.AT","281.448","4.41194","Greece"
"2910","Shoei Co., Ltd.","7839.T","281.418","13.0186","Japan"
"2911","Strategic Education","STRA","281.327","85.31","United States"
"2912","Chatham Lodging Trust","CLDT","281.273","13.51","United States"
"2913","Teijin Limited","3401.T","281.248","10.8554","Japan"
"2914","Itoki Corporation","7972.T","281.248","16.2831","Japan"
"2915","Macerich","MAC","281.224","24.18","United States"
"2916","Judges Scientific plc","JDG.L","281.099","53.7357","United Kingdom"
"2917","Palfinger","PFI.F","281.053","36.4262","Austria"
"2918","VIEL &amp; Cie","VIL.PA","280.904","21.9606","France"
"2919","Stanley Electric","6923.T","280.889","22.6081","Japan"
"2920","Ames National Corp.","ATLO","280.881","31.33","United States"
"2921","Fabege AB","FABG.ST","280.812","7.66796","Sweden"
"2922","Great-West Lifeco","GWO.TO","280.704","65.0122","Canada"
"2923","SSE","SSE.L","280.519","32.5675","United Kingdom"
"2924","Enea","ENA.WA","280.225","5.2846","Poland"
"2925","Caisse Régionale de Crédit Agricole Mutuel Loire Haute-Loire","CRLO.PA","280.205","117.729","France"
"2926","Kohnan Shoji","7516.T","280.189","28.3307","Japan"
"2927","KEPCO","9503.T","280.169","16.3458","Japan"
"2928","Bonheur ASA","BONHR.OL","280.159","26.8474","Norway"
"2929","Park National Corp","PRK","280.144","199.54","United States"
"2930","KCC Corp","002380.KS","279.948","340.222","South Korea"
"2931","General Insurance Corporation of India","GICRE.NS","279.914","3.68807","India"
"2932","Lifevantage","LFVN","279.879","6.61","United States"
"2933","Mainova","MNV6.F","279.857","440.611","Germany"
"2934","Glacier Bancorp","GBCI","279.78","47.18","United States"
"2935","Darden Restaurants","DRI","279.695","218.81","United States"
"2936","iFOREX","IFRX.L","279.489","1.97008","Guernsey"
"2937","Nichols plc","NICL.L","279.409","15.7607","United Kingdom"
"2938","First Financial Holding","2892.TW","279.331","1.05079","Taiwan"
"2939","Yuanta Financial Holding","2885.TW","279.284","1.9913","Taiwan"
"2940","Foxconn (Hon Hai Precision Industry)","2317.TW","279.073","7.94001","Taiwan"
"2941","Accor","AC.PA","279.06","54.8549","France"
"2942","Kurabo Industries","3106.T","278.943","67.203","Japan"
"2943","Lemonsoft","LEMON.HE","278.825","5.82818","Finland"
"2944","National Shipping Company of Saudi Arabia (Bahri)","4030.SR","278.759","9.55653","Saudi Arabia"
"2945","Home BancShares","HOMB","278.337","29.82","United States"
"2946","Groupe CRIT","CEN.PA","278.294","61.3125","France"
"2947","Community Trust Bancorp","CTBI","278.142","76.22","United States"
"2948","Iron Mountain","IRM","278.103","121.43","United States"
"2949","Tokio Marine","8766.T","278.072","47.8703","Japan"
"2950","Target","TGT","277.981","164.04","United States"
"2951","Marriott Vacations Worldwide","VAC","277.923","114.78","United States"
"2952","Mitsui O.S.K. Lines","9104.T","277.914","43.9423","Japan"
"2953","HIAG Immobilien","HIAG.SW","277.842","162.093","Switzerland"
"2954","Cellnex Telecom","CLNX.MC","277.824","30.6096","Spain"
"2955","Kühne + Nagel","KNIN.SW","277.623","266.721","Switzerland"
"2956","Guotai Junan Securities","601211.SS","277.255","2.66518","China"
"2957","Kforce","KFRC","277.193","57","United States"
"2958","Radian Group","RDN","277.099","36.81","United States"
"2959","First Financial","THFF","276.97","79.07","United States"
"2960","Summerset Holdings","SUM.NZ","276.948","5.1041","New Zealand"
"2961","IVF Hartmann","VBSN.SW","276.897","161.969","Switzerland"
"2962","Mondi","MNDI.L","276.812","11.7553","United Kingdom"
"2963","Sime Darby Plantation","5285.KL","276.755","1.60388","Malaysia"
"2964","Pinnacle West Capital","PNW","276.624","98.69","United States"
"2965","Home Depot","HD","276.542","334.85","United States"
"2966","Tokyo Metro","9023.T","276.529","9.27413","Japan"
"2967","Fujimori Kogyo","7917.T","276.498","7.95015","Japan"
"2968","Victorian Plumbing Group","VIC.L","276.463","1.01945","United Kingdom"
"2969","Southwest Gas","SWX","276.46","90.61","United States"
"2970","Bridgestone","5108.T","276.455","25.9525","Japan"
"2971","StarragTornos Group","STGN.SW","276.325","42.447","Switzerland"
"2972","Horace Mann Educators","HMN","276.157","51.42","United States"
"2973","Takeuchi Mfg. Co., Ltd.","6432.T","276.093","48.6296","Japan"
"2974","Kinder Morgan","KMI","276.077","32.02","United States"
"2975","FuRyu","6238.T","276.063","8.84745","Japan"
"2976","MDU Resources","MDU","275.998","20.29","United States"
"2977","Alexander &amp; Baldwin","ALEX","275.912","20.84","United States"
"2978","Sonaecom","SNC.LS","275.759","3.45029","Portugal"
"2979","Amcor","AMCR","275.716","47.15","Switzerland"
"2980","BankUnited","BKU","275.624","46.44","United States"
"2981","Penguin International Limited","BTM.SI","275.536","1.41643","Singapore"
"2982","BGF Retail","282330.KS","275.534","101.233","South Korea"
"2983","Williams Companies","WMB","275.501","74.41","United States"
"2984","Buenaventura Mining Company","BVN","275.459","35.94","Peru"
"2985","Makita","6586.T","275.411","33.2564","Japan"
"2986","Bonduelle","BON.PA","275.364","10.4441","France"
"2987","McDonald","MCD","275.353","266.93","United States"
"2988","MGP Ingredients","MGPI","275.229","17.44","United States"
"2989","Nova Klúbburinn","NOVA.IC","274.942","0.0293411","Iceland"
"2990","Taikisha","1979.T","274.822","24.4403","Japan"
"2991","Intertek","ITRK.L","274.803","79.8123","United Kingdom"
"2992","AEON REIT Investment","3292.T","274.801","755.484","Japan"
"2993","Faes Farma","FAE.MC","274.534","5.29199","Spain"
"2994","Bravida Holding","BRAV.ST","274.489","14.2862","Sweden"
"2995","HNI Corporation","HNI","274.439","49.92","United States"
"2996","Interparfums","IPAR","274.278","116.67","United States"
"2997","Kokuyo","7984.T","274.265","5.62158","Japan"
"2998","GB Group (GBG)","GBG.L","274.187","2.12497","United Kingdom"
"2999","Compagnie de Saint-Gobain","SGO.PA","274.058","94.673","France"
"3000","Taiwan Cooperative Financial","5880.TW","274.019","0.789275","Taiwan"
"3001","FPT Corporation","FPT.VN","274.007","2.76628","Vietnam"
"3002","KSB SE &amp; Co. KGaA","KSB.DE","273.951","1107.36","Germany"
"3003","Power Corporation of Canada","POW.TO","273.923","66.2441","Canada"
"3004","Berner Kantonalbank","BEKN.SW","273.817","484.045","Switzerland"
"3005","İşbir Holding","ISBIR.IS","273.75","1.54265","Turkey"
"3006","Global Industrial Company","GIC","273.626","39.47","United States"
"3007","Userjoy Technology","3546.TWO","273.528","2.25912","Taiwan"
"3008","Geely","0175.HK","273.467","2.33448","China"
"3009","Saibu Gas Holdings","9536.T","273.458","15.6305","Japan"
"3010","Kontoor Brands","KTB","273.387","77.18","United States"
"3011","Keio Corporation","9008.T","273.279","4.91567","Japan"
"3012","Gr. Sarantis S.A.","SAR.AT","273.115","16.4355","Greece"
"3013","Gérard Perrier Industrie S.A.","PERR.PA","273.057","95.8154","France"
"3014","TF Bank AB","TFBANK.ST","272.979","18.8323","Sweden"
"3015","Alps Alpine Co., Ltd.","6770.T","272.817","13.8767","Japan"
"3016","PAL GROUP Holdings","2726.T","272.801","9.37453","Japan"
"3017","Tencent Music Entertainment","TME","272.727","8.8","China"
"3018","NRC Health","NRC","272.727","22","United States"
"3019","Permian Resources","PR","272.527","22.75","United States"
"3020","Miko Group","MIKO.BR","272.374","78.0977","Belgium"
"3021","W. R. Berkley","WRB","272.317","68.67","United States"
"3022","Japan Pulp and Paper Company","8032.T","272.314","7.62386","Japan"
"3023","Gakken Holdings","9470.T","272.304","6.45675","Japan"
"3024","Audax Renovables","ADX.MC","272.197","1.40809","Spain"
"3025","Warner Music Group","WMG","272.109","27.93","United States"
"3026","Swiss Prime Site","SPSN.SW","271.959","156.756","Switzerland"
"3027","Linedata Services","LIN.PA","271.707","50.239","France"
"3028","BIPROGY","8056.T","271.705","29.2154","Japan"
"3029","Coop Pank AS","CPA1T.TL","271.66","2.72176","Estonia"
"3030","Formosa Taffeta","1434.TW","271.633","0.568719","Taiwan"
"3031","Archrock","AROC","271.55","31.67","United States"
"3032","Farmers &amp; Merchants Bancorp","FMAO","271.517","33.81","United States"
"3033","SBI Holdings","8473.T","271.503","21.3656","Japan"
"3034","Tsuburaya Fields Holdings","2767.T","271.389","15.7497","Japan"
"3035","Sibanye-Stillwater","SBSW","271.299","12.09","South Africa"
"3036","Kuala Lumpur Kepong","2445.KL","271.267","5.44573","Malaysia"
"3037","Regis Healthcare","REG.AX","271.135","4.41747","Australia"
"3038","Ameren","AEE","270.998","107.75","United States"
"3039","Rinnai Corporation","5947.T","270.687","22.5579","Japan"
"3040","Levi Strauss &amp; Co.","LEVI","270.649","21.43","United States"
"3041","The Rank Group","RNK.L","270.59","1.45107","United Kingdom"
"3042","Yurtec Corporation","1934.T","270.52","16.2517","Japan"
"3043","Sanlorenzo","SL.MI","270.506","44.0611","Italy"
"3044","Mahanagar Gas","MGL.NS","270.473","11.5073","India"
"3045","Caisse régionale de Crédit Agricole Mutuel d'Ille-et-Vilaine","CIV.PA","270.436","140.226","France"
"3046","H2O America","HTO","270.1","63.68","United States"
"3047","Orrstown Financial Services","ORRF","270.014","42.22","United States"
"3048","Cham Swiss Properties AG","CHAM.SW","269.998","29.0427","Switzerland"
"3049","Izumi Co., Ltd.","8273.T","269.812","6.78932","Japan"
"3050","Lion Finance Group PLC","BGEO.L","269.791","179.889","United Kingdom"
"3051","Shoe Carnival","SCVL","269.65","17.43","United States"
"3052","Zoetis","ZTS","269.608","77.52","United States"
"3053","Macquarie Group Limited","MQG.AX","269.534","181.588","Australia"
"3054","Tokyo Electron Device Limited","2760.T","269.527","25.3815","Japan"
"3055","Lundbeck","HLUN-B.CO","269.432","6.45687","Denmark"
"3056","Smurfit Westrock","SW","269.37","49.56","Ireland"
"3057","Befesa","BFSA.DE","269.21","42.6915","Luxembourg"
"3058","Kalmar Oyj","KALMAR.HE","269.176","46.6721","Finland"
"3059","Caisse Régionale de Crédit Agricole Mutuel Nord de France","CNDF.PA","269.1","35.616","France"
"3060","ElringKlinger","ZIL2.DE","269.086","6.37603","Germany"
"3061","Greif","GEF","268.974","85.51","United States"
"3062","Mitani Corporation","8066.T","268.925","22.0245","Japan"
"3063","USS Co., Ltd.","4732.T","268.769","12.4272","Japan"
"3064","Caisse régionale de Crédit Agricole Mutuel Atlantique Vendée","CRAV.PA","268.757","165.52","France"
"3065","Union Bank of India","UNIONBANK.NS","268.753","1.93223","India"
"3066","ALSO Holding","ALSN.SW","268.747","240.781","Switzerland"
"3067","LNA Santé","LNA.PA","268.721","40.5642","France"
"3068","Vaibhav Global","VAIBHAVGBL.NS","268.635","2.32743","India"
"3069","Tractor Supply","TSCO","268.495","35.01","United States"
"3070","Henkel","HEN3.DE","268.485","87.7492","Germany"
"3071","Samsung Fire & Marine Insurance Co., Ltd.","000810.KS","268.432","494.21","South Korea"
"3072","Sun TV Network","SUNTV.NS","268.333","4.87012","India"
"3073","Paychex","PAYX","268.258","124.88","United States"
"3074","Credit Saison","8253.T","268.191","29.5982","Japan"
"3075","AEGON","AEG","268.187","9.21","Netherlands"
"3076","PSP Swiss Property","PSPN.SW","268.162","179.717","Switzerland"
"3077","Clarus","CLAR","268.097","3.73","United States"
"3078","POOLCORP","POOL","268.075","188.38","United States"
"3079","John Wiley &amp; Sons","WLY","267.84","53.11","United States"
"3080","PHC Holdings Corporation","6523.T","267.656","9.5816","Japan"
"3081","Tompkins Financial","TMP","267.583","97.54","United States"
"3082","Huatai Securities","601688.SS","267.579","2.87202","China"
"3083","Hyundai Glovis","086280.KS","267.577","147.466","South Korea"
"3084","IDOM Inc.","7599.T","267.514","8.12585","Japan"
"3085","Gestamp Automoción","GEST.MC","267.452","3.4328","Spain"
"3086","Minto Apartment Real Estate Investment Trust","MI-UN.TO","267.256","12.9592","Canada"
"3087","Thor Industries","THO","267.18","77.85","United States"
"3088","Smith & Nephew","SNN","266.894","29.3","United Kingdom"
"3089","IGM Financial","IGM.TO","266.855","63.2041","Canada"
"3090","NTPC Limited","NTPC.NS","266.817","3.44506","India"
"3091","Energisa S.A.","ENGI3.SA","266.633","2.28608","Brazil"
"3092","SIMPAR","SIMH3.SA","266.616","1.25588","Brazil"
"3093","Kennametal","KMT","266.578","30.01","United States"
"3094","The Shibusawa Warehouse","9304.T","266.507","13.4343","Japan"
"3095","Empresas Copec","COPEC.SN","266.398","7.20335","Chile"
"3096","Haw Par","H02.SI","266.345","11.6541","Singapore"
"3097","Qatar International Islamic Bank","QIIK.QA","266.299","2.98626","Qatar"
"3098","Ferrotec Holdings Corporation","6890.T","266.271","59.5477","Japan"
"3099","The Chugoku Electric Power","9504.T","266.257","6.19196","Japan"
"3100","Muninova Holdings","547A.T","266.202","2.8362","Japan"
"3101","Create SD Holdings","3148.T","266.177","21.3343","Japan"
"3102","Thermador Groupe","THEP.PA","266.151","88.2387","France"
"3103","Trustco Bank","TRST","266.06","57.13","United States"
"3104","TriCo Bancshares","TCBK","265.928","54.15","United States"
"3105","Mitsubishi Chemical Holdings","4188.T","265.926","7.34777","Japan"
"3106","Kawai Musical Instruments Manufacturing","7952.T","265.65","21.8363","Japan"
"3107","JCDecaux","DEC.PA","265.63","27.7888","France"
"3108","The People's Insurance Company (PICC)","601319.SS","265.573","1.06845","China"
"3109","Aluminum Corporation of China","601600.SS","265.52","1.43601","China"
"3110","UOL Group","U14.SI","265.518","7.27888","Singapore"
"3111","F.N.B. Corporation","FNB","265.439","18.46","United States"
"3112","Piper Sandler","PIPR","265.314","74.44","United States"
"3113","Bank of the Philippine Islands","BPHLY","265.313","31.51","Philippines"
"3114","Tosei Corporation","8923.T","265.299","11.508","Japan"
"3115","AMAG Austria Metall","AM8.F","265.186","32.1716","Austria"
"3116","ATCO","ACO-X.TO","265.16","54.7039","Canada"
"3117","Acciona","ANA.MC","265.125","246.882","Spain"
"3118","Orica","ORI.AX","264.846","15.9722","Australia"
"3119","Vátryggingafélag Íslands","SKAGI.IC","264.804","0.120289","Iceland"
"3120","AmRest","EAT.MC","264.775","2.92575","Spain"
"3121","AB Zemaitijos pienas","ZMP1L.VS","264.775","3.00734","Lithuania"
"3122","Seika Corporation","8061.T","264.561","19.7342","Japan"
"3123","S.F. Express","002352.SZ","264.556","4.97173","China"
"3124","Employers Holdings","EIG","264.496","49.15","United States"
"3125","TKH Group","TWEKA.AS","264.335","58.6315","Netherlands"
"3126","Harley-Davidson","HOG","264.273","27.85","United States"
"3127","South Bow","SOBO","264.201","37.85","Canada"
"3128","InterRent Real Estate Investment Trust","IIP-UN.TO","264.194","9.75364","Canada"
"3129","York Water","YORW","264.112","34.19","United States"
"3130","Kaneka Corporation","4118.T","264.094","38.7343","Japan"
"3131","Ricoh Leasing Company","8566.T","263.969","42.794","Japan"
"3132","Global Power Synergy","GPSC.BK","263.943","1.6316","Thailand"
"3133","Nohmi Bosai Ltd.","6744.T","263.743","26.8561","Japan"
"3134","Bid Corp","BID.JO","263.74","27.1888","South Africa"
"3135","Shaftesbury Capital","SHC.L","263.527","1.99997","United Kingdom"
"3136","The Kiyo Bank","8370.T","263.474","31.7504","Japan"
"3137","Zions Bancorporation","ZION","263.466","68.32","United States"
"3138","Svenska Cellulosa Aktiebolaget (SCA)","SCA-B.ST","263.305","11.6883","Sweden"
"3139","MOIL","MOIL.NS","263.045","2.74065","India"
"3140","Goodman Property Trust","GMT.NZ","262.989","1.12303","New Zealand"
"3141","Commerzbank","CBK.F","262.977","46.812","Germany"
"3142","Daiichi Sankyō","4568.T","262.96","18.1122","Japan"
"3143","Husqvarna","HUSQ-A.ST","262.951","3.94682","Sweden"
"3144","United Wire Factories Company","1301.SR","262.93","5.07658","Saudi Arabia"
"3145","ABC-Mart","2670.T","262.864","17.4219","Japan"
"3146","Nongfu Spring","9633.HK","262.738","5.47774","China"
"3147","Howden Joinery","HWDN.L","262.571","11.08","United Kingdom"
"3148","Inpex","1605.T","262.46","24.1956","Japan"
"3149","SBI Shinsei Bank","8303.T","262.33","9.77612","Japan"
"3150","DSM-Firmenich","DSFIR.AS","262.277","107.891","Switzerland"
"3151","Arca Continental","AC.MX","262.098","11.5364","Mexico"
"3152","Banque Cantonale du Jura","BCJ.SW","261.898","95.5679","Switzerland"
"3153","Apogee Enterprises","APOG","261.87","40.86","United States"
"3154","First Commonwealth Financial Corp","FCF","261.768","20.82","United States"
"3155","Chartwell Retirement Residences","CSH-UN.TO","261.665","15.2932","Canada"
"3156","Caisse Régionale de Crédit Agricole Mutuel Sud Rhône Alpes","CRSU.PA","261.487","272.759","France"
"3157","The Okinawa Electric Power Company","9511.T","261.484","7.33522","Japan"
"3158","Amadeus IT Group","AMS.MC","261.458","67.0008","Spain"
"3159","Al-Jouf Agricultural Development","6070.SR","261.242","10.7178","Saudi Arabia"
"3160","Foster Electric Company","6794.T","261.065","18.7114","Japan"
"3161","T&amp;D Holdings","8795.T","260.944","30.4202","Japan"
"3162","Wesfarmers","WES.AX","260.937","57.0751","Australia"
"3163","Italian Wine Brands","IWB.MI","260.932","21.7741","Italy"
"3164","Construtora Tenda S.A.","TEND3.SA","260.92","6.23275","Brazil"
"3165","Value Line","VALU","260.824","38.34","United States"
"3166","Pet Valu","PET.TO","260.8","13.5787","Canada"
"3167","Sysco","SYY","260.598","83.27","United States"
"3168","Bunzl","BNZL.L","260.587","37.6897","United Kingdom"
"3169","RPC, Inc.","RES","260.586","6.14","United States"
"3170","First Horizon Corporation","FHN","260.48","24.57","United States"
"3171","Schindler Group","SCHN.SW","260.282","319.594","Switzerland"
"3172","Matador Resources","MTDR","260.271","55.25","United States"
"3173","STRATEC","SBS.F","260.236","26.2268","Germany"
"3174","Mitsubishi Motors","7211.T","260.054","2.34802","Japan"
"3175","RELX","RELX","260.045","35.34","United Kingdom"
"3176","Japan Exchange Group","8697.T","259.841","14.3347","Japan"
"3177","Vtech","0303.HK","259.84","6.46766","Hong Kong"
"3178","AbbVie","ABBV","259.795","262.9","United States"
"3179","Otsuka","4768.T","259.682","22.3382","Japan"
"3180","Morita Holdings Corporation","6455.T","259.595","15.7623","Japan"
"3181","Beijing Yanjing Brewery","000729.SZ","259.529","1.70833","China"
"3182","Wan Hai Lines","2615.TW","259.189","3.57615","Taiwan"
"3183","Ottogi","007310.KS","259.186","236.235","South Korea"
"3184","VF Corporation","VFC","259.179","13.89","United States"
"3185","Bank of Maharashtra","MAHABANK.NS","259.004","0.884047","India"
"3186","Games Workshop Group","GAW.L","258.99","249.589","United Kingdom"
"3187","Forbo Holding","FORN.SW","258.873","1175.36","Switzerland"
"3188","Colgate-Palmolive India","COLPAL.NS","258.758","19.3244","India"
"3189","Pattern S.p.A.","PTR.MI","258.757","3.07728","Italy"
"3190","Punjab National Bank","PNB.NS","258.664","1.20865","India"
"3191","Mindray","300760.SZ","258.656","24.1116","China"
"3192","National Fuel Gas","NFG","258.621","83.52","United States"
"3193","Wakou Shokuhin","2813.T","258.606","24.7227","Japan"
"3194","Luceco plc","LUCE.L","258.593","3.05702","United Kingdom"
"3195","Hexaware Technologies","HEXT.NS","258.398","5.77878","India"
"3196","Sierra Bancorp","BSRR","258.293","39.49","United States"
"3197","OSG Corporation","6136.T","258.281","23.405","Japan"
"3198","AIA","1299.HK","258.249","9.5229","Hong Kong"
"3199","Aalberts","AALB.AS","258.231","50.7285","Netherlands"
"3200","Sotetsu Holdings","9003.T","258.122","16.5592","Japan"
"3201","Woodside Energy","WDS","258.093","22.86","Australia"
"3202","Autoneum Holding","AUTN.SW","258.024","151.667","Switzerland"
"3203","Asset World Corp","AWC.BK","257.977","0.0927112","Thailand"
"3204","Exxon Mobil","XOM","257.918","158.19","United States"
"3205","Doosan Bobcat","241560.KS","257.836","44.8557","South Korea"
"3206","Mphasis","MPHASIS.NS","257.679","25.1744","India"
"3207","Sopharma","3JR.F","257.594","2.2963","Bulgaria"
"3208","Suntory","2587.T","257.496","28.4562","Japan"
"3209","Drägerwerk","DRW8.F","257.363","97.6804","Germany"
"3210","Sedlmayr Grund und Immobilien AG","SPB.F","257.279","1270.54","Germany"
"3211","Archer Daniels Midland (ADM)","ADM","257.211","80.09","United States"
"3212","Mercantile Bank","MBWM","257.181","59.88","United States"
"3213","Deutsche Rohstoff","DR0.DE","257.113","98.846","Germany"
"3214","ARKO Corp.","ARKO","256.959","4.67","United States"
"3215","Sanki Engineering","1961.T","256.917","15.4485","Japan"
"3216","TOKAI Corp.","9729.T","256.78","16.1701","Japan"
"3217","Emami","EMAMILTD.NS","256.642","4.07353","India"
"3218","Takasago Thermal Engineering","1969.T","256.613","27.3643","Japan"
"3219","Landmark Bancorp","LARK","256.611","31.955","United States"
"3220","BillerudKorsnäs","BILL.ST","256.581","8.0511","Sweden"
"3221","Pandora","PNDORA.CO","256.547","131.133","Denmark"
"3222","DT Midstream","DTM","256.526","132.54","United States"
"3223","Nippon Light Metal Holdings Company","5703.T","256.506","19.044","Japan"
"3224","Invesco","IVZ","256.216","32.98","United States"
"3225","eREX Co.,Ltd.","9517.T","256.183","5.49044","Japan"
"3226","Oil India","OIL.NS","256.004","4.92773","India"
"3227","AS ONE Corporation","7476.T","255.877","15.5113","Japan"
"3228","Computershare","CPU.AX","255.867","28.1466","Australia"
"3229","Wabash National","WNC","255.795","12.51","United States"
"3230","Alerus Financial","ALRS","255.793","33.23","United States"
"3231","Idemitsu Kosan","5019.T","255.71","8.59646","Japan"
"3232","Civista Bancshares","CIVB","255.661","27.38","United States"
"3233","Service Properties Trust","SVC","255.428","7.83","United States"
"3234","Sany Heavy Industry","600031.SS","255.316","2.83631","China"
"3235","Trigano","TRI.PA","255.281","176.128","France"
"3236","Diagnostyka S.A.","DIA.WA","255.19","45.5746","Poland"
"3237","Atour Lifestyle","ATAT","255.174","35.27","China"
"3238","Landis+Gyr","LAND.SW","254.683","57.7131","Switzerland"
"3239","PORR","ABS2.F","254.578","46.9169","Austria"
"3240","Mitsubishi Logistics","9301.T","254.56","9.54395","Japan"
"3241","Bicecorp","BICE.SN","254.55","0.433965","Chile"
"3242","EVT Limited","EVT.AX","254.491","10.9898","Australia"
"3243","Jackson Financial","JXN","254.491","133.6","United States"
"3244","Bank of N. T. Butterfield & Son","NTB","254.367","58.97","Bermuda"
"3245","SM Prime Holdings","SPHXF","254.263","0.2672","Philippines"
"3246","HMS Bergbau","HMU.DE","254.262","46.9752","Germany"
"3247","Barry Callebaut","BARN.SW","254.258","1390.08","Switzerland"
"3248","Southern Province Cement Company","3050.SR","254.241","5.24171","Saudi Arabia"
"3249","LG Corp","003550.KS","254.18","82.9722","South Korea"
"3250","Penske Automotive Group","PAG","254.097","217.24","United States"
"3251","DeNA","2432.T","254.058","15.8627","Japan"
"3252","Shikoku Electric Power Company","9507.T","253.946","12.0225","Japan"
"3253","SBA Communications","SBAC","253.791","185.98","United States"
"3254","Coway","021240.KS","253.761","71.2329","South Korea"
"3255","Sanyo Chemical Industries","4471.T","253.728","40.9116","Japan"
"3256","Tabcorp","TAH.AX","253.498","0.689556","Australia"
"3257","Idacorp","IDA","253.384","138.13","United States"
"3258","The Pack Corporation","3950.T","253.349","9.39963","Japan"
"3259","SKF India","SKFINDIA.NS","253.135","16.423","India"
"3260","Gévelot SA","ALGEV.PA","252.82","224.968","France"
"3261","Storebrand","STB.OL","252.782","21.9272","Norway"
"3262","Yuke's","4334.T","252.759","2.41579","Japan"
"3263","Pandox AB","PNDX-B.ST","252.738","18.2855","Sweden"
"3264","California Water Service Group","CWT","252.686","50.26","United States"
"3265","Data#3 Limited","DTL.AX","252.666","7.8868","Australia"
"3266","ConocoPhillips","COP","252.661","130.61","United States"
"3267","Surya Roshni","SURYAROSNI.NS","252.599","2.28637","India"
"3268","Hancock Whitney","HWC","252.559","75.23","United States"
"3269","Pangaea Logistics Solutions","PANL","252.525","7.92","United States"
"3270","Digital Realty","DLR","252.288","193.43","United States"
"3271","Bladex","BLX","252.153","54.57","Panama"
"3272","Daishi Hokuetsu Financial Group","7327.T","252.127","15.9756","Japan"
"3273","Shofu Inc.","7979.T","251.994","14.5387","Japan"
"3274","Meritage Homes","MTH","251.973","72.23","United States"
"3275","Pepkor","PPH.JO","251.522","1.24958","South Africa"
"3276","Knowit","KNOW.ST","251.421","9.88805","Sweden"
"3277","Craneware","CRW.L","251.34","17.8597","United Kingdom"
"3278","CombinedX","CX.ST","251.152","4.17775","Sweden"
"3279","NHPC Limited","NHPC.NS","250.949","0.795014","India"
"3280","Raiffeisen Bank International","RAW.F","250.829","72.8523","Austria"
"3281","Etteplan","ETTE.HE","250.812","9.97785","Finland"
"3282","Eurobank Ergasias Services and Holdings","EUROB.AT","250.797","5.33279","Greece"
"3283","Ariston Holding","ARIS.MI","250.742","4.49936","Italy"
"3284","Chugin Financial Group","5832.T","250.733","21.9178","Japan"
"3285","Pan Ocean","028670.KS","250.577","4.07252","South Korea"
"3286","Stepan Company","SCL","250.519","62.67","United States"
"3287","Industrial Securities","601377.SS","250.368","0.885417","China"
"3288","Entravision Communications","EVC","250.313","7.99","United States"
"3289","Becamex (Investment and Industrial Development Corporation)","BCM.VN","250.251","1.66092","Vietnam"
"3290","Siemens Healthineers","SHL.DE","250.228","45.2967","Germany"
"3291","Einhell Germany","EIN.DE","250.227","87.3062","Germany"
"3292","MM Group (Mayr-Melnhof AG)","MYM.F","250.226","90.9197","Austria"
"3293","Bodycote","BOY.L","250.144","12.3911","United Kingdom"
"3294","ATRenew","RERE","250","4","China"
"3295","Mainfreight","MFT.NZ","249.917","39.7085","New Zealand"
"3296","Walliser Kantonalbank","WKBN.SW","249.832","195.48","Switzerland"
"3297","Kongsberg Gruppen","KOG.OL","249.8","33.8748","Norway"
"3298","Toyoda Gosei","7282.T","249.75","33.7395","Japan"
"3299","Fuji Seal International","7864.T","249.718","20.7382","Japan"
"3300","Northrim BanCorp","NRIM","249.707","25.63","United States"
"3301","Grupo Cibest (Bancolombia)","CIB","249.678","101.01","Colombia"
"3302","Mitsubishi Gas Chemical Company","4182.T","249.518","24.4717","Japan"
"3303","Fortis","FTS","249.503","55.35","Canada"
"3304","Cleanaway Waste Management","CWY.AX","249.061","1.83882","Australia"
"3305","kyowa Kirin","4151.T","249.041","16.4274","Japan"
"3306","Bunge Global SA","BG","249.007","113.25","United States"
"3307","Astra Industrial Group Company","1212.SR","248.98","37.4484","Saudi Arabia"
"3308","Maruichi Steel Tube","5463.T","248.93","10.9966","Japan"
"3309","Aubay","AUB.PA","248.86","63.6438","France"
"3310","TRE Holdings Corporation","9247.T","248.752","12.2735","Japan"
"3311","Investment AB Latour","LATO-B.ST","248.653","20.9727","Sweden"
"3312","Charter Hall Group","CHC.AX","248.608","14.2508","Australia"
"3313","ENEOS Holdings","5020.T","248.581","8.35174","Japan"
"3314","Verkkokauppa.com","VERK.HE","248.549","4.342","Finland"
"3315","Japan Aviation Electronics Industry","6807.T","248.515","15.436","Japan"
"3316","Shoprite","SHP.JO","248.47","19.0339","South Africa"
"3317","Tsakos Energy Navigation","TEN","248.447","40.25","Greece"
"3318","Morinaga &amp; Company","2201.T","248.44","15.9756","Japan"
"3319","M&T Bank","MTB","248.406","241.54","United States"
"3320","Recordati","REC.MI","248.374","61.3125","Italy"
"3321","Primis Financial","FRST","248.293","16.11","United States"
"3322","Kyushu Electric Power Company","9508.T","248.245","12.2986","Japan"
"3323","Hydro One","H.TO","248.237","38.5751","Canada"
"3324","Superior Plus","SPB.TO","248.217","5.13615","Canada"
"3325","PPG Industries","PPG","248.208","114.42","United States"
"3326","Canadian Tire","CTC.TO","248.112","153.436","Canada"
"3327","Laurent-Perrier","LPE.PA","248.107","96.0485","France"
"3328","Asahi Kasei","3407.T","247.854","10.3471","Japan"
"3329","Adastria","2685.T","247.753","22.1814","Japan"
"3330","Lear Corporation","LEA","247.549","124.42","United States"
"3331","Dime Community Bancshares","DCOM","247.525","40.4","United States"
"3332","ING","ING","247.399","35.57","Netherlands"
"3333","Siam Global House","GLOBAL.BK","247.314","0.216529","Thailand"
"3334","MTN Group","MTN.JO","247.303","11.9431","South Africa"
"3335","Mid Penn Bancorp","MPB","247.283","36.8","United States"
"3336","HBT Financial","HBT","247.191","35.6","United States"
"3337","EssilorLuxottica","EL.PA","247.138","183.704","France"
"3338","Restar Corporation","3156.T","247.009","33.1309","Japan"
"3339","Maxvalu Tokai","8198.T","246.912","21.0205","Japan"
"3340","Abbott India","ABBOTINDIA.NS","246.903","277.05","India"
"3341","Cullen/Frost Bankers","CFR","246.83","163.27","United States"
"3342","Earth Corporation","4985.T","246.735","30.9347","Japan"
"3343","Indian Railway Finance","IRFC.NS","246.618","0.887923","India"
"3344","Bupa Arabia for Cooperative Insurance Company","8210.SR","246.2","43.095","Saudi Arabia"
"3345","Stora Enso","STEAV.HE","245.939","11.5631","Finland"
"3346","NH Foods (Nipponham)","2282.T","245.893","39.7319","Japan"
"3347","Toyobo Co., Ltd.","3101.T","245.817","10.4036","Japan"
"3348","Public Power Corporation","PPC.AT","245.814","27.7188","Greece"
"3349","Microchip Technology","MCHP","245.78","74.05","United States"
"3350","American Water","AWK","245.763","137.49","United States"
"3351","Aptitude Software Group","APTD.L","245.724","2.92116","United Kingdom"
"3352","Hokuriku Electric Power Company","9505.T","245.688","6.21329","Japan"
"3353","Hakuhodo DY Holdings","2433.T","245.428","8.33605","Japan"
"3354","Korn Ferry","KFY","245.267","83.99","United States"
"3355","Bloomsbury Publishing","BMY.L","244.965","8.74988","United Kingdom"
"3356","Whitestone REIT","WSR","244.866","18.99","United States"
"3357","Canon Marketing Japan","8060.T","244.776","22.4512","Japan"
"3358","Petrovietnam Gas","GAS.VN","244.771","3.22988","Vietnam"
"3359","CJ Group","001040.KS","244.717","91.7405","South Korea"
"3360","NetEase","NTES","244.673","123.43","China"
"3361","Eiken Chemical","4549.T","244.651","14.4759","Japan"
"3362","Komatsu","6301.T","244.534","47.4437","Japan"
"3363","Avient","AVNT","244.529","44.78","United States"
"3364","Rengo Co., Ltd.","3941.T","244.426","9.9926","Japan"
"3365","RVRC Holding","RVRC.ST","244.196","5.71555","Sweden"
"3366","Nintendo","7974.T","244.172","54.7663","Japan"
"3367","Nissan Chemical","4021.T","244.097","50.5308","Japan"
"3368","Sloman Neptun","NEP.HM","243.971","69.9382","Germany"
"3369","Crédit Agricole Mutuel de la Touraine et du Poitou","CRTO.PA","243.97","158.527","France"
"3370","Xperi","XPER","243.902","6.15","United States"
"3371","Forever Entertainment","8FE.SG","243.884","0.645763","Poland"
"3372","Cloetta","CLA-B.ST","243.569","5.90974","Sweden"
"3373","Vietcap Securities","VCI.VN","243.295","0.8659","Vietnam"
"3374","ADES Holding Company","2382.SR","243.29","4.91677","Saudi Arabia"
"3375","Happinet","7552.T","243.28","23.2167","Japan"
"3376","Schoeller-Bleckmann Oilfield Equipment","SBO.VI","243.16","35.0857","Austria"
"3377","Al Rajhi Bank","1120.SR","242.999","18.298","Saudi Arabia"
"3378","Canaccord Genuity Group","CF.TO","242.896","10.3515","Canada"
"3379","APA Corporation","APA","242.777","41.19","United States"
"3380","Middlesex Water Company","MSEX","242.694","58.51","United States"
"3381","Grupo Financiero Inbursa","GFINBURO.MX","242.618","2.59639","Mexico"
"3382","Timberland Bancorp","TSBK","242.582","46.17","United States"
"3383","Pathfinder Bancorp","PBHC","242.424","16.5","United States"
"3384","DMG Mori Aktiengesellschaft","GIL.F","242.418","54.9015","Germany"
"3385","Impala Platinum","IMP.JO","242.181","14.1979","South Africa"
"3386","DEME Group","DEME.BR","242.088","212.845","Belgium"
"3387","Hibiya Engineering","1982.T","242.069","18.9185","Japan"
"3388","XRF Scientific Limited","XRF.AX","242.013","1.3001","Australia"
"3389","German American Bancorp","GABC","241.984","49.59","United States"
"3390","BIDV  (Commercial Bank for Investment and Development of Vietnam)","BID.VN","241.928","1.41571","Vietnam"
"3391","EnBW Energie","EBK.DE","241.838","79.9627","Germany"
"3392","J-POWER (Electric Power Development)","9513.T","241.769","25.256","Japan"
"3393","7-Eleven","3382.T","241.71","12.6311","Japan"
"3394","K's Holdings Corporation","8282.T","241.661","12.1699","Japan"
"3395","Helmerich &amp; Payne","HP","241.546","41.4","United States"
"3396","Lockheed Martin","LMT","241.328","565.62","United States"
"3397","Brookfield Renewable Partners","BEP","241.305","32.49","Bermuda"
"3398","Nishi-Nippon Financial Holdings","7189.T","241.287","29.8617","Japan"
"3399","ARC Resources","ARX.TO","241.172","24.0815","Canada"
"3400","Yakult","2267.T","241.171","17.7231","Japan"
"3401","Mani, Inc.","7730.T","241.17","10.1275","Japan"
"3402","Mirae Asset Securities Co., Ltd.","006805.KS","241.099","9.31173","South Korea"
"3403","Eastern Bankshares","EBC","241.071","22.4","United States"
"3404","Informa plc","INF.L","241.026","12.0895","United Kingdom"
"3405","Japan Post Insurance","7181.T","240.997","10.4726","Japan"
"3406","OTP Bank","OTP.BD","240.532","148.833","Hungary"
"3407","City Holding Company","CHCO","240.531","144.68","United States"
"3408","CSL","CSL.AX","240.482","123.879","Australia"
"3409","Nissui Corporation","1332.T","240.462","8.12585","Japan"
"3410","American International Group","AIG","240.353","76.97","United States"
"3411","Shanghai BOCHU Electronic Technology","688188.SS","240.353","14.7798","China"
"3412","Avolta AG","AVOL.SW","240.288","58.1599","Switzerland"
"3413","AltaGas","ALA.TO","240.251","38.2654","Canada"
"3414","TX Group","TXGN.SW","240.223","205.285","Switzerland"
"3415","CTS Eventim","EVD.F","240.218","68.7143","Germany"
"3416","Life Insurance Corporation of India (LIC)","LICI.NS","240.114","4.33539","India"
"3417","Ayala Land","AYAAF","240","0.25","Philippines"
"3418","Wilh. Wilhelmsen Holding","WWI.OL","239.982","86.1043","Norway"
"3419","TIM S.A.","TIMB","239.824","18.18","Brazil"
"3420","Focusrite","TUNE.L","239.784","3.68487","United Kingdom"
"3421","National Medical Care Company","4005.SR","239.661","33.2667","Saudi Arabia"
"3422","Hirogin Holdings","7337.T","239.563","14.7834","Japan"
"3423","Kroger","KR","239.521","58.45","United States"
"3424","Dukhan Bank","DUBK.QA","239.521","0.912088","Qatar"
"3425","R&S Group","RSGN.SW","239.463","25.4434","Switzerland"
"3426","Alpha Services and Holdings","ALPHA.AT","239.384","5.35377","Greece"
"3427","Kirin Holdings","2503.T","239.371","19.1318","Japan"
"3428","MGE Energy","MGEE","239.325","79.39","United States"
"3429","NACCO Industries","NC","239.232","42.72","United States"
"3430","Vivendi","VIV.PA","239.04","1.91048","France"
"3431","Sekisui Jushi Corporation","4212.T","238.965","18.3977","Japan"
"3432","Otter Tail","OTTR","238.926","92.33","United States"
"3433","Vetropack","VETN.SW","238.765","25.3813","Switzerland"
"3434","JBCC Holdings","9889.T","238.733","10.7424","Japan"
"3435","China Great Wall Securities","002939.SZ","238.544","1.21429","China"
"3436","SUNeVision","1686.HK","238.521","0.643577","Hong Kong"
"3437","ALSOK","2331.T","238.482","7.47641","Japan"
"3438","Magnolia Oil &amp; Gas","MGY","238.365","26.43","United States"
"3439","SPIE","SPIE.PA","238.236","51.4046","France"
"3440","Amplifon","AMP.MI","238.233","13.8471","Italy"
"3441","Recticel","RECT.BR","238.208","14.8502","Belgium"
"3442","Hufvudstaden AB","HUFV-A.ST","238.1","12.4283","Sweden"
"3443","Washington H. Soul Pattinson and Company (Soul Patts)","SOL.AX","238.019","31.4323","Australia"
"3444","Snap-on","SNA","237.999","397.48","United States"
"3445","MetLife","MET","237.982","96.52","United States"
"3446","Las Vegas Sands","LVS","237.941","46.23","United States"
"3447","LLB (Liechtensteinische Landesbank)","LLBN.SW","237.858","143.228","Liechtenstein"
"3448","Swatch","UHR.SW","237.804","231.659","Switzerland"
"3449","ABM Industries","ABM","237.597","47.77","United States"
"3450","SM Energy","SM","237.557","35.36","United States"
"3451","Heiwado","8276.T","237.522","16.967","Japan"
"3452","The Sumitomo Warehouse Co., Ltd.","9303.T","237.515","26.4796","Japan"
"3453","Shionogi","4507.T","237.469","18.2565","Japan"
"3454","Hagar hf.","HAGA.IC","237.389","1.01948","Iceland"
"3455","Asseco South Eastern Europe","ASE.WA","237.36","21.0843","Poland"
"3456","Noritake","5331.T","237.346","23.154","Japan"
"3457","Open House Group","3288.T","237.257","49.9285","Japan"
"3458","Hunting PLC","HTG.L","237.222","5.55699","United Kingdom"
"3459","Abdullah Saad Mohammed Abo Moati for Bookstores Company","4191.SR","237.012","11.1599","Saudi Arabia"
"3460","The Japan Wool Textile Co., Ltd. (Nikke Group)","3201.T","236.985","12.3676","Japan"
"3461","HD Korea Shipbuilding &amp; Offshore Engineering","009540.KS","236.985","261.236","South Korea"
"3462","Georg Fischer","GF.SW","236.933","69.4419","Switzerland"
"3463","Cembre S.p.A.","CMB.MI","236.787","99.662","Italy"
"3464","Mochida Pharmaceutical","4534.T","236.626","20.644","Japan"
"3465","Quebecor","QBR-B.TO","236.501","44.9215","Canada"
"3466","Service Stream Limited","SSM.AX","236.461","1.77417","Australia"
"3467","Alpen Co.,Ltd.","3028.T","236.357","14.8775","Japan"
"3468","Socionext","6526.T","236.252","12.9229","Japan"
"3469","Tanger Inc.","SKT","236.206","38.06","United States"
"3470","Iguatemi","IGTI3.SA","236.075","0.598779","Brazil"
"3471","Automatic Data Processing","ADP","235.971","281.39","United States"
"3472","Arabian Mills for Food Products","2285.SR","235.894","11.2825","Saudi Arabia"
"3473","Hyundai","005380.KS","235.886","288.41","South Korea"
"3474","SDIC Capital","600061.SS","235.735","0.971726","China"
"3475","Relais Group Oyj","RELAIS.HE","235.559","16.8435","Finland"
"3476","Ternium","TX","235.507","55.2","Luxembourg"
"3477","Ahold Delhaize","AD.AS","235.425","35.6335","Netherlands"
"3478","Niterra","5334.T","235.415","53.1725","Japan"
"3479","Sumitomo Chemical","4005.T","235.348","3.50259","Japan"
"3480","JOST Werke SE","JST.DE","235.342","72.2695","Germany"
"3481","Arcadis","ARCAD.AS","235.233","50.985","Netherlands"
"3482","AJ Bell","AJB.L","235.217","8.30152","United Kingdom"
"3483","Chubu Electric Power","9502.T","235.175","18.1749","Japan"
"3484","Linz Textil","LTH.VI","235.153","193.496","Austria"
"3485","Yamada Holdings","9831.T","235.086","4.41557","Japan"
"3486","Entergy","ETR","235.009","107.23","United States"
"3487","Otis Worldwide","OTIS","234.936","72.36","United States"
"3488","Etihad Etisalat (Mobily)","7020.SR","234.82","18.0983","Saudi Arabia"
"3489","Air Products and Chemicals","APD","234.788","306.66","United States"
"3490","Shenzhen New Industries Biomedical Engineering","300832.SZ","234.689","7.55655","China"
"3491","Luzerner Kantonalbank","LUKN.SW","234.631","140.745","Switzerland"
"3492","First Financial Bankshares","FFIN","234.63","33.67","United States"
"3493","Vienna Insurance Group","WSV2.F","234.483","82.4105","Austria"
"3494","The Bank of Nagoya","8522.T","234.321","44.3","Japan"
"3495","Sailun Group","601058.SS","234.261","2.08185","China"
"3496","Adeka Corporation","4401.T","234.235","29.1966","Japan"
"3497","Dätwyler","DAE.SW","234.218","168.051","Switzerland"
"3498","Taisei Corporation","1801.T","234.214","80.8192","Japan"
"3499","audius SE","3ITN.DE","234.211","11.6564","Germany"
"3500","Kosé","4922.T","234.004","36.5318","Japan"
"3501","Simona","SIM0.F","233.945","85.0915","Germany"
"3502","Banc of California","BANC","233.794","18.82","United States"
"3503","Almarai","2280.SR","233.783","13.1575","Saudi Arabia"
"3504","Chambal Fertilisers","CHAMBLFERT.NS","233.689","4.45533","India"
"3505","Alembic Limited","ALEMBICLTD.NS","233.666","1.06966","India"
"3506","LG CNS","064400.KS","233.445","53.9138","South Korea"
"3507","Spin Master","TOY.TO","233.404","14.5656","Canada"
"3508","Chongqing Changan","000625.SZ","233.347","1.05655","China"
"3509","Genting Berhad","3182.KL","233.34","0.527166","Malaysia"
"3510","Bic Camera Inc.","3048.T","233.116","11.2632","Japan"
"3511","Russel Metals","RUS.TO","233.104","52.5645","Canada"
"3512","Catena AB","CATE.ST","233.034","40.4549","Sweden"
"3513","Grupo Aval","AVAL","233.028","5.45","Colombia"
"3514","COMSYS Holdings Corporation","1721.T","232.89","34.0846","Japan"
"3515","Bytes Technology","BYIT.L","232.722","5.82872","United Kingdom"
"3516","K-Bro Linen","KBL.TO","232.688","33.4822","Canada"
"3517","Ingenia Communities Group","INA.AX","232.612","2.76541","Australia"
"3518","U.S. Physical Therapy, Inc.","USPH","232.528","78.27","United States"
"3519","Amada Co., Ltd.","6113.T","232.499","16.2831","Japan"
"3520","Almawarid Manpower Company","1833.SR","232.462","27.4604","Saudi Arabia"
"3521","Mitani Sekisan","5273.T","232.412","13.2021","Japan"
"3522","ManpowerGroup","MAN","232.408","61.96","United States"
"3523","ENI","E","232.406","53.57","Italy"
"3524","Great Portland Estates","GPE.L","232.4","4.64396","United Kingdom"
"3525","Secure Trust Bank PLC","STB.L","232.259","19.9997","United Kingdom"
"3526","Mori Hills REIT Investment","3234.T","232.231","815.095","Japan"
"3527","Zee Entertainment","ZEEL.NS","232.16","1.09333","India"
"3528","Cathay General Bancorp","CATY","232.108","62.04","United States"
"3529","Pluxee","PLX.PA","232.062","18.6502","France"
"3530","Zeria Pharmaceutical","4559.T","231.809","12.9072","Japan"
"3531","Mersen","MRN.PA","231.74","44.2709","France"
"3532","Zhejiang Chint Electrics","601877.SS","231.498","3.83036","China"
"3533","Spirax-Sarco Engineering","SPX.L","231.32","97.553","United Kingdom"
"3534","EVI Industries","EVI","231.092","14.28","United States"
"3535","Qatar Islamic Bank","QIBK.QA","231.054","5.95879","Qatar"
"3536","Tauron Polska","TPE.WA","231.029","2.28414","Poland"
"3537","Coca-Cola","KO","230.906","90.08","United States"
"3538","Repco Home Finance","REPCOHOME.NS","230.726","3.83524","India"
"3539","World Kinect","WKC","230.492","36.01","United States"
"3540","IOI Corporation Berhad","1961.KL","230.461","1.16623","Malaysia"
"3541","TOMONY Holdings","8600.T","230.429","6.88971","Japan"
"3542","Nordnet AB","SAVE.ST","230.406","38.2086","Sweden"
"3543","Cenomi Centers (Arabian Centres Company)","4321.SR","230.387","4.35744","Saudi Arabia"
"3544","Ampol","ALD.AX","230.343","30.3548","Australia"
"3545","Atoss","AOF.F","230.332","112.601","Germany"
"3546","Shihlin Electric & Engineering Corp.","1503.TW","230.309","6.69544","Taiwan"
"3547","Ricoh Company","7752.T","230.257","10.6075","Japan"
"3548","Build-A-Bear Workshop","BBW","230.208","39.095","United States"
"3549","IPD Group Limited","IPG.AX","230.084","3.95058","Australia"
"3550","Calavo Growers","CVGW","229.973","26.09","United States"
"3551","Convatec Group","CTEC.L","229.907","3.12224","United Kingdom"
"3552","ConnectOne Bancorp","CNOB","229.903","31.97","United States"
"3553","Keller Group","KLR.L","229.739","40.869","United Kingdom"
"3554","National Bank of Canada","NA.TO","229.684","153.566","Canada"
"3555","Viva Energy","VEA.AX","229.62","2.06149","Australia"
"3556","The Hachijuni Bank","8359.T","229.527","16.7129","Japan"
"3557","Kainos Group","KNOS.L","229.498","16.8123","United Kingdom"
"3558","Lennar","LEN","229.489","87.15","United States"
"3559","Seiko Epson Corporation","6724.T","229.48","19.6903","Japan"
"3560","Ponsse","PON1V.HE","229.375","27.0428","Finland"
"3561","Tokmanni","TOKMAN.HE","229.303","8.52081","Finland"
"3562","Yamato Holdings","9064.T","229.263","12.2515","Japan"
"3563","Meiji Holdings","2269.T","229.252","27.9667","Japan"
"3564","Krones","KRN.F","229.235","138.944","Germany"
"3565","Holcim Group","HOLN.SW","229.147","90.1813","Switzerland"
"3566","Advance Auto Parts","AAP","229.095","43.65","United States"
"3567","Village Super Market","VLGEA","229.095","43.65","United States"
"3568","Curbline Properties","CURB","229.084","30.12","United States"
"3569","MIRAIT ONE Corporation","1417.T","229.065","22.6582","Japan"
"3570","Regis Resources","RRL.AX","229.043","6.10544","Australia"
"3571","Taiheiyo Cement","5233.T","229.023","26.6616","Japan"
"3572","RaiaDrogasil","RADL3.SA","228.965","3.75403","Brazil"
"3573","Puig Brands","PUIG.MC","228.95","20.9465","Spain"
"3574","Alliant Energy","LNT","228.816","68.92","United States"
"3575","Nissin Foods","2897.T","228.777","18.6832","Japan"
"3576","GS Holdings Corp.","078930.KS","228.611","89.2767","South Korea"
"3577","Marvelous","7844.T","228.521","3.20642","Japan"
"3578","Ag Growth International","AFN.TO","228.393","9.30326","Canada"
"3579","Atmos Energy","ATO","228.372","169.46","United States"
"3580","United Security Bancshares","UBFO","228.354","10.51","United States"
"3581","Constellation Brands","STZ","228.338","134.45","United States"
"3582","Plazza AG","PLAN.SW","228.24","534.932","Switzerland"
"3583","Colgate-Palmolive","CL","228.112","92.06","United States"
"3584","OVS S.p.A.","OVS.MI","228.087","6.9472","Italy"
"3585","BKS Bank","BKS.VI","228.01","24.9446","Austria"
"3586","Foxconn Technology Co., Ltd.","2354.TW","227.985","2.02911","Taiwan"
"3587","The Nanto Bank","8367.T","227.957","12.0601","Japan"
"3588","360 Security Technology","601360.SS","227.782","1.29762","China"
"3589","Abacus Storage King","ASK.AX","227.746","0.951731","Australia"
"3590","Porsche","P911.DE","227.736","51.0666","Germany"
"3591","Starbucks","SBUX","227.671","108.49","United States"
"3592","Algonquin Power & Utilities","AQN","227.671","5.71","Canada"
"3593","Kronos Worldwide","KRO","227.531","8.79","United States"
"3594","FRoSTA AG","NLM.F","227.389","120.061","Germany"
"3595","UACJ Corporation","5741.T","227.365","14.7708","Japan"
"3596","Great Wall Motors","601633.SS","227.334","2.2753","China"
"3597","CenterPoint Energy","CNP","227.33","39.59","United States"
"3598","Mitsui Bussan","8031.T","227.134","30.9159","Japan"
"3599","The Gunma Bank","8334.T","227.117","17.4533","Japan"
"3600","The 77 Bank","8341.T","227.066","24.4026","Japan"
"3601","MVB Financial","MVBF","227.045","29.95","United States"
"3602","Nitta Corporation","5186.T","226.967","43.045","Japan"
"3603","NRW Holdings Limited","NWH.AX","226.966","5.54518","Australia"
"3604","Fukuoka Financial Group","8354.T","226.952","48.4288","Japan"
"3605","Restore plc","RST.L","226.948","4.0312","United Kingdom"
"3606","Mitra Keluarga","MIKA.JK","226.879","0.105634","Indonesia"
"3607","Peoples Bancorp of North Carolina","PEBK","226.804","43.65","United States"
"3608","Kardex Holding","KARN.SW","226.575","324.558","Switzerland"
"3609","Netmarble","251270.KS","226.56","26.3047","South Korea"
"3610","D/S Norden (Dampskibsselskabet Norden)","DNORD.CO","226.33","53.8125","Denmark"
"3611","Tobu Railway","9001.T","226.082","18.9059","Japan"
"3612","Lowe's Companies","LOW","226.002","214.6","United States"
"3613","Mitsubishi Corporation","8058.T","225.973","29.7237","Japan"
"3614","Sumitomo Heavy Industries","6302.T","225.918","36.4879","Japan"
"3615","Power Construction Corporation of China","601669.SS","225.851","0.690476","China"
"3616","Wacoal Holdings","3591.T","225.782","27.0443","Japan"
"3617","Jyske Bank","JYSK.CO","225.727","168.047","Denmark"
"3618","South State Corp","SSB","225.649","106.36","United States"
"3619","Public Policy Holding Company","PPHC","225.564","10.64","United States"
"3620","Illinois Tool Works","ITW","225.561","285.51","United States"
"3621","Carabao Group","CBG.BK","225.071","1.70021","Thailand"
"3622","SB Financial Group","SBFG","225.045","27.55","United States"
"3623","Medical Facilities Corporation","DR.TO","225.021","11.3312","Canada"
"3624","South Port NZ","SPN.NZ","224.916","5.25877","New Zealand"
"3625","BASSAC","BASS.PA","224.859","50.5886","France"
"3626","Oki Electric Industry Co., Ltd.","6703.T","224.539","17.6761","Japan"
"3627","American States Water","AWR","224.424","89.83","United States"
"3628","Mitsui Fudosan","8801.T","224.295","9.52826","Japan"
"3629","Ryerson","RYZ","224.254","25.15","United States"
"3630","MetroCity Bankshares","MCBS","224.177","35.24","United States"
"3631","Renasant Corp","RNST","224.172","41.04","United States"
"3632","Ashland","ASH","224.031","74.32","United States"
"3633","Al Faleh Educational Holding","FALH.QA","224.014","0.152747","Qatar"
"3634","NEUCA","NEU.WA","223.946","209.221","Poland"
"3635","TANLA","TANLA.NS","223.816","5.56877","India"
"3636","North Pacific Bank","8524.T","223.75","8.05055","Japan"
"3637","Glory Ltd.","6457.T","223.706","30.5708","Japan"
"3638","Erie Indemnity","ERIE","223.656","257.27","United States"
"3639","Finolex Industries","FINPIPE.NS","223.6","1.67927","India"
"3640","Fresenius","FRE.DE","223.495","53.4418","Germany"
"3641","Magna International","MGA","223.485","66","Canada"
"3642","SJVN","SJVN.NS","223.196","0.682309","India"
"3643","UnitedHealth","UNH","223.186","401.01","United States"
"3644","Gruma (Maseca)","GRUMAB.MX","223.094","14.7854","Mexico"
"3645","Axial Retailing","8255.T","223.088","7.9376","Japan"
"3646","Clarkson PLC","CKN.L","223.076","66.9828","United Kingdom"
"3647","Chemours","CC","223.067","15.78","United States"
"3648","Domino's Pizza Enterprises (Australia)","DMP.AX","222.978","14.5812","Australia"
"3649","Vertu Motors","VTU.L","222.716","1.22411","United Kingdom"
"3650","Equitable Holdings","EQH","222.579","49.87","United States"
"3651","Cass Information Systems","CASS","222.573","57.06","United States"
"3652","Amgen","AMGN","222.555","440.34","United States"
"3653","eXp World Holdings","EXPI","222.552","6.74","United States"
"3654","Grupo Empresarial San José","GSJ.MC","222.354","9.17356","Spain"
"3655","Devon Energy","DVN","222.08","46.83","United States"
"3656","Okinawa Financial Group","7350.T","222.071","48.9433","Japan"
"3657","MediPal Holdings Corporation","7459.T","222.004","18.153","Japan"
"3658","Nabaltec","NTG.DE","221.966","14.8619","Germany"
"3659","NIOX Group","NIOX.L","221.702","0.917786","United Kingdom"
"3660","QNB (Qatar National Bank)","QNBK.QA","221.5","4.62912","Qatar"
"3661","Ems-Chemie","EMSN.SW","221.384","946.37","Switzerland"
"3662","Festi hf.","FESTI.IC","221.168","2.52797","Iceland"
"3663","Hapag-Lloyd","HLAG.DE","221.122","155.146","Germany"
"3664","Old National Bank","ONB","221.102","25.78","United States"
"3665","Softcat","SCT.L","221.009","28.1518","United Kingdom"
"3666","Endeavour Mining","EDV.TO","220.753","64.0398","United Kingdom"
"3667","Fiducial Real Estate","ORIA.PA","220.736","195.827","France"
"3668","JGC Holdings","1963.T","220.681","14.3881","Japan"
"3669","Adtran Networks","ADV.DE","220.634","26.8097","Germany"
"3670","Honeywell","HON","220.287","220.67","United States"
"3671","Fortune Brands Innovations","FBIN","220.255","46.31","United States"
"3672","China Life Insurance","601628.SS","220.181","5.74554","China"
"3673","Kandenko","1942.T","220.075","34.4046","Japan"
"3674","Brim hf.","BRIM.IC","219.966","0.762536","Iceland"
"3675","Northern Star","NST.AX","219.962","17.4831","Australia"
"3676","Tenaris","TS","219.78","54.6","Luxembourg"
"3677","Zuger Kantonalbank","ZUGER.SW","219.663","12907.9","Switzerland"
"3678","Gujarat Alkalies and Chemicals","GUJALKALI.NS","219.604","7.49083","India"
"3679","Merck","MRK","219.464","153.1","United States"
"3680","Parke Bancorp","PKBK","219.454","33.72","United States"
"3681","Nishi-Nippon Railroad","9031.T","219.454","19.4769","Japan"
"3682","T-Mobile US","TMUS","219.364","179.61","United States"
"3683","Banque Cantonale de Genève","BCGE.SW","219.299","38.8477","Switzerland"
"3684","Coca-Cola European Partners","CCEP","219.286","108.99","United Kingdom"
"3685","QUALCOMM","QCOM","219.277","163.72","United States"
"3686","Zug Estates Holding","ZUGN.SW","219.1","2742.92","Switzerland"
"3687","Universal Logistics Holdings","ULH","219.092","19.17","United States"
"3688","TV Asahi Holdings Corporation","9409.T","219.03","19.5146","Japan"
"3689","Yankuang Energy (Yanzhou Coal Mining)","600188.SS","218.943","3.375","China"
"3690","Aktieselskabet Schouw & Co.","SCHO.CO","218.902","118.163","Denmark"
"3691","Universal Display Corporation","OLED","218.793","86.84","United States"
"3692","Maersk","MAERSK-B.CO","218.722","3336","Denmark"
"3693","Wyndham Hotels &amp; Resorts","WH","218.636","76.84","United States"
"3694","Great Southern Bancorp","GSBC","218.635","78.67","United States"
"3695","IVU Traffic Technologies","IVU.DE","218.63","28.9078","Germany"
"3696","The Cigna Group","CI","218.606","280.87","United States"
"3697","Thurgauer Kantonalbank","TKBP.SW","218.603","202.306","Switzerland"
"3698","CNB Financial Corp","CCNE","218.418","33.88","United States"
"3699","Brunswick Corporation","BC","218.401","79.67","United States"
"3700","Tasmea Limited","TEA.AX","218.303","7.0464","Australia"
"3701","RaySearch Laboratories AB","RAY-B.ST","218.272","18.9678","Sweden"
"3702","Nyab AB","NYAB.ST","218.269","0.728483","Sweden"
"3703","Geberit","GEBN.SW","218.265","719.862","Switzerland"
"3704","Seres Group","601127.SS","218.204","7.51786","China"
"3705","Ikegami Tsushinki","6771.T","218.189","4.19783","Japan"
"3706","Japan Post Bank","7182.T","218.148","20.7131","Japan"
"3707","Grupo Aeroportuario del Sureste
(ASUR)","ASR","218.093","263.97","Mexico"
"3708","Seacoast Banking","SBCF","218.023","34.4","United States"
"3709","Woolworths Group","WOW.AX","218.01","28.8649","Australia"
"3710","SM Entertainment","041510.KQ","217.894","52.141","South Korea"
"3711","S4 Capital","SFOR.L","217.885","0.660317","United Kingdom"
"3712","Gamuda Berhad","5398.KL","217.853","1.12396","Malaysia"
"3713","Gilead Sciences","GILD","217.435","148.09","United States"
"3714","National Fertilizers","NFL.NS","217.416","0.74725","India"
"3715","Qatar General Insurance & Reinsurance Company","QGRI.QA","217.392","0.631868","Qatar"
"3716","Leggett &amp; Platt","LEG","217.391","9.2","United States"
"3717","Abbott Laboratories","ABT","217.353","114.1","United States"
"3718","Avalon Pharma (Middle East Pharmaceutical)","4016.SR","217.3","17.0595","Saudi Arabia"
"3719","Grupo ACS","ACS.MC","217.145","120.993","Spain"
"3720","Dolby","DLB","217.09","64.95","United States"
"3721","Coca-Cola HBC","CCH.L","216.992","62.4992","Switzerland"
"3722","Chofu Seisakusho","5946.T","216.983","12.9449","Japan"
"3723","XTB S.A.","XTB.WA","216.906","49.2454","Poland"
"3724","ORBIS AG","OBS.DE","216.864","5.24537","Germany"
"3725","Godrej","GODREJCP.NS","216.841","9.63758","India"
"3726","National Storage REIT","NSR.AX","216.738","1.93562","Australia"
"3727","NCC Group plc","NCC.L","216.722","1.93563","United Kingdom"
"3728","Givaudan","GIVN.SW","216.597","4031.23","Switzerland"
"3729","Atlas Copco","ATCO-B.ST","216.583","19.0991","Sweden"
"3730","Domino's Pizza","DPZ","216.508","344.56","United States"
"3731","United Microelectronics","UMC","216.5","19.03","Taiwan"
"3732","SLB (Schlumberger)","SLB","216.418","53.6","United States"
"3733","Shore Bancshares","SHBI","216.357","23.11","United States"
"3734","Patrick Industries","PATK","216.352","83.66","United States"
"3735","Railcare Group AB","RAIL.ST","216.292","3.32751","Sweden"
"3736","Vitasoy","0345.HK","216.255","0.838117","Hong Kong"
"3737","Nihon Kohden Corporation","6849.T","215.778","9.33061","Japan"
"3738","Cabot Corporation","CBT","215.536","84.58","United States"
"3739","Dermapharm","DMP.F","215.502","46.4506","Germany"
"3740","Banan Real Estate Company","4324.SR","215.272","0.799041","Saudi Arabia"
"3741","Shizuoka Financial Group","5831.T","215.173","22.7022","Japan"
"3742","Federated Hermes","FHI","215.087","65.09","United States"
"3743","Sheng Siong Group","OV8.SI","214.886","2.52102","Singapore"
"3744","Savencia Fromage &amp; Dairy","SAVE.PA","214.818","74.1345","France"
"3745","Broadridge Financial Solutions","BR","214.758","181.6","United States"
"3746","East West Bancorp","EWBC","214.675","130.43","United States"
"3747","Pine Cliff Energy","PNE.TO","214.519","0.396197","Canada"
"3748","Finnair","FIA1S.HE","214.481","5.3153","Finland"
"3749","eGuarantee","8771.T","214.463","11.3887","Japan"
"3750","Pembina Pipeline","PBA","214.433","48.64","Canada"
"3751","Banco de Crédito e Inversiones","BCI.SN","214.387","73.9617","Chile"
"3752","NiSource","NI","213.956","41.13","United States"
"3753","Senshu Electric","9824.T","213.949","44.2372","Japan"
"3754","Ventas","VTR","213.904","93.5","United States"
"3755","Caleres","CAL","213.904","13.09","United States"
"3756","HORIBA","6856.T","213.736","148.556","Japan"
"3757","Tamil Nadu Newsprint and Papers Limited","TNPL.NS","213.707","1.46329","India"
"3758","Maximus","MMS","213.668","58.97","United States"
"3759","Univest Financial Corporation","UVSP","213.634","41.66","United States"
"3760","XP Inc.","XP","213.363","17.81","Brazil"
"3761","Marubeni","8002.T","213.143","30.7966","Japan"
"3762","Sompo Holdings","8630.T","213.092","42.9823","Japan"
"3763","Nichirei Corporation","2871.T","213.026","13.472","Japan"
"3764","SSP Group","SSPG.L","212.96","2.7323","United Kingdom"
"3765","Packaging Corporation of America","PKG","212.826","246.68","United States"
"3766","Sagax","SAGA-B.ST","212.684","17.7922","Sweden"
"3767","Ohio Valley Banc Corp","OVBC","212.389","45.2","United States"
"3768","Nextensa","NEXTA.BR","212.149","53.6193","Belgium"
"3769","A.S. Création Tapeten","ACWN.DE","212.149","8.0429","Germany"
"3770","CATL","300750.SZ","212.044","55.506","China"
"3771","NS Solutions Corporation","2327.T","212.037","24.4779","Japan"
"3772","Paccar","PCAR","212.025","129.23","United States"
"3773","Innolux","3481.TW","212.021","1.45724","Taiwan"
"3774","ST Engineering","S63.SI","211.996","8.41202","Singapore"
"3775","NOF Corporation","4403.T","211.964","17.5725","Japan"
"3776","Trustmark","TRMK","211.938","46.24","United States"
"3777","Tata Steel","TATASTEEL.NS","211.811","1.96135","India"
"3778","V-ZUG Holding","VZUG.SW","211.803","51.073","Switzerland"
"3779","Imeik Technology Development","300896.SZ","211.687","13.9628","China"
"3780","Ferrovial","FER.MC","211.645","59.0512","Spain"
"3781","Pitney Bowes","PBI","211.64","17.01","United States"
"3782","Dabur","DABUR.NS","211.593","4.05782","India"
"3783","Ally Financial","ALLY","211.566","42.54","United States"
"3784","Nifco Inc.","7988.T","211.506","31.7567","Japan"
"3785","Spectrum Brands","SPB","211.497","88.89","United States"
"3786","Port of Tauranga","POT.NZ","211.415","4.83046","New Zealand"
"3787","Daido Steel","5471.T","211.267","14.1622","Japan"
"3788","QinetiQ","QQ.L","211.223","6.97001","United Kingdom"
"3789","Wells Fargo","WFC","211.193","85.23","United States"
"3790","Hualu Hengsheng","600426.SS","210.984","3.09821","China"
"3791","Mitie Group PLC","MTO.L","210.911","2.83692","United Kingdom"
"3792","Hamilton Lane","HLNE","210.886","105.27","United States"
"3793","Orion Corporation","ORNAV.HE","210.605","92.7847","Finland"
"3794","ARCS Company Limited","9948.T","210.544","23.7814","Japan"
"3795","Teekay Tankers","TNK","210.337","83.2","Canada"
"3796","Scanfil","SCANFL.HE","210.32","13.5214","Finland"
"3797","Delta Plus Group","ALDLT.PA","210.32","41.0304","France"
"3798","Granite REIT","GRP-UN","210.154","59.19","Canada"
"3799","Hangzhou Greatstar Industrial","002444.SZ","210.134","4.57143","China"
"3800","Owens Corning","OC","210.006","145.71","United States"
"3801","Cincinnati Financial","CINF","210.001","172.38","United States"
"3802","Morinaga Milk Industry","2264.T","209.996","7.26934","Japan"
"3803","Nestle Malaysia","4707.KL","209.916","25.6123","Malaysia"
"3804","Calbee, Inc.","2229.T","209.889","19.2008","Japan"
"3805","GFT Technologies","GFT.DE","209.867","29.0244","Germany"
"3806","Hawthorn Bancshares","HWBK","209.826","39.08","United States"
"3807","AIER Eye Hospital","300015.SZ","209.815","1.26786","China"
"3808","Suzuki Motor","7269.T","209.764","13.3904","Japan"
"3809","TOTVS","TOTS3.SA","209.722","6.33773","Brazil"
"3810","Société Générale","GLE.PA","209.714","84.5087","France"
"3811","Autoliv","ALV","209.666","123.53","Sweden"
"3812","Avery Dennison","AVY","209.51","182.33","United States"
"3813","Okuma Corporation","6103.T","209.437","30.5268","Japan"
"3814","Edgewell Personal Care","EPC","209.424","28.65","United States"
"3815","Umicore","UMI.VI","209.417","27.2293","Belgium"
"3816","Lake Shore Bancorp","LSBK","209.302","17.2","United States"
"3817","HeidelbergCement","HEI.DE","209.18","196.002","Germany"
"3818","STEF SA","STF.PA","209.118","145.938","France"
"3819","Lesha Bank","QFBQ.QA","208.695","0.779945","Qatar"
"3820","Bank7","BSVN","208.534","51.79","United States"
"3821","Sumitomo","8053.T","208.526","10.9809","Japan"
"3822","HDFC Asset Management Company Limited","HDFCAMC.NS","208.477","26.9257","India"
"3823","Kaō","4452.T","208.392","22.7084","Japan"
"3824","Home Federal Bancorp (HFB Bank)","HFBL","208.374","25.915","United States"
"3825","Sjóvá-Almennar tryggingar","SJOVA.IC","208.063","0.364691","Iceland"
"3826","Nagase &amp; Co.","8012.T","208.021","7.33836","Japan"
"3827","Construcciones y Auxiliar de Ferrocarriles","CAF.MC","207.946","83.5762","Spain"
"3828","Laox Holdings","8202.T","207.942","0.922393","Japan"
"3829","Chesapeake Utilities","CPK","207.93","134.18","United States"
"3830","Osaka Gas","9532.T","207.858","35.2517","Japan"
"3831","Grupo Aeroportuario del Pacífico","PAC","207.847","214.87","Mexico"
"3832","Bellevue Group","BBN.SW","207.827","8.8121","Switzerland"
"3833","Wiwynn","6669.TW","207.762","214.727","Taiwan"
"3834","Diamondback Energy","FANG","207.666","199.84","United States"
"3835","NOV","NOV","207.612","20.23","United States"
"3836","Capital City Bank Group","CCBG","207.518","51.08","United States"
"3837","Renew Holdings plc","RNWH.L","207.306","13.0161","United Kingdom"
"3838","Lycopodium","LYL.AX","207.3","15.8526","Australia"
"3839","HF Sinclair","DINO","207.211","96.52","United States"
"3840","Bangkok Expressway and Metro (BEM)","BEM.BK","207.204","0.21348","Thailand"
"3841","JYP Entertainment","035900.KQ","207.132","28.8048","South Korea"
"3842","Atlas Energy Solutions","AESI","207.125","12.07","United States"
"3843","Aspen Group","APZ.AX","207.113","3.71355","Australia"
"3844","Sustained Infrastructure Holding Company (sisco)","2190.SR","207.077","10.3716","Saudi Arabia"
"3845","Datalogic S.p.A.","DAL.MI","206.901","6.59751","Italy"
"3846","Intact Financial","IFC.TO","206.884","191.716","Canada"
"3847","ANA Holdings","9202.T","206.844","19.1883","Japan"
"3848","Fujifilm","4901.T","206.67","20.6817","Japan"
"3849","Suruga Bank","8358.T","206.606","18.5671","Japan"
"3850","Iwatani Corporation","8088.T","206.487","13.8986","Japan"
"3851","Bega Cheese","BGA.AX","206.437","4.4031","Australia"
"3852","Delta Corp","DELTACORP.NS","206.333","0.627108","India"
"3853","Columbia Sportswear","COLM","206.327","58.16","United States"
"3854","Metso","METSO.HE","206.285","21.4594","Finland"
"3855","Webster Financial","WBS","206.265","77.57","United States"
"3856","Cognizant Technology Solutions","CTSH","206.152","62.09","United States"
"3857","Standard Chartered","STAN.L","206.053","29.3338","United Kingdom"
"3858","Western Alliance Bancorporation","WAL","206.03","79.6","United States"
"3859","Digital Garage","4819.T","206.022","13.93","Japan"
"3860","Brother Industries","6448.T","205.995","29.6421","Japan"
"3861","Unum","UNM","205.988","91.51","United States"
"3862","Tata Elxsi","TATAELXSI.NS","205.889","38.0643","India"
"3863","Sage Group","SGE.L","205.75","14.5243","United Kingdom"
"3864","Rightmove","RMV.L","205.683","6.8423","United Kingdom"
"3865","Element Fleet Management","EFN.TO","205.678","19.284","Canada"
"3866","Meitetsu","9048.T","205.625","11.8782","Japan"
"3867","Masterflex","MZX.DE","205.45","16.552","Germany"
"3868","Alleima AB","ALLEI.ST","205.431","12.5648","Sweden"
"3869","Indian Bank","INDIANB.NS","205.29","9.22908","India"
"3870","C&amp;F Financial Corporation","CFFI","205.263","91.59","United States"
"3871","Enterprise Financial Services Corp","EFSC","205.209","63.35","United States"
"3872","Toyo Suisan","2875.T","205.162","65.4774","Japan"
"3873","Evolution Mining","EVN.AX","204.866","11.2628","Australia"
"3874","Kanadevia Corporation","7004.T","204.781","7.45445","Japan"
"3875","Azbil Corporation","6845.T","204.733","9.54395","Japan"
"3876","Hoshizaki Corporation","6465.T","204.688","35.7977","Japan"
"3877","Cranswick","CWK.L","204.579","73.0968","United Kingdom"
"3878","Arclands Corporation","9842.T","204.545","11.9409","Japan"
"3879","Digital Arts Inc.","2326.T","204.528","28.362","Japan"
"3880","Abacus Global Management","ABX","204.499","9.78","United States"
"3881","Lamb Weston","LW","204.488","55.26","United States"
"3882","Koito Manufacturing","7276.T","204.368","16.7317","Japan"
"3883","Inter &amp; Co","INTR","204.34","5.53","Brazil"
"3884","China General Nuclear Power Group (CGN)","003816.SZ","204.328","0.622024","China"
"3885","Hankyu Hanshin Holdings","9042.T","204.222","29.8994","Japan"
"3886","Emmi AG","EMMN.SW","204.211","1051.25","Switzerland"
"3887","Futu Holdings","FUTU","204.178","127.34","Hong Kong"
"3888","On the Beach Group","OTB.L","204.035","2.61681","United Kingdom"
"3889","Phillips 66","PSX","203.938","242.23","United States"
"3890","TOYA S.A.","TOA.WA","203.934","2.5977","Poland"
"3891","Tong Ren Tang","600085.SS","203.928","3.62351","China"
"3892","Tokai Carbon","5301.T","203.887","10.482","Japan"
"3893","Trident","TRIDENT.NS","203.832","0.255682","India"
"3894","Tsuruha Holdings","3391.T","203.338","14.9246","Japan"
"3895","Omer-Decugis & Cie","ALODC.PA","203.309","9.83798","France"
"3896","Toscana Aeroporti","TYA.MI","203.287","21.0397","Italy"
"3897","RWE","RWE.DE","203.168","67.1873","Germany"
"3898","Hindustan Unilever","HINDUNILVR.NS","202.954","21.0611","India"
"3899","Titan Cement International","TITC.BR","202.925","61.6622","Belgium"
"3900","Supply Network Limited","SNL.AX","202.855","25.5064","Australia"
"3901","Rupa Company","RUPA.NS","202.849","1.54143","India"
"3902","COSCO Shipping Energy","600026.SS","202.788","2.76935","China"
"3903","Western New England Bancorp","WNEB","202.752","13.81","United States"
"3904","Coterra Energy","CTRA","202.703","32.56","United States"
"3905","GELEX Group Joint Stock Company","GEX.VN","202.688","1.00192","Vietnam"
"3906","Aflac","AFL","202.639","117.45","United States"
"3907","Hoa Phat Group","HPG.VN","202.637","0.850575","Vietnam"
"3908","Entra","ENTRA.OL","202.636","11.231","Norway"
"3909","First National of Nebraska","FINN","202.564","19500","United States"
"3910","Fope S.p.A.","FPE.MI","202.542","61.7788","Italy"
"3911","Sekisui House","1928.T","202.499","21.7108","Japan"
"3912","Sumitomo Osaka Cement","5232.T","202.417","36.1992","Japan"
"3913","KFin Technologies","KFINTECH.NS","202.205","10.0346","India"
"3914","UBS","UBS","202.128","54.52","Switzerland"
"3915","International Bancshares Corp","IBOC","202.063","70.77","United States"
"3916","KATITAS CO., Ltd.","8919.T","201.945","24.1893","Japan"
"3917","TC Energy","TRP","201.779","61.85","Canada"
"3918","RPM International","RPM","201.775","107.05","United States"
"3919","GAG Immobilien","GWK3.HM","201.63","56.4168","Germany"
"3920","Fujimi Incorporated","5384.T","201.613","22.7147","Japan"
"3921","Exchange Income Corporation","EIF.TO","201.61","87.826","Canada"
"3922","Trifast","TRI.L","201.596","1.15759","United Kingdom"
"3923","Investis Holding","IREN.SW","201.443","181.207","Switzerland"
"3924","iA Financial","IAG.TO","201.362","143.157","Canada"
"3925","Cementir","CEM.MI","201.351","16.9017","Italy"
"3926","Siljansvik AB","SIVI.ST","201.331","12.7222","Sweden"
"3927","Auto Trader Group","AUTO.L","201.207","7.17382","United Kingdom"
"3928","Furuno Electric Co., Ltd.","6814.T","201.162","48.5668","Japan"
"3929","TIS","3626.T","201.11","24.2897","Japan"
"3930","Gentex","GNTX","201.089","23.87","United States"
"3931","China National Nuclear Power","601985.SS","200.858","1.3244","China"
"3932","Republic Bank","RBCAA","200.679","94.28","United States"
"3933","Japan Post Holdings","6178.T","200.643","15.2164","Japan"
"3934","Wirtualna Polska (WP Holding)","WPL.WA","200.621","16.8675","Poland"
"3935","Easy Software","ESY.HM","200.452","21.5643","Germany"
"3936","Fintel Plc","FNTL.L","200.416","2.50241","United Kingdom"
"3937","Precia S.A.","ALPM.PA","200.275","31.2391","France"
"3938","Scholastic","SCHL","200.25","39.95","United States"
"3939","Hiscox","HSX.L","200.051","24.8502","Bermuda"
"3940","KakaoBank","323410.KS","199.935","15.6524","South Korea"
"3941","Genie Energy","GNE","199.867","15.01","United States"
"3942","East Japan Railway","9020.T","199.809","22.6143","Japan"
"3943","Stabilus","STM.DE","199.742","19.9091","Luxembourg"
"3944","Jamieson Wellness","JWEL.TO","199.436","32.8843","Canada"
"3945","Jensen-Group","JEN.BR","199.431","85.3246","Belgium"
"3946","SuRo Capital","SSSS","199.362","12.54","United States"
"3947","Ashok Leyland","ASHOKLEY.NS","199.315","1.83109","India"
"3948","Ramelius Resources","RMS.AX","199.168","2.8085","Australia"
"3949","Implenia AG","IMPN.SW","199.017","85.2664","Switzerland"
"3950","Wolverine World Wide","WWW","199.005","20.1","United States"
"3951","The Musashino Bank","8336.T","198.931","17.3937","Japan"
"3952","First Mid Bancshares","FMBH","198.807","50.3","United States"
"3953","Five Star Bancorp","FSBC","198.763","45.28","United States"
"3954","Maxell, Ltd.","6810.T","198.758","15.3607","Japan"
"3955","Banpu Public Company","BANPU.BK","198.748","0.445258","Thailand"
"3956","Aozora Bank","8304.T","198.714","21.2025","Japan"
"3957","Fever-Tree Drinks","FEVR.L","198.653","11.5691","United Kingdom"
"3958","Sonic Automotive","SAH","198.616","78.04","United States"
"3959","Santen Pharmaceutical","4536.T","198.595","11.6837","Japan"
"3960","Suzuken Co., Ltd.","9987.T","198.592","31.6814","Japan"
"3961","Poujoulat","ALPJT.PA","198.485","6.87726","France"
"3962","Dallah Healthcare","4004.SR","198.449","26.9011","Saudi Arabia"
"3963","Scandi Standard AB","SCST.ST","198.362","15.0105","Sweden"
"3964","Syensqo","SYENS.BR","198.36","92.7264","Belgium"
"3965","Aura Minerals","AUGO","198.208","89.3","United States"
"3966","Landstar System","LSTR","198.205","181.63","United States"
"3967","Macnica Holdings","3132.T","198.176","22.583","Japan"
"3968","Towa Pharmaceutical","4553.T","198.091","24.6599","Japan"
"3969","Kaiser Aluminum","KALU","198.071","155.5","United States"
"3970","Unicharm","8113.T","198.07","6.1656","Japan"
"3971","Interroll","INRN.SW","197.981","1988.31","Switzerland"
"3972","Wharf Holdings","0004.HK","197.979","2.58451","Hong Kong"
"3973","Metlen Energy &amp; Metals","MTLN.AT","197.868","57.2794","Greece"
"3974","Saudi Industrial Investment Group","2250.SR","197.822","3.36929","Saudi Arabia"
"3975","Halliburton","HAL","197.445","34.44","United States"
"3976","Pearson","PSO","197.2","16.43","United Kingdom"
"3977","Falabella","FALABELLA.SN","197.069","6.97328","Chile"
"3978","Aeria","3758.T","196.988","1.54987","Japan"
"3979","DoubleUGames","192080.KS","196.956","41.4499","South Korea"
"3980","Chocoladefabriken Lindt &amp; Sprüngli","LISP.SW","196.852","11120.6","Switzerland"
"3981","Becton Dickinson","BDX","196.787","190.21","United States"
"3982","Clere AG","CAG0.HM","196.751","14.4539","Germany"
"3983","Hilltop Holdings","HTH","196.687","38.64","United States"
"3984","Argo Investments","ARG.AX","196.413","6.62979","Australia"
"3985","Comforia Residential REIT","3282.T","196.39","633.753","Japan"
"3986","ALTEN","ATE.PA","196.223","88.0056","France"
"3987","KOMEDA Holdings","3543.T","196.193","18.6738","Japan"
"3988","Pilot Corporation","7846.T","195.914","12.7786","Japan"
"3989","Nexans","NEX.PA","195.852","168.318","France"
"3990","Citizens Financial Group","CFG","195.772","70.49","United States"
"3991","Birla Carbon (Thailand)","BCT.BK","195.751","1.51723","Thailand"
"3992","Barrick Gold","B","195.745","47","Canada"
"3993","ULVAC, Inc.","6728.T","195.654","47.4374","Japan"
"3994","Datang International Power Generation Company","601991.SS","195.454","0.885417","China"
"3995","Elang Mahkota Teknologi","EMTK.JK","195.378","0.0287324","Indonesia"
"3996","Golar LNG","GLNG","195.351","51.19","Bermuda"
"3997","Martinrea International","MRE.TO","195.276","7.254","Canada"
"3998","Air Liquide","AI.PA","195.017","195.967","France"
"3999","Nilörngruppen","NIL-B.ST","194.86","7.91464","Sweden"
"4000","YTL Corporation Berhad","1773.T","194.81","0.627479","Malaysia"
"4001","Sonova","SOON.SW","194.754","294.15","Switzerland"
"4002","Olam","VC2.SI","194.748","0.802644","Singapore"
"4003","F-Secure","FSECURE.HE","194.69","2.31962","Finland"
"4004","Sumitomo Metal Mining","5713.T","194.625","71.5326","Japan"
"4005","AlphaPolis","9467.T","194.624","7.52974","Japan"
"4006","Rollins","ROL","194.55","36.7","United States"
"4007","Ansell","ANN.AX","194.42","28.9398","Australia"
"4008","SLM Corporation (Sallie Mae)","SLM","194.175","26.78","United States"
"4009","Itōchū Shōji","8001.T","194.162","13.2084","Japan"
"4010","init innovation in traffic systems","IXX.DE","194.098","53.2113","Germany"
"4011","Johnson & Johnson","JNJ","194.074","270","United States"
"4012","Genki Global Dining Concepts","9828.T","194.07","22.0245","Japan"
"4013","Indian Railway Catering & Tourism","IRCTC.NS","193.958","5.10265","India"
"4014","Concordia Financial Group","7186.T","193.403","11.9974","Japan"
"4015","The Yokohama Rubber Company","5101.T","193.37","46.7346","Japan"
"4016","Safe Bulkers","SB","193.237","8.28","Monaco"
"4017","Sapporo","2501.T","192.949","12.0256","Japan"
"4018","Houlihan Lokey","HLI","192.604","129.8","United States"
"4019","Sysmex","6869.T","192.597","12.0476","Japan"
"4020","Mitsuba Corporation","7280.T","192.538","8.30154","Japan"
"4021","Pekabex","PBX.WA","192.269","2.37604","Poland"
"4022","Dollar General","DG","192.214","122.78","United States"
"4023","Gabriel Holding A/S","GABR.CO","192.135","39.5955","Denmark"
"4024","SSAB","SSAB-B.ST","192.046","10.7075","Sweden"
"4025","Saputo","SAP.TO","191.894","29.5274","Canada"
"4026","MGIC Investment","MTG","191.755","31.29","United States"
"4027","en Japan","4849.T","191.694","10.4161","Japan"
"4028","ESAB India","ESABINDIA.NS","191.555","63.9992","India"
"4029","Fukuda Denshi","6960.T","191.545","75.5484","Japan"
"4030","easyJet","EZJ.L","191.491","9.17651","United Kingdom"
"4031","Primo Brands","PRMB","191.471","22.98","United States"
"4032","Tomra","TOM.OL","191.465","11.6909","Norway"
"4033","AstraZeneca","AZN","191.436","166.27","United Kingdom"
"4034","Sanyo Denki","6516.T","191.426","34.5113","Japan"
"4035","OFG Bancorp","OFG","191.424","52.24","United States"
"4036","Josef Manner &amp; Comp","MAN.VI","191.35","118.895","Austria"
"4037","Yamaha","7951.T","191.24","8.30154","Japan"
"4038","Getinge","GETI-B.ST","191.15","25.6124","Sweden"
"4039","B.Grimm Power","BGRIM.BK","191.063","0.63434","Thailand"
"4040","Versant Media Group","VSNT","190.985","39.27","United States"
"4041","Piaggio","PIA.MI","190.976","2.37557","Italy"
"4042","Marsh & McLennan Companies","MRSH","190.934","193.26","United States"
"4043","NIPPON KANZAI Holdings","9347.T","190.874","18.2345","Japan"
"4044","Silgan Holdings","SLGN","190.831","42.97","United States"
"4045","Isetan Mitsukoshi Holdings","3099.T","190.754","22.4073","Japan"
"4046","Rockwool","ROCK-B.CO","190.706","33.1729","Denmark"
"4047","Kyushu Financial Group","7180.T","190.573","9.72906","Japan"
"4048","Full Truck Alliance","YMM","190.476","8.82","China"
"4049","United Internet","UTDI.F","190.454","29.8636","Germany"
"4050","BVZ Holding","BVZN.SW","190.396","1886.53","Switzerland"
"4051","Daiseki","9793.T","190.366","24.3775","Japan"
"4052","Bangchak Corporation","BCP.BK","190.243","1.63922","Thailand"
"4053","Siam Cement","SCC.BK","190.208","7.83776","Thailand"
"4054","Netwealth","NWL.AX","190.158","15.4432","Australia"
"4055","BTG Pactual","BPAC3.SA","190.115","4.27505","Brazil"
"4056","Vornado Realty Trust","VNO","189.987","38.95","United States"
"4057","Hirose Electric","6806.T","189.923","162.36","Japan"
"4058","Global Dominion Access","DOM.MC","189.906","3.17053","Spain"
"4059","Sika","SIKA.SW","189.817","237.741","Switzerland"
"4060","MarketAxess","MKTX","189.515","162.52","United States"
"4061","PTC India","PTC.NS","189.43","1.65277","India"
"4062","Rashtriya Chemicals and Fertilizers","RCF.NS","189.419","1.27579","India"
"4063","NAGAWA Co., Ltd.","9663.T","189.323","32.2524","Japan"
"4064","Coca-Cola FEMSA","KOF","189.222","116.9","Mexico"
"4065","Yum! Brands","YUM","189.107","154.41","United States"
"4066","Liberty Energy","LBRT","189.087","18.51","United States"
"4067","Euronext","ENX.PA","188.935","191.46","Netherlands"
"4068","Anker Innovations","300866.SZ","188.867","18.7798","China"
"4069","Nexon","3659.T","188.833","19.4016","Japan"
"4070","Worthington Steel","WS","188.679","33.92","United States"
"4071","Beazley","BEZ.L","188.652","17.6152","United Kingdom"
"4072","GEA Group","G1A.F","188.647","78.3891","Germany"
"4073","NLC India","NLCINDIA.NS","188.636","2.81397","India"
"4074","Boliden","BOL.ST","188.628","59.2653","Sweden"
"4075","MatsukiyoCocokara","3088.T","188.626","16.1858","Japan"
"4076","Sino-American Silicon Products","5483.TWO","188.576","5.73445","Taiwan"
"4077","Gamma Communications","GAMA.L","188.535","15.5976","United Kingdom"
"4078","Zehnder Group","ZEHN.SW","188.4","90.231","Switzerland"
"4079","Tenaga Nasional","TNABY","188.367","15.13","Malaysia"
"4080","Albany International","AIN","188.263","58.96","United States"
"4081","Sunny Optical","2382.HK","188.252","8.17706","China"
"4082","Sakata Seed","1377.T","188.203","27.5777","Japan"
"4083","NHK Spring","5991.T","188.125","21.4221","Japan"
"4084","Prudential","PUK","187.986","28.3","United Kingdom"
"4085","Optima bank","OPTIMA.AT","187.826","13.7778","Greece"
"4086","BDO Unibank","BDOUY","187.817","19.7","Philippines"
"4087","Gasco (National Gas and Industrialization Company)","2080.SR","187.789","16.3404","Saudi Arabia"
"4088","REE (Refrigeration Electrical Engineering Corporation)","REE.VN","187.709","1.75479","Vietnam"
"4089","The Ogaki Kyoritsu Bank","8361.T","187.53","51.1395","Japan"
"4090","Tegna","TGNA","187.219","20.03","United States"
"4091","Keiyo Gas","9539.T","187.138","8.48351","Japan"
"4092","Innospec","IOSP","187.121","95.66","United States"
"4093","Monotaro","3064.T","187.089","11.7495","Japan"
"4094","Edia","3935.T","186.862","4.24803","Japan"
"4095","1st Source","SRCE","186.84","86.17","United States"
"4096","Haleon","HLN","186.824","10.17","United Kingdom"
"4097","CMC Markets Plc","CMCX.L","186.738","9.74172","United Kingdom"
"4098","Birchcliff Energy","BIR.TO","186.686","4.55266","Canada"
"4099","Future Corporation","4722.T","186.681","15.3732","Japan"
"4100","BlackRock","BLK","186.497","1173.21","United States"
"4101","Consolidated Water","CWCO","186.418","30.04","Cayman Islands"
"4102","L3Harris Technologies","LHX","186.34","262.96","United States"
"4103","Paramount Skydance","PSKY","186.22","10.74","United States"
"4104","Steve Madden","SHOO","186.211","45.11","United States"
"4105","MPS Limited","MPSLTD.NS","186.196","27.946","India"
"4106","Ovintiv","OVV","185.989","64.52","United States"
"4107","CMOC","3993.HK","185.962","2.23625","China"
"4108","Vossloh AG","VOS.DE","185.883","70.725","Germany"
"4109","SFS Group","SFSN.SW","185.747","165.072","Switzerland"
"4110","SIG (Semen Indonesia)","SMGR.JK","185.728","0.0847887","Indonesia"
"4111","Okamoto Industries","5122.T","185.651","39.4684","Japan"
"4112","Techtronic Industries","0669.HK","185.521","17.6936","Hong Kong"
"4113","Kanamoto","9678.T","185.44","34.5741","Japan"
"4114","International Container Terminal Services","ICTEF","185.423","15.572","Philippines"
"4115","Graubündner Kantonalbank","GRKP.SW","185.422","3152.5","Switzerland"
"4116","Match Group","MTCH","185.405","42.07","United States"
"4117","Huntington Ingalls Industries","HII","185.223","296.4","United States"
"4118","Stella-Jones","SJ.TO","185.21","50.036","Canada"
"4119","LIC Housing Finance","LICHSGFIN.NS","185.195","5.62009","India"
"4120","Accelleron Industries","ACLN.SW","185.14","98.6707","Switzerland"
"4121","Macmahon Holdings","MAH.AX","184.952","0.718288","Australia"
"4122","Geojit Financial Services","GEOJITFSL.NS","184.834","0.856814","India"
"4123","ALS Global","ALQ.AX","184.773","16.0825","Australia"
"4124","WD-40 Company","WDFC","184.689","216.58","United States"
"4125","PCBL Limited","PCBL.NS","184.668","3.38588","India"
"4126","EDION Corporation","2730.T","184.624","15.8752","Japan"
"4127","Pacific Basin Shipping","2343.HK","184.429","0.529404","Hong Kong"
"4128","Bechtle","BC8.F","184.427","42.9421","Germany"
"4129","Coca-Cola İçecek","CCOLA.IS","184.312","1.62991","Turkey"
"4130","Glanbia plc","GL9.IR","184.3","26.2968","Ireland"
"4131","Nipro Corporation","8086.T","184.207","9.61297","Japan"
"4132","Vidrala","VID.MC","184.183","104.325","Spain"
"4133","Hikari Tsushin","9435.T","184.13","253.69","Japan"
"4134","Paramount Resources","POU.TO","183.993","22.7633","Canada"
"4135","Machvision Inc.","3563.TW","183.951","21.835","Taiwan"
"4136","Azelis Group","AZE.BR","183.792","14.0343","Belgium"
"4137","Kingsgate Consolidated Limited","KCN.AX","183.666","3.80692","Australia"
"4138","International Flavors & Fragrances","IFF","183.655","87.12","United States"
"4139","Ohsho Food Service","9936.T","183.607","18.6236","Japan"
"4140","Engineers India","ENGINERSIN.NS","183.599","2.58856","India"
"4141","Commerce Bancshares","CBSH","183.573","58.5","United States"
"4142","L'Oréal","OR.PA","183.456","446.847","France"
"4143","Scherzer &amp; Co. AG","PZS.DE","183.437","3.10059","Germany"
"4144","Dexerials Corporation","4980.T","183.369","19.3138","Japan"
"4145","CITIC Metal","601061.SS","183.295","1.77381","China"
"4146","Djurslands Bank A/S","DJUR.CO","183.294","164.462","Denmark"
"4147","Voya Financial","VOYA","183.179","101.54","United States"
"4148","Nankai Tatsumura Construction","1850.T","183.176","2.66678","Japan"
"4149","United Super Markets Holdings","3222.T","183.176","5.33357","Japan"
"4150","Elior Group","ELIOR.PA","183.093","2.47348","France"
"4151","ZPMC (Shanghai Zhenhua Heavy Industries)","600320.SS","183.006","0.607143","China"
"4152","ZTO Express","ZTO","182.927","21.32","China"
"4153","Magyar Bancorp","MGYR","182.927","19.68","United States"
"4154","Wemade","112040.KQ","182.808","10.9784","South Korea"
"4155","AECOM","ACM","182.768","65.11","United States"
"4156","Capital Securities Corporation","601136.SS","182.525","2.12946","China"
"4157","IMCD","IMCD.AS","182.512","112.041","Netherlands"
"4158","Equinix","EQIX","182.473","1079.61","United States"
"4159","Banco Santander Brasil","BSBR","182.444","5.81","Brazil"
"4160","CeoTronics","CEK.DE","182.408","12.5189","Germany"
"4161","CASIO","6952.T","182.233","15.0783","Japan"
"4162","AO World","AO.L","182.138","1.27716","United Kingdom"
"4163","RBB Bancorp","RBB","182.094","26.36","United States"
"4164","Himax Technologies","HIMX","182.081","13.84","Taiwan"
"4165","Gränges","GRNG.ST","182.001","18.7579","Sweden"
"4166","Adidas","ADS.DE","181.922","177.527","Germany"
"4167","Empire Company","EMP-A.TO","181.898","35.1606","Canada"
"4168","NXP Semiconductors","NXPI","181.761","223.15","Netherlands"
"4169","Paltac Corporation","8283.T","181.483","41.6018","Japan"
"4170","Iwaki Co.","6237.T","181.429","25.9149","Japan"
"4171","LG Household &amp; Health Care","051905.KS","181.394","76.8852","South Korea"
"4172","Siemens","SIE.DE","181.378","335.703","Germany"
"4173","Kinden Corporation","1944.T","181.37","43.7666","Japan"
"4174","VPBank (Vietnam Prosperity Joint Stock Commercial Bank)","VPB.VN","181.336","1.04981","Vietnam"
"4175","Satellite Chemical","002648.SZ","181.294","4.07589","China"
"4176","Borussia Dortmund","BVB.F","181.279","3.76501","Germany"
"4177","Juroku Financial Group","7380.T","181.186","16.1764","Japan"
"4178","Temenos","TEMN.SW","180.972","94.2026","Switzerland"
"4179","Selective Insurance","SIGI","180.775","92.38","United States"
"4180","Tradegate Exchange","T2G.F","180.719","94.4166","Germany"
"4181","Canadian Natural Resources","CNQ","180.701","49.64","Canada"
"4182","Aeon Hokkaido Corporation","7512.T","180.626","5.40887","Japan"
"4183","Scout24 (ImmoScout24)","G24.F","180.608","94.4749","Germany"
"4184","Toho Gas","9533.T","180.356","7.61759","Japan"
"4185","Taiba Investments","4090.SR","180.329","5.002","Saudi Arabia"
"4186","First Business Financial Services","FBIZ","180.258","69.9","United States"
"4187","Zheshang Securities","601878.SS","179.992","1.39583","China"
"4188","JEOL Ltd.","6951.T","179.98","44.7831","Japan"
"4189","Bank of America","BAC","179.978","62.23","United States"
"4190","KOBAYASHI Pharmaceutical","4967.T","179.89","35.6408","Japan"
"4191","TCL Technology Group Corporation","000100.SZ","179.842","0.739583","China"
"4192","Troax Group AB","TROAX.ST","179.832","15.2415","Sweden"
"4193","Accenture","ACN","179.733","181.38","Ireland"
"4194","Citigroup","C","179.695","133.56","United States"
"4195","Makkah Construction &amp; Development","4100.SR","179.674","22.2133","Saudi Arabia"
"4196","MODEC, Inc.","6269.T","179.524","61.2231","Japan"
"4197","Perdoceo Education","PRDO","179.319","33.46","United States"
"4198","Travis Perkins","TPK.L","179.239","8.86537","United Kingdom"
"4199","Herc Holdings","HRI","179.211","156.24","United States"
"4200","ASRock Rack Incorporation","7711.TW","178.757","15.5334","Taiwan"
"4201","Yamaha Motor","7272.T","178.647","11.9629","Japan"
"4202","Nakanishi","7716.T","178.328","19.8597","Japan"
"4203","Essentra plc","ESNT.L","178.205","1.5015","United Kingdom"
"4204","Hindustan Zinc","HINDZINC.NS","177.944","6.42401","India"
"4205","Singtel","Z74.SI","177.912","3.56693","Singapore"
"4206","BOK Financial","BOKF","177.797","138.36","United States"
"4207","CDW Corporation","CDW","177.789","141.46","United States"
"4208","Union Pacific Corporation","UNP","177.709","310.62","United States"
"4209","KlaraBo Sverige","KLARA-B.ST","177.702","1.44227","Sweden"
"4210","Ezaki Glico Co., Ltd.","2206.T","177.645","32.654","Japan"
"4211","Information Services Corporation","ISC.TO","177.469","36.7166","Canada"
"4212","Sega Sammy Holdings","6460.T","177.459","18.9248","Japan"
"4213","Sino Biopharmaceutical","1177.HK","177.426","0.718842","China"
"4214","ICL Group","ICL","177.305","5.64","Israel"
"4215","New India Assurance","NIACL.NS","177.281","1.94595","India"
"4216","Hartalega","5168.KL","177.246","0.25115","Malaysia"
"4217","Konica Minolta","4902.T","177.226","4.13446","Japan"
"4218","Ridgepost Capital","RPC","177.215","8.69","United States"
"4219","Gujarat Gas","GUJGASLTD.NS","177.157","3.42568","India"
"4220","Orange County Bancorp","OBT","177.155","37.82","United States"
"4221","CDSL","CDSL.NS","177.144","14.8109","India"
"4222","Pop Mart International Group","9992.HK","177.129","19.6454","China"
"4223","Southwest Airlines","LUV","177.035","40.67","United States"
"4224","Danaos","DAC","176.956","152.58","Greece"
"4225","Nittetsu Mining","1515.T","176.796","24.6599","Japan"
"4226","Enact Holdings","ACT","176.793","49.21","United States"
"4227","Dialog Group","7277.KL","176.74","0.48738","Malaysia"
"4228","Popular, Inc. (Banco Popular de Puerto Rico)","BPOP","176.73","169.75","United States"
"4229","Gujarat Mineral Development","GMDCLTD.NS","176.708","5.94532","India"
"4230","Kelly Services","KELYA","176.678","16.98","United States"
"4231","Trelleborg AB","TREL-B.ST","176.645","46.6481","Sweden"
"4232","Springfield Properties","SPR.L","176.517","1.50609","United Kingdom"
"4233","Tokyu","9005.T","176.503","10.3785","Japan"
"4234","Electrosteel Castings","ELECTCAST.NS","176.42","0.828218","India"
"4235","South32","S32.AX","176.391","3.74228","Australia"
"4236","Savaria Corporation","SIS.TO","176.369","20.6815","Canada"
"4237","CIE Automotive India","CIEINDIA.NS","176.331","4.13638","India"
"4238","Rusta AB","RUSTA.ST","176.212","8.48147","Sweden"
"4239","Home Bancorp","HBCP","176.199","69.24","United States"
"4240","Tōkyō Gas","9531.T","176.087","38.1444","Japan"
"4241","Resorttrust","4681.T","176.036","11.7935","Japan"
"4242","Century Communities","CCS","175.995","69.32","United States"
"4243","Utz Brands","UTZ","175.809","14.22","United States"
"4244","Automotive Axles","AUTOAXLES.NS","175.642","18.0915","India"
"4245","Zotefoams","ZTF.L","175.544","6.09367","United Kingdom"
"4246","Costain Group","COST.L","175.507","3.16572","United Kingdom"
"4247","Hill &amp; Smith PLC","HILS.L","175.473","40.1489","United Kingdom"
"4248","Imperial Oil","IMO","175.451","131.49","Canada"
"4249","Carl Zeiss Meditec","AFXA.F","175.318","35.9016","Germany"
"4250","BancFirst","BANF","175.313","111.8","United States"
"4251","J. Front Retailing","3086.T","175.282","19.6966","Japan"
"4252","Knorr-Bremse","KBX.DE","175.254","123.907","Germany"
"4253","KB Home","KBH","175.162","57.09","United States"
"4254","Fagron","FAGR.BR","175.047","26.052","Belgium"
"4255","American Healthcare REIT","AHR","174.948","57.16","United States"
"4256","CALIDA Holding","CALN.SW","174.914","17.5746","Switzerland"
"4257","Swissquote","SQN.SW","174.819","51.3088","Switzerland"
"4258","Kubota","6326.T","174.812","17.8141","Japan"
"4259","Companhia de Saneamento do Paraná (SANEPAR)","SAPR4.SA","174.687","1.26949","Brazil"
"4260","Almirall","ALM.MC","174.465","12.2392","Spain"
"4261","Bayan Resources","BYAN.JK","174.359","0.84507","Indonesia"
"4262","Monash IVF Group","MVF.AX","174.346","0.481253","Australia"
"4263","Ryanair","RYAAY","174.281","56.69","Ireland"
"4264","Utah Medical Products","UTMD","174.214","70.89","United States"
"4265","Grupo Bimbo","BIMBOA.MX","174.15","3.53496","Mexico"
"4266","Valhi","VHI","174.102","18.38","United States"
"4267","Yanlord","Z25.SI","174.067","0.444602","Singapore"
"4268","KBR","KBR","174.005","37.93","United States"
"4269","Tennant Company","TNC","173.956","70.42","United States"
"4270","Elementis","ELM.L","173.928","2.42388","United Kingdom"
"4271","Smiths Group","SMIN.L","173.85","35.706","United Kingdom"
"4272","Scorpio Tankers","STNG","173.681","74.85","Monaco"
"4273","Boralex","BLX.TO","173.634","26.9219","Canada"
"4274","Magazine Luíza","MGLU3.SA","173.618","0.915666","Brazil"
"4275","State Street Corporation","STT","173.536","193.62","United States"
"4276","Exponent","EXPO","173.443","70.34","United States"
"4277","Vecima Networks","VCM.TO","173.184","8.99726","Canada"
"4278","Comer Industries","COM.MI","173.174","56.4168","Italy"
"4279","ADENTRA Inc.","ADEN.TO","173.024","25.7888","Canada"
"4280","Fanuc","6954.T","173.023","37.793","Japan"
"4281","Sun Life Financial","SLF","172.929","79.05","Canada"
"4282","A. O. Smith","AOS","172.855","62.48","United States"
"4283","GlobalData","DATA.L","172.853","1.15352","United Kingdom"
"4284","All for One Group","A1OS.DE","172.723","79.0302","Germany"
"4285","Gerdau","GGB","172.646","4.46","Brazil"
"4286","Alkhorayef Water and Power Technologies Company","2081.SR","172.446","27.0875","Saudi Arabia"
"4287","Royal Caribbean Group","RCL","172.414","290","United States"
"4288","Zijin Mining","601899.SS","172.368","5.14435","China"
"4289","Richelieu Hardware","RCH.TO","172.258","25.6568","Canada"
"4290","AB INVL Baltic Farmland","INL1L.VS","172.215","7.92633","Lithuania"
"4291","Motorpoint Group","MOTR.L","172.189","1.73231","United Kingdom"
"4292","Barclays","BCS","172.134","27.13","United Kingdom"
"4293","Shin-Etsu Chemical","4063.T","172.119","37.6048","Japan"
"4294","Nabtesco Corporation","6268.T","172.065","28.7448","Japan"
"4295","Keihanshin Building","8818.T","171.929","7.10306","Japan"
"4296","Shimano","7309.T","171.9","124.68","Japan"
"4297","Ackermans &amp; Van Haaren","ACKB.BR","171.863","301.9","Belgium"
"4298","Mirrabooka Investments Limited","MIR.AX","171.782","1.83163","Australia"
"4299","Tata Chemicals","TATACHEM.NS","171.776","6.69058","India"
"4300","McBride","MCB.L","171.747","2.32188","United Kingdom"
"4301","McGrath RentCorp","MGRC","171.704","114.15","United States"
"4302","Dutch Lady Milk Industries","3026.KL","171.62","7.82295","Malaysia"
"4303","Instabank ASA","INSTA.OL","171.341","0.534809","Norway"
"4304","Aecon Group","ARE.TO","171.324","31.6669","Canada"
"4305","Aeon Kyushu","2653.T","171.263","17.8267","Japan"
"4306","Lottomatica Group","LTMC.MI","171.208","29.1176","Italy"
"4307","J.Jill","JILL","171.198","19.86","United States"
"4308","Masco","MAS","171.196","73.6","United States"
"4309","BAE Systems","BA.L","171.069","28.4453","United Kingdom"
"4310","Korea Zinc","010130.KS","171.069","994.217","South Korea"
"4311","Mitsubishi Pencil","7976.T","170.976","19.1067","Japan"
"4312","Northrop Grumman","NOC","170.925","549.95","United States"
"4313","Kagome Co., Ltd.","2811.T","170.847","17.1553","Japan"
"4314","China Railway Materials","000927.SZ","170.818","0.372024","China"
"4315","Cracker Barrel","CBRL","170.78","58.555","United States"
"4316","INMA Holding Company","IHGS.QA","170.713","0.727747","Qatar"
"4317","Nitto Denko","6988.T","170.673","21.466","Japan"
"4318","GS Yuasa Corporation","6674.T","170.64","33.7207","Japan"
"4319","Makino Milling Machine","6135.T","170.612","96.6317","Japan"
"4320","Occidental Petroleum","OXY","170.59","58.62","United States"
"4321","Northern Trust","NTRS","170.521","187.66","United States"
"4322","Serco Group","SRP.L","170.51","3.4918","United Kingdom"
"4323","Capital Limited","CAPD.L","170.5","1.52172","United Kingdom"
"4324","Elevance Health","ELV","170.418","402.54","United States"
"4325","BinDawood","4161.SR","170.244","1.24917","Saudi Arabia"
"4326","China Everbright Limited","0165.HK","170.178","0.75775","Hong Kong"
"4327","Navigator Global Investments","NGI.AX","170.066","1.846","Australia"
"4328","TOMY Company","7867.T","169.931","22.9971","Japan"
"4329","Science Group","SAG.L","169.852","7.84296","United Kingdom"
"4330","Nachi-Fujikoshi","6474.T","169.829","35.9545","Japan"
"4331","Perella Weinberg Partners","PWP","169.8","16.49","United States"
"4332","National Company for Learning and Education","4291.SR","169.753","38.9666","Saudi Arabia"
"4333","Nippon Express","9147.T","169.681","35.9859","Japan"
"4334","OBIC","4684.T","169.66","30.2319","Japan"
"4335","JVCKENWOOD Corporation","6632.T","169.648","6.47872","Japan"
"4336","Cargojet","CJT.TO","169.639","61.3744","Canada"
"4337","VRL Logistics","VRLLOG.NS","169.594","3.08212","India"
"4338","Metro","MRU.TO","169.591","64.9834","Canada"
"4339","SATS","S58.SI","169.565","3.17123","Singapore"
"4340","CLEAR Secure","YOU","169.492","44.25","United States"
"4341","Southern Copper","SCCO","169.361","213.75","United States"
"4342","DiaSorin","DIA.MI","169.335","87.3762","Italy"
"4343","Assa Abloy","ASSA-B.ST","169.277","37.3543","Sweden"
"4344","Lime Technologies AB","LIME.ST","169.222","26.3996","Sweden"
"4345","Bajaj Holdings &amp; Investment","BAJAJHLDNG.NS","169.173","119.524","India"
"4346","Escorts Kubota","ESCORTS.NS","169.069","31.2821","India"
"4347","The Eastern Company","EML","169.068","26.025","United States"
"4348","Fevara","FVA.L","168.923","1.88856","United Kingdom"
"4349","Shenzhen Salubris Pharmaceuticals","002294.SZ","168.847","4.81399","China"
"4350","Saudi Tadawul Group Holding Company","1111.SR","168.777","35.9569","Saudi Arabia"
"4351","Gen Digital","GEN","168.691","29.64","United States"
"4352","Pentair","PNR","168.629","62.86","United Kingdom"
"4353","YAKUODO HOLDINGS","7679.T","168.48","10.5103","Japan"
"4354","Electrica","ECEA.F","168.445","15.1533","Romania"
"4355","Síminn hf.","SIMINN.IC","168.365","0.101948","Iceland"
"4356","JPMorgan Chase","JPM","168.303","356.5","United States"
"4357","Companhia Paranaense de Energia (COPEL)","ELPC","168.291","11.29","Brazil"
"4358","Fujibo Holdings","3104.T","168.263","21.7735","Japan"
"4359","Kulmbacher Brauerei","KUL.MU","168.256","40.5642","Germany"
"4360","Citizen Watch","7762.T","168.212","17.0611","Japan"
"4361","SalMar ASA","SALM.OL","168.196","61.717","Norway"
"4362","London Stock Exchange","LSEG.L","168.178","120.053","United Kingdom"
"4363","Praj Industries","PRAJIND.NS","168.162","3.71897","India"
"4364","Nucleus Software Exports","NUCLEUS.NS","168.161","7.7197","India"
"4365","Soochow Securities","601555.SS","168.161","1.2128","China"
"4366","SBS Holdings","2384.T","168.102","32.6916","Japan"
"4367","Sanford Limited","SAN.NZ","167.894","4.1047","New Zealand"
"4368","3M","MMM","167.778","180","United States"
"4369","Dupont De Nemours","DD","167.752","137.98","United States"
"4370","Sound Financial Bancorp","SFBC","167.75","47.69","United States"
"4371","Secure Energy Services","SES.TO","167.617","17.3246","Canada"
"4372","Air Asia Company Limited (AACL)","2630.TW","167.465","1.66047","Taiwan"
"4373","Aldrees Petroleum and Transport Services","4200.SR","167.395","31.7219","Saudi Arabia"
"4374","Rotork","ROR.L","167.221","6.60045","United Kingdom"
"4375","Legrand","LR.PA","166.974","161.616","France"
"4376","Oconee Federal Financial","OFED","166.667","24","United States"
"4377","Singapore Exchange","S68.SI","166.619","20.2047","Singapore"
"4378","Davide Campari-Milano","CPR.MI","166.477","6.76069","Italy"
"4379","LTM Limited","LTM.NS","166.356","47.0933","India"
"4380","Coca-Cola Bottlers Japan","2579.T","166.324","24.5972","Japan"
"4381","Premier Foods","PFD.L","166.275","2.6929","United Kingdom"
"4382","Kintetsu GHD","9041.T","166.251","22.037","Japan"
"4383","Punjab &amp; Sind Bank","PSB.NS","166.204","0.244684","India"
"4384","Sumitomo Denki Kōgyō","5802.T","166.143","14.1496","Japan"
"4385","Mallplaza","MALLPLAZA.SN","166.106","4.32749","Chile"
"4386","Marten Transport","MRTN","165.975","14.46","United States"
"4387","JCU Corporation","4975.T","165.972","34.9506","Japan"
"4388","The Hartford","HIG","165.88","139.86","United States"
"4389","Compagnie du Cambodge","CBDG.PA","165.716","123.558","France"
"4390","TMX Group","X.TO","165.549","39.3603","Canada"
"4391","TKO Group Holdings","TKO","165.514","187.9","United States"
"4392","EQB (Equitable Bank)","EQB.TO","165.45","99.3157","Canada"
"4393","Buzzi Unicem","BZU.MI","165.444","47.8611","Italy"
"4394","C. H. Robinson","CHRW","165.425","151.73","United States"
"4395","Nissan Shatai","7222.T","165.338","5.8983","Japan"
"4396","TOTO","5332.T","165.292","40.6355","Japan"
"4397","Meliá Hotels International","MEL.MC","165.281","11.8895","Spain"
"4398","Alandalus Property Company","4320.SR","165.047","4.01651","Saudi Arabia"
"4399","State Bank of India","SBIN.NS","164.969","10.9385","India"
"4400","Lion Corp","4912.T","164.805","11.8562","Japan"
"4401","Sungrow Power Supply","300274.SZ","164.785","14.7083","China"
"4402","Ichibanya Co., Ltd.","7630.T","164.761","5.92967","Japan"
"4403","Virco Manufacturing","VIRC","164.745","6.07","United States"
"4404","The Shikoku Bank","8387.T","164.703","22.2441","Japan"
"4405","Okinawa Cellular Telephone Company","9436.T","164.658","25.6011","Japan"
"4406","Bossard Holding","BOSN.SW","164.656","290.427","Switzerland"
"4407","PennyMac Financial Services","PFSI","164.609","72.9","United States"
"4408","UFP Industries","UFPI","164.466","86.34","United States"
"4409","Hanover Insurance Group","THG","164.178","228.41","United States"
"4410","Redington India","REDINGTON.NS","164.164","3.78077","India"
"4411","Shimadzu","7701.T","163.769","25.7266","Japan"
"4412","Mitsubishi Materials","5711.T","163.715","37.2973","Japan"
"4413","Volution Group","FAN.L","163.536","9.239","United Kingdom"
"4414","Wanhua Chemical","600309.SS","163.516","11.2976","China"
"4415","Goldman Sachs","GS","163.389","1040.46","United States"
"4416","L&amp;T Technology Services","LTTS.NS","163.38","37.1478","India"
"4417","Nisshinbo Holdings","3105.T","163.321","13.4594","Japan"
"4418","Manulife Financial","MFC","163.313","43.23","Canada"
"4419","Victory Capital","VCTR","163.296","120.64","United States"
"4420","Bao Viet Holdings","BVH.VN","163.269","2.44444","Vietnam"
"4421","Harvia Oyj","HARVIA.HE","163.184","52.6868","Finland"
"4422","The Miyazaki Bank","8393.T","163.156","15.6744","Japan"
"4423","Eckert &amp; Ziegler","EUZ.F","163.018","15.3514","Germany"
"4424","Lite-On Technology","2301.TW","162.89","9.4839","Taiwan"
"4425","Louisiana-Pacific","LPX","162.876","71.22","United States"
"4426","AMP Limited","AMP.AX","162.775","1.71821","Australia"
"4427","PHINIA","PHIN","162.764","70.04","United States"
"4428","Texas Instruments","TXN","162.738","261.77","United States"
"4429","NAPCO Security Technologies","NSSC","162.329","35.73","United States"
"4430","VZ Holding","VZN.SW","162.301","219.93","Switzerland"
"4431","Southern Cross Electrical Engineering","SXE.AX","162.239","3.23229","Australia"
"4432","Stadler Rail","SRAIL.SW","162.222","38.3761","Switzerland"
"4433","Myers Industries","MYE","162.113","33.31","United States"
"4434","Advantech","2395.TW","162.104","21.2679","Taiwan"
"4435","Samsung Life Insurance","032830.KS","162.078","222.467","South Korea"
"4436","HDFC Bank","HDB","162.063","23.17","India"
"4437","Formosa Petrochemical","6505.TW","161.859","2.29063","Taiwan"
"4438","Mebuki Financial Group","7167.T","161.849","10.5636","Japan"
"4439","Private Equity Holding","PEHN.SW","161.795","75.4614","Switzerland"
"4440","Ingersoll Rand India","INGERRAND.NS","161.782","48.2748","India"
"4441","General Dynamics","GD","161.772","382.02","United States"
"4442","Costamare","CMRE","161.725","14.84","Monaco"
"4443","Kerry Group","KRZ.IR","161.494","98.0301","Ireland"
"4444","Quanex Building Products","NX","161.453","19.82","United States"
"4445","Franchise Brands plc","FRAN.L","161.443","2.10595","United Kingdom"
"4446","Torrent Power","TORNTPOWER.NS","161.427","12.8836","India"
"4447","PChem (Petronas Chemicals Group)","5183.KL","161.426","1.06179","Malaysia"
"4448","Tsugami Corporation","6101.T","161.28","33.6956","Japan"
"4449","Carrier Global","CARR","160.878","58.74","United States"
"4450","MainStreet Bancshares","MNSB","160.643","24.9","United States"
"4451","Capitec Bank","CPI.JO","160.58","292.875","South Africa"
"4452","Zabka Group","ZAB.WA","160.547","8.52834","Poland"
"4453","TriNet","TNET","160.511","70.4","United States"
"4454","EL.En. S.p.A. (Elen Group)","ELN.MI","160.507","17.7643","Italy"
"4455","Ramsay Health Care","RHC.AX","160.423","35.9575","Australia"
"4456","NP3 Fastigheter AB","NP3.ST","160.385","26.9245","Sweden"
"4457","Aristocrat","ALL.AX","160.322","43.1763","Australia"
"4458","Riken Keiki","7734.T","160.244","20.9578","Japan"
"4459","Voestalpine","VAS.F","160.226","53.2463","Austria"
"4460","Stifel","SF","160.125","80.77","United States"
"4461","Stock Yards Bancorp","SYBT","160.04","79.98","United States"
"4462","Yamazaki Baking Co., Ltd.","2212.T","160.009","22.8967","Japan"
"4463","Waste Management","WM","160.007","221.24","United States"
"4464","Dassault Aviation","AM.PA","159.97","341.299","France"
"4465","Ottobock","OBCK.F","159.9","69.0057","Germany"
"4466","Permata Bank","BNLI.JK","159.876","0.12169","Indonesia"
"4467","Vermilion Energy","VET","159.869","12.26","Canada"
"4468","Elecnor","ENO.MC","159.488","37.0673","Spain"
"4469","Klöckner &amp; Co","KCO.DE","159.458","14.2674","Germany"
"4470","Service Corporation International","SCI","159.288","85.38","United States"
"4471","Tiantan Bio","600161.SS","159.283","1.85565","China"
"4472","Auckland Airport","AIA.AX","159.247","5.09266","New Zealand"
"4473","Nankai Electric Railway","9044.T","159.163","19.182","Japan"
"4474","CF Industries","CF","159.109","125.7","United States"
"4475","BİM Birleşik Mağazalar","BIMAS.IS","159.083","8.58066","Turkey"
"4476","Micro Systemation","MSAB-B.ST","159.009","9.80408","Sweden"
"4477","Allstate","ALL","158.894","261.81","United States"
"4478","Daikin","6367.T","158.762","130.767","Japan"
"4479","Garofalo Health Care","GHC.MI","158.667","6.64413","Italy"
"4480","Industrivarden","INDU-A.ST","158.421","56.7881","Sweden"
"4481","Oberbank","OBS.VI","158.346","96.981","Austria"
"4482","Neowiz Games","095660.KQ","158.299","13.0219","South Korea"
"4483","Logitech","LOGI","158.199","100.19","Switzerland"
"4484","BBVA Argentina","BBAR","158.177","14.92","Argentina"
"4485","SoftwareONE","SWON.SW","157.814","11.6853","Switzerland"
"4486","PBF Energy","PBF","157.751","69.73","United States"
"4487","Appirits","4174.T","157.499","5.42769","Japan"
"4488","KWS","KWS.F","157.401","90.8031","Germany"
"4489","Tecan","TECN.SW","157.31","232.093","Switzerland"
"4490","Plumas Bancorp","PLBC","157.222","61.06","United States"
"4491","discoverIE Group plc","DSCV.L","157.212","11.0189","United Kingdom"
"4492","Seven Group Holdings
 (SGH)","SGH.AX","157.163","28.4729","Australia"
"4493","Koskisen Oyj","KOSKI.HE","157.04","10.141","Finland"
"4494","Arendals Fossekompani","AFK.OL","156.832","19.9484","Norway"
"4495","Teikoku Sen-i Co., Ltd.","3302.T","156.725","21.4284","Japan"
"4496","Apollo Global Management","APO","156.58","133.67","United States"
"4497","Computer Engineering &amp; Consulting","9692.T","156.45","15.6117","Japan"
"4498","Elia Group","ELI.BR","156.293","148.619","Belgium"
"4499","Nürnberger Versicherung","NBG6.F","156.141","145.705","Germany"
"4500","Compagnie Financière Richemont","CFR.SW","155.98","236.375","Switzerland"
"4501","Columbus McKinnon","CMCO","155.729","17.98","United States"
"4502","The Toro Company","TTC","155.685","99.56","United States"
"4503","Hamamatsu","6965.T","155.634","14.9089","Japan"
"4504","Kering","KER.PA","155.613","293.799","France"
"4505","Japan Airport Terminal","9706.T","155.608","37.2785","Japan"
"4506","Ito En, Ltd.","2593.T","155.596","18.8369","Japan"
"4507","Merck KGaA","MRK.DE","155.576","161.557","Germany"
"4508","Marcus &amp; Millichap","MMI","155.28","32.2","United States"
"4509","Avnet","AVT","155.056","90.29","United States"
"4510","Omron","6645.T","155.055","40.9555","Japan"
"4511","Middle East Healthcare Company","4009.SR","154.923","8.76282","Saudi Arabia"
"4512","Riverview Bancorp","RVSB","154.889","5.165","United States"
"4513","Laboratorios Farmaceuticos Rovi","ROVI.MC","154.882","70.8707","Spain"
"4514","Power Integrations","POWI","154.827","54.9","United States"
"4515","dormakaba","DOKA.SW","154.703","72.6068","Switzerland"
"4516","Toyota Tsusho","8015.T","154.668","47.3746","Japan"
"4517","Canadian National Railway","CNI","154.618","127.54","Canada"
"4518","KE Holdings","BEKE","154.449","17.87","China"
"4519","Central Plaza Hotel","CENTEL.BK","154.435","1.30375","Thailand"
"4520","Balfour Beatty","BBY.L","154.33","12.0554","United Kingdom"
"4521","Arco Vara AS","ARC1T.TL","154.29","1.47453","Estonia"
"4522","Viohalco","VIO.BR","154.087","20.0723","Belgium"
"4523","JM AB","JM.ST","154.009","13.415","Sweden"
"4524","Janus Henderson","JHG","153.994","51.95","United Kingdom"
"4525","Jonhon Optronic Technology","002179.SZ","153.865","5.28274","China"
"4526","edding AG","EDD3.F","153.701","37.7447","Germany"
"4527","SRG Global Limited","SRG.AX","153.296","2.73668","Australia"
"4528","Sabancı Holding","SAHOL.IS","153.237","1.95402","Turkey"
"4529","Systemair AB","SYSR.ST","153.223","9.13228","Sweden"
"4530","Page Industries","PAGEIND.NS","152.964","375.354","India"
"4531","Uniper","UN0.DE","152.581","53.6776","Germany"
"4532","Thales","HO.PA","152.543","292.342","France"
"4533","Alfa Laval","ALFA.ST","152.517","60.7769","Sweden"
"4534","Lectra SA","LSS.PA","152.482","26.052","France"
"4535","Toray Industries","3402.T","152.466","8.00976","Japan"
"4536","Keisei Electric Railway Co., Ltd.","9009.T","152.448","8.41135","Japan"
"4537","Park Aerospace","PKE","152.346","32.82","United States"
"4538","Airbus","AIR.PA","152.185","239.946","Netherlands"
"4539","HD Hyundai","267250.KS","152.124","156.524","South Korea"
"4540","Ranger Energy Services","RNGR","151.995","15.79","United States"
"4541","Industrie De Nora","DNR.MI","151.951","7.734","Italy"
"4542","Kameda Seika","2220.T","151.943","8.84117","Japan"
"4543","Airtel Africa","AAF.L","151.929","4.64668","United Kingdom"
"4544","Mirbud S.A.","MRB.WA","151.798","3.44107","Poland"
"4545","Secom","9735.T","151.742","40.2402","Japan"
"4546","BHP Group","BHP","151.562","96.33","Australia"
"4547","CDL Investments New Zealand Limited","CDI.NZ","151.544","0.380726","New Zealand"
"4548","Clas Ohlson AB","CLAS-B.ST","151.424","47.6768","Sweden"
"4549","Merlin Properties","MRL.MC","151.343","16.0858","Spain"
"4550","Bergbahnen Engelberg-Trübsee-Titlis","TIBN.SW","151.34","64.5394","Switzerland"
"4551","Cyient","CYIENT.NS","151.136","11.0092","India"
"4552","FactSet","FDS","150.956","295.45","United States"
"4553","Mizuno Corporation","8022.T","150.95","25.4129","Japan"
"4554","Reinsurance Group of America","RGA","150.882","246.55","United States"
"4555","Hochtief","HOT.F","150.839","497.727","Germany"
"4556","Per Aarsleff Holding A/S B","PAAL-B.CO","150.682","121.172","Denmark"
"4557","Synchrony Financial","SYF","150.414","79.78","United States"
"4558","The Ehime Bank","8541.T","150.224","19.5773","Japan"
"4559","Karnataka Bank","KTKBANK.NS","150.198","3.45082","India"
"4560","Oppenheimer Holdings","OPY","150.168","115.87","United States"
"4561","Hua Xia Bank","600015.SS","150.019","0.985119","China"
"4562","Kingdom Holding","4280.SR","149.814","3.73685","Saudi Arabia"
"4563","Investar Holding","ISTR","149.701","30.06","United States"
"4564","Anheuser-Busch Inbev","BUD","149.688","78.43","Belgium"
"4565","Fraport","FRA.DE","149.676","76.0578","Germany"
"4566","Symphony Limited","SYMPHONY.NS","149.552","6.26375","India"
"4567","Hamilton Beach Brands","HBB","149.507","32.44","United States"
"4568","Nutrien","NTR","149.436","73.61","Canada"
"4569","3M India","3MINDIA.NS","149.209","360.323","India"
"4570","Nokian Tyres","TYRES.HE","149.127","19.0465","Finland"
"4571","St. James's Place","STJ.L","148.86","15.9441","United Kingdom"
"4572","engcon AB","ENGCON-B.ST","148.859","6.90694","Sweden"
"4573","Ashtead","AHT.L","148.856","72.3405","United Kingdom"
"4574","Vaisala","VAIAS.HE","148.805","65.7419","Finland"
"4575","Primerica","PRI","148.793","301.09","United States"
"4576","C.Uyemura & Co.,Ltd.","4966.T","148.784","124.617","Japan"
"4577","Iyogin Holdings","5830.T","148.681","24.6411","Japan"
"4578","SWCC Corporation","5805.T","148.635","91.6119","Japan"
"4579","Friedrich Vorwerk Group","VH2.DE","148.578","85.0915","Germany"
"4580","Nomura Research Institute","4307.T","148.494","31.6626","Japan"
"4581","Hanover Bancorp","HNVR","148.478","26.94","United States"
"4582","Ferguson Enterprises","FERG","148.475","235.73","United Kingdom"
"4583","Şişecam","SISE.IS","148.409","0.835627","Turkey"
"4584","Baker Hughes","BKR","148.387","62","United States"
"4585","Sandvik","SAND.ST","148.334","41.6516","Sweden"
"4586","GAMCO Investors","GAMI","148.322","25.62","United States"
"4587","ASBISc Enterprises","ASB.WA","148.272","37.3301","Cyprus"
"4588","Mastek","MASTEK.NS","148.234","16.9079","India"
"4589","Container Corporation of India","CONCOR.NS","148.09","5.33571","India"
"4590","Genpact","G","148.048","36.88","Bermuda"
"4591","Samsung E&A","028050.KS","148.038","36.3049","South Korea"
"4592","REA Group","REA.AX","148.012","123.768","Australia"
"4593","Renishaw","RSW.L","147.936","70.1757","United Kingdom"
"4594","Cisco","CSCO","147.739","112.36","United States"
"4595","Dis-Chem Pharmacies","DCP.JO","147.69","1.83928","South Africa"
"4596","Organo Corporation","6368.T","147.554","82.7644","Japan"
"4597","Yokogawa Electric Corporation","6841.T","147.528","32.2838","Japan"
"4598","NCC Limited","NCC.NS","147.355","1.58312","India"
"4599","Migros Ticaret A.S.","MGROS.IS","147.322","11.6452","Turkey"
"4600","Royalty Pharma","RPRX","147.249","61.8","United Kingdom"
"4601","JAPAN MATERIAL Co., Ltd.","6055.T","147.202","13.8986","Japan"
"4602","First Bancorp","FBNC","147.174","63.87","United States"
"4603","Vale Indonesia","INCO.JK","147.102","0.298592","Indonesia"
"4604","Tongling Nonferrous Metals Group Co.,Ltd.","000630.SZ","146.913","1.00595","China"
"4605","Simplex Holdings","4373.T","146.824","7.48582","Japan"
"4606","Mobimo Holding","MOBN.SW","146.694","422.609","Switzerland"
"4607","The Keiyo Bank","8544.T","146.649","17.4878","Japan"
"4608","HD Hyundai Marine Solution","443060.KS","146.559","160.147","South Korea"
"4609","YTO Express","600233.SS","146.479","2.52232","China"
"4610","Xylem","XYL","146.359","113.42","United States"
"4611","Vedant Fashions","MANYAVAR.NS","146.346","5.70808","India"
"4612","Villars Holding","VILN.SW","146.337","750.89","Switzerland"
"4613","Dana Incorporated","DAN","146.277","30.08","United States"
"4614","Gentian Diagnostics ASA","GENT.OL","146.165","4.23569","Norway"
"4615","Currys plc","CURY.L","146.07","2.03258","United Kingdom"
"4616","Virtu Financial","VIRT","146.03","65.74","United States"
"4617","GMO Payment Gateway","3769.T","145.877","60.2756","Japan"
"4618","Extendicare","EXE.TO","145.868","22.8209","Canada"
"4619","Dr. Sulaiman Al Habib Medical Services Group Company","4013.SR","145.835","64.163","Saudi Arabia"
"4620","Phoenix Education Partners","PXED","145.833","28.8","United States"
"4621","Ryder","R","145.81","249.64","United States"
"4622","Graco","GGG","145.729","79.6","United States"
"4623","Calian Group","CGY.TO","145.681","54.4518","Canada"
"4624","Menicon Co., Ltd.","7780.T","145.63","11.7401","Japan"
"4625","Select Water Solutions","WTTR","145.606","19.23","United States"
"4626","Bredband2 i Skandinavien AB","BRE2.ST","145.602","0.353073","Sweden"
"4627","Ferroglobe","GSM","145.546","3.985","United Kingdom"
"4628","Tekscend Photomask","429A.T","145.513","23.4991","Japan"
"4629","Sofina","SOF.VI","145.429","284.182","Belgium"
"4630","Ion Beam Applications","IBAB.BR","145.394","19.6293","Belgium"
"4631","Nippon Television Holdings","9404.T","145.386","18.8997","Japan"
"4632","Equity Bancshares","EQBK","145.366","49.53","United States"
"4633","Rohto Pharmaceutical","4527.T","145.242","19.3389","Japan"
"4634","The Company for Cooperative Insurance","8010.SR","145.165","36.9956","Saudi Arabia"
"4635","Burford Capital","BUR","145.161","4.34","Guernsey"
"4636","Caltagirone Editore","CED.MI","145.113","3.13556","Italy"
"4637","Square Enix","9684.T","145.04","18.1028","Japan"
"4638","Daio Paper Corporation","3880.T","144.82","6.18066","Japan"
"4639","AB Vilkyskiu pienine","VLP1L.VS","144.808","18.0674","Lithuania"
"4640","FDC India","FDC.NS","144.802","3.60794","India"
"4641","DEUTZ","DEZ.DE","144.695","14.0926","Germany"
"4642","Happiest Minds Technologies","HAPPSTMNDS.NS","144.654","4.53179","India"
"4643","Perseus Mining","PRU.AX","144.64","4.83408","Australia"
"4644","Air Astana","7YH.F","144.431","5.75825","Kazakhstan"
"4645","Toei Animation","4816.T","144.36","18.611","Japan"
"4646","CCL Industries","CCL-B.TO","144.232","66.7843","Canada"
"4647","NGK Insulators","5333.T","144.193","33.8776","Japan"
"4648","Desay SV","002920.SZ","144.015","12.8274","China"
"4649","Werner Enterprises","WERN","143.996","38.89","United States"
"4650","Erdemir","EREGL.IS","143.988","0.808203","Turkey"
"4651","Delek US","DK","143.986","70.84","United States"
"4652","Planisware","PLNW.PA","143.983","28.4998","France"
"4653","Weis Markets","WMK","143.763","70.95","United States"
"4654","India Nippon Electricals","INDNIPPON.NS","143.62","11.1553","India"
"4655","Shinsegae","004170.KS","143.585","307.975","South Korea"
"4656","secunet","YSN.F","143.382","206.085","Germany"
"4657","Miller Industries","MLR","143.357","57.2","United States"
"4658","Pharmanutra","PHN.MI","143.337","96.165","Italy"
"4659","Takara Holdings","2531.T","143.174","13.221","Japan"
"4660","Saudi Steel Pipes","1320.SR","143.157","13.8101","Saudi Arabia"
"4661","MinebeaMitsumi","6479.T","143.064","21.3405","Japan"
"4662","MITSUI-SOKO HOLDINGS Co., Ltd.","9302.T","143.063","20.9139","Japan"
"4663","Deutsche Börse","DB1.DE","142.962","335.121","Germany"
"4664","Jeudan","JDAN.CO","142.836","31.957","Denmark"
"4665","Anritsu Corporation","6754.T","142.686","21.397","Japan"
"4666","Séché Environnement","SCHP.PA","142.638","95.5822","France"
"4667","Nichicon Corporation","6996.T","142.586","16.5905","Japan"
"4668","GATX","GATX","142.305","178.49","United States"
"4669","Eimskipafélag Íslands","EIM.IC","142.19","2.37049","Iceland"
"4670","Sumitomo Bakelite Company","4203.T","142.08","47.2742","Japan"
"4671","Ateam","3662.T","142.061","6.01752","Japan"
"4672","Shibaura Mechatronics","6590.T","142.061","25.7894","Japan"
"4673","Al Masane Al Kobra Mining Company","1322.SR","141.83","23.5451","Saudi Arabia"
"4674","IRadimed","IRMD","141.763","87.47","United States"
"4675","Hornbach Baumarkt","HBM.HM","141.66","72.2695","Germany"
"4676","SKF (Svenska Kullagerfabriken)","SKF-B.ST","141.393","29.0448","Sweden"
"4677","Lassonde Industries","LAS-A.TO","141.331","172.893","Canada"
"4678","Lifetime Brands","LCUT","141.292","9.13","United States"
"4679","Bergman &amp; Beving","BERG-B.ST","141.189","29.1288","Sweden"
"4680","Atkore","ATKR","140.98","93.63","United States"
"4681","Total Energy Services","TOT.TO","140.917","22.115","Canada"
"4682","Jamjoom Pharmaceuticals Factory Company","4015.SR","140.871","37.7414","Saudi Arabia"
"4683","Britannia Industries","BRITANNIA.NS","140.848","55.4206","India"
"4684","Eurowag (W.A.G payment solutions)","EWG.L","140.837","1.41302","United Kingdom"
"4685","WH Smith","SMWH.L","140.702","5.67384","United Kingdom"
"4686","HireQuest","HQI","140.68","17.06","United States"
"4687","Kinepolis Group","KIN.BR","140.649","52.5119","Belgium"
"4688","FedEx","FDX","140.636","335.99","United States"
"4689","MISUMI Group","9962.T","140.594","23.0096","Japan"
"4690","The Weir Group","WEIR.L","140.583","39.3745","United Kingdom"
"4691","TBS Holdings","9401.T","140.499","36.5067","Japan"
"4692","Rocky Brands","RCKY","140.456","45.21","United States"
"4693","Komeri Co.,Ltd.","8218.T","140.45","24.3462","Japan"
"4694","California BanCorp","BCAL","140.449","21.36","United States"
"4695","NIKKON Holdings","9072.T","140.423","34.1474","Japan"
"4696","Texas Roadhouse","TXRH","140.279","203.88","United States"
"4697","Novonesis","NZYM.VI","140.267","70.6609","Denmark"
"4698","Lumibird","LBIRD.PA","140.224","29.782","France"
"4699","Morgan Stanley","MS","140.135","214.08","United States"
"4700","Lens Technology","300433.SZ","139.877","5.81101","China"
"4701","Genus","GNS.L","139.703","31.4126","United Kingdom"
"4702","ATHEX  (Athens Stock Exchange)","EXAE.AT","139.629","9.34841","Greece"
"4703","The Hyakugo Bank","8368.T","139.604","14.8712","Japan"
"4704","Melrose Industries","MRO.L","139.597","6.82871","United Kingdom"
"4705","L.D.C. S.A.","LOUP.PA","139.541","125.656","France"
"4706","Moulinvest","ALMOU.PA","139.412","26.9262","France"
"4707","Universal Insurance Holdings","UVE","139.397","43.76","United States"
"4708","Infratil","IFT.NZ","139.221","8.66151","New Zealand"
"4709","Kewpie Corporation","2809.T","139.16","29.4036","Japan"
"4710","Elm Company","7203.SR","138.915","172.46","Saudi Arabia"
"4711","Chinese Gamer International","3083.TWO","138.883","0.734136","Taiwan"
"4712","Fosun Pharma","600196.SS","138.838","3.40625","China"
"4713","Shoper","SHO.WA","138.782","11.3801","Poland"
"4714","Intuit","INTU","138.776","345.88","United States"
"4715","ARKO Petroleum","APC","138.741","18.74","United States"
"4716","Kyocera","6971.T","138.674","22.8967","Japan"
"4717","FB Financial","FBK","138.6","57.72","United States"
"4718","Emerson","EMR","138.543","158.29","United States"
"4719","Fuji Co., Ltd.","8278.T","138.49","13.2272","Japan"
"4720","Derichebourg","DBG.PA","138.423","10.6481","France"
"4721","Community West Bancshares","CWBC","138.408","26.01","United States"
"4722","Cummins","CMI","138.375","578.14","United States"
"4723","SAP","SAP","138.369","211.68","Germany"
"4724","Brederode","BREB.BR","138.329","120.061","Luxembourg"
"4725","Crane NXT","CXT","138.231","50.64","United States"
"4726","Parken Sport (F.C. Copenhagen)","PARKEN.CO","138.12","33.36","Denmark"
"4727","J D Wetherspoon","JDW.L","138.119","11.508","United Kingdom"
"4728","Capital One","COF","138.115","217.21","United States"
"4729","Jack Henry &amp; Associates","JKHY","138.059","172.39","United States"
"4730","Intercos","ICOS.MI","138.03","16.2024","Italy"
"4731","ChemoMetec","CHEMM.CO","137.972","77.2892","Denmark"
"4732","KION Group","KGX.DE","137.856","51.7193","Germany"
"4733","Hangzhou EZVIZ Network","688475.SS","137.743","4.29167","China"
"4734","Toho Co.","9602.T","137.5","9.76984","Japan"
"4735","Wintrust Financial","WTFC","137.165","153.1","United States"
"4736","Oshkosh Corporation","OSK","137.16","157.48","United States"
"4737","Kusuri No Aoki Holdings","3549.T","137.053","25.7078","Japan"
"4738","SMC corp","6273.T","137.021","445.635","Japan"
"4739","WASGAU Produktions &amp; Handels AG","MSH.F","136.966","9.9662","Germany"
"4740","ChipMOS Technologies","IMOS","136.96","57.17","Taiwan"
"4741","Fastenal","FAST","136.852","51.15","United States"
"4742","Walt Disney","DIS","136.824","109.63","United States"
"4743","Fuji Electric","6504.T","136.77","89.2902","Japan"
"4744","Osaka Soda","4046.T","136.571","13.108","Japan"
"4745","MSCI","MSCI","136.472","564.22","United States"
"4746","China Gold International Resources","CGG.TO","136.437","33.3271","Canada"
"4747","Olympus","7733.T","136.323","13.4375","Japan"
"4748","Karur Vysya Bank","KARURVYSYA.NS","136.183","3.63884","India"
"4749","Workman","7564.T","136.176","39.9076","Japan"
"4750","Catering International &amp; Services","ALCIS.PA","136.17","25.0612","France"
"4751","BNY Mellon (Bank of New York Mellon)","BNY","136.13","163.08","United States"
"4752","MATSUDA SANGYO","7456.T","136.101","44.8647","Japan"
"4753","Gesco SE","GSC1.DE","136.011","16.7269","Germany"
"4754","Schneider Electric","SU.PA","135.989","351.265","France"
"4755","Harmony Gold","HMY","135.948","22.95","South Africa"
"4756","NCAB Group AB","NCAB.ST","135.869","8.33451","Sweden"
"4757","Epiroc","EPI-A.ST","135.793","28.7929","Sweden"
"4758","PROG Holdings","PRG","135.781","39.77","United States"
"4759","MediaTek","2454.TW","135.737","121.778","Taiwan"
"4760","Kikkoman","2801.T","135.683","11.2507","Japan"
"4761","Yaskawa","6506.T","135.515","30.6398","Japan"
"4762","Quest Diagnostics","DGX","135.51","245","United States"
"4763","Solid State Group","SOLI.L","135.46","2.56111","United Kingdom"
"4764","EQT","EQT.ST","135.354","35.0281","Sweden"
"4765","Vitec Software Group","VIT-B.ST","135.232","27.5648","Sweden"
"4766","Hyundai Mobis","012330.KS","135.158","327.179","South Korea"
"4767","Gildan","GIL","135.125","53.58","Canada"
"4768","SK Group","034730.KS","135.083","402.904","South Korea"
"4769","Apollo Tyres","APOLLOTYRE.NS","135.016","4.64439","India"
"4770","Richardson Electronics","RELL","134.983","17.78","United States"
"4771","Installed Building Products","IBP","134.959","246","United States"
"4772","YTL Power International","6742.KL","134.89","1.44971","Malaysia"
"4773","Computacenter","CCC.L","134.882","74.3876","United Kingdom"
"4774","Seatrium","5E2.SI","134.723","1.73119","Singapore"
"4775","TUI","TUI1.F","134.679","8.42756","Germany"
"4776","Nojima Corporation","7419.T","134.627","8.0129","Japan"
"4777","Southern Missouri Bancorp","SMBC","134.608","74.29","United States"
"4778","Fastighets AB Trianon","TRIAN-B.ST","134.546","1.91043","Sweden"
"4779","Bloomin' Brands","BLMN","134.529","11.15","United States"
"4780","Sino AG","XTP.DE","134.414","122.392","Germany"
"4781","Oracle","ORCL","134.345","148.87","United States"
"4782","Takashimaya Company","8233.T","134.278","15.4611","Japan"
"4783","Daifuku","6383.T","134.27","36.3812","Japan"
"4784","Shanghai Lujiazui Finance & Trade Zone Development Co.,Ltd.","600663.SS","134.268","1.35714","China"
"4785","Rhön-Klinikum","RHK.DE","133.683","17.0183","Germany"
"4786","JD Sports Fashion","JD.L","133.624","1.19638","United Kingdom"
"4787","Lennox","LII","133.597","393.72","United States"
"4788","DAIHEN Corporation","6622.T","133.507","82.3252","Japan"
"4789","Parque Arauco","PARAUCO.SN","133.501","4.29572","Chile"
"4790","Singapore Land","U06.SI","133.303","2.62827","Singapore"
"4791","Estee Lauder","EL","133.257","105.06","United States"
"4792","Miahona Company","2084.SR","133.24","3.0257","Saudi Arabia"
"4793","CARE's Ratings","CARERATING.NS","133.091","17.1782","India"
"4794","OBIC Business Consultants","4733.T","133.058","53.3357","Japan"
"4795","Sasken Technologies","SASKEN.NS","133.026","19.5067","India"
"4796","Phibro Animal Health","PAHC","133.001","36.09","United States"
"4797","Wavestone SA","WAVE.PA","132.813","39.5151","France"
"4798","Cobram Estate Olives","CBO.AX","132.74","2.37035","Australia"
"4799","Suncor Energy","SU","132.633","65.67","Canada"
"4800","ProSiebenSat.1 Media","PSM.F","132.521","4.29188","Germany"
"4801","Kakaku.com","2371.T","132.469","23.0473","Japan"
"4802","Kurita Water Industries Ltd.","6370.T","132.43","51.6415","Japan"
"4803","Symrise","SY1.DE","132.391","106.889","Germany"
"4804","Arteche Lantegi Elkartea, S.A.","ART.MC","132.194","34.1532","Spain"
"4805","Bestechnic","688608.SS","132.028","15.6711","China"
"4806","Cera Sanitaryware","CERA.NS","132.02","59.2961","India"
"4807","Compañía Cervecerías Unidas","CCU","131.955","12.58","Chile"
"4808","Nongshim","004370.KS","131.919","309.425","South Korea"
"4809","Finning","FTT.TO","131.707","66.3593","Canada"
"4810","Sociedad Química y Minera","SQM","131.579","78.28","Chile"
"4811","Toronto Dominion Bank","TD","131.541","119.43","Canada"
"4812","Shiseido","4911.T","131.538","23.2104","Japan"
"4813","Origin Bancorp","OBK","131.406","53.27","United States"
"4814","Worthington Enterprises","WOR","131.102","57.97","United States"
"4815","WillScot","WSC","131.086","21.36","United States"
"4816","Japan Elevator Service Holdings","6544.T","131.081","9.78239","Japan"
"4817","adesso SE","ADN1.DE","131.014","68.0732","Germany"
"4818","Donaldson Company","DCI","130.817","93.26","United States"
"4819","China Tourism Group Duty Free","601888.SS","130.798","7.90923","China"
"4820","Nippon Paint","4612.T","130.73","7.47327","Japan"
"4821","North American Construction Group","NOA","130.729","13.31","Canada"
"4822","Excel Industries","EXCELINDUS.NS","130.727","10.9223","India"
"4823","RTX","RTX","130.667","211.99","United States"
"4824","PILLAR Corporation","6490.T","130.63","63.6263","Japan"
"4825","Lumo Kodit Oyj","LUMO.HE","130.514","9.48828","Finland"
"4826","Vishay Intertechnology","VSH","130.463","30.66","United States"
"4827","Creades AB","CRED-A.ST","130.455","9.48392","Sweden"
"4828","Kyoritsu Maintenance Co., Ltd.","9616.T","130.43","21.5351","Japan"
"4829","America Movil","AMX","130.398","23.62","Mexico"
"4830","Tiptree","TIPT","130.152","18.44","United States"
"4831","Nextage Co Ltd","3186.T","130.135","21.1147","Japan"
"4832","SS&C Technologies","SSNC","130.042","83.05","United States"
"4833","Carriage Services","CSV","130.035","34.76","United States"
"4834","Methanex","MEOH","129.984","56.93","Canada"
"4835","Garmin","GRMN","129.749","289.02","Switzerland"
"4836","bioMérieux","BIM.PA","129.677","86.0823","France"
"4837","Lindsay Corporation","LNN","129.677","114.13","United States"
"4838","Fujitsu","6702.T","129.645","23.5493","Japan"
"4839","99 Speed Mart Retail","5326.KL","129.565","0.840482","Malaysia"
"4840","Aspen Pharmacare","APN.JO","129.407","9.7905","South Africa"
"4841","Ebara Corporation","6361.T","129.184","30.2507","Japan"
"4842","LY Corporation","4689.T","129.16","3.45113","Japan"
"4843","Kumho Petrochemical","011780.KS","129.126","89.5665","South Korea"
"4844","CIBC (Canadian Imperial Bank of Commerce)","CM","129.103","118.2","Canada"
"4845","CRA International","CRAI","128.889","170.69","United States"
"4846","Sildarvinnslan","SVN.IC","128.746","1.03605","Iceland"
"4847","Academy Sports + Outdoors","ASO","128.588","43.55","United States"
"4848","Plus Alpha Consulting","4071.T","128.509","13.7794","Japan"
"4849","I'LL inc.","3854.T","128.306","15.2289","Japan"
"4850","TJX Companies","TJX","128.261","136.83","United States"
"4851","Mitsubishi Paper Mills","3864.T","128.111","7.48582","Japan"
"4852","Samsung SDS","018260.KS","127.985","169.568","South Korea"
"4853","Investor AB","INVE-B.ST","127.779","43.853","Sweden"
"4854","Meidensha Corporation","6508.T","127.742","75.0464","Japan"
"4855","Saudi Chemical Holding Company","2230.SR","127.738","2.08283","Saudi Arabia"
"4856","Bajaj Auto","BAJAJ-AUTO.NS","127.544","122.478","India"
"4857","Amalgamated Financial","AMAL","127.441","48.65","United States"
"4858","China Securities (CSC Financial)","601066.SS","127.127","3.83631","China"
"4859","Cummins India","CUMMINSIND.NS","127.124","54.1479","India"
"4860","Iridium Communications","IRDM","127.119","47.2","United States"
"4861","NewMarket Corp","NEU","126.982","925.33","United States"
"4862","Integral Corporation","5842.T","126.914","18.5232","Japan"
"4863","JK Paper","JKPAPER.NS","126.882","4.12328","India"
"4864","Bank First","BFC","126.879","153.69","United States"
"4865","Tokyo Kiraboshi Financial Group","7173.T","126.768","10.7173","Japan"
"4866","Bharti Airtel","BHARTIARTL.NS","126.757","19.7675","India"
"4867","Kawasaki Heavy Industries","7012.T","126.711","16.4807","Japan"
"4868","Haier Smart Home","600690.SS","126.586","3.14286","China"
"4869","Bandai Namco","7832.T","126.582","35.2141","Japan"
"4870","Linde","LIN","126.445","490.33","United Kingdom"
"4871","Sumitomo Realty &amp; Development","8830.T","126.416","21.2527","Japan"
"4872","Veris Residential","VRE","126.382","18.99","United States"
"4873","dLocal","DLO","126.302","15.36","Uruguay"
"4874","QL Resources","7084.KL","126.243","0.979734","Malaysia"
"4875","Invisio AB","IVSO.ST","126.232","24.435","Sweden"
"4876","Rockwell Automation","ROK","126.23","431.75","United States"
"4877","MITSUI E&amp;S","7003.T","126.178","27.584","Japan"
"4878","CNO Financial Group","CNO","126.073","54.73","United States"
"4879","Kotobuki Spirits","2222.T","125.889","16.9764","Japan"
"4880","Smartoptics Group","SMOP.OL","125.873","4.95233","Norway"
"4881","Amerant Bancorp","AMTB","125.698","28.64","United States"
"4882","NB Bancorp","NBBK","125.561","22.3","United States"
"4883","Dai Nippon Printing","7912.T","125.483","19.4644","Japan"
"4884","BLS International","BLS.NS","125.48","2.50173","India"
"4885","cBrain","CBRAIN.CO","125.456","12.2684","Denmark"
"4886","Visteon","VC","125.374","103.69","United States"
"4887","Sendas Distribuidora (Assaí Atacadista)","ASAI3.SA","125.343","1.6272","Brazil"
"4888","Reliance","RS","125.268","391.16","United States"
"4889","Somany Ceramics","SOMANYCERA.NS","125.267","5.84529","India"
"4890","Crompton Greaves Consumer Electricals","CROMPTON.NS","125.249","2.49921","India"
"4891","Cybozu","4776.T","125.16","19.5146","Japan"
"4892","Hub Group","HUBG","125","40","United States"
"4893","Ball Corporation","BALL","124.902","64.05","United States"
"4894","Nerolac Paints","KANSAINER.NS","124.839","2.08139","India"
"4895","Nagarro","NA9.DE","124.794","91.1528","Germany"
"4896","Middlefield Banc","MBCN","124.74","33.67","United States"
"4897","Dole PLC","DOLE","124.725","13.63","Ireland"
"4898","CyberAgent","4751.T","124.618","8.32978","Japan"
"4899","Mitsui High-tec","6966.T","124.493","5.88575","Japan"
"4900","Vetoquinol","VETO.PA","124.325","83.9259","France"
"4901","Weichai Power","2338.HK","124.262","4.03113","China"
"4902","AS Latvijas Juras medicinas centrs","LJM1R.RG","124.049","9.17","Latvia"
"4903","AlzChem Group","ACT.DE","123.978","190.349","Germany"
"4904","Giant Network Group","002558.SZ","123.959","4.05357","China"
"4905","Altus Group","AIF.TO","123.779","34.3322","Canada"
"4906","Zhejiang Huayou Cobalt","603799.SS","123.585","5.97917","China"
"4907","Royal holdings","8179.T","123.582","8.64665","Japan"
"4908","Intercontinental Exchange","ICE","123.518","161.92","United States"
"4909","Kojamo","KOJAMO.HE","123.462","10.1349","Finland"
"4910","MAAS Group Holdings","MGH.AX","123.442","3.96495","Australia"
"4911","Quaker Houghton","KWR","123.361","164.72","United States"
"4912","H.B. Fuller","FUL","123.17","58.05","United States"
"4913","Sinfonia Technology","6507.T","123.13","76.8661","Japan"
"4914","Leidos","LDOS","122.972","137.43","United States"
"4915","Yum China","YUMC","122.933","47.18","China"
"4916","Amrize","AMRZ","122.932","44.74","Switzerland"
"4917","Tapestry","TPR","122.841","130.25","United States"
"4918","IDEX","IEX","122.611","234.89","United States"
"4919","The Travelers Companies","TRV","122.592","371.15","United States"
"4920","Welltower","WELL","122.537","241.56","United States"
"4921","IHH Healthcare","Q0F.SI","122.288","2.0853","Malaysia"
"4922","Baycurrent","6532.T","122.251","49.9473","Japan"
"4923","Indutrade","INDT.ST","122.24","26.0952","Sweden"
"4924","Kri-Kri Milk Industry","KRI.AT","122.204","37.1838","Greece"
"4925","Beiersdorf","BEI.DE","122.108","93.181","Germany"
"4926","Pinnacle Financial Partners","PNFP","122.071","101.58","United States"
"4927","Prime Office A/S","PRIMOF.CO","122.006","36.166","Denmark"
"4928","Bankwell Financial Group","BWFG","121.858","65.65","United States"
"4929","The Andersons, Inc.","ANDE","121.858","65.24","United States"
"4930","The Japan Steel Works","5631.T","121.645","48.3535","Japan"
"4931","Mercury General","MCY","121.606","104.6","United States"
"4932","COSMOS Pharmaceutical","3349.T","121.473","41.2191","Japan"
"4933","CSG International","CSGS","121.452","80.69","United States"
"4934","Vesta Real Estate","VTMX","121.37","34.44","Mexico"
"4935","George Weston","WN.TO","121.33","70.984","Canada"
"4936","Seibu Holdings","9024.T","121.207","21.1586","Japan"
"4937","Fuji Corporation","6134.T","121.119","45.373","Japan"
"4938","HTC Corporation","2498.TW","121.062","1.27607","Taiwan"
"4939","Navigator Holdings","NVGS","121.043","21.48","United Kingdom"
"4940","Musashi Seimitsu Industry","7220.T","120.51","20.2676","Japan"
"4941","Albemarle","ALB","120.437","134.51","United States"
"4942","Fukuyama Transporting","9075.T","120.431","40.3469","Japan"
"4943","M3, Inc","2413.T","120.375","11.1597","Japan"
"4944","Carlisle Companies","CSL","120.311","365.72","United States"
"4945","Nikkiso Co., Ltd.","6376.T","120.201","23.8756","Japan"
"4946","Raymond James Financial","RJF","119.984","176.69","United States"
"4947","Airports of Thailand","AOT.BK","119.974","1.98994","Thailand"
"4948","Taiwan Business Bank","2834.TW","119.951","0.515155","Taiwan"
"4949","Tencent","TCEHY","119.908","56.46","China"
"4950","Whitehaven Coal","WHC.AX","119.881","5.8325","Australia"
"4951","New York Times","NYT","119.848","68.42","United States"
"4952","The Oita Bank","8392.T","119.83","18.1404","Japan"
"4953","Sensient Technologies","SXT","119.743","136.96","United States"
"4954","DATRON AG","DAR.DE","119.741","9.49994","Germany"
"4955","NRG Energy","NRG","119.683","116.14","United States"
"4956","Williams-Sonoma","WSM","119.614","237.43","United States"
"4957","Neo Performance Materials","NEO.TO","119.613","23.6853","Canada"
"4958","Boyaa Interactive","0434.HK","119.565","0.388442","China"
"4959","Patanjali Foods","PATANJALI.NS","119.401","3.62941","India"
"4960","Weatherford International","WFRD","119.318","88","United States"
"4961","Assurant","AIZ","119.233","288.51","United States"
"4962","Mitsubishi Estate","8802.T","119.211","23.5618","Japan"
"4963","EQT Corporation","EQT","119.182","54.79","United States"
"4964","Edelweiss Financial Services","EDELWEISS.NS","119.176","1.31245","India"
"4965","RENK Group","R3NK.DE","119.073","55.9214","Germany"
"4966","Emerald Holding","EEX","119.048","5.04","United States"
"4967","Hansol Chemical","014680.KS","118.492","149.278","South Korea"
"4968","ePlus","PLUS","118.384","86.16","United States"
"4969","Shikoku Kasei Holdings Corp","4099.T","118.241","15.4924","Japan"
"4970","Astec Industries","ASTE","118.236","43.98","United States"
"4971","Hubbell","HUBB","118.105","472.46","United States"
"4972","Truecaller","TRUE-B.ST","118.063","2.45627","Sweden"
"4973","UMB Financial","UMBF","117.901","143.34","United States"
"4974","Saudi Company for Hardware (SACO)","4008.SR","117.835","5.64656","Saudi Arabia"
"4975","Linamar","LNR.TO","117.714","69.7954","Canada"
"4976","Hansoh Pharma","3692.HK","117.706","4.69703","China"
"4977","Fuji Kyuko","9010.T","117.369","17.4314","Japan"
"4978","Hoya","7741.T","117.339","153.513","Japan"
"4979","D. R. Horton","DHI","117.253","149.25","United States"
"4980","Church & Dwight","CHD","117.247","102.86","United States"
"4981","Carnival Corporation","CCL","117.233","25.59","United States"
"4982","Methode Electronics","MEI","117.233","17.06","United States"
"4983","Rosetti Marino","YRM.MI","117.106","291.409","Italy"
"4984","Evercore","EVR","117.013","291.42","United States"
"4985","Technology One","TNE.AX","116.91","22.7266","Australia"
"4986","Antofagasta","ANTO.L","116.661","54.4558","United Kingdom"
"4987","Badger Meter","BMI","116.661","137.15","United States"
"4988","Bachem","BANB.SW","116.569","93.9544","Switzerland"
"4989","Fujiya Co., Ltd.","2211.T","116.542","15.7183","Japan"
"4990","AS Siguldas Ciltslietu Un Maksligas Apseklosanas Stacija","SCM1R.RG","116.524","7.80977","Latvia"
"4991","BELIMO Holding","BEAN.SW","116.417","1058.07","Switzerland"
"4992","Prakash Industries","PRAKASH.NS","116.353","1.33707","India"
"4993","Internet Initiative Japan Inc.","3774.T","116.345","20.4684","Japan"
"4994","Clairvest Group","CVG.TO","116.253","58.8532","Canada"
"4995","Asahi Intecc","7747.T","116.16","24.2332","Japan"
"4996","Dassault Systèmes","DSY.PA","116.125","26.4366","France"
"4997","Ameriprise Financial","AMP","116.013","560.28","United States"
"4998","SAIC (Science Applications International Corp)","SAIC","116.006","127.58","United States"
"4999","Discovery Limited","DSY.JO","115.974","15.8767","South Africa"
"5000","Sunway","5211.KL","115.847","1.27067","Malaysia"
"5001","Dhampur Sugar Mills","DHAMPURSUG.NS","115.839","1.80161","India"
"5002","Wakamoto Pharmaceutical","4512.T","115.786","1.93263","Japan"
"5003","INFICON","IFCN.SW","115.731","211.987","Switzerland"
"5004","Resona Holdings","8308.T","115.587","15.3199","Japan"
"5005","Cencosud","CENCOSUD.SN","115.582","2.28645","Chile"
"5006","Ryan Specialty","RYAN","115.58","43.26","United States"
"5007","Brunello Cucinelli","BC.MI","115.516","102.809","Italy"
"5008","ABB","ABBN.SW","115.442","99.5644","Switzerland"
"5009","Pharma Mar","PHM.MC","115.421","98.3215","Spain"
"5010","Greene County Bancorp","GCBC","115.34","34.68","United States"
"5011","Huber+Suhner","HUBN.SW","115.324","211.739","Switzerland"
"5012","eBay","EBAY","115.163","104.2","United States"
"5013","National Healthcare","NHC","115.065","225.09","United States"
"5014","Byline Bancorp","BY","115.003","38.26","United States"
"5015","South Plains Financial","SPFI","114.837","43.54","United States"
"5016","Norfolk Southern","NSC","114.835","352.68","United States"
"5017","Select Medical Holdings","SEM","114.476","16.51","United States"
"5018","J.S.B.Co.","3480.T","114.293","56.0966","Japan"
"5019","Yokorei Co.,Ltd.","2874.T","114.098","13.7857","Japan"
"5020","Naver","035420.KS","114.047","156.886","South Korea"
"5021","Terumo","4543.T","114.037","16.0635","Japan"
"5022","Admicom Oyj","ADMCM.HE","113.972","31.8802","Finland"
"5023","TDK","6762.T","113.852","19.3075","Japan"
"5024","Commercial Metals Company","CMC","113.687","66.85","United States"
"5025","Leonardo","LDO.MI","113.664","63.8769","Italy"
"5026","Hermès","RMS.PA","113.622","1809.07","France"
"5027","STS Group","SF3.DE","113.475","5.24537","Germany"
"5028","Schwälbchen Molkerei","SMB.F","113.475","50.1224","Germany"
"5029","Largan Precision","3008.TW","113.446","217.878","Taiwan"
"5030","Vitrolife AB","VITR.ST","113.415","9.98777","Sweden"
"5031","HomeTrust Bancshares","HTB","113.321","46.77","United States"
"5032","Turkish Airlines","THYAO.IS","113.299","6.36797","Turkey"
"5033","Breville Group","BRG.AX","113.259","23.4593","Australia"
"5034","PTT Global Chemical","PTTGC.BK","113.239","1.31138","Thailand"
"5035","LeMaitre Vascular","LMAT","113.051","79.61","United States"
"5036","CRISIL","CRISIL.NS","112.936","49.0416","India"
"5037","Acushnet Holdings","GOLF","112.903","86.8","United States"
"5038","Toppan","7911.T","112.859","31.3802","Japan"
"5039","SPIMACO (Saudi Pharmaceutical Industries and Medical Appliances Corporation)","2070.SR","112.851","8.2461","Saudi Arabia"
"5040","Spadel","SPA.BR","112.819","403.31","Belgium"
"5041","Fisher & Paykel Healthcare","FPH.NZ","112.814","26.5944","New Zealand"
"5042","Sensata Technologies","ST","112.729","42.58","United States"
"5043","Sterling Tools","STERTOOLS.NS","112.717","2.33529","India"
"5044","Heimar","HEIMAR.IC","112.708","0.283465","Iceland"
"5045","Shanghai Zhangjiang Hi-Tech Park Development","600895.SS","112.649","4.56548","China"
"5046","LEENO Industrial","058470.KQ","112.603","48.334","South Korea"
"5047","Nasdaq","NDAQ","112.597","99.47","United States"
"5048","Republic Services","RSG","112.521","222.18","United States"
"5049","JDE Peet's","JDEP.AS","112.461","36.4135","Netherlands"
"5050","Analog Devices","ADI","112.426","371.8","United States"
"5051","Bird Construction","BDT.TO","112.409","48.5161","Canada"
"5052","Guardian Capital Group","GCG.TO","112.406","49.1475","Canada"
"5053","Diana Shipping","DSX","112.36","2.67","Greece"
"5054","VAT Group","VACN.SW","112.113","765.536","Switzerland"
"5055","InterContinental Hotels Group","IHG","112.104","164.58","United Kingdom"
"5056","W&amp;T Offshore","WTI","112.045","3.57","United States"
"5057","ASE Group","ASX","111.916","37.26","Taiwan"
"5058","Otsuka Holdings","4578.T","111.853","76.4269","Japan"
"5059","MSA Safety","MSA","111.799","190.52","United States"
"5060","Timken Company","TKR","111.772","126.15","United States"
"5061","Sandoz Group","SDZ.SW","111.722","88.2203","Switzerland"
"5062","PFISTERER Holding SE","PFSE.DE","111.642","86.7817","Germany"
"5063","AB Dynamics","ABDP.L","111.484","11.4161","United Kingdom"
"5064","Moonpig Group","MOON.L","111.332","3.88582","United Kingdom"
"5065","Kalyani Steels","KSL.NS","111.293","9.29088","India"
"5066","Medmix","MEDX.SW","111.28","10.9469","Switzerland"
"5067","D'Ieteren Group","DIE.BR","111.275","202.005","Belgium"
"5068","Equifax","EFX","111.251","190.56","United States"
"5069","Limoneira","LMNR","111.111","13.5","United States"
"5070","Ingram Micro Holding Corporation","INGM","111.111","29.16","United States"
"5071","Fuji Oil Holdings","2607.T","111.092","28.5816","Japan"
"5072","United Spirits","UNITDSPR.BO","110.91","16.0145","India"
"5073","Garrett Motion","GTX","110.865","27.06","Switzerland"
"5074","BRP (Bombardier Recreational Products)","DOO","110.742","60.23","Canada"
"5075","Schneider National","SNDR","110.733","35.22","United States"
"5076","Jungheinrich","JUN3.F","110.636","29.817","Germany"
"5077","Targa Resources","TRGP","110.533","294.03","United States"
"5078","Ambev","ABEV","110.345","2.9","Brazil"
"5079","New China Life Insurance","601336.SS","110.088","9.01637","China"
"5080","Boise Cascade","BCC","110.083","79.94","United States"
"5081","Transport Corporation of India","TCI.NS","110.026","9.45533","India"
"5082","WuXi AppTec","2359.HK","109.827","25.3859","China"
"5083","Peabody Energy","BTU","109.81","27.32","United States"
"5084","Mueller Water Products","MWA","109.616","25.27","United States"
"5085","Willis Towers Watson","WTW","109.583","343.12","United Kingdom"
"5086","Retal Urban Development Company","4322.SR","109.582","2.67679","Saudi Arabia"
"5087","Knight-Swift Transportation","KNX","109.274","69.55","United States"
"5088","Adecoagro","AGRO","109.206","11.08","Luxembourg"
"5089","Tokyo Electron","8035.T","109.129","351.388","Japan"
"5090","Reply","REY.MI","108.789","141.625","Italy"
"5091","Sims Limited","SGM.AX","108.786","17.3538","Australia"
"5092","Nippon Paper Industries","3863.T","108.781","8.81607","Japan"
"5093","Elmos Semiconductor","ELG.DE","108.592","157.128","Germany"
"5094","Cenergy Holdings","CENER.BR","108.432","27.2992","Belgium"
"5095","EPC Groupe","EXPL.PA","108.432","313.556","France"
"5096","Marcus Corporation","MCS","108.035","29.62","United States"
"5097","Almoosa Health Company","4018.SR","107.994","32.2014","Saudi Arabia"
"5098","santec Holdings Corporation","6777.T","107.982","122.358","Japan"
"5099","Marathon Petroleum","MPC","107.931","362.27","United States"
"5100","Zhejiang Sanhua Intelligent Controls Co.,Ltd","002050.SZ","107.89","5.47917","China"
"5101","Ypsomed","YPSN.SW","107.885","494.719","Switzerland"
"5102","Charles Schwab","SCHW","107.871","109.39","United States"
"5103","VeriSign","VRSN","107.854","292.99","United States"
"5104","Definity Financial","DFY.TO","107.79","52.9607","Canada"
"5105","Global Payments","GPN","107.573","92.96","United States"
"5106","Sanrio Company","8136.T","107.562","7.83407","Japan"
"5107","Lincoln Electric","LECO","107.542","290.12","United States"
"5108","ISS A/S","ISS.CO","107.405","45.2698","Denmark"
"5109","TE Connectivity","TEL","107.301","205.03","Switzerland"
"5110","NetApp","NTAP","107.299","193.85","United States"
"5111","Hingham Institution for Savings","HIFS","107.273","300.17","United States"
"5112","everplay group plc","EVPL.L","107.267","3.64805","United Kingdom"
"5113","Gooch &amp; Housego","GHH.L","107.116","16.387","United Kingdom"
"5114","Riber S.A.","ALRIB.PA","107.064","10.6131","France"
"5115","Wingstop Restaurants","WING","106.914","112.24","United States"
"5116","Straumann","STMN.SW","106.81","115.352","Switzerland"
"5117","IMI plc","IMI.L","106.695","42.5809","United Kingdom"
"5118","Grupo Carso","GCARSOA1.MX","106.485","8.06686","Mexico"
"5119","AptarGroup","ATR","106.477","135.24","United States"
"5120","Braemar","BMS.L","106.342","3.01626","United Kingdom"
"5121","Franklin Electric","FELE","106.3","102.54","United States"
"5122","Unity Bancorp","UNTY","106.292","58.33","United States"
"5123","Nippon Sanso","4091.T","106.09","35.6847","Japan"
"5124","Yageo","2327.TW","105.984","17.4869","Taiwan"
"5125","Beijer Ref","BEIJ-B.ST","105.911","14.0763","Sweden"
"5126","Tamarack Valley Energy","TVE.TO","105.839","9.70321","Canada"
"5127","Velan","VLN.TO","105.722","13.3986","Canada"
"5128","CJ Logistics Corporation","000120.KS","105.625","53.1167","South Korea"
"5129","Stryker Corporation","SYK","105.56","329.67","United States"
"5130","Aussie Broadband Limited","ABB.AX","105.473","3.18201","Australia"
"5131","SCREEN Holdings","7735.T","105.329","84.9292","Japan"
"5132","Everest Group","EG","105.324","379.78","Bermuda"
"5133","American Express","AXP","105.31","336.15","United States"
"5134","Capcom","9697.T","105.291","26.0968","Japan"
"5135","Tri Chemical Laboratories","4369.T","105.284","20.2989","Japan"
"5136","Marks &amp; Spencer","MKS.L","105.145","5.28661","United Kingdom"
"5137","New Oriental","EDU","105.134","57.07","China"
"5138","BorgWarner","BWA","105.117","64.69","United States"
"5139","China State Shipbuilding Corporation (CSSC)","600150.SS","105.009","5.1369","China"
"5140","AGCO","AGCO","104.876","111.56","United States"
"5141","Choice Hotels International","CHH","104.861","109.86","United States"
"5142","Jet2","JET2.L","104.846","21.1768","United Kingdom"
"5143","India Glycols","INDIAGLYCO.NS","104.742","12.5715","India"
"5144","Brady Corporation","BRC","104.611","93.68","United States"
"5145","REVO Insurance S.p.A.","REVO.MI","104.559","29.3158","Italy"
"5146","Bombay Burmah","BBTC.NS","104.468","16.9037","India"
"5147","Titan America","TTAM","104.439","15.32","United States"
"5148","Toromont","TIH.TO","104.366","146.585","Canada"
"5149","PMetal (Press Metal Aluminium)","8869.KL","104.363","1.99179","Malaysia"
"5150","CSX Corporation","CSX","104.328","51.76","United States"
"5151","Tata Communications","TATACOMM.NS","104.233","17.8328","India"
"5152","MSTC Limited","MSTCLTD.NS","104.113","7.59401","India"
"5153","Icape Holding","ALICA.PA","104.063","9.90791","France"
"5154","Al Moammar Information Systems","7200.SR","104.051","81.5022","Saudi Arabia"
"5155","Terex","TEX","104.039","65.36","United States"
"5156","SMG Swiss Marketplace Group Holding AG","SMG.SW","104.037","39.158","Switzerland"
"5157","SeSa S.p.A.","SES.MI","103.984","108.812","Italy"
"5158","Flexsteel Industries","FLXS","103.95","81.77","United States"
"5159","Flowserve","FLS","103.865","82.8","United States"
"5160","Kobe Bussan","3038.T","103.616","17.6792","Japan"
"5161","Goodman Group","GMG.AX","103.468","20.273","Australia"
"5162","LGI Limited","LGI.AX","103.427","1.72389","Australia"
"5163","Chorus Aviation","CHR.TO","103.388","20.5518","Canada"
"5164","Asian Paints","ASIANPAINT.NS","103.23","27.6841","India"
"5165","Ralph Lauren","RL","103.196","362.32","United States"
"5166","iFAST Corporation","AIY.SI","103.115","6.97986","Singapore"
"5167","HighPeak Energy","HPK","103.093","7.76","United States"
"5168","Ferrari","RACE","103.045","412.83","Italy"
"5169","Wynn Resorts","WYNN","102.912","97.17","United States"
"5170","Acme United","ACU","102.762","62.28","United States"
"5171","Hanza AB","HANZA.ST","102.601","15.1365","Sweden"
"5172","Crown Holdings","CCK","102.452","119.08","United States"
"5173","UPL","UPL.NS","102.446","6.08306","India"
"5174","Wiit S.p.A.","WIIT.MI","102.187","33.2789","Italy"
"5175","Shandong Gold Mining","600547.SS","102.131","5.13221","China"
"5176","Deere &amp; Company (John Deere)","DE","102.121","634.54","United States"
"5177","Orion S.A.","OEC","102.107","6.17","United States"
"5178","Founder Securities","601901.SS","102.044","1.02827","China"
"5179","Eaton","ETN","102.041","419.44","Ireland"
"5180","ReposiTrak","TRAK","101.911","7.85","United States"
"5181","Sturm, Ruger &amp; Co","RGR","101.908","38.27","United States"
"5182","Namura Shipbuilding","7014.T","101.897","29.9621","Japan"
"5183","Teac Corporation","6803.T","101.891","0.627479","Japan"
"5184","Arthur J. Gallagher & Co.","AJG","101.875","265.03","United States"
"5185","Somnigroup International","SGI","101.862","62.83","United States"
"5186","ResMed","RMD","101.829","235.69","United States"
"5187","Hindustan Aeronautics","HAL.NS","101.812","51.1595","India"
"5188","Pan Pacific International Holdings","7532.T","101.766","5.10015","Japan"
"5189","STEICO SE","ST5.DE","101.655","22.0772","Germany"
"5190","Dover Corporation","DOV","101.632","204.66","United States"
"5191","GuangZhou Wahlap Technology","301011.SZ","101.616","2.18155","China"
"5192","Air Lease Corporation","AL","101.538","65","United States"
"5193","Thyssenkrupp","TKA.F","101.444","17.0766","Germany"
"5194","Valero Energy","VLO","101.428","348.03","United States"
"5195","Hewlett Packard Enterprise","HPE","101.213","55.23","United States"
"5196","Verisk Analytics","VRSK","101.134","187.87","United States"
"5197","RCI Hospitality Holdings","RICK","101.078","29.68","United States"
"5198","Graphite India","GRAPHITE.NS","101.038","7.20855","India"
"5199","Nelnet","NNI","100.955","127.78","United States"
"5200","Zhejiang Zheneng Electric","600023.SS","100.928","0.732143","China"
"5201","Fitaihi Holding Group","4180.SR","100.825","0.657877","Saudi Arabia"
"5202","Nemetschek","NEM.F","100.775","77.8646","Germany"
"5203","Rohm","6963.T","100.737","30.3072","Japan"
"5204","Reece Group","REH.AX","100.659","12.017","Australia"
"5205","Essent Group","ESNT","100.589","69.59","Bermuda"
"5206","Vault Minerals","VAU.AX","100.502","4.86999","Australia"
"5207","Raoom trading Company","4144.SR","100.494","19.6298","Saudi Arabia"
"5208","SmartSens Technology","688213.SS","100.432","14.7887","China"
"5209","DCM Shriram","DCMSHRIRAM.NS","100.261","10.8526","India"
"5210","KEPCO Engineering & Construction Company","052690.KS","100.127","91.5231","South Korea"
"5211","Assured Guaranty","AGO","100.119","75.91","Bermuda"
"5212","Møns Bank","MNBA.CO","100.107","60.7962","Denmark"
"5213","Santander","SAN","100","14.7","Spain"
"5214","DRDGOLD","DRD","99.84","31.25","South Africa"
"5215","Ermenegildo Zegna","ZGN","99.7815","13.73","Italy"
"5216","Computer Modelling Group","CMG.TO","99.7044","2.84146","Canada"
"5217","Senior plc","SNR.L","99.6619","3.99451","United Kingdom"
"5218","Austriacard Holdings","ACAG.VI","99.5807","11.4232","Austria"
"5219","OEM International","OEM-B.ST","99.5425","18.2016","Sweden"
"5220","Bakkafrost","BAKKA.OL","99.4753","52.6894","Denmark"
"5221","Supreme Industries","SUPREMEIND.NS","99.444","37.7511","India"
"5222","AMCON Distributing Company","DIT","99.4283","67.05","United States"
"5223","Kajaria Ceramics","KAJARIACER.NS","99.4026","12.6165","India"
"5224","Advanced Medical Solutions Group","AMS.L","99.3984","3.82128","United Kingdom"
"5225","Serverworks","4434.T","99.2168","15.3858","Japan"
"5226","Kingstone Companies","KINS","99.2064","20.16","United States"
"5227","Konami Holdings","9766.T","99.1707","136.382","Japan"
"5228","360 One Wam","360ONE.NS","99.1631","12.5778","India"
"5229","The Cheesecake Factory","CAKE","98.8297","115.35","United States"
"5230","Storskogen Group","STOR-B.ST","98.8032","1.15256","Sweden"
"5231","Rush Enterprises","RUSHA","98.7398","76.97","United States"
"5232","LSI Industries","LYTS","98.668","20.27","United States"
"5233","The Shiga Bank","8366.T","98.6151","17.3372","Japan"
"5234","Taiyo Yuden","6976.T","98.4054","55.8456","Japan"
"5235","Aeon","8267.T","98.2225","8.49606","Japan"
"5236","Nordson","NDSN","98.0334","334.58","United States"
"5237","Teleflex","TFX","98.0251","138.74","United States"
"5238","Alimentation Couche-Tard","ATD.TO","98.0064","60.7045","Canada"
"5239","Kintetsu Department Store","8244.T","97.9483","12.468","Japan"
"5240","Vox Royalty","VOXR","97.9021","5.72","Canada"
"5241","Nitori Holdings","9843.T","97.8206","19.2259","Japan"
"5242","Mahindra &amp; Mahindra","M&M.NS","97.8174","35.1493","India"
"5243","Ecolab","ECL","97.7288","290.6","United States"
"5244","GUANGHUI ENERGY","600256.SS","97.6085","0.953869","China"
"5245","Rheinmetall","RHM.F","97.4704","1363.8","Germany"
"5246","Shriram Transport Finance","SHRIRAMFIN.NS","97.4575","11.5576","India"
"5247","Avon Protection","AVON.L","97.4045","24.7551","United Kingdom"
"5248","ECN Capital","ECN.TO","97.3911","2.18172","Canada"
"5249","MTU Aero Engines","MTX.DE","97.3721","425.108","Germany"
"5250","Gorman-Rupp","GRC","97.2687","77.62","United States"
"5251","Momentum Group AB","MMGR-B.ST","97.2548","14.8426","Sweden"
"5252","Muthoot Finance","MUTHOOTFIN.NS","97.2152","32.2447","India"
"5253","Eurofins Scientific","ERF.PA","97.2104","84.4154","Luxembourg"
"5254","Jenoptik","JEN.F","97.1513","46.8353","Germany"
"5255","Spring Airlines","601021.SS","97.0778","6.54613","China"
"5256","Harworth Group","HWG.L","97.0683","2.42523","United Kingdom"
"5257","Shanghai RAAS Blood Products","002252.SZ","96.9053","0.736607","China"
"5258","Motorola Solutions","MSI","96.8642","487.28","United States"
"5259","Hindalco Industries","HINDALCO.NS","96.6189","10.7332","India"
"5260","James River Group","JRVR","96.6184","4.14","Bermuda"
"5261","Kulicke and Soffa Industries","KLIC","96.607","84.88","Singapore"
"5262","Monarch Casino &amp; Resort","MCRI","96.6028","124.22","United States"
"5263","Cenovus Energy","CVE","96.5693","31.48","Canada"
"5264","Nestlé India","NESTLEIND.NS","96.431","15.1744","India"
"5265","Treatt plc","TET.L","96.2307","4.14397","United Kingdom"
"5266","Mitsubishi Electric","6503.T","96.2102","34.9066","Japan"
"5267","United Fire Group","UFCS","96.2072","54.05","United States"
"5268","Chroma ATE Inc.","2360.TW","96.0886","62.7009","Taiwan"
"5269","PG&amp;E Corporation","PCG","96.0483","18.22","United States"
"5270","XANO Industri","XANO-B.ST","96.0291","5.30092","Sweden"
"5271","Tata Consumer Products","TATACONSUM.NS","96.0175","10.8945","India"
"5272","Zijin Gold International Company Limited","2259.HK","95.9496","19.8877","Hong Kong"
"5273","Krafton","259960.KS","95.8072","159.06","South Korea"
"5274","GMO internet group","9449.T","95.7466","25.9086","Japan"
"5275","KNOT Offshore Partners","KNOP","95.6848","10.66","United Kingdom"
"5276","Alkem Laboratories","ALKEM.NS","95.6326","55.7714","India"
"5277","Nilkamal","NILKAMAL.NS","95.5849","21.7953","India"
"5278","Wheels India","WHEELS.NS","95.3839","15.9034","India"
"5279","Peakstone Realty Trust","PKST","95.2835","20.99","United States"
"5280","Chinese Estates Holdings","0127.HK","95.2182","0.135859","Hong Kong"
"5281","Jacquet Metals","JCQ.PA","95.2079","23.8956","France"
"5282","Newmark","NMRK","95.1777","15.76","United States"
"5283","Galaxy Surfactants","GALAXYSURF.NS","95.0652","24.2045","India"
"5284","Black Diamond Group","BDI.TO","94.8078","12.6999","Canada"
"5285","HBX Group International plc","HBX.MC","94.8074","9.0162","United Kingdom"
"5286","Zimmer Biomet","ZBH","94.6932","101.38","United States"
"5287","Pepco Group","PCO.WA","94.6382","11.6045","United Kingdom"
"5288","West Fraser Timber","WFG","94.3814","67.81","Canada"
"5289","Mycronic","MYCR.ST","94.3498","35.4374","Sweden"
"5290","Cinemark Theatres","CNK","94.3396","37.1","United States"
"5291","Mahindra Lifespaces","MAHLIFE.NS","94.2976","3.86614","India"
"5292","Boyd Gaming","BYD","94.2577","80.63","United States"
"5293","Barrett Business Services","BBSI","94.2008","33.97","United States"
"5294","Ipsen","IPN.PA","94.1743","193.496","France"
"5295","Benchmark Electronics","BHE","94.0266","72.32","United States"
"5296","Hemnet Group AB","HEM.ST","93.945","10.4496","Sweden"
"5297","SEI Investments","SEIC","93.8798","110.78","United States"
"5298","Anup Engineering","ANUP.NS","93.7708","18.8824","India"
"5299","Safran","SAF.PA","93.6739","409.372","France"
"5300","Mueller Industries","MLI","93.633","64.08","United States"
"5301","BOE Technology","000725.SZ","93.6282","0.883929","China"
"5302","Cadre Holdings, Inc.","CDRE","93.5914","31.52","United States"
"5303","Bufab AB","BUFAB.ST","93.4908","14.2757","Sweden"
"5304","Larsen &amp; Toubro","LT.NS","93.3374","42.3379","India"
"5305","Leonardo DRS","DRS","93.2643","38.6","United States"
"5306","Ameris Bancorp","ABCB","93.1858","85.85","United States"
"5307","Delta Air Lines","DAL","93.1595","83.62","United States"
"5308","Formosa Chemicals &amp; Fibre","1326.TW","93.095","1.9913","Taiwan"
"5309","Grindwell Norton","GRINDWELL.NS","93.0937","21.2402","India"
"5310","Alchip Technologies","3661.TW","93.0849","121.936","Taiwan"
"5311","Malaysian Pacific Industries","3867.KL","92.7204","10.6478","Malaysia"
"5312","A10 Networks","ATEN","92.6999","25.89","United States"
"5313","Solaris Energy Infrastructure","SEI","92.6462","51.81","United States"
"5314","Walmart","WMT","92.5819","104.34","United States"
"5315","Munters Group AB","MTRS.ST","92.5418","18.0861","Sweden"
"5316","Lasertec","6920.T","92.504","217.17","Japan"
"5317","Loblaw Companies","L.TO","92.4811","44.266","Canada"
"5318","Sylogist","SYZ.TO","92.4654","2.29794","Canada"
"5319","Addtech AB","ADDT-B.ST","92.4599","35.4794","Sweden"
"5320","RPG Life Sciences","RPGLIFE.NS","92.2665","27.0137","India"
"5321","Hyundai Motor India","HYUNDAI.NS","92.1896","23.6671","India"
"5322","Morningstar","MORN","92.026","212.44","United States"
"5323","Jindal Poly Films","JINDALPOLY.NS","91.9681","6.69111","India"
"5324","eMemory Technology","3529.TWO","91.9484","68.8844","Taiwan"
"5325","Efes Beverage Group","AEFES.IS","91.8128","0.38935","Turkey"
"5326","Millennium &amp; Copthorne Hotels New Zealand","MCK.NZ","91.7869","1.88578","New Zealand"
"5327","Cipla","CIPLA.NS","91.532","14.8308","India"
"5328","Range Resources","RRC","91.4561","41.55","United States"
"5329","Fairfax Financial","FFH.TO","91.4351","1612.51","Canada"
"5330","COSCO SHIPPING Development","601866.SS","91.4175","0.355655","China"
"5331","Stingray Group","RAY-A.TO","91.3983","12.3987","Canada"
"5332","Al-Saif Stores for Development &amp; Investment","4192.SR","91.3412","1.74724","Saudi Arabia"
"5333","Castellum","CAST.ST","91.2528","13.8979","Sweden"
"5334","Sherwin-Williams","SHW","91.2063","348.66","United States"
"5335","PDS Multinational","PDSL.NS","91.1921","3.82686","India"
"5336","Interpump Group","IP.MI","91.131","43.6415","Italy"
"5337","AddLife AB","ALIF-B.ST","90.7505","17.1099","Sweden"
"5338","Humana","HUM","90.5232","391.06","United States"
"5339","WSFS Financial","WSFS","90.3078","78.62","United States"
"5340","YONEX Co., Ltd.","7906.T","90.1702","17.4439","Japan"
"5341","Martin Midstream Partners","MMLP","90.0901","2.22","United States"
"5342","Fox Corporation","FOX","89.9888","62.23","United States"
"5343","Jacobs Engineering","J","89.7571","151.52","United States"
"5344","St. Joe Company","JOE","89.6602","69.15","United States"
"5345","Hitachi","6501.T","89.5564","34.0909","Japan"
"5346","G-III Apparel Group","GIII","89.4721","33.53","United States"
"5347","Union Tool","6278.T","89.1862","92.4276","Japan"
"5348","Kanzhun","BZ","89.172","18.84","China"
"5349","AVIC Shenyang Aircraft Company Limited","600760.SS","89.1241","6.71577","China"
"5350","Panasonic","6752.T","88.971","27.4522","Japan"
"5351","Shentel","SHEN","88.9248","12.37","United States"
"5352","Voltamp Transformers","VOLTAMP.NS","88.921","117.681","India"
"5353","Badger Infrastructure Solutions","BDGI.TO","88.8767","61.0431","Canada"
"5354","Element Solutions","ESI","88.8395","36.02","United States"
"5355","Presidio Production Company","FTW","88.8303","11.37","United States"
"5356","ISE Chemicals","4107.T","88.7683","27.5149","Japan"
"5357","Cliq Digital AG","CLIQ.DE","88.7169","5.38524","Germany"
"5358","Kayak Inc","3904.T","88.6722","2.68561","Japan"
"5359","Brown &amp; Brown","BRO","88.6232","72.78","United States"
"5360","Bajaj Electricals","BAJAJELEC.NS","88.3465","3.52257","India"
"5361","Nucor","NUE","88.212","252.8","United States"
"5362","Empresas CMPC","CMPC.SN","88.1963","1.13939","Chile"
"5363","PC Connection","CNXN","88.1723","79.39","United States"
"5364","Future Care Trading Company","9544.SR","88.0666","0.420828","Saudi Arabia"
"5365","Willis Lease Finance Corporation","WLFC","88.0226","54.91","United States"
"5366","Lifedrink Company","2585.T","88.0083","9.71337","Japan"
"5367","AXIS Capital","AXS","87.9912","100.01","Bermuda"
"5368","Aurubis","NDA.F","87.9174","207.017","Germany"
"5369","Eleco","ELCO.L","87.6786","1.7853","United Kingdom"
"5370","Dr. Soliman Abdel Kader Fakeeh","4017.SR","87.6427","10.0519","Saudi Arabia"
"5371","EDP Renováveis","EDPR.LS","87.6247","16.1557","Spain"
"5372","Alibaba","BABA","87.6241","119.83","China"
"5373","Bandhan Bank","BANDHANBNK.NS","87.6131","1.78485","India"
"5374","Muangthai Capital","MTC.BK","87.5722","0.983532","Thailand"
"5375","First Internet Bancorp","INBK","87.5593","27.41","United States"
"5376","Reliance Industries","RELIANCE.NS","87.5109","13.7031","India"
"5377","Cintas","CTAS","87.4721","205.78","United States"
"5378","Steel Dynamics","STLD","87.3251","235.9","United States"
"5379","Hatsun Agro Products","HATSUN.NS","87.2528","11.9336","India"
"5380","Laboratorio Reig Jofre","RJF.MC","87.25","3.12901","Spain"
"5381","Fuso Chemical","4368.T","87.0638","19.1695","Japan"
"5382","HUB24 Limited","HUB.AX","87.0391","54.6258","Australia"
"5383","Allison Transmission","ALSN","86.97","128.78","United States"
"5384","Corteva","CTVA","86.8726","82.88","United States"
"5385","Poulaillon","ALPOU.PA","86.7456","10.4907","France"
"5386","Murata Manufacturing (Murata Seisakusho)","6981.T","86.541","45.8624","Japan"
"5387","South Indian Bank","SOUTHBANK.NS","86.3601","0.480465","India"
"5388","Shanghai Allist Pharmaceuticals","688578.SS","86.3217","17.1205","China"
"5389","Marex Group","MRX","86.0974","70.85","United Kingdom"
"5390","CNH Industrial","CNH","86.0585","11.62","United Kingdom"
"5391","Roper Technologies","ROP","86.0192","413.28","United States"
"5392","Cardinal Health","CAH","85.948","238.4","United States"
"5393","Ajinomoto","2802.T","85.8478","34.1411","Japan"
"5394","Scotiabank","BNS","85.7998","93.59","Canada"
"5395","LabCorp","LH","85.7858","335.72","United States"
"5396","Zhongtai Securities","600918.SS","85.7623","0.861607","China"
"5397","EVE Energy","300014.SZ","85.7274","8.25446","China"
"5398","Schaeffler India","SCHAEFFLER.NS","85.6496","42.627","India"
"5399","Medacta Group","MOVE.SW","85.6081","157.377","Switzerland"
"5400","HCI Group","HCI","85.5249","187.08","United States"
"5401","TSMC","TSM","85.4222","417.69","Taiwan"
"5402","Tokyo Ohka Kogyo Co., Ltd.","4186.T","85.3421","55.0926","Japan"
"5403","Zurn Elkay Water Solutions","ZWS","85.3312","49.22","United States"
"5404","Vidhi Specialty Food","VIDHIING.NS","85.3301","3.66922","India"
"5405","Tootsie Roll Industries","TR","85.1508","41.31","United States"
"5406","Bure Equity AB","BURE.ST","84.9719","33.464","Sweden"
"5407","Gek Terna","GEKTERNA.AT","84.9357","54.9015","Greece"
"5408","CEAT","CEATLTD.NS","84.7489","36.8671","India"
"5409","Regal Rexnord","RRX","84.7099","165.27","United States"
"5410","Hotel Properties Limited","H15.SI","84.6004","3.65911","Singapore"
"5411","ICICI Bank","IBN","84.5673","30.39","India"
"5412","Shengyi Technology (SYTECH)","600183.SS","84.5393","20.9777","China"
"5413","ICICI Lombard","ICICIGI.NS","84.3552","16.7016","India"
"5414","Steel Authority of India","SAIL.NS","84.3163","1.99015","India"
"5415","Cactus Inc","WHD","84.2866","66.44","United States"
"5416","Lonza","LONN.SW","84.2219","726.812","Switzerland"
"5417","First National Financial","FN.TO","84.1475","35.0708","Canada"
"5418","Diploma plc","DPLM.L","84.1244","100.27","United Kingdom"
"5419","Ecora Resources","ECOR.L","84.1231","2.36153","United Kingdom"
"5420","Indah Kiat Pulp &amp; Paper","INKP.JK","84.0902","0.495775","Indonesia"
"5421","Lundbergföretagen","LUND-B.ST","84.055","59.9371","Sweden"
"5422","Oil-Dri Corporation Of America","ODC","83.9786","91.69","United States"
"5423","ASMPT
 (ASM Pacific Technology)","0522.HK","83.9706","21.1379","Hong Kong"
"5424","China Jushi Co., Ltd.","600176.SS","83.8476","6.34524","China"
"5425","Relaxo Footwear","RELAXO.NS","83.7741","3.73468","India"
"5426","Bread Financial","BFH","83.6742","107.56","United States"
"5427","S&P Global","SPGI","83.664","436.49","United States"
"5428","Jollibee","JBFCF","83.6502","2.63","Philippines"
"5429","Lifco","LIFCO-B.ST","83.4796","33.0861","Sweden"
"5430","TOWA Corporation","6315.T","83.4577","14.6328","Japan"
"5431","H.I.S. Co., Ltd.","9603.T","83.3865","7.32267","Japan"
"5432","Sun Pharmaceutical","SUNPHARMA.NS","83.3371","20.0524","India"
"5433","Griffon Corporation","GFF","83.3168","100.82","United States"
"5434","Steyr Motors AG","4X0.DE","83.2666","34.4562","Germany"
"5435","Salesforce","CRM","83.232","205.69","United States"
"5436","Old Second Bancorp","OSBC","83.1683","25.25","United States"
"5437","Expeditors International","EXPD","83.0792","190.18","United States"
"5438","Nitto Boseki","3110.T","82.7496","18.7428","Japan"
"5439","Signet Jewelers","SIG","82.713","84.63","Bermuda"
"5440","Mitsui Mining &amp; Smelting","5706.T","82.6392","181.028","Japan"
"5441","Lupin Limited","LUPIN.NS","82.6309","22.6867","India"
"5442","SOL S.p.A.","SOL.MI","82.2374","62.5947","Italy"
"5443","Disco Corp.","6146.T","82.2056","375.107","Japan"
"5444","Orient Electric","ORIENTELEC.NS","82.1156","1.89044","India"
"5445","West Coast Paper Mills","WSTCSTPAPR.NS","82.0367","6.37582","India"
"5446","LOTTE Chemical","011170.KS","81.7792","41.5948","South Korea"
"5447","Amorepacific","090430.KS","81.7516","103.19","South Korea"
"5448","Excelerate Energy","EE","81.6327","39.2","United States"
"5449","ParkOhio Holdings Corp.","PKOH","81.5395","45.99","United States"
"5450","InterDigital","IDCC","81.3197","344.32","United States"
"5451","FirstService","FSV","80.8362","143.5","Canada"
"5452","NIBE Industrier","NIBE-B.ST","80.7786","4.43598","Sweden"
"5453","Qiagen","QGEN","80.7196","43.36","Netherlands"
"5454","Renesas Electronics","6723.T","80.6132","21.2088","Japan"
"5455","Oxford Instruments","OXIG.L","80.5055","39.0212","United Kingdom"
"5456","Alcoa","AA","80.4505","49.72","United States"
"5457","Cement Roadstone Holding","CRH","80.3709","97.05","Ireland"
"5458","SP Group A/S","SPG.CO","80.1681","75.5276","Denmark"
"5459","Alamo Group","ALG","80.102","164.79","United States"
"5460","Group 1 Automotive","GPI","79.9604","262.63","United States"
"5461","Shenzhen Inovance","300124.SZ","79.9362","9.24405","China"
"5462","Steris","STE","79.8243","236.77","Ireland"
"5463","Porvair plc","PRV.L","79.7943","11.6846","United Kingdom"
"5464","Emperador Brandy","EMI.SI","79.7206","0.267548","Philippines"
"5465","DB HiTek","000990.KS","79.7117","69.1314","South Korea"
"5466","HD Hyundai Heavy Industries","329180.KS","79.7002","340.585","South Korea"
"5467","JX Advanced Metals","5016.T","79.5537","23.794","Japan"
"5468","Kadokawa","9468.T","79.5035","23.041","Japan"
"5469","Agnico Eagle Mines","AEM","79.4244","214.04","Canada"
"5470","SCSK Corporation","9719.T","79.3921","36.1482","Japan"
"5471","John Marshall Bancorp","JMSB","79.3301","22.69","United States"
"5472","Hanwha Corporation","000880.KS","79.317","94.3492","South Korea"
"5473","Kewal Kiran Clothing","KKCL.NS","79.2371","5.21263","India"
"5474","Red River Bancshares","RRBI","79.2079","101","United States"
"5475","Havells India","HAVELLS.NS","79.1281","13.1539","India"
"5476","Naikai Zosen Corporation","7018.T","79.1081","80.8192","Japan"
"5477","flatexDEGIRO AG","FTK.DE","79.083","42.9654","Germany"
"5478","Ingles Markets","IMKTA","79.0088","83.535","United States"
"5479","AQ Group","AQ.ST","78.9918","23.513","Sweden"
"5480","BE Semiconductor","BESI.AS","78.9906","227.591","Netherlands"
"5481","Netcall","NET.L","78.9394","1.58286","United Kingdom"
"5482","Fast Retailing","9983.T","78.8943","448.898","Japan"
"5483","GlobalWafers","6488.TWO","78.8164","30.1846","Taiwan"
"5484","Romgaz","SNG.RO","78.7946","4.35351","Romania"
"5485","Covenant Logistics","CVLG","78.7845","35.54","United States"
"5486","Central Japan Railway","9022.T","78.7354","24.8168","Japan"
"5487","Merchants Bancorp","MBIN","78.5047","53.5","United States"
"5488","SIA Engineering Company","S59.SI","78.3025","2.47875","Singapore"
"5489","Kalpataru Projects International","KPIL.NS","78.1632","14.525","India"
"5490","Aramark","ARMK","78.125","59.52","United States"
"5491","NEC Corp","6701.T","78.0964","29.7111","Japan"
"5492","IBU-tec advanced materials AG","IBU.DE","78.0704","17.7177","Germany"
"5493","Formosa Plastics","1301.TW","77.7019","1.98815","Taiwan"
"5494","Tracsis","TRCS.L","77.6922","4.68744","United Kingdom"
"5495","JM Holdings Co.,Ltd.","3539.T","77.5911","9.44355","Japan"
"5496","Newmont","NEM","77.5076","131.6","United States"
"5497","WSP Global","WSP.TO","77.3087","137.423","Canada"
"5498","Nicolet Bankshares","NIC","77.2156","170.95","United States"
"5499","ArcelorMittal","MT","77.1501","74.53","Luxembourg"
"5500","Saudi Paper Manufacturing Company","2300.SR","76.9966","17.206","Saudi Arabia"
"5501","Booking Holdings (Booking.com)","BKNG","76.9783","208.89","United States"
"5502","POSCO","PKX","76.8441","58.43","South Korea"
"5503","Torrent Pharmaceuticals","TORNTPHARM.NS","76.788","52.0478","India"
"5504","Moody's","MCO","76.5718","514.55","United States"
"5505","Adeia","ADEA","76.5404","26.13","United States"
"5506","General Motors","GM","76.4508","86.33","United States"
"5507","FirstCash","FCFS","76.4262","219.82","United States"
"5508","PulteGroup","PHM","76.4175","130.86","United States"
"5509","NBCC India","NBCC.NS","76.4053","0.926888","India"
"5510","Marriott International","MAR","76.3933","358.67","United States"
"5511","OceanaGold","OGC.TO","76.3774","30.6944","Canada"
"5512","Cheniere Energy","LNG","76.2109","284.08","United States"
"5513","Huhtamaki India","HUHTAMAKI.NS","76.0955","2.7328","India"
"5514","Hester Biosciences","HESTERBIO.NS","76.0559","24.6787","India"
"5515","RS Technologies","3445.T","76.0251","36.1428","Japan"
"5516","Silicon Motion","SIMO","76.0138","263.11","Hong Kong"
"5517","Freeport-McMoRan","FCX","75.9494","79","United States"
"5518","PriceSmart","PSMT","75.818","175.42","United States"
"5519","Bentley Systems","BSY","75.7986","36.94","United States"
"5520","Baxter","BAX","75.4717","26.5","United States"
"5521","Berger Paints","BERGEPAINT.NS","75.4705","5.2472","India"
"5522","Nippon Chemi-Con Corporation","6997.T","75.447","16.9482","Japan"
"5523","Imdex Limited","IMD.AX","75.4338","2.52119","Australia"
"5524","IG Port, Inc.","3791.T","75.4014","6.88344","Japan"
"5525","SCHOTT Pharma","1SXP.DE","75.3904","27.2759","Germany"
"5526","Victory Giant Technology","300476.SZ","75.3177","39.1443","China"
"5527","TransAlta","TAC","75.1582","12.64","Canada"
"5528","LS Corp.","006260.KS","74.9862","226.815","South Korea"
"5529","Caterpillar","CAT","74.9456","821.93","United States"
"5530","Sectra AB","SECT-B.ST","74.798","28.9084","Sweden"
"5531","TD Synnex","SNX","74.7842","251.39","United States"
"5532","Select Harvests Limited","SHV.AX","74.7151","3.27539","Australia"
"5533","Rumo","RAIL3.SA","74.7026","2.83642","Brazil"
"5534","Daikokutenbussan","2791.T","74.6912","28.613","Japan"
"5535","L1 Group","L1G.AX","74.5924","0.937365","Australia"
"5536","Armstrong World Industries","AWI","74.5303","177.78","United States"
"5537","FTAI Aviation","FTAI","74.5268","201.27","United States"
"5538","ALK-Abelló","ALK-B.CO","74.3655","32.9859","Denmark"
"5539","HD Hyundai Electric","267260.KS","74.3285","594.936","South Korea"
"5540","Goldwind Science&amp;Technology","002202.SZ","74.1933","2.78869","China"
"5541","Central Bancompany","CBC","74.1656","32.36","United States"
"5542","ASICS Corporation","7936.T","74.0677","28.0295","Japan"
"5543","James Latham plc","LTHM.L","74.0621","14.6194","United Kingdom"
"5544","Hexcel","HXL","73.9723","94.63","United States"
"5545","Vulcan Materials","VMC","73.7926","273.74","United States"
"5546","Coheris SA","COH.PA","73.6514","12.0061","France"
"5547","Hangzhou Shunwang Technology","300113.SZ","73.5196","2.4122","China"
"5548","Tecnoglass","TGLS","73.4934","40.82","Colombia"
"5549","Koppers Holdings","KOP","73.3707","46.34","United States"
"5550","Corning","GLW","73.308","152.78","United States"
"5551","UL Solutions","ULS","73.2845","75.05","United States"
"5552","Mader Group Limited","MAD.AX","73.2361","4.58267","Australia"
"5553","Tetra Tech","TTEK","72.9708","36.59","United States"
"5554","Kitron ASA","KIT.OL","72.9513","9.96884","Norway"
"5555","Société Industrielle et Financière de l'Artois","ARTO.PA","72.9232","10607.3","France"
"5556","HEG","HEG.NS","72.7932","7.44056","India"
"5557","STMicroelectronics","STM","72.493","49.66","Switzerland"
"5558","Hokkaido Coca-Cola Bottling","2573.T","72.4408","25.2874","Japan"
"5559","Fidelis Insurance","FIHL","72.4288","20.71","Bermuda"
"5560","Concentra Group","CON","72.103","34.95","United States"
"5561","Seiko Group","8050.T","72.0021","69.9639","Japan"
"5562","Dr Lal PathLabs","LALPATHLAB.NS","71.9673","20.2598","India"
"5563","Ross Stores","ROST","71.9516","236.27","United States"
"5564","Super Group","SGHC","71.8391","13.92","Guernsey"
"5565","OneSpaWorld","OSW","71.7794","26.47","Bahamas"
"5566","FAW Car","000800.SZ","71.7348","0.927083","China"
"5567","Microsoft","MSFT","71.7207","496.37","United States"
"5568","Cencora","COR","71.6922","327.79","United States"
"5569","Littelfuse","LFUS","71.6469","418.72","United States"
"5570","Mediclin","MED.DE","71.6246","6.29444","Germany"
"5571","ITT","ITT","71.5603","205.98","United States"
"5572","IHI Corporation","7013.T","71.5528","17.0674","Japan"
"5573","Broadcom","AVGO","71.4306","355.59","United States"
"5574","AerCap","AER","71.4143","149.83","Ireland"
"5575","Parker-Hannifin","PH","71.1888","1039.49","United States"
"5576","United Rentals","URI","71.1004","1057.66","United States"
"5577","Codan Limited","CDA.AX","71.0753","34.9231","Australia"
"5578","Tata Power","TATAPOWER.NS","70.9967","3.68021","India"
"5579","Top Glove","BVA.SI","70.8103","0.16525","Malaysia"
"5580","Lisi S.A.","FII.PA","70.694","73.5517","France"
"5581","China Merchants Shekou Industrial Zone","001979.SZ","70.681","1.06845","China"
"5582","YG Entertainment","122870.KQ","70.6772","28.8772","South Korea"
"5583","Bank of Montreal","BMO","70.6189","172.9","Canada"
"5584","Cullman Bancorp","CULL","70.5882","17","United States"
"5585","Royal Gold","RGLD","70.4516","266.14","United States"
"5586","HCA Healthcare","HCA","70.2313","427.16","United States"
"5587","Prysmian Group","PRY.MI","70.1794","145.996","Italy"
"5588","Samsung C&T Corporation","028260.KS","70.0057","272.105","South Korea"
"5589","Endúr ASA","ENDUR.OL","69.9548","11.8514","Norway"
"5590","Industrias Peñoles","PE&OLES.MX","69.8885","54.4665","Mexico"
"5591","Skylark Holdings","3197.T","69.8621","20.9766","Japan"
"5592","B2Gold","BTG","69.6864","5.74","Canada"
"5593","Afcons Infrastructure","AFCONS.NS","69.6775","2.98994","India"
"5594","Micronics Japan Co., Ltd.","6871.T","69.6133","83.3292","Japan"
"5595","Lanxess","LXS.F","69.5571","16.3539","Germany"
"5596","Iluka Resources","ILU.AX","69.5307","5.02801","Australia"
"5597","TFI International","TFII","69.5112","135.23","Canada"
"5598","W. W. Grainger","GWW","69.4179","1335.39","United States"
"5599","The Monogatari Corporation","3097.T","69.2613","35.2643","Japan"
"5600","Amkor Technology","AMKR","69.2149","48.4","United States"
"5601","Bharat Electronics","BEL.NS","69.1501","4.30397","India"
"5602","KKR & Co.","KKR","69.1244","108.5","United States"
"5603","Rongsheng Petrochemical","002493.SZ","69.1113","2.13839","China"
"5604","Daldrup &amp; Söhne","4DS.DE","69.0484","25.0612","Germany"
"5605","Carel Industries","CRL.MI","68.9484","32.2299","Italy"
"5606","Norma Group","NOEJ.F","68.9325","23.1029","Germany"
"5607","Toll Brothers","TOL","68.8352","148.18","United States"
"5608","Pidilite","PIDILITIND.NS","68.7471","17.3719","India"
"5609","Allegion","ALLE","68.6299","160.28","Ireland"
"5610","Brink's","BCO","68.5976","111.52","United States"
"5611","Texmaco Rail &amp; Engineering","TEXRAIL.NS","68.5932","1.13648","India"
"5612","Morguard","MRC.TO","68.5465","82.661","Canada"
"5613","LG Chem","051910.KS","68.4027","198.916","South Korea"
"5614","Pan American Silver","PAAS","68.4021","52.63","Canada"
"5615","Baytex Energy","BTE","68.3761","4.68","Canada"
"5616","Globe Life","GL","68.3566","175.55","United States"
"5617","Nihon Falcom","3723.T","68.265","17.8894","Japan"
"5618","Yuhan","000100.KS","68.1131","59.9284","South Korea"
"5619","Ashiana Housing","ASHIANA.NS","68.0834","3.82843","India"
"5620","Twin Disc","TWIN","68.0272","23.52","United States"
"5621","PayPal","PYPL","67.9502","61.81","United States"
"5622","Ryohin Keikaku","7453.T","67.9395","26.9628","Japan"
"5623","Dr. Reddy's Laboratories","RDY","67.9214","12.22","India"
"5624","BWX Technologies","BWXT","67.9028","153.16","United States"
"5625","Lotus Bakeries","LOTB.BR","67.8744","15060","Belgium"
"5626","VusionGroup","VU.PA","67.8218","149.901","France"
"5627","Visa","V","67.726","383.9","United States"
"5628","McDonald's Japan","2702.T","67.6954","50.512","Japan"
"5629","J. B. Hunt","JBHT","67.5163","263.64","United States"
"5630","Garden Reach Shipbuilders & Engineers Limited","GRSE.NS","67.3319","27.6129","India"
"5631","BGC Group","BGC","67.2269","11.9","United States"
"5632","Exor","EXO.AS","67.2077","83.2848","Netherlands"
"5633","Time Technoplast","TIMETECHNO.NS","67.134","1.94805","India"
"5634","Halma","HLMA.L","67.125","48.9919","United Kingdom"
"5635","Kirloskar Ferrous Industries","KIRLFER.NS","67.0909","4.67529","India"
"5636","Avingtrans","AVG.L","67.01","10.0481","United Kingdom"
"5637","NHN Corp","181710.KS","66.9633","50.7978","South Korea"
"5638","Hanmi Pharmaceutical","008930.KS","66.8998","30.5077","South Korea"
"5639","Danaher","DHR","66.8648","215.36","United States"
"5640","Mips AB","MIPS.ST","66.7232","38.6495","Sweden"
"5641","Hochschild Mining","HOC.L","66.5817","8.89934","United Kingdom"
"5642","TXT e-solutions","TXT.MI","66.4512","60.2634","Italy"
"5643","Fujikura","5803.T","66.3493","34.5113","Japan"
"5644","National Presto Industries","NPK","66.1594","151.15","United States"
"5645","Guzman y Gomez","GYG.AX","66.1525","21.1392","Australia"
"5646","Chifeng Jilong Gold Mining","600988.SS","65.9064","7.1756","China"
"5647","Metropolitan Bank Holding","MCB","65.703","91.32","United States"
"5648","Trane Technologies","TT","65.6021","463.4","Ireland"
"5649","Sabesp","SBS","65.567","4.85","Brazil"
"5650","Janus Living","JAN","65.4912","31.76","United States"
"5651","Ringkjøbing Landbobank","RILBA.CO","65.4331","277.636","Denmark"
"5652","JustSystems Corporation","4686.T","65.3371","25.9776","Japan"
"5653","Agilent Technologies","A","65.3211","155.08","United States"
"5654","Minerals Technologies","MTX","65.2144","72.07","United States"
"5655","Entech SA","ALESE.PA","65.1867","11.7729","France"
"5656","Keyence","6861.T","65.1511","515.474","Japan"
"5657","SmartFinancial (SmartBank)","SMBK","65.1144","50.68","United States"
"5658","TAV Airports Holding","TAVHL.IS","65.1077","5.86414","Turkey"
"5659","Dynavox Group","DYVOX.ST","65.0828","8.03535","Sweden"
"5660","Vistra","VST","64.9861","140.03","United States"
"5661","Matson","MATX","64.9673","221.65","United States"
"5662","FLSmidth","FLS.CO","64.6389","93.6106","Denmark"
"5663","Paycom","PAYC","64.5689","232.31","United States"
"5664","Suprajit Engineering","SUPRAJIT.NS","64.3227","5.27443","India"
"5665","Delta Electronics","2308.TW","64.2652","55.7691","Taiwan"
"5666","MM Forgings","MMFL.NS","64.2527","6.53608","India"
"5667","Animalcare Group","ANCR.L","64.2497","4.55157","United Kingdom"
"5668","Torex Gold Resources","TXG.TO","64.2076","50.742","Canada"
"5669","PR TIMES Corporation","3922.T","64.2053","13.7418","Japan"
"5670","MBB SE","MBB.DE","64.1752","213.778","Germany"
"5671","CVS Group","CVSG.L","64.1662","17.5405","United Kingdom"
"5672","Heartland Express","HTLD","64.154","12.47","United States"
"5673","Hawkins","HWKN","64.0972","118.57","United States"
"5674","Graham Holdings","GHC","63.9593","1163.24","United States"
"5675","Barnes &amp; Noble Education","BNED","63.9488","12.51","United States"
"5676","Toho Titanium","5727.T","63.9413","17.1892","Japan"
"5677","LG Electronics","066570.KS","63.9139","143.698","South Korea"
"5678","UCB","UCB.VI","63.654","259.238","Belgium"
"5679","GenusPlus Group Limited","GNP.AX","63.6082","6.15572","Australia"
"5680","VisEra Technologies","6789.TW","63.6065","14.5724","Taiwan"
"5681","Intred","ITD.MI","63.5064","10.514","Italy"
"5682","Mahindra Logistics","MAHLOG.NS","63.3682","4.10967","India"
"5683","Kaveri Seed","KSCL.NS","63.3561","8.223","India"
"5684","Babcock International Group","BAB.L","63.3527","14.6465","United Kingdom"
"5685","Simpson Manufacturing Company","SSD","63.2672","184.93","United States"
"5686","Cochin Shipyard Limited","COCHINSHIP.NS","63.1943","16.1307","India"
"5687","Encompass Health","EHC","62.9243","120.78","United States"
"5688","Info Edge","NAUKRI.NS","62.8367","13.9918","India"
"5689","ICF International","ICFI","62.6819","89.34","United States"
"5690","Gland Pharma","GLAND.NS","62.5457","30.0681","India"
"5691","Iljin Electric","103590.KS","62.505","54.4211","South Korea"
"5692","Finolex Cables","FINCABLES.NS","62.481","13.4157","India"
"5693","Brookfield Corporation","BN","62.395","41.67","Canada"
"5694","Martin Marietta Materials","MLM","62.3849","532.18","United States"
"5695","Zensho Holdings","7550.T","62.2996","73.5091","Japan"
"5696","Spire Healthcare Group","SPI.L","62.1645","3.20648","United Kingdom"
"5697","Mazagon Dock Shipbuilders Limited","MAZDOCK.NS","62.1525","27.1886","India"
"5698","Toshiba Tec Corporation","6588.T","61.9821","19.7028","Japan"
"5699","Neste","NESTE.HE","61.6672","37.0906","Finland"
"5700","IIFL Finance","IIFL.NS","61.6466","6.66806","India"
"5701","Texas Pacific Land Corporation","TPL","61.3609","369.4","United States"
"5702","ITOCHU-SHOKUHIN","2692.T","61.3285","79.6514","Japan"
"5703","Glencore","GLCNF","61.2745","8.16","Switzerland"
"5704","LB Group (LomonBillions)","002601.SZ","61.1157","2.41815","China"
"5705","Whirlpool India","WHIRLPOOL.NS","61.0971","8.6954","India"
"5706","Mitsubishi Heavy Industries","7011.T","61.049","25.005","Japan"
"5707","Shree Cement","SHREECEM.NS","60.9251","256.416","India"
"5708","FACC AG","FACC.VI","60.9168","19.0931","Austria"
"5709","Hensoldt","HAG.F","60.8961","102.902","Germany"
"5710","Valmont Industries","VMI","60.7992","476.98","United States"
"5711","Waste Connections","WCN","60.7239","167.15","United States"
"5712","Infineon","IFX.DE","60.5279","66.5462","Germany"
"5713","BioArctic AB","BIOA-B.ST","60.4627","34.1568","Sweden"
"5714","Rolls-Royce Holdings","RR.L","60.3366","21.0378","United Kingdom"
"5715","Hanwha Systems","272210.KS","60.2584","56.4501","South Korea"
"5716","VIB Vermögen","VIH1.F","60.2398","7.55333","Germany"
"5717","Bushiroad","7803.T","60.2179","2.53501","Japan"
"5718","Woori Financial Group","WF","60.1169","71.86","South Korea"
"5719","Lithia Motors","LAD","59.9757","370.15","United States"
"5720","Rakus Co., Ltd.","3923.T","59.9107","7.13443","Japan"
"5721","Generation Development Group","GDG.AX","59.9037","2.33443","Australia"
"5722","AZZ","AZZ","59.6973","140.71","United States"
"5723","Kingnet Network","002517.SZ","59.6473","2.47768","China"
"5724","Altius Minerals","ALS.TO","59.4086","47.6877","Canada"
"5725","DFS Furniture","DFS.L","59.2938","2.24182","United Kingdom"
"5726","Northpointe Bancshares","NPB","59.2066","16.89","United States"
"5727","Commercial Bancgroup","CBK","59.1541","33.81","United States"
"5728","Metro Brands","METROBRAND.NS","59.0588","9.66691","India"
"5729","Hays plc","HAS.L","58.9284","0.974172","United Kingdom"
"5730","Ambu","AMBU-B.CO","58.893","10.6393","Denmark"
"5731","Amara Raja Energy &amp; Mobility","ARE&M.NS","58.7968","9.55379","India"
"5732","Chennai Petroleum","CHENNPETRO.NS","58.5857","14.2338","India"
"5733","Sprott Inc","SII","58.4496","136.87","Canada"
"5734","Constellation Energy","CEG","58.3143","279.52","United States"
"5735","Meiko Electronics","6787.T","58.2858","120.476","Japan"
"5736","Erste Group Bank","EBO.F","58.2733","146.404","Austria"
"5737","Sanil Electric","062040.KS","58.2397","146.017","South Korea"
"5738","Natco Pharma","NATCOPHARM.NS","58.1832","9.00388","India"
"5739","Organon","OGN","58.0973","13.77","United States"
"5740","Hyundai Engineering and Construction","000720.KS","58.0867","93.697","South Korea"
"5741","Costco","COST","57.9425","956.12","United States"
"5742","Sun Corp","6736.T","57.9238","52.7082","Japan"
"5743","Watts Water Technologies","WTS","57.9151","378.14","United States"
"5744","Royal Bank Of Canada","RY","57.9123","207.21","Canada"
"5745","Chubb","CB","57.8875","343.77","Switzerland"
"5746","Toei Company","9605.T","57.7139","38.0879","Japan"
"5747","Motilal Oswal Financial Services","MOTILALOFS.NS","57.4615","10.8909","India"
"5748","PJT Partners","PJT","57.2181","174.77","United States"
"5749","Old Dominion Freight Line","ODFL","57.1629","199.43","United States"
"5750","Hanwha Aerospace","012450.KS","57.146","833.345","South Korea"
"5751","TransUnion","TRU","56.8047","84.5","United States"
"5752","Jubilant Pharmova","JUBLPHARMA.NS","56.7795","9.2296","India"
"5753","Blue Star","BLUESTARCO.NS","56.7606","15.6332","India"
"5754","News Corp","NWS","56.7537","35.24","United States"
"5755","Bank für Tirol und Vorarlberg","BTS.VI","56.7373","100.245","Austria"
"5756","create restaurants holdings","3387.T","56.7235","4.84413","Japan"
"5757","ACC","ACC.NS","56.7137","13.7363","India"
"5758","Amphenol","APH","56.7125","161.34","United States"
"5759","Lumax Industries","LUMAXIND.NS","56.7062","64.1458","India"
"5760","Sumco Corporation","3436.T","56.6755","21.5476","Japan"
"5761","Applied Industrial Technologies","AIT","56.6523","342.44","United States"
"5762","Yoshinoya Holdings Co., Ltd.","9861.T","56.5619","23.7501","Japan"
"5763","Coromandel","COROMANDEL.NS","56.3366","20.3174","India"
"5764","Mastercard","MA","56.3103","598.47","United States"
"5765","Caledonia Mining","CMCL","56.2249","24.9","Jersey"
"5766","eVISO S.p.A.","EVISO.MI","56.1931","12.2159","Italy"
"5767","AFT Pharmaceuticals","AFT.NZ","56.1275","2.5699","New Zealand"
"5768","Polyplex","POLYPLEX.NS","56.0828","12.031","India"
"5769","Helios Technologies","HLIO","56.0523","74.93","United States"
"5770","Kura Sushi,Inc.","2695.T","55.6067","10.9809","Japan"
"5771","Jay Bharat Maruti","JAYBARMARU.NS","55.6067","1.29517","India"
"5772","Financière de Tubize","TUB.BR","55.5592","220.888","Belgium"
"5773","Bristow Group","VTOL","55.4939","45.05","United States"
"5774","Johnson Controls","JCI","55.4285","144.33","Ireland"
"5775","JTEKT India","JTEKTINDIA.NS","55.1926","1.32597","India"
"5776","Bajaj Finance","BAJFINANCE.NS","55.0362","11.3753","India"
"5777","KSB ltd","KSB.NS","54.9422","8.34608","India"
"5778","WESCO International","WCC","54.8907","347.6","United States"
"5779","CPKC (Canadian Pacific Kansas City)","CP","54.6933","94.71","Canada"
"5780","Monolithic Power Systems","MPWR","54.6063","1303.88","United States"
"5781","Geopark","GPRK","54.5829","9.71","Chile"
"5782","EnerSys","ENS","54.5219","192.95","United States"
"5783","KB Financial Group","KB","54.3604","120.86","South Korea"
"5784","Eli Lilly","LLY","54.3126","1189.41","United States"
"5785","Cognex","CGNX","54.2774","61.72","United States"
"5786","NSE SA","ALNSE.PA","53.7732","57.1162","France"
"5787","Ubiquiti","UI","53.6193","596.8","United States"
"5788","Siegfried Holding","SFZN.SW","53.4991","91.4721","Switzerland"
"5789","nVent Electric","NVT","53.469","155.23","United Kingdom"
"5790","Balchem","BCPC","53.3956","179.79","United States"
"5791","JSW Steel","JSWSTEEL.NS","53.2105","13.9918","India"
"5792","Silergy","6415.TW","53.2004","14.8245","China"
"5793","Kingsoft","3888.HK","53.1372","3.11264","China"
"5794","Sandhar","SANDHAR.NS","53.0496","6.87127","India"
"5795","Clinuvel Pharmaceuticals","CUV.AX","53.019","6.59388","Australia"
"5796","Ametek","AME","53.0179","245.2","United States"
"5797","PNE AG","PNE3.DE","53.0012","8.57909","Germany"
"5798","Kingspan Group","KRX.IR","52.8945","119.356","Ireland"
"5799","Tata Investment Corporation","TATAINVEST.NS","52.8827","6.70001","India"
"5800","Expedia Group","EXPE","52.7831","333.44","United States"
"5801","WiseTech Global","WTC.AX","52.3372","28.4083","Australia"
"5802","Advanced Drainage Systems","WMS","52.3116","141.46","United States"
"5803","Ratnamani Metals &amp; Tubes","RATNAMANI.NS","52.2873","27.8821","India"
"5804","Polycab India","POLYCAB.NS","52.1535","94.9356","India"
"5805","Apex Frozen Foods","APEX.NS","52.0737","3.99707","India"
"5806","Luxshare Precision","002475.SZ","51.931","8.50893","China"
"5807","ABB India","ABB.NS","51.8953","78.7054","India"
"5808","Prosus","PRX.AS","51.5931","44.1893","Netherlands"
"5809","Coca-Cola Consolidated","COKE","51.5411","194.02","United States"
"5810","Foxconn Industrial Internet","601138.SS","51.3204","9.50298","China"
"5811","China International Capital Corporation","601995.SS","51.2802","5.1875","China"
"5812","ESAB","ESAB","51.0762","82.23","United States"
"5813","Boyd Group","BYD.TO","50.8475","86.5005","Canada"
"5814","Asker Healthcare Group AB","ASKER.ST","50.8321","7.90414","Sweden"
"5815","Chandra Asri Petrochemical","TPIA.JK","50.8249","0.109859","Indonesia"
"5816","Lakeland Industries","LAKE","50.7614","11.82","United States"
"5817","Veralto","VLTO","50.6637","98.69","United States"
"5818","Cantabil Retail India","CANTABIL.NS","50.6552","2.57955","India"
"5819","Rain Industries","RAIN.NS","50.6467","2.06201","India"
"5820","East Money Information","300059.SZ","50.6182","2.91964","China"
"5821","Floridienne S.A.","FLOB.BR","50.4768","67.6069","Belgium"
"5822","Balkrishna Industries","BALKRISIND.NS","50.4056","24.6517","India"
"5823","Evertec","EVTC","50.4032","29.76","United States"
"5824","Mesa Laboratories","MLAB","50.3343","127.15","United States"
"5825","UniFirst","UNF","50.1771","287.98","United States"
"5826","Aaon","AAON","50.1379","79.78","United States"
"5827","Thermax","THERMAX.NS","50.1079","41.546","India"
"5828","Churchill Downs","CHDN","50.0171","87.57","United States"
"5829","Eagle Materials","EXP","49.98","200.08","United States"
"5830","Furukawa Electric","5801.T","49.977","25.6576","Japan"
"5831","DSV","DSV.VI","49.9036","212.437","Denmark"
"5832","Dell","DELL","49.8038","463.82","United States"
"5833","AWL Agri Business","AWL.NS","49.736","2.09333","India"
"5834","LandBridge","LB","49.667","88.59","United States"
"5835","Zhaojin Mining Industry Company","1818.HK","49.5876","2.94936","China"
"5836","Auto Partner","APR.WA","49.5146","8.00123","Poland"
"5837","Blue Dart Express","BLUEDART.NS","49.5035","52.3672","India"
"5838","Alcon","ALC","49.2638","72.67","Switzerland"
"5839","Cemex","CX","49.0909","11","Mexico"
"5840","Alico","ALCO","49.0196","40.8","United States"
"5841","Indra Sistemas","IDR.MC","48.9974","71.1971","Spain"
"5842","Venture Global","VG","48.951","14.3","United States"
"5843","CGI","GIB","48.8804","73.24","Canada"
"5844","First Guaranty Bancshares","FGBI","48.7805","8.2","United States"
"5845","WisdomTree","WT","48.4653","24.76","United States"
"5846","Elbit Systems","ESLT","48.4442","722.48","Israel"
"5847","Sunteck Realty","SUNTECK.NS","48.4437","3.22667","India"
"5848","Oriental Land","4661.T","48.4301","18.9122","Japan"
"5849","NCsoft","036570.KS","48.4146","161.597","South Korea"
"5850","Tradeweb","TW","48.3676","107.51","United States"
"5851","LTIMindtree","LTIM.NS","48.3362","47.4605","India"
"5852","Hikal","HIKAL.NS","48.0924","2.15251","India"
"5853","Telephone and Data Systems","TDS","48.0769","33.28","United States"
"5854","Ambuja Cements","AMBUJACEM.NS","48.0463","4.32492","India"
"5855","Aarti Drugs","AARTIDRUGS.NS","47.8035","4.3951","India"
"5856","Federal Signal","FSS","47.7248","121.53","United States"
"5857","Dalmia Bharat","DALBHARAT.NS","47.6653","19.6837","India"
"5858","Schweizerische Nationalbank","SNBN.SW","47.4459","3872.36","Switzerland"
"5859","Avio S.p.A.","AVIO.MI","47.4238","35.7268","Italy"
"5860","Hampiðjan","HAMP.IC","47.3754","0.741815","Iceland"
"5861","Fujita Kanko","9722.T","47.3044","18.0714","Japan"
"5862","GF Securities","000776.SZ","46.8921","3.15164","China"
"5863","General Electric","GE","46.841","354.39","United States"
"5864","Danieli &amp; C. Officine Meccaniche","DAN.MI","46.5063","76.0578","Italy"
"5865","Ormat Technologies","ORA","46.3947","103.46","United States"
"5866","Crane Company","CR","46.2786","209.6","United States"
"5867","Samsung","005930.KS","46.1649","192.756","South Korea"
"5868","Stantec","STN","46.1416","75.42","Canada"
"5869","Cboe Global Markets","CBOE","46.1258","312.19","United States"
"5870","HealthStream","HSTM","45.8971","28.76","United States"
"5871","Atul","ATUL.NS","45.82","68.8803","India"
"5872","Kadant","KAI","45.7636","305.92","United States"
"5873","CGN Mining Company","1164.HK","45.7423","0.390356","Hong Kong"
"5874","Murphy USA","MUSA","45.7076","531.64","United States"
"5875","Silicon Studio","3907.T","45.5793","13.3967","Japan"
"5876","Samsung Electro-Mechanics","009155.KS","45.3812","359.788","South Korea"
"5877","Vst Tillers Tractors","VSTTILLERS.NS","45.3229","46.0029","India"
"5878","Sieyuan Electric","002028.SZ","45.3001","22.8333","China"
"5879","SML MAHINDRA LIMITED","SMLMAH.NS","45.277","54.5721","India"
"5880","Indian Hotels Company","INDHOTEL.NS","45.2603","7.50602","India"
"5881","Hindustan Copper","HINDCOPPER.NS","45.234","5.607","India"
"5882","National Healthcare Properties","NHP","45.1807","16.6","United States"
"5883","Koh Young Technology","098460.KQ","45.0894","21.1235","South Korea"
"5884","Hammond Power Solutions","HPS-A.TO","44.9965","173.145","Canada"
"5885","Exide Industries","EXIDEIND.NS","44.9698","4.58311","India"
"5886","Universal Health Services","UHS","44.7703","178.69","United States"
"5887","Basler Aktiengesellschaft","BSL.DE","44.728","28.2667","Germany"
"5888","Regeneron Pharmaceuticals","REGN","44.6741","814.79","United States"
"5889","Winpak","WPK.TO","44.5224","31.8161","Canada"
"5890","Westgold Resources Limited","WGX.AX","44.5166","4.71197","Australia"
"5891","Atmus Filtration Technologies","ATMU","44.4624","49.48","United States"
"5892","Concurrent Technologies","CNC.L","44.3132","3.49628","United Kingdom"
"5893","HBL","HBLENGINE.NS","44.2845","7.00953","India"
"5894","Peapack-Gladstone Financial","PGC","44.2674","45.18","United States"
"5895","Bio-Techne","TECH","44.2111","72.38","United States"
"5896","Elgi Equipments","ELGIEQUIP.NS","44.2088","6.31664","India"
"5897","Siemens Energy","ENR.F","44.1864","182.282","Germany"
"5898","Pharmaron Beijing","300759.SZ","44.0412","6.71131","China"
"5899","WIN Semiconductors","3105.TWO","44.0223","14.0368","Taiwan"
"5900","Argan","AGX","43.9416","455.15","United States"
"5901","Standex International","SXI","43.9157","305.13","United States"
"5902","Espressif Systems (Shanghai)","688018.SS","43.8583","16.8482","China"
"5903","Chemed","CHE","43.7509","548.56","United States"
"5904","India Tourism Development Corp","ITDC.NS","43.5773","6.95245","India"
"5905","Cinda Securities","601059.SS","43.5376","2.5119","China"
"5906","KLA","KLAC","43.5185","183.83","United States"
"5907","Adani Ports & SEZ","ADANIPORTS.NS","43.4674","17.8705","India"
"5908","Centerra Gold","CGAU","43.4416","23.71","Canada"
"5909","Hyundai Autoever Corporation","307950.KS","43.1381","299.642","South Korea"
"5910","Malteries Franco-Belges","MALT.PA","43.0923","1037.42","France"
"5911","Oberoi Realty","OBEROIRLTY.NS","42.8986","19.5716","India"
"5912","Virbac SA","VIRP.PA","42.8797","382.912","France"
"5913","Cosmo First","COSMOFIRST.NS","42.8156","9.80413","India"
"5914","Zhejiang Century Huatong","002602.SZ","42.8072","2.07143","China"
"5915","Deepak Nitrite","DEEPAKNTR.NS","42.7433","18.2968","India"
"5916","TRIAL Holdings","141A.T","42.4027","25.2246","Japan"
"5917","Jindal Stainless","JSL.NS","42.1919","7.38242","India"
"5918","Daeduck Electronics","353200.KS","42.1755","80.6533","South Korea"
"5919","DATA MODUL","DAM.DE","42.1244","32.4047","Germany"
"5920","Onex","ONEX.TO","42.0501","84.217","Canada"
"5921","Coforge","COFORGE.NS","42.0115","19.9256","India"
"5922","Granite Construction","GVA","41.9389","123.99","United States"
"5923","VA Tech Wabag","WABAG.NS","41.9263","22.451","India"
"5924","K+S","SDF.F","41.7299","19.0815","Germany"
"5925","Jiangsu Hengrui Medicine","600276.SS","41.7193","7.08482","China"
"5926","Bharat Forge","BHARATFORG.NS","41.5818","21.4256","India"
"5927","John Mattson Fastighetsföretagen","JOMA.ST","41.5041","6.19315","Sweden"
"5928","Kokusai Electric","6525.T","41.2813","54.7287","Japan"
"5929","Primoris Services Corporation","PRIM","40.9312","78.18","United States"
"5930","Foseco India","FOSECOIND.NS","40.8903","64.6224","India"
"5931","EnPro Industries","NPO","40.8124","308.73","United States"
"5932","Parag Milk Foods","PARAGMILK.NS","40.7847","2.53483","India"
"5933","Core Natural Resources","CNR","40.7789","98.09","United States"
"5934","Hyundai Rotem Company","064350.KS","40.6419","100.436","South Korea"
"5935","KGHM Polska Miedź","KGH.WA","40.5125","97.3258","Poland"
"5936","Godawari Power &amp; Ispat","GPIL.NS","40.44","2.55274","India"
"5937","Frequentis","FQT.VI","40.4372","86.6068","Austria"
"5938","Saizeriya","7581.T","40.4344","45.304","Japan"
"5939","Rorze Corporation","6323.T","40.2997","25.758","Japan"
"5940","Beijing Roborock Technology","688169.SS","40.0522","19.4345","China"
"5941","Merdeka Copper Gold","MDKA.JK","40.0043","0.170704","Indonesia"
"5942","TriMas","TRS","39.8605","40.14","United States"
"5943","Fortive","FTV","39.834","60.25","United States"
"5944","Applied Materials","AMAT","39.8116","479.76","United States"
"5945","Chaozhou Three-Circle","300408.SZ","39.7322","16.7381","China"
"5946","Haisco Pharmaceutical Group","002653.SZ","39.6954","9.94048","China"
"5947","ASML","ASML","39.6645","1745.64","Netherlands"
"5948","APT Medical","688617.SS","39.6316","37.2902","China"
"5949","CONMED","CNMD","39.6197","50.48","United States"
"5950","Moltiply Group (Gruppo Mutuionline)","MOL.MI","39.3502","43.42","Italy"
"5951","Anglo American","AAL.L","39.3447","57.4041","United Kingdom"
"5952","Suzhou TFC Optical Communication","300394.SZ","39.2977","39.756","China"
"5953","Persistent Systems","PERSISTENT.NS","38.7053","59.3694","India"
"5954","Doosan","000150.KS","38.6666","879.723","South Korea"
"5955","Resonac Holdings Corporation","4004.T","38.5922","102.844","Japan"
"5956","KPIT Technologies","KPITTECH.NS","38.5792","6.14958","India"
"5957","Bittium","BITTI.HE","38.5217","44.2942","Finland"
"5958","Aixtron","AIXA.F","38.4913","44.7488","Germany"
"5959","ChinaLin Securities","002945.SZ","38.3785","2.19494","China"
"5960","HENGTONG Optic-Electric","600487.SS","38.3044","10.6101","China"
"5961","SBI Card","SBICARD.NS","38.2391","6.76495","India"
"5962","Bharat Dynamics","BDL.NS","38.1467","14.083","India"
"5963","Kitex Garments","KITEX.NS","38.1103","1.35069","India"
"5964","Teck Resources","TECK","38.1046","71.12","Canada"
"5965","JK Cement","JKCEMENT.NS","38.0114","54.834","India"
"5966","River City Bank","RCBC","37.9772","50.03","United States"
"5967","HDFC Life","HDFCLIFE.NS","37.9175","5.80339","India"
"5968","First Citizens BancShares","FCNCA","37.8924","2177.22","United States"
"5969","Friedman Industries","FRD","37.8878","42.23","United States"
"5970","Rico Auto Industries","RICOAUTO.NS","37.7289","1.37006","India"
"5971","Orient Cement","ORIENTCEM.NS","37.7003","1.37802","India"
"5972","ASM International","ASM.AS","37.6856","986.129","Netherlands"
"5973","Wonderla Holidays","WONDERLA.NS","37.5207","5.67979","India"
"5974","Nippon Ichi Software","3851.T","37.5143","8.1384","Japan"
"5975","IDT Corporation","IDT","37.4748","69.38","United States"
"5976","AIA Engineering","AIAENG.NS","37.2988","44.7307","India"
"5977","Wabtec","WAB","37.2663","300.54","United States"
"5978","LIG Defense & Aerospace","079550.KS","37.175","539.863","South Korea"
"5979","Sartorius","SRT.DE","36.95","228.465","Germany"
"5980","RenaissanceRe","RNR","36.7769","331.73","Bermuda"
"5981","JSW Energy","JSWENERGY.NS","36.7316","5.64261","India"
"5982","Ashtead Technology","AT.L","36.6527","4.70102","United Kingdom"
"5983","China National Uranium","001280.SZ","36.6364","10.4881","China"
"5984","McKesson","MCK","36.5806","896.65","United States"
"5985","CoastalSouth Bancshares","COSO","36.5631","27.35","United States"
"5986","Sudarshan Chemical","SUDARSCHEM.NS","36.561","13.0722","India"
"5987","Meta Platforms (Facebook)","META","36.4495","576.14","United States"
"5988","Wendt India","WENDT.NS","36.377","88.7871","India"
"5989","RB Global","RBA","36.1474","85.76","Canada"
"5990","Indian Metals &amp; Ferro Alloys","IMFA.NS","36.1061","14.3448","India"
"5991","Samvardhana Motherson","MOTHERSON.NS","36.0781","1.73625","India"
"5992","Compagnie de l'Odet","ODET.PA","36.0326","1519.99","France"
"5993","Gotion High-tech Co.,Ltd.","002074.SZ","35.8659","4.12054","China"
"5994","Varun Beverages","VBL.NS","35.7929","4.38881","India"
"5995","Walmex","WMMVF","35.7143","2.8","Mexico"
"5996","Gabriel India","GABRIEL.NS","35.5411","14.2998","India"
"5997","Subros","SUBROS.NS","35.4908","7.62543","India"
"5998","Westag AG","WUG3.F","35.4867","38.466","Germany"
"5999","Pegasystems","PEGA","35.4715","33.83","United States"
"6000","Bitcoin Group","ADE.DE","35.4353","32.0084","Germany"
"6001","Hogy Medical","3593.T","35.3549","41.0184","Japan"
"6002","Vesuvius India","VESUVIUS.NS","35.2312","4.4239","India"
"6003","Turning Point Brands","TPB","35.2033","88.06","United States"
"6004","Shochiku","9601.T","35.0674","69.6501","Japan"
"6005","Celltrion","068270.KS","35.0544","138.625","South Korea"
"6006","Aluar Aluminio Argentino","ALUA.BA","35.051","0.564306","Argentina"
"6007","Bruker","BRKR","35.0508","57.06","United States"
"6008","MS INTERNATIONAL plc","MSI.L","34.9409","22.9616","United Kingdom"
"6009","Seagate Technology","STX","34.7366","846.37","Ireland"
"6010","Woodward","WWD","34.6911","345.91","United States"
"6011","MKS Instruments","MKSI","34.5906","271.75","United States"
"6012","Federal Bank","FEDERALBNK.NS","34.5514","3.60165","India"
"6013","Himatsingka Seide","HIMATSEIDE.NS","34.5425","0.752592","India"
"6014","ArcBest","ARCB","34.51","139.09","United States"
"6015","Nan Ya Plastics","1303.TW","34.4826","7.16806","Taiwan"
"6016","MilDef Group","MILDEF.ST","34.2961","22.6417","Sweden"
"6017","Korea Aerospace Industries","047810.KS","34.1143","99.7116","South Korea"
"6018","Kinross Gold","KGC","34.0347","32.32","Canada"
"6019","OCI Holdings Company","010060.KS","34.0154","200.003","South Korea"
"6020","HANMI Semiconductor","042700.KS","33.8316","160.872","South Korea"
"6021","Interactive Brokers","IBKR","33.8075","97.02","United States"
"6022","Hyatt Hotels","H","33.7895","177.57","United States"
"6023","Harmonic Drive Systems","6324.T","33.6718","36.2683","Japan"
"6024","Pro Medicus","PME.AX","33.6714","128.746","Australia"
"6025","Lodha Group","LODHA.NS","33.5631","13.2","India"
"6026","Vestas Wind Systems","VWS.CO","33.5007","33.7341","Denmark"
"6027","Apple","AAPL","33.4982","313.45","United States"
"6028","SAAB AB","SAAB-B.ST","33.4247","67.8938","Sweden"
"6029","Logistea AB","LOGI-A.ST","33.4201","1.53824","Sweden"
"6030","Core Laboratories","CLB","33.3611","11.99","Netherlands"
"6031","JBT Marel Corporation","JBTM","33.3528","119.93","United States"
"6032","Salzgitter","SZG.F","33.335","68.248","Germany"
"6033","LPL Financial","LPLA","33.3107","360.245","United States"
"6034","Lam Research","LRCX","33.2396","312.88","United States"
"6035","Triple Flag Precious Metals","TFPM","33.1618","34.98","Canada"
"6036","Global Unichip Corp.","3443.TW","33.1283","186.527","Taiwan"
"6037","SKAN Group","SKAN.SW","33.0913","80.9224","Switzerland"
"6038","Dundee Precious Metals","DPM.TO","32.9305","48.1775","Canada"
"6039","Franco-Nevada","FNV","32.9132","267.37","Canada"
"6040","Divis Laboratories","DIVISLAB.NS","32.9024","94.8361","India"
"6041","GO (Etihad Atheeb Telecommunication Company)","7040.SR","32.8468","24.3974","Saudi Arabia"
"6042","Voltas","VOLTAS.NS","32.7554","12.7663","India"
"6043","Capital Tankers Corp.","CAPT.OL","32.6731","15.7212","Greece"
"6044","Pershing Square Holdings","PSHZF","32.4601","56.685","United States"
"6045","APR Co., Ltd.","278470.KS","32.4106","314.86","South Korea"
"6046","Bharat Heavy Electricals Limited","BHEL.NS","32.3857","4.53546","India"
"6047","ICICI Prulife","ICICIPRULI.NS","32.148","5.35247","India"
"6048","Eldorado Gold","EGO","31.9421","46.96","Canada"
"6049","Lingyi iTECH","002600.SZ","31.7801","1.86012","China"
"6050","QCR Holdings","QCRH","31.7492","100.79","United States"
"6051","WaterBridge Infrastructure","WBI","31.6356","31.61","United States"
"6052","China Northern Rare Earth (CNREHT)","600111.SS","31.5587","6.0878","China"
"6053","Filatex India","FILATEX.NS","31.3924","0.823295","India"
"6054","Ralliant Corporation","RAL","31.2891","63.92","United States"
"6055","OR Royalties","OR","31.2256","38.43","Canada"
"6056","Enerflex","EFXT","31.2028","19.87","Canada"
"6057","HELLA","HLE.F","30.7585","81.3615","Germany"
"6058","Digital China Group Co., Ltd.","000034.SZ","30.6675","3.51786","China"
"6059","Samyang Foods","003230.KS","30.4484","1072.48","South Korea"
"6060","Warrior Met Coal","HCC","30.4125","105.22","United States"
"6061","Grasim Industries","GRASIM.NS","30.4066","34.2935","India"
"6062","OHB SE","OHB.DE","30.3169","224.968","Germany"
"6063","Embraer","EMBJ","30.1581","75.27","Brazil"
"6064","Live Oak Bank","LOB","30.0075","39.99","United States"
"6065","Syngene International","SYNGENE.NS","30.0071","4.33696","India"
"6066","Honeywell Automation India","HONAUT.NS","29.9691","386.142","India"
"6067","BSE","BSE.NS","29.9493","34.8665","India"
"6068","Vontier","VNT","29.6824","33.69","United States"
"6069","LG Innotek","011070.KS","29.5644","432.615","South Korea"
"6070","Flagstar Bank","FLG","29.3902","13.61","United States"
"6071","Food &amp; Life Companies","3563.T","29.3512","36.4063","Japan"
"6072","Shanghai United Imaging Healthcare","688271.SS","29.2429","15.6667","China"
"6073","Pershing Square Inc.","PS","28.9717","42.11","United States"
"6074","Lundin Mining","LUN.TO","28.9105","27.4384","Canada"
"6075","Titan Company","TITAN.NS","28.8455","53.9342","India"
"6076","Colliers International","CIGI","28.7026","104.52","Canada"
"6077","Thermo Fisher Scientific","TMO","28.4042","633.71","United States"
"6078","Vadilal Industries","VADILALIND.NS","28.156","78.0455","India"
"6079","Entegris","ENTG","28.0781","142.46","United States"
"6080","CTS Corporation","CTS","28.0603","57.02","United States"
"6081","Capricorn Metals","CMM.AX","28.0527","12.4623","Australia"
"6082","BEML","BEML.NS","27.8741","20.1246","India"
"6083","Stevanato Group","STVN","27.7033","22.38","Italy"
"6084","Lenovo","0992.HK","27.6636","3.91887","Hong Kong"
"6085","ZF Commercial Vehicle Control Systems India","ZFCVINDIA.NS","27.6286","26.9195","India"
"6086","Ganfeng Lithium","002460.SZ","27.5206","8.05506","China"
"6087","VersaBank","VBNK","27.259","19.81","Canada"
"6088","TVS Motor","TVSMOTOR.NS","26.825","46.6468","India"
"6089","Hanjin Kal","180640.KS","26.6965","91.7405","South Korea"
"6090","StorageVault Canada","SVI.TO","26.6334","3.19118","Canada"
"6091","Solstice Advanced Materials","SOLS","26.6099","56.37","United States"
"6092","Bliss GVS Pharma","BLISSGVS.NS","26.5707","5.86572","India"
"6093","TechnipFMC","FTI","26.4201","75.7","United Kingdom"
"6094","HYBE","352820.KS","26.2976","129.35","South Korea"
"6095","GlobalFoundries","GFS","26.2755","45.67","United States"
"6096","APL Apollo","APLAPOLLO.NS","26.132","22.892","India"
"6097","Safari Industries India","SAFARI.NS","26.1273","15.9422","India"
"6098","CSW Industrials","CSW","26.0038","323.03","United States"
"6099","Interface, Inc.","TILE","25.8398","38.7","United States"
"6100","RBL Bank","RBLBANK.NS","25.834","4.03216","India"
"6101","Western Mining","601168.SS","25.6822","5.75446","China"
"6102","LS ELECTRIC Co., Ltd.","010120.KS","25.6627","159.06","South Korea"
"6103","Alphabet (Google)","GOOG","25.0664","339.1","United States"
"6104","DigitalBridge Group","DBRG","25.047","15.97","United States"
"6105","Wheaton Precious Metals","WPM","24.9968","156.02","Canada"
"6106","CVR Energy","CVI","24.9813","40.03","United States"
"6107","iFLYTEK","002230.SZ","24.9718","5.91815","China"
"6108","Formosa Sumco Technology","3532.TW","24.8883","12.4141","Taiwan"
"6109","TORIDOLL Holdings Corporation","3397.T","24.7556","27.1322","Japan"
"6110","ADF Group","DRX.TO","24.7247","11.4584","Canada"
"6111","Sumitomo Chemical
 India","SUMICHEM.NS","24.7026","5.50225","India"
"6112","Aurobindo Pharma","AUROPHARMA.NS","24.6782","17.0252","India"
"6113","Northern Technologies International","NTIC","24.6609","8.11","United States"
"6114","Volex plc","VLX.L","24.6512","8.70916","United Kingdom"
"6115","Nanya Technology","2408.TW","24.4179","17.0458","Taiwan"
"6116","Astral Poly Technik","ASTRAL.NS","24.4143","16.0794","India"
"6117","Pathward Financial","CASH","24.3932","81.99","United States"
"6118","Eoptolink Technology","300502.SZ","24.2759","60.878","China"
"6119","Colowide","7616.T","24.2483","13.1833","Japan"
"6120","Dollarama","DOL.TO","24.1908","132.338","Canada"
"6121","LATAM Airlines","LTM","24.1316","54.7","Chile"
"6122","Materion","MTRN","23.9356","236.05","United States"
"6123","Singapore Post","S08.SI","23.8143","0.25998","Singapore"
"6124","Huagong Tech","000988.SZ","23.6685","15.6101","China"
"6125","Kalyan Jewellers India","KALYANKJIL.NS","23.6128","6.61412","India"
"6126","Narayana Hrudayalaya","NH.NS","23.4496","19.9644","India"
"6127","Jubilant FoodWorks","JUBLFOOD.NS","23.1799","5.39821","India"
"6128","Aon","AON","23.1651","353.98","United Kingdom"
"6129","Acadian Asset Management","AAMI","23.0005","95.65","United States"
"6130","Financière Moncey Société anonyme","FMONC.PA","22.962","138.711","France"
"6131","Force Motors","FORCEMOT.NS","22.954","181.942","India"
"6132","Hyosung Heavy Industries Corporation","298040.KS","22.8685","2231.19","South Korea"
"6133","Silan Microelectronics","600460.SS","22.7782","5.19048","China"
"6134","Delta Electronics (Thailand)","DELTA.BK","22.7361","7.80726","Thailand"
"6135","Loews Corporation","L","22.7109","110.96","United States"
"6136","RingCentral","RNG","22.7066","66.06","United States"
"6137","S-OIL","010950.KS","22.6637","99.0594","South Korea"
"6138","Apollo Hospitals","APOLLOHOSP.NS","22.6627","92.2698","India"
"6139","Acuity Brands","AYI","22.5575","341.35","United States"
"6140","Seaboard Corporation","SEB","22.3504","4026.77","United States"
"6141","Zydus Wellness","ZYDUSWELL.NS","22.3355","5.61433","India"
"6142","eMudhra","EMUDHRA.NS","22.2213","5.84582","India"
"6143","Ramco Cements","RAMCOCEM.NS","22.1818","9.38672","India"
"6144","Shriram Pistons &amp; Rings","SHRIPISTON.NS","22.1619","47.2735","India"
"6145","Revvity","RVTY","22.1607","126.35","United States"
"6146","GemLife Communities Group","GLF.AX","22.1234","3.47651","Australia"
"6147","Bayer","BAYN.DE","22.0109","56.7316","Germany"
"6148","Equinox Gold","EQX","22.0103","13.63","Canada"
"6149","Deutsche Wohnen","DWNI.DE","21.93","20.8416","Germany"
"6150","1&1","1U1.DE","21.7962","26.0946","Germany"
"6151","Pebblebrook Hotel Trust","PEB","21.7746","18.37","United States"
"6152","Kinsale Capital Group","KNSL","21.6981","387.13","United States"
"6153","Apollo Pipes","APOLLOPIPE.NS","21.6753","6.67854","India"
"6154","Gallantt Ispat","GALLANTT.NS","21.3924","6.06054","India"
"6155","Alamos Gold","AGI","21.3049","37.55","Canada"
"6156","Casey's General Stores","CASY","21.1864","807.12","United States"
"6157","Asahi India Glass","ASAHIINDIA.NS","20.8006","10.0199","India"
"6158","Jio Financial Services","JIOFIN.NS","20.7745","2.50864","India"
"6159","Changchun High-Tech Industry","000661.SZ","20.6257","11.4643","China"
"6160","UNO Minda","UNOMINDA.NS","20.6054","13.3822","India"
"6161","SoftBank Group Corp.","9984.T","20.5852","32.6289","Japan"
"6162","PVH Corp.","PVH","20.4027","74.5","United States"
"6163","Tutor Perini Corporation","TPC","20.3413","88.49","United States"
"6164","United States Lime &amp; Minerals","USLM","20.3235","118.09","United States"
"6165","Glenmark Pharmaceuticals","GLENMARK.NS","20.315","25.6667","India"
"6166","Texas Capital Bancshares","TCBI","20.2963","98.54","United States"
"6167","Preformed Line Products","PLPC","20.2553","409.77","United States"
"6168","Galderma Group","GALD.SW","20.2173","211.242","Switzerland"
"6169","Knr Constructions","KNRCON.NS","20.2128","1.28658","India"
"6170","PI Industries","PIIND.NS","20.1738","25.8877","India"
"6171","Celanese","CE","20.1342","44.7","United States"
"6172","Mishra Dhatu Nigam","MIDHANI.NS","19.9808","4.39772","India"
"6173","Max Healthcare Institute","MAXHEALTH.NS","19.8094","10.5206","India"
"6174","Kakao","035720.KS","19.5589","26.0873","South Korea"
"6175","Radico Khaitan","RADICO.NS","19.4987","48.1701","India"
"6176","ISU Petasys","007660.KS","19.1427","81.7403","South Korea"
"6177","SRF Limited","SRF.NS","19.118","27.2065","India"
"6178","ViTrox Corporation","0097.KL","19.1025","2.3623","Malaysia"
"6179","GE HealthCare Technologies","GEHC","19.097","73.31","United States"
"6180","InterGlobe Aviation (IndiGo)","INDIGO.NS","19.0565","54.394","India"
"6181","Emcor","EME","18.9892","763.59","United States"
"6182","West Pharmaceutical Services","WST","18.8615","349.92","United States"
"6183","Powell Industries","POWL","18.7049","191.75","United States"
"6184","Vitru","VTRU3.SA","18.6098","2.63813","Brazil"
"6185","Aarti Industries","AARTIIND.NS","18.4525","5.6379","India"
"6186","Maruwa","5344.T","18.3642","339.152","Japan"
"6187","GE Vernova","GEV","18.3613","953.09","United States"
"6188","Linde India","LINDEINDIA.NS","18.2176","68.6446","India"
"6189","Multi Commodity Exchange","MCX.NS","18.1977","34.3808","India"
"6190","H&amp;K AG (Heckler &amp; Koch)","MLHK.PA","18.1279","37.6501","Germany"
"6191","GigaDevice Semiconductor","603986.SS","18.1139","61.1905","China"
"6192","Hilton Worldwide","HLT","18.0419","332.56","United States"
"6193","Aditya Birla Real Estate","ABREL.NS","17.8408","14.5763","India"
"6194","Constellation Software","CSU.TO","17.8002","2211.52","Canada"
"6195","Unisplendour","000938.SZ","17.7198","5.42113","China"
"6196","VSE Corporation","VSEC","17.6289","226.9","United States"
"6197","Madras Rubber Factory","MRF.NS","17.5266","1399.24","India"
"6198","Qnity Electronics","Q","17.4326","126.2","United States"
"6199","Greenply","GREENPLY.NS","17.2773","3.0376","India"
"6200","SG Micro","300661.SZ","16.9911","17.3958","China"
"6201","Belden","BDC","16.9362","118.09","United States"
"6202","Action Construction Equipment","ACE.NS","16.9177","11.8959","India"
"6203","Jindal Steel &amp; Power","JINDALSTEL.NS","16.8518","12.3892","India"
"6204","Prince Pipes And Fittings","PRINCEPIPE.NS","16.8247","3.10045","India"
"6205","Lux Industries","LUXIND.NS","16.6391","12.56","India"
"6206","Advantest","6857.T","16.5889","217.17","Japan"
"6207","Mainstreet Equity","MEQ.TO","16.5832","119.587","Canada"
"6208","Carpenter Technology","CRS","16.5392","483.7","United States"
"6209","Unimicron","3037.TW","16.4553","37.1794","Taiwan"
"6210","Greenlam Industries","GREENLAM.NS","16.3199","2.54373","India"
"6211","SK Hynix","000660.KS","16.2803","1253.64","South Korea"
"6212","Comfort Systems USA","FIX","16.0922","1615.69","United States"
"6213","Zhongji Innolight","300308.SZ","16.053","128.887","China"
"6214","Cameco","CCJ","16.0209","107.36","Canada"
"6215","Orla Mining","ORLA","15.8898","9.44","Canada"
"6216","Curtiss-Wright","CW","15.8202","619.46","United States"
"6217","Sheela Foam","SFL.NS","15.5234","6.71729","India"
"6218","Empyrean Technology","301269.SZ","15.418","14.378","China"
"6219","Sparta AG","SPT6.F","15.3683","29.6072","Germany"
"6220","Ecopro","086520.KQ","15.307","66.6676","South Korea"
"6221","Kotak Mahindra Bank","KOTAKBANK.NS","15.1631","4.46109","India"
"6222","Nan Ya PCB","8046.TW","15.1444","40.8028","Taiwan"
"6223","SBI Life Insurance","SBILIFE.NS","15.092","18.6603","India"
"6224","PharmaEssentia","6446.TW","14.9756","49.1524","Taiwan"
"6225","IndusInd Bank","INDUSINDBK.NS","14.9253","10.464","India"
"6226","Hwatsing Technology","688120.SS","14.8728","39.747","China"
"6227","KCP Limited","KCP.NS","14.6875","1.77585","India"
"6228","Inter Cars","CAR.WA","14.6791","252.742","Poland"
"6229","Paisalo Digital","PAISALO.NS","14.5564","0.712161","India"
"6230","CG Power and Industrial Solutions","CGPOWER.NS","14.5494","9.37834","India"
"6231","Neuland Laboratories","NEULANDLAB.NS","14.3653","247.659","India"
"6232","Recruit","6098.T","14.3359","106.483","Japan"
"6233","The Ensign Group","ENSG","14.2833","180.63","United States"
"6234","Cambricon Technologies","688256.SS","14.2146","155.952","China"
"6235","Ibiden","4062.T","14.2097","128.915","Japan"
"6236","Advanced Energy","AEIS","14.1313","283.06","United States"
"6237","Mangalam Cement","MANGLMCEM.NS","14.0161","11.1386","India"
"6238","Allient","ALNT","13.971","93.05","United States"
"6239","Comet Holding","COTN.SW","13.9573","435.641","Switzerland"
"6240","Trent Limited","TRENT.NS","13.8146","30.199","India"
"6241","Teradyne","TER","13.7703","363.1","United States"
"6242","Arcosa","ACA","13.7684","145.26","United States"
"6243","Ramkrishna Forgings","RKFORGE.NS","13.7597","7.53849","India"
"6244","PhenixFIN","PFX","13.7554","53.07","United States"
"6245","SK Square","402340.KS","13.6252","773.924","South Korea"
"6246","Acciona Energías Renovables","ANE.MC","13.6008","25.1778","Spain"
"6247","Carborundum Universal","CARBORUNIV.NS","13.4675","11.6068","India"
"6248","Black Box","BBOX.NS","13.4004","7.77312","India"
"6249","Howmet Aerospace","HWM","13.366","269.34","United States"
"6250","NVIDIA","NVDA","13.355","209.66","United States"
"6251","iSoftStone Information Technology","301236.SZ","13.3194","5.56399","China"
"6252","SAKURA Internet","3778.T","13.3122","22.9343","Japan"
"6253","Campus Activewear","CAMPUS.NS","13.2471","2.36326","India"
"6254","CenturyPly","CENTURYPLY.NS","13.2294","7.87734","India"
"6255","JBM Auto","JBMA.NS","13.0888","6.75553","India"
"6256","Phoenix Mills","PHOENIXLTD.NS","13.033","20.0126","India"
"6257","Astra Microwave","ASTRAMICRO.NS","12.9281","17.6851","India"
"6258","Navios Maritime Partners","NMM","12.8806","85.4","Monaco"
"6259","China Satellite Communications","601698.SS","12.8172","3.62054","China"
"6260","POSCO Future M","003670.KS","12.7558","133.335","South Korea"
"6261","Tongfu Microelectronics Co.,Ltd","002156.SZ","12.6225","9.48363","China"
"6262","Confidence Petroleum","CONFIPET.NS","12.4673","0.8256","India"
"6263","Varroc","VARROC.NS","12.1917","8.54823","India"
"6264","China Resources Microelectronics","688396.SS","12.1382","9.375","China"
"6265","Biocon","BIOCON.NS","11.9224","4.37307","India"
"6266","First Majestic Silver","AG","11.9104","20.99","Canada"
"6267","Oriental Aromatics","OAL.NS","11.7202","4.4988","India"
"6268","Sansan, Inc.","4443.T","11.4942","13.6728","Japan"
"6269","ESCO Technologies","ESE","11.2982","283.23","United States"
"6270","Alteogen","196170.KQ","11.1815","225.728","South Korea"
"6271","Chalet Hotels","CHALET.NS","11.1269","9.3714","India"
"6272","Prestige Group","PRESTIGE.NS","11.0436","16.8985","India"
"6273","Bel Fuse","BELFB","10.9757","255.11","United States"
"6274","Fortis Healthcare","FORTIS.NS","10.8942","9.60354","India"
"6275","Eagle Bancorp","EGBN","10.8578","27.63","United States"
"6276","ASA Gold and Precious Metals","ASA","10.8359","64.6","United States"
"6277","Western Digital","WDC","10.6637","468.88","United States"
"6278","Enerpac Tool Group","EPAC","10.6073","37.71","United States"
"6279","Cholamandalam Investment and Finance","CHOLAFIN.NS","10.594","19.6208","India"
"6280","NAURA Technology Group","002371.SZ","10.5399","106.845","China"
"6281","Craftsman Automation","CRAFTSMAN.NS","10.4212","114.245","India"
"6282","Laurus Labs","LAURUSLABS.NS","10.4068","20.0649","India"
"6283","Nelco","NELCO.NS","10.3248","10.1152","India"
"6284","Jabil","JBL","10.2924","310.91","United States"
"6285","HUGO BOSS","BOSS.DE","10.2187","44.6556","Germany"
"6286","Ipca Laboratories","IPCALAB.NS","10.1843","20.5363","India"
"6287","Syrma SGS Technology","SYRMA.NS","10.0767","15.6615","India"
"6288","Ingersoll Rand","IR","10.0038","79.97","Ireland"
"6289","Silvercorp Metals","SVM","9.94644","13.07","Canada"
"6290","Marvell Technology","MRVL","9.79152","245.11","United States"
"6291","Textron","TXT","9.60269","83.31","United States"
"6292","Coeur Mining","CDE","9.32836","21.44","United States"
"6293","AtkinsRéalis","ATRL.TO","9.28764","61.0071","Canada"
"6294","AMEC","688012.SS","9.24429","55.9539","China"
"6295","Sangfor Technologies","300454.SZ","9.10372","17.8571","China"
"6296","Barito Pacific","BRPT.JK","8.83658","0.103662","Indonesia"
"6297","Vertiv Holdings","VRT","8.60468","263.81","United States"
"6298","Zydus Lifesciences","ZYDUSLIFE.NS","8.53636","12.3285","India"
"6299","GFL Environmental","GFL","8.22846","41.32","Canada"
"6300","Indoco Remedies","INDOCO.NS","8.19187","2.54111","India"
"6301","KEI Industries","KEI.NS","8.09217","58.0884","India"
"6302","Ecopro BM","247540.KQ","7.95614","85.5085","South Korea"
"6303","Axis Bank","AXISBANK.BO","7.88028","13.1968","India"
"6304","Hecla Mining","HL","7.72947","20.7","United States"
"6305","Waaree Energies Limited (WEL)","WAAREEENER.NS","7.59937","27.4201","India"
"6306","Mowi","MNHVF","7.54717","21.2","Norway"
"6307","Bajaj Finserv","BAJAJFINSV.NS","7.43737","20.9595","India"
"6308","HEICO","HEI","7.12149","351.05","United States"
"6309","Tube Investments of India","TIINDIA.NS","6.98855","30.0042","India"
"6310","Quanta Services","PWR","6.97226","616.73","United States"
"6311","Gujarat Fluorochemicals","FLUOROCHEM.NS","6.36832","49.0437","India"
"6312","Aselsan","ASELS.IS","6.01066","8.40925","Turkey"
"6313","Micron Technology","MU","5.64791","938.4","United States"
"6314","Wayi International Digital Entertainment","3086.TWO","5.60341","0.827084","Taiwan"
"6315","Dixon Technologies","DIXON.NS","5.38845","154.677","India"
"6316","DATAGROUP SE","D6H.DE","5.3657","84.8","Germany"
"6317","SÜSS MicroTec","SMHN.DE","5.25022","87.1314","Germany"
"6318","Inspur","000977.SZ","5.07541","11.6473","China"
"6319","Power Mech Projects","POWERMECH.NS","4.89803","26.5424","India"
"6320","China Rare Earth Resources And Technology","000831.SZ","4.73618","9.04911","China"
"6321","White Mountains Insurance Group","WTM","4.6888","2132.74","Bermuda"
"6322","Hudbay Minerals","HBM","4.66822","29.99","Canada"
"6323","The Fertilisers And Chemicals Travancore Limited","FACT.NS","4.54601","8.94941","India"
"6324","Gamesparcs","6542.TWO","4.51473","1.4021","Taiwan"
"6325","GPGI, Inc.","GPGI","4.42804","13.55","United States"
"6326","Mankind Pharma","MANKIND.NS","4.17178","25.1053","India"
"6327","Adani Enterprises","ADANIENT.NS","4.09328","33.0753","India"
"6328","Bitmine Immersion Technologies","BMNR","4.01445","24.91","United States"
"6329","Adani Total Gas","ATGL.NS","3.87602","6.73877","India"
"6330","BAVARIA Industries Group AG","B8A.MU","3.75341","121.226","Germany"
"6331","Global Health Limited (Medanta)","MEDANTA.NS","3.25331","15.7987","India"
"6332","Northeast Bank","NBN","3.13553","127.57","United States"
"6333","Olectra Greentech","OLECTRA.NS","2.99719","13.9248","India"
"6334","Compass Group","CPG.L","2.98292","30.28","United Kingdom"
"6335","eClerx Services","ECLERX.NS","2.54556","20.4504","India"
"6336","N.B.I. Industrial Finance","NBIFIN.NS","2.50117","20.8442","India"
"6337","Skipper Limited","SKIPPER.NS","1.77422","5.88667","India"
"6338","Hitachi Energy India","POWERINDIA.NS","1.76693","353.776","India"
"6339","Montepino Logística","MLMTP.PA","1.7652","11.8895","Spain"
"6340","Suzano","SUZ","1.11857","8.94","Brazil"
"6341","Affiliated Managers Group","AMG","1.07936","370.59","United States"
"6342","Amazon","AMZN","0","260.28","United States"
"6343","Berkshire Hathaway","BRK-B","0","504.91","United States"
"6344","Tesla","TSLA","0","345.82","United States"
"6345","Intel","INTC","0","88.24","United States"
"6346","Toyota","TM","0","191.84","Japan"
"6347","Boeing","BA","0","212.09","United States"
"6348","AMD","AMD","0","480.93","United States"
"6349","Adobe","ADBE","0","273.47","United States"
"6350","Netflix","NFLX","0","81.46","United States"
"6351","Charter Communications","CHTR","0","153.89","United States"
"6352","AAR","AIR","0","138.58","United States"
"6353","Akamai","AKAM","0","108.06","United States"
"6354","Alaska Airlines","ALK","0","43","United States"
"6355","American Airlines","AAL","0","13.84","United States"
"6356","Arista Networks","ANET","0","202.25","United States"
"6357","Autodesk","ADSK","0","254.77","United States"
"6358","AutoZone","AZO","0","3027.34","United States"
"6359","Biogen","BIIB","0","221.07","United States"
"6360","Boston Scientific","BSX","0","48.17","United States"
"6361","Cadence Design Systems","CDNS","0","334.68","United States"
"6362","Capri Holdings","CPRI","0","13.6","United Kingdom"
"6363","CarMax","KMX","0","64.22","United States"
"6364","Centene","CNC","0","65.47","United States"
"6365","Chipotle Mexican Grill","CMG","0","37.34","United States"
"6366","Copart","CPRT","0","32.67","United States"
"6367","Coty","COTY","0","2.74","United States"
"6368","DaVita","DVA","0","180.05","United States"
"6369","Dollar Tree","DLTR","0","132.18","United States"
"6370","DXC Technology","DXC","0","10.55","United States"
"6371","Edwards Lifesciences","EW","0","90.78","United States"
"6372","F5","FFIV","0","399.59","United States"
"6373","Fiserv","FISV","0","52.45","United States"
"6374","Fortinet","FTNT","0","157.54","United States"
"6375","Henry Schein","HSIC","0","90.38","United States"
"6376","IDEXX Laboratories","IDXX","0","553.44","United States"
"6377","Illumina","ILMN","0","224.84","United States"
"6378","IPG Photonics","IPGP","0","74.21","United States"
"6379","IQVIA","IQV","0","261.51","United States"
"6380","Keysight","KEYS","0","321.87","United States"
"6381","Mettler Toledo","MTD","0","1398.46","United States"
"6382","MGM Resorts","MGM","0","43.46","United States"
"6383","Mohawk Industries","MHK","0","132.17","United States"
"6384","Norwegian Cruise Line","NCLH","0","17.09","United States"
"6385","NVR","NVR","0","6368.12","United States"
"6386","O'Reilly Automotive","ORLY","0","89.55","United States"
"6387","Qorvo","QRVO","0","95.135","United States"
"6388","ServiceNow","NOW","0","125.8","United States"
"6389","Synopsys","SNPS","0","410","United States"
"6390","Take-Two Interactive","TTWO","0","233.45","United States"
"6391","ULTA Beauty","ULTA","0","543.19","United States"
"6392","Under Armour","UA","0","5.02","United States"
"6393","Vertex Pharmaceuticals","VRTX","0","547.29","United States"
"6394","Waters Corporation","WAT","0","414.17","United States"
"6395","Zebra Technologies","ZBRA","0","359.84","United States"
"6396","Incyte","INCY","0","128.12","United States"
"6397","Align Technology","ALGN","0","159.14","United States"
"6398","Aptiv","APTV","0","46.27","Ireland"
"6399","CBRE Group","CBRE","0","150.36","United States"
"6400","Cooper Companies","COO","0","73.04","United States"
"6401","Gartner","IT","0","192.96","United States"
"6402","Intuitive Surgical","ISRG","0","370.42","United States"
"6403","Live Nation","LYV","0","182.64","United States"
"6404","Monster Beverage","MNST","0","47.81","United States"
"6405","United Airlines Holdings","UAL","0","114.83","United States"
"6406","Naspers","NPSNY","0","9.58","South Africa"
"6407","BOSCH India","BOSCHLTD.NS","0","510.943","India"
"6408","Chiba Bank","CHBAY","0","87.88","Japan"
"6409","Nikon","NINOY","0","12.23","Japan"
"6410","Worldline","WLN.PA","0","15.7221","France"
"6411","Atos","ATO.PA","0","33.2207","France"
"6412","Zymeworks","ZYME","0","29.305","Canada"
"6413","YPF S.A.","YPF","0","50.27","Argentina"
"6414","Youdao","DAO","0","16.79","China"
"6415","Yext","YEXT","0","6.5","United States"
"6416","YETI Holdings","YETI","0","41.78","United States"
"6417","Yelp","YELP","0","22.63","United States"
"6418","XPO Logistics","XPO","0","192.46","United States"
"6419","Workiva","WK","0","74.5","United States"
"6420","Wipro","WIT","0","1.83","India"
"6421","WEX","WEX","0","198.58","United States"
"6422","Zomedica Pharmaceuticals","ZOM","0","0.0973","United States"
"6423","Zumiez","ZUMZ","0","18.45","United States"
"6424","Zscaler","ZS","0","170.31","United States"
"6425","ZoomInfo","GTM","0","3.8","United States"
"6426","Zoom","ZM","0","93.83","United States"
"6427","ZK International Group","ZKIN","0","1.15","China"
"6428","Zion Oil &amp; Gas","ZNOG","0","0.39","United States"
"6429","Zillow","Z","0","34.95","United States"
"6430","Zentalis Pharmaceuticals","ZNTL","0","3.89","United States"
"6431","Zealand Pharma","ZEAL.CO","0","49.4632","Denmark"
"6432","Zai Lab","ZLAB","0","26.03","China"
"6433","Yatra","YTRA","0","1.01","India"
"6434","Xunlei","XNET","0","5.02","China"
"6435","XPEL","XPEL","0","50.77","United States"
"6436","Xeris Pharmaceuticals","XERS","0","8.68","United States"
"6437","Xenon Pharmaceuticals","XENE","0","63.79","Canada"
"6438","Xencor","XNCR","0","28.44","United States"
"6439","XBiotech","XBIT","0","2.31","United States"
"6440","X4 Pharmaceuticals","XFOR","0","4.17","United States"
"6441","Wrap Technologies","WRAP","0","1.54","United States"
"6442","World Acceptance Corporation","WRLD","0","191.12","United States"
"6443","Workhorse Group","WKHS","0","3.02","United States"
"6444","Workday","WDAY","0","190.75","United States"
"6445","Wix.com","WIX","0","82.29","Israel"
"6446","Willdan Group","WLDN","0","85.94","United States"
"6447","Wheeler Real Estate Investment Trust","WHLR","0","0.399","United States"
"6448","Westwater Resources","WWR","0","0.6075","United States"
"6449","Westport Fuel Systems","WPRT","0","1.87","Canada"
"6450","Wave Life Sciences","WVE","0","5.23","Singapore"
"6451","Vuzix","VUZI","0","2.66","United States"
"6452","vTv Therapeutics","VTVT","0","33.57","United States"
"6453","Vroom","VRM","0","9.41","United States"
"6454","Voyager Therapeutics","VYGR","0","3.46","United States"
"6455","VivoPower","VIVO","0","4.205","United Kingdom"
"6456","Viveve Medical","VIVE","0","0.0002","United States"
"6457","VistaGen Therapeutics","VTGN","0","0.26","United States"
"6458","Vislink Technologies","VISL","0","3.15","United States"
"6459","VirTra","VTSI","0","3.11","United States"
"6460","Vir Biotechnology","VIR","0","11.08","United States"
"6461","Village Farms International","VFF","0","2.86","Canada"
"6462","Viking Therapeutics","VKTX","0","34.38","United States"
"6463","Viemed Healthcare","VMD","0","9.33","United States"
"6464","Vicor","VICR","0","197.23","United States"
"6465","VIAVI Solutions","VIAV","0","38.78","United States"
"6466","ViaSat","VSAT","0","71.51","United States"
"6467","Veru","VERU","0","2.8","United States"
"6468","Vertex Energy","VTNR","0","0.0521","United States"
"6469","Verra Mobility","VRRM","0","4.42","United States"
"6470","Veritone","VERI","0","0.8013","United States"
"6471","Vericel","VCEL","0","42.44","United States"
"6472","Verastem Oncology","VSTM","0","7.39","United States"
"6473","Veracyte","VCYT","0","44.29","United States"
"6474","Vera Bradley","VRA","0","3.35","United States"
"6475","Veeco","VECO","0","46.17","United States"
"6476","Vaxcyte","PCVX","0","61.09","United States"
"6477","Vaxart","VXRT","0","0.5","United States"
"6478","Varonis Systems","VRNS","0","41.4","United States"
"6479","Varex Imaging","VREX","0","18.48","United States"
"6480","Vanda Pharmaceuticals","VNDA","0","5.35","United States"
"6481","Vaccinex","VCNX","0","0.72","United States"
"6482","Uxin Limited","UXIN","0","1.16","China"
"6483","Usio","USIO","0","2.91","United States"
"6484","UroGen Pharma","URGN","0","45.94","United States"
"6485","Urban Outfitters","URBN","0","82.95","United States"
"6486","Urban One","UONE","0","4.856","United States"
"6487","Upwork","UPWK","0","8.64","United States"
"6488","Upland Software","UPLD","0","4.5","United States"
"6489","UP Fintech (Tiger Brokers)","TIGR","0","5.46","China"
"6490","Universal Electronics","UEIC","0","4.49","United States"
"6491","Unity Biotechnology","UBX","0","0.2001","United States"
"6492","Uniti","UNIT","0","10.16","United States"
"6493","United Therapeutics","UTHR","0","516.68","United States"
"6494","uniQure","QURE","0","50.95","Netherlands"
"6495","Ultralife Corporation","ULBI","0","6.56","United States"
"6496","Ultragenyx Pharmaceutical","RARE","0","26.44","United States"
"6497","UCT (Ultra Clean Holdings)","UCTT","0","73.08","United States"
"6498","UFP Technologies","UFPT","0","304.57","United States"
"6499","U.S. Gold Corp","USAU","0","16.25","United States"
"6500","CarParts.com","PRTS","0","6.38","United States"
"6501","Twist Bioscience","TWST","0","150.06","United States"
"6502","Turtle Beach Corp","TBCH","0","12.8","United States"
"6503","Tucows","TCX","0","9.09","Canada"
"6504","TTM Technologies","TTMI","0","121.7","United States"
"6505","TTEC","TTEC","0","1.38","United States"
"6506","Trupanion","TRUP","0","30.19","United States"
"6507","trivago","TRVG","0","5.71","Germany"
"6508","TripAdvisor","TRIP","0","9.87","United States"
"6509","Trip.com","TCOM","0","45.14","China"
"6510","Trinity Biotech","TRIB","0","9.59","Ireland"
"6511","Trimble","TRMB","0","59.68","United States"
"6512","Trevena","TRVN","0","0.011","United States"
"6513","TransMedics Group","TMDX","0","92.22","United States"
"6514","Transcat","TRNS","0","89.66","United States"
"6515","TransAct Technologies","TACT","0","5.08","United States"
"6516","TPI Composites","TPIC","0","0.1271","United States"
"6517","Tower Semiconductor","TSEM","0","221.23","Israel"
"6518","ToughBuilt Industries","TBLT","0","0.011","United States"
"6519","Top Ships","TOPS","0","0.801","Greece"
"6520","Tonix Pharmaceuticals","TNXP","0","13.64","United States"
"6521","Tiziana Life Sciences","TLSA","0","1.09","United Kingdom"
"6522","Titan Medical","TMD.TO","0","0.0326591","Canada"
"6523","Titan Machinery","TITN","0","18.81","United States"
"6524","Tilray Brands","TLRY","0","4.64","Canada"
"6525","Theravance Biopharma","TBPH","0","17.03","Cayman Islands"
"6526","TherapeuticsMD","TXMD","0","2.28","United States"
"6527","The9","NCTY","0","4.85","China"
"6528","The Trade Desk","TTD","0","13.03","United States"
"6529","Simply Good Foods","SMPL","0","10.54","United States"
"6530","The RealReal","REAL","0","10.93","United States"
"6531","The Pennant Group","PNTG","0","38.28","United States"
"6532","The ONE Group Hospitality","STKS","0","1.65","United States"
"6533","Middleby","MIDD","0","115.44","United States"
"6534","LoveSac","LOVE","0","16.28","United States"
"6535","The Joint Corp.","JYNT","0","8.54","United States"
"6536","Hain Celestial","HAIN","0","0.7747","United States"
"6537","Goodyear","GT","0","6.26","United States"
"6538","Descartes Systems Group","DSGX","0","77.49","Canada"
"6539","Chefs' Warehouse","CHEF","0","112.01","United States"
"6540","The Bancorp, Inc.","TBBK","0","66.3","United States"
"6541","TG Therapeutics","TGTX","0","55.03","United States"
"6542","Tenable","TENB","0","33.66","United States"
"6543","TELA Bio","TELA","0","0.6911","United States"
"6544","TechTarget","TTGT","0","3.88","United States"
"6545","Target Hospitality","TH","0","16.78","United States"
"6546","Tapinator","TAPM","0","0.247","United States"
"6547","Tandem Diabetes Care","TNDM","0","21.37","United States"
"6548","Tactile Medical","TCMD","0","23.51","United States"
"6549","T2 Biosystems","TTOO","0","0.001","United States"
"6550","Syros Pharmaceuticals","SYRS","0","0.0001","United States"
"6551","Synlogic","SYBX","0","1.22","United States"
"6552","Syndax Pharmaceuticals","SNDX","0","20.09","United States"
"6553","Synaptics","SYNA","0","95.7","United States"
"6554","Sutro Biopharma","STRO","0","21.43","United States"
"6555","Surgery Partners","SGRY","0","14.04","United States"
"6556","Supernus Pharmaceuticals","SUPN","0","44.88","United States"
"6557","Supermicro","SMCI","0","37.39","United States"
"6558","Super League Enterprise","SLE","0","4.03","United States"
"6559","Sunrun","RUN","0","9.13","United States"
"6560","SunPower","SPWR","0","0.2994","United States"
"6561","SNDL Inc.","SNDL","0","1.38","Canada"
"6562","Summit Therapeutics","SMMT","0","14.23","United Kingdom"
"6563","Stratasys","SSYS","0","7.92","Israel"
"6564","Stoke Therapeutics","STOK","0","33.09","United States"
"6565","Stitch Fix","SFIX","0","3.17","United States"
"6566","Sterling Infrastructure","STRL","0","497.41","United States"
"6567","SmartRent","SMRT","0","1.35","United States"
"6568","Staffing 360 Solutions","STAF","0","1.615","United States"
"6569","STAAR Surgical","STAA","0","22.86","United States"
"6570","SSR Mining","SSRM","0","38.09","Canada"
"6571","SPS Commerce","SPSC","0","80.48","United States"
"6572","Sprouts Farmers Market","SFM","0","86.83","United States"
"6573","Sprout Social","SPT","0","10.64","United States"
"6574","Sportsman's Warehouse","SPWH","0","1.16","United States"
"6575","SPI Energy","SPI","0","0.766","United States"
"6576","Sphere 3D","ANY","0","2.41","Canada"
"6577","Spero Therapeutics","SPRO","0","1.22","United States"
"6578","So-Young International","SY","0","2.4","China"
"6579","Southern First Bancshares","SFST","0","61.965","United States"
"6580","Sonos","SONO","0","15.33","United States"
"6581","Sonoma Pharmaceuticals","SNOA","0","1.38","United States"
"6582","Sonim Technologies","SONM","0","3.21","United States"
"6583","Soligenix","SNGX","0","0.384","United States"
"6584","Solid Biosciences","SLDB","0","9.72","United States"
"6585","SolarEdge","SEDG","0","33.08","Israel"
"6586","Sohu.com","SOHU","0","14.16","China"
"6587","Socket Mobile","SCKT","0","0.7783","United States"
"6588","Smith Micro Software","SMSI","0","2.97","United States"
"6589","Sleep Number","SNBR","0","0.125","United States"
"6590","SkyWest","SKYW","0","100.93","United States"
"6591","SiTime","SITM","0","596.97","United States"
"6592","Sweetgreen","SG","0","6.85","United States"
"6593","SINTX Technologies","SINT","0","1.58","United States"
"6594","Simulations Plus","SLP","0","18.41","United States"
"6595","Silicon Labs","SLAB","0","218.83","United States"
"6596","Silicom","SILC","0","44.93","Israel"
"6597","Sify Technologies","SIFY","0","14.77","India"
"6598","SI-BONE","SIBN","0","19.43","United States"
"6599","SoundThinking 
 (ShotSpotter)","SSTI","0","6.02","United States"
"6600","ShiftPixy","PIXY","0","6.53","United States"
"6601","Seres Therapeutics","MCRB","0","4.76","United States"
"6602","Seneca Foods","SENEA","0","191.79","United States"
"6603","Semtech","SMTC","0","140.8","United States"
"6604","SELLAS Life Sciences","SLS","0","13.73","United States"
"6605","SeaChange International","SEAC","0","3.25","United States"
"6606","SCYNEXIS","SCYX","0","5.67","United States"
"6607","Scienjoy Holding Corporation","SJ","0","1","China"
"6608","Schrödinger","SDGR","0","19.47","United States"
"6609","Scholar Rock Holding","SRRK","0","60.04","United States"
"6610","ScanSource","SCSC","0","56.17","United States"
"6611","Savara","SVRA","0","5.61","United States"
"6612","Sarepta Therapeutics","SRPT","0","19.46","United States"
"6613","Sanmina","SANM","0","198.64","United States"
"6614","Sangamo Therapeutics","SGMO","0","0.074","United States"
"6615","Salem Media Group","SALM","0","1","United States"
"6616","Saia","SAIA","0","349.83","United States"
"6617","Sabre","SABR","0","2.18","United States"
"6618","Roku","ROKU","0","158.6","United States"
"6619","Rockwell Medical","RMTI","0","7.915","United States"
"6620","Rocket Pharmaceuticals","RCKT","0","3.66","United States"
"6621","Riot Platforms","RIOT","0","20.61","United States"
"6622","Rimini Street","RMNI","0","5.15","United States"
"6623","Rigel Pharmaceuticals","RIGL","0","46.48","United States"
"6624","Ribbon Communications","RBBN","0","2.03","United States"
"6625","Rhythm Pharmaceuticals","RYTM","0","111.87","United States"
"6626","Revolution Medicines","RVMD","0","215.44","United States"
"6627","Replimune","REPL","0","15.88","United States"
"6628","Repligen","RGEN","0","180.3","United States"
"6629","Repay Holdings","RPAY","0","3.76","United States"
"6630","Remark Holdings","MARK","0","0.0012","United States"
"6631","Relmada Therapeutics","RLMD","0","4.55","United States"
"6632","Rekor Systems","REKR","0","0.573","United States"
"6633","REGENXBIO","RGNX","0","9.38","United States"
"6634","Redhill Biopharma","RDHL","0","0.6153","Israel"
"6635","Red Violet","RDVT","0","69.5","United States"
"6636","Red Robin","RRGB","0","10.09","United States"
"6637","Reading International","RDI","0","1.94","United States"
"6638","RBC Bearings","RBC","0","513.95","United States"
"6639","Rave Restaurant Group","RAVE","0","3.11","United States"
"6640","Rapid7","RPD","0","11.79","United States"
"6641","Rambus","RMBS","0","90.03","United States"
"6642","Ramaco Resources","METC","0","12.7","United States"
"6643","Radware","RDWR","0","28.42","Israel"
"6644","RadNet","RDNT","0","76.47","United States"
"6645","QuinStreet","QNST","0","19.68","United States"
"6646","QuidelOrtho","QDEL","0","14.91","United States"
"6647","Quicklogic","QUIK","0","11.16","United States"
"6648","Quantum Corporation","QMCO","0","23.21","United States"
"6649","Quanterix","QTRX","0","2.68","United States"
"6650","Qualys","QLYS","0","176.67","United States"
"6651","Qiwi","QIWI.ME","0","2.56","Cyprus"
"6652","Purple Innovation","PRPL","0","0.2897","United States"
"6653","Pure Cycle (water)","PCYO","0","11.52","United States"
"6654","Pulse Biosciences","PLSE","0","48.1","United States"
"6655","Pulmatrix","PULM","0","1.525","United States"
"6656","PTC Therapeutics","PTCT","0","72.69","United States"
"6657","PTC","PTC","0","151.61","United States"
"6658","Psychemedics","PMD","0","2.67","United States"
"6659","Prothena","PRTA","0","9.25","Ireland"
"6660","Protagonist Therapeutics","PTGX","0","151.5","United States"
"6661","ProQR Therapeutics","PRQR","0","2.35","Netherlands"
"6662","Progyny","PGNY","0","26.37","United States"
"6663","Progress Software","PRGS","0","43.53","United States"
"6664","Priority Technology Holdings","PRTH","0","5.61","United States"
"6665","PrimeEnergy Resources","PNRG","0","208.79","United States"
"6666","Precision BioSciences","DTIL","0","8.49","United States"
"6667","Precipio","PRPO","0","30.405","United States"
"6668","Precigen","PGEN","0","7.42","United States"
"6669","PRA Group","PRAA","0","19.45","United States"
"6670","PowerFleet","AIOT","0","3.01","United States"
"6671","Polar Power","POLA","0","1.43","United States"
"6672","Plug Power","PLUG","0","2.17","United States"
"6673","Pliant Therapeutics","PLRX","0","1.16","United States"
"6674","Plexus","PLXS","0","244.52","United States"
"6675","Pixelworks","PXLW","0","6.81","United States"
"6676","Pioneer Power Solutions","PPSI","0","2.95","United States"
"6677","Pioneer Bancorp","PBFS","0","17.72","United States"
"6678","PDD Holdings (Pinduoduo)","PDD","0","86.74","China"
"6679","Phunware","PHUN","0","2.11","United States"
"6680","Photronics","PLAB","0","30.25","United States"
"6681","Phio Pharmaceuticals","PHIO","0","1.2","United States"
"6682","Phathom Pharmaceuticals","PHAT","0","8.77","United States"
"6683","PetMed Express","PETS","0","1.79","United States"
"6684","Perion Network","PERI","0","9.52","Israel"
"6685","Performance Shipping","PSHG","0","1.71","Greece"
"6686","PENN Entertainment","PENN","0","17.85","United States"
"6687","Peloton","PTON","0","5.36","United States"
"6688","PDS Biotechnology","PDSB","0","0.2232","United States"
"6689","Ponce Financial Group","PDLB","0","20.07","United States"
"6690","PDF Solutions","PDFS","0","44.93","United States"
"6691","Paysign","PAYS","0","13.23","United States"
"6692","Paylocity","PCTY","0","152.04","United States"
"6693","PAVmed","PAVM","0","5.32","United States"
"6694","Partner Communications","PTNR.TA","0","12.4865","Israel"
"6695","Palomar Holdings","PLMR","0","131.82","United States"
"6696","Pacira Biosciences","PCRX","0","25.9","United States"
"6697","Pacific Biosciences","PACB","0","1.56","United States"
"6698","Ovid Therapeutics","OVID","0","2.88","United States"
"6699","Outlook Therapeutics","OTLK","0","0.6233","United States"
"6700","OSI Systems","OSIS","0","211.04","United States"
"6701","OrthoPediatrics","KIDS","0","24.03","United States"
"6702","Orthofix Medical","OFIX","0","9.75","United States"
"6703","Orion Energy Systems","OESX","0","25.04","United States"
"6704","ORIC Pharmaceuticals","ORIC","0","13.91","United States"
"6705","Organogenesis","ORGO","0","1.75","United States"
"6706","OrganiGram Holdings","OGI","0","1.26","Canada"
"6707","OraSure Technologies","OSUR","0","3.71","United States"
"6708","Option Care Health","OPCH","0","24.04","United States"
"6709","OptimizeRx","OPRX","0","7.75","United States"
"6710","OPKO Health","OPK","0","1.51","United States"
"6711","OpGen","OPGN","0","24.75","United States"
"6712","Open Lending","LPRO","0","3.14","United States"
"6713","OneWater Marine","ONEW","0","11.81","United States"
"6714","Oncolytics Biotech","ONCY","0","0.8556","Canada"
"6715","ON Semiconductor","ON","0","73.22","United States"
"6716","Omnicell","OMCL","0","33.45","United States"
"6717","Omeros Corporation","OMER","0","18.22","United States"
"6718","Ollie's Bargain Outlet","OLLI","0","74.27","United States"
"6719","Okta","OKTA","0","134.42","United States"
"6720","Office Properties Income Trust","OPI","0","0.2","United States"
"6721","Ocular Therapeutix","OCUL","0","10.77","United States"
"6722","Ocugen","OCGN","0","1.41","United States"
"6723","Ocean Power Technologies","OPTT","0","0.1813","United States"
"6724","Nymox Pharmaceutical","NYMX","0","0.2","Bahamas"
"6725","Nutanix","NTNX","0","65.39","United States"
"6726","NuCana","NCNA","0","1.53","United Kingdom"
"6727","Novavax","NVAX","0","9.21","United States"
"6728","Novanta","NOVT","0","143.96","United States"
"6729","Nova Ltd.","NVMI","0","366.35","Israel"
"6730","Northwest Pipe Company","NWPX","0","112.39","United States"
"6731","NN, Inc.","NNBR","0","3.53","United States"
"6732","NMI Holdings","NMIH","0","45.14","United States"
"6733","nLIGHT","LASR","0","43.7","United States"
"6734","Niu Technologies","NIU","0","1.96","China"
"6735","NICE","NICE","0","101.1","Israel"
"6736","NI Holdings","NODK","0","15.29","United States"
"6737","NextDecade Corp","NEXT","0","7.36","United States"
"6738","New Fortress Energy","NFE","0","0.289","United States"
"6739","Neurocrine Biosciences","NBIX","0","156.59","United States"
"6740","NETSCOUT","NTCT","0","38.5","United States"
"6741","NETGEAR","NTGR","0","21.66","United States"
"6742","Monopar Therapeutics","MNPR","0","113.72","United States"
"6743","MongoDB","MDB","0","406.11","United States"
"6744","Moderna","MRNA","0","149.66","United States"
"6745","Mitek Systems","MITK","0","17.75","United States"
"6746","Mirum Pharmaceuticals","MIRM","0","98.51","United States"
"6747","Minerva Neurosciences","NERV","0","5.43","United States"
"6748","Milestone Pharmaceuticals","MIST","0","1.18","Canada"
"6749","MicroVision","MVIS","0","1.85","United States"
"6750","Strategy 
 (MicroStrategy)","MSTR","0","123.19","United States"
"6751","Microbot Medical","MBOT","0","1.52","United States"
"6752","Mesoblast","MESO","0","16.84","Australia"
"6753","Mesa Air","MESA","0","1.4","United States"
"6754","Merit Medical","MMSI","0","90.54","United States"
"6755","Mercury Systems","MRCY","0","89.76","United States"
"6756","Mercer International","MERC","0","0.413","Canada"
"6757","MercadoLibre","MELI","0","1950.44","Argentina"
"6758","Melco Resorts &amp; Entertainment","MLCO","0","5.41","Hong Kong"
"6759","MeiraGTx","MGTX","0","14.56","United States"
"6760","Medpace","MEDP","0","619.05","United States"
"6761","MediciNova","MNOV","0","1.48","United States"
"6762","MediaCo Holding","MDIA","0","1.09","United States"
"6763","Mattel","MAT","0","15.23","United States"
"6764","Matrix Service Company","MTRX","0","10.74","United States"
"6765","Materialise NV","MTLS","0","6.67","Belgium"
"6766","MasterCraft Boat","MCFT","0","24.24","United States"
"6767","Masimo","MASI","0","179.95","United States"
"6768","Marin Software","MRIN","0","0.8981","United States"
"6769","MARA Holdings","MARA","0","11.22","United States"
"6770","MannKind Corp","MNKD","0","4.09","United States"
"6771","Manhattan Associates","MANH","0","215.89","United States"
"6772","Mammoth Energy Services","TUSK","0","3.14","United States"
"6773","Malibu Boats","MBUU","0","26.64","United States"
"6774","MakeMyTrip","MMYT","0","59.16","India"
"6775","Madrigal Pharmaceuticals","MDGL","0","538.88","United States"
"6776","MacroGenics","MGNX","0","4.04","United States"
"6777","MACOM Technology Solutions","MTSI","0","272.66","United States"
"6778","Lyft","LYFT","0","17.39","United States"
"6779","Luna Innovations","LUNA","0","1.5","United States"
"6780","Lumentum","LITE","0","939.03","United States"
"6781","lululemon athletica","LULU","0","116.35","Canada"
"6782","Loop Industries","LOOP","0","0.5919","Canada"
"6783","LMP Automotive Holdings","LMPX","0","0.095","United States"
"6784","LivePerson","LPSN","0","2.71","United States"
"6785","LivaNova","LIVN","0","79.97","United Kingdom"
"6786","Liquidity Services","LQDT","0","41.89","United States"
"6787","Liquidia Corporation","LQDA","0","71.36","United States"
"6788","Lipocine","LPCN","0","2.15","United States"
"6789","Lindblad Expeditions","LIND","0","31.19","United States"
"6790","LightPath Technologies","LPTH","0","13.18","United States"
"6791","Ligand Pharmaceuticals","LGND","0","287.85","United States"
"6792","Lifeway Foods","LWAY","0","26.47","United States"
"6793","Liberty Live Holdings","LLYVA","0","101.84","United States"
"6794","Atlanta Braves Holdings, Inc.","BATRK","0","51.65","United States"
"6795","Liberty Latin America","LILA","0","8.66","United States"
"6796","Liberty Global","LBTYB","0","12.96","United Kingdom"
"6797","Liberty Broadband","LBRDA","0","35.99","United States"
"6798","LGI Homes","LGIH","0","58.22","United States"
"6799","Lexicon Pharmaceuticals","LXRX","0","2.31","United States"
"6800","LendingTree","TREE","0","29.8","United States"
"6801","Legend Biotech","LEGN","0","20.68","United States"
"6802","Legacy Housing Corporation","LEGH","0","28.55","United States"
"6803","Lazydays Holdings","GORV","0","0.4211","United States"
"6804","Laureate Education","LAUR","0","38.67","United States"
"6805","Lattice Semiconductor","LSCC","0","119.34","United States"
"6806","Lantronix","LTRX","0","5.66","United States"
"6807","Lantheus Holdings","LNTH","0","100.82","United States"
"6808","Lantern Pharma","LTRN","0","2.18","United States"
"6809","Lands' End","LE","0","12.18","United States"
"6810","L.B. Foster","FSTR","0","37.57","United States"
"6811","KVH Industries","KVHI","0","7.54","United States"
"6812","Kura Sushi USA","KRUS","0","47.25","United States"
"6813","Kura Oncology","KURA","0","13.06","United States"
"6814","Krystal Biotech","KRYS","0","359.76","United States"
"6815","Kratos Defense &amp; Security Solutions","KTOS","0","52.93","United States"
"6816","Koss","KOSS","0","3.435","United States"
"6817","Kornit Digital","KRNT","0","16.93","Israel"
"6818","Kopin Corporation","KOPN","0","4.73","United States"
"6819","Kodiak Sciences","KOD","0","39.33","United States"
"6820","KLX Energy Services","KLXE","0","1.55","United States"
"6821","Kiniksa Pharmaceuticals","KNSA","0","78.68","Bermuda"
"6822","Kingsoft Cloud","KC","0","10.23","China"
"6823","Kimball Electronics","KE","0","23.85","United States"
"6824","Kezar Life Sciences","KZR","0","7.29","United States"
"6825","Keros Therapeutics","KROS","0","11.12","United States"
"6826","Karyopharm Therapeutics","KPTI","0","1.96","United States"
"6827","Kandi Technologies Group","KNDI","0","0.658","China"
"6828","KalVista Pharmaceuticals","KALV","0","27","United States"
"6829","KALA BIO","KALA","0","0.8161","United States"
"6830","Kaixin Holdings","KXIN","0","5.6","China"
"6831","Jetblue Airways","JBLU","0","4.99","United States"
"6832","Jazz Pharmaceuticals","JAZZ","0","249.29","Ireland"
"6833","Jaguar Health","JAGX","0","0.9194","United States"
"6834","Jack in the Box","JACK","0","16.47","United States"
"6835","IZEA Worldwide","IZEA","0","3.12","United States"
"6836","Itron","ITRI","0","98.86","United States"
"6837","Iterum Therapeutics","ITRM","0","0.03","Ireland"
"6838","iRhythm","IRTC","0","119.15","United States"
"6839","iQIYI","IQ","0","0.9828","China"
"6840","Iovance Biotherapeutics","IOVA","0","8.08","United States"
"6841","Ionis Pharmaceuticals","IONS","0","63.36","United States"
"6842","InflaRx","IFRX","0","2.42","Germany"
"6843","Impinj","PI","0","159.25","United States"
"6844","Immutep","IMMP","0","0.38","Australia"
"6845","Immunovant","IMVT","0","43.89","United States"
"6846","Immunic","IMUX","0","16.49","United States"
"6847","iHeartMedia","IHRT","0","2.68","United States"
"6848","IES Holdings","IESC","0","331.48","United States"
"6849","Identiv","INVE","0","2.88","United States"
"6850","IDEAYA Biosciences","IDYA","0","41.58","United States"
"6851","ICU Medical","ICUI","0","179.59","United States"
"6852","ICON plc","ICLR","0","168.93","Ireland"
"6853","Ichor Systems","ICHR","0","57.62","United States"
"6854","i3 Verticals","IIIV","0","16.97","United States"
"6855","Hycroft Mining","HYMC","0","25.46","United States"
"6856","HUTCHMED","HCM","0","12.35","Hong Kong"
"6857","Huron Consulting","HURN","0","156.57","United States"
"6858","Hurco Companies","HURC","0","22.91","United States"
"6859","Hudson Technologies","HDSN","0","5.29","United States"
"6860","Harrow, Inc.","HROW","0","39.33","United States"
"6861","Harmonic Inc.","HLIT","0","12.44","United States"
"6862","Halozyme Therapeutics","HALO","0","107.06","United States"
"6863","Hallmark Financial Services","HALL","0","0.08","United States"
"6864","Hallador Energy Company","HNRG","0","16.24","United States"
"6865","Gulfport Energy","GPOR","0","174.04","United States"
"6866","Guardant Health","GH","0","170.92","United States"
"6867","Gilat Satellite Networks","GILT","0","10.17","Israel"
"6868","GigaMedia","GIGM","0","1.43","Taiwan"
"6869","Gibraltar Industries","ROCK","0","46.33","United States"
"6870","Gevo","GEVO","0","1.65","United States"
"6871","Geron","GERN","0","1.53","United States"
"6872","Geospace Technologies","GEOS","0","5.19","United States"
"6873","Gentherm","THRM","0","40.17","United States"
"6874","Genprex","GNPX","0","3.97","United States"
"6875","Genmab","GMAB","0","33.75","Denmark"
"6876","Gencor Industries","GENC","0","19.05","United States"
"6877","GDS Holdings","GDS","0","32.56","China"
"6878","Galmed Pharmaceuticals","GLMD","0","4.33","Israel"
"6879","Galectin Therapeutics","GALT","0","4.15","United States"
"6880","Galapagos NV","GLPG","0","27.73","Belgium"
"6881","Gaia","GAIA","0","1.56","United States"
"6882","Funko","FNKO","0","6.38","United States"
"6883","Full House Resorts","FLL","0","2.18","United States"
"6884","Fulgent Genetics","FLGT","0","19.81","United States"
"6885","Fulcrum Therapeutics","FULC","0","3.86","United States"
"6886","FuelCell Energy","FCEL","0","19.07","United States"
"6887","FRP Holdings","FRPH","0","22.01","United States"
"6888","Frontdoor","FTDR","0","83.68","United States"
"6889","Freshpet","FRPT","0","74.89","United States"
"6890","FreightCar America","RAIL","0","7.27","United States"
"6891","Freedom Holding","FRHC","0","170.35","Kazakhstan"
"6892","Fox Factory Holding","FOXF","0","21.06","United States"
"6893","Forward Air","FWRD","0","17.63","United States"
"6894","Fortress Biotech","FBIO","0","2.81","United States"
"6895","Forrester Research","FORR","0","11.7","United States"
"6896","FormFactor","FORM","0","108.1","United States"
"6897","Foresight Autonomous Holdings","FRSX","0","1.22","Israel"
"6898","Fonar Corporation","FONR","0","19.09","United States"
"6899","Fluent","FLNT","0","3.88","United States"
"6900","Flex","FLEX","0","111.82","Singapore"
"6901","Five9","FIVN","0","32","United States"
"6902","Five Below","FIVE","0","257.35","United States"
"6903","First Western Financial","MYFW","0","30.74","United States"
"6904","First Solar","FSLR","0","205.93","United States"
"6905","First Northwest Bancorp","FNWB","0","11.07","United States"
"6906","First Foundation","FFWM","0","5.9","United States"
"6907","Fate Therapeutics","FATE","0","2.57","United States"
"6908","Farmmi","FAMI","0","0.1033","China"
"6909","Farmer Brothers","FARM","0","1.28","United States"
"6910","EZCorp","EZPW","0","33.9","United States"
"6911","EyePoint Pharmaceuticals","EYPT","0","4.99","United States"
"6912","Extreme Networks","EXTR","0","22.84","United States"
"6913","EXL Service","EXLS","0","37.5","United States"
"6914","Exelixis","EXEL","0","56.1","United States"
"6915","Exela Technologies","XELA","0","0.0011","United States"
"6916","Exact Sciences","EXAS","0","104.91","United States"
"6917","Evolus","EOLS","0","8.78","United States"
"6918","Evofem Biosciences","EVFM","0","0.008","United States"
"6919","EverQuote","EVER","0","26.08","United States"
"6920","Euronet Worldwide","EEFT","0","70.55","United States"
"6921","Etsy","ETSY","0","81.74","United States"
"6922","Establishment Labs","ESTA","0","72.45","Costa Rica"
"6923","Esports Entertainment","GMBL","0","0.09","Malta"
"6924","Esperion Therapeutics","ESPR","0","3.18","United States"
"6925","Enphase Energy","ENPH","0","38.415","United States"
"6926","Energy Recovery","ERII","0","7.94","United States"
"6927","Energy Focus","EFOI","0","2.78","United States"
"6928","Energous","WATT","0","11.31","United States"
"6929","Encore Capital Group","ECPG","0","100.15","United States"
"6930","Enanta Pharmaceuticals","ENTA","0","14.15","United States"
"6931","Duluth Holdings","DLTH","0","3.73","United States"
"6932","Dropbox","DBX","0","34.8","United States"
"6933","DraftKings","DKNG","0","24.78","United States"
"6934","DouYu","DOYU","0","4.36","China"
"6935","Dorman Products","DORM","0","129.4","United States"
"6936","Domo, Inc.","DOMO","0","3.78","United States"
"6937","Dolphin Entertainment","DLPN","0","1.14","United States"
"6938","DocuSign","DOCU","0","59.33","United States"
"6939","DMC Global","BOOM","0","6.63","United States"
"6940","DIRTT Environmental Solutions","DRTT","0","0.3343","Canada"
"6941","Diodes Incorporated","DIOD","0","90.54","United States"
"6942","Digital Turbine","APPS","0","10.84","United States"
"6943","Digimarc","DMRC","0","5.92","United States"
"6944","Digi International","DGII","0","76.08","United States"
"6945","DexCom","DXCM","0","88.96","United States"
"6946","Destination XL","DXLG","0","0.63","United States"
"6947","Denali Therapeutics","DNLI","0","24.57","United States"
"6948","DBV Technologies","DBVT","0","14.52","France"
"6949","DAVIDsTEA","DTEAF","0","0.66","Canada"
"6950","Dave & Buster's","PLAY","0","9.86","United States"
"6951","Datadog","DDOG","0","227.67","United States"
"6952","Dare Bioscience","DARE","0","0.7506","United States"
"6953","Daktronics","DAKT","0","19.51","United States"
"6954","Daily Journal","DJCO","0","633.05","United States"
"6955","Cytosorbents","CTSO","0","0.36","United States"
"6956","CytomX Therapeutics","CTMX","0","3.32","United States"
"6957","Cytokinetics","CYTK","0","79.2","United States"
"6958","Cyclerion Therapeutics","CYCN","0","4.15","United States"
"6959","Cutera","CUTR","0","0.0969","United States"
"6960","Curis","CRIS","0","1.54","United States"
"6961","Corcept Therapeutics","CORT","0","119.8","United States"
"6962","Corbus Pharmaceuticals","CRBP","0","11.3","United States"
"6963","Construction Partners","ROAD","0","114.55","United States"
"6964","Conduent","CNDT","0","1.68","United States"
"6965","Comtech Telecommunications","CMTL","0","1.76","United States"
"6966","Comscore","SCOR","0","5.24","United States"
"6967","Compugen","CGEN","0","2.84","Israel"
"6968","Commvault","CVLT","0","134.31","United States"
"6969","CommScope","COMM","0","19.58","United States"
"6970","Commercial Vehicle Group (CVG)","CVGI","0","3.06","United States"
"6971","Collegium Pharmaceutical","COLL","0","27.51","United States"
"6972","Cohu","COHU","0","51.06","United States"
"6973","Coherus BioSciences","CHRS","0","1.45","United States"
"6974","Coherent Corp.","COHR","0","294.37","United States"
"6975","Co-Diagnostics","CODX","0","1.25","United States"
"6976","Codexis","CDXS","0","1.65","United States"
"6977","Cocrystal Pharma","COCP","0","1.12","United States"
"6978","Check Point Software","CHKP","0","129.05","Israel"
"6979","Chart Industries","GTLS","0","209.9","United States"
"6980","CEVA","CEVA","0","27.63","United States"
"6981","Cerus Corporation","CERS","0","2.74","United States"
"6982","Cerence","CRNC","0","8.03","United States"
"6983","Ceragon Networks","CRNT","0","2.07","Israel"
"6984","Century Casinos","CNTY","0","1.25","United States"
"6985","Century Aluminum","CENX","0","43.95","United States"
"6986","Central Garden &amp; Pet","CENT","0","44.18","United States"
"6987","Cemtrex","CETX","0","2.745","United States"
"6988","Celsius Holdings","CELH","0","35.23","United States"
"6989","Cellectis","CLLS","0","3.42","France"
"6990","Celldex Therapeutics","CLDX","0","40.57","United States"
"6991","CECO Environmental","CECO","0","70.33","United States"
"6992","CBAK Energy Technology","CBAT","0","0.9291","China"
"6993","Cavco Industries","CVCO","0","577.365","United States"
"6994","Burning Rock Biotech","BNR","0","10.44","China"
"6995","Builders FirstSource","BLDR","0","68.67","United States"
"6996","Brooge Energy","BROG","0","2.6","United Arab Emirates"
"6997","Broadwind","BWEN","0","4.39","United States"
"6998","Brighthouse Financial","BHF","0","52.49","United States"
"6999","Bridgewater Bancshares","BWB","0","21.16","United States"
"7000","BridgeBio Pharma","BBIO","0","79.37","United States"
"7001","BrainStorm Cell Therapeutics","BCLI","0","1.2","United States"
"7002","Boxlight","BOXL","0","6.05","United States"
"7003","Boston Omaha","BOC","0","14","United States"
"7004","Bed Bath &amp; Beyond","BBBY","0","4.35","United States"
"7005","Beasley Broadcast Group","BBGI","0","18.51","United States"
"7006","Beam Therapeutics","BEAM","0","30.19","United States"
"7007","Baozun","BZUN","0","2.82","China"
"7008","Autolus Therapeutics","AUTL","0","2.33","United Kingdom"
"7009","Aurinia Pharmaceuticals","AUPH","0","16.54","Canada"
"7010","AudioEye","AEYE","0","7.22","United States"
"7011","aTyr Pharma","ATYR","0","0.551","United States"
"7012","AtriCure","ATRC","0","48.17","United States"
"7013","Atossa Therapeutics","ATOS","0","2.65","United States"
"7014","Atomera","ATOM","0","4.5","United States"
"7015","Atlassian","TEAM","0","168.47","Australia"
"7016","Atlanticus","ATLC","0","92.92","United States"
"7017","Atara Biotherapeutics","ATRA","0","9.38","United States"
"7018","ATA Creativity Global","AACG","0","0.9701","China"
"7019","Aptorum Group","APM","0","0.7","Hong Kong"
"7020","Aprea Therapeutics","APRE","0","0.98","United States"
"7021","Applied Optoelectronics","AAOI","0","113.76","United States"
"7022","Appian","APPN","0","38.45","United States"
"7023","AppFolio","APPF","0","223.18","United States"
"7024","Anterix","ATEX","0","94.16","United States"
"7025","Anixa Biosciences","ANIX","0","3.605","United States"
"7026","Anika Therapeutics","ANIK","0","21.68","United States"
"7027","ANI Pharmaceuticals","ANIP","0","74.56","United States"
"7028","AngioDynamics","ANGO","0","15.69","United States"
"7029","Angi Inc.","ANGI","0","4.85","United States"
"7030","Anavex Life Sciences","AVXL","0","3.24","United States"
"7031","AnaptysBio","ANAB","0","58","United States"
"7032","Amphastar Pharmaceuticals","AMPH","0","22.02","United States"
"7033","America's Car-Mart","CRMT","0","2.21","United States"
"7034","American Woodmark","AMWD","0","48.09","United States"
"7035","American Resources Corp","AREC","0","2.67","United States"
"7036","U-Haul","UHAL","0","68.76","United States"
"7037","AMC Networks","AMCX","0","12.71","United States"
"7038","Ambarella","AMBA","0","69.64","United States"
"7039","Amarin Corporation","AMRN","0","14.375","Ireland"
"7040","Altisource Portfolio Solutions","ASPS","0","5.69","Luxembourg"
"7041","Altimmune","ALT","0","3.15","United States"
"7042","Alpha &amp; Omega Semiconductor","AOSL","0","26.2","United States"
"7043","Alnylam Pharmaceuticals","ALNY","0","239","United States"
"7044","Veradigm","MDRX","0","4.74","United States"
"7045","Allot","ALLT","0","7.65","Israel"
"7046","Allogene Therapeutics","ALLO","0","2.04","United States"
"7047","Allied Esports","AESE","0","1.3899","United States"
"7048","Allegiant Travel Company","ALGT","0","82.6","United States"
"7049","Alkermes","ALKS","0","49.16","Ireland"
"7050","Alithya Group","ALYA.TO","0","0.753164","Canada"
"7051","Alector","ALEC","0","2.46","United States"
"7052","Aldeyra Therapeutics","ALDX","0","1.56","United States"
"7053","Alarm.com","ALRM","0","56.71","United States"
"7054","Akebia Therapeutics","AKBA","0","0.9065","United States"
"7055","Air T, Inc.","AIRT","0","30.79","United States"
"7056","Agios Pharmaceuticals","AGIO","0","33.99","United States"
"7057","Agilysys","AGYS","0","114.61","United States"
"7058","Agenus","AGEN","0","8.25","United States"
"7059","Affimed","AFMD","0","0.1815","Germany"
"7060","Aethlon Medical","AEMD","0","2.28","United States"
"7061","AeroVironment","AVAV","0","146.88","United States"
"7062","Aemetis","AMTX","0","1.88","United States"
"7063","Aehr Test Systems","AEHR","0","91.12","United States"
"7064","ADTRAN","ADTN","0","7.91","United States"
"7065","ADMA Biologics","ADMA","0","9.63","United States"
"7066","Adial Pharmaceuticals","ADIL","0","5.94","United States"
"7067","Addus HomeCare","ADUS","0","120.71","United States"
"7068","Adaptive Biotechnologies","ADPT","0","22.9","United States"
"7069","Adaptimmune Therapeutics","ADAP","0","0.0549","United Kingdom"
"7070","AdaptHealth","AHCO","0","5.67","United States"
"7071","ACM Research","ACMR","0","79.11","United States"
"7072","Aclaris Therapeutics","ACRS","0","6.19","United States"
"7073","ACI Worldwide","ACIW","0","53.04","United States"
"7074","Achieve Life Sciences","ACHV","0","8.27","Canada"
"7075","Accuray","ARAY","0","0.2643","United States"
"7076","Taseko Mines","TGB","0","9.23","Canada"
"7077","Tanzanian Gold Corporation","TRX","0","1.24","Canada"
"7078","Solitario Resources","XPL","0","0.8028","United States"
"7079","Senseonics Holdings","SENS","0","9.34","United States"
"7080","Ring Energy","REI","0","1.4","United States"
"7081","Retractable Technologies","RVP","0","0.73","United States"
"7082","Radiant Logistics","RLGT","0","8.53","United States"
"7083","Protalix BioTherapeutics","PLX","0","2.48","Israel"
"7084","Platinum Group Metals","PLG","0","1.59","Canada"
"7085","PEDEVCO","PED","0","13.09","United States"
"7086","Palatin Technologies","PTN","0","10.47","United States"
"7087","Oragenics","OGEN","0","0.53","United States"
"7088","NovaGold Resources","NG","0","9.32","Canada"
"7089","Northern Dynasty Minerals","NAK","0","1.75","Canada"
"7090","NexGen Energy","NXE","0","11.07","Canada"
"7091","NanoViricides","NNVC","0","1.28","United States"
"7092","Matinas BioPharma","MTNB","0","0.1964","United States"
"7093","Lineage Cell Therapeutics","LCTX","0","1.12","United States"
"7094","Inuvo","INUV","0","0.6899","United States"
"7095","InfuSystem","INFU","0","12.04","United States"
"7096","IGC Pharma","IGC","0","0.3077","United States"
"7097","Impac Mortgage Holdings","IMPM","0","0.01","United States"
"7098","iBio","IBIO","0","1.43","United States"
"7099","AIM ImmunoTech","AIM","0","0.25","United States"
"7100","Grupo Simec","SIMECB.MX","0","10.3714","Mexico"
"7101","Gran Tierra Energy","GTE","0","10.09","Canada"
"7102","Golden Minerals","AUMN","0","0.23","United States"
"7103","Globalstar","GSAT","0","81.82","United States"
"7104","Galiano Gold","GAU","0","2.37","Canada"
"7105","Bioceres Crop Solutions","BIOX","0","0.4164","Argentina"
"7106","Avino Silver &amp; Gold Mines","ASM","0","7.59","Canada"
"7107","Ampio Pharmaceuticals","AMPE","0","0.1831","United States"
"7108","Americas Gold and Silver Corp","USAS","0","5.57","Canada"
"7109","Almaden Minerals","AAU","0","0.1465","Canada"
"7110","Air Industries Group","AIRI","0","2.59","United States"
"7111","AgEagle Aerial Systems","UAVS","0","1.1","United States"
"7112","Actinium Pharmaceuticals","ATNM","0","1.01","United States"
"7113","22nd Century Group","XXII","0","3.39","United States"
"7114","Vista Energy","VIST","0","68.66","Mexico"
"7115","Vishay Precision Group","VPG","0","64.06","United States"
"7116","Virgin Galactic","SPCE","0","2.89","United States"
"7117","Vince Holding","VNCE","0","6.34","United States"
"7118","AMC Entertainment","AMC","0","2.645","United States"
"7119","Ameresco","AMRC","0","22.16","United States"
"7120","C3 AI","AI","0","9.79","United States"
"7121","Arlo Technologies","ARLO","0","13.06","United States"
"7122","Arrow Electronics","ARW","0","207.1","United States"
"7123","Babcock &amp; Wilcox","BW","0","7.53","United States"
"7124","Burlington Stores","BURL","0","313.99","United States"
"7125","Cable One","CABO","0","25.83","United States"
"7126","CACI International Inc","CACI","0","624.74","United States"
"7127","CAE Inc.","CAE","0","25.27","Canada"
"7128","Chewy","CHWY","0","22.97","United States"
"7129","Community Health Systems","CYH","0","2.92","United States"
"7130","GPA","PCAR3.SA","0","0.581282","Brazil"
"7131","Compass Diversified Holdings","CODI","0","11.38","United States"
"7132","Compass Minerals","CMP","0","24.65","United States"
"7133","Comstock Resources","CRK","0","14.5","United States"
"7134","Constellium","CSTM","0","27.18","France"
"7135","Volaris","VLRS","0","6.99","Mexico"
"7136","Daqo New Energy","DQ","0","13.52","China"
"7137","Darling Ingredients","DAR","0","62.5","United States"
"7138","Deckers Brands","DECK","0","89.47","United States"
"7139","DHI Group","DHX","0","4.45","United States"
"7140","Eastman Kodak Company","KODK","0","9.53","United States"
"7141","Elanco","ELAN","0","25.08","United States"
"7142","Elastic NV","ESTC","0","79.25","United States"
"7143","Evolent Health","EVH","0","4.92","United States"
"7144","Fabrinet","FN","0","437.8","Cayman Islands"
"7145","Fair Isaac (FICO)","FICO","0","1133.7","United States"
"7146","Fastly","FSLY","0","23.29","United States"
"7147","Forestar Group","FOR","0","28.98","United States"
"7148","Fortuna Mining","FSM","0","12.41","Canada"
"7149","Forum Energy Technologies","FET","0","75.6","United States"
"7150","Glaukos","GKOS","0","180.57","United States"
"7151","Global Cord Blood","CORBF","0","1.05","Hong Kong"
"7152","Hawaiian Electric Industries","HE","0","11.49","United States"
"7153","Intrepid Potash","IPI","0","37.38","United States"
"7154","Lithium Americas","LAC","0","3.21","Canada"
"7155","LiveRamp","RAMP","0","37.63","United States"
"7156","Loma Negra","LOMA","0","9.65","Argentina"
"7157","LSB Industries","LXU","0","10.41","United States"
"7158","M/I Homes","MHO","0","152.29","United States"
"7159","Madison Square Garden Entertainment","MSGE","0","79.49","United States"
"7160","Madison Square Garden Sports","MSGS","0","398.45","United States"
"7161","Magnachip Semiconductor","MX","0","3.26","Luxembourg"
"7162","Mallinckrodt Pharmaceuticals","MNK","0","0.3402","United Kingdom"
"7163","Manchester United","MANU","0","23.84","United Kingdom"
"7164","The Manitowoc Company","MTW","0","19.45","United States"
"7165","MarineMax","HZO","0","52.11","United States"
"7166","Markel Group","MKL","0","1815.57","United States"
"7167","MasTec","MTZ","0","248.73","United States"
"7168","MaxLinear","MXL","0","63","United States"
"7169","MBIA","MBI","0","5.01","United States"
"7170","McEwen Mining","MUX","0","21.04","Canada"
"7171","Mechel PAO","MTLR.ME","0","0.42","Russia"
"7172","Nexa Resources","NEXA","0","15.58","Luxembourg"
"7173","Oceaneering International","OII","0","49.62","United States"
"7174","Onity Group","ONIT","0","34.52","United States"
"7175","Pinterest","PINS","0","23.31","United States"
"7176","Planet Fitness","PLNT","0","53.29","United States"
"7177","Post Holdings","POST","0","81.97","United States"
"7178","Precision Drilling Corporation","PDS","0","86.59","Canada"
"7179","Prestige Consumer Healthcare","PBH","0","52.15","United States"
"7180","ProAssurance","PRA","0","25","United States"
"7181","ProPetro","PUMP","0","10.63","United States"
"7182","Protolabs","PRLB","0","78.85","United States"
"7183","Resideo Technologies","REZI","0","19.87","United States"
"7184","Revolve Group","RVLV","0","23.36","United States"
"7185","REX American Resources","REX","0","42.54","United States"
"7186","Restoration Hardware","RH","0","148.57","United States"
"7187","Rogers Corporation","ROG","0","126.14","United States"
"7188","SailPoint","SAIL","0","18.22","United States"
"7189","Sally Beauty Holdings","SBH","0","16.58","United States"
"7190","Sasol","SSL","0","11.45","South Africa"
"7191","Spotify","SPOT","0","550.03","Sweden"
"7192","SPX Technologies","SPXC","0","205.69","United States"
"7193","Block","XYZ","0","83.1","United States"
"7194","Tenet Healthcare","THC","0","274.19","United States"
"7195","Teradata","TDC","0","27.06","United States"
"7196","Tetra Technologies","TTI","0","6.83","United States"
"7197","Teva Pharmaceutical Industries","TEVA","0","37.92","Israel"
"7198","Camber Energy","CEI","0","0.0954","United States"
"7199","Can Fite Biopharma","CANF","0","3.32","Israel"
"7200","cbdMD","YCBD","0","0.5201","United States"
"7201","Cel-Sci","CVM","0","1.61","United States"
"7202","Centrus Energy","LEU","0","187.63","United States"
"7203","Western Copper and Gold","WRN","0","2.57","Canada"
"7204","10x Genomics","TXG","0","64.26","United States"
"7205","111, Inc.","YI","0","3.74","China"
"7206","1-800-Flowers.com, Inc.","FLWS","0","3.74","United States"
"7207","VNET Group","VNET","0","6.59","China"
"7208","Abeona Therapeutics","ABEO","0","6.01","United States"
"7209","AC Immune","ACIU","0","2.85","Switzerland"
"7210","Acacia Research","ACTG","0","4.49","United States"
"7211","Acadia Healthcare","ACHC","0","30.58","United States"
"7212","ACADIA Pharmaceuticals","ACAD","0","29.58","United States"
"7213","u-blox","UBXN.SW","0","166.427","Switzerland"
"7214","SIG Combibloc","SIGN.SW","0","17.3387","Switzerland"
"7215","LEM Holding","LEHN.SW","0","651.599","Switzerland"
"7216","Idorsia","IDIA.SW","0","7.10553","Switzerland"
"7217","Wesdome Gold Mines","WDO.TO","0","25.0252","Canada"
"7218","Trisura Group","TSU.TO","0","29.9092","Canada"
"7219","Taiga Building Products","TBL.TO","0","2.6149","Canada"
"7220","Mega Uranium","MGA.TO","0","0.50425","Canada"
"7221","Laramide Resources","LAM.TO","0","0.533064","Canada"
"7222","Kinaxis","KXS.TO","0","123.822","Canada"
"7223","Kelt Exploration","KEL.TO","0","7.6718","Canada"
"7224","Ivanhoe Mines","IVN.TO","0","8.95404","Canada"
"7225","International Petroleum","IPCO.TO","0","25.0252","Canada"
"7226","GDI Integrated Facility Services","GDI.TO","0","26.8246","Canada"
"7227","Forsys Metals","FSY.TO","0","0.419299","Canada"
"7228","First Quantum Minerals","FM.TO","0","34.5555","Canada"
"7229","Charlotte's Web","CWEB.TO","0","0.331364","United States"
"7230","Capstone Copper","CS.TO","0","11.749","Canada"
"7231","Canacol Energy","CNE.TO","0","1.10603","Canada"
"7232","ATS Corporation","ATS","0","19.85","Canada"
"7233","Ascot Resources","AOT.TO","0","0.0399384","Canada"
"7234","Aritzia","ATZ.TO","0","97.6156","Canada"
"7235","Aimia","AIM.TO","0","1.95318","Canada"
"7236","Advantage Energy","AAV.TO","0","8.01758","Canada"
"7237","Sony","SONY","0","24.12","Japan"
"7238","VIP Gloves","VIP.AX","0","0.00215486","Malaysia"
"7239","Toro Energy","TOE.AX","0","0.38985","Australia"
"7240","Telix Pharmaceuticals","TLX.AX","0","11.1909","Australia"
"7241","PolyNovo","PNV.AX","0","0.739836","Australia"
"7242","Peninsula Energy","PEN.AX","0","0.215486","Australia"
"7243","Paladin Energy","PDN.AX","0","8.67691","Australia"
"7244","NEXTDC","NXT.AX","0","9.75435","Australia"
"7245","Mineral Resources","MIN.AX","0","46.9545","Australia"
"7246","Liontown Resources","LTR.AX","0","0.822439","Australia"
"7247","iCandy Interactive","ICI.AX","0","0.0112852","Australia"
"7248","freelancer.com","FLN.AX","0","0.104152","Australia"
"7249","Energy Resources of Australia","ERA.AX","0","0.00143658","Australia"
"7250","Deep Yellow","DYL.AX","0","1.25341","Australia"
"7251","BrainChip","BRN.AX","0","0.10056","Australia"
"7252","Boss Energy","BOE.AX","0","1.08821","Australia"
"7253","Bannerman Energy","BMN.AX","0","3.37595","Australia"
"7254","Appen","APX.AX","0","0.876311","Australia"
"7255","Alligator Energy","AGE.AX","0","0.0359144","Australia"
"7256","NeoGenomics","NEO","0","17.37","United States"
"7257","Neogen","NEOG","0","11.7","United States"
"7258","Nektar Therapeutics","NKTR","0","73.77","United States"
"7259","NCS Multistage","NCSM","0","48.82","United States"
"7260","Nature's Sunshine Products","NATR","0","14.29","United States"
"7261","National Vision Holdings","EYE","0","18.67","United States"
"7262","National Energy Services Reunited","NESR","0","33.64","United States"
"7263","Natera","NTRA","0","338.45","United States"
"7264","NantHealth","NHIQ","0","0.012","United States"
"7265","Nano Dimension","NNDM","0","1.59","United States"
"7266","Myriad Genetics","MYGN","0","3.12","United States"
"7267","MYR Group","MYRG","0","312.83","United States"
"7268","Motorcar Parts of America","MPAA","0","11.46","United States"
"7269","IRSA Inversiones y Representaciones","IRS","0","15.04","Argentina"
"7270","Ironwood Pharmaceuticals","IRWD","0","4.29","United States"
"7271","iRobot","IRBT","0","0.4664","United States"
"7272","International Money Express","IMXI","0","14.3","United States"
"7273","Intellicheck","IDN","0","2.85","United States"
"7274","Intellia Therapeutics","NTLA","0","13.19","United States"
"7275","Integrated Media Technology Limited","IMTE","0","0.471","Australia"
"7276","Integra LifeSciences","IART","0","16.88","United States"
"7277","Insulet","PODD","0","143.38","United States"
"7278","Inspired Entertainment","INSE","0","5.85","United States"
"7279","Insmed","INSM","0","124.39","United States"
"7280","Insight Enterprises","NSIT","0","151.83","United States"
"7281","Inseego","INSG","0","4.52","United States"
"7282","Inovio Pharmaceuticals","INO","0","1.3","United States"
"7283","Inogen","INGN","0","5.56","United States"
"7284","Innoviva","INVA","0","21.24","United States"
"7285","InMode","INMD","0","14.93","Israel"
"7286","HF Foods Group","HFFG","0","1.85","United States"
"7287","Heron Therapeutics","HRTX","0","0.3122","United States"
"7288","Hepion Pharmaceuticals","HEPA","0","0.065","United States"
"7289","Solana Company","HSDT","0","2.05","United States"
"7290","Helen of Troy","HELE","0","29.14","United States"
"7291","HealthEquity","HQY","0","104.42","United States"
"7292","Healthcare Services Group","HCSG","0","22.91","United States"
"7293","Health Catalyst","HCAT","0","1.59","United States"
"7294","GrowGeneration","GRWG","0","1.7","United States"
"7295","Groupon","GRPN","0","19.06","United States"
"7296","Grocery Outlet","GO","0","12.21","United States"
"7297","Grid Dynamics","GDYN","0","7.72","United States"
"7298","Greenlight Re","GLRE","0","15.4","Cayman Islands"
"7299","Greenlane Holdings, Inc.","GNLN","0","3","United States"
"7300","Green Plains","GPRE","0","14.88","United States"
"7301","Green Brick Partners","GRBK","0","73.78","United States"
"7302","Great Lakes Dredge &amp; Dock Corp.","GLDD","0","17","United States"
"7303","Gravity Co.","GRVY","0","73.46","South Korea"
"7304","Grand Canyon Education","LOPE","0","148.77","United States"
"7305","Gossamer Bio","GOSS","0","0.1739","United States"
"7306","GoPro","GPRO","0","0.5969","United States"
"7307","Goosehead Insurance","GSHD","0","71.31","United States"
"7308","Gogo Inflight Internet","GOGO","0","2.85","United States"
"7309","electroCore","ECOR","0","10.35","United States"
"7310","El Pollo Loco","LOCO","0","15.62","United States"
"7311","Ekso Bionics","EKSO","0","11.8","United States"
"7312","eHealth","EHTH","0","1.19","United States"
"7313","EHang Holdings","EH","0","4.855","China"
"7314","eGain","EGAN","0","7.18","United States"
"7315","Editas Medicine","EDIT","0","3.18","United States"
"7316","EchoStar","ECHO","0","85.61","United States"
"7317","Eagle Pharmaceuticals","EGRX","0","0.25","United States"
"7318","E. W. Scripps Company","SSP","0","3.15","United States"
"7319","DXP Enterprises","DXPE","0","190.8","United States"
"7320","Duos Technologies Group","DUOT","0","9.935","United States"
"7321","CryoPort","CYRX","0","16.57","United States"
"7322","CrowdStrike","CRWD","0","189.18","United States"
"7323","Cross Country Healthcare","CCRN","0","13.25","United States"
"7324","Cronos Group","CRON","0","3.55","Canada"
"7325","Crocs","CROX","0","123.64","United States"
"7326","Criteo","CRTO","0","16.97","France"
"7327","CRISPR Therapeutics","CRSP","0","59.23","Switzerland"
"7328","Crinetics Pharmaceuticals","CRNX","0","84.84","United States"
"7329","Credit Acceptance","CACC","0","593.64","United States"
"7330","CoStar Group","CSGP","0","32.14","United States"
"7331","Corvus Pharmaceuticals","CRVS","0","14.73","United States"
"7332","CorVel Corporation","CRVL","0","70.36","United States"
"7333","Quince Therapeutics","QNCX","0","0.9206","United States"
"7334","Clearside Biomedical","CLSD","0","0.41","United States"
"7335","Clearfield","CLFD","0","29.88","United States"
"7336","CleanSpark","CLSK","0","12.18","United States"
"7337","Clean Energy Fuels","CLNE","0","1.62","United States"
"7338","Citius Pharmaceuticals","CTXR","0","0.5771","United States"
"7339","Cirrus Logic","CRUS","0","110.34","United States"
"7340","Cimpress","CMPR","0","87.25","Ireland"
"7341","China Automotive Systems","CAAS","0","5.28","China"
"7342","The Children's Place","PLCE","0","2.67","United States"
"7343","Catalyst Pharmaceuticals","CPRX","0","31.49","United States"
"7344","Casella Waste Systems","CWST","0","93.74","United States"
"7345","Carver Bancorp","CARV","0","1.73","United States"
"7346","CarGurus","CARG","0","36.2","United States"
"7347","CareDx","CDNA","0","50.96","United States"
"7348","Cardlytics","CDLX","0","4.13","United States"
"7349","Capricor Therapeutics","CAPR","0","9.36","United States"
"7350","Canadian Solar","CSIQ","0","13.87","Canada"
"7351","Canaan","CAN","0","0.3982","China"
"7352","Camtek","CAMT","0","143.25","Israel"
"7353","Cambium Networks","CMBM","0","0.401","United States"
"7354","Calumet, Inc.","CLMT","0","47.79","United States"
"7355","Calithera Biosciences","CALA","0","0.0001","United States"
"7356","Caesarstone","CSTE","0","3.28","Israel"
"7357","Caesars Entertainment","CZR","0","29.66","United States"
"7358","Cadiz Inc.","CDZI","0","4.03","United States"
"7359","Blue Hat Interactive Entertainment Technology","BHAT","0","0.675","China"
"7360","Blue Bird Corporation","BLBD","0","60.5","United States"
"7361","Blink Charging","BLNK","0","0.593","United States"
"7362","BlackLine","BL","0","31.32","United States"
"7363","Blackbaud","BLKB","0","47.09","United States"
"7364","BJ's Restaurants","BJRI","0","66.8","United States"
"7365","BioXcel Therapeutics","BTAI","0","0.78","United States"
"7366","BioNTech","BNTX","0","112.56","Germany"
"7367","Bionano Genomics","BNGO","0","1.21","United States"
"7368","Biomerica","BMRA","0","1.6899","United States"
"7369","BioMarin Pharmaceutical","BMRN","0","65.61","United States"
"7370","Biolife Solutions","BLFS","0","37","United States"
"7371","BIO-key International","BKYI","0","2.96","United States"
"7372","BioCryst Pharmaceuticals","BCRX","0","9.83","United States"
"7373","Bilibili","BILI","0","16.15","China"
"7374","Bicycle Therapeutics","BCYC","0","4.355","United Kingdom"
"7375","BeyondSpring","BYSI","0","0.69","United States"
"7376","Beyond Meat","BYND","0","14.25","United States"
"7377","Beyond Air","XAIR","0","4.97","United States"
"7378","Benitec Biopharma","BNTC","0","12.88","United States"
"7379","BeOne Medicines","ONC","0","375.8","United States"
"7380","Bandwidth","BAND","0","46.89","United States"
"7381","Ballard Power Systems","BLDP","0","2.29","Canada"
"7382","Baidu","BIDU","0","93.26","China"
"7383","BRC Group Holdings","RILY","0","7.09","United States"
"7384","B Communications","BCOM.TA","0","8.08819","Israel"
"7385","Aytu BioScience","AYTU","0","2.3","United States"
"7386","AXT Inc","AXTI","0","65.18","United States"
"7387","Axsome Therapeutics","AXSM","0","207.15","United States"
"7388","Axon Enterprise","AXON","0","607.48","United States"
"7389","Axogen","AXGN","0","51.58","United States"
"7390","Axcelis Technologies","ACLS","0","120.36","United States"
"7391","AVITA Medical","RCEL","0","10.59","United States"
"7392","Avis Budget Group","CAR","0","144","United States"
"7393","Avidity Biosciences","RNAM","0","72.82","United States"
"7394","Aviat Networks","AVNW","0","20.91","United States"
"7395","Avalon GloboCare","ALBT","0","0.282","United States"
"7396","Asure Software","ASUR","0","8.81","United States"
"7397","Astrotech","ASTC","0","6.93","United States"
"7398","Astronics Corporation","ATRO","0","77.51","United States"
"7399","Assertio Holdings","ASRT","0","23.5","United States"
"7400","Ascendis Pharma","ASND","0","250.25","Denmark"
"7401","Arvinas","ARVN","0","9.32","United States"
"7402","Arrowhead Pharmaceuticals","ARWR","0","89.12","United States"
"7403","Argenx","ARGX","0","1047.1","Netherlands"
"7404","Ardelyx","ARDX","0","3.83","United States"
"7405","Arcutis Biotherapeutics","ARQT","0","25.14","United States"
"7406","Arcturus Therapeutics","ARCT","0","15.83","United States"
"7407","Arch Capital","ACGL","0","100.72","Bermuda"
"7408","Arcadia Biosciences","RKDA","0","0.5145","United States"
"7409","Arbutus Biopharma","ABUS","0","5.19","United States"
"7410","Aquestive Therapeutics","AQST","0","5.39","United States"
"7411","AquaBounty Technologies","AQB","0","1.29","United States"
"7412","Vista Gold","VGZ","0","2.365","United States"
"7413","Uranium Energy","UEC","0","13.27","United States"
"7414","Ur-Energy","URG","0","1.52","United States"
"7415","Trinity Place Holdings","TPHS","0","0.044","United States"
"7416","Trilogy Metals","TMQ","0","3.72","Canada"
"7417","Indonesia Energy","INDO","0","2.81","Indonesia"
"7418","Energy Fuels","UUUU","0","15.7","United States"
"7419","EMX Royalty","EMX","0","4.16","Canada"
"7420","Ellomay Capital","ELLO","0","19.71","Israel"
"7421","DSS, Inc. (Document Security Systems)","DSS","0","0.5486","United States"
"7422","Denison Mines","DNN","0","3.63","Canada"
"7423","CorMedix","CRMD","0","8.39","United States"
"7424","Comstock Inc.","LODE","0","3.5","United States"
"7425","Wayfair","W","0","104","United States"
"7426","Velocity Financial","VEL","0","17.69","United States"
"7427","Veeva Systems","VEEV","0","244.91","United States"
"7428","Valvoline","VVV","0","32.72","United States"
"7429","Valaris","VAL","0","83.6","United Kingdom"
"7430","USD Partners","USDP","0","0.0002","United States"
"7431","USANA","USNA","0","13.67","United States"
"7432","US Foods","USFD","0","108.46","United States"
"7433","Universal Technical Institute","UTI","0","22.12","United States"
"7434","United Natural Foods","UNFI","0","47.98","United States"
"7435","Unisys","UIS","0","2.61","United States"
"7436","Unifi","UFI","0","7.48","United States"
"7437","Ultrapar Participacoes","UGP","0","6.45","Brazil"
"7438","Uber","UBER","0","78.49","United States"
"7439","Tyler Technologies","TYL","0","352.65","United States"
"7440","Twilio","TWLO","0","228.46","United States"
"7441","Turkcell","TKC","0","5.42","Turkey"
"7442","TrueBlue","TBI","0","10.45","United States"
"7443","Trinseo","TSE","0","0.23","United States"
"7444","Tri Pointe Homes","TPH","0","46.95","United States"
"7445","Trex","TREX","0","46.68","United States"
"7446","Tredegar","TG","0","7.78","United States"
"7447","Transportadora de Gas del Sur","TGS","0","28.34","Argentina"
"7448","Transocean","RIG","0","5.6","Switzerland"
"7449","Transcontinental Realty Investors","TCI","0","38.54","United States"
"7450","TopBuild","BLD","0","354.53","United States"
"7451","Titan International","TWI","0","7.05","United States"
"7452","Tillys","TLYS","0","3.93","United States"
"7453","Tidewater","TDW","0","88.81","United States"
"7454","Thermon Group","THR","0","61.14","United States"
"7455","Teledyne Technologies","TDY","0","633.56","United States"
"7456","Telecom Argentina","TEO","0","13.51","Argentina"
"7457","Teladoc Health","TDOC","0","6.33","United States"
"7458","Tejon Ranch","TRC","0","15.87","United States"
"7459","Team Inc","TISI","0","23.01","United States"
"7460","Taylor Morrison","TMHC","0","72.45","United States"
"7461","Tata Motors","TATAMOTORS.NS","0","4.51722","India"
"7462","Talos Energy","TALO","0","16.72","United States"
"7463","TAL Education Group","TAL","0","11.59","China"
"7464","Takeda Pharmaceutical","TAK","0","18.23","Japan"
"7465","Superior Industries International","SUP","0","0.3249","United States"
"7466","Summit Midstream","SMC","0","34.02","United States"
"7467","Sumitomo Mitsui Financial Group","SMFG","0","25.42","Japan"
"7468","Stoneridge","SRI","0","7.16","United States"
"7469","Snap","SNAP","0","5.42","United States"
"7470","Champion Homes","SKY","0","91.18","United States"
"7471","SK Telecom","SKM","0","39.8","South Korea"
"7472","SiteOne Landscape Supply","SITE","0","96.07","United States"
"7473","Shopify","SHOP","0","150.29","Canada"
"7474","Shinhan Financial Group","SHG","0","77.5","South Korea"
"7475","Shift4 Payments","FOUR","0","46.25","United States"
"7476","Shake Shack","SHAK","0","72.94","United States"
"7477","Seritage Growth Properties","SRG","0","2.11","United States"
"7478","SelectQuote","SLQT","0","0.55","United States"
"7479","Seadrill","SDRL","0","46.59","Bermuda"
"7480","SEACOR Marine","SMHI","0","9.4","United States"
"7481","Seabridge Gold","SA","0","34.19","Canada"
"7482","Sea Limited","SE","0","123.18","Singapore"
"7483","ReneSola","SOL","0","1.94","United States"
"7484","Regis Corporation","RGS","0","26.75","United States"
"7485","RE/MAX Holdings","RMAX","0","12.36","United States"
"7486","Rayonier Advanced Materials","RYAM","0","8.41","United States"
"7487","Ranpak","PACK","0","5.08","United States"
"7488","Rafael Holdings","RFL","0","2.29","United States"
"7489","Q2","QTWO","0","64.99","United States"
"7490","Piedmont Realty Trust","PDM","0","9.88","United States"
"7491","Phreesia","PHR","0","11.6","United States"
"7492","Performance Food Group","PFGC","0","102.47","United States"
"7493","Penumbra","PEN","0","323.05","United States"
"7494","PREIT (Pennsylvania Real Estate Investment Trust)","PRET","0","0.4974","United States"
"7495","Parsons","PSN","0","48.64","United States"
"7496","PAR Technology","PAR","0","19.69","United States"
"7497","Par Pacific Holdings","PARR","0","75.77","United States"
"7498","Pampa Energía","PAM","0","80.72","Argentina"
"7499","Palo Alto Networks","PANW","0","339.31","United States"
"7500","PagerDuty","PD","0","12.19","United States"
"7501","ORIX","IX","0","39.73","Japan"
"7502","Orion Group Holdings","ORN","0","9.33","United States"
"7503","Ooma","OOMA","0","20.53","United States"
"7504","Onto Innovation","ONTO","0","291.88","United States"
"7505","OneConnect Financial Technology","OCFT","0","7.89","China"
"7506","Oil States International","OIS","0","8.29","United States"
"7507","O-I Glass","OI","0","7.44","United States"
"7508","DNOW Inc.","DNOW","0","15.99","United States"
"7509","Nomura Holdings","NMR","0","10.05","Japan"
"7510","Nokia","NOK","0","10.41","Finland"
"7511","NIO","NIO","0","4.45","China"
"7512","NGL Energy Partners","NGL","0","17.51","United States"
"7513","Companhia Siderúrgica Nacional","SID","0","1.03","Brazil"
"7514","Nam Tai Property","NTPIF","0","4.55","China"
"7515","Nabors Industries","NBR","0","87.49","Bermuda"
"7516","Molina Healthcare","MOH","0","202.43","United States"
"7517","Modine Manufacturing","MOD","0","187.3","United States"
"7518","Mizuho Financial Group","MFG","0","10.45","Japan"
"7519","Mitsubishi UFJ Financial","MUFG","0","22.44","Japan"
"7520","MISTRAS Group","MG","0","18.8","United States"
"7521","Amplify Energy","AMPY","0","4.58","United States"
"7522","Pediatrix Medical Group","MD","0","26.95","United States"
"7523","Medifast","MED","0","12.22","United States"
"7524","LG Display","LPL","0","3.34","South Korea"
"7525","LendingClub","LC","0","19.21","United States"
"7526","Lee Enterprises","LEE","0","8.27","United States"
"7527","KT Corporation","KT","0","19.66","South Korea"
"7528","Kosmos Energy","KOS","0","2.78","United States"
"7529","Korea Electric Power","KEP","0","12.24","South Korea"
"7530","Knowles","KN","0","34.54","United States"
"7531","Kirby Corporation","KEX","0","139.02","United States"
"7532","Kingsway Financial Services","KFS","0","10.73","Canada"
"7533","OPENLANE Corporate","OPLN","0","34.65","United States"
"7534","Stride (K12 Education)","LRN","0","84.58","United States"
"7535","Jumia","JMIA","0","6.83","Germany"
"7536","Jones Lang LaSalle","JLL","0","386.08","United States"
"7537","Jeld-Wen","JELD","0","2.42","United States"
"7538","James Hardie Industries","JHX","0","30.15","Ireland"
"7539","Itaú CorpBanca","ITCLY","0","3.1","Chile"
"7540","Integer Holdings","ITGR","0","125.19","United States"
"7541","Inspire Medical Systems","INSP","0","61.8","United States"
"7542","Ingevity","NGVT","0","69.56","United States"
"7543","Imax Corp","IMAX","0","52.76","Canada"
"7544","Iamgold","IAG","0","21.54","Canada"
"7545","Hudson Pacific Properties","HPP","0","14.29","United States"
"7546","HubSpot","HUBS","0","237.08","United States"
"7547","Howard Hughes Holdings","HHH","0","65.66","United States"
"7548","Hovnanian Enterprises","HOV","0","128.32","United States"
"7549","Honda","HMC","0","31.41","Japan"
"7550","Hilton Grand Vacations","HGV","0","44.99","United States"
"7551","Heritage Insurance","HRTG","0","34.42","United States"
"7552","Herbalife","HLF","0","12.39","United States"
"7553","Helix Energy Solutions","HLX","0","10","United States"
"7554","Haemonetics","HAE","0","106.6","United States"
"7555","Guidewire Software","GWRE","0","191.07","United States"
"7556","Gaotu Techedu","GOTU","0","1.73","China"
"7557","Televisa","TV","0","2.88","Mexico"
"7558","Grupo Supervielle","SUPV","0","8.8","Argentina"
"7559","GreenTree Hospitality Group","GHG","0","1.1","China"
"7560","Green Dot","GDOT","0","13.36","United States"
"7561","Graham Corporation","GHM","0","91.86","United States"
"7562","GrafTech","EAF","0","6.99","United States"
"7563","GOL Airlines","GOLL54.SA","0","1.85711","Brazil"
"7564","GoDaddy","GDDY","0","95.54","United States"
"7565","Globus Medical","GMED","0","83.1","United States"
"7566","Globant","GLOB","0","38.79","Luxembourg"
"7567","Geo Group","GEO","0","32.77","United States"
"7568","Genworth Financial","GNW","0","9.91","United States"
"7569","Genesco","GCO","0","34.55","United States"
"7570","Generac","GNRC","0","206.62","United States"
"7571","Gates Industrial Corp","GTES","0","26.67","United States"
"7572","GameStop","GME","0","17.97","United States"
"7573","FTI Consulting","FCN","0","151.92","United States"
"7574","Franklin Covey","FC","0","20.42","United States"
"7575","Fluor Corporation","FLR","0","52.03","United States"
"7576","Flotek Industries","FTK","0","23.61","United States"
"7577","Floor &amp; Decor","FND","0","54.31","United States"
"7578","Fiverr","FVRR","0","9.47","Israel"
"7579","EPAM Systems","EPAM","0","109.36","United States"
"7580","Enzo Biochem","ENZB","0","0.69887","United States"
"7581","Enviva","EVA","0","0.4198","United States"
"7582","Envista","NVST","0","27.8","United States"
"7583","Enova International","ENVA","0","236.62","United States"
"7584","Endeavour Silver","EXK","0","10.89","Canada"
"7585","Endava","DAVA","0","3.22","United Kingdom"
"7586","edenor","EDN","0","23.79","Argentina"
"7587","Emergent BioSolutions","EBS","0","5.97","United States"
"7588","e.l.f. Beauty","ELF","0","106.97","United States"
"7589","Dynatrace","DT","0","51.6","United States"
"7590","Dycom Industries","DY","0","351.8","United States"
"7591","Ducommun","DCO","0","185.36","United States"
"7592","Donnelley Financial Solutions","DFIN","0","47.64","United States"
"7593","Diebold Nixdorf","DBD","0","67.78","United States"
"7594","Customers Bancorp","CUBI","0","78.54","United States"
"7595","Cushman &amp; Wakefield","CWK","0","14.5","United States"
"7596","Culp, Inc.","CULP","0","3.43","United States"
"7597","Corporación América Airports","CAAP","0","24.6","Luxembourg"
"7598","CorEnergy Infrastructure Trust","CORR","0","0.0198","United States"
"7599","CoreCivic","CXW","0","33.99","United States"
"7600","Cooper Standard","CPS","0","26.54","United States"
"7601","CNX Resources","CNX","0","36.06","United States"
"7602","Cloudflare","NET","0","284.89","United States"
"7603","Cleveland-Cliffs","CLF","0","11.54","United States"
"7604","Clearwater Paper","CLW","0","21.35","United States"
"7605","Clear Channel Outdoor","CCO","0","2.4","United States"
"7606","Clean Harbors","CLH","0","313.67","United States"
"7607","Clarivate","CLVT","0","1.99","United Kingdom"
"7608","Civeo","CVEO","0","33.35","United States"
"7609","Citizens Inc","CIA","0","3.93","United States"
"7610","Ciena","CIEN","0","404.03","United States"
"7611","China Eastern Airlines","600115.SS","0","0.528274","China"
"7612","Chegg","CHGG","0","0.79","United States"
"7613","Cheetah Mobile","CMCM","0","3.03","China"
"7614","Charles River Laboratories","CRL","0","295.1","United States"
"7615","Central Puerto","CEPU","0","13.71","Argentina"
"7616","Cellcom Israel","CEL.TA","0","11.948","Israel"
"7617","Celestica","CLS","0","307.32","Canada"
"7618","Six Flags","FUN","0","16.13","United States"
"7619","CBIZ","CBZ","0","54.74","United States"
"7620","Cato Fashion","CATO","0","2.77","United States"
"7621","Carvana","CVNA","0","73.95","United States"
"7622","Cars.com","CARS","0","11.97","United States"
"7623","Canopy Growth","CGC","0","1.035","Canada"
"7624","Canada Goose","GOOS","0","8.12","Canada"
"7625","Calix","CALX","0","38.36","United States"
"7626","Brookdale Senior Living","BKD","0","12.2","United States"
"7627","Brinker International","EAT","0","240.93","United States"
"7628","BrightView","BV","0","11.04","United States"
"7629","Bright Horizons","BFAM","0","74.46","United States"
"7630","Braskem","BAK","0","1.48","Brazil"
"7631","BrasilAgro","LND","0","3.74","Brazil"
"7632","Box, Inc.","BOX","0","32.95","United States"
"7633","Boston Beer Company","SAM","0","185.56","United States"
"7634","Borr Drilling","BORR","0","4.4","Bermuda"
"7635","Boot Barn Holdings","BOOT","0","159.72","United States"
"7636","Bluelinx","BXC","0","82.77","United States"
"7637","Bloom Energy","BE","0","218.21","United States"
"7638","BlackBerry","BB","0","7.79","Canada"
"7639","BJ's Wholesale Club","BJ","0","93.33","United States"
"7640","Bio-Rad Laboratories","BIO","0","388.64","United States"
"7641","Biohaven","BHVN","0","16.95","United States"
"7642","Bill.com","BILL","0","48.11","United States"
"7643","Biglari","BH","0","383.07","United States"
"7644","BellRing Brands","BRBR","0","10.79","United States"
"7645","Beazer Homes USA","BZH","0","33.14","United States"
"7646","Bausch Health","BHC","0","6.51","Canada"
"7647","Azure Power","AZREF","0","1","India"
"7648","Axos Financial","AX","0","98.08","United States"
"7649","Axalta","AXTA","0","36.61","United States"
"7650","Avantor","AVTR","0","14.5","United States"
"7651","Avanos Medical","AVNS","0","24.99","United States"
"7652","AutoNation","AN","0","196.57","United States"
"7653","Aurora Cannabis","ACB","0","4","Canada"
"7654","Aspen Aerogels","ASPN","0","5.19","United States"
"7655","Ashford Hospitality Trust","AHT","0","3.34","United States"
"7656","ASGN","ASGN","0","19.53","United States"
"7657","Asbury Automotive Group","ABG","0","209.89","United States"
"7658","Arcus Biosciences","RCUS","0","30.76","United States"
"7659","APi Group","APG","0","41.22","United States"
"7660","Antero Resources","AR","0","38.53","United States"
"7661","Amneal Pharmaceuticals","AMRX","0","17.99","United States"
"7662","AMN Healthcare Services","AMN","0","34.24","United States"
"7663","American Vanguard","AVD","0","2.21","United States"
"7664","American Realty Investors","ARL","0","15.57","United States"
"7665","Alta Equipment Group","ALTG","0","6.2","United States"
"7666","ATI Inc.","ATI","0","212.86","United States"
"7667","Adtalem Global Education","ATGE","0","98.54","United States"
"7668","Adient","ADNT","0","18.96","Ireland"
"7669","ADC Therapeutics","ADCT","0","1.05","Switzerland"
"7670","Accel Entertainment","ACEL","0","11.81","United States"
"7671","Abercrombie &amp; Fitch","ANF","0","147.75","United States"
"7672","8x8","EGHT","0","1.9","United States"
"7673","3D Systems","DDD","0","3.3","United States"
"7674","Alok Industries","ALOKINDS.NS","0","0.107783","India"
"7675","Evolution Gaming","EVO.ST","0","87.6279","Sweden"
"7676","Aavas Financiers","AAVAS.NS","0","13.312","India"
"7677","China Railway Construction","601186.SS","0","0.903274","China"
"7678","Shin Kong Financial Holding","2888.TW","0","0.389619","Taiwan"
"7679","Shimao Property","0813.HK","0","0.00854701","Hong Kong"
"7680","New Hope Liuhe","000876.SZ","0","1.05208","China"
"7681","Endurance Technologies","ENDURANCE.NS","0","30.8516","India"
"7682","Meituan","3690.HK","0","9.88646","China"
"7683","Rajesh Exports","RAJESHEXPO.NS","0","0.805908","India"
"7684","Yonyou","600588.SS","0","1.51488","China"
"7685","LONGi Green Energy Technology","601012.SS","0","1.80804","China"
"7686","Max Financial Services","MFSL.NS","0","16.5466","India"
"7687","QNB Finansbank","QNBTR.IS","0","3.98076","Turkey"
"7688","Aditya Birla Capital","ABCAPITAL.NS","0","4.29192","India"
"7689","T’way Air","091810.KS","0","0.45363","South Korea"
"7690","Chailease Holding","5871.TW","0","3.60766","Taiwan"
"7691","ZTE","000063.SZ","0","5.05357","China"
"7692","Offcn Education","002607.SZ","0","0.3125","China"
"7693","Alembic Pharmaceuticals","APLLTD.NS","0","8.65403","India"
"7694","AU Small Finance Bank","AUBANK.NS","0","11.4015","India"
"7695","BYD","002594.SZ","0","13.6146","China"
"7696","Nat Games (Nexon Games)","225570.KQ","0","7.97113","South Korea"
"7697","OPTiM","3694.T","0","2.71698","Japan"
"7698","Chang Hwa Commercial Bank","2801.TW","0","0.778222","Taiwan"
"7699","WuXi Biologics","WXXWY","0","12.91","China"
"7700","Indian Overseas Bank","IOB.NS","0","0.344087","India"
"7701","Air Busan","298690.KS","0","1.129","South Korea"
"7702","Shanghai Commercial and Savings Bank","5876.TW","0","1.35642","Taiwan"
"7703","SAIC Motor","600104.SS","0","1.52381","China"
"7704","Country Garden","2007.HK","0","0.0244929","China"
"7705","Godrej Properties","GODREJPROP.NS","0","21.6633","India"
"7706","TechnoPro Holdings","6028.T","0","31.1589","Japan"
"7707","United Breweries","UBL.NS","0","14.0809","India"
"7708","Jin Air","272450.KS","0","4.27542","South Korea"
"7709","Piramal Enterprises","PEL.NS","0","12.7318","India"
"7710","Rosseti","RSTI.ME","0","0","Russia"
"7711","Alibaba Health Information Technology","0241.HK","0","0.401199","Hong Kong"
"7712","President Chain Store (PSCS)","2912.TW","0","6.94751","Taiwan"
"7713","Vanke","2202.HK","0","0.309989","China"
"7714","Yes Bank","YESBANK.NS","0","0.233581","India"
"7715","DLF","DLF.NS","0","7.13523","India"
"7716","IDBI Bank","IDBI.NS","0","0.97528","India"
"7717","Siemens India","SIEMENS.NS","0","42.7757","India"
"7718","Uni-President Enterprises","1216.TW","0","2.42926","Taiwan"
"7719","Bata India","BATAINDIA.NS","0","7.13365","India"
"7720","Jeju Air","089590.KS","0","3.21019","South Korea"
"7721","Eicher Motors","EICHERMOT.NS","0","84.613","India"
"7722","Mercari","4385.T","0","28.8201","Japan"
"7723","Sumitomo Pharma","4506.T","0","9.04197","Japan"
"7724","PeptiDream","4587.T","0","6.94932","Japan"
"7725","Adani Green Energy","ADANIGREEN.NS","0","13.8368","India"
"7726","Dentsu","4324.T","0","22.1814","Japan"
"7727","Severstal","CHMF.ME","0","7.03","Russia"
"7728","Novolipetsk Steel","NLMK.ME","0","0.77","Russia"
"7729","Asiana Airlines","020560.KS","0","5.4566","South Korea"
"7730","UltraTech Cement","ULTRACEMCO.NS","0","122.971","India"
"7731","Nusantara Pelabuhan Handal","PORT.JK","0","0.0509859","Indonesia"
"7732","Rakuten","4755.T","0","4.88367","Japan"
"7733","MOL Group","MOL.BD","0","16.056","Hungary"
"7734","DMart","DMART.NS","0","40.4033","India"
"7735","Shinpoong Pharm","019170.KS","0","6.40589","South Korea"
"7736","Nissan","7201.T","0","1.95773","Japan"
"7737","Maruti Suzuki India","MARUTI.NS","0","140.997","India"
"7738","Hanwha Ocean (DSME)","042660.KS","0","64.9285","South Korea"
"7739","Reliance Power","RPOWER.NS","0","0.237941","India"
"7740","Fannie Mae","FNMA","0","6.26","United States"
"7741","Icelandair","ICEAIR.IC","0","0.00591794","Iceland"
"7742","Advanced Petrochemical","2330.SR","0","6.56013","Saudi Arabia"
"7743","Bavarian Nordic","BAVA.CO","0","33.1417","Denmark"
"7744","QNB Finans Finansal Kiralama (QNB Finansleasing)","QNBFK.IS","0","0.881737","Turkey"
"7745","Elkem","ELK.OL","0","3.44845","Norway"
"7746","Hongkong and Shanghai Hotels","0045.HK","0","0.705447","Hong Kong"
"7747","Petro Rabigh","2380.SR","0","4.61579","Saudi Arabia"
"7748","PUMA","PUM.DE","0","29.1886","Germany"
"7749","DFDS A/S","DFDS.CO","0","24.0379","Denmark"
"7750","Zhejiang Jinke Tom Culture Industry","300459.SZ","0","0.532738","China"
"7751","Arçelik","ARCLK.IS","0","1.94156","Turkey"
"7752","Hangzhou Electronic Soul Network Technology","603258.SS","0","1.91964","China"
"7753","Nordic Semiconductor","NOD.OL","0","18.2477","Norway"
"7754","The Tinplate Company Of India","TINPLATE.NS","0","4.50927","India"
"7755","XD Inc.","2400.HK","0","5.38589","China"
"7756","Hinduja Global Solutions","HGS.NS","0","4.2097","India"
"7757","Kaiser (China) Culture","002425.SZ","0","0.471726","China"
"7758","Tide Water Oil","TIDEWATER.NS","0","25.0972","India"
"7759","Marksans Pharma","MARKSANS.NS","0","3.41835","India"
"7760","Borosil","BORORENEW.NS","0","5.42474","India"
"7761","Halkbank","HALKB.IS","0","0.870947","Turkey"
"7762","Zalando","ZAL.DE","0","27.0195","Germany"
"7763","JAC Motors","600418.SS","0","3.14137","China"
"7764","Dish TV","DISHTV.NS","0","0.0287001","India"
"7765","SMIC","0981.HK","0","9.09555","China"
"7766","Ashoka Buildcon","ASHOKA.NS","0","1.18268","India"
"7767","Grupo México","GMBXF","0","13.9998","Mexico"
"7768","Ocado","OCDO.L","0","3.32604","United Kingdom"
"7769","Drecom","3793.T","0","3.17504","Japan"
"7770","Delivery Hero","DHER.F","0","43.4549","Germany"
"7771","Raymond","RAYMOND.NS","0","6.46591","India"
"7772","Jabal Omar Development","4250.SR","0","5.00466","Saudi Arabia"
"7773","Schneider Electric Infrastructure","SCHNEIDER.NS","0","12.5882","India"
"7774","Allcargo Logistics","ALLCARGO.NS","0","0.13135","India"
"7775","VakıfBank","VAKBN.IS","0","0.676065","Turkey"
"7776","Yapı Kredi","YKBNK.IS","0","0.772052","Turkey"
"7777","Netcompany Group","NETC.CO","0","49.4164","Denmark"
"7778","Hexagon AB","HEXA-B.ST","0","10.5703","Sweden"
"7779","JSW Holdings","JSWHL.NS","0","122.552","India"
"7780","Federal-Mogul Goetze","FMGOETZE.NS","0","5.6557","India"
"7781","Iceland Seafood International","ICESEA.IC","0","0.0354745","Iceland"
"7782","YOOZOO Interactive","002174.SZ","0","1.79613","China"
"7783","Beijing Airport","0694.HK","0","0.204746","China"
"7784","Sequent Scientific","SEQUENT.NS","0","2.13731","India"
"7785","Melco International Development","0200.HK","0","0.401837","Hong Kong"
"7786","Suzlon","SUZLON.NS","0","0.488635","India"
"7787","KBC","KBCSF","0","154.02","Belgium"
"7788","MMTC","MMTC.NS","0","0.666178","India"
"7789","Akeso","9926.HK","0","12.9098","China"
"7790","Türk Telekom","TTKOM.IS","0","1.11362","Turkey"
"7791","Stillfront Group","SF.ST","0","0.670225","Sweden"
"7792","Kunlun Tech","300418.SZ","0","6.08482","China"
"7793","KLab","3656.T","0","1.22986","Japan"
"7794","SpiceJet","SPICEJET.BO","0","0.111868","India"
"7795","sterling &amp; wilson solar","SWSOLAR.NS","0","2.10108","India"
"7796","GE Power India","GEPIL.NS","0","4.07664","India"
"7797","Experian","EXPGF","0","41","Ireland"
"7798","Aiming Inc","3911.T","0","1.15456","Japan"
"7799","Diagnosticos da America (DASA)","DASA3.SA","0","0.507407","Brazil"
"7800","CSB Bank","CSBBANK.NS","0","3.64146","India"
"7801","Türkiye Kalkınma","KLNMA.IS","0","0.188858","Turkey"
"7802","Welspun India","WELSPUNIND.NS","0","1.91","India"
"7803","Spandana Sphoorty Financial","SPANDANA.NS","0","2.54059","India"
"7804","Nidec","6594.T","0","16.3333","Japan"
"7805","VIP Industries","VIPIND.NS","0","3.17272","India"
"7806","Strides Pharma","STAR.NS","0","10.3279","India"
"7807","EIH Limited","EIHOTEL.NS","0","3.15282","India"
"7808","Omaxe","OMAXE.NS","0","1.18728","India"
"7809","Freddie Mac","FMCC","0","5.7","United States"
"7810","Anhui Conch Cement","AHCHF","0","2.8","China"
"7811","Xiaomi","XIACF","0","3.606","China"
"7812","Ma'aden","1211.SR","0","18.5378","Saudi Arabia"
"7813","SPARC","SPARC.NS","0","2.04892","India"
"7814","Adyen","ADYEN.AS","0","1253.76","Netherlands"
"7815","Dongfeng Motor","0489.HK","0","1.2185","China"
"7816","Electrolux","ELUX-A.ST","0","3.0231","Sweden"
"7817","Network18","NETWORK18.NS","0","0.307322","India"
"7818","Nornickel","GMKN.ME","0","1.41","Russia"
"7819","Hapvida","HAPV3.SA","0","1.24033","Brazil"
"7820","Sinch","SINCH.ST","0","4.81281","Sweden"
"7821","Embracer Group","EMBRAC-B.ST","0","7.65642","Sweden"
"7822","Heineken","HEIA.AS","0","83.9025","Netherlands"
"7823","East India Distilleries Parry","EIDPARRY.NS","0","8.34084","India"
"7824","Ørsted","ORSTED.CO","0","22.2686","Denmark"
"7825","Amber Enterprises India","AMBER.NS","0","80.7269","India"
"7826","BASF India","BASF.NS","0","40.3991","India"
"7827","SJM Holdings","0880.HK","0","0.17987","Hong Kong"
"7828","ZhongAn Insurance","6060.HK","0","1.49509","China"
"7829","Yunnan Energy New Material","002812.SZ","0","8.03125","China"
"7830","Fine Organics","FINEORG.NS","0","54.9911","India"
"7831","Hathway","HATHWAY.NS","0","0.110506","India"
"7832","JCI Hitachi India","JCHAC.NS","0","15.7544","India"
"7833","Swedish Orphan Biovitrum","SOBI.ST","0","48.9784","Sweden"
"7834","Fastighets AB Balder","BALD-B.ST","0","5.55074","Sweden"
"7835","Gazprom","GAZP.ME","0","0.99","Russia"
"7836","KEC International","KEC.NS","0","4.44119","India"
"7837","Kinnevik","KINV-A.ST","0","7.0434","Sweden"
"7838","KIOCL","KIOCL.NS","0","4.00283","India"
"7839","China Southern Airlines","600029.SS","0","0.748512","China"
"7840","Timken India","TIMKEN.NS","0","33.2021","India"
"7841","Future Retail","FRETAIL.NS","0","0.0238818","India"
"7842","V-Guard Industries","VGUARD.NS","0","3.47439","India"
"7843","Devsisters","194480.KQ","0","11.7538","South Korea"
"7844","Fosun","0656.HK","0","0.690777","China"
"7845","Air China","601111.SS","0","0.875","China"
"7846","City Union Bank","CUB.NS","0","2.3929","India"
"7847","Solar Industries India","SOLARINDS.NS","0","213.994","India"
"7848","Zhongsheng Group","0881.HK","0","0.523026","China"
"7849","Indian Telephone Industries","ITI.NS","0","2.88939","India"
"7850","Siltronic","WAF.F","0","94.4749","Germany"
"7851","Regal Hotels International","0078.HK","0","0.0542161","Hong Kong"
"7852","Voltage","3639.T","0","1.43693","Japan"
"7853","Südzucker","SZU.F","0","14.7803","Germany"
"7854","Green Thumb Industries","GTII.CN","0","7.57096","United States"
"7855","Tianyu Digital Technology (Dalian)","002354.SZ","0","1.0625","China"
"7856","Wacker Chemie","WCH.F","0","104.383","Germany"
"7857","Shenzhen Zqgame","300052.SZ","0","1.60119","China"
"7858","Aksa Energy","AKSEN.IS","0","1.71717","Turkey"
"7859","Curaleaf","CURLF","0","9.46","United States"
"7860","Société Foncière Lyonnaise","FLY.PA","0","86.0641","France"
"7861","Hektaş","HEKTS.IS","0","0.0592128","Turkey"
"7862","Cofinimmo","COFB.BR","0","96.573","Belgium"
"7863","MEP Infrastructure","MEP.NS","0","0.00743689","India"
"7864","Homeland Interactive Technology","3798.HK","0","0.146702","China"
"7865","Hindustan Sanitaryware &amp; Industries","HSIL.NS","0","3.77","India"
"7866","Casino Guichard-Perrachon","CO.PA","0","0.21879","France"
"7867","Hainan Airlines","900945.SS","0","0.21","China"
"7868","Evotec","EVO","0","1.95","Germany"
"7869","Seera Holding Group","1810.SR","0","5.66254","Saudi Arabia"
"7870","Cyfrowy Polsat","CPS.WA","0","4.38311","Poland"
"7871","Hindustan Media Ventures","HMVL.NS","0","0.906672","India"
"7872","Cenomi Retail (Fawaz Abdulaziz Al Hokair &amp; Company)","4240.SR","0","4.68504","Saudi Arabia"
"7873","3i Infotech","3IINFOLTD.NS","0","0.245103","India"
"7874","Nok Air","NOKPF","0","0.008","Thailand"
"7875","Sichuan Xunyou Network Technology","300467.SZ","0","4.99256","China"
"7876","Television Broadcasts (TVB)","0511.HK","0","0.292134","Hong Kong"
"7877","Reliance Communications","RCOM.NS","0","0.00858909","India"
"7878","Santander Polska","SPL.WA","0","164.74","Poland"
"7879","Navkar Corp","NAVKARCORP.NS","0","1.0198","India"
"7880","Srei Infrastructure Finance","SREINFRA.NS","0","0.03","India"
"7881","Hong Kong Technology Venture Company (HKTV)","1137.HK","0","0.130119","Hong Kong"
"7882","I.g. Petrochemicals","IGPL.NS","0","5.50592","India"
"7883","NKT A/S","NKT.CO","0","145.219","Denmark"
"7884","GCL Technology","3800.HK","0","0.0950376","Hong Kong"
"7885","Gala Incorporated","4777.T","0","1.25496","Japan"
"7886","Kingfa Science & Technology","KINGFA.NS","0","62.8627","India"
"7887","Orient Paper Mills","ORIENTPPR.NS","0","0.178485","India"
"7888","Indorama Synthetics","INDORAMA.NS","0","0.666178","India"
"7889","Emperor International","0163.HK","0","0.0174767","Hong Kong"
"7890","Prio SA (Petro Rio)","PRIO3.SA","0","11.8123","Brazil"
"7891","Copenhagen Airport","KBHL.CO","0","866.736","Denmark"
"7892","Greenpanel Industries","GREENPANEL.NS","0","1.66021","India"
"7893","Ebixcash India","EBIXFOREX.NS","0","7.31","India"
"7894","Saudi Research and Media Group","4210.SR","0","16.4869","Saudi Arabia"
"7895","iDreamSky","1119.HK","0","0.0605945","China"
"7896","Mirza International","MIRZAINT.NS","0","0.332041","India"
"7897","Unitech Group","UNITECH.NS","0","0.0420327","India"
"7898","Zee Learn","ZEELEARN.NS","0","0.0827485","India"
"7899","International Consolidated Airlines","BABWF","0","5.65","Spain"
"7900","Jain Irrigation Systems","JISLDVREQS.NS","0","0.221117","India"
"7901","Demant","DEMANT.CO","0","44.1786","Denmark"
"7902","Gati","GATI.NS","0","1.65","India"
"7903","Emaar The Economic City","4220.SR","0","2.69011","Saudi Arabia"
"7904","Kokuyo Camlin","KOKUYOCMLN.NS","0","0.850634","India"
"7905","Radio City","RADIOCITY.NS","0","0.0694459","India"
"7906","Harbour Centre Development","0051.HK","0","0.574053","Hong Kong"
"7907","Mahanagar Telephone Nigam","MTNL.NS","0","0.278098","India"
"7908","Far East Consortium International","0035.HK","0","0.0835566","Hong Kong"
"7909","Rémy Cointreau","RCO.PA","0","54.0105","France"
"7910","GN Store Nord","GN.CO","0","14.8405","Denmark"
"7911","Covestro","1COV.F","0","69.9382","Germany"
"7912","Asian Granito India","ASIANTILES.NS","0","0.491463","India"
"7913","Sparebanken Vest","SVEG.OL","0","13.8817","Norway"
"7914","Rane Holdings","RANEHOLDIN.NS","0","16.6241","India"
"7915","Jaypee Group","JPASSOCIAT.NS","0","0.0256397","India"
"7916","Modern Times Group (MTG)","MTG-B.ST","0","13.9923","Sweden"
"7917","National Industrialization Company (Saudi Arabia)","2060.SR","0","2.55427","Saudi Arabia"
"7918","Spencer's Retail","SPENCERS.NS","0","0.311092","India"
"7919","Bank of Innovation","4393.T","0","36.9585","Japan"
"7920","enish","3667.T","0","0.169419","Japan"
"7921","NACL Industries","NACLIND.NS","0","1.82707","India"
"7922","HelloFresh","HFG.DE","0","3.25213","Germany"
"7923","Sundaram Finance","SUNDARMHLD.NS","0","7.58155","India"
"7924","Balaji Telefilms","BALAJITELE.NS","0","0.97528","India"
"7925","Shalby","SHALBY.NS","0","1.61297","India"
"7926","Quick Heal","QUICKHEAL.NS","0","1.41406","India"
"7927","Fresnillo","FNLPF","0","43.41","Mexico"
"7928","Telecom Italia","TIT.MI","0","9.02669","Italy"
"7929","Capacit'e Infraprojects","CAPACITE.NS","0","2.35676","India"
"7930","AltPlus","3672.T","0","0.181969","Japan"
"7931","Cigniti Technologies","CIGNITITEC.NS","0","13.2083","India"
"7932","Dollar Industries","DOLLAR.NS","0","2.78517","India"
"7933","Prime Focus","PFOCUS.NS","0","3.10255","India"
"7934","Tata Teleservices","TTML.NS","0","0.383262","India"
"7935","Traton","8TRA.DE","0","44.947","Germany"
"7936","Hinduja Ventures","NXTDIGITAL.NS","0","1.43","India"
"7937","GTL Infrastructure","GTLINFRA.NS","0","0.0127789","India"
"7938","PTC Financial Services","PFS.NS","0","0.285116","India"
"7939","CMGE Technology Group","0302.HK","0","0.0242378","China"
"7940","CAVE Interactive","3760.T","0","4.58059","Japan"
"7941","Shankara Building","SHANKARA.NS","0","1.53148","India"
"7942","Inox Wind","INOXWIND.NS","0","0.752069","India"
"7943","Reliance Infrastructure","RELINFRA.NS","0","0.644431","India"
"7944","Hindustan Oil Exploration Company","HINDOILEXP.NS","0","1.70012","India"
"7945","Arvind","ARVIND.NS","0","5.71436","India"
"7946","GÜBRETAŞ","GUBRF.IS","0","10.2168","Turkey"
"7947","Estun Automation","002747.SZ","0","4.73363","China"
"7948","Atlantic Sapphire","ASA.OL","0","0.0865321","Norway"
"7949","Hindustan Construction Company","HCC.NS","0","0.264271","India"
"7950","Usiminas","USIM5.SA","0","1.38613","Brazil"
"7951","Alstom","ALO.PA","0","18.8908","France"
"7952","CD Projekt","CDR.WA","0","62.7394","Poland"
"7953","X5 Retail Group","FIVE.ME","0","32.42","Netherlands"
"7954","Mynet","3928.T","0","1.48085","Japan"
"7955","Ubisoft","UBI.PA","0","6.47986","France"
"7956","TeamViewer","TMV.DE","0","7.78646","Germany"
"7957","Shen Zhen Shengxunda Technology (gamexun)","300518.SZ","0","3.50893","China"
"7958","Israel Discount Bank","DSCT.TA","0","11.3355","Israel"
"7959","Coffee Day Enterprises","COFFEEDAY.NS","0","0.313187","India"
"7960","AMS-Osram","AMS.SW","0","22.289","Austria"
"7961","Tejas Networks","TEJASNET.NS","0","5.34671","India"
"7962","Lai Sun Development Company","0488.HK","0","0.0880214","Hong Kong"
"7963","Mobcast","3664.T","0","0.175694","Japan"
"7964","HKR International","0480.HK","0","0.125654","Hong Kong"
"7965","Air Canada","AC.TO","0","19.9899","Canada"
"7966","NJ Holdings","9421.T","0","3.18759","Japan"
"7967","Nectar Lifesciences","NECLIFE.NS","0","0.13753","India"
"7968","Pegasus Airlines","PGSUS.IS","0","3.16009","Turkey"
"7969","Jump Networks","JUMPNET.NS","0","0.12","India"
"7970","Ryman Healthcare","RYM.NZ","0","1.2671","New Zealand"
"7971","Sanghi Industries","SANGHIIND.NS","0","0.522573","India"
"7972","Anant Raj","ANANTRAJ.NS","0","6.34597","India"
"7973","Hexagon Composites","HEX.OL","0","1.48048","Norway"
"7974","Bodal Chemicals","BODALCHEM.NS","0","0.989526","India"
"7975","Jindal Worldwide","JINDWORLD.NS","0","0.388394","India"
"7976","Sasa Polyester","SASA.IS","0","0.0488246","Turkey"
"7977","Igarashi Motors India","IGARASHI.NS","0","4.40505","India"
"7978","Hyderabad Industries Limited","HIL.NS","0","21.5914","India"
"7979","Grupo Elektra","XEKT.MC","0","20.2458","Mexico"
"7980","Marimaca Copper","MARI.TO","0","6.14465","Canada"
"7981","Samsung Biologics","207940.KS","0","1155.09","South Korea"
"7982","Pollux Properti Indonesia","POLL.JK","0","0.00690974","Indonesia"
"7983","Indoritel","DNET.JK","0","0.552113","Indonesia"
"7984","Bank Mayapada Internasional","MAYA.JK","0","0.0111549","Indonesia"
"7985","Samsung Heavy Industries","010140.KS","0","15.2176","South Korea"
"7986","Samsung SDI","006405.KS","0","160.51","South Korea"
"7987","Bank Jago","ARTO.JK","0","0.056338","Indonesia"
"7988","SK Innovation","096775.KS","0","45.1456","South Korea"
"7989","Tunas Ridean","TURI.JK","0","0.1","Indonesia"
"7990","HiteJinro","000080.KS","0","11.0002","South Korea"
"7991","United Heavy Machinery","OMZZP.ME","0","112.48","Russia"
"7992","Pearl Abyss","263750.KQ","0","22.8627","South Korea"
"7993","Doosan Fuel Cell","336260.KS","0","32.7541","South Korea"
"7994","KG Mobility (SsangYong Motor)","003620.KS","0","1.94568","South Korea"
"7995","Vodafone Idea","IDEA.NS","0","0.157222","India"
"7996","Sterlite Technologies","STLTECH.NS","0","7.28868","India"
"7997","New World Development Company","0017.HK","0","0.894247","Hong Kong"
"7998","IFB Industries","IFBIND.NS","0","14.1856","India"
"7999","Milkfood Limited","MLKFOOD.BO","0","0.942704","India"
"8000","Najran Cement Company","3002.SR","0","1.5022","Saudi Arabia"
"8001","Gokaldas Exports","GOKEX.NS","0","8.15125","India"
"8002","SAPTCO (Saudi Public Transport Company)","4040.SR","0","3.11626","Saudi Arabia"
"8003","Skycity Entertainment Group","SKC.NZ","0","0.404521","New Zealand"
"8004","Medgulf (The Mediterranean and Gulf Cooperative Insurance and Reinsurance Company)","8030.SR","0","4.58916","Saudi Arabia"
"8005","Halwani Bros","6001.SR","0","8.54974","Saudi Arabia"
"8006","Saudi Automotive Services Company","4050.SR","0","11.389","Saudi Arabia"
"8007","Digital Domain","0547.HK","0","0.0272994","Hong Kong"
"8008","Kellton Tech Solutions","KELLTONTEC.NS","0","0.155232","India"
"8009","Rottneros","RROS.ST","0","0.316481","Sweden"
"8010","Synlait Milk","SML.NZ","0","0.252826","New Zealand"
"8011","Fire Rock","1909.HK","0","0.244291","China"
"8012","Basic-Fit","BFIT.AS","0","38.7691","Netherlands"
"8013","Juventus Turin","JUVE.MI","0","2.41986","Italy"
"8014","TomTom","TOM2.AS","0","4.81408","Netherlands"
"8015","Ayyan Investment Company","2140.SR","0","2.56759","Saudi Arabia"
"8016","Methanol Chemicals Company","2001.SR","0","8.45918","Saudi Arabia"
"8017","Bawan Company","1302.SR","0","9.47663","Saudi Arabia"
"8018","Saudi Printing and Packaging Company","4270.SR","0","2.17073","Saudi Arabia"
"8019","Zahrat Al Waha For Trading Company","3007.SR","0","0.748435","Saudi Arabia"
"8020","Red Sea International Company","4230.SR","0","6.41896","Saudi Arabia"
"8021","Tabuk Agricultural Development Company","6040.SR","0","2.43974","Saudi Arabia"
"8022","MAG Interactive","MAGI.ST","0","0.835551","Sweden"
"8023","Alfen","ALFEN.AS","0","13.9876","Netherlands"
"8024","Arctic Paper","ARP.ST","0","1.81911","Poland"
"8025","Al Hassan Ghazi Ibrahim Shaker","1214.SR","0","3.20415","Saudi Arabia"
"8026","Takween Advanced Industries","1201.SR","0","1.28646","Saudi Arabia"
"8027","Saudi Reinsurance Company","8200.SR","0","7.11147","Saudi Arabia"
"8028","Piraeus Financial Holdings","TPEIR.AT","0","11.9128","Greece"
"8029","FingerTango","6860.HK","0","0.0142875","China"
"8030","Saudi Vitrified Clay Pipe Company","2360.SR","0","5.64656","Saudi Arabia"
"8031","Basic Chemical Industries Company","1210.SR","0","6.73858","Saudi Arabia"
"8032","Allianz Saudi Fransi Cooperative Insurance","8040.SR","0","3.67559","Saudi Arabia"
"8033","Al Khaleej Training and Education Company","4290.SR","0","3.95259","Saudi Arabia"
"8034","Starbreeze","STAR-B.ST","0","0.0104129","Sweden"
"8035","Jazan Development and Investment (JAZADCO)","6090.SR","0","2.19204","Saudi Arabia"
"8036","Tinexta","TNXT.MI","0","17.4846","Italy"
"8037","Al-Etihad Cooperative Insurance","8170.SR","0","2.16274","Saudi Arabia"
"8038","L'azurde Company for Jewelry","4011.SR","0","2.86589","Saudi Arabia"
"8039","Ourgame International","6899.HK","0","0.0302334","China"
"8040","Forgame","0484.HK","0","0.0924863","China"
"8041","Infinities Tech (Jiu Zun Digital)","1961.HK","0","0.0126292","China"
"8042","SAICO (Saudi Arabian Cooperative Insurance Company)","8100.SR","0","2.92183","Saudi Arabia"
"8043","Digital Bros","DIB.MI","0","14.5938","Italy"
"8044","Saudi Industrial Development Company","2130.SR","0","4.33613","Saudi Arabia"
"8045","Saudi Enaya Cooperative Insurance Company","8311.SR","0","3.13757","Saudi Arabia"
"8046","Feiyu Technology International Company","1022.HK","0","0.0459242","China"
"8047","Gulf General Cooperative Insurance Company","8260.SR","0","1.13997","Saudi Arabia"
"8048","Tihama for Advertising, Public Relations and Marketing","4070.SR","0","5.60394","Saudi Arabia"
"8049","Anaam International","4061.SR","0","3.26275","Saudi Arabia"
"8050","Gaming Corps","GCOR.ST","0","0.0835551","Sweden"
"8051","GEOX","GEO.MI","0","0.327544","Italy"
"8052","Digital Hollywood Interactive","2022.HK","0","0.0062508","China"
"8053","Söktas Tekstil","SKTAS.IS","0","0.0671078","Turkey"
"8054","Saudi Cable Company","2110.SR","0","47.1967","Saudi Arabia"
"8055","Linekong Interactive","8267.HK","0","0.0257686","China"
"8056","Modern Dairies Limited","MODAIRY.BO","0","0.392689","India"
"8057","S.S. Lazio","SSL.MI","0","1.85919","Italy"
"8058","Sport Lisboa e Benfica","SLBEN.LS","0","7.83308","Portugal"
"8059","Gameone","8282.HK","0","0.0861079","Hong Kong"
"8060","Cimbeton","CMBTN.IS","0","32.5774","Turkey"
"8061","Nitro Games","NITRO.ST","0","0.203114","Finland"
"8062","FC Porto","FCP.LS","0","3.33372","Portugal"
"8063","Astec Lifesciences","ASTEC.NS","0","6.16633","India"
"8064","Religare","RELIGARE.NS","0","2.45836","India"
"8065","CyberStep","3810.T","0","1.24241","Japan"
"8066","RattanIndia Power","RTNPOWER.NS","0","0.0823295","India"
"8067","Shui On Land","0272.HK","0","0.0516648","China"
"8068","Puravankara","PURVA.NS","0","2.24196","India"
"8069","Nilfisk Holding","NLFSK.CO","0","21.9239","Denmark"
"8070","Gerresheimer","GXI.F","0","29.6072","Germany"
"8071","Hypoport","HYQ.F","0","100.42","Germany"
"8072","Al Rajhi Company for Cooperative Insurance","8230.SR","0","15.3416","Saudi Arabia"
"8073","Axel Mark","3624.T","0","0.527082","Japan"
"8074","Robertet","CBE.PA","0","798.461","France"
"8075","Salvatore Ferragamo","SFER.MI","0","10.9978","Italy"
"8076","Corporación Financiera Alba","ALB.MC","0","97.9515","Spain"
"8077","Hexatronic Group AB","HTRO.ST","0","4.40239","Sweden"
"8078","VEON","VEON","0","60.42","Netherlands"
"8079","Bakhu Holdings","BKUH","0","0.02","United States"
"8080","Metsä Board","METSA.HE","0","5.10549","Finland"
"8081","Aston Martin","AML.L","0","0.465755","United Kingdom"
"8082","Cresco Labs","CRLBF","0","0.74","United States"
"8083","MiMedx Group","MDXG","0","4.42","United States"
"8084","TerrAscend","TSND.TO","0","0.612304","Canada"
"8085","Ondas Holdings","ONDS","0","8.22","United States"
"8086","Crexendo","CXDO","0","6.38","United States"
"8087","Contango Ore","CTGO","0","20.3","United States"
"8088","FingerMotion","FNGR","0","0.1617","United States"
"8089","Cryo-Cell International","CCEL","0","4.25","United States"
"8090","Novo Integrated Sciences","NVOS","0","0.0006","United States"
"8091","Barfresh Food Group","BRFH","0","1.29","United States"
"8092","Where Food Comes From","WFCF","0","13.25","United States"
"8093","MariMed","MRMD","0","0.085","United States"
"8094","Sono-Tek Corporation","SOTK","0","5.06","United States"
"8095","TechPrecision","TPCS","0","5.73","United States"
"8096","Stabilis Solutions","SLNG","0","5.82","United States"
"8097","Interlink Electronics","LINK","0","5.17","United States"
"8098","Rezolute","RZLT","0","5.04","United States"
"8099","CPI Card Group","PMTS","0","28.41","United States"
"8100","BioLargo","BLGO","0","0.11","United States"
"8101","SurgePays","SURG","0","0.1742","United States"
"8102","BV Financial","BVFL","0","20.69","United States"
"8103","Clean Energy Technologies","CETY","0","1.01","United States"
"8104","iEntertainment Network","IENT","0","0.0067","United States"
"8105","Greene Concepts","INKW","0","0.0059","United States"
"8106","Prairie Operating","PROP","0","0.5257","United States"
"8107","Freeze Tag","FRZT","0","0.0001","United States"
"8108","Wearable Health Solutions","WHSI","0","0.0001","United States"
"8109","Applied Digital","APLD","0","26.87","United States"
"8110","Ascent Solar Technologies","ASTI","0","3.03","United States"
"8111","Spire Global","SPIR","0","13.54","United States"
"8112","Trulite","TRUL","0","0.0001","United States"
"8113","Vivakor","VIVK","0","0.8717","United States"
"8114","Ozon","OZON.ME","0","27.21","United States"
"8115","Solar Integrated Roofing","SIRC","0","0.0001","United States"
"8116","Trulieve Cannabis","TRUL.CN","0","11.5854","United States"
"8117","Canfor","CFP.TO","0","10.5186","Canada"
"8118","Bombardier","BBD-B.TO","0","230.694","Canada"
"8119","Cymbria","CYB.TO","0","68.1361","Canada"
"8120","Ontex Group","ONTEX.BR","0","3.06563","Belgium"
"8121","Interfor","IFP.TO","0","10.0706","Canada"
"8122","AT&amp;S Austria Technologie &amp; Systemtechnik","ATS.VI","0","172.514","Austria"
"8123","Immobel","IMMO.BR","0","24.0121","Belgium"
"8124","Planet13","PLTH.CN","0","0.129664","United States"
"8125","UBM Development","UBS.VI","0","19.9324","Austria"
"8126","Postmedia Network Canada","PNC-A.TO","0","0.662729","Canada"
"8127","Los Andes Copper","LA.V","0","9.61677","Canada"
"8128","Silver One Resources","SVE.V","0","0.325962","Canada"
"8129","IsoEnergy","ISO.TO","0","12.2173","Canada"
"8130","Arizona Metals","AMC.TO","0","0.147673","Canada"
"8131","Wolverine Energy and Infrastructure","WEII.V","0","0.03","Canada"
"8132","enCore Energy","EU","0","1.37","Canada"
"8133","Zoomd Technologies","ZOMD.V","0","0.345771","Canada"
"8134","Kuuhubb","KUU.V","0","0.01","Canada"
"8135","Playground Ventures","PLAY.CN","0","0.00720357","Canada"
"8136","Eutelsat","ETL.PA","0","2.14769","France"
"8137","Solar A/S","SOLAR-B.CO","0","32.1129","Denmark"
"8138","Air France-KLM","AF.PA","0","14.1392","France"
"8139","Immofinanz","IMO1.F","0","17.9974","Austria"
"8140","Fletcher Building","FBU.NZ","0","2.36169","New Zealand"
"8141","Nexity","NXI.PA","0","7.93216","France"
"8142","Voltalia","VLTSA.PA","0","8.26437","France"
"8143","Guaranty Trust Bank","9JO.F","0","2.67857","Nigeria"
"8144","Solaria Energía","SLR.MC","0","20.2529","Spain"
"8145","NH Hotel Group","NHH.MC","0","7.53012","Spain"
"8146","Bang &amp; Olufsen A/S","BO.CO","0","1.74906","Denmark"
"8147","Hamburger Hafen","HHFA.F","0","25.1778","Germany"
"8148","Lenzing","LEN.F","0","27.1593","Austria"
"8149","Adler Group","ADJ.DE","0","0.000230787","Luxembourg"
"8150","YIT","YIT.HE","0","3.92237","Finland"
"8151","BayWa","BYW.F","0","10.7472","Germany"
"8152","ID Logistics Group","IDL.PA","0","395.734","France"
"8153","SMA Solar Technology","S92.F","0","65.6254","Germany"
"8154","Branicks Group","BRNK.DE","0","0.920853","Germany"
"8155","Nordex","NDX1.F","0","45.7629","Germany"
"8156","Altareit","AREIT.PA","0","670.241","France"
"8157","Eramet","ERA.PA","0","52.6169","France"
"8158","Lynas","LYC.AX","0","11.7799","Australia"
"8159","(DIA) Distribuidora Internacional de Alimentación","DIA.MC","0","44.6439","Spain"
"8160","Revenio","REG1V.HE","0","17.1582","Finland"
"8161","Técnicas Reunidas","TRE.MC","0","32.0084","Spain"
"8162","Aedas Homes","AEDAS.MC","0","25.3526","Spain"
"8163","ENCE Energía y Celulosa","ENC.MC","0","2.94906","Spain"
"8164","Qt Group","QTCOM.HE","0","41.7997","Finland"
"8165","Gateway Real Estate","GTY.F","0","0.353188","Germany"
"8166","Verbio","VBK.F","0","36.8108","Germany"
"8167","ALBA SE","ABA.F","0","8.08808","Germany"
"8168","TAKKT AG","TTK.DE","0","3.35703","Germany"
"8169","Northern Data AG","NB2.DE","0","9.8438","Germany"
"8170","Global Fashion Group","GFG.DE","0","0.524537","Luxembourg"
"8171","Medios AG","ILM1.DE","0","12.8453","Germany"
"8172","Maisons du Monde","MDM.PA","0","0.18163","France"
"8173","Synergie SE","SDG.PA","0","32.871","France"
"8174","Vallourec","VK.PA","0","20.7717","France"
"8175","Innate Pharma","IPHA","0","2.16","France"
"8176","Aurelius Group","AR4.DE","0","19.24","Germany"
"8177","X-FAB","XFAB.PA","0","7.22695","Belgium"
"8178","UmweltBank","UBK.DE","0","4.45273","Germany"
"8179","Koenig &amp; Bauer","SKB.DE","0","10.3742","Germany"
"8180","PSI Software","PSAN.DE","0","51.9874","Germany"
"8181","SNP Schneider-Neureither &amp; Partner","SHF.DE","0","96.5147","Germany"
"8182","McPhy Energy","MCPHY.PA","0","2.53774","France"
"8183","SFC Energy AG","F3C.DE","0","24.7115","Germany"
"8184","Westwing Group","WEW.DE","0","14.8619","Germany"
"8185","Serviceware","SJJ.DE","0","17.3097","Germany"
"8186","Addiko Bank","ZYE1.F","0","29.3741","Austria"
"8187","KAP AG","IUR.F","0","2.12146","Germany"
"8188","Eurobio Scientific","ALERS.PA","0","23.3127","France"
"8189","ATARI","ALATA.PA","0","0.120426","France"
"8190","kneat.com","FOBK.F","0","4.66255","Ireland"
"8191","Bloober Team","6BO.SG","0","6.25947","Poland"
"8192","CI Games","CI7.F","0","0.6411","Poland"
"8193","SRP Groupe (Showroomprive.com)","SRP.PA","0","1.00478","France"
"8194","ReconAfrica","0XD.F","0","0.489568","Canada"
"8195","Galaxy Digital Holdings","7LX.F","0","22.3715","United States"
"8196","Agora, Inc.","API","0","4.13","China"
"8197","Snowflake","SNOW","0","315.37","United States"
"8198","Unity Software","U","0","44.38","United States"
"8199","Palantir","PLTR","0","177.5","United States"
"8200","XPeng","XPEV","0","11.71","China"
"8201","Azrieli Group","AZRG.TA","0","132.842","Israel"
"8202","Bank Hapoalim","POLI.TA","0","26.077","Israel"
"8203","Energix Renewable Energies","ENRG.TA","0","6.94669","Israel"
"8204","Amot Investment","AMOT.TA","0","6.64041","Israel"
"8205","Shikun &amp; Binui","SKBN.TA","0","5.75862","Israel"
"8206","Alony Hetz","ALHE.TA","0","10.6792","Israel"
"8207","Mizrahi-Tefahot","MZTF.TA","0","77.6117","Israel"
"8208","Enlight Renewable Energy","ENLT","0","78.74","Israel"
"8209","Harel Group","HARL.TA","0","62.601","Israel"
"8210","Shapir Civil and Marine Engineering","SPEN.TA","0","14.5968","Israel"
"8211","First International Bank of Israel","FIBI.TA","0","78.9243","Israel"
"8212","Electra","ELTR.TA","0","37.6616","Israel"
"8213","Maytronics","MTRN.TA","0","0.858239","Israel"
"8214","Bank Leumi","LUMI.TA","0","25.6159","Israel"
"8215","Strauss Group","STRS.TA","0","38.4356","Israel"
"8216","Shufersal","SAE.TA","0","14.4622","Israel"
"8217","Melisron","MLSR.TA","0","137.554","Israel"
"8218","OPC Energy","OPCE.TA","0","32.4616","Israel"
"8219","Bezeq","BEZQ.TA","0","2.62015","Israel"
"8220","Bpost","13B.F","0","1.49435","Belgium"
"8221","Compañía de Acero del Pacífico","CAP.SN","0","6.18086","Chile"
"8222","Rocket Companies","RKT","0","13.9","United States"
"8223","Lufax","LU","0","1.3","China"
"8224","SM Investments Corporation","SVTMF","0","10.153","Philippines"
"8225","Li Auto","LI","0","12.14","China"
"8226","GoodRx","GDRX","0","3.65","United States"
"8227","Lumen Technologies","LUMN","0","6.09","United States"
"8228","nCino","NCNO","0","21.51","United States"
"8229","American Well","AMWL","0","11.92","United States"
"8230","Root Insurance","ROOT","0","58.19","United States"
"8231","Array Technologies","ARRY","0","4.71","United States"
"8232","Leslie's","LESL","0","0.571","United States"
"8233","Allegro MicroSystems","ALGM","0","36.89","United States"
"8234","Vertex","VERX","0","13.56","United States"
"8235","Lightspeed Commerce","LSPD","0","10.49","Canada"
"8236","Relay Therapeutics","RLAY","0","19.46","United States"
"8237","GoHealth","GOCO","0","0.305","United States"
"8238","Asana","ASAN","0","9.44","United States"
"8239","Hyliion","HYLN","0","3.32","United States"
"8240","Lemonade","LMND","0","53.64","United States"
"8241","Rackspace Technology","RXT","0","3.4","United States"
"8242","Harmony Biosciences","HRMY","0","39.66","United States"
"8243","Atea Pharmaceuticals","AVIR","0","5.51","United States"
"8244","MediaAlpha","MAX","0","12.67","United States"
"8245","Corsair Gaming","CRSR","0","11.84","United States"
"8246","WeTrade Group","WETG","0","5.05","China"
"8247","Outset Medical","OM","0","4.25","United States"
"8248","Kymera Therapeutics","KYMR","0","125.55","United States"
"8249","Prelude Therapeutics","PRLD","0","6.56","United States"
"8250","ALX Oncology","ALXO","0","1.98","United States"
"8251","PMV Pharmaceuticals","PMVP","0","1.31","United States"
"8252","Nano-X Imaging","NNOX","0","0.8758","Israel"
"8253","Yalla Group","YALA","0","5.59","United Arab Emirates"
"8254","Vital Farms","VITL","0","10.94","United States"
"8255","COMPASS Pathways","CMPS","0","14.61","United Kingdom"
"8256","Praxis Precision Medicines","PRAX","0","377.37","United States"
"8257","Magnite","MGNI","0","23.38","United States"
"8258","C4 Therapeutics","CCCC","0","4.24","United States"
"8259","StoneX Group","SNEX","0","69.24","United States"
"8260","Vasta Platform","VSTA","0","4.9","Brazil"
"8261","Ontrak","OTRK","0","0.0601","United States"
"8262","Mission Produce","AVO","0","12.95","United States"
"8263","Nkarta","NKTX","0","2.63","United States"
"8264","Dyne Therapeutics","DYN","0","26.36","United States"
"8265","Nurix Therapeutics","NRIX","0","26.71","United States"
"8266","Annexon","ANNX","0","4.99","United States"
"8267","Taysha Gene Therapies","TSHA","0","6.02","United States"
"8268","Inhibrx Biosciences","INBX","0","125.34","United States"
"8269","Montrose Environmental","MEG","0","22.14","United States"
"8270","Immatics","IMTX","0","9.43","Germany"
"8271","Foghorn Therapeutics","FHTX","0","6.69","United States"
"8272","Opthea","OPT","0","3.41","Australia"
"8273","Maxeon Solar Technologies","MAXN","0","0.7593","Singapore"
"8274","Inventiva Pharma","IVA","0","4.82","France"
"8275","Tarsus Pharmaceuticals","TARS","0","70.65","United States"
"8276","Renalytix","RENX.L","0","0.0570644","United Kingdom"
"8277","Silence Therapeutics","SLN","0","13.53","United Kingdom"
"8278","Laird Superfood","LSF","0","4.15","United States"
"8279","Spruce Biosciences","SPRB","0","61.48","United States"
"8280","GoldMining Inc.","GLDG","0","1.14","Canada"
"8281","Biodesix","BDSX","0","30.6","United States"
"8282","Thryv","THRY","0","1.9","United States"
"8283","Adicet Bio","ACET","0","8.95","United States"
"8284","VIA optronics AG","VIAO","0","0.2231","Germany"
"8285","Integra Resources","ITRG","0","2.91","Canada"
"8286","BioNexus Gene Lab","BGLC","0","1.43","Malaysia"
"8287","GreenPower Motor Company","GP","0","1.58","Canada"
"8288","Hertz","HTZ","0","2.09","United States"
"8289","Bit Digital","BTBT","0","1.56","United States"
"8290","Fury Gold Mines","FURY","0","0.6202","Canada"
"8291","Beam Global","BEEM","0","1.71","United States"
"8292","Immunome","IMNM","0","28.75","United States"
"8293","Focus Universal","FCUV","0","9.72","United States"
"8294","LENSAR","LNSR","0","8.65","United States"
"8295","SOBR Safe","SOBR","0","0.4917","United States"
"8296","Greenwich LifeSciences","GLSI","0","18.23","United States"
"8297","SOS Limited","SOS","0","0.9213","China"
"8298","Cogent Biosciences","COGT","0","36.72","United States"
"8299","OLB Group","OLB","0","0.322","United States"
"8300","Harte Hanks","HHS","0","4.26","United States"
"8301","Loop Media","LPTV","0","0.0007","United States"
"8302","THG (The Hut Group)","THG.L","0","0.474178","United Kingdom"
"8303","Archosaur Games","9990.HK","0","0.243016","China"
"8304","7Road","0797.HK","0","0.123102","China"
"8305","Softstar Entertainment","6111.TWO","0","1.14059","Taiwan"
"8306","Nordic Paper","NPAPER.ST","0","5.00414","Sweden"
"8307","Astro Corporation","3064.TWO","0","0.597076","Taiwan"
"8308","Netmarble Joybomb","6468.TWO","0","0.94","Taiwan"
"8309","Sino-Entertainment Technology","6933.HK","0","0.154994","China"
"8310","InterServ International","6169.TWO","0","0.400151","Taiwan"
"8311","GAME HOURS","6626.TWO","0","0.0972769","Taiwan"
"8312","Al-Omran Industrial Trading Company","4141.SR","0","5.43348","Saudi Arabia"
"8313","IBEX","IBEX","0","36.63","United States"
"8314","Novocure","NVCR","0","17.89","Jersey"
"8315","Pulmonx","LUNG","0","2.5","United States"
"8316","Alkaline Water Company","WTER","0","0.028","United States"
"8317","Hanwha Solutions","009830.KS","0","24.2032","South Korea"
"8318","Doosan Enerbility","034020.KS","0","62.2473","South Korea"
"8319","Sharp Corporation","6753.T","0","4.03531","Japan"
"8320","Burberry","BRBY.L","0","14.7213","United Kingdom"
"8321","Boohoo Group","DEBS.L","0","0.294561","United Kingdom"
"8322","Marico","MARICO.NS","0","8.74201","India"
"8323","ASOS","ASC.L","0","5.66568","United Kingdom"
"8324","Wizz Air","WIZZ.L","0","15.2579","Jersey"
"8325","Absa Bank","ABSP.JO","0","55.3035","South Africa"
"8326","Celulosa Argentina","CELU.BA","0","0.132739","Argentina"
"8327","Trainline","TRN.L","0","2.70784","United Kingdom"
"8328","Close Brothers Group","CBG.L","0","5.62221","United Kingdom"
"8329","Vistry Group","VTY.L","0","4.22277","United Kingdom"
"8330","Frasers Group","FRAS.L","0","11.2566","United Kingdom"
"8331","IDFC FIRST Bank","IDFCFIRSTB.NS","0","0.877763","India"
"8332","Helios Towers","HTWS.L","0","2.76083","United Kingdom"
"8333","Energy Absolute","EA.BK","0","0.0884416","Thailand"
"8334","Adani Power","ADANIPOWER.NS","0","2.23955","India"
"8335","John Wood Group","WG.L","0","0.399424","United Kingdom"
"8336","BTS Group","BTS.BK","0","0.062824","Thailand"
"8337","ITM Power","ITM.L","0","1.44637","United Kingdom"
"8338","Synthomer","SYNT.L","0","1.34645","United Kingdom"
"8339","Playtech","PTEC.L","0","5.40754","Isle of Man"
"8340","Ceres Power","CWR.L","0","5.66297","United Kingdom"
"8341","Frontier Developments","FDEV.L","0","5.74654","United Kingdom"
"8342","Trina Solar","688599.SS","0","1.86607","China"
"8343","Al Meera Consumer Goods Company","MERS.QA","0","3.56319","Qatar"
"8344","Soitec","SOI.PA","0","134.165","France"
"8345","Sinad Holding Company","4080.SR","0","2.25862","Saudi Arabia"
"8346","Al Jouf Cement Company","3091.SR","0","1.33174","Saudi Arabia"
"8347","Umm Al-Qura Cement Company","3005.SR","0","3.31602","Saudi Arabia"
"8348","Widam Food Company","WDAM.QA","0","0.389011","Qatar"
"8349","National Building and Marketing Company","9510.SR","0","13.0244","Saudi Arabia"
"8350","Enad Global 7","EG7.ST","0","1.77607","Sweden"
"8351","Walaa Cooperative Insurance Company","8060.SR","0","2.98309","Saudi Arabia"
"8352","Al-Yamamah Steel Industries Company","1304.SR","0","10.0732","Saudi Arabia"
"8353","Abdulmohsen Al-Hokair Group for Tourism and Development Company","1820.SR","0","0.556665","Saudi Arabia"
"8354","Banca Popolare di Sondrio","BPSO.MI","0","20.5062","Italy"
"8355","Batic Investments and Logistics Company","4110.SR","0","0.540685","Saudi Arabia"
"8356","Mepco (Middle East Company for Manufacturing and Producing Paper)","1202.SR","0","5.01798","Saudi Arabia"
"8357","Aura Energy","AURA.L","0","0.0951074","Australia"
"8358","Malath Cooperative Insurance Company","8020.SR","0","2.76735","Saudi Arabia"
"8359","Imagicaaworld Entertainment","IMAGICAA.NS","0","0.630669","India"
"8360","Filling and Packing Materials Manufacturing Company","2180.SR","0","9.69503","Saudi Arabia"
"8361","Ash-Sharqiyah Development","6060.SR","0","3.88334","Saudi Arabia"
"8362","National Gypsum Company","2090.SR","0","3.65961","Saudi Arabia"
"8363","Buruj Cooperative Insurance Company","8270.SR","0","4.26876","Saudi Arabia"
"8364","Wataniya Insurance Company","8300.SR","0","3.92063","Saudi Arabia"
"8365","Chubb Arabia Cooperative Insurance Company","8240.SR","0","5.02597","Saudi Arabia"
"8366","Nama Chemicals Company","2210.SR","0","4.99134","Saudi Arabia"
"8367","National Metal Manufacturing and Casting","2220.SR","0","3.36929","Saudi Arabia"
"8368","Al Gassim Investment Holding","6020.SR","0","3.34266","Saudi Arabia"
"8369","Raydan Food","6012.SR","0","4.58383","Saudi Arabia"
"8370","Dlala Brokerage and Investment Holding Company","DBIS.QA","0","0.418956","Qatar"
"8371","Arab Sea Information Systems Company","7201.SR","0","0.985484","Saudi Arabia"
"8372","SIEC (Saudi Industrial Export Company)","4140.SR","0","0.609935","Saudi Arabia"
"8373","United Cooperative Assurance Company","8190.SR","0","0.948195","Saudi Arabia"
"8374","Wafrah for Industry and Development Company","2100.SR","0","5.66787","Saudi Arabia"
"8375","Al Sagr Cooperative Insurance Company","8180.SR","0","3.13224","Saudi Arabia"
"8376","The Saudi Arabian Amiantit Company","2160.SR","0","3.52377","Saudi Arabia"
"8377","Arabia Insurance Cooperative Company","8160.SR","0","2.37848","Saudi Arabia"
"8378","Salama Cooperative Insurance Company","8050.SR","0","2.45838","Saudi Arabia"
"8379","Amana Cooperative Insurance Company","8310.SR","0","2.21601","Saudi Arabia"
"8380","Qatar Oman Investment Company","QOIS.QA","0","0.203571","Qatar"
"8381","Qatari German Company for Medical Devices","QGMD.QA","0","0.370604","Qatar"
"8382","Sporting Clube de Portugal","SCP.LS","0","1.14815","Portugal"
"8383","AFC Energy","AFC.L","0","0.197071","United Kingdom"
"8384","NTG Nordic Transport Group A/S","NTG.CO","0","43.4927","Denmark"
"8385","Baladna","BLDN.QA","0","0.342033","Qatar"
"8386","Grayscale Bitcoin Trust","GBTC","0","59.34","United States"
"8387","fuboTV","FUBO","0","10.3","United States"
"8388","4Front Ventures","FFNTF","0","1.0E-5","United States"
"8389","KULR Technology Group","KULR","0","2.67","United States"
"8390","Jushi Holdings","JUSHF","0","0.41193","United States"
"8391","Outdoor Holding Company","POWW","0","2.17","United States"
"8392","Sanara MedTech","SMTI","0","34.65","United States"
"8393","Lightwave Logic","LWLG","0","5.83","United States"
"8394","Tile Shop Holdings","TTSH","0","2.55","United States"
"8395","Heritage Global","HGBL","0","1.2","United States"
"8396","Golden Matrix Group","GMGI","0","0.6372","United States"
"8397","American Battery Technology Company","ABAT","0","2.6","United States"
"8398","AppTech Payments","APCX","0","0.369","United States"
"8399","Smith-Midland Corporation","SMID","0","25.61","United States"
"8400","Red Cat Holdings","RCAT","0","8.93","United States"
"8401","Virtual Interactive Technologies","VRVR","0","0.0003","Bermuda"
"8402","Quantum Computing","QUBT","0","8.35","United States"
"8403","Fairfax India Holdings","FIH-U.TO","0","19.45","Canada"
"8404","Banque nationale de Belgique","BNB.BR","0","439.907","Belgium"
"8405","Ramsay Générale de Santé","GDS.PA","0","12.822","France"
"8406","Ceconomy","CEC.DE","0","4.69752","Germany"
"8407","Deutsche Pfandbriefbank","PBB.DE","0","3.93752","Germany"
"8408","Amadeus Fire","AAD.DE","0","24.7698","Germany"
"8409","Nacon","NACON.PA","0","0.0702879","France"
"8410","Bertrandt","BDT.DE","0","10.7005","Germany"
"8411","Don't Nod Entertainment","ALDNE.PA","0","0.477911","France"
"8412","Witbe S.A.","ALWIT.PA","0","4.25457","France"
"8413","Greatland Resources","GGP.L","0","9.49715","Australia"
"8414","Oakley Capital Investments","OCI.L","0","7.11947","Bermuda"
"8415","Ferrum S.A. de Cerámica y Metalurgia","FERR.BA","0","0.0115899","Argentina"
"8416","Genscript Biotech","1548.HK","0","4.52609","China"
"8417","Avacta Group","AVCT.L","0","0.937487","United Kingdom"
"8418","gumi","3903.T","0","1.75067","Japan"
"8419","Naked Wines","WINE.L","0","0.93015","United Kingdom"
"8420","Nel ASA","NEL.OL","0","0.228898","Norway"
"8421","Pick n Pay Stores","PIK.JO","0","1.21073","South Africa"
"8422","Ezdan Holding Group","ERES.QA","0","0.227198","Qatar"
"8423","Ourpalm","300315.SZ","0","0.589286","China"
"8424","Yellow Cake plc","YCA.L","0","8.21021","Jersey"
"8425","Barloworld","BAW.JO","0","7.36393","South Africa"
"8426","Sappi","SAP.JO","0","0.898022","South Africa"
"8427","Apar Industries","APARINDS.NS","0","188.688","India"
"8428","Saudi Kayan Petrochemical Company","2350.SR","0","1.43028","Saudi Arabia"
"8429","CROOZ","2138.T","0","2.84875","Japan"
"8430","Jubilee Metals Group","JLP.L","0","0.0353256","United Kingdom"
"8431","IAC Inc.","IAC","0","42.24","United States"
"8432","DoorDash","DASH","0","236.93","United States"
"8433","Airbnb","ABNB","0","188.07","United States"
"8434","Docebo","DCBO","0","24.66","Canada"
"8435","Olema Pharmaceuticals","OLMA","0","10.85","United States"
"8436","908 Devices","MASS","0","10.37","United States"
"8437","Bally's Corporation","BALY","0","9.09","United States"
"8438","BioAtla","BCAB","0","3.12","United States"
"8439","PureTech Health","PRTC","0","17.42","United States"
"8440","Porch Group","PRCH","0","17.26","United States"
"8441","PubMatic","PUBM","0","16.25","United States"
"8442","Cullinan Therapeutics","CGEM","0","22.85","United States"
"8443","4D Molecular Therapeutics","FDMT","0","15.56","United States"
"8444","Eos Energy Enterprises","EOSE","0","3.34","United States"
"8445","Pharming Group","PHAR","0","11.95","Netherlands"
"8446","Triterras","TRIRF","0","0.0001","Singapore"
"8447","Nanobiotix","NBTX","0","44.5","France"
"8448","AerSale","ASLE","0","5.73","United States"
"8449","Ayr Wellness","AYRWF","0","0.0037","United States"
"8450","Motorsport Gaming","MSGM","0","4.01","United States"
"8451","Kuke Music Holding","KUKE","0","1.39","China"
"8452","Vincerx Pharma","VINC","0","0.013","United States"
"8453","Zoom Telephonics","MINM","0","3.61","United States"
"8454","Great Elm Group","GEG","0","2.15","United States"
"8455","180 Life Sciences","ATNF","0","3.58","United States"
"8456","Petros Pharmaceuticals","PTPI","0","0.004","United States"
"8457","Blackboxstocks","BLBX","0","18.15","United States"
"8458","Netcapital","NCPL","0","0.5008","United States"
"8459","Vinco Ventures","BBIG","0","0.01","United States"
"8460","Affirm","AFRM","0","76.46","United States"
"8461","QuantumScape","QS","0","5.74","United States"
"8462","Opendoor","OPEN","0","3.41","United States"
"8463","Yatsen Holding","YSG","0","2.94","China"
"8464","AbCellera","ABCL","0","12.24","Canada"
"8465","Skillz","SKLZ","0","8.84","United States"
"8466","Maravai LifeSciences","MRVI","0","8.9","United States"
"8467","Sotera Health","SHC","0","19.54","United States"
"8468","Petco","WOOF","0","2.77","United States"
"8469","Certara","CERT","0","8.22","United States"
"8470","MP Materials","MP","0","59.31","United States"
"8471","Clover Health Investments","CLOV","0","4.25","United States"
"8472","Rush Street Interactive","RSI","0","26.38","United States"
"8473","Seer Inc","SEER","0","2.02","United States"
"8474","Driven Brands","DRVN","0","13","United States"
"8475","Upstart","UPST","0","30.47","United States"
"8476","Advantage Solutions","ADV","0","32.81","United States"
"8477","Telos","TLS","0","4.44","United States"
"8478","Danimer Scientific","DNMR","0","0.35","United States"
"8479","Hydrofarm","HYFM","0","0.8762","United States"
"8480","Méliuz","CASH3.SA","0","1.11396","Brazil"
"8481","K92 Mining","KNT.TO","0","22.151","Canada"
"8482","PlaySide Studios","PLY.AX","0","0.0790116","Australia"
"8483","PopReach","INIK.V","0","0.0432214","Canada"
"8484","Playgon Games","DEAL.V","0","0.00360179","Canada"
"8485","Remedy Entertainment","REMEDY.HE","0","21.7042","Finland"
"8486","Nexstim","NXTMH.HE","0","10.9803","Finland"
"8487","Flutter Entertainment","FLUT","0","98.06","Ireland"
"8488","Knaus Tabbert AG","KTA.DE","0","13.6846","Germany"
"8489","Indus Towers","INDUSTOWER.NS","0","3.96879","India"
"8490","JD Health","6618.HK","0","4.68682","China"
"8491","GVS S.p.A.","GVS.MI","0","5.3969","Italy"
"8492","PLAID,Inc.","4165.T","0","4.29823","Japan"
"8493","Aker Carbon Capture","ACC.OL","0","0.00035151","Norway"
"8494","REC Silicon","RECSI.OL","0","0.024446","Norway"
"8495","Thunderful Group","THUNDR.ST","0","0.0317955","Sweden"
"8496","Ice Fish Farm","IFISH.OL","0","3.10189","Iceland"
"8497","Sadr Logistics Company","1832.SR","0","0.676522","Saudi Arabia"
"8498","Stellantis","STLA","0","5.15","Netherlands"
"8499","AUTO1","AG1.F","0","25.9238","Germany"
"8500","Bumble","BMBL","0","2.75","United States"
"8501","Coinbase","COIN","0","181.78","United States"
"8502","Roblox","RBLX","0","37.56","United States"
"8503","Coupang","CPNG","0","16.53","United States"
"8504","Advent Technologies","ADN","0","0.9185","United States"
"8505","Robinhood","HOOD","0","108.54","United States"
"8506","Newegg","NEGG","0","18.01","United States"
"8507","DiDi","DIDIY","0","3.84","China"
"8508","Paysafe","PSFE","0","6.78","United States"
"8509","SoFi","SOFI","0","18.84","United States"
"8510","The Beachbody Company","BODI","0","6.14","United States"
"8511","AST SpaceMobile","ASTS","0","59.88","United States"
"8512","Krispy Kreme","DNUT","0","3.44","United States"
"8513","Innoviz Technologies","INVZ","0","0.3314","Israel"
"8514","Bark, Inc.","BARK","0","0.5066","United States"
"8515","Doximity","DOCS","0","24.74","United States"
"8516","Mister Spex","MRX.F","0","1.2822","Germany"
"8517","Talkspace","TALK","0","5.25","United States"
"8518","WM Technology","MAPS","0","0.39","United States"
"8519","Tempest Therapeutics","TPST","0","1.08","United States"
"8520","EverCommerce","EVCM","0","9.02","United States"
"8521","NRx Pharmaceuticals","NRXP","0","3.46","United States"
"8522","Global-e","GLBE","0","39.13","Israel"
"8523","PainReform","PRFX","0","0.9771","Israel"
"8524","UiPath","PATH","0","16.76","United States"
"8525","SentinelOne","S","0","20.51","United States"
"8526","Confluent","CFLT","0","30.99","United States"
"8527","Lucid Motors","LCID","0","4.95","United States"
"8528","Duolingo","DUOL","0","140.88","United States"
"8529","Traeger","COOK","0","0.5983","United States"
"8530","Microvast","MVST","0","0.7665","United States"
"8531","DigitalOcean","DOCN","0","114.99","United States"
"8532","Procore","PCOR","0","60.43","United States"
"8533","Bitfarms","BITF","0","1.98","Canada"
"8534","monday.com","MNDY","0","92.55","Israel"
"8535","JFrog","FROG","0","92.8","United States"
"8536","DoubleDown Interactive","DDI","0","12.77","United States"
"8537","Valneva SE","VALN","0","6.695","France"
"8538","RLX Technology","RLX","0","1.79","China"
"8539","Hippo Holdings","HIPO","0","32.96","United States"
"8540","Coursera","COUR","0","6.06","United States"
"8541","Wheels Up","UP","0","5.06","United States"
"8542","Blend Labs","BLND","0","1.5","United States"
"8543","Stem, Inc","STEM","0","5.66","United States"
"8544","Cellebrite","CLBT","0","11.62","Israel"
"8545","Sprinklr","CXM","0","7.41","United States"
"8546","Genius Sports","GENI","0","7.62","United Kingdom"
"8547","Torrid Holding","CURV","0","2.19","United States"
"8548","Gold Royalty Corp","GROY","0","3.41","Canada"
"8549","Riskified","RSKD","0","5.97","Israel"
"8550","Agilon Health","AGL","0","95.74","United States"
"8551","AEye","LIDR","0","1.18","United States"
"8552","Ouster","OUST","0","35.87","United States"
"8553","N-Able","NABL","0","3.8","United States"
"8554","Aterian","ATER","0","0.4151","United States"
"8555","Standard Lithium","SLI","0","2.61","Canada"
"8556","CS Disco","LAW","0","4.09","United States"
"8557","Joby Aviation","JOBY","0","7.14","United States"
"8558","Dutch Bros","BROS","0","51.23","United States"
"8559","Owlet, Inc.","OWLT","0","5.16","United States"
"8560","Eterna Therapeutics","ERNA","0","4.89","United States"
"8561","Xponential Fitness","XPOF","0","5.68","United States"
"8562","ATI Physical Therapy","ATIP","0","0.675","United States"
"8563","Nerdy, Inc,","NRDY","0","10.39","United States"
"8564","Zevia","ZVIA","0","1.4","United States"
"8565","Devyani International","DEVYANI.NS","0","1.54237","India"
"8566","New Pacific Metals","NEWP","0","7.14","Canada"
"8567","GitLab","GTLB","0","41.31","United States"
"8568","OVH Groupe","OVH.PA","0","16.7619","France"
"8569","On Holding","ONON","0","29.23","Switzerland"
"8570","Sportradar","SRAD","0","12.95","Switzerland"
"8571","Toast","TOST","0","36.97","United States"
"8572","Formula One Group","FWONK","0","103.34","United States"
"8573","AppLovin","APP","0","308.11","United States"
"8574","Ginkgo Bioworks","DNA","0","7.23","United States"
"8575","Olaplex","OLPX","0","2.07","United States"
"8576","Marqeta","MQ","0","4.06","United States"
"8577","Freshworks","FRSH","0","12.91","United States"
"8578","Wolfspeed","WOLF","0","26.93","United States"
"8579","Victoria's Secret &amp; Co","VSCO","0","54.3","United States"
"8580","Offerpad","OPAD","0","4.48","United States"
"8581","Grom Social Enterprises","GROM","0","0.0001","United States"
"8582","GXO Logistics","GXO","0","48","United States"
"8583","Valens Semiconductor","VLN","0","1.79","Israel"
"8584","Bakkt Holdings","BKKT","0","8.23","United States"
"8585","Redwire","RDW","0","11.27","United States"
"8586","ChargePoint","CHPT","0","5.95","United States"
"8587","Portillo's","PTLO","0","4.75","United States"
"8588","Hut 8","HUT","0","85","Canada"
"8589","Versus Systems","VS","0","1.31","Canada"
"8590","Stryve Foods","SNAX","0","0.0011","United States"
"8591","Nautilus Biotechnology","NAUT","0","0.9374","United States"
"8592","Gamania Digital","6180.TWO","0","1.34697","Taiwan"
"8593","Compleo Charging Solutions","C0M.F","0","0.00757664","Germany"
"8594","tinyBuild","8Z3.F","0","0.135214","United States"
"8595","PolyPeptide Group","PPGN.SW","0","54.6102","Switzerland"
"8596","Elevate Uranium","EL8.AX","0","0.219078","Australia"
"8597","Thinkific Labs","THNC.TO","0","1.12376","Canada"
"8598","MDA Space","MDA","0","29.58","Canada"
"8599","Topicus","TOI.V","0","74.2904","Canada"
"8600","loanDepot","LDI","0","0.8822","United States"
"8601","Nuvation Bio","NUVB","0","6.96","United States"
"8602","ThredUp","TDUP","0","2.75","United States"
"8603","Custom Truck One Source","CTOS","0","9.59","United States"
"8604","Privia Health Group","PRVA","0","21.07","United States"
"8605","Instil Bio","TIL","0","7.83","United States"
"8606","Alkami Technology","ALKT","0","20.35","United States"
"8607","ACV Auctions","ACVA","0","7.32","United States"
"8608","Paymentus","PAY","0","39.43","United States"
"8609","ImmunityBio","IBRX","0","8.25","United States"
"8610","Recursion Pharmaceuticals","RXRX","0","3.49","United States"
"8611","ZipRecruiter","ZIP","0","4.31","United States"
"8612","Frontier Airlines","ULCC","0","5.97","United States"
"8613","Oscar Health","OSCR","0","31.24","United States"
"8614","Lyell Immunopharma","LYEL","0","14.8","United States"
"8615","Alignment Healthcare","ALHC","0","13.9","United States"
"8616","Sana Biotechnology","SANA","0","4.16","United States"
"8617","LifeStance Health Group","LFST","0","12.15","United States"
"8618","Shoals Technologies","SHLS","0","7.31","United States"
"8619","Flywire","FLYW","0","18.84","United States"
"8620","Compass","COMP","0","11.38","United States"
"8621","Zhihu","ZH","0","3.08","China"
"8622","Hayward Holdings, Inc.","HAYW","0","14.52","United States"
"8623","FIGS","FIGS","0","15.22","United States"
"8624","DoubleVerify","DV","0","13.3","United States"
"8625","Cosan","CSAN","0","2.82","Brazil"
"8626","Sow Good","SOWG","0","0.1099","United States"
"8627","Nuwellis","NUWE","0","1.01","United States"
"8628","Skye Bioscience","SKYE","0","2.02","United States"
"8629","EZGO Technologies","EZGO","0","0.9836","China"
"8630","Baosheng Media Group","BAOS","0","0.44","China"
"8631","Longeveron","LGVN","0","0.7033","United States"
"8632","Gaming Technologies (Gametech)","GMGT","0","0.0006","United States"
"8633","Affinity Bancshares","AFBI","0","23","United States"
"8634","T Stamp Inc. (TrustStamp)","IDAI","0","3.09","United States"
"8635","Movano","MOVE","0","9.59","United States"
"8636","Talis Biomedical","TLIS","0","2.84","United States"
"8637","ACRES Commercial Realty","ACR","0","14.28","United States"
"8638","LifeMD","LFMD","0","3.24","United States"
"8639","Compass Therapeutics","CMPX","0","2.43","United States"
"8640","Quipt Home Medical","QIPT","0","3.65","United States"
"8641","IM Cannabis","IMCC","0","0.1114","Israel"
"8642","Viracta Therapeutics","VIRX","0","0.00978","United States"
"8643","Terns Pharmaceuticals","TERN","0","52.95","United States"
"8644","High Tide","HITI","0","2.52","Canada"
"8645","InterCure","INCR","0","5.95","Israel"
"8646","Viridian Therapeutics","VRDN","0","24.26","United States"
"8647","Perpetua Resources","PPTA","0","25.77","United States"
"8648","Forian","FORA","0","2.17","United States"
"8649","NeuroPace","NPCE","0","14.68","United States"
"8650","Vera Therapeutics","VERA","0","36.82","United States"
"8651","Alto Ingredients","ALTO","0","4.075","United States"
"8652","Waldencast","WALD","0","1.37","United States"
"8653","Werewolf Therapeutics","HOWL","0","0.9888","United States"
"8654","Nouveau Monde Graphite","NMG","0","1.48","Canada"
"8655","Yellow Corporation","YELLQ","0","0.0102","United States"
"8656","Katapult Holdings","KPLT","0","5.7","United States"
"8657","Uranium Royalty","UROY","0","4.24","Canada"
"8658","Adagene","ADAG","0","3.85","China"
"8659","Pharvaris","PHVS","0","37","Netherlands"
"8660","Zepp Health","ZEPP","0","5.3","China"
"8661","Lightning eMotors","ZEVY","0","0.0001","United States"
"8662","PyroGenesis Canada","PYR.TO","0","0.147673","Canada"
"8663","Molecular Partners","MOLN","0","4.45","Switzerland"
"8664","Vor Biopharma","VOR","0","23.67","United States"
"8665","1stdibs.com","DIBS","0","4.485","United States"
"8666","Slam Corp","SLMWF","0","11.14","United States"
"8667","Viant Technology","DSP","0","12.43","United States"
"8668","Inotiv","NOTV","0","0.0799","United States"
"8669","Design Therapeutics","DSGN","0","15.59","United States"
"8670","Largo","LGO","0","0.7707","Canada"
"8671","Cantaloupe","CTLP","0","11.2","United States"
"8672","The Honest Company","HNST","0","5.72","United States"
"8673","InnovAge","INNV","0","11.04","United States"
"8674","ON24","ONTF","0","8.1","United States"
"8675","PLBY Group (Playboy)","PLBY","0","1.22","United States"
"8676","Alpha Metallurgical Resources","AMR","0","217.92","United States"
"8677","Treace Medical Concepts","TMCI","0","4.72","United States"
"8678","SkyWater Technology","SKYT","0","32.46","United States"
"8679","Aveanna Healthcare","AVAH","0","13.62","United States"
"8680","Verano Holdings","VRNOF","0","0.94","United States"
"8681","Latch","LTCH","0","0.152","United States"
"8682","Similarweb","SMWB","0","9.06","Israel"
"8683","Cognyte Software","CGNT","0","8.49","Israel"
"8684","Dream Finders Homes","DFH","0","14.7","United States"
"8685","SiriusPoint","SPNT","0","23.98","Bermuda"
"8686","Day One Biopharmaceuticals","DAWN","0","21.53","United States"
"8687","Hims &amp; Hers Health","HIMS","0","29.83","United States"
"8688","PureCycle Technologies","PCT","0","6.69","United States"
"8689","Travere Therapeutics","TVTX","0","67.12","United States"
"8690","Immunocore","IMCR","0","37.12","United Kingdom"
"8691","Skillsoft","SKIL","0","6.86","United States"
"8692","Zeta Global","ZETA","0","28.23","United States"
"8693","5th Planet Games","5PG.OL","0","0.162582","Denmark"
"8694","Arnarlax (Icelandic Salmon)","ISLAX.OL","0","6.20379","Iceland"
"8695","Scatec ASA","SCATC.OL","0","10.4823","Norway"
"8696","Oatly","OTLY","0","15.2","Sweden"
"8697","Remitly","RELY","0","25.75","United States"
"8698","Udemy","UDMY","0","4.63","United States"
"8699","Rocket Lab","RKLB","0","66.18","United States"
"8700","Origin Materials","ORGN","0","0.9501","United States"
"8701","IonQ","IONQ","0","40.03","United States"
"8702","Volvo Car","VOLCAR-B.ST","0","2.00385","Sweden"
"8703","Archer Aviation","ACHR","0","5.9","United States"
"8704","VTEX","VTEX","0","3.66","United Kingdom"
"8705","Kakao Pay","377300.KS","0","33.986","South Korea"
"8706","Allbirds","BIRD","0","2.38","United States"
"8707","NerdWallet","NRDS","0","9.79","United States"
"8708","IO Biotech","IOBT","0","0.048","Denmark"
"8709","Mainz Biomed","MYNZ","0","0.8441","Germany"
"8710","MDxHealth","MDXH","0","0.7561","Belgium"
"8711","Real Good Food plc","RGF","0","1.25","United Kingdom"
"8712","Kidpik","PIK","0","2.38","United States"
"8713","Backblaze","BLZE","0","14.98","United States"
"8714","Rivian","RIVN","0","16.33","United States"
"8715","Expensify","EXFY","0","2.55","United States"
"8716","Claros Mortgage Trust","CMTG","0","1.66","United States"
"8717","LianBio","LIAN","0","0.319","United States"
"8718","AirSculpt Technologies","AIRS","0","2.72","United States"
"8719","Arteris","AIP","0","22.81","United States"
"8720","KORE Group","KORE","0","9.25","United States"
"8721","Aura Biosciences","AURA","0","7.73","United States"
"8722","Entrada Therapeutics","TRDA","0","7","United States"
"8723","Fluence Energy","FLNC","0","11.08","United States"
"8724","Rent the Runway","RENT","0","3.61","United States"
"8725","Solo Brands","SBDS","0","3.56","United States"
"8726","Sonendo","SONX","0","1","United States"
"8727","Context Therapeutics","CNTX","0","0.4237","United States"
"8728","Cyngn","CYN","0","1.055","United States"
"8729","Minerva Surgical","UTRS","0","0.0001","United States"
"8730","The Vita Coco Company","COCO","0","62.8","United States"
"8731","Xilio Therapeutics","XLO","0","0.5101","United States"
"8732","BlackSky Technology","BKSY","0","24.68","United States"
"8733","Allegro.eu","ALE.WA","0","11.9424","Poland"
"8734","Dino Polska","DNP.WA","0","9.71501","Poland"
"8735","New Found Gold","NFGC","0","1.9","Canada"
"8736","Paytm","PAYTM.NS","0","17.7752","India"
"8737","Vaxxinity","VAXX","0","0.0001","United States"
"8738","Weave Communications","WEAV","0","7.31","United States"
"8739","Mynaric","M0YN.DE","0","0.613256","Germany"
"8740","Society Pass","SOPA","0","0.076","Singapore"
"8741","Third Coast Bancshares","TCBX","0","44.34","United States"
"8742","Journey Medical","DERM","0","7.545","United States"
"8743","Braze","BRZE","0","30.81","United States"
"8744","Lulu's Fashion Lounge","LVLU","0","13.5","United States"
"8745","CI&amp;T","CINT","0","3.37","Brazil"
"8746","IREN (Iris Energy)","IREN","0","39.58","Australia"
"8747","Austin Gold","AUST","0","1.31","United States"
"8748","Marpai","MRAI","0","2.25","United States"
"8749","Biofrontera","BFRI","0","1.53","United States"
"8750","Tivic Health Systems","TIVC","0","1.4","United States"
"8751","AvePoint","AVPT","0","13.21","United States"
"8752","REE Automotive","REE","0","0.0769","Israel"
"8753","Butterfly Network","BFLY","0","8.64","United States"
"8754","Sangoma Technologies","SANG","0","3.89","Canada"
"8755","FinWise Bancorp","FINW","0","14","United States"
"8756","Nykaa","NYKAA.NS","0","3.54666","India"
"8757","Intensity Therapeutics","INTS","0","4.53","United States"
"8758","Nuvectis Pharma","NVCT","0","25","United States"
"8759","iSpecimen","ISPC","0","1.64","United States"
"8760","Greenidge Generation Holdings","GREE","0","2.84","United States"
"8761","Cingulate","CING","0","5.4","United States"
"8762","Samsara","IOT","0","39.14","United States"
"8763","Stagwell","STGW","0","8.64","United States"
"8764","INNOVATE Corp.","VATE","0","7.66","United States"
"8765","Sidus Space","SIDU","0","2.25","United States"
"8766","SkinHealth Systems","SKIN","0","0.685","United States"
"8767","Nextdoor","NXDR","0","2.29","United States"
"8768","Latham Group","SWIM","0","7.12","United States"
"8769","Navitas Semiconductor","NVTS","0","12.67","Ireland"
"8770","EVgo","EVGO","0","1.46","United States"
"8771","Wallbox","WBX","0","2.89","Spain"
"8772","Payoneer","PAYO","0","7.12","United States"
"8773","Nu Holdings","NU","0","15.17","Brazil"
"8774","CISO Global","CISO","0","0.2308","United States"
"8775","Vertical Aerospace","EVTL","0","0.7501","United Kingdom"
"8776","Lilium","LILM","0","0.052","Germany"
"8777","Amylyx Pharmaceuticals","AMLX","0","37.08","United States"
"8778","Hour Loop","HOUR","0","1.83","United States"
"8779","Solid Power","SLDP","0","2.34","United States"
"8780","Warby Parker","WRBY","0","25.48","United States"
"8781","Cenntro Inc.","CENN","0","0.0775","United States"
"8782","Core Scientific","CORZ","0","17.42","United States"
"8783","FGI Industries","FGI","0","7.54","United States"
"8784","Credo Technology","CRDO","0","226.49","United States"
"8785","Direct Digital Holdings","DRCT","0","2.34","United States"
"8786","LG Energy Solution","373220.KS","0","268.482","South Korea"
"8787","Dave Inc.","DAVE","0","372.3","United States"
"8788","Clearwater Analytics","CWAN","0","24.56","United States"
"8789","GDEV Inc.","GDEV","0","10.99","Cyprus"
"8790","Holley","HLLY","0","2.86","United States"
"8791","Vivid Seats","SEAT","0","6.87","United States"
"8792","Erasca","ERAS","0","19.15","United States"
"8793","Taboola.com","TBLA","0","3.73","United States"
"8794","Aeva Technologies","AEVA","0","15.79","United States"
"8795","TeraWulf","WULF","0","15.97","United States"
"8796","Roivant Sciences","ROIV","0","36.75","United Kingdom"
"8797","Grab Holdings","GRAB","0","3.64","Singapore"
"8798","HIVE Digital Technologies","HIVE","0","2.87","Canada"
"8799","Xometry","XMTR","0","88.08","United States"
"8800","First Advantage","FA","0","20.52","United States"
"8801","Kyndryl","KD","0","12.68","United States"
"8802","Definitive Healthcare","DH","0","0.7901","United States"
"8803","Ziff Davis","ZD","0","55.61","United States"
"8804","LegalZoom","LZ","0","5.9","United States"
"8805","The Arena Group","AREN","0","0.918","United States"
"8806","Mirion Technologies","MIR","0","14.9","United States"
"8807","Expro Group","XPRO","0","17.55","United States"
"8808","Intapp","INTA","0","40.4","United States"
"8809","Telesat","TSAT","0","41.82","Canada"
"8810","Velo3D","VLDX","0","6.15","United States"
"8811","11 bit studios","11B.WA","0","35.573","Poland"
"8812","People Can Fly","PCF.WA","0","1.02178","Poland"
"8813","Humacyte","HUMA","0","0.6816","United States"
"8814","Sigma Lithium","SGML","0","12.2","Canada"
"8815","Sight Sciences","SGHT","0","8.37","United States"
"8816","Perimeter Solutions","PRM","0","31.16","United States"
"8817","Azenta","AZTA","0","33.57","United States"
"8818","Mister Car Wash","MCW","0","7.1","United States"
"8819","Enovix","ENVX","0","3.4","United States"
"8820","Amplitude","AMPL","0","12.96","United States"
"8821","Planet Labs","PL","0","21.16","United States"
"8822","a.k.a. Brands","AKA","0","10.6622","United States"
"8823","Arqit Quantum","ARQQ","0","20.36","United Kingdom"
"8824","Janus International Group","JBI","0","5.07","United States"
"8825","ReNew Energy Global","RNW","0","6.82","India"
"8826","Vicarious Surgical","RBOT","0","0.038","United States"
"8827","Centessa Pharmaceuticals","CNTA","0","40.5","United Kingdom"
"8828","Nuvalent","NUVL","0","123.96","United States"
"8829","Sonida Senior Living","SNDA","0","39.67","United States"
"8830","Americanas","AMER3.SA","0","0.933162","Brazil"
"8831","Altamira Therapeutics","CYTO","0","0.3","Bermuda"
"8832","PB Fintech","POLICYBZR.NS","0","19.3464","India"
"8833","WonderPlanet","4199.T","0","5.35867","Japan"
"8834","Arbe Robotics","ARBE","0","0.6699","Israel"
"8835","ESS Tech","GWH","0","0.377","United States"
"8836","MapmyIndia","MAPMYINDIA.NS","0","10.464","India"
"8837","Aurora Innovation","AUR","0","5.76","United States"
"8838","CCC Intelligent Solutions","CCC","0","7.3","United States"
"8839","atai Life Sciences","ATAI","0","7.39","Germany"
"8840","SOPHiA GENETICS","SOPH","0","8.53","Switzerland"
"8841","Obsidian Energy","OBE","0","11.03","Canada"
"8842","PROCEPT BioRobotics","PRCT","0","21.07","United States"
"8843","SES AI","SES","0","0.5357","United States"
"8844","Celularity","CELU","0","0.8804","United States"
"8845","Rigetti Computing","RGTI","0","15.94","United States"
"8846","Quantum-Si","QSI","0","0.7906","United States"
"8847","Janux Therapeutics","JANX","0","18.89","United States"
"8848","Akanda","AKAN","0","4.24","United Kingdom"
"8849","Faraday Future","FFAI","0","0.0717","United States"
"8850","AN2 Therapeutics","ANTX","0","5.53","United States"
"8851","Imperial Petroleum","IMPP","0","4.85","Greece"
"8852","Guardforce AI","GFAI","0","0.4003","Singapore"
"8853","Ecovyst","ECVT","0","10.21","United States"
"8854","Expion360","XPON","0","9.17","United States"
"8855","Rail Vision","RVSN","0","4.85","Israel"
"8856","System1","SST","0","1.85","United States"
"8857","MaxCyte","MXCT","0","1.31","United States"
"8858","Cielo Waste Solutions","CMC.V","0","0.0468232","Canada"
"8859","Montauk Renewables","MNTK","0","1.78","United States"
"8860","Tidewater Renewables","LCFS.TO","0","13.8309","Canada"
"8861","Warner Bros. Discovery","WBD","0","28.75","United States"
"8862","GoTo","GOTO.JK","0","0.0028169","Indonesia"
"8863","Genius Group","GNS","0","0.1725","Singapore"
"8864","Artivion","AORT","0","27.2","United States"
"8865","Belite Bio","BLTE","0","156.69","United States"
"8866","HilleVax","HLVX","0","2.09","United States"
"8867","Enovis","ENOV","0","25.25","United States"
"8868","Core &amp; Main","CNM","0","43.37","United States"
"8869","IHS Towers","IHS","0","8.36","United Kingdom"
"8870","Forge Global","FRGE","0","45","United States"
"8871","Life Time Group","LTH","0","44.8","United States"
"8872","Hillman Solutions","HLMN","0","8.04","United States"
"8873","Light &amp; Wonder","LNW","0","86.22","United States"
"8874","Nutex Health","NUTX","0","195.92","United States"
"8875","Momentus Inc.","MNTS","0","4.24","United States"
"8876","Alaunos Therapeutics","TCRT","0","1.7761","United States"
"8877","Energy Vault","NRGV","0","3.7","United States"
"8878","NOVONIX","NVX","0","0.4094","Australia"
"8879","Edible Garden","EDBL","0","1.44","United States"
"8880","Bausch + Lomb","BLCO","0","17.25","Canada"
"8881","Bukalapak.com","BUKA.JK","0","0.00608451","Indonesia"
"8882","Nazara Technologies","NAZARA.NS","0","3.6865","India"
"8883","Xero","XRO.AX","0","58.7056","New Zealand"
"8884","mBank","MBK.WA","0","369.652","Poland"
"8885","Polenergia","PEP.WA","0","14.5968","Poland"
"8886","Pkp Cargo","PKP.WA","0","2.94099","Poland"
"8887","Jastrzebska Spólka Weglowa","JSW.WA","0","8.59322","Poland"
"8888","indie Semiconductor","INDI","0","3.9","United States"
"8889","Playstudios","MYPS","0","0.498","United States"
"8890","Sonder Holdings","SOND","0","0.1263","United States"
"8891","NextNav","NN","0","15.39","United States"
"8892","Satellogic","SATL","0","5.13","United States"
"8893","ProFrac","ACDC","0","4.62","United States"
"8894","Actelis Networks","ASNS","0","0.043","United States"
"8895","OKYO Pharma","OKYO","0","1.55","United Kingdom"
"8896","EaseMyTrip","EASEMYTRIP.NS","0","0.0637897","India"
"8897","Supermax Corporation Berhad","7106.KL","0","0.0870322","Malaysia"
"8898","Delhivery","DELHIVERY.NS","0","4.87535","India"
"8899","Eve Holding, Inc.","EVEX","0","2.4","United States"
"8900","TROOPS, Inc.","TROO","0","1.98","Hong Kong"
"8901","Buzzfeed","BZFD","0","1.085","United States"
"8902","SaverOne 2014","SVRE","0","2.9463","Israel"
"8903","Phoenix Motor","PEV","0","0.23","United States"
"8904","Kaival Brands Innovations","KAVL","0","0.022","United States"
"8905","HeartSciences Inc.","HSCS","0","2.99","United States"
"8906","AiRWA Inc.","YYAI","0","0.965","United States"
"8907","Algoma Steel","ASTL","0","4.16","Canada"
"8908","Polestar","PSNY","0","12.4","Sweden"
"8909","Ivanhoe Electric","IE","0","11.93","Canada"
"8910","Sun Country Airlines","SNCY","0","16.17","United States"
"8911","Quoin Pharmaceuticals","QNRX","0","5.18","United States"
"8912","Ensysce Biosciences","ENSC","0","0.412","United States"
"8913","G Medical Innovations","GMVD","0","0.181","Israel"
"8914","Swvl Holdings","SWVL","0","2.31","United Arab Emirates"
"8915","Inspira Technologies","IINN","0","0.38","Israel"
"8916","Gogoro","GGR","0","2.65","Taiwan"
"8917","5E Advanced Materials","FEAM","0","1.76","United States"
"8918","Alvotech","ALVO","0","4.91","Iceland"
"8919","NaaS Technology","NAAS","0","3.21","China"
"8920","Nano Labs","NA","0","2.1","China"
"8921","Enhabit","EHAB","0","13.8","United States"
"8922","AMTD IDEA Group","AMTD","0","0.7721","Hong Kong"
"8923","SoundHound AI","SOUN","0","7.01","United States"
"8924","Cipher Mining","CIFR","0","16.02","United States"
"8925","Grove Collaborative","GROV","0","0.9743","United States"
"8926","Hagerty","HGTY","0","13.37","United States"
"8927","DocGo","DCGO","0","0.3952","United States"
"8928","RxSight","RXST","0","6.38","United States"
"8929","ProKidney","PROK","0","1.74","United States"
"8930","Benson Hill","BHIL","0","0.249","United States"
"8931","Patriot Battery Metals","PMET.TO","0","3.84671","Canada"
"8932","Orosur Mining","OMI.V","0","0.212505","Canada"
"8933","Pagaya Technologies","PGY","0","22.41","Israel"
"8934","Pestech Cambodia","PEPC.KH","0","0.64","Cambodia"
"8935","ACLEDA Bank","ABC.KH","0","2.23","Cambodia"
"8936","Sihanoukville Autonomous Port","PAS.KH","0","3.9","Cambodia"
"8937","Phnom Penh Water Supply Authority","PWSA.KH","0","1.67","Cambodia"
"8938","Grand Twins International Cambodia","GTI.KH","0","2","Cambodia"
"8939","Phnom Penh Autonomous Port","PPAP.KH","0","3.36","Cambodia"
"8940","Phnom Penh SEZ","PPSP.KH","0","0.36","Cambodia"
"8941","Virax Biolabs","VRAX","0","2.77","United Kingdom"
"8942","MAIA Biotechnology","MAIA","0","1.39","United States"
"8943","ECB Bancorp","ECBK","0","20.44","United States"
"8944","Mobile Global Esports (Mogo)","MGAM","0","0.001","United States"
"8945","NeoVolta","NEOV","0","3.48","United States"
"8946","Lucid Diagnostics","LUCD","0","0.9707","United States"
"8947","PGE Polska","PGE.WA","0","2.93018","Poland"
"8948","Magic Empire Global (Giraffe Capital)","MEGL","0","1.2","Hong Kong"
"8949","OPAL Fuels","OPAL","0","2.18","United States"
"8950","Alpha Tau Medical","DRTS","0","14.96","Israel"
"8951","Devolver Digital","DEVO.L","0","0.0985041","United States"
"8952","Treasure Global","TGL","0","2.14","Malaysia"
"8953","Reborn Coffee","REBN","0","1.255","United States"
"8954","Forza X1","FRZA","0","0.2","United States"
"8955","coly","4175.T","0","17.0423","Japan"
"8956","Bragg Gaming Group","BRAG","0","1.4625","Canada"
"8957","Consensus Cloud Solutions","CCSI","0","38.39","United States"
"8958","V2X","VVX","0","78","United States"
"8959","Ioneer","IONR","0","3.18","Australia"
"8960","First Watch Restaurant","FWRG","0","12.89","United States"
"8961","Rallybio","RLYB","0","16.88","United States"
"8962","Innovative Eyewear","LUCY","0","1.13","United States"
"8963","GigaCloud Technology","GCT","0","52.08","China"
"8964","the Marygold Companies","MGLD","0","0.9701","United States"
"8965","The Glimpse Group","VRAR","0","0.68","United States"
"8966","Southern States Bancshares","SSBK","0","36.37","United States"
"8967","NuScale Power","SMR","0","9.27","United States"
"8968","East Side Games","EAGR.TO","0","0.050425","Canada"
"8969","Creepy Jar","CRJ.WA","0","143.806","Poland"
"8970","Starbox Group","STBX","0","2.11","Malaysia"
"8971","Mobilicom","MOB","0","5.66","Australia"
"8972","Jeffs' Brands","JFBR","0","3.08","Israel"
"8973","PaxMedica","PXMD","0","0.0005","United States"
"8974","Jianzhi Education Technology Group","JZ","0","1.72","China"
"8975","Onfolio Holdings","ONFO","0","1.48","United States"
"8976","CMON","1792.HK","0","0.177752","Singapore"
"8977","Qiiwi Games","QIIWI.ST","0","0.732681","Sweden"
"8978","Sozap","SOZAP.ST","0","0.0270876","Sweden"
"8979","Rani Therapeutics","RANI","0","0.8414","United States"
"8980","Rapid Micro Biosystems","RPID","0","1.67","United States"
"8981","Local Bounti","LOCL","0","0.9908","United States"
"8982","Lesaka Technologies","LSAK","0","4.55","South Africa"
"8983","Hempacco","HPCO","0","0.0001","United States"
"8984","BoomBit","BBT.WA","0","1.4759","Poland"
"8985","Artifex Mundi","ART.WA","0","5.54139","Poland"
"8986","Ultimate Games","ULG.WA","0","3.60866","Poland"
"8987","Addentax Group","ATXG","0","3.8","China"
"8988","Kaltura","KLTR","0","1.54","United States"
"8989","bioAffinity Technologies","BIAF","0","5.09","United States"
"8990","Symbotic","SYM","0","40.61","United States"
"8991","Getty Images","GETY","0","0.28","United States"
"8992","Global Business Travel Group","GBTG","0","9.46","United States"
"8993","P3 Health Partners","PIII","0","9.92","United States"
"8994","Ero Copper","ERO","0","39.24","Canada"
"8995","Gorilla Technology","GRRR","0","15.45","Taiwan"
"8996","Distribution Solutions Group","DSGR","0","34.81","United States"
"8997","Golden Sun Education Group","GSUN","0","0.2667","China"
"8998","Black Rifle Coffee Company (BRCC)","BRCC","0","8.57","United States"
"8999","The Oncology Institute","TOI","0","5.13","United States"
"9000","Prenetics","PRE","0","25.78","Hong Kong"
"9001","i-80 Gold","IAUX","0","1.88","United States"
"9002","ADS-TEC Energy","ADSE","0","11.4","Ireland"
"9003","Douglas Elliman","DOUG","0","1.88","United States"
"9004","Osisko Development","ODV","0","2.27","Canada"
"9005","Belpointe PREP, LLC","OZ","0","48.315","United States"
"9006","TOP Financial Group Limited","TOP","0","2.06","Hong Kong"
"9007","Skeena Resources","SKE","0","34.72","Canada"
"9008","SKYX Platforms","SKYX","0","1.25","United States"
"9009","MoonLake Immunotherapeutics","MLTX","0","15.62","Switzerland"
"9010","Forafric Global PLC","AFRI","0","10.73","Gibraltar"
"9011","Dakota Gold","DC","0","6.1","United States"
"9012","Sky Harbour Group","SKYH","0","10.69","United States"
"9013","PepGen","PEPG","0","3.22","United States"
"9014","Incannex Healthcare","IXHL","0","0.167","Australia"
"9015","Wise PLC","WISE.L","0","13.4079","United Kingdom"
"9016","AutoStore Holdings","AUTO.OL","0","1.7285","Norway"
"9017","Trustpilot Group","TRST.L","0","3.92658","Denmark"
"9018","Viaplay Group","VPLAY-B.ST","0","0.146746","Sweden"
"9019","Aker Horizons","AKH.OL","0","0.0013012","Norway"
"9020","Nykode Therapeutics","NYKD.OL","0","0.526787","Norway"
"9021","PunkPirates","PUN.WA","0","0.13","Poland"
"9022","Orrön Energy","ORRON.ST","0","0.751576","Sweden"
"9023","Trophy Games","TGAMES.CO","0","2.15905","Denmark"
"9024","Arctic Fish Holding","AFISH.OL","0","2.60987","Iceland"
"9025","Huuuge","HUG.WA","0","5.81171","United States"
"9026","Mo-BRUK S.A.","MBR.WA","0","106.773","Poland"
"9027","Fragbite Group","FRAG.ST","0","0.623514","Sweden"
"9028","Wielton","WLT.WA","0","1.43806","Poland"
"9029","Big Cheese Studio","BCS.WA","0","1.2137","Poland"
"9030","All in! Games","ALG.WA","0","0.201653","Poland"
"9031","Gaming Factory","GIF.WA","0","1.20289","Poland"
"9032","Vivid Games","VVD.WA","0","0.161917","Poland"
"9033","ManyDev Studio","MAN.WA","0","0.166512","Poland"
"9034","T-Bull","TBL.WA","0","0.389249","Poland"
"9035","374Water","SCWO","0","2.57","United States"
"9036","Qingci Games","6633.HK","0","0.405664","China"
"9037","Technoprobe","TPRO.MI","0","32.9176","Italy"
"9038","SYNLAB","SYAB.VI","0","15.049","Germany"
"9039","InPost","INPST.AS","0","18.0907","Luxembourg"
"9040","Azerion Group","AZRN.AS","0","1.14466","Netherlands"
"9041","Coelacanth Energy","CEI.V","0","0.554675","Canada"
"9042","Aether Industries","AETHER.NS","0","17.5647","India"
"9043","Ethos Watches","ETHOSLTD.NS","0","30.376","India"
"9044","Absci","ABSI","0","9.22","United States"
"9045","Acumen Pharmaceuticals","ABOS","0","2.99","United States"
"9046","Invivyd","IVVD","0","0.9017","United States"
"9047","Vizsla Silver","VZLA","0","4.02","Canada"
"9048","Zentek","ZTEK","0","0.56","Canada"
"9049","BigBear.ai","BBAI","0","3.05","United States"
"9050","Lionsgate Studios","LION","0","11.52","United States"
"9051","Glass House Brands","GLASF","0","11.81","United States"
"9052","POET Technologies","POET","0","8.08","Canada"
"9053","Knightscope","KSCP","0","1.38","United States"
"9054","IperionX","IPX","0","21.03","United States"
"9055","Senti Biosciences","SNTI","0","0.3864","United States"
"9056","Genenta Science","GNTA","0","1.13","Italy"
"9057","Hyperfine","HYPR","0","0.8681","United States"
"9058","A2Z Cust2Mate Solutions","AZ","0","6.92","Canada"
"9059","Idaho Strategic Resources","IDR","0","33.03","United States"
"9060","Leafly Holdings","LFLY","0","37","United States"
"9061","NSTS Bancorp","NSTS","0","13.99","United States"
"9062","Soluna Holdings","SLNH","0","1.16","United States"
"9063","Immix Biopharma","IMMX","0","14.07","United States"
"9064","Freight Technologies, Inc.","FRGT","0","1.51","United States"
"9065","Locafy","LCFY","0","2.4","Australia"
"9066","OceanPal","SVRN","0","0.3501","Greece"
"9067","Know Labs","KNW","0","2.24","United States"
"9068","Third Harmonic Bio","THRD","0","5.38","United States"
"9069","Rumble","RUM","0","9.375","United States"
"9070","Xos, Inc.","XOS","0","3.6","United States"
"9071","Yunji","YJ","0","2.76","China"
"9072","XOMA Royalty","XOMA","0","40.17","United States"
"9073","Lyra Therapeutics","LYRA","0","0.25","United States"
"9074","Immuneering","IMRX","0","5.15","United States"
"9075","Leapmotor","9863.HK","0","5.01595","China"
"9076","GAC (Guangzhou Automobile Group)","601238.SS","0","0.769345","China"
"9077","Laser Photonics","LASE","0","1.41","United States"
"9078","Powerchip Semiconductor Manufacturing","6770.TW","0","2.19295","Taiwan"
"9079","American Public Education","APEI","0","46.01","United States"
"9080","Amprius Technologies","AMPX","0","10.2","United States"
"9081","Apyx Medical","APYX","0","3.05","United States"
"9082","Argo Blockchain","ARBK","0","3.79","United Kingdom"
"9083","Armata Pharmaceuticals","ARMP","0","5.45","United States"
"9084","Battalion Oil","BATL","0","1.31","United States"
"9085","Castellum","CTM","0","0.6099","United States"
"9086","Sporting Clube de Braga","SCB.LS","0","26.8097","Portugal"
"9087","Cytek Biosciences","CTKB","0","4.57","United States"
"9088","D-Wave Quantum","QBTS","0","17.51","Canada"
"9089","Nyxoah","NYXH","0","1.62","Belgium"
"9090","Noodles &amp; Company","NDLS","0","14.53","United States"
"9091","GH Research","GHRS","0","29.01","Ireland"
"9092","Prime Medicine","PRME","0","3.58","United States"
"9093","Mobileye","MBLY","0","8.54","Israel"
"9094","Tango Therapeutics","TNGX","0","25.47","United States"
"9095","The Metals Company","TMC","0","5.01","Canada"
"9096","TH International (Tims China)","THCH","0","1.22","China"
"9097","ProPhase Labs","PRPH","0","0.03","United States"
"9098","Perfect Corp.","PERF","0","1.88","Taiwan"
"9099","Dingdong Maicai","DDL","0","2.29","China"
"9100","ASP Isotopes","ASPI","0","3.945","United States"
"9101","Snail Inc","SNAL","0","2.96","China"
"9102","Piramal Pharma","PPLPHARMA.NS","0","2.25128","India"
"9103","Sequans Communications","SQNS","0","2.9","France"
"9104","Westrock Coffee","WEST","0","8.14","United States"
"9105","Callaway Golf Company","CALY","0","15.74","United States"
"9106","Reservoir Media","RSVR","0","9.875","United States"
"9107","LiveWire Group","LVWR","0","1.37","United States"
"9108","Nayax","NYAX","0","54.02","Israel"
"9109","Dragonfly Energy","DFLI","0","1.13","United States"
"9110","Nauticus Robotics","KITT","0","0.81","United States"
"9111","Presto Automation","PRST","0","0.0001","United States"
"9112","Vivani Medical","VANI","0","1.415","United States"
"9113","Sunrise New Energy","EPOW","0","0.429","China"
"9114","Upexi","UPXI","0","1.06","United States"
"9115","Atlas Lithium","ATLX","0","3.31","United States"
"9116","M-tron Industries","MPTI","0","79.27","United States"
"9117","Acrivon Therapeutics","ACRV","0","2.08","United States"
"9118","Imunon","IMNN","0","1.63","United States"
"9119","Grindr","GRND","0","15.79","United States"
"9120","HeartBeam","BEAT","0","0.4814","United States"
"9121","Adamas One","JEWL","0","0.0001","United States"
"9122","Erayak Power Solution","RAYA","0","2.2655","China"
"9123","Lipella Pharmaceuticals","LIPO","0","0.0004","United States"
"9124","Aurora Energy Metals","1AE.AX","0","0.0395058","Australia"
"9125","Hoth Therapeutics","HOTH","0","1.36","United States"
"9126","Coya Therapeutics","COYA","0","4.87","United States"
"9127","TScan Therapeutics","TCRX","0","0.7774","United States"
"9128","Yiren Digital","YRD","0","1.09","China"
"9129","Ventyx Biosciences","VTYX","0","14","United States"
"9130","Sabre Resources","SBR.AX","0","0.00502801","Australia"
"9131","Superior Resources","SPQ.AX","0","0.00287315","Australia"
"9132","Investigator Resources","IVR.AX","0","0.037351","Australia"
"9133","Regencell Bioscience","RGC","0","5.54","Hong Kong"
"9134","RADCOM","RDCM","0","10.29","Israel"
"9135","RXO","RXO","0","22.19","United States"
"9136","International Holding Company","IHC.AE","0","101.84","United Arab Emirates"
"9137","Alpha Dhabi","ALPHADHABI.AE","0","2.09","United Arab Emirates"
"9138","Multiply Group","MULTIPLY.AE","0","0.56","United Arab Emirates"
"9139","Ghitha","GHITHA.AE","0","3.13","United Arab Emirates"
"9140","TAQA","TAQA.AE","0","0.72","United Arab Emirates"
"9141","Emirates Telecom (Etisalat Group)","EAND.AE","0","5.87","United Arab Emirates"
"9142","First Abu Dhabi Bank","FAB.AE","0","5.33","United Arab Emirates"
"9143","Borouge","BOROUGE.AE","0","0.66","United Arab Emirates"
"9144","Abu Dhabi Commercial Bank (ADCB)","ADCB.AE","0","4.18","United Arab Emirates"
"9145","Abu Dhabi National Oil Company (ADNOC)","ADNOCDIST.AE","0","1.1","United Arab Emirates"
"9146","ADNOC Drilling Company","ADNOCDRILL.AE","0","1.62","United Arab Emirates"
"9147","Al Dar Properties","ALDAR.AE","0","2.13","United Arab Emirates"
"9148","Fertiglobe","FERTIGLB.AE","0","0.71","United Arab Emirates"
"9149","Abu Dhabi Islamic Bank (ADIB)","ADIB.AE","0","6.39","United Arab Emirates"
"9150","Abu Dhabi Ports","ADPORTS.AE","0","1.65","United Arab Emirates"
"9151","Americana Restaurants International","AMR.AE","0","0.64","United Arab Emirates"
"9152","Ooredoo","ORDS.AE","0","3.39","United Arab Emirates"
"9153","National Marine Dredging","NMDC.AE","0","6.5","United Arab Emirates"
"9154","Burjeel Holdings","BURJEEL.AE","0","0.35","United Arab Emirates"
"9155","Verrica Pharmaceuticals","VRCA","0","4.91","United States"
"9156","CVRx","CVRX","0","3.27","United States"
"9157","Cabaletta Bio","CABA","0","3.25","United States"
"9158","Scilex Holding","SCLX","0","5.61","United States"
"9159","Monte Rosa Therapeutics","GLUE","0","14.38","United States"
"9160","AMTD Digital","HKD","0","1.69","Hong Kong"
"9161","Oportun Financial","OPRT","0","7.46","United States"
"9162","Skyward Specialty Insurance Group","SKWD","0","58.04","United States"
"9163","Personalis","PSNL","0","17.08","United States"
"9164","NewAmsterdam Pharma Company","NAMS","0","27.4","Netherlands"
"9165","Neuronetics","STIM","0","3","United States"
"9166","Moolec Science","MLEC","0","6.8101","Luxembourg"
"9167","Innovative Aerosystems","ISSC","0","24.78","United States"
"9168","Spruce Power","SPRU","0","2","United States"
"9169","Cadrenal Therapeutics","CVKD","0","1.55","United States"
"9170","Genelux","GNLX","0","2.73","United States"
"9171","Brera Holdings","SLMT","0","3.97","Ireland"
"9172","uCloudlink Group","UCL","0","0.3923","Hong Kong"
"9173","Larimar Therapeutics","LRMR","0","4.17","United States"
"9174","Lanvin Group","LANV","0","1.06","China"
"9175","KORU Medical Systems","KRMD","0","3.21","United States"
"9176","Triumph Financial","TFIN","0","73.68","United States"
"9177","Structure Therapeutics","GPCR","0","49.35","United States"
"9178","Strive Asset Management, LLC","ASST","0","21.5","United States"
"9179","Draganfly","DPRO","0","4.35","Canada"
"9180","Hesai Group","HSAI","0","16.4","China"
"9181","Nextpower","NXT","0","87.23","United States"
"9182","Lucy Scientific Discovery","LSDI","0","0.5139","Canada"
"9183","Mineralys Therapeutics","MLYS","0","25.89","United States"
"9184","OmniAb","OABI","0","4.81","United States"
"9185","Innodata","INOD","0","55.84","United States"
"9186","Urban-gro","UGRO","0","3.15","United States"
"9187","Ascend Wellness (AWH)","AAWH","0","0.431","United States"
"9188","CASI Pharmaceuticals","CASI","0","0.2075","United States"
"9189","Bullfrog AI","BFRG","0","0.5712","United States"
"9190","Beamr Imaging","BMR","0","1.25","Israel"
"9191","Real Brokerage Inc.","REAX","0","26.59","Canada"
"9192","Tenaya Therapeutics","TNYA","0","0.6962","United States"
"9193","HUB Cyber Security","HUBC","0","0.765","Israel"
"9194","Xiao-I","AIXI","0","0.8046","China"
"9195","Intchains Group","ICG","0","0.939","China"
"9196","Mangoceuticals","MGRX","0","0.3726","United States"
"9197","Carisma Therapeutics","CARM","0","0.0012","United States"
"9198","Ohmyhome","OMH","0","0.098","Singapore"
"9199","CBL International","BANL","0","13.7","Malaysia"
"9200","YanGuFang International Group","YGF","0","0.7332","China"
"9201","SYLA Technologies","SYT","0","2.26","Japan"
"9202","Ispire Technology","ISPR","0","1.47","United States"
"9203","CytoMed Therapeutics","GDTC","0","0.9967","Singapore"
"9204","Kontron AG","KTN.F","0","25.7606","Austria"
"9205","Lifecore Biomedical","LFCR","0","4.65","United States"
"9206","GeneDx Holdings","WGS","0","90.285","United States"
"9207","Trio Petroleum","TPET","0","0.204","United States"
"9208","U.S. GoldMining","USGO","0","9.48","United States"
"9209","U Power","UCAR","0","0.6345","China"
"9210","Disc Medicine","IRON","0","82.67","United States"
"9211","Zevra Therapeutics","ZVRA","0","11.74","United States"
"9212","Avalon Technologies","AVALON.NS","0","23.7562","India"
"9213","CaliberCos","CWD","0","0.5434","United States"
"9214","Dexco","DXCO3.SA","0","0.997317","Brazil"
"9215","Accton Technology","2345.TW","0","65.8517","Taiwan"
"9216","Tianqi Lithium","002466.SZ","0","7.17708","China"
"9217","National Bank of Kuwait","NBK.KW","0","2845.5","Kuwait"
"9218","Gulf Bank","GBK.KW","0","1166.88","Kuwait"
"9219","Kuwait Finance House","KFH.KW","0","2522.82","Kuwait"
"9220","Mabanee Company","MABANEE.KW","0","3148.63","Kuwait"
"9221","Boubyan Bank","BOUBYAN.KW","0","2177.31","Kuwait"
"9222","Zain (Mobile Telecommunications Company)","ZAIN.KW","0","1971.97","Kuwait"
"9223","Commercial Bank of Kuwait","CBK.KW","0","1623.21","Kuwait"
"9224","Burgan Bank","BURG.KW","0","616.036","Kuwait"
"9225","Kuwait Telecommunications Company","STC.KW","0","1945.89","Kuwait"
"9226","Al Ahli Bank of Kuwait","ABK.KW","0","961.538","Kuwait"
"9227","Kuwait Projects Company Holding","KPROJ.KW","0","254.889","Kuwait"
"9228","National Mobile Telecommunications Company","OOREDOO.KW","0","5834.42","Kuwait"
"9229","Gulf Insurance Group","GINS.KW","0","4250.33","Kuwait"
"9230","National Industries Group Holding","NIND.KW","0","782.269","Kuwait"
"9231","Humansoft Holding Company","HUMANSOFT.KW","0","7708.6","Kuwait"
"9232","Warba Bank","WARBABANK.KW","0","906.128","Kuwait"
"9233","Boubyan Petrochemical Company","BPCC.KW","0","2353.32","Kuwait"
"9234","Jazeera Airways","JAZEERA.KW","0","5677.97","Kuwait"
"9235","Fossil Group","FOSL","0","5.42","United States"
"9236","Gentili Mosconi","GM.MI","0","3.46194","Italy"
"9237","Granules India","GRANULES.NS","0","8.73154","India"
"9238","eFFECTOR Therapeutics","EFTR","0","0.0003","United States"
"9239","inTEST Corporation","INTT","0","11.39","United States"
"9240","Zura Bio","ZURA","0","5.99","United States"
"9241","Xtant Medical","XTNT","0","0.321","United States"
"9242","Xenetic Biosciences","XBIO","0","3.86","United States"
"9243","WiMi Hologram Cloud","WIMI","0","1.36","China"
"9244","VolitionRx","VNRX","0","0.3392","United States"
"9245","Verde Clean Fuels","VGAS","0","1.34","United States"
"9246","VCI Global","VCIG","0","2.8","Malaysia"
"9247","CAVA Group","CAVA","0","67.77","United States"
"9248","Tingo Group","TIO","0","0.69","United States"
"9249","Azitra","AZTR","0","0.1729","United States"
"9250","BranchOut Food","BOF","0","3.85","United States"
"9251","illumin","ILLM.TO","0","0.561879","Canada"
"9252","Sol-Gel Technologies","SLGL","0","79.43","Israel"
"9253","Soho House & Co","SHCO","0","8.99","United States"
"9254","Siebert Financial","SIEB","0","2.02","United States"
"9255","Shengfeng Development","SFWL","0","0.865","China"
"9256","Telesis Bio","TBIO","0","0.001","United States"
"9257","TAT Technologies","TATT","0","39.33","Israel"
"9258","Summit State Bank","SSBI","0","12.87","United States"
"9259","Stereotaxis","STXS","0","1.45","United States"
"9260","Steel Connect","STCN","0","12.18","United States"
"9261","StealthGas","GASS","0","9.21","Greece"
"9262","Standard BioTools","LAB","0","0.6518","United States"
"9263","Southland Holdings","SLND","0","0.72","United States"
"9264","Shattuck Labs","STTK","0","7.9","United States"
"9265","Sera Prognostics","SERA","0","2.09","United States"
"9266","Scully Royalty","SRL","0","5.87","China"
"9267","RCM Technologies","RCMT","0","40.59","United States"
"9268","Quest Resource Holding","QRHC","0","1.46","United States"
"9269","Pyxis Oncology","PYXS","0","3.34","United States"
"9270","Puma Biotechnology","PBYI","0","9.16","United States"
"9271","Profound Medical","PROF","0","7.11","Canada"
"9272","Pro-Dex","PDEX","0","63.84","United States"
"9273","Taylor Devices","TAYD","0","60.01","United States"
"9274","Perma-Fix Environmental Services","PESI","0","18.14","United States"
"9275","Perma-Pipe International","PPIH","0","27.14","United States"
"9276","MiNK Therapeutics","INKT","0","11.79","United States"
"9277","Metalla Royalty & Streaming","MTA","0","10.86","Canada"
"9278","Movella","MVLA","0","0.0002","United States"
"9279","Savers Value Village","SVV","0","10.84","United States"
"9280","GEN Restaurant Group","GENK","0","1.97","United States"
"9281","Alliance Entertainment","AENT","0","5.62","United States"
"9282","ECARX Holdings","ECX","0","1.05","China"
"9283","Bitdeer Technologies Group","BTDR","0","10.67","Singapore"
"9284","MasterBrand","MBC","0","8.84","United States"
"9285","LanzaTech Global","LNZA","0","6.18","United States"
"9286","Tigo Energy","TYGO","0","1.04","United States"
"9287","AlTi Global","ALTI","0","3.99","United States"
"9288","Evolv Technologies","EVLV","0","5.2","United States"
"9289","NET Power","NPWR","0","1.81","United States"
"9290","Enviri Corporation","NVRI","0","23.08","United States"
"9291","Enliven Therapeutics","ELVN","0","60.865","United States"
"9292","Lavoro","LVRO","0","0.304","Brazil"
"9293","Tyra Biosciences","TYRA","0","26.22","United States"
"9294","ARS Pharmaceuticals","SPRY","0","6.03","United States"
"9295","Lifezone Metals","LZM","0","4.43","United Kingdom"
"9296","Oculis Holding AG","OCS","0","12.97","Switzerland"
"9297","authID","AUID","0","0.471","United States"
"9298","Gambling.com Group","GAMB","0","1.84","Jersey"
"9299","Maui Land &amp; Pineapple Company","MLP","0","15.99","United States"
"9300","Limbach Holdings","LMB","0","42.42","United States"
"9301","Harvard Bioscience","HBIO","0","7.65","United States"
"9302","Mayville Engineering Company","MEC","0","20.67","United States"
"9303","OppFi","OPFI","0","7.1","United States"
"9304","Envela Corporation","ELA","0","14.2","United States"
"9305","Core Molding Technologies","CMT","0","25.24","United States"
"9306","Everspin Technologies","MRAM","0","17.61","United States"
"9307","Cue Biopharma","CUE","0","0.5542","United States"
"9308","Freightos","CRGO","0","1.33","Israel"
"9309","Electrovaya","ELVA","0","6.55","Canada"
"9310","INmune Bio","INMB","0","2.445","United States"
"9311","Mereo BioPharma Group","MREO","0","0.278","United Kingdom"
"9312","SHL Telemedicine","SHLT","0","2.05","Israel"
"9313","NioCorp Developments","NB","0","4.33","United States"
"9314","Jasper Therapeutics","JSPR","0","0.718","United States"
"9315","LightInTheBox Holding","LITB","0","3.092","Singapore"
"9316","Trevi Therapeutics","TRVI","0","17.92","United States"
"9317","Amtech Systems","ASYS","0","15.17","United States"
"9318","Travelzoo","TZOO","0","6.78","United States"
"9319","Annovis Bio","ANVS","0","1.78","United States"
"9320","Genasys","GNSS","0","1.54","United States"
"9321","BioLineRx","BLRX","0","2.7","Israel"
"9322","MediWound","MDWD","0","12.7","Israel"
"9323","International Tower Hill Mines","THM","0","2.81","Canada"
"9324","Marchex","MCHX","0","1.825","United States"
"9325","Live Ventures","LIVE","0","9.51","United States"
"9326","Odyssey Marine Exploration","OMEX","0","0.9032","United States"
"9327","Natuzzi","NTZ","0","1","Italy"
"9328","Strattec Security","STRT","0","72.76","United States"
"9329","Rhinebeck Bancorp","RBKB","0","12.63","United States"
"9330","Lightbridge Corporation","LTBR","0","8.05","United States"
"9331","Milestone Scientific","MLSS","0","0.5394","United States"
"9332","Neonode","NEON","0","0.9008","Sweden"
"9333","Flux Power","FLUX","0","0.6615","United States"
"9334","Kartoon Studios","TOON","0","0.6485","United States"
"9335","Ideal Power","IPWR","0","4.88","United States"
"9336","HOOKIPA Pharma","HOOK","0","1.15","United States"
"9337","Frequency Electronics","FEIM","0","60.61","United States"
"9338","Research Solutions","RSSS","0","2.24","United States"
"9339","GEE Group","JOB","0","0.2553","United States"
"9340","Sensus Healthcare","SRTS","0","3.29","United States"
"9341","One Stop Systems","OSS","0","11.07","United States"
"9342","Airgain","AIRG","0","5.35","United States"
"9343","Passage Bio","PASG","0","4.5","United States"
"9344","InspireMD","NSPR","0","0.89","Israel"
"9345","Kewaunee Scientific Corporation","KEQU","0","37.88","United States"
"9346","iPower","IPW","0","2","United States"
"9347","Soleno Therapeutics","SLNO","0","53.01","United States"
"9348","enVVeno Medical Corporation","NVNO","0","11.4678","United States"
"9349","Zenvia","ZENV","0","0.4689","Brazil"
"9350","Equillium","EQ","0","2.36","United States"
"9351","SPAR Group","SGRP","0","0.6763","United States"
"9352","Protara Therapeutics","TARA","0","3.91","United States"
"9353","Entera Bio","ENTX","0","3.19","Israel"
"9354","CXApp","CXAI","0","0.089","United States"
"9355","Myomo","MYO","0","1.53","United States"
"9356","Eco Wave Power Global","WAVE","0","6.675","Israel"
"9357","EUDA Health","EUDA","0","0.3661","Singapore"
"9358","LM Funding America","LMFA","0","2.6","United States"
"9359","Alarum Technologies","ALAR","0","1.67","Israel"
"9360","SeaStar Medical","ICU","0","3.12","United States"
"9361","Femasys","FEMY","0","2.92","United States"
"9362","Luckin Coffee","LKNCY","0","36.92","China"
"9363","Indivior PLC","INDV","0","35.825","United States"
"9364","Knife River Corporation","KNF","0","66.8","United States"
"9365","Perspective Therapeutics","CATX","0","3.16","United States"
"9366","Fortrea","FTRE","0","18.53","United States"
"9367","SunCar Technology Group","SDA","0","0.7032","China"
"9368","United Homes Group","UHG","0","1.22","United States"
"9369","Orchestra BioMed","OBIO","0","5.26","United States"
"9370","Ocean Biomedical","OCEA","0","0.0017","United States"
"9371","Intuitive Machines","LUNR","0","16.11","United States"
"9372","Drilling Tools International","DTI","0","2.51","United States"
"9373","Pyxis Tankers","PXS","0","5.2","Greece"
"9374","Sagimet Biosciences","SGMT","0","10.86","United States"
"9375","Apogee Therapeutics","APGE","0","134.95","United States"
"9376","Pilbara Minerals","PLS.AX","0","3.69918","Australia"
"9377","IONOS Group","IOS.DE","0","40.0746","Germany"
"9378","Redcare Pharmacy","RDC.DE","0","76.5241","Netherlands"
"9379","Lumine Group","LMN.V","0","17.3462","Canada"
"9380","Maximum Entertainment","8R7.F","0","0.0284415","Sweden"
"9381","ODDITY Tech","ODD","0","14.53","Israel"
"9382","Mobico Group","MCG.L","0","0.325267","United Kingdom"
"9383","HomeBiogas","HMGS.TA","0","0.268578","Israel"
"9384","Super Hi International","9658.HK","0","1.31905","Singapore"
"9385","Forvia SE","FRVIA.PA","0","9.99883","France"
"9386","Euroapi","EAPI.PA","0","1.0922","France"
"9387","Smart Good Things Holding","MLSGT.PA","0","3.24751","France"
"9388","Clariane","CLARI.PA","0","4.66255","France"
"9389","Ölgerðin Egill Skallagrímsson","OLGERD.IC","0","0.131611","Iceland"
"9390","Sýn hf.","SYN.IC","0","0.163282","Iceland"
"9391","BFF Bank","BFF.MI","0","3.61581","Italy"
"9392","Solid Clouds","SOLID.IC","0","0.000994613","Iceland"
"9393","EuroGroup Laminations","EGLA.MI","0","1.14815","Italy"
"9394","Fincantieri","FCT.MI","0","15.095","Italy"
"9395","Capital A (Air Asia)","5099.KL","0","0.0820589","Malaysia"
"9396","Surf Air Mobility","SRFM","0","0.6905","United States"
"9397","ParaZero Technologies","PRZO","0","0.8006","Israel"
"9398","SharkNinja","SN","0","188.55","United States"
"9399","Cheetah Net Supply Chain Service","CTNT","0","1.51","United States"
"9400","VinFast Auto","VFS","0","3.08","Vietnam"
"9401","Sezzle","SEZL","0","123.54","United States"
"9402","Mama's Creations","MAMA","0","16.76","United States"
"9403","The InterGroup Corporation","INTG","0","34.27","United States"
"9404","LiveOne","LVO","0","3.8","United States"
"9405","PodcastOne","PODC","0","2.6","United States"
"9406","Solowin Holdings","SWIN","0","3.28","Hong Kong"
"9407","ADNOC Gas","ADNOCGAS.AE","0","0.87","United Arab Emirates"
"9408","MBME GROUP","MBME.AE","0","2.94","United Arab Emirates"
"9409","ADNOC Logistics &amp; Services","ADNOCLS.AE","0","1.82","United Arab Emirates"
"9410","Presight AI","PRESIGHT.AE","0","1.02","United Arab Emirates"
"9411","Abu Dhabi National Hotels","ADNH.AE","0","0.11","United Arab Emirates"
"9412","National Bank of Fujairah","NBF.AE","0","1.29","United Arab Emirates"
"9413","EMSTEEL Building Materials PJSC","EMSTEEL.AE","0","0.36","United Arab Emirates"
"9414","SIMPPLE","SPPL","0","2.13","Singapore"
"9415","Arm Holdings","ARM","0","251.06","United Kingdom"
"9416","Al Seer Marine Supplies &amp; Equipment Company","ASM.AE","0","1.05","United Arab Emirates"
"9417","Sharjah Islamic Bank","SIB.AE","0","0.8","United Arab Emirates"
"9418","Dana Gas","DANA.AE","0","0.23","United Arab Emirates"
"9419","Al Yah Satellite Communications Company","YAHSAT.AE","0","0.57","United Arab Emirates"
"9420","Neumora Therapeutics","NMRA","0","1.56","United States"
"9421","Instacart (Maplebear Inc.)","CART","0","50.77","United States"
"9422","Davis Commodities","DTCK","0","1","Singapore"
"9423","Klaviyo","KVYO","0","17.79","United States"
"9424","Turbo Energy","TURB","0","1.1","Spain"
"9425","Lead Real Estate","LRE","0","1.26","Japan"
"9426","VS Media","VSME","0","1.08","Hong Kong"
"9427","Gamer Pakistan","GPAK","0","0.0006","United States"
"9428","Adlai Nortye","ANL","0","15.06","Cayman Islands"
"9429","Maison Solutions","MSS","0","1.63","United States"
"9430","Birkenstock","BIRK","0","36.18","Germany"
"9431","Primech Holdings","PMEC","0","0.5239","Singapore"
"9432","La Rosa Holdings","LRHC","0","0.503","United States"
"9433","Global Mofy AI","GMM","0","2.6","China"
"9434","Agape ATP","ATPC","0","2.4","Malaysia"
"9435","Northann Corp","NCL","0","0.159","United States"
"9436","Webuy Global","WBUY","0","0.8491","Singapore"
"9437","Abivax","ABVX","0","116.52","France"
"9438","Jet.AI","JTAI","0","1.49","United States"
"9439","reAlpha Tech","AIRE","0","1.66","United States"
"9440","CervoMed","CRVO","0","2.65","United States"
"9441","Pineapple Financial","PAPL","0","1.08","Canada"
"9442","Lexeo Therapeutics","LXEO","0","5.01","United States"
"9443","CAMGSM Plc. (Cellcard)","CGSM.KH","0","0.89","Cambodia"
"9444","Mengly J. Quach Education","MJQE.KH","0","0.53","Cambodia"
"9445","Globavend","GVH","0","1.02","Australia"
"9446","CARGO Therapeutics","CRGX","0","4.47","United States"
"9447","Signing Day Sports","SGN","0","0.5401","United States"
"9448","Shimmick","SHIM","0","4.14","United States"
"9449","Richtech Robotics","RR","0","1.85","United States"
"9450","DDC Enterprise","DDC","0","0.581","Hong Kong"
"9451","PMGC Holdings","ELAB","0","6.05","United States"
"9452","Korro Bio","KRRO","0","13.68","United States"
"9453","NCR Atleos Corporation","NATL","0","46.44","United States"
"9454","Greenfire Resources","GFR","0","6.12","Canada"
"9455","AEON Biopharma","AEON","0","0.2515","United States"
"9456","Allurion Technologies","ALUR","0","1.75","United States"
"9457","Kolibri Global Energy","KGEI","0","5.73","United States"
"9458","TriSalus Life Sciences","TLSI","0","4.93","United States"
"9459","MoneyHero","MNY","0","0.8601","Singapore"
"9460","Urgent.ly Inc.","ULY","0","5.38","United States"
"9461","Elutia","ELUT","0","1","United States"
"9462","Marti Technologies","MRT","0","2.17","Turkey"
"9463","Tharimmune","THAR","0","4.74","United States"
"9464","Vestis","VSTS","0","13.03","United States"
"9465","thyssenkrupp nucera","NCH2.DE","0","9.22602","Germany"
"9466","Boursa Kuwait Securities Company","BOURSA.KW","0","9546.94","Kuwait"
"9467","Ali Al-Ghanim Sons Automotive Company","ALG.KW","0","3044.33","Kuwait"
"9468","Gulf Cable and Electrical Industries Company - KPSC","CABLE.KW","0","5609.52","Kuwait"
"9469","Salhia Real Estate Company","SRE.KW","0","1251.63","Kuwait"
"9470","Kuwait International Bank","KIB.KW","0","818.122","Kuwait"
"9471","Shamal Az-Zour Al-Oula Power and Water Company","AZNOULA.KW","0","453.064","Kuwait"
"9472","Arabi Group Holding","AGHC.KW","0","1254.07","Kuwait"
"9473","Kuwait Real Estate Company (AQARAT)","KRE.KW","0","1153.85","Kuwait"
"9474","Commercial Real Estate Company (Kuwait)","ALTIJARIA.KW","0","606.258","Kuwait"
"9475","National Investments Company (Kuwait)","NINV.KW","0","873.533","Kuwait"
"9476","Arzan Financial Group for Financing and Investment","ARZAN.KW","0","1046.28","Kuwait"
"9477","ACWA POWER Company","2082.SR","0","52.1774","Saudi Arabia"
"9478","Mezzan Holding Company","MEZZAN.KW","0","3774.45","Kuwait"
"9479","Heisco (Heavy Engineering Industries and Shipbuilding Company)","SHIP.KW","0","2082.79","Kuwait"
"9480","Tamdeen Real Estate Company","TAM.KW","0","1352.67","Kuwait"
"9481","Naqi Water Company","2282.SR","0","14.9154","Saudi Arabia"
"9482","Al-Ahleia Insurance","AINS.KW","0","2314.21","Kuwait"
"9483","National Real Estate Company - K.P.S.C.","NRE.KW","0","459.583","Kuwait"
"9484","Integrated Holding Company K.S.C.P.","INTEGRATED.KW","0","1261.41","Kuwait"
"9485","IFA Hotels and Resorts","IFAHR.KW","0","2209.91","Kuwait"
"9486","A'ayan Leasing and Investment Company","AAYAN.KW","0","906.128","Kuwait"
"9487","Kuwait National Cinema Company","KCIN.KW","0","4413.3","Kuwait"
"9488","Noor Financial Investment Company","NOOR.KW","0","1587.35","Kuwait"
"9489","Kuwait Cement Company","KCEM.KW","0","1274.45","Kuwait"
"9490","Kuwait Portland Cement","PCEM.KW","0","2073.01","Kuwait"
"9491","Kuwait Insurance Company","KINS.KW","0","1512.39","Kuwait"
"9492","Commercial Facilities Company S.A.K.P.","FACIL.KW","0","873.533","Kuwait"
"9493","Independent Petroleum Group K.S.C.P.","IPG.KW","0","2330.51","Kuwait"
"9494","International Financial Advisors Holding","IFA.KW","0","1140.81","Kuwait"
"9495","Combined Group Contracting Company","CGC.KW","0","2816.17","Kuwait"
"9496","National Petroleum Services Company","NAPESCO.KW","0","4889.18","Kuwait"
"9497","United Projects Company For Aviation Services","UPAC.KW","0","792.047","Kuwait"
"9498","Kuwait Investment Company","KINV.KW","0","635.593","Kuwait"
"9499","Al Imtiaz Investment Group Company","ALIMTIAZ.KW","0","233.377","Kuwait"
"9500","Al-Mazaya Holding Company","MAZAYA.KW","0","249.022","Kuwait"
"9501","National International Holding Company (Kuwait)","NIH.KW","0","609.518","Kuwait"
"9502","Arabian Drilling Company","2381.SR","0","24.8502","Saudi Arabia"
"9503","Dar Al Arkan Real Estate Development Company","4300.SR","0","5.64389","Saudi Arabia"
"9504","Arabian Contracting Services Company","4071.SR","0","17.1394","Saudi Arabia"
"9505","The National Agricultural Development Company","6010.SR","0","4.0831","Saudi Arabia"
"9506","Estithmar Holding","IGRD.QA","0","1.11181","Qatar"
"9507","Lumi Rental Company","4262.SR","0","7.62818","Saudi Arabia"
"9508","Jahez International Company for Information Systems Technology","6017.SR","0","3.32667","Saudi Arabia"
"9509","Saudi Real Estate Company (Al Akaria)","4020.SR","0","4.20828","Saudi Arabia"
"9510","Knowledge Economic City Company","4310.SR","0","4.99401","Saudi Arabia"
"9511","Perfect Presentation for Commercial Services CompanyPerfect Presentation for Commercial Services","7204.SR","0","1.78985","Saudi Arabia"
"9512","Ladun Investment Company","9535.SR","0","0.679185","Saudi Arabia"
"9513","Development Works Food Company","6013.SR","0","24.7703","Saudi Arabia"
"9514","Tanmiah Food Company","2281.SR","0","17.0995","Saudi Arabia"
"9515","Herfy Food Services Company","6002.SR","0","4.23225","Saudi Arabia"
"9516","Saudi Advanced Industries Company","2120.SR","0","4.48795","Saudi Arabia"
"9517","Nayifat Finance Company","4081.SR","0","2.70609","Saudi Arabia"
"9518","Arabian Shield Cooperative Insurance Company","8070.SR","0","3.36929","Saudi Arabia"
"9519","Zamil Industrial Investment Company","2240.SR","0","7.59089","Saudi Arabia"
"9520","Saudi Fisheries Company","6050.SR","0","17.5922","Saudi Arabia"
"9521","Arabian International Healthcare Holding","9530.SR","0","4.66107","Saudi Arabia"
"9522","Morabaha Marina Financing Company","4082.SR","0","2.36516","Saudi Arabia"
"9523","Gulf Union Alahlia Cooperative Insurance","8120.SR","0","3.87269","Saudi Arabia"
"9524","Liva Insurance Company","8280.SR","0","3.90198","Saudi Arabia"
"9525","Mayar Holding Company","9568.SR","0","0.932215","Saudi Arabia"
"9526","Al Kathiri Holding Company","3008.SR","0","0.324943","Saudi Arabia"
"9527","Al-Baha Investment And Development Company","4130.SR","0","0.585964","Saudi Arabia"
"9528","Allied Cooperative Insurance Group","8150.SR","0","2.2533","Saudi Arabia"
"9529","Kakao Games","293490.KQ","0","5.93487","South Korea"
"9530","Smith Douglas Homes","SDHC","0","12.54","United States"
"9531","CCSC Technology International Holdings","CCTG","0","0.7005","Hong Kong"
"9532","J-Long Group","JL","0","4.8799","Hong Kong"
"9533","Planet Image International","YIBO","0","1.21","China"
"9534","CG Oncology","CGON","0","78.42","United States"
"9535","BrightSpring Health Services","BTSG","0","61.35","United States"
"9536","ArriVent BioPharma","AVBP","0","31.14","United States"
"9537","FibroBiologics","FBLG","0","1.41","United States"
"9538","Amer Sports","AS","0","31.59","Finland"
"9539","Fractyl Health","GUTS","0","0.7371","United States"
"9540","Alto Neuroscience","ANRO","0","36.53","United States"
"9541","Al Khazna Insurance","AKIC.AE","0","0.06","United Arab Emirates"
"9542","Oman &amp; Emirates Investment Holding Co.","OEIHC.AE","0","0.22","Oman"
"9543","BILDCO (Abu Dhabi National Building Materials Co.)","BILDCO.AE","0","0.5","United Arab Emirates"
"9544","Methaq Takaful Insurance Compnay","METHAQ.AE","0","0.18","United Arab Emirates"
"9545","Insurance House","IH.AE","0","0.37","United Arab Emirates"
"9546","Fujairah Cement Industries","FCI.AE","0","0.13","United Arab Emirates"
"9547","The National Investor PRJSC","TNI.AE","0","0.16","United Arab Emirates"
"9548","Gulf Cement","GCEM.AE","0","0.31","United Arab Emirates"
"9549","Union Insurance Company","UNION.AE","0","0.36","United Arab Emirates"
"9550","Hayah Insurance Company","HAYAH.AE","0","0.36","United Arab Emirates"
"9551","Sharjah Insurance","SICO.AE","0","0.41","United Arab Emirates"
"9552","Fidelity United insurance","FIDELITYUNITED.AE","0","0.44","United Arab Emirates"
"9553","Al Fujairah National Insurance Company","AFNIC.AE","0","57.19","United Arab Emirates"
"9554","Aram Group","ARAM.AE","0","0.54","United Arab Emirates"
"9555","Fujairah Building Industries","FBI.AE","0","0.81","United Arab Emirates"
"9556","AL KHALEEJ Investment","KICO.AE","0","1.26","United Arab Emirates"
"9557","Sawaeed Holding","SAWAEED.AE","0","1.85","United Arab Emirates"
"9558","Hily Holding","HH.AE","0","0.68","United Arab Emirates"
"9559","Sudatel Telecommunications Group","SUDATEL.AE","0","0.15","Sudan"
"9560","Sharjah Cement and Industrial Development","SCIDC.AE","0","0.39","United Arab Emirates"
"9561","Foodco National Foodstuff","FNF.AE","0","0.37","United Arab Emirates"
"9562","Umm Al Qaiwain General Investment","QIC.AE","0","0.39","United Arab Emirates"
"9563","Al Dhafra Insurance","DHAFRA.AE","0","2.44","United Arab Emirates"
"9564","Ras Alkhaima National Insurance","RAKNIC.AE","0","0.82","United Arab Emirates"
"9565","Abu Dhabi National Takaful","TKFL.AE","0","1.63","United Arab Emirates"
"9566","Al Ain Alahlia Insurance","ALAIN.AE","0","8.58","United Arab Emirates"
"9567","RAK Co. for White Cement &amp; Construction Materials","RAKWCT.AE","0","0.27","United Arab Emirates"
"9568","Finance House","FH.AE","0","0.56","United Arab Emirates"
"9569","Al Buhaira National Insurance Company","ABNIC.AE","0","0.7","United Arab Emirates"
"9570","Abu Dhabi Ship Building","ADSB.AE","0","2.28","United Arab Emirates"
"9571","Response Plus Holding","RPM.AE","0","0.56","United Arab Emirates"
"9572","MBC Group Co.","4072.SR","0","5.50806","Saudi Arabia"
"9573","Armah Sports","9590.SR","0","14.6491","Saudi Arabia"
"9574","Manazel","MANAZEL.AE","0","0.09","United Arab Emirates"
"9575","Easy Lease Motorcycle Rental","EASYLEASE.AE","0","5.36","United Arab Emirates"
"9576","Emirates Insurance Company","EIC.AE","0","2.2","United Arab Emirates"
"9577","Al Wathba National Insurance","AWNIC.AE","0","0.89","United Arab Emirates"
"9578","Eshraq Investments","ESHRAQ.AE","0","0.16","United Arab Emirates"
"9579","Gulf Pharmaceutical Industries","JULPHAR.AE","0","0.29","United Arab Emirates"
"9580","Gulf Medical Projects Company","GMPC.AE","0","0.63","United Arab Emirates"
"9581","Gulf Investment House Company","GIH.KW","0","2131.68","Kuwait"
"9582","Bank of Sharjah","BOS.AE","0","0.37","United Arab Emirates"
"9583","Palms Sports","PALMS.AE","0","2.07","United Arab Emirates"
"9584","Emirates Stallions Group (ESG)","ESG.AE","0","3.1","United Arab Emirates"
"9585","E7 Group PJSC","E7.AE","0","0.26","United Arab Emirates"
"9586","RAK Properties","RAKPROP.AE","0","0.29","United Arab Emirates"
"9587","United Arab Bank","UAB.AE","0","0.35","United Arab Emirates"
"9588","RAK Ceramics","RAKCEC.AE","0","0.64","United Arab Emirates"
"9589","National Corporation for Tourism &amp; Hotels","NCTH.AE","0","0.39","United Arab Emirates"
"9590","Invictus Investment Company","INVICTUS.AE","0","0.4","United Arab Emirates"
"9591","Abu Dhabi Aviation","ADAVIATION.AE","0","1.42","United Arab Emirates"
"9592","Emirates Driving Company","DRIVE.AE","0","0.99","United Arab Emirates"
"9593","Waha Capital Company","WAHA.AE","0","0.53","United Arab Emirates"
"9594","Abu Dhabi National Insurance Company","ADNIC.AE","0","1.9","United Arab Emirates"
"9595","National Bank of Umm Al Qaiwain","NBQ.AE","0","0.77","United Arab Emirates"
"9596","Agthia Group","AGTHIA.AE","0","0.89","United Arab Emirates"
"9597","Investcorp Capital","ICAP.AE","0","0.44","United Arab Emirates"
"9598","Apex Investment","APEX.AE","0","0.96","United Arab Emirates"
"9599","Anan Investment Holding","ANAN.AE","0","0.31","United Arab Emirates"
"9600","RAKBANK (The National Bank of Ras Al Khaimah)","RAKBANK.AE","0","2.7","United Arab Emirates"
"9601","Phoenix Group","PHX.AE","0","0.16","United Arab Emirates"
"9602","Pure Health Holding","PUREHEALTH.AE","0","0.72","United Arab Emirates"
"9603","RAPCO Investment","RAPCO.AE","0","0.62","United Arab Emirates"
"9604","Better Collective A/S","BETCO-DKK.CO","0","12.5957","Denmark"
"9605","Cadeler A/S","CDLR","0","25.2","Denmark"
"9606","Spyre Therapeutics","SYRE","0","93.605","United States"
"9607","flyExclusive","FLYX","0","1.3","United States"
"9608","Neurogene","NGNE","0","38.41","United States"
"9609","Nexxen","NEXN","0","10.06","Israel"
"9610","The Cannabist Company","CBSTF","0","0.0291","United States"
"9611","enGene","ENGN","0","1.95","Canada"
"9612","Syntec Optics","OPTX","0","8.51","United States"
"9613","Haoxi Health Technology","HAO","0","3.58","China"
"9614","Barinthus Biotherapeutics","BRNS","0","0.7064","United Kingdom"
"9615","Mobix Labs","MOBX","0","1.13","United States"
"9616","Airship AI","AISP","0","2.13","United States"
"9617","Talphera","TLPH","0","1.26","United States"
"9618","Dayforce","DAY","0","69.86","United States"
"9619","NCR Voyix Corporation","VYX","0","8.88","United States"
"9620","Perfect Moment","PMNT","0","0.1","United Kingdom"
"9621","Kyverna Therapeutics","KYTX","0","8.61","United States"
"9622","Telomir Pharmaceuticals","TELO","0","1.17","United States"
"9623","Metagenomi","MGX","0","1.22","United States"
"9624","BBB Foods","TBBB","0","49.91","Mexico"
"9625","Adani Energy Solutions","ADANIENSOL.NS","0","16.8587","India"
"9626","Unusual Machines","UMAC","0","23.89","United States"
"9627","Reddit","RDDT","0","155.36","United States"
"9628","Lotus Technology","LOT","0","1.19","China"
"9629","SolarMax Technology","SMXT","0","3.11","United States"
"9630","Lucas GC","LGCL","0","0.0573","China"
"9631","Ryde Group","RYDE","0","0.6552","Singapore"
"9632","AXIL Brands","AXIL","0","6.24","United States"
"9633","Emirates Reem Investments Company","ERC.AE","0","0.530959","United Arab Emirates"
"9634","Gulf Navigation Holding","GULFNAV.AE","0","0.822261","United Arab Emirates"
"9635","Islamic Arab Insurance","SALAMA.AE","0","0.334913","United Arab Emirates"
"9636","SHUAA Capital","SHUAA.AE","0","0.0588139","United Arab Emirates"
"9637","Emirates Investment Bank","EIBANK.AE","0","14.9758","United Arab Emirates"
"9638","Takaful Emarat - Insurance","TAKAFUL-EM.AE","0","0.443827","United Arab Emirates"
"9639","Bank Muscat","BKMB.OM","0","1.05974","Oman"
"9640","Omantel (Oman Telecom)","OTEL.OM","0","3.55844","Oman"
"9641","OQ Gas Network Company","OQGN.OM","0","0.579221","Oman"
"9642","Sohar International Bank","BKSB.OM","0","0.477922","Oman"
"9643","Bank Dhofar","BKDB.OM","0","0.568831","Oman"
"9644","National Bank of Oman","NBOB.OM","0","1.27273","Oman"
"9645","Ahlibank","ABOB.OM","0","0.558442","Oman"
"9646","HSBC Oman","HBMO.OM","0","0.433766","Oman"
"9647","Ominvest","OMVS.OM","0","1.04156","Oman"
"9648","Abraj Energy Services","ABRJ.OM","0","1.06234","Oman"
"9649","Bank Nizwa","BKNZ.OM","0","0.376623","Oman"
"9650","Ooredoo Oman","ORDS.OM","0","0.825974","Oman"
"9651","Oman Cables Industry","OCAI.OM","0","8.83117","Oman"
"9652","Oman Arab Bank","OAB.OM","0","0.672727","Oman"
"9653","Oman Cement Company","OCOI.OM","0","1.54286","Oman"
"9654","Liva Group","LIVA.OM","0","0.909091","Oman"
"9655","Sembcorp Salalah Power & Water Company","SSPW.OM","0","0.662338","Oman"
"9656","Renaissance Services","RNSS.OM","0","0.714286","Oman"
"9657","National Finance","NFCI.OM","0","0.550649","Oman"
"9658","Phoenix Power Company","PHPC.OM","0","0.72987","Oman"
"9659","Dhofar International Development &amp; Investment Holding","DIDI.OM","0","0.716883","Oman"
"9660","Al-Maha Petroleum","MHAS.OM","0","3.11688","Oman"
"9661","Shell Oman Marketing Company","SOMS.OM","0","1.96104","Oman"
"9662","Oman Flour Mills","OFMI.OM","0","1.50649","Oman"
"9663","Oman Refreshment Company (Pepsi Oman)","ORCI.OM","0","2.85714","Oman"
"9664","The Pearl REIF","PRFD.OM","0","0.477922","Oman"
"9665","Aluminium Bahrain (Alba)","ALBH.BH","0","0","Bahrain"
"9666","National Bank of Bahrain","NBB.BH","0","2.32638","Bahrain"
"9667","Bank of Bahrain and Kuwait","BBK.BH","0","1.4006","Bahrain"
"9668","Batelco (Bahrain Telecommunication Company)","BEYON.BH","0","1.46427","Bahrain"
"9669","Al Salam Bank","SALAM.BH","0","1.18839","Bahrain"
"9670","United Gulf Holding Company","UGH.BH","0","0.583585","Bahrain"
"9671","Bank ABC (Arab Banking Corporation)","ABC.BH","0","0.86","Bahrain"
"9672","United Parks &amp; Resorts","PRKS","0","43.13","United States"
"9673","Auna SA","AUNA","0","5.23","Luxembourg"
"9674","Astera Labs","ALAB","0","290.3","United States"
"9675","APM Terminals Bahrain","APMTB.BH","0","2.4935","Bahrain"
"9676","Gulf Hotels Group","GHG.BH","0","0.795798","Bahrain"
"9677","BMMI Group","BMMI.BH","0","0.190992","Bahrain"
"9678","Bahrain Duty Free Shop Complex","DUTYF.BH","0","0.326277","Bahrain"
"9679","Arab Insurance Group","ARIG.BH","0","0.54","Bahrain"
"9680","Oman Reinsurance","ORIC.OM","0","0.220779","Oman"
"9681","Taageer Finance","TFCI.OM","0","0.293507","Oman"
"9682","Oman Education and Training Investments (OETI)","OETI.OM","0","4.67532","Oman"
"9683","OQIC Oman Qatar Insurance Company","OQIC.OM","0","0.441558","Oman"
"9684","Al Jazeera Steel Products","ATMI.OM","0","2.33507","Oman"
"9685","Galfar Engineering and Contracting","GECS.OM","0","0.384416","Oman"
"9686","A'Saffa Foods","SPFI.OM","0","1.94805","Oman"
"9687","Oman Chlorine","OCHL.OM","0","0.405195","Oman"
"9688","Al Suwadi Power","SUWP.OM","0","0.477922","Oman"
"9689","SMN Power Company","SMNP.OM","0","0.493507","Oman"
"9690","Salalah Port Services Company","SPSI.OM","0","1.23636","Oman"
"9691","Oman Oil Marketing Company (oomco)","OOMS.OM","0","3.11688","Oman"
"9692","Cartesian Therapeutics","RNAC","0","10.19","United States"
"9693","Trump Media &amp; Technology Group","DJT","0","9.5","United States"
"9694","Al Batinah Power","BATP.OM","0","0.477922","Oman"
"9695","Al Omaniya Financial Services","AOFS.OM","0","0.379221","Oman"
"9696","Khaleeji Bank","KHALEEJI.BH","0","0.981484","Bahrain"
"9697","Seef Properties","SEEF.BH","0","1.36612","Bahrain"
"9698","Bahrain Islamic Bank","BISB.BH","0","2.22823","Bahrain"
"9699","Bahrain National Holding","BNH.BH","0","1.14064","Bahrain"
"9700","Boundless Bio","BOLD","0","2.915","United States"
"9701","Mixed Martial Arts Group Limited (MMA)","MMA","0","0.45","Australia"
"9702","Massimo Motor","MAMO","0","1","United States"
"9703","Contineum Therapeutics","CTNM","0","17.02","United States"
"9704","PACS Group","PACS","0","44.39","United States"
"9705","Mobile-health Network Solutions","MNDR","0","1.64","Singapore"
"9706","Ibotta","IBTA","0","37.75","United States"
"9707","Serve Robotics","SERV","0","4.78","United States"
"9708","Centuri Holdings","CTRI","0","21.17","United States"
"9709","Neo-Concept International Group","NCI","0","12.2","Hong Kong"
"9710","Rubrik","RBRK","0","96.13","United States"
"9711","Loar Holdings","LOAR","0","73.47","United States"
"9712","CleanCore Solutions","ZONE","0","0.1455","United States"
"9713","Viking Holdings","VIK","0","90.52","Bermuda"
"9714","NANO Nuclear Energy","NNE","0","18.5","United States"
"9715","Silvaco Group","SVCO","0","6.73","United States"
"9716","Proficient Auto Logistics","PAL","0","5.38","United States"
"9717","Oklo","OKLO","0","41.6","United States"
"9718","Bowhead Specialty Holdings","BOW","0","33.61","United States"
"9719","Solventum","SOLV","0","91.53","United States"
"9720","Tevogen Bio","TVGN","0","0.1551","United States"
"9721","Fly-E Group","FLYE","0","1.6929","United States"
"9722","Sable Offshore","SOC","0","4.63","United States"
"9723","Corpay","CPAY","0","406.93","United States"
"9724","Astrana Health","ASTH","0","38.61","United States"
"9725","Waystar","WAY","0","24.17","United States"
"9726","Life360","LIF","0","43.42","United States"
"9727","Gauzy","GAUZ","0","0.4995","United States"
"9728","Rapport Therapeutics","RAPP","0","52.5","United States"
"9729","Metallus","MTUS","0","19.4","United States"
"9730","Gyre Therapeutics","GYRE","0","6.65","United States"
"9731","Q32 Bio","QTTB","0","16.18","United States"
"9732","Baldwin Insurance Group","BWIN","0","30.41","United States"
"9733","iLearningEngines","AILE","0","0.42","United States"
"9734","BitFuFu","FUFU","0","1.41","Singapore"
"9735","Solaris Resources","SLSR","0","8.88","Canada"
"9736","DigiAsia Corp","FAAS","0","0.0807","Indonesia"
"9737","LakeShore Biopharma","LSB","0","0.627","China"
"9738","Serina Therapeutics","SER","0","2.63","United States"
"9739","Semilux International","SELX","0","0.34","Taiwan"
"9740","Solidion Technology","STI","0","7.325","United States"
"9741","SolarBank","SUUN","0","1.44","Canada"
"9742","LENZ Therapeutics","LENZ","0","4.78","United States"
"9743","Tempus AI","TEM","0","68.48","United States"
"9744","SCHMID Group","SHMD","0","3.17","Germany"
"9745","Logistic Properties of the Americas","LPA","0","3.07","United States"
"9746","Eledon Pharmaceuticals","ELDN","0","3.35","United States"
"9747","Agility Global","AGILITY.AE","0","0","United Arab Emirates"
"9748","WEBTOON Entertainment","WBTN","0","10.47","United States"
"9749","Tamboran Resources","TBN","0","36.96","Australia"
"9750","TruBridge","TBRG","0","26.24","United States"
"9751","Alumis","ALMS","0","23.62","United States"
"9752","Tectonic Therapeutic","TECX","0","35.97","United States"
"9753","Oil &amp; Gas Development Company","OGDC.PK","0","1.17693","Pakistan"
"9754","Meezan Bank","MEBL.PK","0","2.06044","Pakistan"
"9755","Mari Petroleum Company","MARI.PK","0","2.41802","Pakistan"
"9756","Nestle Pakistan","NESTLE.PK","0","27.0861","Pakistan"
"9757","Pakistan Petroleum","PPL.PK","0","0.866156","Pakistan"
"9758","United Bank (Pakistan)","UBL.PK","0","1.65508","Pakistan"
"9759","Colgate-Palmolive (Pakistan)","COLG.PK","0","4.39744","Pakistan"
"9760","Pakistan Tobacco Company","PAKT.PK","0","4.99844","Pakistan"
"9761","MCB Bank Pakistan","MCB.PK","0","1.45442","Pakistan"
"9762","Lucky Cement","LUCK.PK","0","1.60419","Pakistan"
"9763","Standard Chartered Bank (Pakistan)","SCBPL.PK","0","0.243426","Pakistan"
"9764","Engro Fertilizers","EFERT.PK","0","0.667301","Pakistan"
"9765","The Hub Power Company","HUBC.PK","0","0.765104","Pakistan"
"9766","Fauji Fertilizer Company","FFC.PK","0","1.98667","Pakistan"
"9767","Habib Bank","HBL.PK","0","1.15758","Pakistan"
"9768","Engro Corporation","ENGRO.PK","0","1.75173","Pakistan"
"9769","Pakistan Oilfields Limited","POL.PK","0","2.71558","Pakistan"
"9770","Bestway Cement","BWCL.PK","0","1.7522","Pakistan"
"9771","K-Electric","KEL.PK","0","0.0258042","Pakistan"
"9772","Allied Bank (Pakistan)","ABL.PK","0","0.62291","Pakistan"
"9773","Bank AL Habib","BAHL.PK","0","0.606345","Pakistan"
"9774","IFL (Ibrahim Fibres)","IBFL.PK","0","0.957283","Pakistan"
"9775","Millat Tractors","MTL.PK","0","1.0863","Pakistan"
"9776","Al Anwar Ceramic Tiles","AACT.OM","0","0.358442","Oman"
"9777","Raysut Cement","RCCI.OM","0","0.449351","Oman"
"9778","Oman United Insurance","OUIC.OM","0","0.831169","Oman"
"9779","Voltamp Energy","VOES.OM","0","0.446753","Oman"
"9780","Alef Education","ALEFEDT.AE","0","0.26","United Arab Emirates"
"9781","Bahrain Commercial Facilities Company","BCFC.BH","0","0.941694","Bahrain"
"9782","Bahrain Kuwait Insurance Company (GIG Bahrain)","BKIC.BH","0","1.03454","Bahrain"
"9783","Zain Bahrain","ZAINBH.BH","0","0.644596","Bahrain"
"9784","Solidarity Bahrain","SOLID.BH","0","0.185686","Bahrain"
"9785","INOVEST","INOVEST.BH","0","0.115","Bahrain"
"9786","Esterad Investment Company","ESTERAD.BH","0","0.899252","Bahrain"
"9787","Banader Hotels Company","BANADER.BH","0","0.695145","Bahrain"
"9788","Ithmaar Holding","ITHMR.BH","0","0.25","Bahrain"
"9789","National Hotels Company (Bahrain)","NHOTEL.BH","0","0.504006","Bahrain"
"9790","Systems Limited (Pakistan)","SYS.PK","0","0.444699","Pakistan"
"9791","Unilever Pakistan Foods","UPFL.PK","0","91.282","Pakistan"
"9792","Fatima Fertilizer","FATIMA.PK","0","0.564914","Pakistan"
"9793","Bank Alfalah","BAFL.PK","0","0.207841","Pakistan"
"9794","Interloop","ILP.PK","0","0.362703","Pakistan"
"9795","Ismail Industries","ISIL.PK","0","6.85346","Pakistan"
"9796","Lucky Core Industries (LCI)","LCI.PK","0","0.808051","Pakistan"
"9797","Faysal Bank","FABL.PK","0","0.349313","Pakistan"
"9798","National Bank of Pakistan","NBP.PK","0","0.697869","Pakistan"
"9799","Pakistan State Oil Company","PSO.PK","0","1.31569","Pakistan"
"9800","Dawood Hercules Corporation","DAWH.PK","0","0.993481","Pakistan"
"9801","Habib Metropolitan Bank","HMB.PK","0","0.368044","Pakistan"
"9802","Abbott Laboratories (Pakistan)","ABOT.PK","0","3.36722","Pakistan"
"9803","Rafhan Maize Products Company","RMPL.PK","0","33.4914","Pakistan"
"9804","Fauji Cement Company","FCCL.PK","0","0.20647","Pakistan"
"9805","GCT Semiconductor","GCTS","0","1.88","United States"
"9806","Rasan Information Technology Company","8313.SR","0","37.475","Saudi Arabia"
"9807","Amlak Finance","AMLAK.AE","0","0","United Arab Emirates"
"9808","Drake and Scull International","DSI.AE","0","0","United Arab Emirates"
"9809","Dubai Islamic Insurance &amp; Reinsurance","AMAN.AE","0","0","United Arab Emirates"
"9810","Air Arabia","AIRARABIA.AE","0","0","United Arab Emirates"
"9811","Atlanta Braves Holdings","BATRA","0","56.55","United States"
"9812","Aramex","ARMX.AE","0","0","United Arab Emirates"
"9813","Dubai Taxi Company","DTC.AE","0","0","United Arab Emirates"
"9814","Emirates Central Cooling Systems","EMPOWER.AE","0","0","United Arab Emirates"
"9815","Ajman Bank","AJMANBANK.AE","0","0","United Arab Emirates"
"9816","Al Ansari Financial Services","ALANSARI.AE","0","0","United Arab Emirates"
"9817","Watania International","WATANIA.AE","0","0","United Arab Emirates"
"9818","Sinarmas Land","A26.SI","0","0.291963","Singapore"
"9819","Murano Global Investments","MRNO","0","0.2217","United Kingdom"
"9820","GRAIL","GRAL","0","79.59","United States"
"9821","Lincoln Educational Services","LINC","0","25.61","United States"
"9822","Bioventus","BVS","0","13.97","United States"
"9823","Genfit","GNFT","0","4.85","France"
"9824","EDAP TMS","EDAP","0","4.32","France"
"9825","Zeo Energy","ZEO","0","0.3144","United States"
"9826","Citi Trends, Inc.","CTRN","0","69.09","United States"
"9827","Odysight.ai","ODYS","0","3.52","Israel"
"9828","Idaho Copper Corporation","COPR","0","3.2","United States"
"9829","Aeluma","ALMU","0","13.82","United States"
"9830","WISeKey International","WKEY","0","6.43","Switzerland"
"9831","SEALSQ","LAES","0","2.48","Switzerland"
"9832","Maris Tech","MTEK","0","1.09","Israel"
"9833","Addex Therapeutics","ADXN","0","4.23","Switzerland"
"9834","Propanc Biopharma","PPCB","0","1.07","Australia"
"9835","Lifeward","LFWD","0","0.3829","Israel"
"9836","Embla Medical","EMBLA.CO","0","4.52854","Iceland"
"9837","Bharti Hexacom","BHARTIHEXA.NS","0","16.2816","India"
"9838","Star Health and Allied Insurance Company","STARHEALTH.NS","0","6.13125","India"
"9839","Poonawalla Fincorp","POONAWALLA.NS","0","5.03718","India"
"9840","Aditya Birla Fashion and Retail","ABFRL.NS","0","0.563842","India"
"9841","Medartis Holding","MED.SW","0","114.185","Switzerland"
"9842","Arbonia","ARBN.SW","0","5.34311","Switzerland"
"9843","DocMorris","DOCM.SW","0","12.8086","Switzerland"
"9844","Komax Holding","KOMN.SW","0","93.9544","Switzerland"
"9845","EuroTeleSites","ETS.VI","0","5.22205","Austria"
"9846","Metall Zug AG","METN.SW","0","1040.08","Switzerland"
"9847","Frauenthal Holding","FKA.VI","0","25.2101","Austria"
"9848","Carlo Gavazzi Holding","GAV.SW","0","192.997","Switzerland"
"9849","Meyer Burger Technology","MBTN.SW","0","0.00608813","Switzerland"
"9850","Peach Property Group AG","PEAN.SW","0","5.78992","Switzerland"
"9851","Cicor Technologies","CICN.SW","0","165.568","Switzerland"
"9852","Xlife Sciences","XLS.SW","0","17.8724","Switzerland"
"9853","Newron Pharmaceuticals","NWRN.SW","0","15.4646","Italy"
"9854","Kudelski SA","KUD.SW","0","1.60107","Switzerland"
"9855","Kapsch TrafficCom","KTCG.VI","0","5.40856","Austria"
"9856","MCH Group","MCHN.SW","0","7.69508","Switzerland"
"9857","Santhera Pharmaceuticals","SANN.SW","0","19.61","Switzerland"
"9858","Edisun Power Europe","ESUN.SW","0","86.8799","Switzerland"
"9859","Athos Immobilien","ATH.VI","0","49.1899","Austria"
"9860","Adval Tech","ADVN.SW","0","51.6315","Switzerland"
"9861","Wolftank-Adisa Holding","WOLF.VI","0","4.42942","Austria"
"9862","RATH Aktiengesellschaft","RAT.VI","0","27.509","Austria"
"9863","Warimpex Finanz- und Beteiligungs AG","WXF.VI","0","0.582818","Austria"
"9864","GAM Holding AG","GAM.SW","0","0.0992913","Switzerland"
"9865","Wiener Privatbank","WPB.VI","0","16.7852","Austria"
"9866","Wolford","WOL.VI","0","2.54109","Austria"
"9867","Schlatter Industries AG","STRN.SW","0","22.2164","Switzerland"
"9868","Rakuten Bank","5838.T","0","40.8049","Japan"
"9869","Visional, Inc.","4194.T","0","58.1924","Japan"
"9870","SHIFT Inc.","3697.T","0","6.06646","Japan"
"9871","Sanken Electric Co., Ltd.","6707.T","0","47.0232","Japan"
"9872","Kuwait Reinsurance Company","KUWAITRE.KW","0","1202.74","Kuwait"
"9873","Canon Electronics Inc.","7739.T","0","22.5062","Japan"
"9874","United Real Estate Company","URC.KW","0","847.458","Kuwait"
"9875","Munshaat Real Estate Projects Company","MUNSHAAT.KW","0","746.415","Kuwait"
"9876","The Kuwait Company for Process Plant Construction and Contracting","KCPC.KW","0","1075.62","Kuwait"
"9877","National Consumer Holding Company","NCCI.KW","0","316.493","Kuwait"
"9878","Injazzat Real Estate Development Company","INJAZZAT.KW","0","482.399","Kuwait"
"9879","Warba Insurance and Reinsurance Company","WINSRE.KW","0","554.107","Kuwait"
"9880","Kuwait Foundry Company K.S.C.P.","KFOUC.KW","0","1456.98","Kuwait"
"9881","Livestock Transport and Trading Company","CATTL.KW","0","596.48","Kuwait"
"9882","Privatization Holding Company - K.P.S.C.","KPPC.KW","0","453.064","Kuwait"
"9883","The Securities House","SECH.KW","0","271.186","Kuwait"
"9884","Al Madar Kuwait Holding Company","MADAR.KW","0","397.653","Kuwait"
"9885","Gurunavi, Inc.","2440.T","0","0.821997","Japan"
"9886","First Takaful Insurance Company","FTI.KW","0","677.966","Kuwait"
"9887","Specialities Group Holding Company","SPEC.KW","0","857.236","Kuwait"
"9888","Unitika Ltd.","3103.T","0","9.69014","Japan"
"9889","Manazel Holding Company","MANAZEL.KW","0","155.476","Kuwait"
"9890","Kuwait Resorts Company","MUNTAZAHAT.KW","0","378.096","Kuwait"
"9891","Mubarrad Holding Company","MUBARRAD.KW","0","462.842","Kuwait"
"9892","Dar Al-Thuraya Real Estate","THURAYA.KW","0","720.339","Kuwait"
"9893","Aqar Real Estate Investments Company","AQAR.KW","0","332.464","Kuwait"
"9894","Bayan Investment Holding Company","BAYANINV.KW","0","231.421","Kuwait"
"9895","Osoul Investment Company","OSOUL.KW","0","805.085","Kuwait"
"9896","Metal and Recycling Company K.S.C.","MRC.KW","0","668.188","Kuwait"
"9897","Naseej International Trading Company","1213.SR","0","4.75696","Saudi Arabia"
"9898","Ajinomoto (Malaysia)","2658.KL","0","4.69477","Malaysia"
"9899","The Tourism Enterprise company (SHAMS)","4170.SR","0","3.89399","Saudi Arabia"
"9900","Mazaya Real Estate Development Q.P.S.C.","MRDS.QA","0","0.152473","Qatar"
"9901","Arq Inc.","ARQ","0","2.15","United States"
"9902","Eagle Football Group","EFG.PA","0","2.07483","France"
"9903","Xvivo Perfusion AB","XVIVO.ST","0","29.4752","Sweden"
"9904","Navigo Invest","NAVIGO-STAM.ST","0","0.326453","Sweden"
"9905","Norion Bank","NORION.ST","0","7.0329","Sweden"
"9906","Palladyne AI","PDYN","0","5.99","United States"
"9907","CCC S.A.","CCC.WA","0","34.9389","Poland"
"9908","MedCap","MCAP.ST","0","57.8902","Sweden"
"9909","Aker BioMarine","AKBM.OL","0","14.4398","Norway"
"9910","Benefit Systems","BFT.WA","0","1456.98","Poland"
"9911","Karnov Group","KAR.ST","0","8.3975","Sweden"
"9912","Boozt","BOOZT.ST","0","16.2911","Sweden"
"9913","SmartCraft ASA","SMCRT.OL","0","1.99594","Norway"
"9914","Dustin Group","DUST.ST","0","0.195872","Sweden"
"9915","Linc AB","LINC.ST","0","7.82017","Sweden"
"9916","BEWi ASA","BEWI.OL","0","2.24085","Norway"
"9917","Green Landscaping Group","GREEN.ST","0","2.49301","Sweden"
"9918","ALM Equity","ALM.ST","0","4.7026","Sweden"
"9919","BHG Group AB","BHG.ST","0","1.99441","Sweden"
"9920","Globe Trade Centre","GTC.WA","0","0.702811","Poland"
"9921","Nobia AB","NOBI.ST","0","1.59825","Sweden"
"9922","Fasadgruppen Group","FG.ST","0","1.92723","Sweden"
"9923","BICO Group","BICO.ST","0","2.06998","Sweden"
"9924","Neobo Fastigheter","NEOBO.ST","0","2.08258","Sweden"
"9925","Acast AB","ACAST.ST","0","3.78412","Sweden"
"9926","Plejd AB","PLEJD.ST","0","99.3004","Sweden"
"9927","Develia","DVL.WA","0","2.90856","Poland"
"9928","Brinova Fastigheter","BRIN-B.ST","0","1.3331","Sweden"
"9929","Arise AB","ARISE.ST","0","4.67444","Sweden"
"9930","Sandnes Sparebank","SADG.OL","0","9.64521","Norway"
"9931","Pricer AB","PRIC-B.ST","0","0.456614","Sweden"
"9932","Cereno Scientific","CRNO-B.ST","0","0.476348","Sweden"
"9933","XXL ASA","XXL.OL","0","0.988001","Norway"
"9934","MLP Group S.A.","MLG.WA","0","31.4913","Poland"
"9935","Scandinavian Enviro Systems","SES.ST","0","0.0192723","Sweden"
"9936","Magnora ASA","MGN.OL","0","2.3906","Norway"
"9937","Eurocash","EUR.WA","0","1.51104","Poland"
"9938","Genovis AB","GENO.ST","0","2.1781","Sweden"
"9939","Stille AB","STIL.ST","0","23.8279","Sweden"
"9940","Bulten AB","BULTEN.ST","0","6.45557","Sweden"
"9941","Devyser Diagnostics","DVYSR.ST","0","6.21415","Sweden"
"9942","Kongsberg Automotive ASA","KOA.OL","0","0.214993","Norway"
"9943","Fortinova Fastigheter AB","FNOVA-B.ST","0","2.50875","Sweden"
"9944","CDON AB","CDON.ST","0","5.56334","Sweden"
"9945","Dolphin Drilling","DDRIL.OL","0","0.249221","Norway"
"9946","Grenevia","GEA.WA","0","0.861864","Poland"
"9947","Infant Bacterial Therapeutics AB","IBT-B.ST","0","6.79147","Sweden"
"9948","CTEK AB","CTEK.ST","0","1.45487","Sweden"
"9949","Norcod AS","NCOD.OL","0","1.32633","Norway"
"9950","Garo Aktiebolag","GARO.ST","0","1.17565","Sweden"
"9951","Egetis Therapeutics AB","EGTX.ST","0","0.828203","Sweden"
"9952","Kempower","KEMPOWR.HE","0","12.2625","Finland"
"9953","Bank Ochrony Srodowiska","BOS.WA","0","2.72474","Poland"
"9954","Byggma ASA","BMA.OL","0","2.39594","Norway"
"9955","LumenRadio","LUMEN.ST","0","5.50036","Sweden"
"9956","Celon Pharma","CLN.WA","0","5.98741","Poland"
"9957","Selvita","SLV.WA","0","7.37952","Poland"
"9958","Annehem Fastigheter","ANNE-B.ST","0","1.80021","Sweden"
"9959","Fractal Gaming Group","FRACTL.ST","0","1.47376","Sweden"
"9960","Stalprodukt","STP.WA","0","60.5499","Poland"
"9961","ArcticZymes Technologies ASA","AZT.OL","0","2.19272","Norway"
"9962","Nekkar ASA","NKR.OL","0","1.57769","Norway"
"9963","Axactor ASA","ACR.OL","0","0.538018","Norway"
"9964","Carasent ASA","CARA.OL","0","1.57626","Norway"
"9965","Balco Group","BALCO.ST","0","1.72673","Sweden"
"9966","Lubelski Wegiel Bogdanka","LWB.WA","0","6.59561","Poland"
"9967","Nordisk Bergteknik AB","NORB-B.ST","0","1.13366","Sweden"
"9968","Scana ASA","SCANA.OL","0","0.157234","Norway"
"9969","Grenergy Renovables","GRE.MC","0","107.472","Spain"
"9970","NRC Group ASA","NRC.OL","0","0.941264","Norway"
"9971","ZE PAK SA","ZEP.WA","0","4.83858","Poland"
"9972","Doxa AB","DOXA.ST","0","0.0351645","Sweden"
"9973","BioPorto","BIOPOR.CO","0","0.192521","Denmark"
"9974","Alcadon Group AB","ALCA.ST","0","3.20155","Sweden"
"9975","Netel Holding","NETEL.ST","0","0.356894","Sweden"
"9976","Senzime AB","SEZI.ST","0","0.390484","Sweden"
"9977","Musti Group","MUSTI.HE","0","17.776","Finland"
"9978","FirstFarms A/S","FFARMS.CO","0","10.7563","Denmark"
"9979","Alligator Bioscience AB","ATORX.ST","0","0.00350595","Sweden"
"9980","NEXT Biometrics Group ASA","NEXT.OL","0","0.0299493","Norway"
"9981","KMC Properties","KMCP.OL","0","2.49568","Norway"
"9982","HydrogenPro ASA","HYPRO.OL","0","0.0541227","Norway"
"9983","Mentice AB","MNTC.ST","0","1.40133","Sweden"
"9984","Prosafe SE","PRS.OL","0","0.565576","Norway"
"9985","Flat Capital AB","FLAT-B.ST","0","0.963088","Sweden"
"9986","Lubawa","LBW.WA","0","3.32754","Poland"
"9987","VIGO Photonics","VGO.WA","0","130.561","Poland"
"9988","Norse Atlantic ASA","NORSE.OL","0","0.0340139","Norway"
"9989","Proximar Seafood","PROXI.OL","0","0.0469562","Norway"
"9990","Erbud","ERB.WA","0","6.12256","Poland"
"9991","Creotech Instruments","CRI.WA","0","194.084","Poland"
"9992","Talgo S.A.","TLGO.MC","0","3.14139","Spain"
"9993","Answear.com","ANR.WA","0","5.83874","Poland"
"9994","Otovo ASA","OTOVO.OL","0","1.23006","Norway"
"9995","Aquaporin","AQP.CO","0","0.0906825","Denmark"
"9996","PCC Exol","PCX.WA","0","0.54603","Poland"
"9997","BEST S.A.","BST.WA","0","9.46092","Poland"
"9998","Synthaverse","SVE.WA","0","0.8231","Poland"
"9999","OT Logistics","OTS.WA","0","4.18443","Poland"
"10000","OEX S.A.","OEX.WA","0","13.2621","Poland"
"10001","Techstep ASA","TECH.OL","0","0.1813","Norway"
"10002","Cavatina Holding Spólka Akcyjna","CAV.WA","0","3.60866","Poland"
"10003","Columbus Energy","CLC.WA","0","0.917709","Poland"
"10004","Ercros","ECR.MC","0","4.0739","Spain"
"10005","Captor Therapeutics","CTX.WA","0","19.7328","Poland"
"10006","Quercus TFI","QRS.WA","0","3.70327","Poland"
"10007","Dadelo","DAD.WA","0","22.544","Poland"
"10008","Atrys Health","ATRY.MC","0","2.93741","Spain"
"10009","Ekopak","EKOP.BR","0","4.37114","Belgium"
"10010","MotorK","MTRK.AS","0","2.7509","Italy"
"10011","Novabase","NBA.LS","0","8.39259","Portugal"
"10012","Soltec Power Holdings","SOL.MC","0","0.979135","Spain"
"10013","CM.com","CMCOM.AS","0","8.06621","Netherlands"
"10014","Avantium N.V.","AVTX.AS","0","5.75825","Netherlands"
"10015","Asetek","ASTK.CO","0","0.260469","Denmark"
"10016","Hvidbjerg Bank","HVID.CO","0","28.2157","Denmark"
"10017","Obrascón Huarte Lain","OHLA.MC","0","0.472782","Spain"
"10018","Vista Alegre Atlantis","VAF.LS","0","1.27054","Portugal"
"10019","Grupa Kapitałowa Immobile","GKI.WA","0","1.40562","Poland"
"10020","Agfa-Gevaert","AGFB.BR","0","0.545518","Belgium"
"10021","Squirrel Media","SQRL.MC","0","2.43618","Spain"
"10022","GreenMobility A/S","GREENM.CO","0","10.5068","Denmark"
"10023","Nightingale Health","HEALTH.HE","0","1.03975","Finland"
"10024","Roularta Media Group","ROU.BR","0","14.2791","Belgium"
"10025","Aiforia Technologies Oyj","AIFORIA.HE","0","1.40343","Finland"
"10026","Nueva Expresión Textil","NXT.MC","0","1.30085","Spain"
"10027","Llorente &amp; Cuenca","LLYC.MC","0","5.54843","Spain"
"10028","Sitowise Group Oyj","SITOWS.HE","0","2.93741","Finland"
"10029","Rapala VMC Corporation","RAP1V.HE","0","1.98505","Finland"
"10030","Vocento","VOC.MC","0","0.93251","Spain"
"10031","Ebusco Holding","EBUS.AS","0","0.290244","Netherlands"
"10032","Gigas Hosting","GIGA.MC","0","3.68341","Spain"
"10033","Estoril Sol","ESON.LS","0","3.49691","Portugal"
"10034","Bever Holding","BEVER.AS","0","3.26378","Netherlands"
"10035","AS Pro Kapital Grupp","PKG1T.TL","0","0.757664","Estonia"
"10036","Sequana Medical","SEQUA.BR","0","0.712204","Belgium"
"10037","AS Silvano Fashion Group","SFG1T.TL","0","1.25889","Estonia"
"10038","AS PRFoods","PRF1T.TL","0","0.0648094","Estonia"
"10039","Utenos Trikotazas AB","UTR1L.VS","0","0.410304","Lithuania"
"10040","AS Trigon Property Development","TPD1T.TL","0","0.657419","Estonia"
"10041","Meritz Financial Group","138040.KS","0","86.2331","South Korea"
"10042","SK Biopharmaceuticals","326030.KS","0","63.769","South Korea"
"10043","SKC Co., Ltd.","011790.KS","0","65.2908","South Korea"
"10044","Taihan Cable & Solution Co., Ltd.","001440.KS","0","21.5945","South Korea"
"10045","Hanwha Engine","082740.KS","0","35.0005","South Korea"
"10046","Egypt Kuwait Holding Company","EKHOLDING.KW","0","685.921","Egypt"
"10047","Beyout Investment Group","BEYOUT.KW","0","1111.47","Kuwait"
"10048","Al-Maidan Clinic for Oral Health Services","MIDAN.KW","0","3259.45","Kuwait"
"10049","National Industries Company","NICBM.KW","0","883.312","Kuwait"
"10050","Advanced Technology Company K.S.C.P.","ATC.KW","0","1760.1","Kuwait"
"10051","Al Eid Food Company","ALEID.KW","0","704.731","Kuwait"
"10052","Kuwait Financial Centre "Markaz”","MARKAZ.KW","0","449.804","Kuwait"
"10053","Jassim Transport &amp; Stevedoring Company","JTC.KW","0","1365.71","Kuwait"
"10054","Ajial Real Estate Entertainment Company","AREEC.KW","0","994.133","Kuwait"
"10055","Rasiyat Holding Company","RASIYAT.KW","0","2099.09","Kuwait"
"10056","Al Soor Fuel Marketing Company K.S.C.P.","SOOR.KW","0","912.647","Kuwait"
"10057","Oula Fuel Marketing Company","OULAFUEL.KW","0","1104.95","Kuwait"
"10058","Al-Deera Holding Company","ALDEERA.KW","0","1619.95","Kuwait"
"10059","Kuwait Business Town Real Estate Company","KBT.KW","0","252.933","Kuwait"
"10060","KAMCO Investment Company","KAMCO.KW","0","664.928","Kuwait"
"10061","Burgan Company for Well Drilling","ABAR.KW","0","756.193","Kuwait"
"10062","A'ayan Real Estate Company K.S.C.P.","AAYANRE.KW","0","616.036","Kuwait"
"10063","Asiya Capital Investments Company","ASIYA.KW","0","133.638","Kuwait"
"10064","Coast Investment &amp; Development Company","COAST.KW","0","306.063","Kuwait"
"10065","Sokouk Holding Company K.S.C.P.","SOKOUK.KW","0","257.823","Kuwait"
"10066","Al Safat Investment Company","ALSAFAT.KW","0","593.22","Kuwait"
"10067","Sultan Center Food Products Company","SULTAN.KW","0","0","Kuwait"
"10068","Al-Enma'a Real Estate Company","ERESCO.KW","0","423.177","Kuwait"
"10069","Al-Arabiya Real Estate Company","ARABREC.KW","0","531.291","Kuwait"
"10070","ACICO Industries Company","ACICO.KW","0","1932.86","Kuwait"
"10071","Kuwait and Middle East Financial Investment Company","KMEFIC.KW","0","498.696","Kuwait"
"10072","Automated Systems Company KPSC","ASC.KW","0","5479.14","Kuwait"
"10073","KFIC Invest (K.S.C.P)","KFIC.KW","0","606.258","Kuwait"
"10074","Tijara &amp; Real Estate Investment Company","TIJARA.KW","0","397.653","Kuwait"
"10075","Al Argan International Real Estate Company","ARGAN.KW","0","368.318","Kuwait"
"10076","Sanam Real Estate Company","SANAM.KW","0","1131.03","Kuwait"
"10077","First Investment Company K.S.C.P.","ALOLA.KW","0","426.988","Kuwait"
"10078","Shuaiba Industrial Company","PAPER.KW","0","703.583","Kuwait"
"10079","Al Manar Financing and Leasing Company","ALMANAR.KW","0","361.799","Kuwait"
"10080","Future Kid Entertainment and Real Estate Company","FUTUREKID.KW","0","281.943","Kuwait"
"10081","Kuwait and Gulf Link Transport Company","KGL.KW","0","234.91","Kuwait"
"10082","Mashaer Holding Company K.S.C.P.","MASHAER.KW","0","449.804","Kuwait"
"10083","Amar Finance and Leasing Company","AMAR.KW","0","342.242","Kuwait"
"10084","National Cleaning Company","CLEANING.KW","0","922.425","Kuwait"
"10085","OSOS Holding Group Company K.P.S.C.","OSOS.KW","0","619.296","Kuwait"
"10086","Kuwait Emirates Holding Company","EMIRATES.KW","0","498.696","Kuwait"
"10087","Palms Agro Production Company","PAPCO.KW","0","847.458","Kuwait"
"10088","Kuwait Hotels Company K.S.C.P.","KHOT.KW","0","772.49","Kuwait"
"10089","Dalqan Real Estate Company","DALQAN.KW","0","561.178","Kuwait"
"10090","Credit Rating And Collection Company","TAHSSILAT.KW","0","469.361","Kuwait"
"10091","Senergy Holding Company K.S.C.P.","SENERGY.KW","0","821.382","Kuwait"
"10092","Real-Estate Trade Centers Company (Marakez)","MARAKEZ.KW","0","616.036","Kuwait"
"10093","Kuwait Real Estate Holding Company","ALAQARIA.KW","0","222.295","Kuwait"
"10094","Wethaq Takaful Insurance Company K.S.C.P.","WETHAQ.KW","0","391.134","Kuwait"
"10095","The Energy House Holding Company","ENERGYH.KW","0","844.198","Kuwait"
"10096","Equipment Holding Company K.S.C.P.","EQUIPMENT.KW","0","687.744","Kuwait"
"10097","Bank Millennium","MIL.WA","0","5.69818","Poland"
"10098","Dottikon ES","DESN.SW","0","340.693","Switzerland"
"10099","DO &amp; CO Aktiengesellschaft","DOC.VI","0","242.452","Austria"
"10100","ARYZTA AG","ARYN.SW","0","50.8868","Switzerland"
"10101","Sygnity","SGN.WA","0","24.0037","Poland"
"10102","Aevis Victoria","AEVS.SW","0","15.9487","Switzerland"
"10103","Sensirion Holding","SENS.SW","0","104.628","Switzerland"
"10104","Montana Aerospace","AERO.SW","0","31.0906","Switzerland"
"10105","Gobarto","GOB.WA","0","5.9661","Poland"
"10106","Enter Air","ENT.WA","0","14.2454","Poland"
"10107","Proeduca Altus","PRO.MC","0","38.6676","Spain"
"10108","eDreams ODIGEO","EDR.MC","0","6.48094","Spain"
"10109","Realia Business","RLIA.MC","0","1.17729","Spain"
"10110","Wittchen","WTN.WA","0","3.7276","Poland"
"10111","Lindex Group","LINDEX.HE","0","2.68096","Finland"
"10112","Rieter Holding","RIEN.SW","0","3.82272","Switzerland"
"10113","Basilea Pharmaceutica","BSLN.SW","0","81.9153","Switzerland"
"10114","Kuros Biosciences","KURN.SW","0","26.4115","Switzerland"
"10115","Leonteq","LEON.SW","0","25.0711","Switzerland"
"10116","ORIOR AG","ORON.SW","0","17.2767","Switzerland"
"10117","Varia US Properties","VARN.SW","0","16.5072","Switzerland"
"10118","Leclanché","LECN.SW","0","0.104752","Switzerland"
"10119","Incap Oyj","ICP1V.HE","0","9.8846","Finland"
"10120","Lassila &amp; Tikanoja Oyj","LAT1V.HE","0","9.3635","Finland"
"10121","Swiss Steel","STLN.SW","0","1.60943","Switzerland"
"10122","Lalique Group","LLQ.SW","0","40.5543","Switzerland"
"10123","Feintool International","FTON.SW","0","14.2731","Switzerland"
"10124","Orascom Development","ODHN.SW","0","6.66163","Switzerland"
"10125","Rosenbauer International","ROS.VI","0","71.337","Austria"
"10126","izertis","IZER.MC","0","9.74473","Spain"
"10127","Gurit Holding","GURN.SW","0","47.7839","Switzerland"
"10128","Semperit","SEM.VI","0","19.7575","Austria"
"10129","Árima Real Estate","ARM.MC","0","12.4723","Spain"
"10130","Ecoener","ENER.MC","0","4.4877","Spain"
"10131","Olimpo Real Estate","YORE.MC","0","1.12484","Spain"
"10132","WithSecure Oyj","WITH.HE","0","2.00023","Finland"
"10133","Oriola","OKDBV.HE","0","1.17525","Finland"
"10134","SNGULAR","SNG.MC","0","2.44784","Spain"
"10135","Lafinca Global Assets","YLFG.MC","0","4.91899","Spain"
"10136","Suominen","SUY1V.HE","0","0.794964","Finland"
"10137","Amper, S.A.","AMP.MC","0","5.50414","Spain"
"10138","Vitruvio Real Estate","YVIT.MC","0","20.9815","Spain"
"10139","Brouwerij Handelsmaatschappij","COBH.BR","0","2634.34","Belgium"
"10140","Duro Felguera","MDF.MC","0","0.300734","Spain"
"10141","Oryzon Genomics","ORY.MC","0","3.30808","Spain"
"10142","Deoleo","OLE.MC","0","0.507881","Spain"
"10143","Secuoya, Grupo de Comunicación, S.A.","SEC.MC","0","32.6378","Spain"
"10144","Optomed","OPTOMED.HE","0","1.95827","Finland"
"10145","Tubos Reunidos","TRG.MC","0","0.167893","Spain"
"10146","Agile Content","AGIL.MC","0","2.5644","Spain"
"10147","Biotalys","BTLS.BR","0","3.12391","Belgium"
"10148","AS Ekspress Grupp","EEG1T.TL","0","1.46287","Estonia"
"10149","Airesis SA","AIRE.SW","0","0.0298641","Switzerland"
"10150","Asmallworld AG","ASWN.SW","0","0.757096","Switzerland"
"10151","Nordecon AS","NCN1T.TL","0","0.699382","Estonia"
"10152","Zwahlen &amp; Mayr SA","ZWM.SW","0","179.569","Switzerland"
"10153","Perrot Duval","PEDU.SW","0","111.703","Switzerland"
"10154","Evolva Holding SA","EVE.SW","0","2.97874","Switzerland"
"10155","Nordic Fibreboard AS","SKN1T.TL","0","0.728523","Estonia"
"10156","Athabasca Oil Corporation","ATH.TO","0","7.69342","Canada"
"10157","Aya Gold &amp; Silver","AYA.TO","0","27.7121","Canada"
"10158","NFI Group","NFI.TO","0","16.078","Canada"
"10159","NGEx Minerals","NGEX.TO","0","20.7535","Canada"
"10160","WELL Health Technologies","WELL.TO","0","3.15516","Canada"
"10161","G Mining Ventures","GMIN.TO","0","40.1383","Canada"
"10162","Mattr Corp.","MATR.TO","0","12.5702","Canada"
"10163","Dye &amp; Durham","DND.TO","0","0.533064","Canada"
"10164","Héroux-Devtek","HRX.TO","0","18.597","Canada"
"10165","Senvest Capital","SEC.TO","0","313.355","Canada"
"10166","Coveo Solutions","CVO.TO","0","3.06152","Canada"
"10167","Allied Gold Corporation","AAUC.TO","0","23.5485","Canada"
"10168","Rupert Resources","RUP.TO","0","7.33956","Canada"
"10169","Major Drilling Group International","MDI.TO","0","12.8392","Canada"
"10170","D2L Inc.","DTOL.TO","0","7.15315","Canada"
"10171","Cineplex","CGX.TO","0","9.00447","Canada"
"10172","5N Plus","VNP.TO","0","18.8013","Canada"
"10173","The Westaim Corporation","WED.V","0","14.2271","Canada"
"10174","DeFi Technologies","DEFI.NE","0","0.583489","Canada"
"10175","Sintana Energy","SEI.V","0","0.280939","Canada"
"10176","Real Matters","REAL.TO","0","3.41449","Canada"
"10177","Global Atomic","GLO.TO","0","0.439418","Canada"
"10178","AutoCanada Inc.","ACQ.TO","0","16.1936","Canada"
"10179","Discovery Silver Corp.","DSV.TO","0","9.13413","Canada"
"10180","Tiny Ltd.","TINY.V","0","6.19559","Canada"
"10181","Healwell AI","AIDX.TO","0","0.56548","Canada"
"10182","Montage Gold Corp.","MAU.TO","0","14.4071","Canada"
"10183","Lithium Royalty Corp.","LIRC.TO","0","7.68248","Canada"
"10184","Calfrac Well Services","CFW.TO","0","5.00648","Canada"
"10185","Blackline Safety","BLN.TO","0","6.51923","Canada"
"10186","G2 Goldfields","GTWO.TO","0","6.97306","Canada"
"10187","Kits Eyecare","KITS.TO","0","11.6842","Canada"
"10188","Kraken Robotics","PNG.V","0","4.14926","Canada"
"10189","Jaguar Mining","JAG.TO","0","5.68946","Canada"
"10190","EcoSynthetix","ECO.TO","0","1.65768","Canada"
"10191","WildBrain","WILD.TO","0","1.18859","Canada"
"10192","Orogen Royalties","OGN.V","0","3.85391","Canada"
"10193","NervGen Pharma","NGEN.V","0","3.74562","Canada"
"10194","VERSES AI","VERS.NE","0","0.273736","Canada"
"10195","Trigon Metals","TM.V","0","0.28169","Canada"
"10196","Renegade Gold","RAGE.V","0","0.288143","Canada"
"10197","Talen Energy","TLN","0","306.29","United States"
"10198","Aris Mining","ARIS","0","20.64","Canada"
"10199","Fintech Scion (FintechCashier)","FINR","0","0.001","United Kingdom"
"10200","Borealis Foods","BRLS","0","1.25","Canada"
"10201","BrainsWay","BWAY","0","14.3","Israel"
"10202","AstroNova, Inc.","ALOT","0","28.99","United States"
"10203","Avant Technologies Inc.","AVAI","0","0.113","United States"
"10204","TSS, Inc.","TSSI","0","8.51","United States"
"10205","CS Diagnostics","CSDX","0","0.0105","Germany"
"10206","United States Antimony Corporation","UAMY","0","5.06","United States"
"10207","QXO, Inc.","QXO","0","14.02","United States"
"10208","Ryvyl Inc.","RVYL","0","7.81","United States"
"10209","Rocky Mountain Chocolate Factory","RMCF","0","1.1","United States"
"10210","Reed's, Inc.","REED","0","1.03","United States"
"10211","Bright Minds Biosciences","DRUG","0","76.63","United States"
"10212","Gaxos.ai","GXAI","0","0.8305","United States"
"10213","PVR INOX","PVRINOX.NS","0","12.9549","India"
"10214","IGO Limited","IGO.AX","0","5.9546","Australia"
"10215","Nickel Industries Limited","NIC.AX","0","0.610544","Australia"
"10216","Webjet Limited","WEB.AX","0","2.75822","Australia"
"10217","Neuren Pharmaceuticals","NEU.AX","0","15.0984","Australia"
"10218","Coronado Global Resources","CRN.AX","0","0.129292","Australia"
"10219","PEXA Group","PXA.AX","0","5.81095","Australia"
"10220","Macquarie Technology Group","MAQ.AX","0","44.1388","Australia"
"10221","Genesis Minerals Limited","GMD.AX","0","5.9977","Australia"
"10222","Tuas Limited","TUA.AX","0","1.56587","Australia"
"10223","Bellevue Gold","BGL.AX","0","1.19954","Australia"
"10224","Corporate Travel Management","CTD.AX","0","11.5429","Australia"
"10225","Megaport Limited","MP1.AX","0","12.254","Australia"
"10226","Zip Co","ZIP.AX","0","1.83882","Australia"
"10227","Nufarm","NUF.AX","0","2.20504","Australia"
"10228","West African Resources","WAF.AX","0","2.80132","Australia"
"10229","Insignia Financial (IOOF)","IFL.AX","0","3.35975","Australia"
"10230","DroneShield","DRO.AX","0","1.28933","Australia"
"10231","Judo Capital Holdings","JDO.AX","0","0.729062","Australia"
"10232","The Star Entertainment Group","SGR.AX","0","0.0969688","Australia"
"10233","SiteMinder","SDR.AX","0","2.20514","Australia"
"10234","Resolute Mining","RSG.AX","0","0.987645","Australia"
"10235","Lifestyle Communities Limited","LIC.AX","0","4.04396","Australia"
"10236","Audinate Group","AD8.AX","0","1.86036","Australia"
"10237","Silex Systems Limited","SLX.AX","0","4.20917","Australia"
"10238","Gentrack Group","GTK.NZ","0","2.67103","New Zealand"
"10239","Nuix Limited","NXL.AX","0","1.46531","Australia"
"10240","Healius Limited","HLS.AX","0","0.312455","Australia"
"10241","WA1 Resources","WA1.AX","0","8.3896","Australia"
"10242","Nanosonics Limited","NAN.AX","0","1.91783","Australia"
"10243","Alpha HPA Limited","A4N.AX","0","0.387875","Australia"
"10244","Austal Limited","ASB.AX","0","2.95216","Australia"
"10245","Australian Agricultural Company","AAC.AX","0","0.97328","Australia"
"10246","Vulcan Energy Resources","VUL.AX","0","1.85318","Australia"
"10247","Ora Banda Mining","OBM.AX","0","1.1313","Australia"
"10248","Superloop Limited","SLC.AX","0","2.10458","Australia"
"10249","BCI Minerals Limited","BCI.AX","0","0.341187","Australia"
"10250","Botanix Pharmaceuticals","BOT.AX","0","0.0143658","Australia"
"10251","Chrysos Corporation Limited","C79.AX","0","5.02083","Australia"
"10252","Strike Energy","STX.AX","0","0.0754202","Australia"
"10253","Pantoro Limited","PNR.AX","0","1.95374","Australia"
"10254","Cettire Limited","CTT.AX","0","0.168798","Australia"
"10255","Winton Land","WIN.NZ","0","0.66627","New Zealand"
"10256","Vista Group International","VGL.NZ","0","1.67162","New Zealand"
"10257","Develop Global Limited","DVP.AX","0","4.06551","Australia"
"10258","OFX Group","OFX.AX","0","0.588996","Australia"
"10259","Mount Gibson Iron","MGX.AX","0","0.264891","Australia"
"10260","Catapult Group International","CAT.AX","0","2.41345","Australia"
"10261","Weebit Nano","WBT.AX","0","2.79414","Australia"
"10262","Qoria Limited","QOR.AX","0","0.168798","Australia"
"10263","Chalice Mining","CHN.AX","0","1.00201","Australia"
"10264","Predictive Discovery Limited","PDI.AX","0","3.21434","Australia"
"10265","Serko Limited","SKO.NZ","0","0.874479","New Zealand"
"10266","Sovereign Metals","SVM.AX","0","0.384284","Australia"
"10267","Emeco Holdings","EHL.AX","0","0.811665","Australia"
"10268","Grange Resources","GRR.AX","0","0.0969688","Australia"
"10269","Arafura Rare Earths","ARU.AX","0","0.147249","Australia"
"10270","Imugene","IMU.AX","0","0.0509984","Australia"
"10271","Oceania Healthcare","OCA.NZ","0","0.481856","New Zealand"
"10272","ClearView Wealth Limited","CVW.AX","0","0.466887","Australia"
"10273","ReadyTech Holdings","RDY.AX","0","1.01638","Australia"
"10274","Mayne Pharma Group","MYX.AX","0","2.24106","Australia"
"10275","Aurelia Metals","AMI.AX","0","0.312455","Australia"
"10276","EML Payments","EML.AX","0","0.165206","Australia"
"10277","Kelly Partners Group","KPG.AX","0","3.26821","Australia"
"10278","Anteris Technologies","AVR.AX","0","8.74156","Australia"
"10279","Carnarvon Energy","CVN.AX","0","0.0718288","Australia"
"10280","Rex Minerals","RXM.AX","0","0.295872","Australia"
"10281","Alkane Resources","ALK.AX","0","1.34951","Australia"
"10282","DUG Technology","DUG.AX","0","1.14926","Australia"
"10283","Syrah Resources Limited","SYR.AX","0","0.079023","Australia"
"10284","Race Oncology","RAC.AX","0","1.61615","Australia"
"10285","Metro Mining","MMI.AX","0","0.994828","Australia"
"10286","Ainsworth Game Technology","AGI.AX","0","0.754202","Australia"
"10287","Magnetic Resources NL","MAU.AX","0","1.30668","Australia"
"10288","Encounter Resources","ENR.AX","0","0.186755","Australia"
"10289","3P Learning","3PL.AX","0","0.251401","Australia"
"10290","29Metals","29M.AX","0","0.244218","Australia"
"10291","Meteoric Resources","MEI.AX","0","0.154432","Australia"
"10292","KMD Brands","KMD.NZ","0","0.0414161","New Zealand"
"10293","Empire Energy Group","EEG.AX","0","0.119432","Australia"
"10294","Omni Bridgeway","OBL.AX","0","1.03074","Australia"
"10295","AIC Mines Limited","A1M.AX","0","0.610544","Australia"
"10296","Frontier Energy Limited","FHE.AX","0","0.154432","Australia"
"10297","Atturra","ATA.AX","0","0.280132","Australia"
"10298","Burgundy Diamond Mines","BDM.AX","0","0.0122109","Australia"
"10299","Atlantic Lithium Limited","A11.AX","0","0.211895","Australia"
"10300","GreenX Metals","GRX.AX","0","0.750611","Australia"
"10301","EROAD Limited","ERD.NZ","0","0.59191","New Zealand"
"10302","VEEM Ltd","VEE.AX","0","0.391467","Australia"
"10303","Silver Mines Limited","SVL.AX","0","0.118517","Australia"
"10304","Renascor Resources","RNU.AX","0","0.0409424","Australia"
"10305","Core Lithium Ltd","CXO.AX","0","0.262175","Australia"
"10306","Gold Hydrogen Limited","GHY.AX","0","0.37351","Australia"
"10307","Comet Ridge","COI.AX","0","0.067519","Australia"
"10308","Findi Limited","FND.AX","0","0.290906","Australia"
"10309","4DMedical Limited","4DX.AX","0","2.61457","Australia"
"10310","Amaero International Ltd","3DA.AX","0","0.172389","Australia"
"10311","Strickland Metals Limited","STK.AX","0","0.0588996","Australia"
"10312","Quantum Graphite","QGL.AX","0","0.229852","Australia"
"10313","FBR Limited","FBR.AX","0","0.00279642","Australia"
"10314","Aeris Resources","AIS.AX","0","0.380692","Australia"
"10315","T&amp;G Global","TGG.NZ","0","1.42177","New Zealand"
"10316","Smart Parking Limited","SPZ.AX","0","0.59977","Australia"
"10317","Talga Group","TLG.AX","0","0.226261","Australia"
"10318","Rakon Limited","RAK.NZ","0","0.895488","New Zealand"
"10319","Steel &amp; Tube Holdings","STU.NZ","0","0.208209","New Zealand"
"10320","Airtasker","ART.AX","0","0.158023","Australia"
"10321","Pioneer Credit","PNC.AX","0","0.492027","Australia"
"10322","Duxton Farms","DBF.AX","0","0.306709","Australia"
"10323","Lake Resources NL","LKE.AX","0","0.0330412","Australia"
"10324","Polymetals Resources","POL.AX","0","0.725471","Australia"
"10325","Apollo Minerals Limited","AON.AX","0","0.0495618","Australia"
"10326","PT Amman Mineral Internasional Tbk","AMMN.JK","0","0.250704","Indonesia"
"10327","PT DCI Indonesia Tbk","DCII.JK","0","11.4761","Indonesia"
"10328","PT Bumi Resources Minerals Tbk","BRMS.JK","0","0.0430986","Indonesia"
"10329","Innovent Biologics","1801.HK","0","13.7262","China"
"10330","J&amp;T Global Express","1519.HK","0","1.25781","China"
"10331","JD Logistics","2618.HK","0","1.4211","China"
"10332","SenseTime","0020.HK","0","0.181783","China"
"10333","Hua Hong Semiconductor Limited","1347.HK","0","15.6653","China"
"10334","UBTECH Robotics","9880.HK","0","10.5817","China"
"10335","MMG Limited","1208.HK","0","1.19403","Australia"
"10336","Yubico","YUBICO.ST","0","9.44718","Sweden"
"10337","Dometic Group","DOM.ST","0","2.31981","Sweden"
"10338","Vimian Group","VIMIAN.ST","0","3.73164","Sweden"
"10339","Bonesupport Holding AB","BONEX.ST","0","23.345","Sweden"
"10340","Nine Dragons Paper","2689.HK","0","0.892971","China"
"10341","Samhällsbyggnadsbolaget i Norden","SBB-B.ST","0","0.327292","Sweden"
"10342","Sparebanken Sør","SOR.OL","0","20.1631","Norway"
"10343","Belships ASA","BELCO.OL","0","2.00572","Norway"
"10344","LINK Mobility Group","LINK.OL","0","2.78315","Norway"
"10345","Nordic Mining ASA","NOM.OL","0","0.203869","Norway"
"10346","Cavotec","CCC.ST","0","1.29111","Switzerland"
"10347","Nanoform Finland","NANOFS.ST","0","1.11687","Finland"
"10348","Sivers Semiconductors AB","SIVE.ST","0","3.93213","Sweden"
"10349","W5 Solutions AB","W5.ST","0","3.62142","Sweden"
"10350","Lampsa Hellenic Hotels","LAMPS.AT","0","55.0181","Greece"
"10351","Nanexa AB","NANEXA.ST","0","0.46921","Sweden"
"10352","B.F. S.p.A.","BFG.MI","0","5.87481","Italy"
"10353","CIR S.p.A. - Compagnie Industriali Riunite","CIR.MI","0","0.83343","Italy"
"10354","NewPrinces S.p.A.","NWL.MI","0","18.3588","Italy"
"10355","The Italian Sea Group","TISG.MI","0","1.49901","Italy"
"10356","Safilo Group","SFL.MI","0","2.16109","Italy"
"10357","Sogefi S.p.A.","SGF.MI","0","2.34293","Italy"
"10358","Seco S.p.A.","IOT.MI","0","4.47605","Italy"
"10359","Greenthesis S.p.A.","GTH.MI","0","2.48305","Italy"
"10360","Biesse","BSS.MI","0","6.4294","Italy"
"10361","Dexelance","DEX.MI","0","2.63434","Italy"
"10362","Franchi Umberto Marmi","FUM.MI","0","3.64844","Italy"
"10363","Masi Agricola","MASI.MI","0","5.08218","Italy"
"10364","Aquafil","ECNL.MI","0","1.5876","Italy"
"10365","Cy4gate","CY4.MI","0","11.0269","Italy"
"10366","Tessellis","TSL.MI","0","0.110269","Italy"
"10367","Dominion Hosting","DHH.MI","0","30.7728","Italy"
"10368","Cyberoo","CYB.MI","0","1.43956","Italy"
"10369","Banca Sistema S.p.A.","BST.MI","0","1.86502","Italy"
"10370","Almawave","AIW.MI","0","5.07032","Italy"
"10371","Altea Green Power S.p.A.","AGP.MI","0","8.25271","Italy"
"10372","Elica S.p.A.","ELC.MI","0","1.40459","Italy"
"10373","Somec S.p.A.","SOM.MI","0","24.1287","Italy"
"10374","Abitare In S.p.A.","ABT.MI","0","3.42697","Italy"
"10375","Relatech S.p.A.","RLT.MI","0","2.69088","Italy"
"10376","Defence Tech Holding S.p.A.","DTH.MI","0","3.81755","Italy"
"10377","Innovatec","INC.MI","0","0.275673","Italy"
"10378","Growens S.p.A.","GROW.MI","0","2.19723","Italy"
"10379","BIG Shopping Centers","BIG.TA","0","228.191","Israel"
"10380","The Phoenix Holdings","PHOE.TA","0","62.7693","Israel"
"10381","Fattal Holdings (Leonardo Hotels)","FTAL.TA","0","237.042","Israel"
"10382","Mivne Real Estate (K.D)","MVNE.TA","0","4.34168","Israel"
"10383","Menora Mivtachim Holdings","MMHD.TA","0","168.686","Israel"
"10384","Y.H. Dimri Construction &amp; Development","DIMRI.TA","0","127.659","Israel"
"10385","Gav-Yam Lands","GVYM.TA","0","12.4159","Israel"
"10386","F.I.B.I. Holdings","FIBIH.TA","0","103.763","Israel"
"10387","Navitas Petroleum","NVPT.TA","0","43.4841","Israel"
"10388","Migdal Insurance and Financial Holdings","MGDL.TA","0","6.54954","Israel"
"10389","Isrotel","ISRO.TA","0","41.734","Israel"
"10390","Israel Canada (T.R) Ltd","ISCN.TA","0","4.8196","Israel"
"10391","Delta Galil Industries","DELG.TA","0","61.322","Israel"
"10392","Aura Investments","AURA.TA","0","5.53985","Israel"
"10393","NextVision Stabilized Systems","NXSN.TA","0","67.4475","Israel"
"10394","Isras Investment Company","ISRS.TA","0","269.756","Israel"
"10395","One Software Technologies","ONE.TA","0","23.1422","Israel"
"10396","Fox-Wizel","FOX.TA","0","107.869","Israel"
"10397","Sano Bruno's Enterprises","SANO1.TA","0","117.999","Israel"
"10398","Lapidoth Capital","LAPD.TA","0","27.292","Israel"
"10399","Ratio Energies","RATI.TA","0","1.51117","Israel"
"10400","Africa Israel Residences","AFRE.TA","0","80.6408","Israel"
"10401","Elco Ltd.","ELCO.TA","0","41.7676","Israel"
"10402","Reit 1 Ltd","RIT1.TA","0","7.38422","Israel"
"10403","O.Y. Nofar Energy","NOFR.TA","0","58.2256","Israel"
"10404","M.Yochananof and Sons","YHNF.TA","0","117.158","Israel"
"10405","Villar International","VILR.TA","0","56.7111","Israel"
"10406","Isracard","ISCD.TA","0","3.78971","Israel"
"10407","Dan Hotels","DANH.TA","0","8.56893","Israel"
"10408","The Tel-Aviv Stock Exchange","TASE.TA","0","42.7437","Israel"
"10409","Veridis Environment","VRDS.TA","0","16.5758","Israel"
"10410","Danya Cebus","DNYA.TA","0","36.9211","Israel"
"10411","Kvutzat Acro","ACRO.TA","0","13.3313","Israel"
"10412","Electra Real Estate","ELCRE.TA","0","8.25256","Israel"
"10413","Electreon Wireless","ELWS.TA","0","14.065","Israel"
"10414","G City","GCT.TA","0","3.80654","Israel"
"10415","Bet Shemesh Engines","BSEN.TA","0","254.88","Israel"
"10416","Meshek Energy - Renewable Energies","MSKE.TA","0","3.42286","Israel"
"10417","Prashkovsky Investments and Construction","PRSK.TA","0","43.5514","Israel"
"10418","El Al Israel Airlines","ELAL.TA","0","5.66774","Israel"
"10419","Turpaz Industries","TRPZ.TA","0","19.5712","Israel"
"10420","Electra Consumer Products","ECP.TA","0","21.4593","Israel"
"10421","Tadiran Group","TDRN.TA","0","68.5918","Israel"
"10422","I.D.I. Insurance Company","IDIN.TA","0","85.4537","Israel"
"10423","Direct Finance of Direct Group","DIFI.TA","0","211.463","Israel"
"10424","Ackerstein Group","ACKR.TA","0","2.88604","Israel"
"10425","Duniec Bros.","DUNI.TA","0","77.0396","Israel"
"10426","Delta Israel Brands","DLTI.TA","0","36.0797","Israel"
"10427","Palram Industries","PLRM.TA","0","15.1488","Israel"
"10428","I.B.I. Investment House","IBI.TA","0","140.852","Israel"
"10429","Meitav Investment House","MTAV.TA","0","38.7049","Israel"
"10430","Plasson Industries","PLSN.TA","0","50.1144","Israel"
"10431","Mediterranean Towers","MDTR.TA","0","4.54025","Israel"
"10432","Dor Alon Energy In Israel","DRAL.TA","0","60.1777","Israel"
"10433","Malam - Team","MLTM.TA","0","27.1978","Israel"
"10434","Altshuler Shaham Finance","ALTF.TA","0","2.18901","Israel"
"10435","Keystone Infra","KSTN.TA","0","6.72792","Israel"
"10436","Bank of Jerusalem","JBNK.TA","0","6.95342","Israel"
"10437","Lahav LR Real Estate","LAHAV.TA","0","3.86039","Israel"
"10438","Adgar Investments and Development","ADGR.TA","0","1.23721","Israel"
"10439","Zephyrus Wing Energies","ZPRS.TA","0","8.41411","Israel"
"10440","Novolog","NVLG.TA","0","0.273627","Israel"
"10441","Econergy Renewable Energy","ECNR.TA","0","20.4732","Israel"
"10442","Emilia Development","EMDV.TA","0","6.82889","Israel"
"10443","Rotshtein Realestate","ROTS.TA","0","21.3113","Israel"
"10444","Y.D. More Investments","MRIN.TA","0","14.1256","Israel"
"10445","SofWave Medical","SOFW.TA","0","11.8807","Israel"
"10446","Automatic Bank Services","SHVA.TA","0","7.52558","Israel"
"10447","Victory Supermarket Chain","VCTR.TA","0","14.6405","Israel"
"10448","Orbit Communication Systems","ORBI.TA","0","14.3123","Israel"
"10449","Bonei Hatichon Civil Engineering &amp; Infrastructures","BOTI.TA","0","14.7382","Israel"
"10450","Unitronics","UNIT.TA","0","6.87938","Israel"
"10451","Mehadrin","MEDN.TA","0","94.5409","Israel"
"10452","Kafrit Industries","KAFR.TA","0","9.49111","Israel"
"10453","Afcon Holdings","AFHL.TA","0","176.292","Israel"
"10454","Tera Light","TRLT.TA","0","5.49946","Israel"
"10455","Klil Industries","KLIL.TA","0","59.4373","Israel"
"10456","Buligo Capital","BLGO.TA","0","2.67097","Israel"
"10457","Payton Industries","PAYT.TA","0","16.4412","Israel"
"10458","Hamat Group","HAMAT.TA","0","4.45611","Israel"
"10459","Bait Vegag Real Estate Development","BVGG.TA","0","1.83091","Israel"
"10460","Reit Azorim - H.F Living","AZRT.TA","0","2.06987","Israel"
"10461","TWFG, Inc.","TWFG","0","30.9","United States"
"10462","EMEIS","EMEIS.PA","0","15.7478","France"
"10463","Unibel S.A.","UNBL.PA","0","1370.66","France"
"10464","Pierre et Vacances","VAC.PA","0","2.17974","France"
"10465","Guerbet","GBT.PA","0","9.03369","France"
"10466","Marie Brizard Wine &amp; Spirits","MBWS.PA","0","3.46194","France"
"10467","Waga Energy","WAGA.PA","0","27.1593","France"
"10468","Viridien","VIRI.PA","0","96.2233","France"
"10469","Aramis Group","ARAMI.PA","0","4.54598","France"
"10470","Alan Allman Associates","AAA.PA","0","1.85336","France"
"10471","Patrimoine et Commerce SA","PAT.PA","0","29.9569","France"
"10472","Carbios SAS","ALCRB.PA","0","7.5067","France"
"10473","Bourrelier Group","ALBOU.PA","0","78.7971","France"
"10474","Clasquin SA","ALCLA.PA","0","0.819443","France"
"10475","Exail Technologies","EXA.PA","0","145.005","France"
"10476","Gaumont SA","GAM.PA","0","118.895","France"
"10477","Sidetrade","ALBFR.PA","0","224.269","France"
"10478","Figeac Aero","FGA.PA","0","12.3091","France"
"10479","Société Fermière du Casino Municipal de Cannes","FCMC.PA","0","3240.47","France"
"10480","Deezer","DEEZR.PA","0","1.3638","France"
"10481","Sensorion","ALSEN.PA","0","0.314722","France"
"10482","Lhyfe SA","LHYFE.PA","0","2.5236","France"
"10483","Solutions 30","S30.PA","0","0.671407","Luxembourg"
"10484","Cegedim SA","ALCGM.PA","0","12.0993","France"
"10485","Visiativ SA","ALVIV.PA","0","40.1999","France"
"10486","Groupe OKwind","ALOKW.PA","0","0.314722","France"
"10487","SMCP S.A.","SMCP.PA","0","7.86805","France"
"10488","La Française de l'Energie","FDE.PA","0","33.1624","France"
"10489","Société de la Tour Eiffel","EIFF.PA","0","9.55822","France"
"10490","Bastide Le Confort Médical","BLC.PA","0","25.8189","France"
"10491","Keyrus","ALKEY.PA","0","9.23185","France"
"10492","Hoffmann Green Cement Technologies","ALHGR.PA","0","4.68586","France"
"10493","OSE Immunotherapeutics","OSE.PA","0","3.76501","France"
"10494","Reworld Media","ALREW.PA","0","2.24735","France"
"10495","Latécoère S.A.","LAT.PA","0","0.0169017","France"
"10496","Vitura SA","VTR.PA","0","5.01224","France"
"10497","Transgene SA","TNG.PA","0","0.944166","France"
"10498","MGI Digital Technology","ALMDG.PA","0","11.7496","France"
"10499","Hydrogen-Refueling-Solutions","ALHRS.PA","0","1.4384","France"
"10500","Eurofins-Cerep","ALECR.PA","0","21214.6","France"
"10501","LACROIX Group SA","LACR.PA","0","20.1072","France"
"10502","Hydrogène de France","HDF.PA","0","3.26378","France"
"10503","2CRSI","AL2SI.PA","0","32.1483","France"
"10504","Groupe LDLC","ALLDL.PA","0","14.3606","France"
"10505","Haulotte Group","PIG.PA","0","2.70428","France"
"10506","AFYREN","ALAFY.PA","0","3.17053","France"
"10507","Mr.Bricolage","ALMRB.PA","0","4.65089","France"
"10508","Ekinops","EKI.PA","0","2.86747","France"
"10509","Bilendi SA","ALBLD.PA","0","15.5496","France"
"10510","Kalray","ALKAL.PA","0","7.11039","France"
"10511","Crossject","ALCJ.PA","0","1.80674","France"
"10512","Streamwide","ALSTW.PA","0","95.3491","France"
"10513","SergeFerrari Group","SEFER.PA","0","9.11002","France"
"10514","Installux S.A.","ALLUX.PA","0","571.162","France"
"10515","Gascogne Groupe","ALBI.PA","0","2.42452","France"
"10516","Solocal Group","LOCAL.PA","0","4.84905","France"
"10517","Paref SA","PAR.PA","0","29.1409","France"
"10518","Prodware","ALPRO.PA","0","32.0917","France"
"10519","Forsee Power","FORSE.PA","0","0.307137","France"
"10520","Median Technologies SA","ALMDT.PA","0","5.23954","France"
"10521","Parrot S.A.","PARRO.PA","0","10.9337","France"
"10522","Acanthe Développement","ACAN.PA","0","0.242452","France"
"10523","Vantiva","VANTI.PA","0","0.107355","France"
"10524","WALLIX Group","ALLIX.PA","0","25.8189","France"
"10525","MRM","MRM.PA","0","36.549","France"
"10526","Teract S.A.","TRACT.PA","0","3.23688","France"
"10527","Ateme SA","ATEME.PA","0","14.3373","France"
"10528","Biosynex","ALBIO.PA","0","1.06073","France"
"10529","Hunyvers","ALHUN.PA","0","7.98461","France"
"10530","BigBen Interactive","BIG.PA","0","0.160392","France"
"10531","Orapi SA","ORAP.PA","0","6.69206","France"
"10532","Réalités","ALREA.PA","0","0.582818","France"
"10533","Graines Voltz","GRVO.PA","0","20.3986","France"
"10534","Global Bioenergies","ALGBE.PA","0","0.0218702","France"
"10535","HiPay Group","ALHYP.PA","0","5.87481","France"
"10536","genOway","ALGEN.PA","0","2.85581","France"
"10537","Touax SCA","TOUP.PA","0","6.36395","France"
"10538","Verimatrix","VMX.PA","0","0.40331","France"
"10539","Artmarket.com","PRC.PA","0","4.77911","France"
"10540","GenSight Biologics","SIGHT.PA","0","0.145705","France"
"10541","Prodways Group","ALPWG.PA","0","0.741345","France"
"10542","Haffner Energy","ALHAF.PA","0","0.616622","France"
"10543","Wedia SA","ALWED.PA","0","31.7526","France"
"10544","Mauna Kea Technologies","ALMKT.PA","0","0.186502","France"
"10545","U10 Corp","ALU10.PA","0","1.42208","France"
"10546","Predilife","ALPRE.PA","0","1.29386","France"
"10547","Groupe Airwell","ALAIR.PA","0","1.44539","France"
"10548","Passat SA","PSAT.PA","0","5.08455","France"
"10549","Fermentalg","ALGAE.PA","0","0.534445","France"
"10550","Amoéba S.A.","ALMIB.PA","0","0.813615","France"
"10551","Oncodesign Precision Medicine","ALOPM.PA","0","0.349691","France"
"10552","Teixeira Duarte","TDSA.LS","0","0.558923","Portugal"
"10553","Pharol, SGPS S.A.","PHR.LS","0","0.103858","Portugal"
"10554","The Berkeley Group","BKG.L","0","48.3961","United Kingdom"
"10555","Mitchells &amp; Butlers plc","MAB.L","0","3.87223","United Kingdom"
"10556","Watches of Switzerland Group","WOSG.L","0","9.68737","United Kingdom"
"10557","SigmaRoc plc","SRC.L","0","1.77307","United Kingdom"
"10558","Auction Technology Group","ATG.L","0","6.00807","United Kingdom"
"10559","Tullow Oil","TLW.L","0","0.257333","United Kingdom"
"10560","Team Internet Group","TIG.L","0","0.587847","United Kingdom"
"10561","IP Group","IPO.L","0","0.971454","United Kingdom"
"10562","Marlowe plc","MRL.L","0","588.911","United Kingdom"
"10563","PensionBee Group","PBEE.L","0","1.82402","United Kingdom"
"10564","Oxford Biomedica","OXB.L","0","7.06512","United Kingdom"
"10565","Capita plc","CPI.L","0","3.87223","United Kingdom"
"10566","Funding Circle","FCH.L","0","3.17251","United Kingdom"
"10567","SIG plc","SHI.L","0","0.120288","United Kingdom"
"10568","IQE plc","IQE.L","0","0.666431","United Kingdom"
"10569","accesso Technology Group","ACSO.L","0","4.23228","United Kingdom"
"10570","Benchmark Holdings","BMK.L","0","0.295906","United Kingdom"
"10571","Videndum Plc","VID.L","0","4.38517","United Kingdom"
"10572","Pinewood Technologies Group","PINE.L","0","6.12763","United Kingdom"
"10573","CAB Payments","CABP.L","0","1.11412","United Kingdom"
"10574","Robert Walters","RWA.L","0","2.05337","United Kingdom"
"10575","Allergy Therapeutics","AGY.L","0","0.0760859","United Kingdom"
"10576","TT Electronics","TTG.L","0","1.83693","United Kingdom"
"10577","Metro Bank Holdings","MTRO.L","0","2.26627","United Kingdom"
"10578","Genel Energy","GENL.L","0","0.901836","United Kingdom"
"10579","M&amp;C Saatchi","SAA.L","0","1.97008","United Kingdom"
"10580","Severfield","SFR.L","0","0.525047","United Kingdom"
"10581","The Gym Group","GYM.L","0","2.71735","United Kingdom"
"10582","Marston's","MARS.L","0","0.701077","United Kingdom"
"10583","Kitwave Group","KITW.L","0","3.99424","United Kingdom"
"10584","hVIVO","HVO.L","0","0.0893792","United Kingdom"
"10585","IG Design Group","IGR.L","0","1.30433","United Kingdom"
"10586","Pantheon Resources","PANR.L","0","0.167389","United Kingdom"
"10587","4basebio","4BB.L","0","6.3525","United Kingdom"
"10588","Victoria PLC","VCP.L","0","0.736403","United Kingdom"
"10589","James Fisher and Sons","FSJ.L","0","5.94021","United Kingdom"
"10590","Filtronic","FTC.L","0","3.21733","United Kingdom"
"10591","Saga","SAGA.L","0","9.3477","United Kingdom"
"10592","iomart Group","IOM.L","0","0.197554","United Kingdom"
"10593","Eagle Eye Solutions Group","EYE.L","0","6.58958","United Kingdom"
"10594","EKF Diagnostics","EKF.L","0","0.339669","United Kingdom"
"10595","Watkin Jones Plc","WJG.L","0","0.242877","United Kingdom"
"10596","Capricorn Energy","CNE.L","0","4.66026","United Kingdom"
"10597","Beeks Financial Cloud Group","BKS.L","0","2.9755","United Kingdom"
"10598","Accsys Technologies","AXS.L","0","1.00542","United Kingdom"
"10599","Chapel Down Group","CDGP.L","0","0.67783","United Kingdom"
"10600","Eckoh plc","ECK.L","0","56.8248","United Kingdom"
"10601","Vanquis Banking Group","VANQ.L","0","1.07297","United Kingdom"
"10602","Afentra","AET.L","0","0.997269","United Kingdom"
"10603","STV Group plc","STVG.L","0","1.46058","United Kingdom"
"10604","Creo Medical Group","CREO.L","0","0.180025","United Kingdom"
"10605","Bango","BGO.L","0","0.841021","United Kingdom"
"10606","Caspian Sunrise","CASP.L","0","0.0258149","United Kingdom"
"10607","Diaceutics PLC","DXRX.L","0","2.03802","United Kingdom"
"10608","Kooth plc","KOO.L","0","2.07198","United Kingdom"
"10609","Xaar","XAR.L","0","1.52172","United Kingdom"
"10610","Gaming Realms","GMR.L","0","0.406244","United Kingdom"
"10611","Kistos Holdings","KIST.L","0","3.77712","United Kingdom"
"10612","Futura Medical","FUM.L","0","0.00543471","United Kingdom"
"10613","Pulsar Group","PULS.L","0","0.328243","United Kingdom"
"10614","Corero Network Security","CNS.L","0","0.100542","United Kingdom"
"10615","Mpac Group","MPAC.L","0","4.60184","United Kingdom"
"10616","Metals Exploration","MTL.L","0","0.214807","United Kingdom"
"10617","Rockhopper Exploration","RKH.L","0","0.994552","United Kingdom"
"10618","Zephyr Energy plc","ZPHR.L","0","0.0407603","United Kingdom"
"10619","Intercede Group plc","IGP.L","0","1.52172","United Kingdom"
"10620","ActiveOps Plc","AOM.L","0","2.58488","United Kingdom"
"10621","Dialight plc","DIA.L","0","7.45234","United Kingdom"
"10622","Kore Potash plc","KP2.L","0","0.044157","United Kingdom"
"10623","1Spatial","SPA.L","0","0.96671","United Kingdom"
"10624","Anexo Group Plc","ANX.L","0","80.3296","United Kingdom"
"10625","Marks Electrical Group","MRK.L","0","0.618198","United Kingdom"
"10626","Water Intelligence plc","WATR.L","0","4.68744","United Kingdom"
"10627","SDI Group","SDI.L","0","1.24815","United Kingdom"
"10628","Shoe Zone","SHOE.L","0","1.08694","United Kingdom"
"10629","Nationwide Building Society","NBS.L","0","174.59","United Kingdom"
"10630","Dar Global","DAR.L","0","8.3","United Kingdom"
"10631","Ardent Health","ARDT","0","11.23","United States"
"10632","Artiva Biotherapeutics","ARTV","0","11.77","United States"
"10633","CPI Property Group","O5G.DE","0","0.856743","Luxembourg"
"10634","Douglas Group","DOU.DE","0","9.25516","Germany"
"10635","Formycon AG","FYB.DE","0","21.5295","Germany"
"10636","Mühlbauer Holding","MUB.DE","0","52.2205","Germany"
"10637","Wild Bunch","WBAH.F","0","23.6783","Germany"
"10638","ABO Energy","AB9.DE","0","3.82912","Germany"
"10639","EnviTec Biogas","ETG.DE","0","20.2238","Germany"
"10640","2G Energy AG","2GB.DE","0","64.11","Germany"
"10641","Heidelberger Druckmaschinen","HDD.DE","0","1.68943","Germany"
"10642","Brockhaus Technologies","BKHT.DE","0","24.9446","Germany"
"10643","PVA TePla AG","TPE.DE","0","34.7826","Germany"
"10644","JDC Group AG","JDC.DE","0","24.7115","Germany"
"10645","PharmaSGP","PSG.DE","0","33.6779","Germany"
"10646","FRIWO","CEA.DE","0","5.33862","Germany"
"10647","MAX Automation","MXHN.DE","0","3.98648","Germany"
"10648","Aumann AG","AAG.DE","0","17.1931","Germany"
"10649","Surteco Group","SUR.DE","0","8.9754","Germany"
"10650","STINAG Stuttgart Invest","STG.F","0","16.9982","Germany"
"10651","LPKF Laser &amp; Electronics","LPK.DE","0","16.0858","Germany"
"10652","Nova Minerals","NVA","0","5.51","Australia"
"10653","BloomZ","BLMZ","0","0.128","United States"
"10654","The Platform Group","TPG.F","0","5.89726","Germany"
"10655","Funkwerk AG","FEW.F","0","36.3083","Germany"
"10656","Lang &amp; Schwarz","LUS1.DE","0","20.5152","Germany"
"10657","Nynomic AG","M7U.DE","0","27.4508","Germany"
"10658","clearvise AG","ABO.DE","0","1.2822","Germany"
"10659","Tele Columbus","TC1.HM","0","0.477911","Germany"
"10660","CR Energy","CRZK.DE","0","0.412635","Germany"
"10661","Grammer AG","GMM.DE","0","12.1226","Germany"
"10662","Heidelberg Pharma","HPHA.DE","0","2.91409","Germany"
"10663","BAUER AG","B5A0.HM","0","7.04045","Germany"
"10664","R. Stahl AG","RSL2.DE","0","14.8036","Germany"
"10665","Enapter AG","H2O.DE","0","1.22975","Germany"
"10666","Merkur PrivatBank","MBK.DE","0","15.0367","Germany"
"10667","SHW AG","SW10.HM","0","7.98461","Germany"
"10668","q.beyond","QBY.DE","0","0.940513","Germany"
"10669","NFON AG","NFN.DE","0","4.0331","Germany"
"10670","Dr. Hönle AG","HNL.DE","0","9.25516","Germany"
"10671","Netfonds AG","NF4.DE","0","93.8338","Germany"
"10672","Smartbroker Holding","SB1.DE","0","9.86129","Germany"
"10673","centrotherm international","CTNK.F","0","10.8518","Germany"
"10674","Cabka","7GW.F","0","2.23802","Germany"
"10675","Laiqon AG","LQAG.DE","0","5.74659","Germany"
"10676","Deutsche Konsum REIT-AG","DKG.DE","0","1.6552","Germany"
"10677","Heliad AG","A7A.DE","0","16.6103","Germany"
"10678","Neon Equity AG","D77.DE","0","6.64413","Germany"
"10679","DEMIRE Deutsche Mittelstand Real Estate","DMRE.DE","0","0.519874","Germany"
"10680","VITA 34","V3V.DE","0","3.36869","Germany"
"10681","LUDWIG BECK am Rathauseck - Textilhaus Feldmeier","ECK.DE","0","22.3802","Germany"
"10682","KHD Humboldt Wedag International","KWG.DE","0","2.47115","Germany"
"10683","029 Group","Z29.DE","0","47.7911","Germany"
"10684","Vivoryon Therapeutics","05Y.F","0","1.27637","Germany"
"10685","3U Holding","UUU.DE","0","1.13067","Germany"
"10686","CGRE AG","CGX.F","0","15.1533","Germany"
"10687","YOC AG","YOC.DE","0","5.7699","Germany"
"10688","LEWAG Holding","KGR.F","0","27.9753","Germany"
"10689","Cherry SE","C3RY.DE","0","0.407973","Germany"
"10690","Exasol AG","EXL.DE","0","2.24968","Germany"
"10691","cyan AG","CYR.DE","0","2.33127","Germany"
"10692","Bike24 Holding","BIKE.DE","0","2.59937","Germany"
"10693","MS Industrie","MSAG.DE","0","1.5503","Germany"
"10694","MHP Hotel AG","CDZ0.F","0","1.51533","Germany"
"10695","BRAIN Biotech","BNN.DE","0","3.29875","Germany"
"10696","ecotel communication","E4C.DE","0","8.3343","Germany"
"10697","pferdewetten.de AG","EMH.F","0","2.47115","Germany"
"10698","Softing AG","SYT.DE","0","2.92575","Germany"
"10699","The NAGA Group","N4G.DE","0","0.40047","Germany"
"10700","ad pepper media International","APM.DE","0","3.14722","Germany"
"10701","AHT Syngas Technology","3SQ1.DE","0","2.93741","Germany"
"10702","Maternus-Kliniken","MAK.DE","0","1.07239","Germany"
"10703","KPS AG","KSC.DE","0","0.336869","Germany"
"10704","Hoftex Group AG","NBH.MU","0","5.82818","Germany"
"10705","Infas Holding AG","IFS.F","0","7.80977","Germany"
"10706","Varengold Bank AG","VG8.DE","0","3.36779","Germany"
"10707","Viscom SE","V6C.DE","0","6.69076","Germany"
"10708","PAL Next AG","PAL.DE","0","1.09852","Germany"
"10709","SGT German Private Equity","GAI.DE","0","0.975188","Germany"
"10710","INTERSHOP Communications","ISHA.DE","0","1.84753","Germany"
"10711","Halloren Schokoladenfabrik","H2RB.HM","0","6.42148","Germany"
"10712","SBF AG","CY1K.DE","0","3.76501","Germany"
"10713","hGears AG","HGEA.DE","0","0.955822","Germany"
"10714","Pyramid AG","M3B.DE","0","0.904662","Germany"
"10715","Nebelhornbahn-Aktiengesellschaft","NHB0.MU","0","19.8158","Germany"
"10716","Elbstein AG","EBS.HM","0","0.955822","Germany"
"10717","bet-at-home.com","ACX.DE","0","3.86991","Germany"
"10718","Geratherm Medical","GME.DE","0","2.89078","Germany"
"10719","Muehlhan AG","M4N.HM","0","1.60858","Germany"
"10720","HWA AG","H9W.DE","0","3.53188","Germany"
"10721","Veganz Group","VEZ.DE","0","1.54447","Germany"
"10722","Stock3 AG","BOG.DE","0","33.5703","Germany"
"10723","Bertelsmann SE & Co. KGaA","BTG.F","0","143.149","Germany"
"10724","FORIS AG","FRS.DE","0","3.4736","Germany"
"10725","Brüder Mannesmann AG","BMM.F","0","1.10736","Germany"
"10726","Vingroup Company","VIC.VN","0","9.04215","Vietnam"
"10727","Masan Group","MSN.VN","0","2.68966","Vietnam"
"10728","HD Bank (Ho Chi Minh City Development Joint Stock Commercial Bank)","HDB.VN","0","1.06513","Vietnam"
"10729","Vietnam National Petroleum Group","PLX.VN","0","1.39464","Vietnam"
"10730","VietJet Aviation","VJC.VN","0","4.84674","Vietnam"
"10731","SeABank (Southeast Asia Commercial Joint Stock Bank)","SSB.VN","0","0.613027","Vietnam"
"10732","Saigon Thuong Tin Commercial Bank","STB.VN","0","2.81609","Vietnam"
"10733","SHB (Saigon - Hanoi Commercial Joint Stock Bank)","SHB.VN","0","0.455939","Vietnam"
"10734","TPBank (Tien Phong Commercial Joint Stock Bank)","TPB.VN","0","0.563218","Vietnam"
"10735","Eximbank (Vietnam Export Import Commercial Joint Stock Bank)","EIB.VN","0","0.664751","Vietnam"
"10736","PetroVietnam Power","POW.VN","0","0.503831","Vietnam"
"10737","Vietnam Airlines","HVN.VN","0","0.881226","Vietnam"
"10738","OCB (Orient Commercial Joint Stock Bank)","OCB.VN","0","0.417625","Vietnam"
"10739","KDH (Khang Dien House Trading and Investment)","KDH.VN","0","0.704981","Vietnam"
"10740","Vietnam Maritime Commercial Joint Stock Bank","MSB.VN","0","0.601533","Vietnam"
"10741","OS Therapies","OSTX","0","1.65","United States"
"10742","SHIFT UP","462870.KS","0","23.696","South Korea"
"10743","Ola Electric Mobility","OLAELEC.NS","0","0.394574","India"
"10744","Fastned","FAST.AS","0","42.3709","Netherlands"
"10745","Raspberry Pi","RPI.L","0","8.13508","United Kingdom"
"10746","Reitar Logtech Holdings","RITR","0","0.0868","Hong Kong"
"10747","Zenas BioPharma","ZBIO","0","33.04","United States"
"10748","MBX Biosciences","MBX","0","66.76","United States"
"10749","Bicara Therapeutics","BCAX","0","24.73","United States"
"10750","BKV Corporation","BKV","0","24.24","United States"
"10751","BioAge Labs","BIOA","0","9.84","United States"
"10752","Legacy Education","LGCY","0","10.52","United States"
"10753","StandardAero","SARO","0","25.17","United States"
"10754","Chain Bridge Bancorp","CBNA","0","45.3","United States"
"10755","Tokyo Electric Power Company","9501.T","0","3.3225","Japan"
"10756","Yaoko Co.,Ltd.","8279.T","0","65.9184","Japan"
"10757","Money Forward","3994.T","0","40.3343","Japan"
"10758","Hino Motors","7205.T","0","2.42961","Japan"
"10759","freee K.K.","4478.T","0","26.5423","Japan"
"10760","Lifenet Insurance Company","7157.T","0","9.37453","Japan"
"10761","Mitsubishi Logisnext","7105.T","0","9.45216","Japan"
"10762","ATOM Corporation","7412.T","0","2.33422","Japan"
"10763","Takara Bio","4974.T","0","7.17286","Japan"
"10764","Osaka Steel","5449.T","0","18.3098","Japan"
"10765","Medley, Inc.","4480.T","0","16.8603","Japan"
"10766","Toyo Construction","1890.T","0","11.3574","Japan"
"10767","Universal Entertainment Corporation","6425.T","0","4.5053","Japan"
"10768","Nxera Pharma","4565.T","0","6.96501","Japan"
"10769","COVER Corporation","5253.T","0","10.5542","Japan"
"10770","Japan Display","6740.T","0","0.294915","Japan"
"10771","RENOVA, Inc.","9519.T","0","5.7979","Japan"
"10772","Kappa Create","7421.T","0","10.2655","Japan"
"10773","Nissin Corporation","9066.T","0","51.9081","Japan"
"10774","Pacific Industrial","7250.T","0","18.816","Japan"
"10775","Krosaki Harima","5352.T","0","26.2423","Japan"
"10776","Chiyoda Corporation","6366.T","0","4.52412","Japan"
"10777","Miyakoshi Holdings","6620.T","0","4.41117","Japan"
"10778","NIPPON PARKING DEVELOPMENT","2353.T","0","1.70674","Japan"
"10779","Star Micronics","7718.T","0","14.0138","Japan"
"10780","Toyo Engineering Corporation","6330.T","0","16.6721","Japan"
"10781","Bank of Japan","8301.T","0","194.493","Japan"
"10782","Metaplanet Inc.","3350.T","0","1.90753","Japan"
"10783","Arkan Al-Kuwait Real Estate Company","ARKAN.KW","0","1160.36","Kuwait"
"10784","Ekttitab Holding Company K.S.C","EKTTITAB.KW","0","111.799","Kuwait"
"10785","Gulf Franchising Holding Company","GFC.KW","0","1173.4","Kuwait"
"10786","Saudi Arabian Refineries Company","2030.SR","0","13.5304","Saudi Arabia"
"10787","Thimar Development Holding Company","4160.SR","0","9.34878","Saudi Arabia"
"10788","KinderCare Learning Companies","KLC","0","2.49","United States"
"10789","Upstream Bio","UPB","0","7.13","United States"
"10790","CeriBell","CBLL","0","23.45","United States"
"10791","CAMP4 Therapeutics","CAMP","0","4.2","United States"
"10792","National Gas Company SAOG","NGCI.OM","0","0.283117","Oman"
"10793","Innovex International","INVX","0","28.26","United States"
"10794","Collective Mining","CNL","0","15.71","Canada"
"10795","Orangekloud Technology","ORKT","0","1.05","Singapore"
"10796","ALT5 Sigma","ALTS","0","0.855","United States"
"10797","Amentum","AMTM","0","20.61","United States"
"10798","Nebius Group","NBIS","0","213.93","Netherlands"
"10799","Synergy CHC","SNYR","0","0.1","United States"
"10800","Gelteq Limited","GELS","0","0.5798","Australia"
"10801","Gulf International Chemicals","GICI.OM","0","0.184416","Oman"
"10802","WeRide","WRD","0","5.91","China"
"10803","Septerna","SEPN","0","40.25","United States"
"10804","Muscat Finance","MFCI.OM","0","0.174026","Oman"
"10805","Aduro Clean Technologies","ADUR","0","15.43","Canada"
"10806","Swiggy","SWIGGY.NS","0","2.98366","India"
"10807","Pony AI","PONY","0","7.28","China"
"10808","Venu Holding Corporation","VENU","0","1.99","United States"
"10809","zSpace","ZSPC","0","0.16","United States"
"10810","ServiceTitan","TTAN","0","92.23","United States"
"10811","Baird Medical Investment Holdings","BDMD","0","1.18","China"
"10812","Kumho Tire","073240.KS","0","5.15225","South Korea"
"10813","Penguin Solutions","PENG","0","51.86","United States"
"10814","Cantourage Group SE","HIGH.DE","0","6.80732","Germany"
"10815","Diginex","DGNX","0","1.3","Hong Kong"
"10816","Beta Bionics","BBNX","0","19.34","United States"
"10817","Sionna Therapeutics","SION","0","6.17","United States"
"10818","Plutus Financial Group","PLUT","0","2.55","United States"
"10819","Infinity Natural Resources","INR","0","14.69","United States"
"10820","Cloudastructure","CSAI","0","4.97","United States"
"10821","Maze Therapeutics","MAZE","0","29.58","United States"
"10822","Aardvark Therapeutics","AARD","0","6.81","United States"
"10823","Wellgistics Health","WGRX","0","3.52","United States"
"10824","Kestra Medical Technologies","KMTS","0","26.57","United States"
"10825","Skycorp Solar Group","PN","0","2.8","China"
"10826","Springer Nature AG","SPG.DE","0","22.6367","Germany"
"10827","Grace Therapeutics","GRCE","0","2.15","United States"
"10828","Rein Therapeutics","RNTX","0","0.8","United States"
"10829","Pursuit Attractions and Hospitality","PRSU","0","50.03","United States"
"10830","NPK International","NPKI","0","13.18","United States"
"10831","Newsmax","NMAX","0","10.56","United States"
"10832","Magnera","MAGN","0","12.45","United States"
"10833","CoreWeave","CRWV","0","88.01","United States"
"10834","MIXUE Group","2097.HK","0","29.0598","China"
"10835","Niagen Bioscience","NAGE","0","3.3","United States"
"10836","Energys Group","ENGS","0","2.93","United Kingdom"
"10837","GMR Airports","GMRAIRPORT.NS","0","1.03457","India"
"10838","Neuphoria Therapeutics","NEUP","0","3.86","United States"
"10839","Webull","BULL","0","8.78","United States"
"10840","Amplitude Energy","AEL.AX","0","1.1744","Australia"
"10841","eXoZymes","EXOZ","0","7.525","United States"
"10842","OnKure Therapeutics","OKUR","0","3.8","United States"
"10843","eToro","ETOR","0","30.51","Israel"
"10844","Claritev","CTEV","0","37.57","United States"
"10845","Arrive AI","ARAI","0","0.2356","United States"
"10846","Antalpha Platform","ANTA","0","3.6998","Singapore"
"10847","XPLR Infrastructure","XIFR","0","11.69","United States"
"10848","Ather Energy","ATHERENERG.NS","0","15.5504","India"
"10849","MNTN, Inc.","MNTN","0","13.05","United States"
"10850","Hinge Health","HNGE","0","90.5","United States"
"10851","Aktor","AKTR.AT","0","12.1693","Greece"
"10852","Eternal (Zomato)","ETERNAL.NS","0","3.45815","India"
"10853","LuxExperience","LUXE","0","7.85","Germany"
"10854","Sichuan Biokin Pharmaceutical","688506.SS","0","40.4747","China"
"10855","Shanghai Electric Group","601727.SS","0","0.988095","China"
"10856","Beijing Wantai Biological Pharmacy Enterprise","603392.SS","0","4.66369","China"
"10857","CSPC Innovation Pharmaceutical","300765.SZ","0","6.98661","China"
"10858","Sichuan Chuantou Energy","600674.SS","0","2.31399","China"
"10859","Tongwei Co.,Ltd","600438.SS","0","1.77083","China"
"10860","Zhongjin Gold","600489.SS","0","3.97173","China"
"10861","San’an Optoelectronics","600703.SS","0","1.98065","China"
"10862","Jiangsu Eastern Shenghong","000301.SZ","0","2.02827","China"
"10863","National Silicon Industry Group","688126.SS","0","3.75298","China"
"10864","Zhifei Biological Products","300122.SZ","0","2.23214","China"
"10865","Sichuan Changhong Electric","600839.SS","0","1.04464","China"
"10866","VeriSilicon Microelectronics","688521.SS","0","28.8244","China"
"10867","Xinjiang Daqo New Energy Co.,Ltd.","688303.SS","0","2.5997","China"
"10868","Galaxycore","688728.SS","0","2.33036","China"
"10869","Hebei Changshan Biochemical Pharmaceutical Co., Ltd.","300255.SZ","0","3.65774","China"
"10870","OFILM Group","002456.SZ","0","1.12798","China"
"10871","Wuhan Guide Infrared","002414.SZ","0","1.92708","China"
"10872","Circle Internet Group","CRCL","0","89.91","United States"
"10873","Doosan Robotics","454910.KS","0","52.9718","South Korea"
"10874","Auric Minerals","AUMC.CN","0","0.0648322","Canada"
"10875","Daewoo Engineering &amp; Construction","047040.KS","0","14.493","South Korea"
"10876","Hanon Systems","018880.KS","0","2.52178","South Korea"
"10877","Fortune Electric Co., Ltd.","1519.TW","0","24.2611","Taiwan"
"10878","CJ ENM CO., Ltd.","035760.KQ","0","23.6598","South Korea"
"10879","CJ CGV Co., Ltd.","079160.KS","0","3.89136","South Korea"
"10880","Warba Capital Holding Company","WARBACAP.KW","0","2874.84","Kuwait"
"10881","KIOXIA Holdings Corporation","285A.T","0","329.426","Japan"
"10882","Tatung Co., Ltd.","2371.TW","0","0.920033","Taiwan"
"10883","Chime Financial","CHYM","0","33.15","United States"
"10884","Voyager Technologies","VOYG","0","34.63","United States"
"10885","Ategrity Specialty Insurance Company","ASIC","0","26.72","United States"
"10886","Vend Marketplaces","VENDA.OL","0","35.6446","Norway"
"10887","DeFi Development","DFDV","0","4.5","United States"
"10888","Scienture Holdings","SCNX","0","0.3841","United States"
"10889","Verve Group SE","VER.ST","0","1.26697","Sweden"
"10890","T1 Energy","TE","0","4.51","United States"
"10891","Heidmar Maritime Holdings","HMR","0","1.33","Greece"
"10892","Whitehawk Therapeutics","WHWK","0","4.84","United States"
"10893","Enigmatig","EGG","0","3.04","Singapore"
"10894","Slide Insurance","SLDE","0","23.35","United States"
"10895","Sammaan Capital","SAMMAANCAP.NS","0","1.54792","India"
"10896","Caris Life Sciences","CAI","0","26.82","United States"
"10897","Masonglory","MSGY","0","2.06","Hong Kong"
"10898","CapsoVision","CV","0","5.82","United States"
"10899","HT5 AG","HT5.SW","0","3.90969","Switzerland"
"10900","Bajaj Housing Finance Limited (BHFL)","BAJAJHFL.NS","0","0.891903","India"
"10901","Teads","TEAD","0","0.4774","United States"
"10902","Curatis","CURN.SW","0","24.0781","Switzerland"
"10903","Figma","FIG","0","27.03","United States"
"10904","Firefly Aerospace","FLY","0","22.26","United States"
"10905","Bullish","BLSH","0","33.11","Cayman Islands"
"10906","MIAX (Miami International Holdings)","MIAX","0","43.39","United States"
"10907","HeartFlow","HTFL","0","48.94","United States"
"10908","WhiteFiber","WYFI","0","20","United States"
"10909","NusaTrip","NUTR","0","9","Indonesia"
"10910","Bora Pharmaceuticals","6472.TW","0","13.8478","Taiwan"
"10911","Caliway Biopharmaceuticals","6919.TW","0","3.24532","Taiwan"
"10912","Elite Express","ETS","0","0.8084","United States"
"10913","BeLive Holdings","BLIV","0","2.15","Singapore"
"10914","Al Kout Industrial Projects Company","ALKOUT.KW","0","2712.75","Kuwait"
"10915","Hayat Communications Company","DIGITUS.KW","0","6000.65","Kuwait"
"10916","Umm Al Qura for development and construction","4325.SR","0","4.86616","Saudi Arabia"
"10917","Al Maha Ceramics","AMCI.OM","0","0.675325","Oman"
"10918","United International Holding Company","4083.SR","0","8.37928","Saudi Arabia"
"10919","Flynas Company","4264.SR","0","13.2588","Saudi Arabia"
"10920","Nice One Beauty Digital Marketing Company","4193.SR","0","3.31602","Saudi Arabia"
"10921","Dhofar Generating Company","DGEN.OM","0","0.207792","Oman"
"10922","Al Jazeira Services Co. SAOG","AJSS.OM","0","0.662338","Oman"
"10923","Omani Euro Food Industries","OEFI.OM","0","2.5974","Oman"
"10924","Dhofar Tourism","DTCS.OM","0","2.14805","Oman"
"10925","Al Anwar Investments SAOG","AAIC.OM","0","0.485714","Oman"
"10926","Global Financial Investments Holding SAOG","GFIC.OM","0","0.883117","Oman"
"10927","Arabia Falcon Insurance Company (AFIC)","AFIC.OM","0","0.350649","Oman"
"10928","Oman Chromite Company","OCCI.OM","0","9.42857","Oman"
"10929","Majan University College","BACS.OM","0","0.358442","Oman"
"10930","Oman National Engineering and Investment Co. (SAOG)","ONES.OM","0","0.38961","Oman"
"10931","UBAR Hotels & Resorts SAOG","UBAR.OM","0","0.327273","Oman"
"10932","Musandam Power","MSPW.OM","0","0.883117","Oman"
"10933","The National Detergent Company SAOG","NDTI.OM","0","1.68571","Oman"
"10934","Dhofar Insurance Company SAOG","DICS.OM","0","0.883117","Oman"
"10935","Sharqiyah Desalination Company SAOG","SHRQ.OM","0","0.444156","Oman"
"10936","Al Madina Investment Holding Co. SAOG","AMII.OM","0","0.168831","Oman"
"10937","Takaful Oman Insurance SAOG","TAOI.OM","0","0.163636","Oman"
"10938","Dhofar Food & Investment SAOG","DFIN.OM","0","0.550649","Oman"
"10939","Bahrain Family Leisure Company","FAMILY.BH","0","0.111412","Bahrain"
"10940","United Gulf Investment Corporation","UGIC.BH","0","0.968221","Bahrain"
"10941","Bahrain Ship Repairing and Engineering Company","BASREC.BH","0","0.0636639","Bahrain"
"10942","Bahrain Flour Mills Company","BFM.BH","0","0.326277","Bahrain"
"10943","Al Abraaj Restaurants Group","ABRAAJ.BH","0","0.530532","Bahrain"
"10944","Bahrain Cinema Company","CINECO.BH","0","2.62613","Bahrain"
"10945","Nass Corporation B.S.C.","NASS.BH","0","0.541114","Bahrain"
"10946","Netskope","NTSK","0","13.92","United States"
"10947","StubHub Holdings","STUB","0","6.58","United States"
"10948","Pattern Group","PTRN","0","21.1","United States"
"10949","Aumovio SE","AMV0.DE","0","40.5059","Germany"
"10950","Capital B","ALCPB.PA","0","0.667211","France"
"10951","Klarna","KLAR","0","14.21","Sweden"
"10952","Aptera Motors","SEV","0","2.29","United States"
"10953","Neptune Insurance Holdings","NP","0","34.2","United States"
"10954","Turn Therapeutics","TTRX","0","9.63","United States"
"10955","Fermi Inc.","FRMI","0","5.61","United States"
"10956","Alliance Laundry Holdings","ALH","0","23.96","United States"
"10957","OBOOK Holdings Inc. (OwlTing)","OWLS","0","5.52","Taiwan"
"10958","TechCreate Group","TCGL","0","172.84","Singapore"
"10959","Leifras","LFS","0","2.27","Japan"
"10960","TKMS","TKMS.DE","0","107.122","Germany"
"10961","Röko AB","ROKO-B.ST","0","198.601","Sweden"
"10962","Sveafastigheter AB","SVEAF.ST","0","3.19105","Sweden"
"10963","Meds Apotek AB","MEDS.ST","0","2.6662","Sweden"
"10964","Verisure plc","VSURE.ST","0","10.5234","Switzerland"
"10965","Asmodee Group AB","ASMDEE-B.ST","0","16.1967","Sweden"
"10966","Marfrig Global Foods","MBRF3.SA","0","3.60823","Brazil"
"10967","NTPC Green Energy","NTPCGREEN.NS","0","0.955798","India"
"10968","Vishal Mega Mart Limited","VMM.NS","0","1.12894","India"
"10969","LG Electronics India Ltd.","LGEINDIA.NS","0","17.7825","India"
"10970","Gemini Space Station","GEMI","0","4.54","United States"
"10971","Bgin Blockchain","BGIN","0","1.97","Singapore"
"10972","MapLight Therapeutics","MPLT","0","12.86","United States"
"10973","Navan","NAVN","0","29.33","United States"
"10974","Charming Medical","MCTA","0","29.355","Hong Kong"
"10975","NOMADAR","NOMA","0","2.34","United States"
"10976","BETA Technologies","BETA","0","21.74","United States"
"10977","BillionToOne","BLLN","0","96.22","United States"
"10978","Evommune","EVMN","0","14.11","United States"
"10979","Grupo Aeromexico","AERO","0","14.82","Mexico"
"10980","Elauwit Connection","ELWT","0","7","United States"
"10981","Exzeo Group","XZO","0","16.66","United States"
"10982","Beetaloo Energy Australia","BTL.AX","0","0.172389","Australia"
"10983","MindWalk Holdings","HYFT","0","1.43","United States"
"10984","RideNow Group","RDNW","0","5.92","United States"
"10985","Phaos Technology Holdings","POAS","0","0.1724","Singapore"
"10986","Off the Hook YS Inc","OTH","0","2.57","United States"
"10987","WeShop Holdings","WSHP","0","6.185","British Virgin Islands"
"10988","Gloo Holdings","GLOO","0","3.23","United States"
"10989","Park Dental Partners","PARK","0","20.85","United States"
"10990","The Payments Group Holding","PGH.DE","0","0.238956","Germany"
"10991","Andersen Group","ANDG","0","34.82","United States"
"10992","Medline","MDLN","0","34.58","United States"
"10993","Lumexa Imaging","LMRI","0","11.96","United States"
"10994","Wealthfront Corporation","WLTH","0","9.3","United States"
"10995","Regentis Biomaterials","RGNT","0","2.07","Israel"
"10996","SMJ International","SMJF","0","11.33","Singapore"
"10997","Cardinal Infrastructure Group","CDNL","0","41.32","United States"
"10998","SPACE42","SPACE42.AE","0","0.51","United Arab Emirates"
"10999","National Biscuit Industries","NBII.OM","0","15.3273","Oman"
"11000","Muscat Thread Mill","MTMI.OM","0","0.584416","Oman"
"11001","Dhofar Beverages and Foodstuff Company","DBCI.OM","0","0.472727","Oman"
"11002","Construction Materials Industries","CMII.OM","0","0.179221","Oman"
"11003","Alfajar Al Alamia Co. SAOG","AFAI.OM","0","1.28312","Oman"
"11004","Muscat Insurance","MCTI.OM","0","1.31169","Oman"
"11005","Muscat Gas Company","MGMC.OM","0","0.361039","Oman"
"11006","Financial Services Company SAOG","FSCI.OM","0","0.623377","Oman"
"11007","Sohar Power Company SAOG","SHPS.OM","0","0.571429","Oman"
"11008","Asyad Shipping Company","ASCO.OM","0","0.61039","Oman"
"11009","United Finance Co. SAOG","UFCI.OM","0","0.228571","Oman"
"11010","Muscat City Desalination Company","MCDE.OM","0","0.228571","Oman"
"11011","Gulf Mushroom Products Company SAOG","GMPI.OM","0","1.11169","Oman"
"11012","Omani Packaging Company","OPCI.OM","0","0.571429","Oman"
"11013","Barka Desalination Company","BRDE.OM","0","0.425974","Oman"
"11014","Al Sharqiya Investment Holdings Company","SIHC.OM","0","0.257143","Oman"
"11015","National Aluminium Products Company SAOG","NAPI.OM","0","0.387013","Oman"
"11016","USA TODAY Co.","TDAY","0","6.4","United States"
"11017","Strata Critical Medical","SRTA","0","6.12","United States"
"11018","Banqup Group SA","BANQ.BR","0","2.23802","Belgium"
"11019","Hyperion DeFi","HYPD","0","3.39","United States"
"11020","QVC Group","QVCGA","0","0.34","United States"
"11021","Sandisk","SNDK","0","1499.37","United States"
"11022","Aktis Oncology","AKTS","0","26.51","United States"
"11023","Atlas Critical Minerals","ATCX","0","3.88","Brazil"
"11024","Chaince Digital Holdings","CD","0","3.285","United States"
"11025","Shoulder Innovations","SI","0","22.43","United States"
"11026","BitGo","BTGO","0","7.02","United States"
"11027","PicS N.V. (PicPay)","PICS","0","10.61","Brazil"
"11028","EquipmentShare.com","EQPT","0","18.06","United States"
"11029","GigCapital9","GIXXU","0","0","United States"
"11030","York Space Systems","YSS","0","9.13","United States"
"11031","Ethos Technologies","LIFE","0","39.11","United States"
"11032","Polaryx Therapeutics","PLYX","0","2.09","United States"
"11033","GenFlat Holdings","GFLT","0","3","United States"
"11034","Helus Pharma","HELP","0","13.63","Canada"
"11035","Umbrella Global Energy","UMB.MC","0","3.61347","Spain"
"11036","Veradermics","MANE","0","102.8","United States"
"11037","Once Upon A Farm","OFRM","0","16.89","United States"
"11038","Agomab Therapeutics","AGMB","0","14.28","Belgium"
"11039","SpyGlass Pharma","SGP","0","26.64","United States"
"11040","Bob's Discount Furniture","BOBS","0","17.13","United States"
"11041","Eikon Therapeutics","EIKN","0","11.98","United States"
"11042","Forgent Power Solutions","FPS","0","32.21","United States"
"11043","Perpetuals.com","PDC","0","3.23","Japan"
"11044","Grupo Casas Bahia S.A.","BHIA3.SA","0","0.0699872","Brazil"
"11045","Jaguar Uranium","JAGU","0","1.72","Canada"
"11046","SOLV Energy","MWH","0","28.34","United States"
"11047","AGI Inc (Agibank)","AGBK","0","6.18","Brazil"
"11048","Natura Cosméticos S.A.","NATU3.SA","0","1.73801","Brazil"
"11049","MindMaze Therapeutics","V6M.F","0","0.191164","Switzerland"
"11050","Carvolix","CVX.PA","0","7.66989","France"
"11051","Generate Biomedicines","GENB","0","16.14","United States"
"11052","Atrium Therapeutics","RNA","0","15.47","United States"
"11053","TON Strategy Co.","TONX","0","2.98","United States"
"11054","Insight Molecular Diagnostics","IMDX","0","4.3","United States"
"11055","LeonaBio","LONA","0","7.81","United States"
"11056","Turk Altin Isletmeleri A.S.","TRALT.IS","0","1.14894","Turkey"
"11057","Accendra Health","ACH","0","1.22","United States"
"11058","AlphaTON Capital Corp","ATON","0","0.32","British Virgin Islands"
"11059","Makhazen","MKHZN.KW","0","518.253","Kuwait"
"11060","RYTHM, Inc.","RYM","0","23.19","United States"
"11061","Nutun Limited","NTU.JO","0","0.0545205","South Africa"
"11062","Definium Therapeutics","DFTX","0","43.77","United States"
"11063","Optimum Communications","OPTU","0","1.08","United States"
"11064","United Foodbrands Limited","UFBL.NS","0","7.75113","India"
"11065","Modon Holding PSC","MODON.AE","0","0.77","United Arab Emirates"
"11066","Lunai Bioworks","LNAI","0","2.4","United States"
"11067","Global Interactive Technologies","GITS","0","1.71","South Korea"
"11068","Old Market Capital Corporation","OMCC","0","4.5","United States"
"11069","Aurelion Inc.","AURE","0","1.54","Hong Kong"
"11070","ImageneBio","IMA","0","5.43","United States"
"11071","Commerce.com","CMRC","0","2.24","United States"
"11072","VivoSim Labs","VIVS","0","0.291","United States"
"11073","BNB Plus Corp.","BNBX","0","0.13","United States"
"11074","Octave Specialty Group","OSG","0","4.6","United States"
"11075","Streamex Corp.","STEX","0","0.7733","United States"
"11076","Palvella Therapeutics","PVLA","0","154.33","United States"
"11077","Kyntra Bio","KYNB","0","8.105","United States"
"11078","Orion Digital Corp.","ORIO","0","0.8255","Canada"
"11079","American Uranium Limited","AMU.AX","0","0.0581813","Australia"
"11080","AvenuesAI Limited","CCAVENUE.NS","0","0.159736","India"
"11081","Bajaj Mobility AG","BMAG.VI","0","41.7881","Austria"
"11082","EMB Mission Bound AB (publ)","EMB.ST","0","0.0617216","Sweden"
"11083","Kestrel Group","KG","0","7.45","Bermuda"
"11084","Here Group Limited","HERE","0","1.87","China"
"11085","Rane (Madras) Limited","RML.NS","0","11.7691","India"
"11086","Abundia Global Impact Group","AGIG","0","0.95","United States"
"11087","AB Kauno Energija","KNR1L.VS","0","2.40121","Lithuania"
"11088","INVL Technology UTIB","INC1L.VS","0","5.82818","Lithuania"
"11089","AS Amber Latvijas balzams","BAL1R.RG","0","1.51533","Latvia"
"11090","Auga Group AB","AUG1L.VS","0","0.121809","Lithuania"
"11091","Novaturas AB","NTU1L.VS","0","0.829934","Lithuania"
"11092","SAF Tehnika A/S","SAF1R.RG","0","19.5827","Latvia"
"11093","Versamet Royalties Corporation","VMET","0","10.41","Canada"
"11094","Younited Financial","YOUNI.PA","0","7.63492","Luxembourg"
"11095","MiniMed Group","MMED","0","19.49","United States"
"11096","FreeCast, Inc.","CAST","0","1.51","United States"
"11097","PayPay Corporation","PAYP","0","15.63","Japan"
"11098","Gabler Group AG","XK4.F","0","45.9261","Germany"
"11099","CSG N.V. (The Czechoslovak Group)","CSG.AS","0","22.2823","Czech Republic"
"11100","The Magnum Ice Cream Company","MICC","0","20.27","Netherlands"
"11101","SWI Capital Holding","SWICH.AS","0","11.0969","Singapore"
"11102","Shawbrook Group PLC","SHAW.L","0","4.36446","United Kingdom"
"11103","Esentia Energy Systems","ESENTIAII.MX","0","3.11933","Mexico"
"11104","Moore Threads","688795.SS","0","80.9554","China"
"11105","Xi'an Eswin Material Technology Co.,Ltd.","688783.SS","0","4.7619","China"
"11106","BMC Minerals","BMC.AX","0","2.19078","Canada"
"11107","Epiminder","EPI.AX","0","0.262175","Australia"
"11108","Saluda Medical","SLD.AX","0","0","United States"
"11109","Virgin Australia","VGN.AX","0","2.01839","Australia"
"11110","Snowline Gold Corp.","SGD.TO","0","13.4635","Canada"
"11111","Swarmer","SWMR","0","37.05","United States"
"11112","Princes Group plc","PRN.L","0","4.2119","United Kingdom"
"11113","Merlin, Inc.","MRLN","0","3.32","United States"
"11114","Guardian Metal Resources","GMTL","0","13.2","United Kingdom"
"11115","Samsung Epis Holdings","0126Z0.KS","0","279.714","South Korea"
"11116","American Bitcoin Corp","ABTC","0","8.18","United States"
"11117","Valiant Gold","VAL.AX","0","0","Australia"
"11118","Blossom Gold Inc.","BGAU.TO","0","1.31825","Canada"
"11119","Xanadu Quantum Technologies Limited","XNDU","0","10.26","Canada"
"11120","Metatek-Group","MTEK.TO","0","2.03861","United Kingdom"
"11121","SODITECH","ALSEC.PA","0","7.64658","France"
"11122","Pelagic Credit Plc","PLGC.OL","0","1.81835","Cyprus"
"11123","ASTA Energy Solutions AG","1AST.F","0","68.5395","Austria"
"11124","Resolute Holdings Management","RHLD","0","137.25","United States"
"11125","GCL Global Holdings Ltd","GCL","0","0.6055","Singapore"
"11126","Youlife Group Inc.","YOUL","0","0.5297","China"
"11127","AMC Robotics Corporation","AMCI","0","3.985","United States"
"11128","Cyabra, Inc.","CYAB","0","0.305","United States"
"11129","Costamare Bulkers Holdings Limited","CMDB","0","19.89","Monaco"
"11130","General Oceans ASA","GENO.OL","0","2.19272","Norway"
"11131","Versigent","VGNT","0","47.36","Switzerland"
"11132","The Metals Royalty Company","TMCR","0","6.08","Canada"
"11133","HMH Holding","HMH","0","18.76","United States"
"11134","Arxis, Inc.","ARXS","0","53.83","United States"
"11135","Madison Air Solutions","MAIR","0","28.51","United States"
"11136","Kailera Therapeutics","KLRA","0","18.44","United States"
"11137","AEVEX Corp.","AVEX","0","18.34","United States"
"11138","Yesway, Inc.","YSWY","0","25.07","United States"
"11139","The Elmet Group","ELMT","0","17.96","United States"
"11140","Lakewood-Amedex Biotherapeutics","LABT","0","2.45","United States"
"11141","X-Energy, Inc.","XE","0","18.26","United States"
"11142","Alamar Biosciences","ALMR","0","34.08","United States"
"11143","Pershing Square USA","PSUS","0","0","United States"
"11144","Hemab Therapeutics Holdings","COAG","0","49.19","United States"
"11145","Seaport Therapeutics","SPTX","0","27.84","United States"
"11146","Silver Bow Mining","SBMT","0","8.86","United States"
"11147","Avalyn Pharma","AVLN","0","37.04","United States"
"11148","Rare Earths Americas","REA","0","14.64","United States"
"11149","Suja Life, Inc.","SUJA","0","9.44","United States"
"11150","HawkEye 360","HAWK","0","21.35","United States"
"11151","Odyssey Therapeutics","ODTX","0","25.62","United States"
"11152","Mobia Medical, Inc.","MOBI","0","11.65","United States"
"11153","Ambiq Micro","AMBQ","0","58.98","United States"
"11154","Cerebras Systems","CBRS","0","182.15","United States"
"11155","VIDA Global Inc.","VIDA","0","2.64","United States"
"11156","Exyn Technologies","EXYN","0","4","United States"
"11157","EagleRock Land","EROK","0","25.02","United States"
"11158","Micware Co., Ltd.","MWC","0","1.42","Japan"
"11159","Fervo Energy Company","FRVO","0","15.44","United States"
"11160","GMR Solutions Inc.","GMRS","0","12.82","United States"
"11161","NextNRG","NXXT","0","0.2379","United States"
"11162","AIAI Holdings Corporation","AIAI","0","3.94","United States"
"11163","Aux Electric Co., Ltd.","2580.HK","0","1.28843","China"
"11164","AMASS Brands Inc.","AMSS","0","0.98","United States"
"11165","Lincoln International, Inc.","LCLN","0","25.17","United States"
"11166","Conexeu Sciences","CNXU","0","6.975","United States"
"11167","Quantinuum Inc.","QNT","0","71.1","United States"
"11168","Applied Aerospace &amp; Defense","AADX","0","14.3","United States"
"11169","Sunshine Silver Mining & Refining Company","SSMR","0","18.34","United States"
"11170","Liftoff Mobile","LFTO","0","18.44","United States"
"11171","INNIO N.V.","INIO","0","23.36","Germany"
"11172","Lakefront Biotherapeutics","LKFT","0","29.16","Belgium"
"11173","Everforth","EFOR","0","31.45","United States"
"11174","Keel Infrastructure","KEEL","0","3.36","United States"
"11175","SpaceX","SPCX","0","139.63","United States"
"11176","SUNation Energy Inc.","SUNE","0","2.25","United States"
"11177","Pensonic Holdings Berhad","9997.KL","0","0.101952","Malaysia"
"11178","WhiteHawk Minerals Corp","WHK","0","26.12","United States"
"11179","Parabilis Medicines","PBLS","0","39.26","United States"
"11180","ERock, Inc.","EROC","0","10.26","United States"
"11181","Forbright, Inc.","FRBT","0","18.52","United States"
"11182","Centiel","CNTL.SW","0","7.7199","Switzerland"
"11183","EcoPro Materials","450080.KS","0","28.0077","South Korea"
"11184","Infleqtion","INFQ","0","13.53","United States"
"11185","ARCHION Corporation","543A.T","0","1.71929","Japan"
"11186","USA Rare Earth","USAR","0","18.92","United States"
"11187","PowerX, Inc.","485A.T","0","11.7464","Japan"
"11188","First Carolina Financial Services","FCBM","0","12.66","United States"
"11189","Deep Fission, Inc.","FISN","0","6.89","United States"
"11190","Kardigan, Inc.","KARD","0","21.18","United States"
"11191","Dauch Corporation","DCH","0","6.4","United States"
"11192","Everpure","P","0","102.81","United States"
"11193","Filana Therapeutics","FLNA","0","0.9244","United States"
"11194","Sinda Ltd.","SIND","0","17.01","Mexico"
"11195","Honeywell Aerospace","HONA","0","164.01","United States"
"11196","Bending Spoons","BSP","0","42.39","Italy"
"11197","IQM Quantum Computers","IQMX","0","10.99","Finland"
"11198","Optimi Health Corp.","OPTH","0","4.9","Canada"
"11199","MiniMax Group","0100.HK","0","40.1327","China"
"11200","Z.AI","2513.HK","0","147.978","China"
"11201","QumulusAI, Inc.","QMLS","0","6.1","United States"
"11202","Csquare, Inc.","CSQR","0","20.49","United States"
"11203","Standard Nuclear","STDN","0","13.7","United States"
"11204","CXMT","688825.SS","0","8.79762","China"
"11205","Vincorion SE","V1NC.DE","0","24.49","Germany"
"11206","Giunti Psychometrics","GPSYDD.MI","0","0","Italy"
"11207","Gens Aurea","OROX.MI","0","13.7545","Italy"
"11208","ALIA MENTIS","ALMS.MI","0","5.79322","Italy"
"11209","Polar Resources AS","POLAR.OL","0","0.529461","Norway"
"11210","ShaMaran Petroleum","SNM.OL","0","0.133103","Bermuda"
"11211","Le Slip Français","ALLSF.PA","0","15.1766","France"
"11212","Embention","ALUAV.PA","0","44.0611","Spain"
"11213","Apex Critical Metals","KL9.F","0","1.12601","Canada"
"11214","Pelican Aqua Holding","PLCAN.OL","0","1.49747","Cyprus"
"11215","Gold Road International p.l.c.","GOLDR.OL","0","0.849277","Malta"
"11216","Eduform'action","ALEFA.PA","0","0.326378","France"
"11217","Halo Minerals PLC","HALO.L","0","0.143253","United Kingdom"
"11218","Scribe Therapeutics","SCTX","0","31.7","United States"
"11219","Securitize Corp.","SECZ","0","6.8","United States"
"11220","Midera Food Processing","MFP","0","48.44","United States"
"11221","Mobility Global, Inc.","MBGL","0","20.55","United States"
"11222","FedEx Freight","FDXF","0","131.27","United States"
"11223","Greenland Energy Company","GLND","0","1.4","United States"
"11224","Ionic Digital","IOND","0","70.63","United States"
"11225","IMC Rare Earths","IMC","0","11.11","Brazil"
"11226","Reformation Inc.","REF","0","13.68","United States"
"11227","Jersey Mike's Subs","JMKE","0","22.31","United States"
"11228","Game Your Game","GYGY","0","1.3","United States"
"11229","Apnimed, Inc.","APMD","0","29.58","United States"
"11230","Conduril - Engenharia","CDU.LS","0","14.687","Portugal"
"11231","SK Innovation","096770.KS","0","81.1606","South Korea"
"11232","Braveheart Bio","BRVE","0","27.76","United States"
"11233","Light S.A.","LIGT3.SA","0","0.649325","Brazil"
"11234","Ticketplus","TP","0","7.81","Chile"
"11235","Latigo Biotherapeutics","LTGO","0","24.13","United States"
"11236","DataMEDS AI","MEDS","0","1.335","United States"
"11237","Attovia Therapeutics","ATTO","0","0","United States"
"11238","BlossomHill Therapeutics","BLSM","0","18.46","United States"
"11239","Londian Wason New Energy Tech Inc.","FOIL","0","24.1","China"
"11240","Vogenx","VOGX","0","32.88","United States"
"11241","Sphere Entertainment","SPHR","0","157.4","United States"
"11242","Lyntris Inc.","LYNX","0","13.65","United States"
"11243","SunScout Holding","SNSC","0","0","New Zealand"
"11244","SYLA Holdings","8887.T","0","2.42834","Japan"
"11245","Snt Dynamics","003570.KS","0","22.5728","South Korea"
"11246","LX International","001120.KS","0","27.6453","South Korea"
"11247","LX Hausys","108670.KS","0","25.2902","South Korea"
"11248","Hengli Petrochemical","600346.SS","0","2.8125","China"
"11249","Hyosung TNC Corporation","298020.KS","0","241.308","South Korea"
"11250","Hyosung ITX","094280.KS","0","8.72476","South Korea"
"11251","Hyosung Chemical Corporation","298000.KS","0","42.8992","South Korea"
"11252","Hyosung Corporation","004800.KS","0","121.016","South Korea"
"11253","Panasonic Manufacturing Malaysia Berhad","3719.KL","0","1.43976","Malaysia"
"11254","Tomen Devices Corporation","2737.T","0","201.734","Japan"
"11255","First Breach Inc.","FBDT","0","1.2","United States"
"11256","Furukawa Co.,Ltd.","5715.T","0","27.9855","Japan"
"11257","Daiwabo Holdings","3107.T","0","23.2669","Japan"
"11258","HD Construction Equipment","267270.KS","0","101.886","South Korea"
