"Rank","Name","Symbol","marketcap","price (USD)","country"
"1","NVIDIA","NVDA","5081812434944","209.81","United States"
"2","Apple","AAPL","4569729859584","313.12","United States"
"3","Alphabet (Google)","GOOG","4123590393856","337.172","United States"
"4","Microsoft","MSFT","3667551322112","493.91","United States"
"5","Amazon","AMZN","2788855119872","258.555","United States"
"6","TSMC","TSM","2162500435968","416.95","Taiwan"
"7","SpaceX","SPCX","1799576616960","136.52","United States"
"8","Saudi Aramco","2222.SR","1681657604558","6.95166","Saudi Arabia"
"9","Broadcom","AVGO","1668633722880","350.732","United States"
"10","Meta Platforms (Facebook)","META","1470006034432","577.037","United States"
"11","Tesla","TSLA","1360461168640","344.46","United States"
"12","Samsung","005930.KS","1239394483564","188.743","South Korea"
"13","Berkshire Hathaway","BRK-B","1080758697984","504.86","United States"
"14","Micron Technology","MU","1066939973632","944.702","United States"
"15","Eli Lilly","LLY","1062919995392","1191.96","United States"
"16","JPMorgan Chase","JPM","947550355456","356.465","United States"
"17","SK Hynix","000660.KS","864851958776","1218.35","South Korea"
"18","Walmart","WMT","833330216960","104.715","United States"
"19","AMD","AMD","786934530048","482.05","United States"
"20","Visa","V","713566781440","382.19","United States"
"21","ASML","ASML","667264286720","1737.22","Netherlands"
"22","Exxon Mobil","XOM","660208549888","160.56","United States"
"23","Johnson & Johnson","JNJ","652576423936","270.79","United States"
"24","CXMT","688825.SS","591047351232","8.34635","China"
"25","Mastercard","MA","522969153536","596.99","United States"
"26","Tencent","TCEHY","509594206208","56.57","China"
"27","AbbVie","ABBV","462428078080","261.685","United States"
"28","Intel","INTC","459230380032","86.875","United States"
"29","Cisco","CSCO","440532172800","111.77","United States"
"30","Bank of America","BAC","435788775424","62.3201","United States"
"31","Costco","COST","425149825024","958.67","United States"
"32","Oracle","ORCL","424739864576","147.455","United States"
"33","Palantir","PLTR","420799578112","175.11","United States"
"34","China Construction Bank","601939.SS","415275764782","1.58744","China"
"35","Chevron","CVX","395910184960","201.83","United States"
"36","Coca-Cola","KO","389875466240","90.615","United States"
"37","Lam Research","LRCX","389855281152","311.555","United States"
"38","Merck","MRK","379413987328","153.785","United States"
"39","Applied Materials","AMAT","378990395392","477.56","United States"
"40","Caterpillar","CAT","377103482880","820.37","United States"
"41","Roche","RO.SW","370427815531","464.914","Switzerland"
"42","General Electric","GE","366223228928","352.965","United States"
"43","UnitedHealth","UNH","360330461184","401.44","United States"
"44","Agricultural Bank of China","601288.SS","357194653499","1.02061","China"
"45","HSBC","HSBC","355983917056","103.88","United Kingdom"
"46","ICBC","1398.HK","343035384855","0.962484","China"
"47","Netflix","NFLX","339941949440","81.6395","United States"
"48","Procter & Gamble","PG","336508190720","144.77","United States"
"49","Home Depot","HD","336161538048","336.94","United States"
"50","Morgan Stanley","MS","334797602816","213.17","United States"
"51","Goldman Sachs","GS","303211315200","1041.35","United States"
"52","Philip Morris International","PM","302900903936","194.34","United States"
"53","Novartis","NVS","300645580800","158.175","Switzerland"
"54","Dell","DELL","298566254592","462.075","United States"
"55","Bank of China","601988.SS","297212954318","0.922413","China"
"56","Alibaba","BABA","288451756032","120.345","China"
"57","Royal Bank Of Canada","RY","288368820224","207.51","Canada"
"58","RTX","RTX","285953818624","212.17","United States"
"59","Palo Alto Networks","PANW","276896251904","339.75","United States"
"60","Arm Holdings","ARM","262930579456","246.19","United Kingdom"
"61","Siemens","SIE.DE","261936742629","335.703","Germany"
"62","CATL","300750.SZ","260879596581","56.3862","China"
"63","LVMH","MC.PA","260670714963","528.781","France"
"64","Wells Fargo","WFC","257659863040","85.205","United States"
"65","AstraZeneca","AZN","257105854464","165.78","United Kingdom"
"66","Nestlé","NESN.SW","254974561736","99.1263","Switzerland"
"67","Shell","SHEL","253574627328","92.07","United Kingdom"
"68","Mitsubishi UFJ Financial","MUFG","252996632576","22.435","Japan"
"69","GE Vernova","GEV","250918191104","942.12","United States"
"70","Arista Networks","ANET","249741410304","198.015","United States"
"71","BHP Group","BHP","244286767104","96.12","Australia"
"72","Kweichow Moutai","600519.SS","242298066003","193.826","China"
"73","SAP","SAP","241944297472","209.62","Germany"
"74","L'Oréal","OR.PA","240319293986","451.177","France"
"75","Texas Instruments","TXN","239158738944","261.877","United States"
"76","Amgen","AMGN","238624161792","441.38","United States"
"77","KLA","KLAC","237543276544","181.81","United States"
"78","Thermo Fisher Scientific","TMO","233687695360","632.02","United States"
"79","PetroChina","0857.HK","231604444690","1.26545","China"
"80","Toyota","TM","227056074752","191.753","Japan"
"81","American Express","AXP","226661056512","335.64","United States"
"82","Linde","LIN","226456502272","491.25","United Kingdom"
"83","Citigroup","C","223753289728","133.39","United States"
"84","China Mobile","0941.HK","221165086716","10.218","China"
"85","International Holding Company","IHC.AE","221002548185","100.75","United Arab Emirates"
"86","Sandisk","SNDK","219503886336","1499.15","United States"
"87","IBM","IBM","216832229376","230.15","United States"
"88","Marvell Technology","MRVL","216601296896","241.015","United States"
"89","Santander","SAN","213613969408","14.685","Spain"
"90","Inditex","ITX.MC","211499968263","67.9329","Spain"
"91","Verizon","VZ","208881336320","50.275","United States"
"92","Novo Nordisk","NVO","207987343360","47.045","Denmark"
"93","Allianz SE","ALV.DE","199763911848","526.684","Germany"
"94","Amphenol","APH","199151484928","161.52","United States"
"95","Abbott Laboratories","ABT","198803750912","114.89","United States"
"96","MediaTek","2454.TW","197890232298","123.901","Taiwan"
"97","Toronto Dominion Bank","TD","197205327872","119.37","Canada"
"98","Shopify","SHOP","196711464960","151.59","Canada"
"99","Schneider Electric","SU.PA","195975641687","348.637","France"
"100","TotalEnergies","TTE","195024519168","88.14","France"
"101","Pepsico","PEP","194641346560","142.49","United States"
"102","T-Mobile US","TMUS","193906851840","180.77","United States"
"103","Prosus","PRX.AS","193525332763","44.2904","Netherlands"
"104","CrowdStrike","CRWD","192002965504","188.56","United States"
"105","BlackRock","BLK","190914412544","1175.03","United States"
"106","Airbus","AIR.PA","189846494676","239.862","Netherlands"
"107","Walt Disney","DIS","189642014720","109.83","United States"
"108","Seagate Technology","STX","189184704512","834.72","Ireland"
"109","McDonald","MCD","188968599552","267.04","United States"
"110","Charles Schwab","SCHW","188955869184","109.265","United States"
"111","Hermès","RMS.PA","188869449304","1803.19","France"
"112","Commonwealth Bank","CBA.AX","186457273124","111.529","Australia"
"113","Union Pacific Corporation","UNP","186040696832","313.16","United States"
"114","Reliance Industries","RELIANCE.NS","185436381525","13.7031","India"
"115","SoftBank Group Corp.","9984.T","184582390880","32.389","Japan"
"116","Gilead Sciences","GILD","184443338752","148.75","United States"
"117","Analog Devices","ADI","180975271936","373.479","United States"
"118","Southern Copper","SCCO","180782432256","214.11","United States"
"119","ABB","ABBN.SW","179268561774","98.9153","Switzerland"
"120","Foxconn Industrial Internet","601138.SS","178822673480","9.01138","China"
"121","AT&T","T","177305485312","25.875","United States"
"122","Nextera Energy","NEE","175524626432","84.145","United States"
"123","Welltower","WELL","174068596736","241.57","United States"
"124","QUALCOMM","QCOM","173314179072","162.27","United States"
"125","Rolls-Royce Holdings","RR.L","173200825455","20.9855","United Kingdom"
"126","Deere &amp; Company (John Deere)","DE","172600688640","639.41","United States"
"127","KIOXIA Holdings Corporation","285A.T","171650528503","313.664","Japan"
"128","Blackstone Group","BX","171310088192","143.32","United States"
"129","Rio Tinto","RIO","170651598848","104.929","United Kingdom"
"130","DBS Group","D05.SI","170540236816","59.9649","Singapore"
"131","Safran","SAF.PA","169188451210","408.296","France"
"132","Salesforce","CRM","168460107776","205.69","United States"
"133","UBS","UBS","166635307008","54.425","Switzerland"
"134","Boeing","BA","166499352576","210.66","United States"
"135","Western Digital","WDC","166027296768","460.495","United States"
"136","Interactive Brokers","IBKR","164554506240","96.58","United States"
"137","China Life Insurance","601628.SS","162233480227","5.73979","China"
"138","Uber","UBER","162220113920","79.42","United States"
"139","Pfizer","PFE","161985282048","28.4201","United States"
"140","Eaton","ETN","161834631168","416.67","Ireland"
"141","Advantest","6857.T","161759592984","223.956","Japan"
"142","Sumitomo Mitsui Financial Group","SMFG","161247625216","25.38","Japan"
"143","Deutsche Telekom","DTE.DE","161222222933","33.7101","Germany"
"144","Banco Bilbao Vizcaya Argentaria","BBVA","160279183360","29.045","Spain"
"145","CM Bank","3968.HK","158993546084","6.3043","China"
"146","ConocoPhillips","COP","158924931072","132.29","United States"
"147","Tokyo Electron","8035.T","158171427430","348.168","Japan"
"148","Iberdrola","IBE.MC","156758957565","23.491","Spain"
"149","Booking Holdings (Booking.com)","BKNG","156737978368","208.6","United States"
"150","Anheuser-Busch Inbev","BUD","155718516736","79.08","Belgium"
"151","China Shenhua Energy","601088.SS","152502064188","7.03117","China"
"152","TJX Companies","TJX","151797432320","137.41","United States"
"153","Danaher","DHR","151549739008","215.58","United States"
"154","Ping An Insurance","601318.SS","151240559856","8.35231","China"
"155","CNOOC","0883.HK","151094905849","3.17894","China"
"156","Siemens Energy","ENR.F","150341038263","176.695","Germany"
"157","Recruit","6098.T","149302834727","107.618","Japan"
"158","Hitachi","6501.T","149021216507","33.2923","Japan"
"159","UniCredit","UCG.MI","148097145821","98.8449","Italy"
"160","Zhongji Innolight","300308.SZ","148081126381","126.594","China"
"161","Delta Electronics","2308.TW","142766997314","54.9623","Taiwan"
"162","Sony","SONY","141047447552","24.095","Japan"
"163","Unilever","UL","140091375616","65.06","United Kingdom"
"164","Intesa Sanpaolo","ISP.MI","139880249616","7.99464","Italy"
"165","Vertex Pharmaceuticals","VRTX","139418714112","550.06","United States"
"166","Newmont","NEM","139387682816","132.285","United States"
"167","Compagnie Financière Richemont","CFR.SW","139370754244","237.049","Switzerland"
"168","Fast Retailing","9983.T","138828481400","452.43","Japan"
"169","Prologis","PLD","138688282624","142.67","United States"
"170","Bristol-Myers Squibb","BMY","138383704064","67.745","United States"
"171","Zijin Mining","601899.SS","136365680191","5.12832","China"
"172","BNP Paribas","BNP.PA","135014123420","123.188","France"
"173","Investor AB","INVE-B.ST","134345044268","43.853","Sweden"
"174","Chubb","CB","132602232832","343.707","Switzerland"
"175","Capital One","COF","132359356416","215.75","United States"
"176","Intuitive Surgical","ISRG","132061290496","368.6","United States"
"177","Parker-Hannifin","PH","131093159936","1040.03","United States"
"178","Lockheed Martin","LMT","130798346240","566.74","United States"
"179","Progressive","PGR","129437122560","222.745","United States"
"180","ServiceNow","NOW","129263763456","125.03","United States"
"181","Corning","GLW","128389939200","149.05","United States"
"182","S&P Global","SPGI","127988891648","434.155","United States"
"183","Mizuho Financial Group","MFG","126890508288","10.445","Japan"
"184","Stryker Corporation","SYK","126826405888","330.645","United States"
"185","Air Liquide","AI.PA","125128435690","196.598","France"
"186","BYD","002594.SZ","124912992268","13.7008","China"
"187","Bharti Airtel","BHARTIARTL.NS","124384719797","19.9377","India"
"188","British American Tobacco","BTI","124135849984","57.625","United Kingdom"
"189","Keyence","6861.T","123996570911","511.273","Japan"
"190","PDD Holdings (Pinduoduo)","PDD","122604257280","86.135","China"
"191","Starbucks","SBUX","122259300352","107.245","United States"
"192","CVS Health","CVS","120760377344","94.42","United States"
"193","Bank of Montreal","BMO","120344895488","172.625","Canada"
"194","Lowe's Companies","LOW","120327741440","214.6","United States"
"195","HDFC Bank","HDB","120231485440","23.405","India"
"196","Wiwynn","6669.TW","118806196046","213.097","Taiwan"
"197","Medtronic","MDT","117597593600","91.8745","Ireland"
"198","Petrobras","PBR","116320804864","18.05","Brazil"
"199","Fortinet","FTNT","115651469312","157.625","United States"
"200","Altria Group","MO","114986909696","68.865","United States"
"201","Scotiabank","BNS","114600484864","94.025","Canada"
"202","Freeport-McMoRan","FCX","112684294144","78.47","United States"
"203","Airbnb","ABNB","112664518656","188.155","United States"
"204","Spotify","SPOT","112096845824","545.26","Sweden"
"205","Automatic Data Processing","ADP","111936724992","281.77","United States"
"206","Accenture","ACN","111520325632","182.24","Ireland"
"207","OCBC Bank","O39.SI","111043884777","24.7285","Singapore"
"208","BNY Mellon (Bank of New York Mellon)","BNY","111040593920","163.655","United States"
"209","Zurich Insurance Group","ZURN.SW","110821043497","741.927","Switzerland"
"210","BP","BP","110688215040","42.98","United Kingdom"
"211","Al Rajhi Bank","1120.SR","110267678362","18.3779","Saudi Arabia"
"212","Enel","ENEL.MI","109968844974","11.0848","Italy"
"213","Enbridge","ENB","109968703488","50.35","Canada"
"214","Carvana","CVNA","109551886336","73.62","United States"
"215","Snowflake","SNOW","109352296448","315.5","United States"
"216","Sanofi","SNY","109096132608","45.53","France"
"217","Agnico Eagle Mines","AEM","109015285760","215.29","Canada"
"218","ICICI Bank","IBN","108997943296","30.39","India"
"219","Grupo México","GMBXF","108600745984","13.95","Mexico"
"220","Foxconn (Hon Hai Precision Industry)","2317.TW","108584514889","7.74183","Taiwan"
"221","Mitsubishi Corporation","8058.T","108370765686","29.5974","Japan"
"222","CIBC (Canadian Imperial Bank of Commerce)","CM","107993448448","118.31","Canada"
"223","Adobe","ADBE","107710578688","270.97","United States"
"224","Howmet Aerospace","HWM","107159928832","268.705","United States"
"225","CaixaBank","CABK.MC","106912557015","15.3869","Spain"
"226","AXA","CS.PA","106494184651","50.9322","France"
"227","Equinix","EQIX","106016800768","1074.44","United States"
"228","McKesson","MCK","104235859968","894.035","United States"
"229","Canadian Natural Resources","CNQ","103909908480","50.405","Canada"
"230","GSK plc","GSK","103645192192","51.75","United Kingdom"
"231","Southern Company","SO","103590191104","90.05","United States"
"232","AppLovin","APP","103410589696","307.825","United States"
"233","General Dynamics","GD","103060185088","380.918","United States"
"234","China Yangtze Power","600900.SS","102801829093","4.20144","China"
"235","DoorDash","DASH","102393896960","235","United States"
"236","Marathon Petroleum","MPC","102349389824","364.46","United States"
"237","State Bank of India","SBIN.NS","101786226554","11.027","India"
"238","Trane Technologies","TT","101480194048","461.225","Ireland"
"239","Cloudflare","NET","101352751104","284.635","United States"
"240","ING","ING","101318565888","35.515","Netherlands"
"241","SK Square","402340.KS","100653476763","763.634","South Korea"
"242","CME Group","CME","100559937536","279.66","United States"
"243","Vertiv Holdings","VRT","100385660928","260.75","United States"
"244","Valero Energy","VLO","100377272320","348.62","United States"
"245","KKR & Co.","KKR","99650797568","107.895","United States"
"246","Equinor","EQNR","99420299264","41.89","Norway"
"247","Constellation Energy","CEG","99120513024","279.758","United States"
"248","MercadoLibre","MELI","99110469632","1954.96","Argentina"
"249","U.S. Bancorp","USB","98258509824","63.065","United States"
"250","PNC Financial Services","PNC","98140143616","246","United States"
"251","Midea","000333.SZ","98051305117","12.8528","China"
"252","Glencore","GLCNF","97649926144","8.32","Switzerland"
"253","Phillips 66","PSX","97643708416","243.54","United States"
"254","Robinhood","HOOD","97550426112","108.5","United States"
"255","AIA","1299.HK","97523179944","9.46538","Hong Kong"
"256","CSX Corporation","CSX","96375005184","52.025","United States"
"257","ASE Group","ASX","96296566784","36.985","Taiwan"
"258","Comcast","CMCSA","96079339520","27.075","United States"
"259","Sinopec","600028.SS","95744006930","0.792978","China"
"260","Cambricon Technologies","688256.SS","95429757833","151.752","China"
"261","Duke Energy","DUK","95170453504","122.06","United States"
"262","Monster Beverage","MNST","94347935744","48.16","United States"
"263","Delta Electronics (Thailand)","DELTA.BK","94314218467","7.56098","Thailand"
"264","Bank of Communications","601328.SS","94259967276","1.06673","China"
"265","Intuit","INTU","93823188992","343","United States"
"266","Brookfield Corporation","BN","93781082112","42.01","Canada"
"267","Itōchū Shōji","8001.T","93750752976","13.4123","Japan"
"268","Marriott International","MAR","93145718784","357.2","United States"
"269","Marsh & McLennan Companies","MRSH","92669657088","194.19","United States"
"270","HCA Healthcare","HCA","92526247936","427.37","United States"
"271","3M","MMM","92466454528","179.295","United States"
"272","Atlas Copco","ATCO-B.ST","92173474856","18.8933","Sweden"
"273","Quanta Services","PWR","91930468352","611.47","United States"
"274","Xiaomi","XIACF","91623006208","3.56","China"
"275","Barclays","BCS","91212685312","27.155","United Kingdom"
"276","Cadence Design Systems","CDNS","91036663808","330.57","United States"
"277","United Parcel Service","UPS","90948632576","106.9","United States"
"278","Tokio Marine","8766.T","90920895066","47.8589","Japan"
"279","Intercontinental Exchange","ICE","90859790336","161.847","United States"
"280","Postal Savings Bank of China","601658.SS","90765883926","0.755784","China"
"281","Williams Companies","WMB","90600013824","74.07","United States"
"282","Moody's","MCO","88983855104","513.82","United States"
"283","Waste Management","WM","88770756608","222.085","United States"
"284","Lloyds Banking Group","LYG","87694704640","6.055","United Kingdom"
"285","Emerson","EMR","87669424128","157.17","United States"
"286","Elevance Health","ELV","87476936704","403.362","United States"
"287","Johnson Controls","JCI","87429693440","144.335","Ireland"
"288","Mitsui Bussan","8031.T","87013767868","30.7015","Japan"
"289","NTT (Nippon Telegraph &amp; Telephone)","9432.T","86395933856","1.06395","Japan"
"290","Dior","CDI.PA","86048113250","476.957","France"
"291","Tata Consultancy Services","TCS.NS","86032065215","23.7783","India"
"292","EssilorLuxottica","EL.PA","85256324760","185.505","France"
"293","Regeneron Pharmaceuticals","REGN","84756152320","823.235","United States"
"294","Sherwin-Williams","SHW","84513824768","348.14","United States"
"295","Itaú Unibanco","ITUB","84482646016","7.665","Brazil"
"296","National Australia Bank","NAB.AX","84142729777","27.4856","Australia"
"297","Enterprise Products","EPD","83982508032","38.8902","United States"
"298","CPKC (Canadian Pacific Kansas City)","CP","83723501568","95.24","Canada"
"299","Infineon","IFX.DE","83569547887","64.309","Germany"
"300","Brookfield Asset Management","BAM","83376537600","52.2","Canada"
"301","BAE Systems","BA.L","83174311361","28.3977","United Kingdom"
"302","Westpac Banking","WBC.AX","82879917553","24.27","Australia"
"303","Simon Property Group","SPG","82860417024","218.27","United States"
"304","Eoptolink Technology","300502.SZ","82719878518","59.329","China"
"305","Datadog","DDOG","82691383296","230.29","United States"
"306","Mitsubishi Heavy Industries","7011.T","82631898341","24.5913","Japan"
"307","American Tower","AMT","82502336512","177.059","United States"
"308","Cintas","CTAS","82380906496","205.865","United States"
"309","Lumentum","LITE","82325757952","917.79","United States"
"310","Murata Manufacturing (Murata Seisakusho)","6981.T","82048000337","45.0736","Japan"
"311","Ecolab","ECL","81590067200","291.052","United States"
"312","TAQA","TAQA.AE","81434161761","0.72","United Arab Emirates"
"313","Illinois Tool Works","ITW","81328914432","285.565","United States"
"314","National Grid","NGG","80991805440","80.56","United Kingdom"
"315","Motorola Solutions","MSI","80983556096","489.345","United States"
"316","Mondelez International","MDLZ","80656285696","63.195","United States"
"317","FedEx","FDX","80420610048","339.8","United States"
"318","ANZ Bank","ANZ.AX","79926415541","26.5445","Australia"
"319","Norfolk Southern","NSC","79680946176","354.755","United States"
"320","SLB (Schlumberger)","SLB","79492194304","53.561","United States"
"321","Cummins","CMI","79490220032","577.42","United States"
"322","Apollo Global Management","APO","79209553920","134.13","United States"
"323","NetEase","NTES","79019671552","123.42","China"
"324","Northrop Grumman","NOC","78516101120","552.685","United States"
"325","Barrick Gold","B","78434623488","47.655","Canada"
"326","Suncor Energy","SU","78389673984","66.39","Canada"
"327","Synopsys","SNPS","78200160256","408.4","United States"
"328","ENI","E","77996146688","54.08","Italy"
"329","Japan Tobacco","2914.T","77771984319","43.8064","Japan"
"330","Royal Caribbean Group","RCL","77750992896","290.71","United States"
"331","General Motors","GM","77665255424","85.87","United States"
"332","Canadian National Railway","CNI","77590519808","128.27","Canada"
"333","The Travelers Companies","TRV","77510647808","371.62","United States"
"334","Generali","G.MI","77494991936","51.3633","Italy"
"335","Vinci","DG.PA","77125917618","139.245","France"
"336","Hyundai","005380.KS","77105626663","294.483","South Korea"
"337","EOG Resources","EOG","76782313472","146.383","United States"
"338","SMIC","0981.HK","76117021869","8.89134","China"
"339","WuXi AppTec","2359.HK","76048961854","25.4877","China"
"340","Ross Stores","ROST","75794153472","236.28","United States"
"341","NAURA Technology Group","002371.SZ","75651336005","104.248","China"
"342","Munich RE (Münchener Rück)","MUV2.DE","75617685678","601.025","Germany"
"343","Deutsche Bank","DB","75563991040","40.215","Germany"
"344","Sea Limited","SE","75445846016","123.18","Singapore"
"345","Aon","AON","75342708736","355.18","United Kingdom"
"346","Volvo Group","VOLV-A.ST","75206151474","36.9845","Sweden"
"347","Target","TGT","74817257472","164.69","United States"
"348","Hilton Worldwide","HLT","74800324608","332.35","United States"
"349","The Cigna Group","CI","74787979264","283.03","United States"
"350","NatWest Group","NWG","74523885568","18.765","United Kingdom"
"351","ENGIE","ENGI.PA","73894807495","29.0841","France"
"352","Energy Transfer LP","ET","73548881920","21.36","United States"
"353","Nu Holdings","NU","73526951936","15.2208","Brazil"
"354","DHL Group (Deutsche Post)","DHL.DE","73491259387","66.2083","Germany"
"355","Colgate-Palmolive","CL","73387728896","92.06","United States"
"356","Ferrari","RACE","72958222336","415.09","Italy"
"357","Chugai Pharmaceutical","4519.T","72788758721","44.233","Japan"
"358","Ma'aden","1211.SR","72786994112","18.7508","Saudi Arabia"
"359","O'Reilly Automotive","ORLY","72672993280","89.835","United States"
"360","Digital Realty","DLR","72594522112","192.22","United States"
"361","Japan Post Bank","7182.T","72466027871","20.3443","Japan"
"362","Warner Bros. Discovery","WBD","72330895360","28.85","United States"
"363","Mitsubishi Electric","6503.T","72136074355","35.2496","Japan"
"364","Manulife Financial","MFC","71893868544","43.26","Canada"
"365","SoftBank Corp.","9434.T","71867901609","1.50245","Japan"
"366","Hewlett Packard Enterprise","HPE","71860551680","54.267","United States"
"367","CITIC Bank","601998.SS","71610602554","1.28692","China"
"368","America Movil","AMX","71583440896","23.895","Mexico"
"369","Kinder Morgan","KMI","71435821056","32.08","United States"
"370","Wheaton Precious Metals","WPM","70930702336","156.18","Canada"
"371","Bajaj Finance","BAJFINANCE.NS","70749989492","11.3729","India"
"372","Merck KGaA","MRK.DE","70242308611","161.559","Germany"
"373","Honeywell","HON","69554069504","219.455","United States"
"374","Shin-Etsu Chemical","4063.T","69239173258","37.4327","Japan"
"375","Macquarie Group Limited","MQG.AX","69210025716","181.588","Australia"
"376","Nordea Bank","NDA-FI.HE","69124690545","20.3682","Finland"
"377","Boston Scientific","BSX","69099266048","47.68","United States"
"378","Arthur J. Gallagher & Co.","AJG","68899332096","268.78","United States"
"379","Sberbank","SBER.ME","68677600532","3.22","Russia"
"380","Air Products and Chemicals","APD","68625022976","308.17","United States"
"381","The Saudi National Bank","1180.SR","68605410579","11.5595","Saudi Arabia"
"382","Paccar","PCAR","68311642112","129.78","United States"
"383","Republic Services","RSG","67921104896","221.81","United States"
"384","Hong Kong Exchanges & Clearing","0388.HK","67851078260","53.6797","Hong Kong"
"385","Wesfarmers","WES.AX","67820490124","59.7389","Australia"
"386","ADNOC Gas","ADNOCGAS.AE","67714466690","0.88","United Arab Emirates"
"387","Bank of China (Hong Kong)","2388.HK","67436276670","6.37829","Hong Kong"
"388","KDDI","9433.T","67200730170","18.1769","Japan"
"389","American Electric Power","AEP","67135082496","123.32","United States"
"390","Crédit Agricole","ACA.PA","67020877686","22.151","France"
"391","TransDigm Group","TDG","66456199168","1202.25","United States"
"392","Vingroup Company","VIC.VN","66075790631","8.81159","Vietnam"
"393","Allstate","ALL","66018680832","261.09","United States"
"394","United Rentals","URI","65843216384","1057.85","United States"
"395","Luxshare Precision","002475.SZ","65745298675","8.49662","China"
"396","Imperial Oil","IMO","65381826560","131.49","Canada"
"397","Argenx","ARGX","65272283136","1049.6","Netherlands"
"398","Standard Chartered","STAN.L","65269109215","29.6762","United Kingdom"
"399","Nintendo","7974.T","65192724627","55.8072","Japan"
"400","Vale","VALE","64793989120","15.225","Brazil"
"401","Cement Roadstone Holding","CRH","64772096000","97.36","Ireland"
"402","CITIC Securities","600030.SS","64563490203","4.13226","China"
"403","TC Energy","TRP","64433283072","61.85","Canada"
"404","Monolithic Power Systems","MPWR","64045121536","1303.24","United States"
"405","Société Générale","GLE.PA","63860867668","87.1126","France"
"406","Panasonic","6752.T","63629437239","27.2512","Japan"
"407","Bloom Energy","BE","63257112576","214.775","United States"
"408","Nongfu Spring","9633.HK","63240026858","5.6231","China"
"409","Targa Resources","TRGP","63003049984","293.815","United States"
"410","W. W. Grainger","GWW","62663544832","1330.41","United States"
"411","Cencora","COR","62591311872","328","United States"
"412","Rheinmetall","RHM.F","62394473919","1336.98","Germany"
"413","Truist Financial Corporation","TFC","62015856640","50.765","United States"
"414","RELX","RELX","61733371904","35.445","United Kingdom"
"415","Baker Hughes","BKR","61499629568","61.9535","United States"
"416","Anglo American","AAL.L","61496847477","57.3939","United Kingdom"
"417","Meituan","3690.HK","61450017525","9.95651","China"
"418","KBC","KBCSF","61448548352","154.02","Belgium"
"419","MetLife","MET","61317169152","96.49","United States"
"420","Deutsche Börse","DB1.DE","60270949478","334.304","Germany"
"421","MPLX","MPLX","60116721664","59.295","United States"
"422","Thales","HO.PA","59879338093","291.074","France"
"423","Public Storage","PSA","59764240384","320.03","United States"
"424","AngloGold Ashanti","AU","59751579648","118.14","South Africa"
"425","Oneok","OKE","59607752704","94.56","United States"
"426","Fubon Financial","2881.TW","59444173287","4.34987","Taiwan"
"427","CSL","CSL.AX","59327289615","123.879","Australia"
"428","LG Energy Solution","373220.KS","59281983815","253.342","South Korea"
"429","Saudi Telecom Company","7010.SR","59274311070","11.8791","Saudi Arabia"
"430","Realty Income","O","59140804608","62.5023","United States"
"431","TE Connectivity","TEL","58928967680","203.545","Switzerland"
"432","Moderna","MRNA","58909249536","147.555","United States"
"433","Dominion Energy","D","58879950848","66.9451","United States"
"434","Fastenal","FAST","58809253888","51.25","United States"
"435","Cenovus Energy","CVE","58766864384","31.865","Canada"
"436","Occidental Petroleum","OXY","58763681792","58.785","United States"
"437","Aflac","AFL","58741891072","117.169","United States"
"438","Z.AI","2513.HK","58580574344","131.393","China"
"439","Cheniere Energy","LNG","58550366208","283.49","United States"
"440","First Abu Dhabi Bank","FAB.AE","58420825219","5.29","United Arab Emirates"
"441","Singtel","Z74.SI","58386803775","3.56693","Singapore"
"442","Nebius Group","NBIS","58380910592","214.75","Netherlands"
"443","Takeda Pharmaceutical","TAK","58297393152","18.255","Japan"
"444","Larsen &amp; Toubro","LT.NS","58236568982","42.3272","India"
"445","Great-West Lifeco","GWO.TO","58200103886","65.0135","Canada"
"446","Unimicron","3037.TW","58031703714","36.4322","Taiwan"
"447","National Bank of Canada","NA.TO","57835941496","150.168","Canada"
"448","Nokia","NOK","57779228672","10.35","Finland"
"449","Nucor","NUE","57594658816","253.86","United States"
"450","Industrial Bank","601166.SS","57345002764","2.7097","China"
"451","Nike","NKE","57277886464","38.61","United States"
"452","London Stock Exchange","LSEG.L","57217603602","118.161","United Kingdom"
"453","Coherent Corp.","COHR","56740429824","289.74","United States"
"454","China Telecom","0728.HK","56673309668","0.619332","China"
"455","Erste Group Bank","EBO.F","56579356752","145.654","Austria"
"456","Teradyne","TER","56548466688","361.7","United States"
"457","NXP Semiconductors","NXPI","56279261184","223.185","Netherlands"
"458","Comfort Systems USA","FIX","56261476352","1598.6","United States"
"459","Diamondback Energy","FANG","56258772992","200.91","United States"
"460","Ametek","AME","56253833216","245.37","United States"
"461","Bayer","BAYN.DE","56218649118","57.2244","Germany"
"462","ArcelorMittal","MT","56213811200","74.55","Luxembourg"
"463","Alimentation Couche-Tard","ATD.TO","56159665427","61.1786","Canada"
"464","Ciena","CIEN","55810072576","394.27","United States"
"465","Sempra","SRE","55699230720","85.18","United States"
"466","Corteva","CTVA","55630802944","83.38","United States"
"467","Nasdaq","NDAQ","55389061120","99.09","United States"
"468","Garmin","GRMN","55378571264","287.155","Switzerland"
"469","Ford","F","55332274176","13.8761","United States"
"470","Cardinal Health","CAH","55299530752","237.77","United States"
"471","Fujikura","5803.T","55101385376","33.2798","Japan"
"472","Delta Air Lines","DAL","54990438400","83.62","United States"
"473","Keysight","KEYS","54860443648","322.14","United States"
"474","E.ON","EOAN.DE","54456887095","20.8401","Germany"
"475","Zijin Gold International Company Limited","2259.HK","54147535705","20.2319","Hong Kong"
"476","Antofagasta","ANTO.L","53954156776","54.7282","United Kingdom"
"477","Samsung Biologics","207940.KS","53424973685","1154.11","South Korea"
"478","State Street Corporation","STT","53176766464","193.58","United States"
"479","UOB","U11.SI","53172163548","32.2083","Singapore"
"480","Autodesk","ADSK","53129424896","251.625","United States"
"481","PayPal","PYPL","52940193792","61.885","United States"
"482","Electronic Arts","EA","52925640704","209.7","United States"
"483","Emirates NBD Bank PJSC","EMIRATESNBD.AE","52666989058","8.33787","United Arab Emirates"
"484","AMEC","688012.SS","52448691042","54.7571","China"
"485","Diageo","DEO","52401909760","94.265","United Kingdom"
"486","Hoya","7741.T","52390145623","156.613","Japan"
"487","Sumitomo","8053.T","52381012042","11.0535","Japan"
"488","Honeywell Aerospace","HONA","52270260224","164.915","United States"
"489","Edwards Lifesciences","EW","52267954176","90.68","United States"
"490","RWE","RWE.DE","52259551610","67.0007","Germany"
"491","Devon Energy","DVN","51975000064","47.25","United States"
"492","Sandvik","SAND.ST","51970387730","41.4309","Sweden"
"493","BASF","BAS.DE","51944228343","60.3356","Germany"
"494","Becton Dickinson","BDX","51760304128","190.025","United States"
"495","Swiss Re","SREN.SW","51627580506","175.056","Switzerland"
"496","Nan Ya Plastics","1303.TW","51560307789","6.50126","Taiwan"
"497","Franco-Nevada","FNV","51458727936","266.8","Canada"
"498","DSV","DSV.VI","51304737847","214.868","Denmark"
"499","Commerzbank","CBK.F","51259005068","47.4248","Germany"
"500","Siemens Healthineers","SHL.DE","51199894185","45.7469","Germany"
"501","Emirates Telecom (Etisalat Group)","EAND.AE","51199167192","5.89","United Arab Emirates"
"502","Compass Group","CPG.L","51145420800","30.08","United Kingdom"
"503","Loblaw Companies","L.TO","51026391798","44.1557","Canada"
"504","Lonza","LONN.SW","50952462874","729.516","Switzerland"
"505","Wabtec","WAB","50820206592","300.87","United States"
"506","BTG Pactual","BPAC3.SA","50702729996","4.37558","Brazil"
"507","Holcim Group","HOLN.SW","50662290143","91.5928","Switzerland"
"508","Nanya Technology","2408.TW","50313773556","16.2374","Taiwan"
"509","Fifth Third Bank","FITB","50182897664","55.335","United States"
"510","Marubeni","8002.T","50081375487","30.783","Japan"
"511","Entergy","ETR","49910947840","106.96","United States"
"512","Toyota Tsusho","8015.T","49905729179","47.2692","Japan"
"513","Endesa","ELE.MC","49890954453","48.9862","Spain"
"514","Mercedes-Benz","MBG.DE","49796338859","52.0158","Germany"
"515","Hindustan Unilever","HINDUNILVR.NS","49773842319","21.184","India"
"516","Block","XYZ","49760845824","82.825","United States"
"517","Ameriprise Financial","AMP","49586733056","561.36","United States"
"518","Astera Labs","ALAB","49531731968","285.51","United States"
"519","Galderma Group","GALD.SW","49489053077","212.227","Switzerland"
"520","AutoZone","AZO","49422401536","3027.34","United States"
"521","CMOC","3993.HK","49370919810","2.30767","China"
"522","Danone","BN.PA","49324038853","76.5789","France"
"523","Axon Enterprise","AXON","49147822080","604.99","United States"
"524","HEICO","HEI","49054920704","351.05","United States"
"525","L3Harris Technologies","LHX","48825942016","262.202","United States"
"526","Orange","ORA.PA","48807414037","18.364","France"
"527","Maersk","MAERSK-B.CO","48765505626","3380.44","Denmark"
"528","UCB","UCB.VI","48765361071","255.768","Belgium"
"529","Walmex","WMMVF","48733253632","2.83","Mexico"
"530","Natera","NTRA","48646496256","337.485","United States"
"531","Carrier Global","CARR","48610451456","58.97","United States"
"532","Strategy 
 (MicroStrategy)","MSTR","48547819520","122.2","United States"
"533","Coca-Cola European Partners","CCEP","48540610560","109.975","United Kingdom"
"534","Xcel Energy","XEL","48421650432","77.52","United States"
"535","Lenovo","0992.HK","48358467517","3.89841","Hong Kong"
"536","Swire Pacific","0019.HK","48269904224","13.3051","Hong Kong"
"537","Aena","AENA.MC","48240503209","32.1603","Spain"
"538","CoreWeave","CRWV","48113295360","87.235","United States"
"539","Ventas","VTR","48086159360","93.745","United States"
"540","CITIC limited","0267.HK","47982243858","1.64943","China"
"541","Rockwell Automation","ROK","47952953344","430.945","United States"
"542","DNB","DNB.OL","47940596063","33.6043","Norway"
"543","Sun Pharmaceutical","SUNPHARMA.NS","47771917498","19.9105","India"
"544","The People's Insurance Company (PICC)","601319.SS","47635453749","1.07714","China"
"545","United Microelectronics","UMC","47562485760","18.965","Taiwan"
"546","Danske Bank","DANS.VI","47534246292","58.914","Denmark"
"547","Coinbase","COIN","47490646016","180","United States"
"548","Titan Company","TITAN.NS","47433940183","53.458","India"
"549","Hikvision","002415.SZ","47423079666","5.17444","China"
"550","Ares Management","ARES","47415451648","143.75","United States"
"551","Medline","MDLN","47332339712","35.18","United States"
"552","Infosys","INFY","47327748096","11.685","India"
"553","Cathay Financial Holding","2882.TW","47223430077","3.21922","Taiwan"
"554","Chipotle Mexican Grill","CMG","47155802112","37.265","United States"
"555","Heineken","HEIA.AS","47080264216","84.852","Netherlands"
"556","Shengyi Technology (SYTECH)","600183.SS","46982779923","19.3424","China"
"557","Compagnie de Saint-Gobain","SGO.PA","46949843225","95.8984","France"
"558","Vistra","VST","46946971648","139.875","United States"
"559","ASM International","ASM.AS","46920972678","958.518","Netherlands"
"560","Cameco","CCJ","46874238976","107.625","Canada"
"561","ORLEN","PKN.WA","46866717430","40.3696","Poland"
"562","Workday","WDAY","46845927424","189.68","United States"
"563","Constellation Software","CSU.TO","46803459186","2208.59","Canada"
"564","Humana","HUM","46726848512","389.13","United States"
"565","Guotai Junan Securities","601211.SS","46689264636","2.65566","China"
"566","Kuwait Finance House","KFH.KW","46669699984","2522.82","Kuwait"
"567","Adani Enterprises","ADANIENT.NS","46417194506","32.6199","India"
"568","eBay","EBAY","46413500416","104.3","United States"
"569","JBS N.V.","JBS","46248456192","14.06","Brazil"
"570","PICC Property and Casualty Company Limited","2328.HK","46164771419","2.0755","China"
"571","Jiangsu Hengrui Medicine","600276.SS","46153793145","6.9538","China"
"572","Sun Hung Kai Properties","0016.HK","46059354054","15.8947","Hong Kong"
"573","Porsche","P911.DE","45910918758","50.3962","Germany"
"574","China Pacific Insurance","601601.SS","45772301762","4.75787","China"
"575","Samsung C&T Corporation","028260.KS","45766542233","279.686","South Korea"
"576","MS&amp;AD Insurance","8725.T","45732484866","31.8934","Japan"
"577","Shanghai Pudong Development Bank","600000.SS","45636652039","1.37023","China"
"578","Ferguson Enterprises","FERG","45602607104","235.73","United Kingdom"
"579","East Money Information","300059.SZ","45572832074","2.88031","China"
"580","Exelon Corporation","EXC","45537226752","44.2","United States"
"581","Skandinaviska Enskilda Banken","SEB-A.ST","45415173506","23.3358","Sweden"
"582","Revolution Medicines","RVMD","45384663040","211.745","United States"
"583","Ambev","ABEV","44887613440","2.911","Brazil"
"584","Haleon","HLN","44877684736","10.205","United Kingdom"
"585","Maruti Suzuki India","MARUTI.NS","44555906717","141.716","India"
"586","Reckitt Benckiser","RKT.L","44524683429","70.1511","United Kingdom"
"587","Thomson Reuters","TRI","44466171904","102.64","Canada"
"588","Paychex","PAYX","44382105600","124.78","United States"
"589","STMicroelectronics","STM","44246028288","49.6","Switzerland"
"590","Fomento Económico Mexicano (FEMSA)","FMX","44183984040","123.48","Mexico"
"591","Swedbank","SWED-A.ST","44149069757","39.2885","Sweden"
"592","Sun Life Financial","SLF","44063956992","79.15","Canada"
"593","Bank Central Asia","BBCA.JK","44040487534","0.358514","Indonesia"
"594","Take-Two Interactive","TTWO","43733790720","233.895","United States"
"595","IDEXX Laboratories","IDXX","43669950464","554.32","United States"
"596","CBRE Group","CBRE","43494207488","150.2","United States"
"597","Teva Pharmaceutical Industries","TEVA","43477200896","37.31","Israel"
"598","Banco Santander Brasil","BSBR","43465097216","5.805","Brazil"
"599","Woodside Energy","WDS","43459149824","22.86","Australia"
"600","Kotak Mahindra Bank","KOTAKBANK.NS","43449701468","4.36783","India"
"601","Keurig Dr Pepper","KDP","43423956992","31.91","United States"
"602","Agilent Technologies","A","43390021632","153.63","United States"
"603","Sumitomo Denki Kōgyō","5802.T","43280498064","13.8734","Japan"
"604","Ferrovial","FER.MC","43184659001","59.9161","Spain"
"605","ORIX","IX","43029655552","39.615","Japan"
"606","IQVIA","IQV","43000926208","261.245","United States"
"607","Jardine Matheson","J36.SI","42957180000","59.58","Hong Kong"
"608","Cerebras Systems","CBRS","42908815360","180.62","United States"
"609","Live Nation","LYV","42864549888","184","United States"
"610","Quanta Computer","2382.TW","42810613761","10.4428","Taiwan"
"611","Mahindra &amp; Mahindra","M&M.NS","42770908377","35.6198","India"
"612","Atlassian","TEAM","42669076480","168.56","Australia"
"613","Rocket Lab","RKLB","42635927552","66.68","United States"
"614","QNB (Qatar National Bank)","QNBK.QA","42500396349","4.67033","Qatar"
"615","Gold Fields","GFI","42469036032","47.67","South Africa"
"616","BeOne Medicines","ONC","42411761664","374.92","United States"
"617","KB Financial Group","KB","42380263424","120.705","South Korea"
"618","Volkswagen","VOW3.DE","42302262632","84.3859","Germany"
"619","Japan Post Holdings","6178.T","42260414799","15.059","Japan"
"620","Yum! Brands","YUM","42153664512","154.465","United States"
"621","Waste Connections","WCN","42135334912","167.49","United States"
"622","Poste Italiane","PST.MI","41979784968","32.4866","Italy"
"623","D. R. Horton","DHI","41973374976","150.065","United States"
"624","Legrand","LR.PA","41951678066","160.044","France"
"625","Adani Power","ADANIPOWER.NS","41883698689","2.17186","India"
"626","Power Corporation of Canada","POW.TO","41779127793","66.5561","Canada"
"627","Credo Technology","CRDO","41756131328","223.92","United States"
"628","Daimler Truck","DTG.F","41748830136","54.9173","Germany"
"629","Prudential Financial","PRU","41548349440","120.43","United States"
"630","Wuliangye Yibin","000858.SZ","41521626903","10.697","China"
"631","Old Dominion Freight Line","ODFL","41510469632","199.6","United States"
"632","Assa Abloy","ASSA-B.ST","41492293886","37.3543","Sweden"
"633","Komatsu","6301.T","41472890877","46.6733","Japan"
"634","Goodman Group","GMG.AX","41454066480","20.273","Australia"
"635","Prysmian Group","PRY.MI","41426385881","141.75","Italy"
"636","EQT","EQT.ST","41288943761","35.3817","Sweden"
"637","Disco Corp.","6146.T","41242041820","380.224","Japan"
"638","Dai-ichi Life Holdings","8750.T","41229303483","11.4456","Japan"
"639","Suzhou TFC Optical Communication","300394.SZ","41153230045","37.7267","China"
"640","Flex","FLEX","41094234112","111.245","Singapore"
"641","Grayscale Bitcoin Trust","GBTC","41085235200","59.34","United States"
"642","Banca Monte dei Paschi di Siena","BMPS.MI","41069276924","13.5167","Italy"
"643","GigaDevice Semiconductor","603986.SS","40985509885","58.4051","China"
"644","MSCI","MSCI","40961359872","563.43","United States"
"645","Waters Corporation","WAT","40933683200","416.9","United States"
"646","Swisscom","SCMN.SW","40921311888","789.957","Switzerland"
"647","Axis Bank","AXISBANK.BO","40919540085","13.1444","India"
"648","Honda","HMC","40857210880","31.485","Japan"
"649","Adani Ports & SEZ","ADANIPORTS.NS","40849738152","17.7302","India"
"650","Roper Technologies","ROP","40806502400","412.6","United States"
"651","WEG ON","WEGE3.SA","40667047188","9.69225","Brazil"
"652","Viking Holdings","VIK","40485511168","90.645","Bermuda"
"653","PG&amp;E Corporation","PCG","40391409664","18.34","United States"
"654","Hanwha Aerospace","012450.KS","40364951399","784.566","South Korea"
"655","Fujitsu","6702.T","40352907212","23.3115","Japan"
"656","American International Group","AIG","40300580864","77.0723","United States"
"657","Otsuka Holdings","4578.T","40292925530","76.691","Japan"
"658","Expedia Group","EXPE","40273408000","335.55","United States"
"659","Microchip Technology","MCHP","40253235200","74.13","United States"
"660","SABIC","2010.SR","40231721340","13.4106","Saudi Arabia"
"661","BMW","BMW.DE","40230522856","67.2104","Germany"
"662","ACWA POWER Company","2082.SR","40156728918","52.4171","Saudi Arabia"
"663","Samsung Life Insurance","032830.KS","40114903089","223.388","South Korea"
"664","Sysco","SYY","40090755072","83.68","United States"
"665","Veeva Systems","VEEV","40049582080","246.545","United States"
"666","Consolidated Edison","ED","39967379456","108.07","United States"
"667","CTBC Financial Holding","2891.TW","39920389726","2.02889","Taiwan"
"668","Rocket Companies","RKT","39663947776","14.0074","United States"
"669","JD.com","JD","39650680832","29.36","China"
"670","SSE","SSE.L","39637384649","32.8587","United Kingdom"
"671","Doosan Enerbility","034020.KS","39580213179","61.928","South Korea"
"672","Adyen","ADYEN.AS","39408688295","1248.43","Netherlands"
"673","ABN AMRO","ABN.AS","39246440020","48.1589","Netherlands"
"674","PKO Bank Polski","PKO.WA","39211302600","31.369","Poland"
"675","Tesco","TSCO.L","39002063745","6.26164","United Kingdom"
"676","NEC Corp","6701.T","38865241793","29.3025","Japan"
"677","Toyota Industries","6201.T","38809709179","129.162","Japan"
"678","Celestica","CLS","38772867072","307.45","Canada"
"679","Fortescue","FMG.AX","38765931132","12.5906","Australia"
"680","Renesas Electronics","6723.T","38657853247","21.1535","Japan"
"681","Archer Daniels Midland (ADM)","ADM","38653157376","80.2","United States"
"682","Givaudan","GIVN.SW","38644268550","4186.21","Switzerland"
"683","3i Group","III.L","38632300137","38.6797","United Kingdom"
"684","Rosneft","ROSN.ME","38579499221","3.69","Russia"
"685","COSCO Shipping","601919.SS","38499458335","2.52771","China"
"686","Sika","SIKA.SW","38450143954","239.655","Switzerland"
"687","Sompo Holdings","8630.T","38320469856","43.1163","Japan"
"688","Kinross Gold","KGC","38297784320","32.285","Canada"
"689","China State Shipbuilding Corporation (CSSC)","600150.SS","38190722978","5.07476","China"
"690","Martin Marietta Materials","MLM","38024843264","535.415","United States"
"691","Estee Lauder","EL","37961715712","104.925","United States"
"692","Sandoz Group","SDZ.SW","37945319350","87.6958","Switzerland"
"693","The Hartford","HIG","37931560960","140.035","United States"
"694","OTP Bank","OTP.BD","37877482741","149.567","Hungary"
"695","Aselsan","ASELS.IS","37744578667","8.27732","Turkey"
"696","United Airlines Holdings","UAL","37719871488","116.215","United States"
"697","Hochtief","HOT.F","37701882449","501.049","Germany"
"698","NetApp","NTAP","37700526080","192.12","United States"
"699","Bank Leumi","LUMI.TA","37696564972","25.6275","Israel"
"700","The Hershey Company","HSY","37400301568","186.14","United States"
"701","Talanx","TLX.DE","37311108687","144.488","Germany"
"702","Kenvue","KVUE","37061324800","19.295","United States"
"703","Vodafone","VOD","36918267904","15.975","United Kingdom"
"704","Kia","000270.KS","36860439434","94.8408","South Korea"
"705","PSEG","PEG","36838227968","73.91","United States"
"706","HCL Technologies","HCLTECH.NS","36827717421","13.6108","India"
"707","Moore Threads","688795.SS","36826045330","78.3486","China"
"708","Kimberly-Clark","KMB","36813172736","110.69","United States"
"709","Telstra","TLS.AX","36650320503","3.29023","Australia"
"710","Daikin","6367.T","36641551776","131.645","Japan"
"711","Restaurant Brands International","QSR","36619100160","79.935","Canada"
"712","Dubai Electricity and Water Authority (DEWA)","DEWA.AE","36488400258","0.729768","United Arab Emirates"
"713","Victory Giant Technology","300476.SZ","36471895958","37.1108","China"
"714","Shinhan Financial Group","SHG","36407230464","77.32","South Korea"
"715","Leonardo","LDO.MI","36379705411","63.0622","Italy"
"716","SAAB AB","SAAB-B.ST","36266843490","67.3292","Sweden"
"717","Experian","EXPGF","36238770176","41","Ireland"
"718","UltraTech Cement","ULTRACEMCO.NS","36129071597","122.817","India"
"719","TKO Group Holdings","TKO","36118339584","190.83","United States"
"720","Kering","KER.PA","36112546655","294.512","France"
"721","TDK","6762.T","36092148912","19.0143","Japan"
"722","Accton Technology","2345.TW","36072739075","64.5415","Taiwan"
"723","Henkel","HEN3.DE","36022391224","88.9769","Germany"
"724","ČEZ Group","CEZ.PR","35957437240","66.9835","Czech Republic"
"725","Iron Mountain","IRM","35956547584","120.78","United States"
"726","Hannover Rück","HNR1.DE","35889660208","297.6","Germany"
"727","Venture Global","VG","35888832512","14.355","United States"
"728","Royalty Pharma","RPRX","35877801984","62.09","United Kingdom"
"729","Naspers","NPSNY","35872460800","9.59","South Africa"
"730","Dollarama","DOL.TO","35834451450","132.338","Canada"
"731","Kroger","KR","35809234944","58.45","United States"
"732","Banco Bradesco","BBD","35615776768","3.27","Brazil"
"733","Vulcan Materials","VMC","35582320640","274.6","United States"
"734","Ubiquiti","UI","35530158080","587","United States"
"735","ITC","ITC.NS","35493737443","2.83275","India"
"736","Ibiden","4062.T","35408958975","125.968","Japan"
"737","Weichai Power","2338.HK","35402561011","4.09741","China"
"738","Woolworths Group","WOW.AX","35261393934","28.8649","Australia"
"739","Fanuc","6954.T","35258450574","37.784","Japan"
"740","Prudential","PUK","35180318720","28.37","United Kingdom"
"741","HD Hyundai Heavy Industries","329180.KS","35180062843","335.263","South Korea"
"742","Carnival Corporation","CCL","35165741056","25.675","United States"
"743","Alcon","ALC","35149176832","72.7124","Switzerland"
"744","Nutrien","NTR","35122659328","73.6","Canada"
"745","Teck Resources","TECK","35087712256","71.52","Canada"
"746","WEC Energy Group","WEC","35015446528","107.459","United States"
"747","HeidelbergCement","HEI.DE","34967821584","198.905","Germany"
"748","M&T Bank","MTB","34942234624","241.955","United States"
"749","PTT PCL","PTT-R.BK","34757761683","1.22713","Thailand"
"750","Sungrow Power Supply","300274.SZ","34737049351","16.7552","China"
"751","Schindler Group","SCHN.SW","34712344420","320.203","Switzerland"
"752","Wanhua Chemical","600309.SS","34692975989","11.0823","China"
"753","Epiroc","EPI-A.ST","34664565467","28.6498","Sweden"
"754","Gree Electric Appliances","000651.SZ","34650967232","6.18612","China"
"755","Yageo","2327.TW","34642959271","16.8656","Taiwan"
"756","Twilio","TWLO","34629677056","225.49","United States"
"757","Huntington Bancshares","HBAN","34599604224","17.125","United States"
"758","EQT Corporation","EQT","34522230784","55.19","United States"
"759","Lukoil","LKOH.ME","34517590941","49.95","Russia"
"760","Dassault Systèmes","DSY.PA","34511620165","26.2643","France"
"761","BPER Banca","BPE.MI","34493631556","16.5369","Italy"
"762","Ecopetrol","EC","34394116096","16.73","Colombia"
"763","Arch Capital","ACGL","34382245888","100.76","Bermuda"
"764","Resona Holdings","8308.T","34354295056","15.3445","Japan"
"765","CK Hutchison Holdings","0001.HK","34347371610","8.96788","Hong Kong"
"766","Muyuan Foods","002714.SZ","34346816909","5.94956","China"
"767","JSW Steel","JSWSTEEL.NS","34311143825","14.0563","India"
"768","Northern Trust","NTRS","34225514496","187.07","United States"
"769","Everpure","P","34174550016","102.81","United States"
"770","Bank Hapoalim","POLI.TA","34141188178","26.1188","Israel"
"771","Hindustan Aeronautics","HAL.NS","34107508370","51","India"
"772","Repsol","REP.MC","34069689358","31.333","Spain"
"773","Capitec Bank","CPI.JO","34034974400","293.854","South Africa"
"774","Illumina","ILMN","34030868480","225.37","United States"
"775","Fairfax Financial","FFH.TO","34016303259","1637.83","Canada"
"776","NTPC Limited","NTPC.NS","34008769534","3.50726","India"
"777","Intact Financial","IFC.TO","33987822439","192.73","Canada"
"778","Raymond James Financial","RJF","33921017856","176.58","United States"
"779","ResMed","RMD","33873326080","234.82","United States"
"780","Steel Dynamics","STLD","33871296512","236.32","United States"
"781","Ping An Bank","000001.SZ","33866163507","1.74515","China"
"782","Bajaj Auto","BAJAJ-AUTO.NS","33770781296","122.891","India"
"783","Bajaj Finserv","BAJAJFINSV.NS","33715141437","21.0687","India"
"784","Elbit Systems","ESLT","33641707520","717.99","Israel"
"785","FirstRand","FSR.JO","33555838400","6.00088","South Africa"
"786","Novatek","NVTK.ME","33518318809","11.22","Russia"
"787","Emcor","EME","33516468224","759.84","United States"
"788","Bank of Ningbo","002142.SZ","33442868120","5.06435","China"
"789","DexCom","DXCM","33407748096","88.53","United States"
"790","GE HealthCare Technologies","GEHC","33253142528","73.62","United States"
"791","Chunghwa Telecom","CHT","33248415744","42.86","Taiwan"
"792","Abu Dhabi Commercial Bank (ADCB)","ADCB.AE","33222347654","4.2","United Arab Emirates"
"793","Bank of Jiangsu","600919.SS","33199749204","1.80912","China"
"794","Cheniere Energy
Partners","CQP","33157951488","68.5","United States"
"795","Crown Castle","CCI","33139894272","75.835","United States"
"796","Daiichi Sankyō","4568.T","33104112628","18.1925","Japan"
"797","Centene","CNC","32979107840","66.76","United States"
"798","Maybank","MLYBY","32960452608","5.45","Malaysia"
"799","Novonesis","NZYM.VI","32868705141","70.4964","Denmark"
"800","Ericsson","ERIC","32690477056","9.995","Sweden"
"801","Jabil","JBL","32642226176","311.51","United States"
"802","Kühne + Nagel","KNIN.SW","32559013764","274.158","Switzerland"
"803","Biogen","BIIB","32557594624","220.35","United States"
"804","Standard Bank Group","SBK.JO","32533222700","20.0908","South Africa"
"805","Ajinomoto","2802.T","32390670374","33.9761","Japan"
"806","International Container Terminal Services","ICTEF","32333125632","16.0125","Philippines"
"807","Cboe Global Markets","CBOE","32320354304","309.49","United States"
"808","Alnylam Pharmaceuticals","ALNY","32318916608","241.53","United States"
"809","MongoDB","MDB","32300658688","401.59","United States"
"810","Chaozhou Three-Circle","300408.SZ","32287934438","16.1705","China"
"811","Advanced Info Service (AIS)","ADVANC.BK","32281058281","10.8537","Thailand"
"812","Yankuang Energy (Yanzhou Coal Mining)","600188.SS","32254110978","3.21357","China"
"813","Zoetis","ZTS","32148799488","77.8","United States"
"814","Naturgy","NTGY.MC","32124764738","34.6772","Spain"
"815","Fresnillo","FNLPF","32091713536","43.55","Mexico"
"816","Bridgestone","5108.T","32085808718","25.8899","Japan"
"817","Willis Towers Watson","WTW","32062179328","345.23","United Kingdom"
"818","Techtronic Industries","0669.HK","32032779322","17.5275","Hong Kong"
"819","Celltrion","068270.KS","32011923481","139.591","South Korea"
"820","Swiss Life","SLHN.SW","31998555055","1145.03","Switzerland"
"821","Extra Space Storage","EXR","31955519488","144.79","United States"
"822","KONE","KNEBV.HE","31923181595","61.594","Finland"
"823","Grupo ACS","ACS.MC","31863490820","121.3","Spain"
"824","Vestas Wind Systems","VWS.CO","31755161013","32.3861","Denmark"
"825","China Resources Land","1109.HK","31638119433","4.43674","Hong Kong"
"826","Eternal (Zomato)","ETERNAL.NS","31552416352","3.4276","India"
"827","Baidu","BIDU","31551129600","93.02","China"
"828","BOE Technology","000725.SZ","31524739604","0.851001","China"
"829","Ahold Delhaize","AD.AS","31501043508","36.0522","Netherlands"
"830","Universal Music Group","UMG.AS","31363358346","17.059","Netherlands"
"831","Foshan Haitian Flavouring and Food","603288.SS","31282536405","5.34649","China"
"832","Oriental Land","4661.T","31239848949","19.052","Japan"
"833","Banorte","GFNORTEO.MX","31183378004","11.2309","Mexico"
"834","Bharat Electronics","BEL.NS","31177008735","4.26511","India"
"835","Ingersoll Rand","IR","31160231936","80.31","Ireland"
"836","Transurban","TCL.AX","31112178183","9.97126","Australia"
"837","China General Nuclear Power Group (CGN)","003816.SZ","31103806205","0.615934","China"
"838","Svenska Handelsbanken","SHB-A.ST","30834067356","15.3804","Sweden"
"839","Brookfield Infrastructure Partners","BIP","30801758208","38.9","Bermuda"
"840","Adidas","ADS.DE","30741057018","175.6","Germany"
"841","Lens Technology","300433.SZ","30644420436","5.80525","China"
"842","Oil &amp; Natural Gas","ONGC.NS","30620601902","2.43402","India"
"843","Casey's General Stores","CASY","30498336768","824.17","United States"
"844","Credicorp","BAP","30496223232","383.99","Bermuda"
"845","Copart","CPRT","30389762048","32.825","United States"
"846","Sampo","SAMPO.HE","30242585471","11.4845","Finland"
"847","Sumitomo Mitsui Trust Holdings","8309.T","30242121087","10.9814","Japan"
"848","Denso","6902.T","30182067047","12.0384","Japan"
"849","Fresenius","FRE.DE","30100433655","53.4418","Germany"
"850","H&amp;M","HM-B.ST","30009941907","18.7988","Sweden"
"851","Reddit","RDDT","29979226112","155.82","United States"
"852","Ashtead","AHT.L","29917450074","72.3405","United Kingdom"
"853","Las Vegas Sands","LVS","29904361472","46.17","United States"
"854","Publicis Groupe","PUB.PA","29878539512","119.648","France"
"855","Hyundai Mobis","012330.KS","29866754983","334.902","South Korea"
"856","Ameren","AEE","29774493696","107.55","United States"
"857","Citizens Financial Group","CFG","29714024448","70.55","United States"
"858","Ryanair","RYAAY","29711060992","57.27","Ireland"
"859","Coupang","CPNG","29703880704","16.525","United States"
"860","Aviva","AV.L","29663541126","9.91745","United Kingdom"
"861","TechnipFMC","FTI","29626056704","75.545","United Kingdom"
"862","Taishin Financial Holdings","2887.TW","29579467629","1.17776","Taiwan"
"863","Haier Smart Home","600690.SS","29507826888","3.14662","China"
"864","Kongsberg Gruppen","KOG.OL","29483297757","33.5186","Norway"
"865","Nomura Holdings","NMR","29430511616","10.07","Japan"
"866","Teledyne Technologies","TDY","29407111168","634.38","United States"
"867","Nestlé India","NESTLEIND.NS","29338464347","15.2146","India"
"868","Kyocera","6971.T","29268527983","22.7407","Japan"
"869","Gulf Development Public Company","GULF.BK","29264773801","1.95884","Thailand"
"870","ATI Inc.","ATI","29203781632","214.465","United States"
"871","Kraft Heinz","KHC","29153476608","24.585","United States"
"872","Blue Owl Capital","OWL","29112449024","11.9199","United States"
"873","Mindray","300760.SZ","29035229592","23.9604","China"
"874","Ørsted","ORSTED.CO","28999693142","21.9518","Denmark"
"875","Itaúsa","ITSA3.SA","28955221736","2.58266","Brazil"
"876","Veolia","VIE.PA","28933218575","39.5129","France"
"877","Airports of Thailand","AOT.BK","28854502447","2.01982","Thailand"
"878","Bayan Resources","BYAN.JK","28841088464","0.865233","Indonesia"
"879","7-Eleven","3382.T","28785155291","12.6971","Japan"
"880","China Coal Energy Company Limited","601898.SS","28779869294","2.17065","China"
"881","VICI Properties","VICI","28771153920","26.13","United States"
"882","First Quantum Minerals","FM.TO","28626696345","34.3161","Canada"
"883","DTE Energy","DTE","28591298560","137.4","United States"
"884","Edison International","EIX","28562817024","74.225","United States"
"885","Banco BPM","BAMI.MI","28548160218","18.9583","Italy"
"886","Trip.com","TCOM","28516200448","45.285","China"
"887","Mitsubishi Estate","8802.T","28494554783","23.7319","Japan"
"888","Atmos Energy","ATO","28477952000","168.52","United States"
"889","Neste","NESTE.HE","28441319147","37.0193","Finland"
"890","ON Semiconductor","ON","28437778432","73.045","United States"
"891","Pembina Pipeline","PBA","28313006080","48.685","Canada"
"892","Halliburton","HAL","28305602560","33.975","United States"
"893","New China Life Insurance","601336.SS","28301711943","9.07238","China"
"894","LPL Financial","LPLA","28281475072","359.165","United States"
"895","BioNTech","BNTX","28278075392","112.57","Germany"
"896","Fortis","FTS","28222115840","55.24","Canada"
"897","Mettler Toledo","MTD","28151367680","1405","United States"
"898","SMC corp","6273.T","28113565693","448.666","Japan"
"899","Amadeus IT Group","AMS.MC","28080675946","66.8609","Spain"
"900","Hexagon AB","HEXA-B.ST","28054024805","10.5336","Sweden"
"901","Inpex","1605.T","27975345034","24.0706","Japan"
"902","Anta Sports","2020.HK","27831910525","10.0458","China"
"903","Cognizant Technology Solutions","CTSH","27823939584","61.77","United States"
"904","Fiserv","FISV","27758223360","52.2","United States"
"905","Hindustan Zinc","HINDZINC.NS","27747451247","6.56695","India"
"906","Williams-Sonoma","WSM","27695179776","235.21","United States"
"907","Otis Worldwide","OTIS","27583455232","72.4604","United States"
"908","Tenaris","TS","27563163648","54.6","Luxembourg"
"909","Shriram Transport Finance","SHRIRAMFIN.NS","27561887962","11.7136","India"
"910","China State Construction Engineering","601668.SS","27540779157","0.666518","China"
"911","Dover Corporation","DOV","27535372288","204.45","United States"
"912","Life Insurance Corporation of India (LIC)","LICI.NS","27533716878","4.35316","India"
"913","Exor","EXO.AS","27479121894","83.6052","Netherlands"
"914","BT Group","BT-A.L","27472796484","2.78809","United Kingdom"
"915","PT DCI Indonesia Tbk","DCII.JK","27414690834","11.5007","Indonesia"
"916","American Water","AWK","27406716928","137.91","United States"
"917","Zoom","ZM","27354169344","93.285","United States"
"918","Yuanta Financial Holding","2885.TW","27345603921","1.97236","Taiwan"
"919","LabCorp","LH","27310424064","336.75","United States"
"920","China National Nuclear Power","601985.SS","27295483507","1.32708","China"
"921","Hapag-Lloyd","HLAG.DE","27238542751","154.976","Germany"
"922","Astellas Pharma","4503.T","27226011455","15.1845","Japan"
"923","Zscaler","ZS","27212478464","168.28","United States"
"924","China Everbright Bank","601818.SS","27162739346","0.459719","China"
"925","Quest Diagnostics","DGX","27056924672","245.14","United States"
"926","HP","HPQ","26996709376","29.52","United States"
"927","Roblox","RBLX","26996267008","37.79","United States"
"928","Insmed","INSM","26988677120","123.585","United States"
"929","FirstEnergy","FE","26932795392","46.545","United States"
"930","Eversource Energy","ES","26907760640","71.435","United States"
"931","Dollar General","DG","26823335936","121.6","United States"
"932","AIB Group (Allied Irish Banks)","A5G.IR","26804575328","12.8","Ireland"
"933","DSM-Firmenich","DSFIR.AS","26744858303","108.669","Switzerland"
"934","Corpay","CPAY","26634815488","405.65","United States"
"935","Xylem","XYL","26623334400","114.025","United States"
"936","Imperial Brands","IMB.L","26614879849","34.8035","United Kingdom"
"937","Bank Rakyat Indonesia","BBRI.JK","26609051043","0.176716","Indonesia"
"938","SharkNinja","SN","26597341184","187.94","United States"
"939","VeriSign","VRSN","26514319360","293.3","United States"
"940","Cincinnati Financial","CINF","26500286464","172.665","United States"
"941","WuXi Biologics","WXXWY","26485303296","12.9","China"
"942","Emaar Properties","EMAAR.AE","26474974054","2.99532","United Arab Emirates"
"943","PPL","PPL","26459475968","35.16","United States"
"944","George Weston","WN.TO","26453874924","70.6938","Canada"
"945","Bending Spoons","BSP","26437828608","41.62","Italy"
"946","Roivant Sciences","ROIV","26415351808","36.57","United Kingdom"
"947","Asian Paints","ASIANPAINT.NS","26392310592","27.5309","India"
"948","Michelin","ML.PA","26354799935","36.9476","France"
"949","Philips","PHG","26347728896","26.9562","Netherlands"
"950","Chroma ATE Inc.","2360.TW","26341410865","62.1859","Taiwan"
"951","Qnity Electronics","Q","26317387776","125.795","United States"
"952","S.F. Express","002352.SZ","26304999214","4.99591","China"
"953","AvalonBay Communities","AVB","26283393024","184.06","United States"
"954","Mediobanca","MB.MI","26276739252","32.5798","Italy"
"955","Regions Financial","RF","26247948288","30.81","United States"
"956","Helvetia Baloise Holding AG","HBAN.SW","26236777719","264.85","Switzerland"
"957","ADNOC Drilling Company","ADNOCDRILL.AE","26228079746","1.64","United Arab Emirates"
"958","Aristocrat","ALL.AX","26217481813","43.9128","Australia"
"959","Dassault Aviation","AM.PA","26197193711","340.014","France"
"960","Smurfit Westrock","SW","26168446976","49.89","Ireland"
"961","DMart","DMART.NS","26163810449","40.1134","India"
"962","Formula One Group","FWONK","26158921728","104.34","United States"
"963","Incyte","INCY","26133819392","128.93","United States"
"964","National Bank of Kuwait","NBK.KW","26121429947","2845.5","Kuwait"
"965","Synchrony Financial","SYF","26104504320","80.23","United States"
"966","CenterPoint Energy","CNP","26091909120","39.61","United States"
"967","Coal India","COALINDIA.NS","26065082604","4.22947","India"
"968","Suzuki Motor","7269.T","26057529689","13.5064","Japan"
"969","Hua Hong Semiconductor Limited","1347.HK","26045073870","14.989","China"
"970","Tapestry","TPR","26039556096","130.595","United States"
"971","Chocoladefabriken Lindt &amp; Sprüngli","LISP.SW","26027651638","11281.6","Switzerland"
"972","Fox Corporation","FOX","26025080832","61.9","United States"
"973","Pop Mart International Group","9992.HK","25997834819","19.6834","China"
"974","LG Electronics","066570.KS","25990735234","144.715","South Korea"
"975","ST Engineering","S63.SI","25957202197","8.32147","Singapore"
"976","Samsung Electro-Mechanics","009155.KS","25955257963","343.563","South Korea"
"977","EnBW Energie","EBK.DE","25931724519","79.9347","Germany"
"978","Powergrid Corporation of India","POWERGRID.NS","25853967684","2.77982","India"
"979","Texas Pacific Land Corporation","TPL","25843777536","374.685","United States"
"980","Largan Precision","3008.TW","25839216568","197.55","Taiwan"
"981","Klabin","KLBN11.SA","25812142725","3.63241","Brazil"
"982","MTR Corporation","0066.HK","25810868331","4.15354","Hong Kong"
"983","Sany Heavy Industry","600031.SS","25800460248","2.80592","China"
"984","Hana Financial Group","086790.KS","25792166657","96.14","South Korea"
"985","Global Unichip Corp.","3443.TW","25779439667","192.368","Taiwan"
"986","Affirm","AFRM","25706813440","76.76","United States"
"987","Huatai Securities","601688.SS","25704705925","2.84758","China"
"988","Mitsui Fudosan","8801.T","25671051241","9.5354","Japan"
"989","Dollar Tree","DLTR","25513097216","132.76","United States"
"990","W. R. Berkley","WRB","25462495232","68.59","United States"
"991","OMV","OMV.F","25443228083","78.0121","Austria"
"992","PPG Industries","PPG","25420005376","114.35","United States"
"993","East Japan Railway","9020.T","25385377671","22.4835","Japan"
"994","CLP Group","0002.HK","25380240969","10.0458","Hong Kong"
"995","Geely","0175.HK","25259942530","2.34211","China"
"996","Divis Laboratories","DIVISLAB.NS","25113245059","94.5997","India"
"997","Alfa Laval","ALFA.ST","25055157707","60.6183","Sweden"
"998","nVent Electric","NVT","25050914816","154.771","United Kingdom"
"999","GlobalFoundries","GFS","25001553920","45.565","United States"
"1000","International Consolidated Airlines","BABWF","24969697280","5.7","Spain"
"1001","Darden Restaurants","DRI","24937177088","219.63","United States"
"1002","Shenzhen Inovance","300124.SZ","24935012580","9.20925","China"
"1003","PulteGroup","PHM","24927043584","130.86","United States"
"1004","Expeditors International","EXPD","24868505600","191.31","United States"
"1005","PBBank (Public Bank Bhd)","1295.KL","24854567713","1.28046","Malaysia"
"1006","First Citizens BancShares","FCNCA","24828149760","2198.52","United States"
"1007","West Pharmaceutical Services","WST","24816605184","352.63","United States"
"1008","China International Capital Corporation","601995.SS","24813169147","5.14022","China"
"1009","Fujifilm","4901.T","24759156682","20.7019","Japan"
"1010","J. B. Hunt","JBHT","24757385216","263.615","United States"
"1011","Coterra Energy","CTRA","24724652032","32.56","United States"
"1012","Hubbell","HUBB","24714020864","467.78","United States"
"1013","Global Payments","GPN","24680296448","93.2675","United States"
"1014","GF Securities","000776.SZ","24661133760","3.15164","China"
"1015","Northern Star","NST.AX","24634337744","17.2896","Australia"
"1016","Equity Residential","EQR","24611481600","63.66","United States"
"1017","EchoStar","ECHO","24590039040","84.65","United States"
"1018","Symbotic","SYM","24583864320","40.61","United States"
"1019","Tata Steel","TATASTEEL.NS","24583299376","1.97071","India"
"1020","Tower Semiconductor","TSEM","24576948224","217.435","Israel"
"1021","Supermicro","SMCI","24563126272","37.9721","United States"
"1022","Yili Group","600887.SS","24561767432","3.88306","China"
"1023","Canon","7751.T","24560546504","29.1018","Japan"
"1024","Coca-Cola FEMSA","KOF","24558729216","116.9","Mexico"
"1025","Hansoh Pharma","3692.HK","24548539390","4.04894","China"
"1026","Hindalco Industries","HINDALCO.NS","24501462153","11.0375","India"
"1027","Amrize","AMRZ","24496799744","44.79","Switzerland"
"1028","Brown &amp; Brown","BRO","24495153152","73.205","United States"
"1029","Industrivarden","INDU-A.ST","24493668517","56.7116","Sweden"
"1030","Aluminum Corporation of China","601600.SS","24476111883","1.42676","China"
"1031","Fair Isaac (FICO)","FICO","24440965120","1131.65","United States"
"1032","China Securities (CSC Financial)","601066.SS","24420979351","3.75958","China"
"1033","Innovent Biologics","1801.HK","24384605126","14.0067","China"
"1034","Verisk Analytics","VRSK","24333318144","186.955","United States"
"1035","Church & Dwight","CHD","24325261312","102.55","United States"
"1036","InterContinental Hotels Group","IHG","24321191936","164.98","United Kingdom"
"1037","Next plc","NXT.L","24304681775","212.915","United Kingdom"
"1038","SoFi","SOFI","24249231360","18.775","United States"
"1039","NRG Energy","NRG","24106938368","114.68","United States"
"1040","Veralto","VLTO","24102629376","98.865","United States"
"1041","Circle Internet Group","CRCL","24093231104","88.385","United States"
"1042","LY Corporation","4689.T","24062110144","3.49485","Japan"
"1043","China Merchants Securities","600999.SS","24039495280","2.76426","China"
"1044","Aeon","8267.T","24029157550","8.68537","Japan"
"1045","Carpenter Technology","CRS","23982383104","483.92","United States"
"1046","Omnicom Group","OMC","23975092224","87.39","United States"
"1047","Nan Ya PCB","8046.TW","23947088930","37.0603","Taiwan"
"1048","Principal Financial Group","PFG","23943321600","111.83","United States"
"1049","T. Rowe Price","TROW","23905241088","112.065","United States"
"1050","ZTE","000063.SZ","23869639402","4.98996","China"
"1051","Grupo Cibest (Bancolombia)","CIB","23847991296","100.98","Colombia"
"1052","Raiffeisen Bank International","RAW.F","23835273674","72.5938","Austria"
"1053","Verbund AG","OEWA.F","23803358093","68.5155","Austria"
"1054","Terumo","4543.T","23800614089","16.1349","Japan"
"1055","HENGTONG Optic-Electric","600487.SS","23788771204","9.64517","China"
"1056","Unipol Assicurazioni","UNI.MI","23784295609","33.1624","Italy"
"1057","Naver","035420.KS","23751733153","158.79","South Korea"
"1058","Telefónica","TEF.MC","23668572395","4.20531","Spain"
"1059","Shandong Gold Mining","600547.SS","23659133569","5.13221","China"
"1060","KeyCorp (KeyBank)","KEY","23647569920","22.16","United States"
"1061","Lundin Mining","LUN.TO","23589028039","27.7095","Canada"
"1062","AXIA Energia SA","AXIA3.SA","23588420794","10.3597","Brazil"
"1063","Roku","ROKU","23586744320","158.92","United States"
"1064","Geberit","GEBN.SW","23557769836","728.026","Switzerland"
"1065","Partners Group","PGHN.SW","23538701531","912.95","Switzerland"
"1066","US Foods","USFD","23525965824","108.75","United States"
"1067","China Jushi Co., Ltd.","600176.SS","23525091544","5.87666","China"
"1068","Aker BP","AKRBP.OL","23508108054","37.256","Norway"
"1069","NN Group","NN.AS","23507082992","90.3985","Netherlands"
"1070","AST SpaceMobile","ASTS","23462907904","60.29","United States"
"1071","Grasim Industries","GRASIM.NS","23460368371","34.5894","India"
"1072","Central Japan Railway","9022.T","23453689279","24.7042","Japan"
"1073","Gazprom","GAZP.ME","23444458259","1","Russia"
"1074","QBE Insurance","QBE.AX","23397795984","15.6609","Australia"
"1075","Tradeweb","TW","23393699840","108.29","United States"
"1076","AerCap","AER","23341834240","148.5","Ireland"
"1077","Evolution Mining","EVN.AX","23290760742","11.4068","Australia"
"1078","Arxis, Inc.","ARXS","23284008960","54.045","United States"
"1079","Viper Energy","VNOM","23246583808","44.365","United States"
"1080","Abu Dhabi Islamic Bank (ADIB)","ADIB.AE","23241476978","6.4","United Arab Emirates"
"1081","Vinhomes","VHM.VN","23163400087","2.81971","Vietnam"
"1082","Coles Group","COL.AX","23154238677","17.2394","Australia"
"1083","Hydro One","H.TO","23153827469","38.5835","Canada"
"1084","Terna","TRN.MI","23135471942","11.5288","Italy"
"1085","Rivian","RIVN","23129573376","15.975","United States"
"1086","Coca-Cola HBC","CCH.L","23128803868","63.4597","Switzerland"
"1087","Eicher Motors","EICHERMOT.NS","23120918244","84.2225","India"
"1088","Constellation Brands","STZ","23087196160","135.168","United States"
"1089","Steris","STE","22975414272","235.645","Ireland"
"1090","MTU Aero Engines","MTX.DE","22955585858","426.124","Germany"
"1091","SGS","SGSN.SW","22949561570","116.142","Switzerland"
"1092","Bombardier","BBD-B.TO","22945321943","232.586","Canada"
"1093","China Minsheng Bank","600016.SS","22928530145","0.523693","China"
"1094","ULTA Beauty","ULTA","22921902080","533.2","United States"
"1095","Curtiss-Wright","CW","22851895296","618.715","United States"
"1096","EDP Group","EDP.F","22808340817","5.51736","Portugal"
"1097","Samsara","IOT","22807271424","39.14","United States"
"1098","Loews Corporation","L","22789601280","111.48","United States"
"1099","Bandai Namco","7832.T","22764817577","35.4943","Japan"
"1100","XPO Logistics","XPO","22732337152","194.15","United States"
"1101","Snam","SRG.MI","22726473319","6.77231","Italy"
"1102","ASUS","2357.TW","22651388289","30.4962","Taiwan"
"1103","VAT Group","VACN.SW","22627494798","755.082","Switzerland"
"1104","Zhejiang Sanhua Intelligent Controls Co.,Ltd","002050.SZ","22625547410","5.37678","China"
"1105","Tenaga Nasional","TNABY","22573352960","15.49","Malaysia"
"1106","Guardant Health","GH","22561058816","168.12","United States"
"1107","China Unicom","0762.HK","22560839580","0.73733","Hong Kong"
"1108","Uniper","UN0.DE","22541690362","54.1249","Germany"
"1109","Okta","OKTA","22528909312","129.62","United States"
"1110","Markel Group","MKL","22501898240","1816.14","United States"
"1111","Adani Green Energy","ADANIGREEN.NS","22500575994","13.6601","India"
"1112","Constellation Oil Services Holding","QG21.F","22466204822","14.7812","Luxembourg"
"1113","Expand Energy","EXE","22458183680","97.01","United States"
"1114","F5","FFIV","22449848320","396.45","United States"
"1115","Royal Gold","RGLD","22434666496","264.785","United States"
"1116","JX Advanced Metals","5016.T","22424386918","24.1522","Japan"
"1117","Ems-Chemie","EMSN.SW","22380595580","956.884","Switzerland"
"1118","Dr. Sulaiman Al Habib Medical Services Group Company","4013.SR","22373152195","63.9233","Saudi Arabia"
"1119","Traton","8TRA.DE","22372407009","44.7448","Germany"
"1120","Equifax","EFX","22371473408","190.42","United States"
"1121","Sociedad Química y Minera","SQM","22351159296","78.25","Chile"
"1122","Riyad Bank","1010.SR","22343792345","5.60927","Saudi Arabia"
"1123","International Flavors & Fragrances","IFF","22305210368","87.42","United States"
"1124","Amundi","AMUN.PA","22282886358","110.639","France"
"1125","Tenet Healthcare","THC","22282827776","276.74","United States"
"1126","Fuyao Glass Industry Group","600660.SS","22208933352","8.51001","China"
"1127","Nippon Steel","5401.T","22196157558","4.24702","Japan"
"1128","TVS Motor","TVSMOTOR.NS","22167794736","46.6468","India"
"1129","Packaging Corporation of America","PKG","22164983808","248.77","United States"
"1130","United Therapeutics","UTHR","22149609472","516.42","United States"
"1131","First Solar","FSLR","22074832896","205.405","United States"
"1132","International Paper","IP","22014220288","41.57","United States"
"1133","Pan American Silver","PAAS","21960241152","52.965","Canada"
"1134","ENEOS Holdings","5020.T","21928423895","8.23683","Japan"
"1135","Dow","DOW","21915817984","30.34","United States"
"1136","QNB Finansbank","QNBTR.IS","21902423898","3.98226","Turkey"
"1137","Coeur Mining","CDE","21900154880","21.305","United States"
"1138","Lite-On Technology","2301.TW","21878604824","9.64196","Taiwan"
"1139","BCE Inc.","BCE","21867730944","23.45","Canada"
"1140","Amcor","AMCR","21864329216","47.29","Switzerland"
"1141","Industrias Peñoles","PE&OLES.MX","21849806716","54.9714","Mexico"
"1142","Bank Mandiri","BMRI.JK","21836556364","0.234869","Indonesia"
"1143","SK Group","034730.KS","21809197422","399.861","South Korea"
"1144","CIMB Group","1023.KL","21715528428","2.00895","Malaysia"
"1145","MFHC","2886.TW","21709654087","1.46357","Taiwan"
"1146","Bunge Global SA","BG","21684486144","112.87","United States"
"1147","Samsung Fire & Marine Insurance Co., Ltd.","000810.KS","21678602981","490.805","South Korea"
"1148","CMS Energy","CMS","21658773504","69.07","United States"
"1149","LS ELECTRIC Co., Ltd.","010120.KS","21638888963","145.437","South Korea"
"1150","CSG N.V. (The Czechoslovak Group)","CSG.AS","21631320728","21.6313","Czech Republic"
"1151","Entegris","ENTG","21615089664","141.46","United States"
"1152","Banco do Brasil","BBAS3.SA","21612099287","3.7857","Brazil"
"1153","MTN Group","MTN.JO","21607194100","11.7875","South Africa"
"1154","Singapore Exchange","S68.SI","21591132242","20.2047","Singapore"
"1155","Bank of Nanjing","601009.SS","21557839058","1.74366","China"
"1156","Legal &amp; General","LGEN.L","21552184848","3.95909","United Kingdom"
"1157","China Northern Rare Earth (CNREHT)","600111.SS","21551096792","5.96147","China"
"1158","General Mills","GIS","21497450496","40.21","United States"
"1159","Kingspan Group","KRX.IR","21480050266","119.356","Ireland"
"1160","Ralph Lauren","RL","21387341824","358.955","United States"
"1161","Nornickel","GMKN.ME","21344614332","1.46","Russia"
"1162","China National Uranium","001280.SZ","21314132692","10.3057","China"
"1163","InterGlobe Aviation (IndiGo)","INDIGO.NS","21280402321","55.0355","India"
"1164","Toast","TOST","21232830464","36.735","United States"
"1165","Fortum","FORTUM.HE","21161304497","23.5842","Finland"
"1166","Lennar","LEN","21124096000","87.69","United States"
"1167","Banco de Chile","BCH","21082265600","41.74","Chile"
"1168","CK Infrastructure","1038.HK","21068836303","8.36194","Hong Kong"
"1169","Formosa Petrochemical","6505.TW","21062424341","2.21106","Taiwan"
"1170","Alpha Dhabi","ALPHADHABI.AE","20967214913","2.1","United Arab Emirates"
"1171","Banca Mediolanum","BMED.MI","20960353748","28.2918","Italy"
"1172","Bank of Ireland Group","BIRG.IR","20899393413","22.1627","Ireland"
"1173","CK Asset Holdings","1113.HK","20885029953","5.96753","Hong Kong"
"1174","Fidelity National Information Services","FIS","20837097472","40.405","United States"
"1175","Kaspi.kz Joint Stock Company","KKS.F","20784856235","107.434","Kazakhstan"
"1176","Alinma Bank","1150.SR","20695165671","6.89839","Saudi Arabia"
"1177","FTAI Aviation","FTAI","20691369984","201.46","United States"
"1178","Broadridge Financial Solutions","BR","20671010816","181.29","United States"
"1179","Charter Communications","CHTR","20663410688","153.315","United States"
"1180","MACOM Technology Solutions","MTSI","20655280128","270.46","United States"
"1181","TPG Inc.","TPG","20655155200","52.885","United States"
"1182","Cellnex Telecom","CLNX.MC","20642765796","31.1699","Spain"
"1183","China Tower","0788.HK","20627535114","1.17998","China"
"1184","Genmab","GMAB","20620580864","33.55","Denmark"
"1185","Wärtsilä","WRT1V.HE","20601832047","34.9452","Finland"
"1186","Capgemini","CAP.PA","20600366804","124.097","France"
"1187","Indian Oil","IOC.NS","20595261851","1.45846","India"
"1188","PharmaEssentia","6446.TW","20594790816","49.7802","Taiwan"
"1189","Snap-on","SNA","20563601408","397.54","United States"
"1190","Beiersdorf","BEI.DE","20557065756","94.2671","Germany"
"1191","Bouygues","EN.PA","20549877949","53.216","France"
"1192","Bank of Shanghai","601229.SS","20547773917","1.44611","China"
"1193","Rongsheng Petrochemical","002493.SZ","20450008614","2.04716","China"
"1194","Woodward","WWD","20417751040","345.795","United States"
"1195","Kaō","4452.T","20393181297","22.5399","Japan"
"1196","Technoprobe","TPRO.MI","20339205046","31.7642","Italy"
"1197","Mizrahi-Tefahot","MZTF.TA","20310515947","77.9762","Israel"
"1198","LyondellBasell","LYB","20273860608","62.76","United States"
"1199","Korea Zinc","010130.KS","20194816607","990.271","South Korea"
"1200","ASICS Corporation","7936.T","20172513372","28.4556","Japan"
"1201","Adani Energy Solutions","ADANIENSOL.NS","20132177973","16.4619","India"
"1202","Banco Sabadell","SAB.MC","20126152913","4.24726","Spain"
"1203","TD Synnex","SNX","20100831232","251.39","United States"
"1204","Western Midstream","WES","20039008256","48.5001","United States"
"1205","China Overseas Land &amp; Investment","0688.HK","20035372853","1.83057","Hong Kong"
"1206","Exact Sciences","EXAS","20026083328","104.91","United States"
"1207","Reliance","RS","20016959488","392.07","United States"
"1208","Tyson Foods","TSN","19978807296","56.79","United States"
"1209","Essity","ESSITY-B.ST","19969647288","29.5215","Sweden"
"1210","FedEx Freight","FDXF","19969640448","133.56","United States"
"1211","Southwest Airlines","LUV","19952355328","40.785","United States"
"1212","Knorr-Bremse","KBX.DE","19929293629","123.631","Germany"
"1213","China Galaxy Securities","601881.SS","19928055782","1.82251","China"
"1214","Essex Property Trust","ESS","19926429696","289.07","United States"
"1215","YPF S.A.","YPF","19909572608","50.78","Argentina"
"1216","Borouge","BOROUGE.AE","19888952890","0.66","United Arab Emirates"
"1217","Rogers Communications","RCI","19885692928","36.81","Canada"
"1218","Sieyuan Electric","002028.SZ","19849873766","25.3649","China"
"1219","Arca Continental","AC.MX","19839621153","11.6828","Mexico"
"1220","Pernod Ricard","RI.PA","19835664807","78.7695","France"
"1221","KE Holdings","BEKE","19816755200","17.96","China"
"1222","MasTec","MTZ","19810426880","246.69","United States"
"1223","Telenor","TEL.OL","19777595966","14.5426","Norway"
"1224","Associated British Foods","ABF.L","19765225730","28.2753","United Kingdom"
"1225","SBA Communications","SBAC","19746709504","186.135","United States"
"1226","KGHM Polska Miedź","KGH.WA","19743152338","98.7158","Poland"
"1227","Kubota","6326.T","19739391824","17.5244","Japan"
"1228","Sumitomo Realty &amp; Development","8830.T","19688394074","21.3166","Japan"
"1229","E.SUN Bank","2884.TW","19680602728","1.21545","Taiwan"
"1230","NiSource","NI","19673954304","41.025","United States"
"1231","Burlington Stores","BURL","19667236864","312.465","United States"
"1232","Great Wall Motors","601633.SS","19653908058","2.29413","China"
"1233","Multiply Group","MULTIPLY.AE","19576392208","0.57","United Arab Emirates"
"1234","Norsk Hydro","NHY.OL","19539212641","9.93351","Norway"
"1235","Rubrik","RBRK","19531071488","94.89","United States"
"1236","Vonovia","VNA.DE","19505517285","22.99","Germany"
"1237","Torrent Pharmaceuticals","TORNTPHARM.NS","19496434399","51.2568","India"
"1238","Stellantis","STLA","19495901184","5.175","Netherlands"
"1239","Sumitomo Metal Mining","5713.T","19495784696","72.6133","Japan"
"1240","Lasertec","6920.T","19466101377","217.181","Japan"
"1241","Unity Software","U","19460732928","44.22","United States"
"1242","Chery Automobile","9973.HK","19443300464","3.34733","China"
"1243","SS&C Technologies","SSNC","19422392320","82.77","United States"
"1244","Galaxy Entertainment","0027.HK","19407207588","4.43164","Hong Kong"
"1245","Viatris","VTRS","19382470656","16.875","United States"
"1246","Telecom Italia","TIT.MI","19378809517","9.08413","Italy"
"1247","Galp Energia","GZ5.F","19358594407","24.7844","Portugal"
"1248","Hwatsing Technology","688120.SS","19358040535","39.0062","China"
"1249","Eurobank Ergasias Services and Holdings","EUROB.AT","19353727364","5.39385","Greece"
"1250","Hanwha Ocean (DSME)","042660.KS","19303805509","63.0107","South Korea"
"1251","CRRC","1766.HK","19293440520","0.672272","China"
"1252","Permian Resources","PR","19284750336","23.025","United States"
"1253","Julius Bär","BAER.SW","19265320792","93.6282","Switzerland"
"1254","Zimmer Biomet","ZBH","19260692480","100.98","United States"
"1255","Hyundai Motor India","HYUNDAI.NS","19163304173","23.5844","India"
"1256","Hengli Petrochemical","600346.SS","19154228350","2.72112","China"
"1257","CF Industries","CF","19151841280","126.55","United States"
"1258","Saudi Electricity","5110.SR","19143359297","4.59449","Saudi Arabia"
"1259","Genuine Parts Company","GPC","19117012992","138.67","United States"
"1260","Euronext","ENX.PA","19096199560","191.46","Netherlands"
"1261","Baosteel","600019.SS","19090885986","0.876449","China"
"1262","Solar Industries India","SOLARINDS.NS","19062269564","210.656","India"
"1263","Zhongjin Gold","600489.SS","19060398474","3.93216","China"
"1264","HD Hyundai Electric","267260.KS","19042247293","529.059","South Korea"
"1265","Resonac Holdings Corporation","4004.T","19035440009","100.341","Japan"
"1266","CNH Industrial","CNH","19000393728","11.815","United Kingdom"
"1267","Banco Comercial Português (Millennium bcp)","BCP.LS","18999275652","1.29574","Portugal"
"1268","Evergy","EVRG","18937634816","82.135","United States"
"1269","IHH Healthcare","Q0F.SI","18935732690","2.0843","Malaysia"
"1270","AVIC Shenyang Aircraft Company Limited","600760.SS","18928213786","6.67679","China"
"1271","CVC Capital Partners plc","CVC.AS","18915834330","17.327","Jersey"
"1272","Konami Holdings","9766.T","18912562583","139.518","Japan"
"1273","News Corp","NWS","18827388928","35.04","United States"
"1274","The Saudi British Bank","1060.SR","18826724143","9.16234","Saudi Arabia"
"1275","Hyosung Heavy Industries Corporation","298040.KS","18798495828","2018.8","South Korea"
"1276","Santos","STO.AX","18782021690","5.78305","Australia"
"1277","Advantech","2395.TW","18778381546","21.608","Taiwan"
"1278","Brambles","BXB.AX","18774712961","14.0613","Australia"
"1279","Krung Thai Bank","KTB.BK","18748375476","1.34146","Thailand"
"1280","Nidec","6594.T","18625035656","16.2478","Japan"
"1281","Bank Pekao (Bank Polska Kasa Opieki)","PEO.WA","18624426885","70.9583","Poland"
"1282","Nordson","NDSN","18622527488","334.34","United States"
"1283","Telefonica Brasil","VIV","18614405120","11.65","Brazil"
"1284","SBI Life Insurance","SBILIFE.NS","18596284027","18.5342","India"
"1285","WSP Global","WSP.TO","18574522914","137.776","Canada"
"1286","Dupont De Nemours","DD","18572460032","137.53","United States"
"1287","Zangge Mining Company","000408.SZ","18507663027","11.7965","China"
"1288","ITT","ITT","18505205760","205.98","United States"
"1289","Halma","HLMA.L","18503192249","48.9919","United Kingdom"
"1290","Kuaishou Technology","1024.HK","18491409128","4.28876","China"
"1291","SPEEH Hidroelectrica","H2O.RO","18425213280","40.9629","Romania"
"1292","Kasikornbank","KBANK.BK","18420078071","7.77439","Thailand"
"1293","Wilmar International","F34.SI","18413604717","2.94948","Singapore"
"1294","HD Korea Shipbuilding &amp; Offshore Engineering","009540.KS","18399851064","260.199","South Korea"
"1295","Xi'an Eswin Material Technology Co.,Ltd.","688783.SS","18388315646","4.55404","China"
"1296","Straumann","STMN.SW","18380357760","115.273","Switzerland"
"1297","Amer Sports","AS","18379757568","31.59","Finland"
"1298","Grupo Carso","GCARSOA1.MX","18360095295","8.14948","Mexico"
"1299","MKS Instruments","MKSI","18350731264","271.39","United States"
"1300","Daiwa House","1925.T","18327143412","29.5911","Japan"
"1301","Lundin Gold","LUG.TO","18325073625","75.7758","Canada"
"1302","KPN","KPN.AS","18324651529","4.77861","Netherlands"
"1303","Henderson Land Development","0012.HK","18293181512","3.7785","Hong Kong"
"1304","Tractor Supply","TSCO","18275483648","35.075","United States"
"1305","Fortive","FTV","18253940736","60.4401","United States"
"1306","Shanghai International Port Group (SIPG)","600018.SS","18252680549","0.784051","China"
"1307","Swire Properties","1972.HK","18243946474","3.16874","Hong Kong"
"1308","KEPCO","9503.T","18230285347","16.3639","Japan"
"1309","Samvardhana Motherson","MOTHERSON.NS","18214011075","1.72952","India"
"1310","Wipro","WIT","18202441728","1.84","India"
"1311","Carlsberg","CARL-B.CO","18197065494","137.677","Denmark"
"1312","Kazatomprom","0ZQ.F","18193040923","70.1468","Kazakhstan"
"1313","Wistron Corporation","3231.TW","18177434542","5.71608","Taiwan"
"1314","Sinopac Financial Holdings","2890.TW","18175369702","1.22955","Taiwan"
"1315","Air China","601111.SS","18170893395","0.886707","China"
"1316","ageas","AGS.BR","18125251397","86.6293","Belgium"
"1317","Bank of Hangzhou","600926.SS","18118461669","2.49944","China"
"1318","Luzhou Laojiao","000568.SZ","18114362927","12.3068","China"
"1319","Telia Company","TELIA.ST","18091585363","4.60099","Sweden"
"1320","EVE Energy","300014.SZ","18074433401","8.3166","China"
"1321","Plains All American Pipeline","PAA","17988417536","25.495","United States"
"1322","Ovintiv","OVV","17981765632","65.01","United States"
"1323","Best Buy","BBY","17976328192","85.29","United States"
"1324","East West Bancorp","EWBC","17958144000","131.07","United States"
"1325","PT Amman Mineral Internasional Tbk","AMMN.JK","17947746977","0.247855","Indonesia"
"1326","Rollins","ROL","17927526400","37.2601","United States"
"1327","Wolters Kluwer","WKL.AS","17916043080","80.4474","Netherlands"
"1328","SiTime","SITM","17903814656","597.68","United States"
"1329","Alliant Energy","LNT","17872494592","68.93","United States"
"1330","SEGRO","SGRO.L","17867651163","13.206","United Kingdom"
"1331","Invitation Homes","INVH","17845022720","30.04","United States"
"1332","Nutanix","NTNX","17833043968","65.97","United States"
"1333","China Steel","2002A.TW","17830976896","1.16988","Taiwan"
"1334","Jacobs Engineering","J","17789868032","152","United States"
"1335","Sonova","SOON.SW","17782894796","299.352","Switzerland"
"1336","Franklin Resources","BEN","17772529664","34.98","United States"
"1337","C. H. Robinson","CHRW","17771907072","152.09","United States"
"1338","SAIC Motor","600104.SS","17769238588","1.54579","China"
"1339","APi Group","APG","17740179456","41.05","United States"
"1340","Vodacom","VOD.JO","17735049200","9.18076","South Africa"
"1341","Jones Lang LaSalle","JLL","17729415168","385.358","United States"
"1342","BE Semiconductor","BESI.AS","17719439140","223.841","Netherlands"
"1343","Futu Holdings","FUTU","17705162752","126.29","Hong Kong"
"1344","Onto Innovation","ONTO","17696151552","289.515","United States"
"1345","Nomura Research Institute","4307.T","17684332655","31.5735","Japan"
"1346","JDE Peet's","JDEP.AS","17677496401","36.4135","Netherlands"
"1347","CDW Corporation","CDW","17672462336","141.36","United States"
"1348","POSCO","PKX","17665013760","58.4","South Korea"
"1349","National Bank of Greece","ETE.AT","17647139873","19.6924","Greece"
"1350","Nippon Yūsen","9101.T","17630231724","43.6872","Japan"
"1351","Tourmaline Oil","TOU.TO","17616984518","45.3343","Canada"
"1352","PTT Exploration and Production","PTTEP.BK","17610758404","4.43598","Thailand"
"1353","Pidilite","PIDILITIND.NS","17604467612","17.2952","India"
"1354","Gen Digital","GEN","17601452032","29.405","United States"
"1355","Magna International","MGA","17568026624","65.67","Canada"
"1356","Metso","METSO.HE","17561950520","21.2072","Finland"
"1357","IHI Corporation","7013.T","17544553005","16.5489","Japan"
"1358","Carlyle Group","CG","17510193152","49.14","United States"
"1359","Hong Kong and China Gas","0003.HK","17507562148","0.938247","Hong Kong"
"1360","Bankinter","BKT.MC","17503738114","19.4768","Spain"
"1361","Polyus","PLZL.ME","17502381876","13.11","Russia"
"1362","James Hardie Industries","JHX","17482434560","30.115","Ireland"
"1363","Hua Nan Financial Holdings","2880.TW","17481876113","1.24372","Taiwan"
"1364","Hongkong Land","H78.SI","17455806464","8.19","Hong Kong"
"1365","DLF","DLF.NS","17448764486","7.04912","India"
"1366","Weyerhaeuser","WY","17430999040","24.185","United States"
"1367","Woori Financial Group","WF","17426747392","71.81","South Korea"
"1368","INNIO N.V.","INIO","17415000064","23.22","Germany"
"1369","Boliden","BOL.ST","17398232591","61.2695","Sweden"
"1370","Nippon Paint","4612.T","17380748779","7.49344","Japan"
"1371","HF Sinclair","DINO","17313480704","97.385","United States"
"1372","Powszechny Zakład Ubezpieczeń","PZU.WA","17313039952","20.0493","Poland"
"1373","IDEX","IEX","17309800448","234.805","United States"
"1374","Annaly Capital Management","NLY","17290209280","22.94","United States"
"1375","Medpace","MEDP","17262800896","618.48","United States"
"1376","Flutter Entertainment","FLUT","17236770816","99.325","Ireland"
"1377","Furukawa Electric","5801.T","17233688905","24.4972","Japan"
"1378","Unibail-Rodamco-Westfield","URW.PA","17213148587","119.145","France"
"1379","DWS Group","DWS.F","17210440034","86.0522","Germany"
"1380","KGI Financial Holding","2883.TW","17193430237","1.01288","Taiwan"
"1381","Singapore Airlines","C6L.SI","17189045969","5.45064","Singapore"
"1382","Zebra Technologies","ZBRA","17154371584","362.59","United States"
"1383","Ryan Specialty","RYAN","17144667136","43.96","United States"
"1384","Leidos","LDOS","17144118272","136.615","United States"
"1385","Falabella","FALABELLA.SN","17134883571","6.82979","Chile"
"1386","Sabesp","SBS","17126356992","4.87","Brazil"
"1387","Lattice Semiconductor","LSCC","17120328704","120.54","United States"
"1388","Vodafone Idea","IDEA.NS","17102850199","0.157858","India"
"1389","DiDi","DIDIY","17083487232","3.79","China"
"1390","EDP Renováveis","EDPR.LS","17052484875","16.0918","Spain"
"1391","NVR","NVR","17033053184","6360","United States"
"1392","Ball Corporation","BALL","17031013376","64.34","United States"
"1393","Swedish Orphan Biovitrum","SOBI.ST","16999391499","48.7509","Sweden"
"1394","Mashreqbank","MASQ.AE","16988795758","84.6858","United Arab Emirates"
"1395","FinecoBank","FBK.MI","16988640588","27.7674","Italy"
"1396","Hologic","HOLX","16968846336","76.01","United States"
"1397","Chow Tai Fook","1929.HK","16953432318","1.71831","Hong Kong"
"1398","ABB India","ABB.NS","16901226122","79.7572","India"
"1399","WESCO International","WCC","16874678272","346.269","United States"
"1400","Santander Polska","SPL.WA","16834695066","164.74","Poland"
"1401","Romgaz","SNG.RO","16796125010","4.35785","Romania"
"1402","Admiral Group","ADM.L","16781147465","56.1426","United Kingdom"
"1403","Airtel Africa","AAF.L","16767933663","4.61871","United Kingdom"
"1404","Banco Santander-Chile","BSAC","16766994432","35.59","Chile"
"1405","Al Dar Properties","ALDAR.AE","16764075218","2.13","United Arab Emirates"
"1406","SDIC Power Holdings","600886.SS","16731852154","2.09031","China"
"1407","Cholamandalam Investment and Finance","CHOLAFIN.NS","16723764675","19.5814","India"
"1408","Pershing Square Inc.","PS","16700000256","41.75","United States"
"1409","Ganfeng Lithium","002460.SZ","16688708717","7.95953","China"
"1410","Jio Financial Services","JIOFIN.NS","16680542048","2.52615","India"
"1411","REA Group","REA.AX","16640289739","127.161","Australia"
"1412","Jazz Pharmaceuticals","JAZZ","16634359808","256.25","Ireland"
"1413","Tata Motors","TATAMOTORS.NS","16633915542","4.51722","India"
"1414","Hyatt Hotels","H","16624773120","176.415","United States"
"1415","Clean Harbors","CLH","16591559680","314.31","United States"
"1416","Sichuan Biokin Pharmaceutical","688506.SS","16534609169","40.0476","China"
"1417","Azrieli Group","AZRG.TA","16531452801","132.765","Israel"
"1418","South32","S32.AX","16524877985","3.6875","Australia"
"1419","Saudi Arabian Fertilizer Company","2020.SR","16482781134","34.6251","Saudi Arabia"
"1420","Ascendis Pharma","ASND","16477576192","251.21","Denmark"
"1421","Power Assets","0006.HK","16474485355","7.73049","Hong Kong"
"1422","China Tourism Group Duty Free","601888.SS","16408457365","7.89705","China"
"1423","ASR Nederland","ASRNL.AS","16383242061","81.2864","Netherlands"
"1424","Datang International Power Generation Company","601991.SS","16354960429","0.883731","China"
"1425","IonQ","IONQ","16343172096","40.34","United States"
"1426","Elia Group","ELI.BR","16316877746","149.499","Belgium"
"1427","ZTO Express","ZTO","16316217344","21.47","China"
"1428","Continental","CON.DE","16311304294","81.5541","Germany"
"1429","Evolution Gaming","EVO.ST","16311248918","87.4408","Sweden"
"1430","Bank of Beijing","601169.SS","16294080151","0.770661","China"
"1431","W. P. Carey","WPC","16287352832","71.4962","United States"
"1432","PMetal (Press Metal Aluminium)","8869.KL","16286663125","1.97663","Malaysia"
"1433","Performance Food Group","PFGC","16282132480","103.66","United States"
"1434","Computershare","CPU.AX","16279602491","28.1466","Australia"
"1435","SITC International","1308.HK","16276067545","6.04917","Hong Kong"
"1436","PTC","PTC","16256409600","149.82","United States"
"1437","Trent Limited","TRENT.NS","16254859619","30.4836","India"
"1438","Public Power Corporation","PPC.AT","16220617929","27.6159","Greece"
"1439","Industries Qatar","IQCD.QA","16205356544","2.67857","Qatar"
"1440","RBC Bearings","RBC","16198293504","511.645","United States"
"1441","Yum China","YUMC","16176607232","47.4","China"
"1442","Keppel","BN4.SI","16153912040","8.97429","Singapore"
"1443","TransUnion","TRU","16135115776","84.2125","United States"
"1444","Reinsurance Group of America","RGA","16130163712","247.01","United States"
"1445","Kimco Realty","KIM","16122422272","24.035","United States"
"1446","Inspur","000977.SZ","16121237054","10.9782","China"
"1447","Secom","9735.T","16086704109","40.3247","Japan"
"1448","BAWAG Group","0B2.F","16077995326","208.809","Austria"
"1449","mBank","MBK.WA","16038355993","377.144","Poland"
"1450","Hua Xia Bank","600015.SS","16032625958","1.0074","China"
"1451","LATAM Airlines","LTM","16013093888","54.7","Chile"
"1452","Ipsen","IPN.PA","15962321033","193.312","France"
"1453","Coloplast","COLO-B.CO","15953389637","70.7881","Denmark"
"1454","Mapfre","MAP.MC","15936718647","5.19226","Spain"
"1455","Equinox Gold","EQX","15924268032","13.6401","Canada"
"1456","China Three Gorges Renewables","600905.SS","15906838585","0.556423","China"
"1457","Millicom","TIGO","15892200448","94.76","Luxembourg"
"1458","Sun Communities","SUI","15873688576","125.63","United States"
"1459","Cemex","CX","15872477184","11","Mexico"
"1460","Albemarle","ALB","15869319168","134.48","United States"
"1461","ING Bank Slaski","ING.WA","15854934345","121.867","Poland"
"1462","Banco de Crédito e Inversiones","BCI.SN","15852926034","72.5188","Chile"
"1463","Huaneng Power International","600011.SS","15838430595","1.00144","China"
"1464","The Phoenix Holdings","PHOE.TA","15823585959","62.7983","Israel"
"1465","Alamos Gold","AGI","15823249408","37.8","Canada"
"1466","Lincoln Electric","LECO","15823020032","290.3","United States"
"1467","Daiwa Securities Group","8601.T","15801560070","11.3797","Japan"
"1468","Kerry Group","KRZ.IR","15796761641","99.3941","Ireland"
"1469","Neurocrine Biosciences","NBIX","15784085504","155.28","United States"
"1470","Brookfield Renewable Partners","BEP","15763345408","32.4035","Bermuda"
"1471","Guidewire Software","GWRE","15759181824","189.285","United States"
"1472","Mid-America Apartment Communities","MAA","15748427776","132.38","United States"
"1473","Korea Electric Power","KEP","15708861440","12.235","South Korea"
"1474","Evergreen Marine","2603.TW","15707440552","7.25503","Taiwan"
"1475","SCB (Siam Commercial Bank)","SCB.BK","15706324159","4.66463","Thailand"
"1476","RB Global","RBA","15704961024","84.8","Canada"
"1477","SCREEN Holdings","7735.T","15669736536","82.8702","Japan"
"1478","BridgeBio Pharma","BBIO","15666807808","80.14","United States"
"1479","Grupo Financiero Inbursa","GFINBURO.MX","15666631300","2.61196","Mexico"
"1480","Host Hotels & Resorts","HST","15666080768","22.55","United States"
"1481","Whitecap Resources","WCP.TO","15649590534","12.8708","Canada"
"1482","Topicus","TOI.V","15645288589","73.3898","Canada"
"1483","Alteogen","196170.KQ","15640016673","224.832","South Korea"
"1484","Fisher & Paykel Healthcare","FPH.NZ","15618608479","26.5944","New Zealand"
"1485","Shionogi","4507.T","15613218182","18.3431","Japan"
"1486","Aramark","ARMK","15600011264","59.175","United States"
"1487","Akamai","AKAM","15581754368","108.42","United States"
"1488","Solventum","SOLV","15560152064","91.41","United States"
"1489","Emera","EMA.TO","15547359566","50.6181","Canada"
"1490","Sartorius","SRT.DE","15529120835","224.889","Germany"
"1491","Huagong Tech","000988.SZ","15527960256","15.443","China"
"1492","Guosen Securities","002736.SZ","15511559193","1.51454","China"
"1493","Endeavour Mining","EDV.TO","15508349760","64.3431","United Kingdom"
"1494","Fabrinet","FN","15479227392","431.96","Cayman Islands"
"1495","Hitachi Energy India","POWERINDIA.NS","15476190109","347.215","India"
"1496","Lamar Advertising","LAMR","15476170752","152.4","United States"
"1497","Pan Pacific International Holdings","7532.T","15456934278","5.17044","Japan"
"1498","MMG Limited","1208.HK","15453550640","1.20295","Australia"
"1499","Asahi Group","2502.T","15406007243","10.5329","Japan"
"1500","Pinnacle Financial Partners","PNFP","15392333824","101.86","United States"
"1501","Kirin Holdings","2503.T","15392318382","19.3155","Japan"
"1502","Healthpeak Properties","DOC","15377067008","21.69","United States"
"1503","B3","B3SA3.SA","15349703722","3.07552","Brazil"
"1504","Grupo Bimbo","BIMBOA.MX","15324452205","3.56691","Mexico"
"1505","Zhejiang Century Huatong","002602.SZ","15297332571","2.07543","China"
"1506","Shanghai Electric Group","601727.SS","15282334318","0.983411","China"
"1507","H World Group Limited","HTHT","15259330560","49.62","China"
"1508","Nexon","3659.T","15249593423","19.5789","Japan"
"1509","Mitsui O.S.K. Lines","9104.T","15248917531","44.3773","Japan"
"1510","Telus","TU","15238125568","9.675","Canada"
"1511","Doosan","000150.KS","15230190469","851.69","South Korea"
"1512","SK Telecom","SKM","15228840960","39.67","South Korea"
"1513","Türkiye Petrol Rafinerileri","TUPRS.IS","15217846905","7.89801","Turkey"
"1514","TCL Technology Group Corporation","000100.SZ","15194856701","0.730492","China"
"1515","Nippon Sanso","4091.T","15190026157","35.0928","Japan"
"1516","Informa plc","INF.L","15183218961","12.1534","United Kingdom"
"1517","JD Health","6618.HK","15176443925","4.75821","China"
"1518","Bharat Heavy Electricals Limited","BHEL.NS","15165272961","4.35525","India"
"1519","China Satellite Communications","601698.SS","15155564033","3.58764","China"
"1520","Lifco","LIFCO-B.ST","15150290179","33.3548","Sweden"
"1521","Gjensidige Forsikring","GJF.OL","15111653861","30.2255","Norway"
"1522","Cummins India","CUMMINSIND.NS","15109116519","54.5062","India"
"1523","COSCO Shipping Energy","600026.SS","15099181598","2.76278","China"
"1524","Siemens India","SIEMENS.NS","15091876928","42.3786","India"
"1525","Rede D'Or Sao Luiz","RDOR3.SA","15091802609","6.93302","Brazil"
"1526","First Financial Holding","2892.TW","15083517808","1.04896","Taiwan"
"1527","Moncler","MONC.MI","15082720320","55.4533","Italy"
"1528","CGI","GIB","15081302016","72.83","Canada"
"1529","BOSCH India","BOSCHLTD.NS","15070830284","510.943","India"
"1530","UL Solutions","ULS","15043433472","74.51","United States"
"1531","HANMI Semiconductor","042700.KS","15027451746","158.429","South Korea"
"1532","Omega Healthcare Investors","OHI","15010164736","47.01","United States"
"1533","Union Bank of India","UNIONBANK.NS","15004441098","1.96558","India"
"1534","Yangzijiang Shipbuilding (Holdings) Ltd.","BS6.SI","14998623369","3.81102","China"
"1535","Stanley Black &amp; Decker","SWK","14989912064","99.26","United States"
"1536","Varun Beverages","VBL.NS","14935360458","4.41553","India"
"1537","Bitmine Immersion Technologies","BMNR","14926836736","24.745","United States"
"1538","GFL Environmental","GFL","14904770560","41.3","Canada"
"1539","Sterling Infrastructure","STRL","14897525760","487.03","United States"
"1540","LG Chem","051910.KS","14886891338","190.187","South Korea"
"1541","Unisplendour","000938.SZ","14850374656","5.19229","China"
"1542","Piraeus Financial Holdings","TPEIR.AT","14843756762","12.0485","Greece"
"1543","Anhui Conch Cement","AHCHF","14838046720","2.8","China"
"1544","Lundbergföretagen","LUND-B.ST","14832800666","59.8097","Sweden"
"1545","Symrise","SY1.DE","14824153761","108.063","Germany"
"1546","Lingyi iTECH","002600.SZ","14799299428","1.82251","China"
"1547","CapitaLand Mall Trust","C38U.SI","14750535657","1.87194","Singapore"
"1548","Dynatrace","DT","14732016640","50.76","United States"
"1549","BB Seguridade Participações","BBSE3.SA","14724348442","7.58499","Brazil"
"1550","Origin Energy","ORG.AX","14707437081","8.5372","Australia"
"1551","IGM Financial","IGM.TO","14699650665","63.6655","Canada"
"1552","APA Corporation","APA","14697246720","41.95","United States"
"1553","Talen Energy","TLN","14652516352","305.807","United States"
"1554","Eurofins Scientific","ERF.PA","14625800597","84.852","Luxembourg"
"1555","Suncorp","SUN.AX","14624282905","13.7958","Australia"
"1556","Invesco","IVZ","14622472192","33.12","United States"
"1557","Japan Exchange Group","8697.T","14621172086","14.3564","Japan"
"1558","McCormick & Company","MKC","14620147712","54.38","United States"
"1559","UPM-Kymmene","UPM.HE","14599416668","27.6859","Finland"
"1560","Tech Mahindra","TECHM.NS","14588226155","16.4672","India"
"1561","Carlisle Companies","CSL","14574689280","366.99","United States"
"1562","Telkom Indonesia","TLK","14545617920","14.755","Indonesia"
"1563","Everest Group","EG","14537648128","379.15","Bermuda"
"1564","HMM","011200.KS","14535129308","15.4098","South Korea"
"1565","China Communications Construction","601800.SS","14524201152","0.895793","China"
"1566","Warner Music Group","WMG","14516295680","27.75","United States"
"1567","Tryg","TRYG.CO","14515905436","24.3597","Denmark"
"1568","QXO, Inc.","QXO","14514910208","13.9904","United States"
"1569","Corebridge Financial","CRBG","14509767680","32.55","United States"
"1570","United Utilities","UU.L","14508312360","19.5302","United Kingdom"
"1571","Dubai Islamic Bank","DIB.AE","14503813990","2.00686","United Arab Emirates"
"1572","T&amp;D Holdings","8795.T","14498934372","30.4317","Japan"
"1573","Power Financial","PWF-PS.TO","14496548604","15.7713","Canada"
"1574","Covestro","1COV.F","14492724748","69.7973","Germany"
"1575","Banque Saudi Fransi","1050.SR","14491169408","5.85431","Saudi Arabia"
"1576","Harmony Gold","HMY","14490290176","22.95","South Africa"
"1577","Grab Holdings","GRAB","14483208192","3.54","Singapore"
"1578","Masco","MAS","14481444864","73.44","United States"
"1579","Emirates Integrated Telecommunications Company","DU.AE","14466196685","3.19137","United Arab Emirates"
"1580","Penske Automotive Group","PAG","14408403968","219.43","United States"
"1581","Bureau Veritas","BVI.PA","14378191597","32.3766","France"
"1582","Figma","FIG","14363549696","26.948","United States"
"1583","Tyler Technologies","TYL","14350086144","350.41","United States"
"1584","Charles River Laboratories","CRL","14347480064","297.865","United States"
"1585","Unum","UNM","14347344896","90.63","United States"
"1586","Orient Overseas Container Line","0316.HK","14346254489","21.7245","Hong Kong"
"1587","Regency Centers","REG","14334126080","76.67","United States"
"1588","Ryohin Keikaku","7453.T","14309179855","26.9563","Japan"
"1589","Polycab India","POLYCAB.NS","14305293804","94.9666","India"
"1590","Ares Capital","ARCC","14300143616","19.916","United States"
"1591","CG Power and Industrial Solutions","CGPOWER.NS","14285267961","9.06742","India"
"1592","Tencent Music Entertainment","TME","14268841984","8.715","China"
"1593","Textron","TXT","14254274560","82.88","United States"
"1594","Wayfair","W","14252896256","104.06","United States"
"1595","GlobalWafers","6488.TWO","14250312229","29.8053","Taiwan"
"1596","Assurant","AIZ","14250130432","288.91","United States"
"1597","Five Below","FIVE","14249613312","257.7","United States"
"1598","Cooper Companies","COO","14245037056","73.04","United States"
"1599","Bharat Petroleum","BPCL.NS","14241651026","3.33326","India"
"1600","Logitech","LOGI","14238648320","99.44","Switzerland"
"1601","Olympus","7733.T","14221953657","13.3809","Japan"
"1602","IREN (Iris Energy)","IREN","14195082240","39.72","Australia"
"1603","iFLYTEK","002230.SZ","14173396007","5.90047","China"
"1604","AMH (American Homes 4 Rent)","AMH","14167942144","34.56","United States"
"1605","Ebara Corporation","6361.T","14166880823","31.1092","Japan"
"1606","BSE","BSE.NS","14157175932","34.8588","India"
"1607","Emaar Development","EMAARDEV.AE","14137893206","3.53447","United Arab Emirates"
"1608","Sunoco","SUN","14128212992","74.985","United States"
"1609","VeriSilicon Microelectronics","688521.SS","14122994762","26.8541","China"
"1610","Kawasaki Heavy Industries","7012.T","14105386197","16.1537","Japan"
"1611","Mueller Industries","MLI","14104737792","63.77","United States"
"1612","Nitto Denko","6988.T","14076564599","21.279","Japan"
"1613","Sekisui House","1928.T","14074453055","21.7119","Japan"
"1614","LTIMindtree","LTIM.NS","14069121851","47.4605","India"
"1615","Punjab National Bank","PNB.NS","14058681649","1.22324","India"
"1616","Israel Discount Bank","DSCT.TA","14053541153","11.4861","Israel"
"1617","Madison Air Solutions","MAIR","14053251072","28.01","United States"
"1618","BWX Technologies","BWXT","14038320128","153.22","United States"
"1619","Meritz Financial Group","138040.KS","14033658281","85.169","South Korea"
"1620","Qatar Islamic Bank","QIBK.QA","14021793635","5.93407","Qatar"
"1621","Revvity","RVTY","14000187392","125.465","United States"
"1622","Exelixis","EXEL","13999666176","56.5","United States"
"1623","Hecla Mining","HL","13965999104","20.7899","United States"
"1624","Kajima","1812.T","13963935730","30.2937","Japan"
"1625","UDR Apartments","UDR","13952493568","37.98","United States"
"1626","J.M. Smucker Company","SJM","13945791488","130.48","United States"
"1627","Western Mining","601168.SS","13919003417","5.84096","China"
"1628","Chubu Electric Power","9502.T","13901276794","18.4027","Japan"
"1629","Kingdom Holding","4280.SR","13878375283","3.74484","Saudi Arabia"
"1630","GD Power Development","600795.SS","13877896554","0.7781","China"
"1631","Uni-President Enterprises","1216.TW","13865972613","2.44033","Taiwan"
"1632","LTM Limited","LTM.NS","13859426160","46.7495","India"
"1633","CSPC Pharmaceutical Group Limited","1093.HK","13858359025","1.21506","China"
"1634","LONGi Green Energy Technology","601012.SS","13844928674","1.82697","China"
"1635","RenaissanceRe","RNR","13840519168","333.09","Bermuda"
"1636","Pro Medicus","PME.AX","13835393737","132.434","Australia"
"1637","Tongfu Microelectronics Co.,Ltd","002156.SZ","13829177219","9.11255","China"
"1638","Abu Dhabi National Oil Company (ADNOC)","ADNOCDIST.AE","13819300738","1.11","United Arab Emirates"
"1639","True Corporation","TRUE.BK","13799771981","0.39939","Thailand"
"1640","Toll Brothers","TOL","13797007360","149.37","United States"
"1641","Etihad Etisalat (Mobily)","7020.SR","13788220734","17.9651","Saudi Arabia"
"1642","Avery Dennison","AVY","13785105408","181.89","United States"
"1643","Baxter","BAX","13772773376","26.64","United States"
"1644","SBI Holdings","8473.T","13762677076","21.2915","Japan"
"1645","Trimble","TRMB","13757611008","59","United States"
"1646","ARC Resources","ARX.TO","13724153055","24.253","Canada"
"1647","Elm Company","7203.SR","13722200347","171.528","Saudi Arabia"
"1648","AEGON","AEG","13698153472","9.225","Netherlands"
"1649","RPM International","RPM","13696732160","107.305","United States"
"1650","CACI International Inc","CACI","13696189440","619.75","United States"
"1651","China Southern Airlines","600029.SS","13695533601","0.755784","China"
"1652","Daifuku","6383.T","13666789269","36.7176","Japan"
"1653","Equitable Holdings","EQH","13664202752","50.095","United States"
"1654","Asahi Kasei","3407.T","13663885895","10.1972","Japan"
"1655","Allegion","ALLE","13653506048","160.56","Ireland"
"1656","Tatneft","TATN.ME","13627150496","6.18","Russia"
"1657","SK Innovation","096770.KS","13591630376","80.261","South Korea"
"1658","U-Haul","UHAL","13590756352","69.52","United States"
"1659","Lennox","LII","13578889216","392.9","United States"
"1660","ADNOC Logistics &amp; Services","ADNOCLS.AE","13578553997","1.84","United Arab Emirates"
"1661","Scentre Group","SCG.AX","13564227320","2.59703","Australia"
"1662","DT Midstream","DTM","13557832704","132.9","United States"
"1663","Metro","MRU.TO","13541826793","64.7108","Canada"
"1664","Hasbro","HAS","13531806720","95.94","United States"
"1665","MiniMax Group","0100.HK","13498798199","38.6524","China"
"1666","Muthoot Finance","MUTHOOTFIN.NS","13495202021","33.6146","India"
"1667","Tongling Nonferrous Metals Group Co.,Ltd.","000630.SZ","13466329445","1.00424","China"
"1668","Bajaj Holdings &amp; Investment","BAJAJHLDNG.NS","13462265720","120.962","India"
"1669","Investment AB Latour","LATO-B.ST","13455274899","21.0463","Sweden"
"1670","Globe Life","GL","13450190848","175.02","United States"
"1671","Erie Indemnity","ERIE","13432221696","256.88","United States"
"1672","DigitalOcean","DOCN","13422881792","114.16","United States"
"1673","Eiffage","FGR.PA","13417617834","136.914","France"
"1674","Diploma plc","DPLM.L","13413678163","100.031","United Kingdom"
"1675","Britannia Industries","BRITANNIA.NS","13406539305","55.6592","India"
"1676","CNA Financial","CNA","13402863616","49.53","United States"
"1677","Concordia Financial Group","7186.T","13401376002","12.0573","Japan"
"1678","Texas Roadhouse","TXRH","13400595456","204.15","United States"
"1679","Banque Cantonale Vaudoise","BCVN.SW","13398802492","156.006","Switzerland"
"1680","Embraer","EMBJ","13373561856","75.15","Brazil"
"1681","Prada","1913.HK","13337459763","5.21234","Italy"
"1682","Osaka Gas","9532.T","13332136579","35.1304","Japan"
"1683","lululemon athletica","LULU","13327823872","117.37","Canada"
"1684","SEI Investments","SEIC","13306527744","110.87","United States"
"1685","Somnigroup International","SGI","13301409792","63.23","United States"
"1686","Hudbay Minerals","HBM","13293252608","29.93","Canada"
"1687","Corcept Therapeutics","CORT","13283131392","122.88","United States"
"1688","BorgWarner","BWA","13272935424","65.17","United States"
"1689","Dongfang Electric Corporation","600875.SS","13254089427","3.83248","China"
"1690","Eastroc Beverage Group","605499.SS","13249777399","18.0466","China"
"1691","Chifeng Jilong Gold Mining","600988.SS","13246189324","6.97017","China"
"1692","Lodha Group","LODHA.NS","13245453272","13.2597","India"
"1693","Jerónimo Martins","JEM.F","13217474877","21.0324","Portugal"
"1694","Apollo Hospitals","APOLLOHOSP.NS","13212387824","91.8901","India"
"1695","China Gold International Resources","CGG.TO","13211308455","33.3271","Canada"
"1696","Satellite Chemical","002648.SZ","13210965491","3.92174","China"
"1697","Pinterest","PINS","13200756736","23.31","United States"
"1698","Aéroports de Paris","ADP.PA","13200356108","133.419","France"
"1699","WH Group","0288.HK","13199965532","1.02882","Hong Kong"
"1700","SKF (Svenska Kullagerfabriken)","SKF-B.ST","13176783523","28.9229","Sweden"
"1701","Delivery Hero","DHER.F","13158585929","42.9387","Germany"
"1702","Sino Land","0083.HK","13158017414","1.37261","Hong Kong"
"1703","Insurance Australia Group","IAG.AX","13156006760","5.62715","Australia"
"1704","Carrefour","CA.PA","13147159894","18.5796","France"
"1705","Bank of Baroda","BANKBARODA.NS","13144958602","2.54188","India"
"1706","Nextpower","NXT","13136846848","85.505","United States"
"1707","Alcoa","AA","13118938112","49.71","United States"
"1708","Seres Group","601127.SS","13116397037","7.52957","China"
"1709","Taisei Corporation","1801.T","13104662047","80.3922","Japan"
"1710","Check Point Software","CHKP","13102574592","128.33","Israel"
"1711","Orion Corporation","ORNAV.HE","13098481116","92.9853","Finland"
"1712","Brown Forman","BF-A","13098279936","28.545","United States"
"1713","KT&amp;G (Korea Tobacco)","033780.KS","13089821802","126.093","South Korea"
"1714","Hormel Foods","HRL","13086489600","23.78","United States"
"1715","Crown Holdings","CCK","13080082432","120.265","United States"
"1716","Link REIT","0823.HK","13078943940","5.01844","Hong Kong"
"1717","Acciona","ANA.MC","13043837555","245.164","Spain"
"1718","Sino Biopharmaceutical","1177.HK","13036168167","0.73159","China"
"1719","ICON plc","ICLR","13015914496","168.7","Ireland"
"1720","Coca-Cola Consolidated","COKE","13012654080","195.49","United States"
"1721","Equity LifeStyle Properties","ELS","12999122944","64.83","United States"
"1722","Almarai","2280.SR","12993765814","13.0723","Saudi Arabia"
"1723","Wise PLC","WISE.L","12977784271","13.1924","United Kingdom"
"1724","Sage Group","SGE.L","12975996063","14.4573","United Kingdom"
"1725","Shanghai United Imaging Healthcare","688271.SS","12972687551","15.7405","China"
"1726","Ally Financial","ALLY","12960427008","42.605","United States"
"1727","Vår Energi","VAR.OL","12951610602","5.18843","Norway"
"1728","IES Holdings","IESC","12940072960","324.73","United States"
"1729","Severn Trent","SVT.L","12939894866","42.8414","United Kingdom"
"1730","Harel Group","HARL.TA","12918847635","62.8656","Israel"
"1731","Jiangsu Eastern Shenghong","000301.SZ","12914599488","1.95343","China"
"1732","CoStar Group","CSGP","12913647616","31.87","United States"
"1733","OBIC","4684.T","12894529643","29.9487","Japan"
"1734","Klépierre","LI.PA","12892668096","44.9546","France"
"1735","Graco","GGG","12888285184","79.58","United States"
"1736","Watsco","WSO","12866557952","311.9","United States"
"1737","GEA Group","G1A.F","12852264126","78.9443","Germany"
"1738","AGNC Investment","AGNC","12850619392","10.84","United States"
"1739","BXP, Inc.","BXP","12838680576","70.98","United States"
"1740","Obayashi","1802.T","12820747275","18.6505","Japan"
"1741","Ivanhoe Mines","IVN.TO","12801114363","8.97459","Canada"
"1742","Gaming and Leisure Properties","GLPI","12797686784","42.73","United States"
"1743","Fuji Electric","6504.T","12789772198","87.6065","Japan"
"1744","Impala Platinum","IMP.JO","12770321500","14.2183","South Africa"
"1745","CP All","CPALL.BK","12768955614","1.43293","Thailand"
"1746","MOL Group","MOL.BD","12764823305","16.145","Hungary"
"1747","Semtech","SMTC","12764038144","137.025","United States"
"1748","Samsung Heavy Industries","010140.KS","12761579092","14.9407","South Korea"
"1749","BioMarin Pharmaceutical","BMRN","12761351168","65.925","United States"
"1750","Accor","AC.PA","12753236097","55.3134","France"
"1751","Fidelity National Financial","FNF","12744523776","47.52","United States"
"1752","LG Corp","003550.KS","12732660530","82.5707","South Korea"
"1753","Samsung SDS","018260.KS","12729048926","164.564","South Korea"
"1754","YTL Power International","6742.KL","12716906305","1.46693","Malaysia"
"1755","Grupo Aeroportuario del Pacífico","PAC","12708101120","213.575","Mexico"
"1756","Rexel","RXL.PA","12704764934","43.2067","France"
"1757","Penumbra","PEN","12701513728","322.46","United States"
"1758","iA Financial","IAG.TO","12701049131","143.702","Canada"
"1759","BELIMO Holding","BEAN.SW","12700839495","1032.59","Switzerland"
"1760","Modon Holding PSC","MODON.AE","12686302984","0.78","United Arab Emirates"
"1761","Swiss Prime Site","SPSN.SW","12686197670","158.116","Switzerland"
"1762","Mitsubishi HC Capital","8593.T","12659955782","8.82965","Japan"
"1763","Arrowhead Pharmaceuticals","ARWR","12631681024","89.425","United States"
"1764","Taiwan Cooperative Financial","5880.TW","12620100120","0.785176","Taiwan"
"1765","Clorox","CLX","12614482944","104.311","United States"
"1766","SM Investments Corporation","SVTMF","12595856384","10.37","Philippines"
"1767","Power Finance Corp","PFC.NS","12594778245","3.81648","India"
"1768","HDFC Life","HDFCLIFE.NS","12589675612","5.79652","India"
"1769","TTM Technologies","TTMI","12570226688","119.32","United States"
"1770","Webster Financial","WBS","12568934400","77.57","United States"
"1771","Tōkyō Gas","9531.T","12568860063","38.2608","Japan"
"1772","Recordati","REC.MI","12565147990","61.3493","Italy"
"1773","Applied Industrial Technologies","AIT","12562384896","342.31","United States"
"1774","Indian Bank","INDIANB.NS","12551633929","9.31846","India"
"1775","Watts Water Technologies","WTS","12543346688","375.74","United States"
"1776","Jindal Steel &amp; Power","JINDALSTEL.NS","12535959201","12.3205","India"
"1777","Chime Financial","CHYM","12534953984","33.11","United States"
"1778","Manhattan Associates","MANH","12530904064","214.92","United States"
"1779","Keyera","KEY.TO","12528844138","42.6962","Canada"
"1780","Camden Property Trust","CPT","12510112768","108.095","United States"
"1781","Fresenius Medical Care","FMS","12504494080","23.495","Germany"
"1782","Tele2","TEL2-B.ST","12499932841","17.9534","Sweden"
"1783","Elanco","ELAN","12498724864","25.025","United States"
"1784","American Healthcare REIT","AHR","12477159424","57.235","United States"
"1785","Bolloré","BOL.PA","12474103628","4.43952","France"
"1786","Yara International","YAR.OL","12452466620","48.8858","Norway"
"1787","“K” Line","9107.T","12423035212","20.7395","Japan"
"1788","The Magnum Ice Cream Company","MICC","12408763392","20.31","Netherlands"
"1789","Kokusai Electric","6525.T","12394938019","53.1097","Japan"
"1790","Wharf REIC","1997.HK","12394203422","4.08211","Hong Kong"
"1791","Schroders","SDR.L","12374552237","7.93586","United Kingdom"
"1792","China Railway Construction","601186.SS","12364322311","0.910511","China"
"1793","Iamgold","IAG","12362149888","21.65","Canada"
"1794","Tempus AI","TEM","12350757888","68.45","United States"
"1795","J&amp;T Global Express","1519.HK","12328007721","1.27821","China"
"1796","China Resources Power Holdings","0836.HK","12323356340","2.38038","Hong Kong"
"1797","Halozyme Therapeutics","HALO","12319073280","108.54","United States"
"1798","Indra Sistemas","IDR.MC","12317698429","70.3799","Spain"
"1799","Lotus Bakeries","LOTB.BR","12312856444","15148","Belgium"
"1800","Allegro.eu","ALE.WA","12308003068","12.1474","Poland"
"1801","Canara Bank","CANBK.NS","12307873973","1.35689","India"
"1802","DraftKings","DKNG","12304613376","24.785","United States"
"1803","Generac","GNRC","12287188992","208.235","United States"
"1804","Smith & Nephew","SNN","12253867008","29.28","United Kingdom"
"1805","Intertek","ITRK.L","12250881636","79.8123","United Kingdom"
"1806","Eldorado Gold","EGO","12234612736","46.91","Canada"
"1807","Pilbara Minerals","PLS.AX","12233989719","3.79511","Australia"
"1808","Swatch","UHR.SW","12228816341","235.188","Switzerland"
"1809","AkzoNobel","AKZA.AS","12226879582","71.3354","Netherlands"
"1810","Jack Henry &amp; Associates","JKHY","12226775040","172.085","United States"
"1811","Pershing Square Holdings","PSHZF","12225084416","56.685","United States"
"1812","Alpha Services and Holdings","ALPHA.AT","12225042062","5.41832","Greece"
"1813","Gartner","IT","12219326464","193.5","United States"
"1814","Stifel","SF","12209999872","80.86","United States"
"1815","Madrigal Pharmaceuticals","MDGL","12201981952","528.13","United States"
"1816","Tata Power","TATAPOWER.NS","12191605655","3.81543","India"
"1817","Crane Company","CR","12190672896","210.91","United States"
"1818","Bunzl","BNZL.L","12166934840","37.8908","United Kingdom"
"1819","Deckers Brands","DECK","12137888768","89.13","United States"
"1820","GoDaddy","GDDY","12124617728","95.735","United States"
"1821","Zhejiang NHU Co., Ltd.","002001.SZ","12098896145","3.93662","China"
"1822","Washington H. Soul Pattinson and Company (Soul Patts)","SOL.AX","12077079483","31.7885","Australia"
"1823","Pharmaron Beijing","300759.SZ","12076350016","6.57294","China"
"1824","Li Auto","LI","12070194176","12.325","China"
"1825","MIXUE Group","2097.HK","12038800727","31.7129","China"
"1826","GAIL","GAIL.NS","12025803051","1.829","India"
"1827","Zydus Lifesciences","ZYDUSLIFE.NS","12024165373","12.0543","India"
"1828","HubSpot","HUBS","12017786880","234.765","United States"
"1829","Formosa Plastics","1301.TW","12015735323","1.88756","Taiwan"
"1830","Power Construction Corporation of China","601669.SS","11994113133","0.696273","China"
"1831","HDFC Asset Management Company Limited","HDFCAMC.NS","11991609639","27.9648","India"
"1832","Getlink","GET.PA","11985827934","22.0928","France"
"1833","BJ's Wholesale Club","BJ","11962372096","93.68","United States"
"1834","Toromont","TIH.TO","11954699440","146.571","Canada"
"1835","American Financial Group","AFG","11953958912","144.16","United States"
"1836","Skanska","SKA-B.ST","11945962121","28.8494","Sweden"
"1837","APR Co., Ltd.","278470.KS","11943633341","319.023","South Korea"
"1838","Encompass Health","EHC","11940019200","121.03","United States"
"1839","Puig Brands","PUIG.MC","11939271849","21.1955","Spain"
"1840","Pinnacle West Capital","PNW","11937927168","98.5","United States"
"1841","Paramount Skydance","PSKY","11931892736","10.635","United States"
"1842","National Silicon Industry Group","688126.SS","11923948223","3.60783","China"
"1843","AltaGas","ALA.TO","11922447407","38.2123","Canada"
"1844","LG Electronics India Ltd.","LGEINDIA.NS","11920245591","17.5615","India"
"1845","Amkor Technology","AMKR","11908327424","47.93","United States"
"1846","Yamaha Motor","7272.T","11905306340","12.2643","Japan"
"1847","Arab National Bank","1080.SR","11895724683","5.99281","Saudi Arabia"
"1848","Antero Resources","AR","11891740672","38.68","United States"
"1849","Cipla","CIPLA.NS","11877902255","14.703","India"
"1850","Shizuoka Financial Group","5831.T","11875548197","22.3705","Japan"
"1851","Hensoldt","HAG.F","11870308756","102.773","Germany"
"1852","Instacart (Maplebear Inc.)","CART","11852803072","51.2","United States"
"1853","Bank of Chengdu","601838.SS","11848576703","2.79551","China"
"1854","S-OIL","010950.KS","11848103697","101.77","South Korea"
"1855","Hong Kong Telecom","6823.HK","11846223530","1.56268","Hong Kong"
"1856","China Eastern Airlines","600115.SS","11830075690","0.535595","China"
"1857","Realtek","2379.TW","11822909435","23.0528","Taiwan"
"1858","Samsung SDI","006405.KS","11814155228","150.128","South Korea"
"1859","BrightSpring Health Services","BTSG","11808537600","59.68","United States"
"1860","AIER Eye Hospital","300015.SZ","11801723313","1.26906","China"
"1861","Rentokil Initial","RTO","11798648832","23.445","United Kingdom"
"1862","Aditya Birla Capital","ABCAPITAL.NS","11764133045","4.2976","India"
"1863","Indian Railway Finance","IRFC.NS","11739490927","0.898304","India"
"1864","Hero MotoCorp","HEROMOTOCO.NS","11737594956","58.6466","India"
"1865","Vedanta","VEDL.NS","11726438957","3.00308","India"
"1866","(HLBank) Hong Leong Bank","5819.KL","11725457345","5.71855","Malaysia"
"1867","Aker ASA","AKER.OL","11722864546","158.919","Norway"
"1868","Saputo","SAP.TO","11717251012","29.5188","Canada"
"1869","Industrial Bank of Korea (IBK)","024110.KS","11712631473","14.6881","South Korea"
"1870","Strabag","XD4.F","11703000140","101.375","Austria"
"1871","Service Corporation International","SCI","11695180800","85.81","United States"
"1872","Goldwind Science&amp;Technology","002202.SZ","11694518594","2.76873","China"
"1873","Seven Group Holdings
 (SGH)","SGH.AX","11685247976","28.7108","Australia"
"1874","Huntington Ingalls Industries","HII","11673021440","296.235","United States"
"1875","G Mining Ventures","GMIN.TO","11661182534","39.362","Canada"
"1876","First Horizon Corporation","FHN","11647810560","24.585","United States"
"1877","GarantiBank","GARAN.IS","11636259941","2.77054","Turkey"
"1878","Innolux","3481.TW","11630680451","1.45729","Taiwan"
"1879","Subaru","7270.T","11606510441","16.4705","Japan"
"1880","Owens Corning","OC","11599603712","146.74","United States"
"1881","Essential Utilities","WTRG","11597753344","40.89","United States"
"1882","DaVita","DVA","11597563904","181.78","United States"
"1883","Zensho Holdings","7550.T","11586993454","74.0562","Japan"
"1884","SG Micro","300661.SZ","11577553920","16.8876","China"
"1885","Kakao","035720.KS","11561956001","26.2364","South Korea"
"1886","Nova Ltd.","NVMI","11558040576","363.39","Israel"
"1887","Orient Securities Company Limited (DFZQ)","600958.SS","11541229532","1.35833","China"
"1888","Toray Industries","3402.T","11536804801","7.92003","Japan"
"1889","Paytm","PAYTM.NS","11532089636","17.987","India"
"1890","Lynas","LYC.AX","11509900745","11.4355","Australia"
"1891","Dick's Sporting Goods","DKS","11499285504","128.48","United States"
"1892","Rohm","6963.T","11498277334","29.7856","Japan"
"1893","Chiba Bank","CHBAY","11494349824","83.14","Japan"
"1894","Cathay Pacific","0293.HK","11473255107","1.8867","Hong Kong"
"1895","M&G plc","MNG.L","11472138600","4.76016","United Kingdom"
"1896","Summit Therapeutics","SMMT","11467651072","14.375","United Kingdom"
"1897","Aurora Innovation","AUR","11453747200","5.715","United States"
"1898","Far EasTone","4904.TW","11444039728","3.17211","Taiwan"
"1899","Ooredoo Qatar","ORDS.QA","11439999389","3.57143","Qatar"
"1900","JFrog","FROG","11426332672","92.67","United States"
"1901","China Resources Microelectronics","688396.SS","11423682288","8.60081","China"
"1902","Domino's Pizza","DPZ","11393680384","344.41","United States"
"1903","Align Technology","ALGN","11390885888","160.345","United States"
"1904","Sichuan Chuantou Energy","600674.SS","11378795997","2.3343","China"
"1905","DocuSign","DOCU","11375524864","59.575","United States"
"1906","United Spirits","UNITDSPR.BO","11374045398","16.0185","India"
"1907","Bio-Techne","TECH","11348151296","72.365","United States"
"1908","Japan Post Insurance","7181.T","11318990091","10.445","Japan"
"1909","Marico","MARICO.NS","11317530370","8.73147","India"
"1910","Knight-Swift Transportation","KNX","11313169408","69.51","United States"
"1911","SCSK Corporation","9719.T","11306209179","36.1482","Japan"
"1912","XPeng","XPEV","11302153216","11.815","China"
"1913","CCL Industries","CCL-B.TO","11296997262","66.8229","Canada"
"1914","Koç Holding","KCHOL.IS","11285808093","4.45198","Turkey"
"1915","Lufthansa","LHA.DE","11275626313","9.3801","Germany"
"1916","Sime Darby Plantation","5285.KL","11262539057","1.62854","Malaysia"
"1917","Zhejiang Huayou Cobalt","603799.SS","11260031192","5.94659","China"
"1918","Avidity Biosciences","RNAM","11249150976","72.82","United States"
"1919","Capcom","9697.T","11231458015","26.8497","Japan"
"1920","Sichuan Road and Bridge Group (SRBG)","600039.SS","11231303225","1.29161","China"
"1921","Aritzia","ATZ.TO","11218508185","97.9095","Canada"
"1922","Evercore","EVR","11208519680","291.45","United States"
"1923","Bangkok Bank","BBL.BK","11202813014","5.8689","Thailand"
"1924","LIG Defense & Aerospace","079550.KS","11194768215","512.458","South Korea"
"1925","Advanced Energy","AEIS","11186086912","279.3","United States"
"1926","Dayforce","DAY","11180042240","69.86","United States"
"1927","NIO","NIO","11150218240","4.45","China"
"1928","Sanlam","SLM.JO","11138548600","5.33008","South Africa"
"1929","TFI International","TFII","11137156096","135.5","Canada"
"1930","Confluent","CFLT","11133729792","30.99","United States"
"1931","MGM Resorts","MGM","11111619584","43.43","United States"
"1932","Globus Medical","GMED","11104829440","82.7102","United States"
"1933","Mazagon Dock Shipbuilders Limited","MAZDOCK.NS","11099059635","27.5151","India"
"1934","Marks &amp; Spencer","MKS.L","11090737711","5.3613","United Kingdom"
"1935","Bentley Systems","BSY","11077745664","36.67","United States"
"1936","Formosa Chemicals &amp; Fibre","1326.TW","11077125607","1.89384","Taiwan"
"1937","Hyundai Glovis","086280.KS","11070170913","147.602","South Korea"
"1938","Akeso","9926.HK","11069102263","12.0167","China"
"1939","HD Hyundai","267250.KS","11068402196","156.624","South Korea"
"1940","Suzano","SUZ","11065572352","8.985","Brazil"
"1941","Hikari Tsushin","9435.T","11058509518","253.064","Japan"
"1942","New York Times","NYT","11055989760","68.55","United States"
"1943","Haisco Pharmaceutical Group","002653.SZ","11043139107","9.67939","China"
"1944","Regal Rexnord","RRX","11034571776","165.76","United States"
"1945","Guangdong HAID Group","002311.SZ","11003064547","6.64584","China"
"1946","BIDV  (Commercial Bank for Investment and Development of Vietnam)","BID.VN","10996010531","1.41368","Vietnam"
"1947","Taiwan Mobile","3045.TW","10994378174","3.62751","Taiwan"
"1948","Enlight Renewable Energy","ENLT","10958117888","78.38","Israel"
"1949","Axsome Therapeutics","AXSM","10951257088","209.07","United States"
"1950","GMR Airports","GMRAIRPORT.NS","10940596360","1.03614","India"
"1951","Indian Hotels Company","INDHOTEL.NS","10932712971","7.55749","India"
"1952","UMB Financial","UMBF","10929209344","143.9","United States"
"1953","Anker Innovations","300866.SZ","10926446220","18.5807","China"
"1954","Ambuja Cements","AMBUJACEM.NS","10918381221","4.39404","India"
"1955","Allison Transmission","ALSN","10902778880","132.03","United States"
"1956","EastGroup Properties","EGP","10882912256","202.385","United States"
"1957","Popular, Inc. (Banco Popular de Puerto Rico)","BPOP","10880612352","170.6","United States"
"1958","Verisure plc","VSURE.ST","10876964339","10.5197","Switzerland"
"1959","Tata Consumer Products","TATACONSUM.NS","10862501618","10.9757","India"
"1960","Cytokinetics","CYTK","10859119616","78.11","United States"
"1961","Freedom Holding","FRHC","10856659968","170.2","Kazakhstan"
"1962","Ooredoo","ORDS.AE","10850617587","3.39","United Arab Emirates"
"1963","Jefferies Financial Group","JEF","10840793088","53.3","United States"
"1964","Discovery Limited","DSY.JO","10836315800","16.1913","South Africa"
"1965","Ternium","TX","10836184064","55.2","Luxembourg"
"1966","D'Ieteren Group","DIE.BR","10833517721","206.013","Belgium"
"1967","POSCO Future M","003670.KS","10830341353","121.763","South Korea"
"1968","Salik Company","SALIK.AE","10823985612","1.4432","United Arab Emirates"
"1969","Donaldson Company","DCI","10809865216","93.26","United States"
"1970","China Railway Group","0390.HK","10796282216","0.440102","China"
"1971","TMX Group","X.TO","10791380772","39.1854","Canada"
"1972","Antero Midstream","AM","10789339136","22.73","United States"
"1973","Astra International","ASII.JK","10773368199","0.269874","Indonesia"
"1974","Ashok Leyland","ASHOKLEY.NS","10755577823","1.83109","India"
"1975","Hyundai Rotem Company","064350.KS","10745019107","98.4496","South Korea"
"1976","Nitori Holdings","9843.T","10740652982","19.0081","Japan"
"1977","Brookfield Property Partners","BPYPP","10725319680","16.23","Bermuda"
"1978","Unicharm","8113.T","10715194397","6.22687","Japan"
"1979","Focus Media Information Technology","002027.SZ","10700313379","0.740906","China"
"1980","Unicaja Banco","UNI.MC","10695348122","4.16453","Spain"
"1981","Edison","EDNR.MI","10695170336","2.25821","Italy"
"1982","ENKA","ENKAI.IS","10692566676","1.82382","Turkey"
"1983","Budweiser APAC","1876.HK","10691366461","0.80813","Hong Kong"
"1984","Laurus Labs","LAURUSLABS.NS","10687083148","19.7795","India"
"1985","SSAB","SSAB-B.ST","10682521300","10.7075","Sweden"
"1986","IDBI Bank","IDBI.NS","10678918111","0.993166","India"
"1987","LPP SA","LPP.WA","10676151780","5743.86","Poland"
"1988","Kikkoman","2801.T","10668020944","11.4989","Japan"
"1989","Molina Healthcare","MOH","10660805632","204.23","United States"
"1990","Advanced Drainage Systems","WMS","10660052992","141.37","United States"
"1991","Novatek Microelectronics","3034.TW","10645137573","17.4937","Taiwan"
"1992","Glaukos","GKOS","10640112640","180.39","United States"
"1993","Xero","XRO.AX","10634674252","60.198","New Zealand"
"1994","Hut 8","HUT","10624965632","86.2","Canada"
"1995","Vienna Insurance Group","WSV2.F","10619435860","82.9643","Austria"
"1996","Menora Mivtachim Holdings","MMHD.TA","10614795636","169.885","Israel"
"1997","Nordex","NDX1.F","10609837799","44.7914","Germany"
"1998","Krystal Biotech","KRYS","10603783168","358.25","United States"
"1999","Dundee Precious Metals","DPM.TO","10598800117","48.315","Canada"
"2000","Globalstar","GSAT","10596342784","81.785","United States"
"2001","Subsea 7","SUBC.OL","10592461021","35.7675","Luxembourg"
"2002","Zhaojin Mining Industry Company","1818.HK","10592262059","2.99014","China"
"2003","Hyundai Engineering and Construction","000720.KS","10579960794","94.119","South Korea"
"2004","Sanmina","SANM","10579046400","197.38","United States"
"2005","Rakuten","4755.T","10576893157","4.84737","Japan"
"2006","Littelfuse","LFUS","10575022080","416.36","United States"
"2007","Niterra","5334.T","10572250719","54.3141","Japan"
"2008","MP Materials","MP","10568548352","59.34","United States"
"2009","Dycom Industries","DY","10565065728","351.8","United States"
"2010","Citic Pacific Special Steel Group","000708.SZ","10557621571","2.0918","China"
"2011","PayPay Corporation","PAYP","10556660736","15.59","Japan"
"2012","Bank Albilad","1140.SR","10547343707","7.03156","Saudi Arabia"
"2013","Praxis Precision Medicines","PRAX","10547194880","377.765","United States"
"2014","Shimano","7309.T","10543485857","124.054","Japan"
"2015","Chongqing Changan","000625.SZ","10530111369","1.06226","China"
"2016","CapitaLand Investment Limited","9CI.SI","10525844782","2.1079","Singapore"
"2017","Universal Health Services","UHS","10518400000","178.47","United States"
"2018","Beazley","BEZ.L","10505731754","17.6398","United Kingdom"
"2019","AES","AES","10505384960","14.725","United States"
"2020","Ionis Pharmaceuticals","IONS","10501186560","63.19","United States"
"2021","Luckin Coffee","LKNCY","10501068800","36.68","China"
"2022","Flowserve","FLS","10500152320","82.605","United States"
"2023","The Ensign Group","ENSG","10498997248","180.14","United States"
"2024","Powerchip Semiconductor Manufacturing","6770.TW","10494805112","2.20477","Taiwan"
"2025","BDO Unibank","BDOUY","10484725760","19.65","Philippines"
"2026","Italgas","IG.MI","10481770982","10.3006","Italy"
"2027","Lupin Limited","LUPIN.NS","10472797973","22.9031","India"
"2028","Shinkin Central Bank","8421.T","10461490830","1201.33","Japan"
"2029","Tsingtao","600600.SS","10460554627","7.66793","China"
"2030","Tianqi Lithium","002466.SZ","10450674013","7.0758","China"
"2031","Thyssenkrupp","TKA.F","10445649389","16.7793","Germany"
"2032","Indus Towers","INDUSTOWER.NS","10440780805","3.95904","India"
"2033","JSW Energy","JSWENERGY.NS","10438928800","5.69695","India"
"2034","Phoenix Group","PHNX.L","10432668584","10.4178","United Kingdom"
"2035","Paycom","PAYC","10429572096","231.4","United States"
"2036","Jonhon Optronic Technology","002179.SZ","10427020017","4.96467","China"
"2037","Arrow Electronics","ARW","10425684992","204.805","United States"
"2038","FactSet","FDS","10422481920","293.05","United States"
"2039","Ayvens","AYV.PA","10420927581","13.3186","France"
"2040","Mitsui Mining &amp; Smelting","5706.T","10418246922","182.082","Japan"
"2041","Leonardo DRS","DRS","10410103808","39.005","United States"
"2042","First Majestic Silver","AG","10390466560","21.08","Canada"
"2043","Bio-Rad Laboratories","BIO","10382032896","388.285","United States"
"2044","Brinker International","EAT","10381418496","242.06","United States"
"2045","Wintrust Financial","WTFC","10363512832","153.635","United States"
"2046","South State Corp","SSB","10343304192","106.66","United States"
"2047","Trelleborg AB","TREL-B.ST","10334912980","46.5245","Sweden"
"2048","Smiths Group","SMIN.L","10333026201","35.7284","United Kingdom"
"2049","Canadian Utilities","CU.TO","10321963210","37.9023","Canada"
"2050","Cognex","CGNX","10312121344","61.3","United States"
"2051","SPX Technologies","SPXC","10311676928","205.88","United States"
"2052","Federal Realty Investment Trust","FRT","10310992896","117.95","United States"
"2053","BİM Birleşik Mağazalar","BIMAS.IS","10307990433","8.693","Turkey"
"2054","Kymera Therapeutics","KYMR","10280553472","124.98","United States"
"2055","Lineage","LINE","10278155264","40.99","United States"
"2056","Boubyan Bank","BOUBYAN.KW","10274427900","2177.31","Kuwait"
"2057","APA Group","APA.AX","10256485549","7.74805","Australia"
"2058","Max Healthcare Institute","MAXHEALTH.NS","10252855114","10.5344","India"
"2059","Cullen/Frost Bankers","CFR","10246469632","164.87","United States"
"2060","Old Republic International","ORI","10241584128","42.42","United States"
"2061","The Weir Group","WEIR.L","10239434941","39.4413","United Kingdom"
"2062","Repligen","RGEN","10220209152","181.095","United States"
"2063","Nykaa","NYKAA.NS","10210797546","3.56387","India"
"2064","Alchip Technologies","3661.TW","10209851127","124.372","Taiwan"
"2065","Apogee Therapeutics","APGE","10208611328","134.878","United States"
"2066","Idemitsu Kosan","5019.T","10207371202","8.51599","Japan"
"2067","GBL","GBLB.VI","10199526662","85.7609","Belgium"
"2068","Shimizu Corporation","1803.T","10198103593","15.0151","Japan"
"2069","Saipem","SPM.MI","10196395062","5.25511","Italy"
"2070","Shoprite","SHP.JO","10196134000","18.8588","South Africa"
"2071","Abivax","ABVX","10192989184","116.82","France"
"2072","Banca Transilvania","TLV.RO","10192749412","8.17928","Romania"
"2073","bioMérieux","BIM.PA","10189374958","86.5766","France"
"2074","Brenntag","BNR.DE","10188742565","70.5663","Germany"
"2075","Dr. Reddy's Laboratories","RDY","10187590656","12.23","India"
"2076","Petro Rabigh","2380.SR","10183553005","4.63444","Saudi Arabia"
"2077","Sofina","SOF.VI","10181334017","287.113","Belgium"
"2078","Pentair","PNR","10152156160","63.61","United Kingdom"
"2079","SailPoint","SAIL","10146903040","17.89","United States"
"2080","Wan Hai Lines","2615.TW","10135264820","3.61181","Taiwan"
"2081","Acuity Brands","AYI","10119711744","338.05","United States"
"2082","IMI plc","IMI.L","10111563420","42.6782","United Kingdom"
"2083","Quebecor","QBR-B.TO","10099160436","44.8153","Canada"
"2084","Mowi","MNHVF","10097112064","19.1","Norway"
"2085","Kesko","KESKOA.HE","10095483634","25.3437","Finland"
"2086","Henry Schein","HSIC","10089255936","90.53","United States"
"2087","Evonik Industries","EVK.DE","10072593380","21.615","Germany"
"2088","Dongfeng Motor","0489.HK","10055763756","1.2185","China"
"2089","Wynn Resorts","WYNN","10052311040","97.62","United States"
"2090","Mankind Pharma","MANKIND.NS","10051071033","25.0907","India"
"2091","Merlin Properties","MRL.MC","10050358190","16.2316","Spain"
"2092","Chart Industries","GTLS","10047718400","209.9","United States"
"2093","Bharat Forge","BHARATFORG.NS","10047669223","21.0163","India"
"2094","Murphy USA","MUSA","10041367552","546.31","United States"
"2095","Life Time Group","LTH","10020033536","44.84","United States"
"2096","CPFL Energia","CPFE3.SA","10009785560","8.68713","Brazil"
"2097","Qantas Airways","QAN.AX","10009108636","6.61453","Australia"
"2098","Gildan","GIL","10002210816","54.01","Canada"
"2099","Ackermans &amp; Van Haaren","ACKB.BR","9994379445","305.756","Belgium"
"2100","Enel Américas","ENELAM.SN","9988059489","0.0969821","Chile"
"2101","Zions Bancorporation","ZION","9987588096","68.43","United States"
"2102","LG Innotek","011070.KS","9957854482","420.793","South Korea"
"2103","Dillard's","DDS","9952746496","637.3","United States"
"2104","TopBuild","BLD","9935550464","354.53","United States"
"2105","Pearson","PSO","9933375488","16.51","United Kingdom"
"2106","Kratos Defense &amp; Security Solutions","KTOS","9916379136","52.825","United States"
"2107","Aisin Seiki","7259.T","9912837860","14.1306","Japan"
"2108","Hanwha Systems","272210.KS","9906534441","52.978","South Korea"
"2109","Insulet","PODD","9904473088","142.81","United States"
"2110","Mebuki Financial Group","7167.T","9903298086","10.5517","Japan"
"2111","Shenzhen Transsion Holdings","688036.SS","9902772840","8.60225","China"
"2112","Godrej","GODREJCP.NS","9898176086","9.67275","India"
"2113","Orkla","ORK.OL","9897351338","10.2912","Norway"
"2114","Darling Ingredients","DAR","9887930368","62.66","United States"
"2115","Old National Bank","ONB","9883695104","25.835","United States"
"2116","Sainsbury's","SBRY.L","9882057183","4.53711","United Kingdom"
"2117","Zhejiang Zheneng Electric","600023.SS","9874764158","0.736443","China"
"2118","Janus Living","JAN","9873453056","31.82","United States"
"2119","WiseTech Global","WTC.AX","9865425403","29.335","Australia"
"2120","ViaSat","VSAT","9861938176","71.59","United States"
"2121","Genscript Biotech","1548.HK","9858755715","4.50818","China"
"2122","Match Group","MTCH","9853178880","42.24","United States"
"2123","Modine Manufacturing","MOD","9847891968","185.415","United States"
"2124","Skyworks Solutions","SWKS","9825872896","65.3","United States"
"2125","Financière de Tubize","TUB.BR","9823684542","220.694","Belgium"
"2126","FirstCash","FCFS","9816339456","226.33","United States"
"2127","Nuvalent","NUVL","9808736256","123.96","United States"
"2128","AtkinsRéalis","ATRL.TO","9807963539","61.2867","Canada"
"2129","OPC Energy","OPCE.TA","9795007734","31.5741","Israel"
"2130","Avantor","AVTR","9790295040","14.475","United States"
"2131","Aurobindo Pharma","AUROPHARMA.NS","9788457109","17.0122","India"
"2132","Forgent Power Solutions","FPS","9787389952","32.15","United States"
"2133","China Merchants Shekou Industrial Zone","001979.SZ","9778602155","1.08458","China"
"2134","Sodexo","SW.PA","9769279621","66.9424","France"
"2135","Range Resources","RRC","9749109760","41.72","United States"
"2136","BlueScope Steel","BSL.AX","9731918155","22.2151","Australia"
"2137","Porsche SE","PAH3.DE","9731341388","31.7758","Germany"
"2138","Protagonist Therapeutics","PTGX","9728890880","150.35","United States"
"2139","Centrica","CNA.L","9722410147","2.10467","United Kingdom"
"2140","On Holding","ONON","9722305536","29.09","Switzerland"
"2141","Addtech AB","ADDT-B.ST","9713265709","35.9803","Sweden"
"2142","Komerční banka","KOMB.PR","9707042060","51.3992","Czech Republic"
"2143","Oshkosh Corporation","OSK","9705488384","157.2","United States"
"2144","Madison Square Garden Sports","MSGS","9698556928","402.765","United States"
"2145","Pandora","PNDORA.CO","9676018445","129.357","Denmark"
"2146","Rambus","RMBS","9674774528","89.2","United States"
"2147","San’an Optoelectronics","600703.SS","9671488844","1.93856","China"
"2148","Chewy","CHWY","9654222848","23.58","United States"
"2149","Bank of the Philippine Islands","BPHLY","9652621312","36.45","Philippines"
"2150","Oscar Health","OSCR","9651329024","31.27","United States"
"2151","Mitsubishi Chemical Holdings","4188.T","9648536279","7.10136","Japan"
"2152","Isuzu","7202.T","9644237543","14.0333","Japan"
"2153","Ascendas Reit","A17U.SI","9625750699","1.92699","Singapore"
"2154","OGE Energy","OGE","9622556672","46.58","United States"
"2155","Aptiv","APTV","9602002944","46.245","Ireland"
"2156","Affiliated Managers Group","AMG","9597137920","371.12","United States"
"2157","Dino Polska","DNP.WA","9586452005","9.7781","Poland"
"2158","Sirius XM","SIRI","9584496640","28.435","United States"
"2159","Red Eléctrica","RED.MC","9575909240","17.7464","Spain"
"2160","Ryder","R","9571762176","249.61","United States"
"2161","Mallplaza","MALLPLAZA.SN","9568077137","4.36898","Chile"
"2162","NGK Insulators","5333.T","9556650375","33.951","Japan"
"2163","Bangkok Dusit Medical Services (BDMS)","BDMS.BK","9544892039","0.60061","Thailand"
"2164","Indutrade","INDT.ST","9534817555","26.1713","Sweden"
"2165","Twist Bioscience","TWST","9529020416","151.96","United States"
"2166","Mineral Resources","MIN.AX","9527337916","47.9877","Australia"
"2167","Jyske Bank","JYSK.CO","9526501064","168.944","Denmark"
"2168","Nordnet AB","SAVE.ST","9515715532","38.2908","Sweden"
"2169","New Oriental","EDU","9514261504","57.07","China"
"2170","CSPC Innovation Pharmaceutical","300765.SZ","9508142446","6.76932","China"
"2171","Syensqo","SYENS.BR","9505152774","93.2184","Belgium"
"2172","China Taiping Insurance","0966.HK","9481241458","2.63806","Hong Kong"
"2173","The Toro Company","TTC","9481052160","99.56","United States"
"2174","Applied Optoelectronics","AAOI","9464504320","111.47","United States"
"2175","Medibank","MPL.AX","9463860056","3.4364","Australia"
"2176","Prio SA (Petro Rio)","PRIO3.SA","9457950998","11.8597","Brazil"
"2177","VIAVI Solutions","VIAV","9455453184","38.32","United States"
"2178","Chongqing Rural Commercial Bank","3618.HK","9438703948","0.831091","China"
"2179","CareTrust REIT","CTRE","9428099072","39.9","United States"
"2180","Tingyi (master kang)","0322.HK","9426441692","1.67239","China"
"2181","Westlake Corporation","WLK","9424995328","73.75","United States"
"2182","Masimo","MASI","9423817728","179.95","United States"
"2183","Liberty Live Holdings","LLYVA","9419509760","102.38","United States"
"2184","Tetra Tech","TTEK","9408352256","36.745","United States"
"2185","Shree Cement","SHREECEM.NS","9403867775","260.634","India"
"2186","Siam Cement","SCC.BK","9402439149","7.83537","Thailand"
"2187","Shiseido","4911.T","9401096632","23.5248","Japan"
"2188","Dixon Technologies","DIXON.NS","9390954569","154.452","India"
"2189","Kinetik","KNTK","9373673472","55.4","United States"
"2190","Demant","DEMANT.CO","9361102286","44.3867","Denmark"
"2191","Frontline","FRO","9350161408","42","Bermuda"
"2192","MISC Berhad","3816.KL","9344789372","2.09349","Malaysia"
"2193","OTE Group","OTE.F","9339950148","22.722","Greece"
"2194","RHB Bank","1066.KL","9333196697","2.13824","Malaysia"
"2195","Saia","SAIA","9323323392","349.52","United States"
"2196","KT Corporation","KT","9308572672","19.545","South Korea"
"2197","Korea Aerospace Industries","047810.KS","9293862800","95.346","South Korea"
"2198","JSC Halyk Bank","H4L1.F","9279694991","34.0247","Kazakhstan"
"2199","Barito Pacific","BRPT.JK","9259008488","0.0988031","Indonesia"
"2200","Full Truck Alliance","YMM","9256164352","8.85","China"
"2201","Primerica","PRI","9248902144","300.51","United States"
"2202","Storebrand","STB.OL","9241216883","22.1459","Norway"
"2203","AirTAC International","1590.TW","9233668330","46.1683","Taiwan"
"2204","Empresas Copec","COPEC.SN","9230246670","7.10099","Chile"
"2205","Agree Realty","ADC","9223543808","73.9499","United States"
"2206","Banca Popolare di Sondrio","BPSO.MI","9223399404","20.5062","Italy"
"2207","CubeSmart","CUBE","9222914048","40.745","United States"
"2208","Mengniu Dairy","2319.HK","9221684796","2.38548","China"
"2209","American Airlines","AAL","9221240832","13.93","United States"
"2210","Bid Corp","BID.JO","9216960600","27.4327","South Africa"
"2211","Thai Beverage","Y92.SI","9206615998","0.366335","Thailand"
"2212","Sanrio Company","8136.T","9203169746","7.59068","Japan"
"2213","Valmont Industries","VMI","9198379008","476.48","United States"
"2214","Procore","PCOR","9187219456","60.46","United States"
"2215","Fukuoka Financial Group","8354.T","9184327828","48.5992","Japan"
"2216","Renault","RNO.PA","9178214946","31.7175","France"
"2217","Voya Financial","VOYA","9175598080","101.28","United States"
"2218","Andritz","AZ2.F","9169544594","93.5679","Austria"
"2219","Persistent Systems","PERSISTENT.NS","9155045029","58.5994","India"
"2220","Stora Enso","STEAV.HE","9152475939","11.6057","Finland"
"2221","Hotai Motor","2207.TW","9150903401","16.4259","Taiwan"
"2222","Bank of Ayudhya","BAY.BK","9138636763","1.24238","Thailand"
"2223","Chandra Asri Petrochemical","TPIA.JK","9128760573","0.105578","Indonesia"
"2224","Buenaventura Mining Company","BVN","9128287232","35.94","Peru"
"2225","CarMax","KMX","9113531392","64.22","United States"
"2226","HELLA","HLE.F","9101737707","81.9156","Germany"
"2227","Accelleron Industries","ACLN.SW","9086165496","96.6193","Switzerland"
"2228","Alexandria Real Estate Equities","ARE","9084049408","52.785","United States"
"2229","Fosun Pharma","600196.SS","9082201707","3.40103","China"
"2230","Brixmor Property Group","BRX","9075748864","29.575","United States"
"2231","Hainan Airlines","900945.SS","9075282944","0.21","China"
"2232","Snap","SNAP","9073274880","5.365","United States"
"2233","XP Inc.","XP","9070542848","17.875","Brazil"
"2234","Vaxcyte","PCVX","9069681664","60.95","United States"
"2235","Aurubis","NDA.F","9060444806","207.527","Germany"
"2236","Chang Hwa Commercial Bank","2801.TW","9052723928","0.750628","Taiwan"
"2237","Equatorial Energia","EQTL3.SA","9048782583","7.20273","Brazil"
"2238","InPost","INPST.AS","9046566754","18.096","Luxembourg"
"2239","Ryman Hospitality Properties","RHP","9042115584","131.075","United States"
"2240","Houlihan Lokey","HLI","9040509952","129.36","United States"
"2241","Vicor","VICR","9033692160","195.93","United States"
"2242","Central Pattana","CPN.BK","9030732136","2.0122","Thailand"
"2243","360 Security Technology","601360.SS","9028663943","1.28989","China"
"2244","Immunovant","IMVT","9016025088","43.65","United States"
"2245","Jackson Financial","JXN","9010970624","133.045","United States"
"2246","NIBE Industrier","NIBE-B.ST","9006998445","4.46761","Sweden"
"2247","Crinetics Pharmaceuticals","CRNX","9002178560","84.85","United States"
"2248","Smoore International Holdings","6969.HK","9001431309","1.45297","China"
"2249","Mohawk Industries","MHK","9000367104","132.87","United States"
"2250","Rural Electrification Corp","RECLTD.NS","8998040140","3.41712","India"
"2251","Autoliv","ALV","8994262016","122.81","Sweden"
"2252","Securitas AB","SECU-B.ST","8987747584","15.7007","Sweden"
"2253","Info Edge","NAUKRI.NS","8985982868","13.8729","India"
"2254","Capstone Copper","CS.TO","8976301304","11.7499","Canada"
"2255","Vanguard International Semiconductor","5347.TWO","8966947720","4.77387","Taiwan"
"2256","Solstice Advanced Materials","SOLS","8951049216","56.35","United States"
"2257","YANGHE","002304.SZ","8944762822","5.93766","China"
"2258","Gaztransport & Technigaz","GTT.PA","8943636977","241.203","France"
"2259","Qiagen","QGEN","8941234176","43.3","Netherlands"
"2260","Federal Bank","FEDERALBNK.NS","8938534837","3.61942","India"
"2261","Booz Allen Hamilton","BAH","8917326848","74.135","United States"
"2262","Kinsale Capital Group","KNSL","8915589120","391.405","United States"
"2263","PB Fintech","POLICYBZR.NS","8911315298","19.2868","India"
"2264","Sagax","SAGA-B.ST","8905090015","18.0007","Sweden"
"2265","Dutch Bros","BROS","8904877056","50.77","United States"
"2266","InterDigital","IDCC","8897136640","344.77","United States"
"2267","Toppan","7911.T","8889999227","31.655","Japan"
"2268","China Rare Earth Resources And Technology","000831.SZ","8846269301","8.33594","China"
"2269","Suntory","2587.T","8841243760","28.6125","Japan"
"2270","Meridian Energy","MEZ.AX","8841181533","3.2714","New Zealand"
"2271","Celsius Holdings","CELH","8830923776","34.9","United States"
"2272","SPIE","SPIE.PA","8806461310","52.1324","France"
"2273","Turkish Airlines","THYAO.IS","8798992056","6.41194","Turkey"
"2274","Prosperity Bancshares","PB","8796939264","73.2","United States"
"2275","Zurich Airport","FHZN.SW","8793269901","286.445","Switzerland"
"2276","Sibanye-Stillwater","SBSW","8781715456","12.14","South Africa"
"2277","AL Sydbank A/S","ALSYDB.CO","8776223428","103.408","Denmark"
"2278","Element Solutions","ESI","8775309312","36.01","United States"
"2279","Voestalpine","VAS.F","8770312869","51.1536","Austria"
"2280","ImmunityBio","IBRX","8770145280","8.275","United States"
"2281","Banca Generali","BGN.MI","8769559963","76.7304","Italy"
"2282","Auckland Airport","AIA.AX","8768760294","5.15819","New Zealand"
"2283","JD Logistics","2618.HK","8765044292","1.43256","China"
"2284","CITIC Metal","601061.SS","8762627170","1.78829","China"
"2285","Infratil","IFT.NZ","8761730180","8.76776","New Zealand"
"2286","Multi Commodity Exchange","MCX.NS","8750405809","34.3808","India"
"2287","Qingdao Port International","601298.SS","8749441237","1.34791","China"
"2288","NNN REIT","NNN","8746659840","45.975","United States"
"2289","AU Small Finance Bank","AUBANK.NS","8742123991","11.6717","India"
"2290","Alstom","ALO.PA","8739203061","18.8908","France"
"2291","Shanghai Airport (AVINEX)","600009.SS","8729364347","3.50815","China"
"2292","Coforge","COFORGE.NS","8728229139","19.7061","India"
"2293","GS Holdings Corp.","078930.KS","8726231764","92.1702","South Korea"
"2294","Western Alliance Bancorporation","WAL","8725341184","79.975","United States"
"2295","Gerdau","GGB","8721652736","4.445","Brazil"
"2296","VZ Holding","VZN.SW","8719905094","221.411","Switzerland"
"2297","ASMPT
 (ASM Pacific Technology)","0522.HK","8715102298","20.7805","Hong Kong"
"2298","Silicon Motion","SIMO","8714970112","257.02","Hong Kong"
"2299","Columbia Banking System","COLB","8710560768","30.79","United States"
"2300","Smithfield Foods","SFD","8710135808","22.12","United States"
"2301","HealthEquity","HQY","8698386432","104.045","United States"
"2302","First Industrial Realty Trust","FR","8696594432","63.47","United States"
"2303","Compass","COMP","8693574656","11.325","United States"
"2304","Timken Company","TKR","8689823744","125.4","United States"
"2305","TIM S.A.","TIMB","8674468864","18.26","Brazil"
"2306","ServiceTitan","TTAN","8670209024","90.885","United States"
"2307","Bruker","BRKR","8667720704","56.89","United States"
"2308","Nemetschek","NEM.F","8667089566","75.099","Germany"
"2309","UiPath","PATH","8665561088","16.725","United States"
"2310","Melrose Industries","MRO.L","8660162854","6.94983","United Kingdom"
"2311","Kyoto Financial Group","5844.T","8651809099","30.7078","Japan"
"2312","PetGas (Petronas Gas)","6033.KL","8648957934","4.37096","Malaysia"
"2313","Finning","FTT.TO","8648461850","66.239","Canada"
"2314","YTO Express","600233.SS","8636084454","2.52221","China"
"2315","Sunway","5211.KL","8622814617","1.27548","Malaysia"
"2316","SBI Shinsei Bank","8303.T","8619267631","9.71733","Japan"
"2317","Commercial International Bank","CIN.F","8611492643","2.61011","Egypt"
"2318","Buzzi Unicem","BZU.MI","8609621714","48.7765","Italy"
"2319","Pirelli","PIRC.MI","8602448225","7.92939","Italy"
"2320","Hulic","3003.T","8600377200","11.3264","Japan"
"2321","AptarGroup","ATR","8599347200","135.25","United States"
"2322","A2A","A2A.MI","8588409689","2.74528","Italy"
"2323","Rexford Industrial","REXR","8587510784","37.56","United States"
"2324","SM Energy","SM","8584153088","36.09","United States"
"2325","Sunny Optical","2382.HK","8577952924","7.98562","China"
"2326","Sembcorp","U96.SI","8570120017","4.81355","Singapore"
"2327","Eisai","4523.T","8557059289","30.3188","Japan"
"2328","Makita","6586.T","8552105217","33.192","Japan"
"2329","Nippon Express","9147.T","8547578717","35.971","Japan"
"2330","Zain (Mobile Telecommunications Company)","ZAIN.KW","8532824398","1971.97","Kuwait"
"2331","China Merchants Port","0144.HK","8530873760","2.03212","Hong Kong"
"2332","West Japan Railway","9021.T","8524649381","18.732","Japan"
"2333","A. O. Smith","AOS","8518749696","62.68","United States"
"2334","Kanzhun","BZ","8513193472","19.05","China"
"2335","Zabka Group","ZAB.WA","8509765235","8.53179","Poland"
"2336","KBC Ancora","KBCA.BR","8507017679","110.464","Belgium"
"2337","Ecopro","086520.KQ","8503206151","62.7941","South Korea"
"2338","NewMarket Corp","NEU","8496375808","923.88","United States"
"2339","Rational AG","RAA.F","8479142256","745.747","Germany"
"2340","Stantec","STN","8477185536","75.42","Canada"
"2341","TG Therapeutics","TGTX","8472411136","55.345","United States"
"2342","Hai Di Lao Hot Pot","6862.HK","8462667442","1.56268","China"
"2343","BOK Financial","BOKF","8462393856","139.26","United States"
"2344","Jardine Cycle &amp; Carriage","C07.SI","8455515714","21.3936","Singapore"
"2345","MinebeaMitsumi","6479.T","8454854115","21.0532","Japan"
"2346","kyowa Kirin","4151.T","8451300340","16.1412","Japan"
"2347","China Resources Beer","0291.HK","8450277171","2.60489","Hong Kong"
"2348","Games Workshop Group","GAW.L","8449181426","255.688","United Kingdom"
"2349","Steel Authority of India","SAIL.NS","8438390235","2.04293","India"
"2350","Dai Nippon Printing","7912.T","8435170211","19.6542","Japan"
"2351","Celcomdigi","6947.KL","8429652362","0.718548","Malaysia"
"2352","Otsuka","4768.T","8418710359","22.2012","Japan"
"2353","Nedbank","NED.JO","8402918200","18.391","South Africa"
"2354","Commerce Bancshares","CBSH","8402256896","58.58","United States"
"2355","Konecranes","KCR.HE","8395862612","35.3298","Finland"
"2356","SalMar ASA","SALM.OL","8389408856","61.897","Norway"
"2357","Vicinity Centres","VCX.AX","8389158163","1.80788","Australia"
"2358","Core &amp; Main","CNM","8386089984","43.33","United States"
"2359","PBF Energy","PBF","8385296384","70.74","United States"
"2360","Rush Enterprises","RUSHA","8378682368","77.3","United States"
"2361","Companhia Paranaense de Energia (COPEL)","ELPC","8378013696","11.285","Brazil"
"2362","StandardAero","SARO","8375570432","25.31","United States"
"2363","Hindustan Petroleum","HINDPETRO.NS","8375058644","3.93598","India"
"2364","PChem (Petronas Chemicals Group)","5183.KL","8373943653","1.04674","Malaysia"
"2365","Abu Dhabi Ports","ADPORTS.AE","8371528161","1.64","United Arab Emirates"
"2366","Paylocity","PCTY","8370785792","151.19","United States"
"2367","ICICI Lombard","ICICIGI.NS","8362602257","16.7386","India"
"2368","Founder Securities","601901.SS","8352738925","1.01465","China"
"2369","ANA Holdings","9202.T","8352443379","19.3029","Japan"
"2370","Eastman Chemical","EMN","8346987008","73.01","United States"
"2371","Hualu Hengsheng","600426.SS","8346178256","3.03504","China"
"2372","AECOM","ACM","8345963008","64.85","United States"
"2373","FormFactor","FORM","8337825792","106.73","United States"
"2374","Primo Brands","PRMB","8321085952","22.99","United States"
"2375","Avolta AG","AVOL.SW","8307097389","58.7038","Switzerland"
"2376","PSP Swiss Property","PSPN.SW","8305564070","181.076","Switzerland"
"2377","Zhejiang Chint Electrics","601877.SS","8303015928","3.86372","China"
"2378","Qorvo","QRVO","8299009024","94.07","United States"
"2379","Kunlun Energy Company","0135.HK","8298378395","0.962484","Hong Kong"
"2380","Credito Emiliano","CE.MI","8298037323","24.3999","Italy"
"2381","Davide Campari-Milano","CPR.MI","8295751758","6.9168","Italy"
"2382","Elastic NV","ESTC","8291701760","79.765","United States"
"2383","Deutsche Wohnen","DWNI.DE","8288358722","20.8809","Germany"
"2384","Havells India","HAVELLS.NS","8279824605","13.1936","India"
"2385","Bharti Hexacom","BHARTIHEXA.NS","8279700955","16.5594","India"
"2386","UGI Corporation","UGI","8274143232","38.575","United States"
"2387","CTP N.V.","CTPNV.AS","8270662446","16.8725","Netherlands"
"2388","Svenska Cellulosa Aktiebolaget (SCA)","SCA-B.ST","8257541492","11.7571","Sweden"
"2389","10x Genomics","TXG","8251991040","63.335","United States"
"2390","StoneX Group","SNEX","8239328768","68.31","United States"
"2391","BKW AG","BKW.SW","8239038511","156.13","Switzerland"
"2392","Alkermes","ALKS","8238854144","49.11","Ireland"
"2393","Spyre Therapeutics","SYRE","8235429376","93.4","United States"
"2394","ALS Global","ALQ.AX","8229042004","16.2135","Australia"
"2395","Lear Corporation","LEA","8227309568","123.58","United States"
"2396","Lincoln National Corporation","LNC","8222662656","42.95","United States"
"2397","Hess Midstream","HESM","8214146048","39.84","United States"
"2398","Metlen Energy &amp; Metals","MTLN.AT","8212214384","57.609","Greece"
"2399","Levi Strauss &amp; Co.","LEVI","8208862208","21.33","United States"
"2400","Japan Airlines","9201.T","8205247832","19.0896","Japan"
"2401","Hyundai Autoever Corporation","307950.KS","8204291450","299.174","South Korea"
"2402","Toho Co.","9602.T","8203393653","9.86161","Japan"
"2403","IndusInd Bank","INDUSINDBK.NS","8199587966","10.5239","India"
"2404","Pure Health Holding","PUREHEALTH.AE","8199300493","0.74","United Arab Emirates"
"2405","Yuntianhua","600096.SS","8198915430","4.49751","China"
"2406","Samyang Foods","003230.KS","8193733640","1087.71","South Korea"
"2407","The Lottery Corporation","TLC.AX","8191555333","3.68032","Australia"
"2408","Silan Microelectronics","600460.SS","8187287702","4.92003","China"
"2409","Lithia Motors","LAD","8178158592","372.02","United States"
"2410","DB Insurance","005830.KS","8171995146","134.755","South Korea"
"2411","Wuhan Guide Infrared","002414.SZ","8151981601","1.9088","China"
"2412","Food &amp; Life Companies","3563.T","8149457995","35.8581","Japan"
"2413","Schaeffler","SHA0.DE","8147455513","8.6227","Germany"
"2414","Quiñenco","QUINENCO.SN","8146167722","4.89919","Chile"
"2415","Edenred","EDEN.PA","8132176053","35.3764","France"
"2416","VPBank (Vietnam Prosperity Joint Stock Commercial Bank)","VPB.VN","8130889214","1.02483","Vietnam"
"2417","National Mineral Development Corporation","NMDC.NS","8129035202","0.924614","India"
"2418","China Zheshang Bank","2016.HK","8128233582","0.295953","China"
"2419","Randstad","RAND.AS","8122412735","46.2946","Netherlands"
"2420","Yokogawa Electric Corporation","6841.T","8108236828","32.4015","Japan"
"2421","Acciona Energías Renovables","ANE.MC","8108063372","24.9825","Spain"
"2422","Zurn Elkay Water Solutions","ZWS","8095826944","48.81","United States"
"2423","Canadian Tire","CTC.TO","8084686440","155.019","Canada"
"2424","Cinda Securities","601059.SS","8081566842","2.492","China"
"2425","MBME GROUP","MBME.AE","8073257081","2.94","United Arab Emirates"
"2426","CAE Inc.","CAE","8071974912","25.08","Canada"
"2427","TMBThanachart Bank (ttb)","TTB.BK","8068127657","0.0890244","Thailand"
"2428","St. James's Place","STJ.L","8066752735","16.0757","United Kingdom"
"2429","NTPC Green Energy","NTPCGREEN.NS","8061372418","0.956689","India"
"2430","Korea Investment Holdings","071050.KS","8058912291","138.003","South Korea"
"2431","Yaskawa","6506.T","8052469191","31.0465","Japan"
"2432","Choice Properties REIT","CHP-UN.TO","8050749207","11.1227","Canada"
"2433","Tongwei Co.,Ltd","600438.SS","8044173588","1.7868","China"
"2434","Huadian Power International","600027.SS","8033140013","0.69181","China"
"2435","ENN Natural Gas Co.,Ltd.","600803.SS","8030949873","2.59466","China"
"2436","NHPC Limited","NHPC.NS","8027435236","0.799145","India"
"2437","SRF Limited","SRF.NS","8025164194","27.0749","India"
"2438","GameStop","GME","8020356096","17.875","United States"
"2439","Wharf Holdings","0004.HK","8007410021","2.6202","Hong Kong"
"2440","Stockland","SGP.AX","8007207422","3.29292","Australia"
"2441","Janus Henderson","JHG","8004228608","51.95","United Kingdom"
"2442","Oil India","OIL.NS","7999025220","4.91761","India"
"2443","Yunnan Energy New Material","002812.SZ","7991873490","8.14402","China"
"2444","Hanover Insurance Group","THG","7990864384","229.489","United States"
"2445","Idacorp","IDA","7989143040","138.12","United States"
"2446","Investec","INVR.L","7978939614","9.04733","United Kingdom"
"2447","Clearway Energy","CWEN","7977441792","32.345","United States"
"2448","Tokyo Century","8439.T","7976575278","16.32","Japan"
"2449","Morningstar","MORN","7965256704","212.33","United States"
"2450","GAC (Guangzhou Automobile Group)","601238.SS","7964680169","0.781076","China"
"2451","Omron","6645.T","7962327285","40.4941","Japan"
"2452","First International Bank of Israel","FIBI.TA","7959186691","79.356","Israel"
"2453","Bank Muscat","BKMB.OM","7954831369","1.05974","Oman"
"2454","CAR Group (Carsales)","CAR.AX","7952949895","20.9915","Australia"
"2455","Waaree Energies Limited (WEL)","WAAREEENER.NS","7944919998","27.62","India"
"2456","ENGIE Brasil","EGIE3.SA","7942685392","5.60773","Brazil"
"2457","TeraWulf","WULF","7941086208","15.915","United States"
"2458","Intermediate Capital Group (ICG)","ICG.L","7940732790","27.3641","United Kingdom"
"2459","CAVA Group","CAVA","7939317760","67.97","United States"
"2460","A1 Telekom Austria","TA1.F","7939303831","11.9553","Austria"
"2461","Hiscox","HSX.L","7935633472","24.9568","Bermuda"
"2462","National Fuel Gas","NFG","7934839808","83.485","United States"
"2463","Grupo Aeroportuario del Sureste
(ASUR)","ASR","7927564800","263.97","Mexico"
"2464","Sprouts Farmers Market","SFM","7923250688","84.97","United States"
"2465","Akbank","AKBNK.IS","7905906143","1.52037","Turkey"
"2466","Zillow","Z","7899857408","35.13","United States"
"2467","Dahua Technology","002236.SZ","7894089297","2.41464","China"
"2468","Indoritel","DNET.JK","7888007682","0.55612","Indonesia"
"2469","Galaxy Digital Holdings","7LX.F","7887111260","22.3715","United States"
"2470","Ecopro BM","247540.KQ","7872680837","80.4775","South Korea"
"2471","Swiggy","SWIGGY.NS","7869452137","3.00361","India"
"2472","OUTsurance Group","OUT.JO","7863783400","5.07954","South Africa"
"2473","South Bow","SOBO","7863772672","37.7","Canada"
"2474","Molson Coors","TAP","7862761984","42.17","United States"
"2475","AGCO","AGCO","7859661312","112.23","United States"
"2476","Axalta","AXTA","7857744384","36.715","United States"
"2477","Isetan Mitsukoshi Holdings","3099.T","7832785502","22.5148","Japan"
"2478","ICICI Prulife","ICICIPRULI.NS","7826827152","5.39873","India"
"2479","Fortune Electric Co., Ltd.","1519.TW","7824602141","22.5188","Taiwan"
"2480","Lion Finance Group PLC","BGEO.L","7820135267","181.566","United Kingdom"
"2481","Empire Company","EMP-A.TO","7817229219","34.9252","Canada"
"2482","Norwegian Cruise Line","NCLH","7816845824","17.0232","United States"
"2483","Taesa (Transmissora Aliança de Energia Elétrica)","TAEE11.SA","7813015556","7.55976","Brazil"
"2484","Vornado Realty Trust","VNO","7805104640","39.41","United States"
"2485","AppFolio","APPF","7802363392","220.3","United States"
"2486","Central Bancompany","CBC","7801880064","32.575","United States"
"2487","Chord Energy","CHRD","7801103872","142.622","United States"
"2488","The Mosaic Company","MOS","7797980672","24.53","United States"
"2489","Shandong Hi-Speed","600350.SS","7796882803","1.61274","China"
"2490","SSR Mining","SSRM","7795452928","38.23","Canada"
"2491","Hitachi Construction Machinery","6305.T","7791966417","36.6548","Japan"
"2492","Valley Bank","VLY","7788971008","14.095","United States"
"2493","Richter Gedeon","RIG2.F","7786984132","42.694","Hungary"
"2494","Applied Digital","APLD","7784238080","27.38","United States"
"2495","ASX","ASX.AX","7776300166","39.7948","Australia"
"2496","Petrovietnam Gas","GAS.VN","7774464324","3.22198","Vietnam"
"2497","NKT A/S","NKT.CO","7762022117","145.219","Denmark"
"2498","Conagra Brands","CAG","7750370304","16.195","United States"
"2499","Oklo","OKLO","7747635200","41.65","United States"
"2500","Bank Negara Indonesia","BBNI.JK","7740798316","0.207769","Indonesia"
"2501","Rhythm Pharmaceuticals","RYTM","7728646144","112.25","United States"
"2502","Riot Platforms","RIOT","7719076352","20.57","United States"
"2503","Barry Callebaut","BARN.SW","7716363742","1407.4","Switzerland"
"2504","PhosAgro","PHOR.ME","7709868992","60.77","Russia"
"2505","Swissquote","SQN.SW","7708636147","51.431","Switzerland"
"2506","National Aluminum &amp; Alloy","NATIONALUM.NS","7687124366","4.18545","India"
"2507","Empyrean Technology","301269.SZ","7686466001","14.0296","China"
"2508","Localiza","RENT3.SA","7673317928","6.9466","Brazil"
"2509","CPI Property Group","O5G.DE","7659175642","0.856444","Luxembourg"
"2510","Commercial Bank of Dubai","CBD.AE","7657256408","2.56508","United Arab Emirates"
"2511","Vista Energy","VIST","7652512256","69.18","Mexico"
"2512","AGC","5201.T","7646687542","36.0024","Japan"
"2513","Desay SV","002920.SZ","7645800335","12.8111","China"
"2514","Technology One","TNE.AX","7639929435","23.3374","Australia"
"2515","IDFC FIRST Bank","IDFCFIRSTB.NS","7627432214","0.884677","India"
"2516","UNO Minda","UNOMINDA.NS","7626765190","13.2073","India"
"2517","Simpson Manufacturing Company","SSD","7621715968","185.965","United States"
"2518","Industrial Securities","601377.SS","7620403503","0.882401","China"
"2519","SM Prime Holdings","SPHXF","7620299776","0.2672","Philippines"
"2520","Meiji Holdings","2269.T","7619261307","28.0981","Japan"
"2521","B2Gold","BTG","7615972352","5.765","Canada"
"2522","Armstrong World Industries","AWI","7603504640","179.91","United States"
"2523","SenseTime","0020.HK","7597743133","0.187522","China"
"2524","Yealink Network Technology","300628.SZ","7592274148","5.99271","China"
"2525","Kunlun Tech","300418.SZ","7589954818","5.90642","China"
"2526","Dropbox","DBX","7584398848","34.88","United States"
"2527","Zoomlion","1157.HK","7579379009","0.876377","China"
"2528","Etsy","ETSY","7576583168","82.55","United States"
"2529","Planet Labs","PL","7575335424","21.255","United States"
"2530","SK Innovation","096775.KS","7553622288","44.6055","South Korea"
"2531","The Hachijuni Bank","8359.T","7541533770","16.5709","Japan"
"2532","Element Fleet Management","EFN.TO","7535915426","19.0305","Canada"
"2533","Lamb Weston","LW","7535451648","54.81","United States"
"2534","Gotion High-tech Co.,Ltd.","002074.SZ","7529969731","4.14937","China"
"2535","NEXTDC","NXT.AX","7528334081","9.90028","Australia"
"2536","First American Financial Corporation","FAF","7519950848","73.6528","United States"
"2537","Giant Network Group","002558.SZ","7515723463","3.95447","China"
"2538","Pilgrim's Pride","PPC","7511133696","31.545","United States"
"2539","Pegatron","4938.TW","7504823924","2.80465","Taiwan"
"2540","Shanghai Allist Pharmaceuticals","688578.SS","7504351678","16.6763","China"
"2541","Aura Minerals","AUGO","7504235520","89.51","United States"
"2542","Discovery Silver Corp.","DSV.TO","7500030213","9.21247","Canada"
"2543","Compagnie du Cambodge","CBDG.PA","7498363377","123.514","France"
"2544","Apar Industries","APARINDS.NS","7489021573","178.854","India"
"2545","IOI Corporation Berhad","1961.KL","7485356287","1.19095","Malaysia"
"2546","AeroVironment","AVAV","7481597440","147.21","United States"
"2547","Changjiang Securities","000783.SZ","7470514811","1.35089","China"
"2548","Sumco Corporation","3436.T","7470474702","21.3605","Japan"
"2549","PJT Partners","PJT","7460899840","175.15","United States"
"2550","Shimadzu","7701.T","7449806561","25.7832","Japan"
"2551","Caris Life Sciences","CAI","7445809664","26.34","United States"
"2552","Computacenter","CCC.L","7443619920","70.9263","United Kingdom"
"2553","Terex","TEX","7443216384","65.12","United States"
"2554","The Yokohama Rubber Company","5101.T","7436805926","47.1438","Japan"
"2555","NexGen Energy","NXE","7432560128","11.085","Canada"
"2556","Galicia Financial Group","GGAL","7432227840","43.86","Argentina"
"2557","Capital Power","CPX.TO","7431364450","47.3094","Canada"
"2558","Telekom Malaysia","4863.KL","7423572066","1.93436","Malaysia"
"2559","Motor Oil (Hellas) Corinth Refineries","MOH.AT","7422563275","68.5155","Greece"
"2560","Builders FirstSource","BLDR","7422003712","68.98","United States"
"2561","Krafton","259960.KS","7421362059","164.564","South Korea"
"2562","Adani Total Gas","ATGL.NS","7420680087","6.74724","India"
"2563","Terreno Realty","TRNO","7419788288","68.09","United States"
"2564","Reece Group","REH.AX","7417817163","12.0597","Australia"
"2565","Hinge Health","HNGE","7409361408","91.82","United States"
"2566","Oracle Corp Japan","4716.T","7406166328","57.7895","Japan"
"2567","Orica","ORI.AX","7403804226","15.9722","Australia"
"2568","DCC plc","DCC.L","7400706401","86.6348","Ireland"
"2569","Federal Signal","FSS","7398243328","121.2","United States"
"2570","Victory Capital","VCTR","7397141504","120.26","United States"
"2571","Commercial Metals Company","CMC","7395236864","66.85","United States"
"2572","KakaoBank","323410.KS","7394044954","15.5181","South Korea"
"2573","Scholar Rock Holding","SRRK","7390539776","60.685","United States"
"2574","Maxis Berhad","6012.KL","7389559072","0.942317","Malaysia"
"2575","Kirby Corporation","KEX","7370088448","139.585","United States"
"2576","Navan","NAVN","7367976448","28.97","United States"
"2577","Yes Bank","YESBANK.NS","7363263099","0.234586","India"
"2578","JFE Holdings","5411.T","7352804602","11.5585","Japan"
"2579","Avnet","AVT","7348814336","89.54","United States"
"2580","Sojitz Corporation","2768.T","7347094880","35.3123","Japan"
"2581","STAG Industrial","STAG","7344862720","37.32","United States"
"2582","Ono Pharmaceutical","4528.T","7343129978","15.6268","Japan"
"2583","Sasol","SSL","7339881472","11.45","South Africa"
"2584","Bajaj Housing Finance Limited (BHFL)","BAJAJHFL.NS","7339370438","0.881218","India"
"2585","M3, Inc","2413.T","7337685844","10.9939","Japan"
"2586","Ampol","ALD.AX","7335922877","30.7841","Australia"
"2587","Clearwater Analytics","CWAN","7330872320","24.56","United States"
"2588","Sysmex","6869.T","7326957914","12.1702","Japan"
"2589","MSA Safety","MSA","7319458304","189.73","United States"
"2590","Triple Flag Precious Metals","TFPM","7295597056","35.415","Canada"
"2591","Brother Industries","6448.T","7293840047","29.4907","Japan"
"2592","EVA Air","2618.TW","7293313895","1.3505","Taiwan"
"2593","Dabur","DABUR.NS","7292781777","4.11102","India"
"2594","Silicon Labs","SLAB","7292305408","218.55","United States"
"2595","Prestige Group","PRESTIGE.NS","7292010337","16.9294","India"
"2596","ESCO Technologies","ESE","7291685376","281.45","United States"
"2597","AXIS Capital","AXS","7290065408","99.91","Bermuda"
"2598","Ramsay Health Care","RHC.AX","7289711012","31.5805","Australia"
"2599","Air Lease Corporation","AL","7282301440","65","United States"
"2600","President Chain Store (PSCS)","2912.TW","7281273919","7.00377","Taiwan"
"2601","ICL Group","ICL","7279651328","5.64","Israel"
"2602","ALK-Abelló","ALK-B.CO","7268794814","32.7602","Denmark"
"2603","OneMain Financial","OMF","7266594816","63.165","United States"
"2604","Babcock International Group","BAB.L","7265310896","14.7633","United Kingdom"
"2605","Fannie Mae","FNMA","7261209088","6.27","United States"
"2606","Gap Inc.","GAP","7253575680","20.15","United States"
"2607","Bezeq","BEZQ.TA","7252925761","2.63376","Israel"
"2608","Genesis Minerals Limited","GMD.AX","7240440885","6.16974","Australia"
"2609","Fortis Healthcare","FORTIS.NS","7231698559","9.57894","India"
"2610","Sangfor Technologies","300454.SZ","7231495246","16.7567","China"
"2611","Spirax-Sarco Engineering","SPX.L","7231347471","97.9912","United Kingdom"
"2612","Mobileye","MBLY","7222343680","8.495","Israel"
"2613","De' Longhi","DLG.MI","7217061083","48.6367","Italy"
"2614","OR Royalties","OR","7214840832","38.48","Canada"
"2615","Noble Corporation","NE","7214232064","45.19","United Kingdom"
"2616","Phoenix Mills","PHOENIXLTD.NS","7213483506","20.1683","India"
"2617","Glenmark Pharmaceuticals","GLENMARK.NS","7213144841","25.5582","India"
"2618","99 Speed Mart Retail","5326.KL","7205370947","0.857782","Malaysia"
"2619","NH Investment & Securities Co., Ltd.","005940.KS","7204195842","19.2352","South Korea"
"2620","Nippon Building Fund","8951.T","7188876216","815.528","Japan"
"2621","Macerich","MAC","7186939904","24.36","United States"
"2622","Beijer Ref","BEIJ-B.ST","7182906640","14.1674","Sweden"
"2623","Kingfisher","KGF.L","7182088180","4.39022","United Kingdom"
"2624","VinFast Auto","VFS","7180036608","3.069","Vietnam"
"2625","Chemed","CHE","7179917312","549.345","United States"
"2626","Nexans","NEX.PA","7178722533","164.297","France"
"2627","Kinden Corporation","1944.T","7171297278","43.5994","Japan"
"2628","HK Electric Investments","2638.HK","7168974338","0.811319","Hong Kong"
"2629","Baycurrent","6532.T","7165432150","48.7497","Japan"
"2630","Hexcel","HXL","7151710208","94.57","United States"
"2631","NOV","NOV","7150950912","20.06","United States"
"2632","Arcosa","ACA","7145040384","145.5","United States"
"2633","Amorepacific","090430.KS","7139035609","103.574","South Korea"
"2634","HD Hyundai Marine Solution","443060.KS","7134935091","159.151","South Korea"
"2635","Wallenius Wilhelmsen","WAWI.OL","7132315665","16.8664","Norway"
"2636","Oberoi Realty","OBEROIRLTY.NS","7127064355","19.6013","India"
"2637","Huadong Medicine (HD Medicine)","000963.SZ","7125575117","4.06308","China"
"2638","Biocon","BIOCON.NS","7120648968","4.37307","India"
"2639","Taiyo Yuden","6976.T","7112849920","56.836","Japan"
"2640","Sonic Healthcare","SHL.AX","7112714538","14.3913","Australia"
"2641","Kingboard Holdings","0148.HK","7094948830","6.32471","Hong Kong"
"2642","Ralliant Corporation","RAL","7086492672","64.05","United States"
"2643","Iyogin Holdings","5830.T","7078136882","24.654","Japan"
"2644","ISS A/S","ISS.CO","7075797335","45.6647","Denmark"
"2645","Fraport","FRA.DE","7073608016","76.4973","Germany"
"2646","JAC Motors","600418.SS","7069564456","3.1362","China"
"2647","Bank Millennium","MIL.WA","7063825332","5.82785","Poland"
"2648","Land Securities Group","LAND.L","7057637792","9.47271","United Kingdom"
"2649","Joby Aviation","JOBY","7057401344","7.135","United States"
"2650","Umm Al Qura for development and construction","4325.SR","7050503495","4.90079","Saudi Arabia"
"2651","Kimberly-Clark de México","KIMBERA.MX","7046359168","2.35967","Mexico"
"2652","Bachem","BANB.SW","7044911332","94.013","Switzerland"
"2653","Scor","SCR.PA","7040777851","39.4081","France"
"2654","Light &amp; Wonder","LNW","7028988928","86.22","United States"
"2655","SentinelOne","S","7015478272","20.465","United States"
"2656","Zeta Global","ZETA","7014109184","28.14","United States"
"2657","Shanghai Lujiazui Finance & Trade Zone Development Co.,Ltd.","600663.SS","7011684804","1.39255","China"
"2658","PACS Group","PACS","7011100672","44.28","United States"
"2659","Powell Industries","POWL","7010353664","192.42","United States"
"2660","Getinge","GETI-B.ST","7008134698","25.7302","Sweden"
"2661","YTL Corporation Berhad","1773.T","7008117964","0.602236","Malaysia"
"2662","Luzerner Kantonalbank","LUKN.SW","7006233962","141.485","Switzerland"
"2663","Campbell's","CPB","6998900224","23.47","United States"
"2664","Charter Hall Group","CHC.AX","6993666368","14.7859","Australia"
"2665","Brunello Cucinelli","BC.MI","6991750064","102.82","Italy"
"2666","Nissan","7201.T","6985921255","1.99804","Japan"
"2667","Super Group","SGHC","6975894016","13.73","Guernsey"
"2668","Hims &amp; Hers Health","HIMS","6974904320","29.895","United States"
"2669","Rakuten Bank","5838.T","6970305034","39.942","Japan"
"2670","Sinotrans Limited","601598.SS","6969366478","0.971509","China"
"2671","Loar Holdings","LOAR","6966206464","74.355","United States"
"2672","Bank of India","BANKINDIA.NS","6964862721","1.52984","India"
"2673","EnerSys","ENS","6964555264","193.11","United States"
"2674","Shanghai Zhangjiang Hi-Tech Park Development","600895.SS","6958331684","4.49304","China"
"2675","GitLab","GTLB","6955301888","41.18","United States"
"2676","Hankyu Hanshin Holdings","9042.T","6953510525","29.7103","Japan"
"2677","CG Oncology","CGON","6949405696","78.4","United States"
"2678","Migdal Insurance and Financial Holdings","MGDL.TA","6936964239","6.54569","Israel"
"2679","Matador Resources","MTDR","6917860864","55.9","United States"
"2680","Bank of Maharashtra","MAHABANK.NS","6901292073","0.897256","India"
"2681","Shin Kong Financial Holding","2888.TW","6901126407","0.389619","Taiwan"
"2682","Fluor Corporation","FLR","6895689216","51.56","United States"
"2683","LandBridge","LB","6893440000","89.426","United States"
"2684","Rockwool","ROCK-B.CO","6891042504","33.2901","Denmark"
"2685","Allegro MicroSystems","ALGM","6887555584","36.95","United States"
"2686","China National Chemical Engineering (CNCEC)","601117.SS","6885389793","1.12772","China"
"2687","Ultrapar Participacoes","UGP","6862593024","6.44","Brazil"
"2688","Daito Trust Construction","1878.T","6858389880","21.0594","Japan"
"2689","OceanaGold","OGC.TO","6848609700","30.7875","Canada"
"2690","Oberbank","OBS.VI","6844713832","96.9471","Austria"
"2691","easyJet","EZJ.L","6844215682","9.15582","United Kingdom"
"2692","Nissan Chemical","4021.T","6835355707","51.2402","Japan"
"2693","Zhongtai Securities","600918.SS","6832757579","0.862903","China"
"2694","Samsung E&A","028050.KS","6825793315","34.8255","South Korea"
"2695","Samsung Epis Holdings","0126Z0.KS","6824752671","274.273","South Korea"
"2696","Urban Outfitters","URBN","6820405760","79.645","United States"
"2697","Sailun Group","601058.SS","6819328500","2.07394","China"
"2698","Tsuruha Holdings","3391.T","6818862554","15.0496","Japan"
"2699","POOLCORP","POOL","6817887744","187.61","United States"
"2700","Copenhagen Airport","KBHL.CO","6800658722","866.539","Denmark"
"2701","Kandenko","1942.T","6799179060","34.1643","Japan"
"2702","Elisa","ELISA.HE","6784468221","42.2512","Finland"
"2703","WEX","WEX","6778832384","198.9","United States"
"2704","Mycronic","MYCR.ST","6775691905","34.6991","Sweden"
"2705","ENN Energy","2688.HK","6765513819","6.08489","China"
"2706","McDonald's Japan","2702.T","6764454511","50.8764","Japan"
"2707","Suzlon","SUZLON.NS","6763243453","0.492023","India"
"2708","Enact Holdings","ACT","6757322240","49.15","United States"
"2709","Bilibili","BILI","6752590336","16.135","China"
"2710","KION Group","KGX.DE","6742642559","51.4216","Germany"
"2711","Lottomatica Group","LTMC.MI","6741160014","28.9909","Italy"
"2712","TKMS","TKMS.DE","6735786460","106.036","Germany"
"2713","Hera Group","HER.MI","6727160853","4.56304","Italy"
"2714","Gates Industrial Corp","GTES","6726226432","26.57","United States"
"2715","Arabian Internet and Communications Services","7202.SR","6720632299","56.4389","Saudi Arabia"
"2716","Healthcare Realty Trust","HR","6712672256","19.345","United States"
"2717","Aedifica","AED.BR","6711033032","80.4008","Belgium"
"2718","Türkiye Is Bankasi","ISCTR.IS","6708110260","0.268324","Turkey"
"2719","IMCD","IMCD.AS","6706714860","113.587","Netherlands"
"2720","Sulzer","SUN.SW","6698105582","197.831","Switzerland"
"2721","Square Enix","9684.T","6681522527","18.525","Japan"
"2722","Indian Overseas Bank","IOB.NS","6681129391","0.346953","India"
"2723","Erasca","ERAS","6676957696","19.09","United States"
"2724","Camtek","CAMT","6673782784","143.005","Israel"
"2725","Matson","MATX","6667574272","222.97","United States"
"2726","Taylor Morrison","TMHC","6665396224","72.45","United States"
"2727","Shanghai Commercial and Savings Bank","5876.TW","6662065753","1.35992","Taiwan"
"2728","Vipshop","VIPS","6661754880","14.01","China"
"2729","SIG Combibloc","SIGN.SW","6658033420","17.425","Switzerland"
"2730","Essential Properties Realty Trust","EPRT","6656081408","30.695","United States"
"2731","CTS Eventim","EVD.F","6655187328","69.3312","Germany"
"2732","Ingram Micro Holding Corporation","INGM","6654596096","28.85","United States"
"2733","TOTO","5332.T","6651099592","40.4439","Japan"
"2734","Alkem Laboratories","ALKEM.NS","6646747068","55.5911","India"
"2735","Torrent Power","TORNTPOWER.NS","6646739512","13.1905","India"
"2736","Cleveland-Cliffs","CLF","6638233600","11.635","United States"
"2737","Bosideng","3998.HK","6635938222","0.568944","Hong Kong"
"2738","Ingredion","INGR","6633069568","105.18","United States"
"2739","Remgro Limited","REM.JO","6631981300","11.926","South Africa"
"2740","Avanza Bank","AZA.ST","6631829657","42.0191","Sweden"
"2741","Cipher Mining","CIFR","6630115840","15.975","United States"
"2742","Sekisui Chemical","4204.T","6629281531","16.4172","Japan"
"2743","Kalyan Jewellers India","KALYANKJIL.NS","6609900672","6.40029","India"
"2744","Covivio","COV.PA","6609201592","59.718","France"
"2745","MSC Industrial Direct","MSM","6608292352","118.33","United States"
"2746","Zalando","ZAL.DE","6607841349","27.0566","Germany"
"2747","GDS Holdings","GDS","6598434816","32.93","China"
"2748","The Gunma Bank","8334.T","6597375664","17.4303","Japan"
"2749","Strathcona Resources","SCR.TO","6597329797","30.7947","Canada"
"2750","F.N.B. Corporation","FNB","6596012032","18.53","United States"
"2751","Alibaba Health Information Technology","0241.HK","6592612768","0.407573","Hong Kong"
"2752","D-Wave Quantum","QBTS","6590324736","17.695","Canada"
"2753","Global-e","GLBE","6589360640","39.23","Israel"
"2754","Lantheus Holdings","LNTH","6589245440","100.95","United States"
"2755","SBI Card","SBICARD.NS","6584553747","6.91914","India"
"2756","PGE Polska","PGE.WA","6583600445","2.93424","Poland"
"2757","Gamuda Berhad","5398.KL","6582579316","1.10144","Malaysia"
"2758","Croda International","CRDA.L","6572537098","47.1643","United Kingdom"
"2759","Tokyo Ohka Kogyo Co., Ltd.","4186.T","6570578864","54.7658","Japan"
"2760","Schaeffler India","SCHAEFFLER.NS","6570186276","42.0348","India"
"2761","Southwest Gas","SWX","6569390080","90.68","United States"
"2762","Uranium Energy","UEC","6566956544","13.27","United States"
"2763","Mobility Global, Inc.","MBGL","6566400000","20.52","United States"
"2764","Motilal Oswal Financial Services","MOTILALOFS.NS","6564144588","10.9012","India"
"2765","Ringkjøbing Landbobank","RILBA.CO","6563628953","277.261","Denmark"
"2766","Bupa Arabia for Cooperative Insurance Company","8210.SR","6560127898","43.7342","Saudi Arabia"
"2767","Melisron","MLSR.TA","6557782155","137.476","Israel"
"2768","Aaon","AAON","6553415680","79.48","United States"
"2769","Descartes Systems Group","DSGX","6551063040","76.45","Canada"
"2770","Fastighets AB Balder","BALD-B.ST","6543264597","5.59134","Sweden"
"2771","Qube Holdings","QUB.AX","6540434533","3.66597","Australia"
"2772","Ypsomed","YPSN.SW","6533173768","496.934","Switzerland"
"2773","Asahi Intecc","7747.T","6531326170","24.6164","Japan"
"2774","Abercrombie &amp; Fitch","ANF","6525463552","146.865","United States"
"2775","Plains GP","PAGP","6524012032","28","United States"
"2776","Umicore","UMI.VI","6522865578","27.1032","Belgium"
"2777","Yapı Kredi","YKBNK.IS","6509967426","0.770679","Turkey"
"2778","Installed Building Products","IBP","6509506048","244.91","United States"
"2779","Plexus","PLXS","6508842496","244.215","United States"
"2780","AutoNation","AN","6508680704","196.87","United States"
"2781","StepStone Group","STEP","6504539648","50.39","United States"
"2782","EnPro Industries","NPO","6499430400","307.045","United States"
"2783","RaiaDrogasil","RADL3.SA","6493903485","3.71391","Brazil"
"2784","Lyft","LYFT","6493858304","17.155","United States"
"2785","BOC Aviation","2588.HK","6493821871","9.35695","Singapore"
"2786","Scout24 (ImmoScout24)","G24.F","6487690785","93.1601","Germany"
"2787","Hoa Phat Group","HPG.VN","6483948554","0.844763","Vietnam"
"2788","Amdocs","DOX","6482083328","62.08","United States"
"2789","Radico Khaitan","RADICO.NS","6479893438","48.3638","India"
"2790","LKQ Corporation","LKQ","6479383552","25.61","United States"
"2791","Duolingo","DUOL","6479238656","139.06","United States"
"2792","Greatland Resources","GGP.L","6478098822","9.60191","Australia"
"2793","Azimut Holding","AZM.MI","6475032775","45.6537","Italy"
"2794","Qatar Gas Transport Company","QGTS.QA","6474802451","1.16868","Qatar"
"2795","United Bankshares","UBSI","6472318976","47.53","United States"
"2796","INWIT","INW.MI","6467394537","7.16616","Italy"
"2797","H&amp;R Block","HRB","6466530304","52.46","United States"
"2798","Lundbeck","HLUN-B.CO","6463482561","6.51463","Denmark"
"2799","Cochlear","COH.AX","6461069576","98.7947","Australia"
"2800","GPT Group","GPT.AX","6459009675","3.37183","Australia"
"2801","Posco International","047050.KS","6458653210","37.893","South Korea"
"2802","Uniqa Insurance Group","UN9.F","6451507742","20.8343","Austria"
"2803","Spring Airlines","601021.SS","6449446564","6.59228","China"
"2804","Construction Partners","ROAD","6448566272","113.62","United States"
"2805","Magnolia Oil &amp; Gas","MGY","6447863808","26.59","United States"
"2806","Compagnie de l'Odet","ODET.PA","6442743724","1528.78","France"
"2807","CD Projekt","CDR.WA","6442520997","64.4829","Poland"
"2808","Onex","ONEX.TO","6439261393","84.5197","Canada"
"2809","Codan Limited","CDA.AX","6439161457","35.4043","Australia"
"2810","Fonterra","FCG.NZ","6436596407","2.67491","New Zealand"
"2811","General Insurance Corporation of India","GICRE.NS","6431745409","3.66607","India"
"2812","TAL Education Group","TAL","6428987392","11.59","China"
"2813","Grupo Aval","AVAL","6428546048","5.415","Colombia"
"2814","Toyo Suisan","2875.T","6428365346","66.8733","Japan"
"2815","Godrej Properties","GODREJPROP.NS","6425714713","21.3318","India"
"2816","Sinopharm","1099.HK","6417195833","2.05636","China"
"2817","SFS Group","SFSN.SW","6417000590","165.066","Switzerland"
"2818","Glanbia plc","GL9.IR","6415435666","26.5439","Ireland"
"2819","Definity Financial","DFY.TO","6415123116","53.4078","Canada"
"2820","Chailease Holding","5871.TW","6414604062","3.67462","Taiwan"
"2821","MGIC Investment","MTG","6410150912","31.25","United States"
"2822","Liquidia Corporation","LQDA","6402123264","71.525","United States"
"2823","Ormat Technologies","ORA","6397834240","104.035","United States"
"2824","National Storage Affiliates Trust","NSA","6391416320","43.41","United States"
"2825","Perseus Mining","PRU.AX","6388587363","4.81383","Australia"
"2826","Pepco Group","PCO.WA","6380687590","11.6855","United Kingdom"
"2827","Cogent Biosciences","COGT","6380513280","36.77","United States"
"2828","Argan","AGX","6379318272","455.04","United States"
"2829","MatsukiyoCocokara","3088.T","6367144119","16.1882","Japan"
"2830","Belite Bio","BLTE","6350514688","157.69","United States"
"2831","Zheshang Securities","601878.SS","6348809826","1.38808","China"
"2832","GATX","GATX","6347143168","179.78","United States"
"2833","Vontobel","VONN.SW","6336229086","112.567","Switzerland"
"2834","Rush Street Interactive","RSI","6325998080","25.9","United States"
"2835","Yang Ming","2609.TW","6317373976","1.80905","Taiwan"
"2836","Seiko Epson Corporation","6724.T","6303786268","19.673","Japan"
"2837","Rayonier","RYN","6303691776","21.065","United States"
"2838","e.l.f. Beauty","ELF","6301758976","106.795","United States"
"2839","Surgutneftegas","SNGS.ME","6290682871","0.18","Russia"
"2840","Transocean","RIG","6288035328","5.63","Switzerland"
"2841","APL Apollo","APLAPOLLO.NS","6283562965","22.6306","India"
"2842","Weatherford International","WFRD","6280361472","87.61","United States"
"2843","Grupo Catalana Occidente","GCO.MC","6280031254","53.2104","Spain"
"2844","VSE Corporation","VSEC","6276029440","223.625","United States"
"2845","ZOZO","3092.T","6272978109","7.1641","Japan"
"2846","Centessa Pharmaceuticals","CNTA","6266618368","40.5","United Kingdom"
"2847","Temenos","TEMN.SW","6262367363","93.0201","Switzerland"
"2848","Amneal Pharmaceuticals","AMRX","6262362624","17.98","United States"
"2849","Cencosud","CENCOSUD.SN","6261675130","2.27366","Chile"
"2850","Hanjin Kal","180640.KS","6255798692","92.9642","South Korea"
"2851","FirstService","FSV","6250890752","143.14","Canada"
"2852","abrdn","ABDN.L","6248727676","3.39467","United Kingdom"
"2853","AT&amp;S Austria Technologie &amp; Systemtechnik","ATS.VI","6247145051","160.802","Austria"
"2854","UOL Group","U14.SI","6245093690","7.36977","Singapore"
"2855","IG Group","IGG.L","6245062127","18.9454","United Kingdom"
"2856","Travere Therapeutics","TVTX","6234898944","66.145","United States"
"2857","CSN Mineração","CMIN3.SA","6234757342","1.15841","Brazil"
"2858","Vopak","VPK.AS","6230551884","54.6726","Netherlands"
"2859","HORIBA","6856.T","6218639547","147.987","Japan"
"2860","RBL Bank","RBLBANK.NS","6218258466","4.00935","India"
"2861","International Games System","3293.TWO","6213087552","22.0477","Taiwan"
"2862","Sealed Air","SEE","6211799552","42.15","United States"
"2863","NextVision Stabilized Systems","NXSN.TA","6207197026","67.0723","Israel"
"2864","Ather Energy","ATHERENERG.NS","6205737506","15.6663","India"
"2865","Essent Group","ESNT","6204174336","69.03","Bermuda"
"2866","LondonMetric Property","LMP.L","6199049186","2.64801","United Kingdom"
"2867","Credit Acceptance","CACC","6197466112","597.025","United States"
"2868","Stevanato Group","STVN","6194501632","22.68","Italy"
"2869","Genpact","G","6185346560","36.81","Bermuda"
"2870","Sensata Technologies","ST","6180908032","42.47","United States"
"2871","Glacier Bancorp","GBCI","6174650368","47.42","United States"
"2872","Hanwha Corporation","000880.KS","6172026817","85.8186","South Korea"
"2873","Dolby","DLB","6166216704","65.83","United States"
"2874","SDIC Capital","600061.SS","6164360938","0.964071","China"
"2875","Enel Chile","ENIC","6162740224","4.455","Chile"
"2876","ATCO","ACO-X.TO","6161534276","54.7558","Canada"
"2877","Schneider National","SNDR","6158320640","35.13","United States"
"2878","Lumen Technologies","LUMN","6157728768","5.97","United States"
"2879","Jindal Stainless","JSL.NS","6157470635","7.47311","India"
"2880","Gecina","GFC.PA","6157320732","83.1391","France"
"2881","Berger Paints","BERGEPAINT.NS","6156219020","5.27976","India"
"2882","Eagle Materials","EXP","6155617280","200.67","United States"
"2883","JBT Marel Corporation","JBTM","6154665472","118.64","United States"
"2884","PrairieSky Royalty","PSK.TO","6152682000","26.4696","Canada"
"2885","Fomento de Construcciones y Contratas","FCC.MC","6151325004","13.0064","Spain"
"2886","Xenon Pharmaceuticals","XENE","6145009664","63.455","Canada"
"2887","Technip Energies","TE.PA","6143531573","35.4696","France"
"2888","Qualys","QLYS","6141996032","177.54","United States"
"2889","Landstar System","LSTR","6138510848","180.88","United States"
"2890","Castellum","CAST.ST","6138249739","13.9941","Sweden"
"2891","Kiniksa Pharmaceuticals","KNSA","6135028224","78.63","Bermuda"
"2892","Elis","ELIS.PA","6129959576","28.5714","France"
"2893","Brookfield Renewable","BEPC","6126631424","33.01","United States"
"2894","Genting Singapore","G13.SI","6120015900","0.507311","Singapore"
"2895","Nexi","NEXI.MI","6119991625","5.20974","Italy"
"2896","Terns Pharmaceuticals","TERN","6116845568","52.95","United States"
"2897","PTC Therapeutics","PTCT","6112668672","73.24","United States"
"2898","Bausch + Lomb","BLCO","6111097856","17.11","Canada"
"2899","The Trade Desk","TTD","6110792192","13.005","United States"
"2900","Valmet","VALMT.HE","6105351718","33.1391","Finland"
"2901","Kodiak Gas Services","KGS","6089495552","60.23","United States"
"2902","Howden Joinery","HWDN.L","6086731179","11.1524","United Kingdom"
"2903","Dar Al Arkan Real Estate Development Company","4300.SR","6083899293","5.63324","Saudi Arabia"
"2904","Barratt Redrow","BTRW.L","6077781085","4.38206","United Kingdom"
"2905","Churchill Downs","CHDN","6074376192","87.15","United States"
"2906","Starwood Property Trust","STWD","6066809344","15.975","United States"
"2907","Intercorp Financial Services","IFS","6064697856","54.935","Peru"
"2908","Nestle Malaysia","4707.KL","6063650109","25.8578","Malaysia"
"2909","Copa Holdings","CPA","6058045952","133.95","Panama"
"2910","BBB Foods","TBBB","6055868416","50.23","Mexico"
"2911","China Resources Sanjiu Medical &amp; Pharmaceutical","000999.SZ","6053727194","3.63758","China"
"2912","OPAP (Organization of Football Prognostics)","OPAP.AT","6052397365","16.8777","Greece"
"2913","CLEAR Secure","YOU","6045964288","44.525","United States"
"2914","Caesars Entertainment","CZR","6045401600","29.675","United States"
"2915","MISUMI Group","9962.T","6043443834","22.9979","Japan"
"2916","Red Rock Resorts","RRR","6043282944","59.255","United States"
"2917","Australian Foundation Investment Company","AFI.AX","6039187685","4.92144","Australia"
"2918","Hancock Whitney","HWC","6036785152","75.25","United States"
"2919","Luberef (Saudi Aramco Base Oil Company)","2223.SR","6032198269","35.8503","Saudi Arabia"
"2920","Longfor Group","0960.HK","6031582153","0.878929","China"
"2921","Porto Seguro","PSSA3.SA","6027337345","9.40314","Brazil"
"2922","Shenzhen New Industries Biomedical Engineering","300832.SZ","6026006752","7.66942","China"
"2923","Kuala Lumpur Kepong","2445.KL","6025168890","5.41024","Malaysia"
"2924","Tokyu Fudosan Holdings","3289.T","6024653306","8.44698","Japan"
"2925","Albertsons","ACI","6020708352","12.4055","United States"
"2926","Coromandel","COROMANDEL.NS","6019441249","20.4367","India"
"2927","Macy's","M","6018308096","22.88","United States"
"2928","British Land","BLND.L","6016326046","5.86995","United Kingdom"
"2929","Hankook Tire","161390.KS","6013678957","49.297","South Korea"
"2930","Convatec Group","CTEC.L","6012533066","3.09546","United Kingdom"
"2931","Warehouses De Pauw","WDP.BR","6009391394","24.9825","Belgium"
"2932","EFG International","EFGN.SW","6004266596","19.9568","Switzerland"
"2933","Ithaca Energy","ITH.L","5998345081","3.63404","United Kingdom"
"2934","Definium Therapeutics","DFTX","5995452928","44.62","United States"
"2935","RLI Corp.","RLI","5991857152","65.29","United States"
"2936","37 Interactive Entertainment","002555.SZ","5986848712","2.70624","China"
"2937","Ezdan Holding Group","ERES.QA","5982691133","0.225549","Qatar"
"2938","Westports","5246.KL","5980922515","1.74043","Malaysia"
"2939","Home BancShares","HOMB","5980484096","29.895","United States"
"2940","China Longyuan Power Group","0916.HK","5977322662","0.715006","China"
"2941","Leapmotor","9863.HK","5971705998","5.11539","China"
"2942","Jabal Omar Development","4250.SR","5971617397","5.06059","Saudi Arabia"
"2943","Enova International","ENVA","5969384448","239.75","United States"
"2944","JCDecaux","DEC.PA","5960569432","28.0121","France"
"2945","Ricoh Company","7752.T","5958771963","10.6019","Japan"
"2946","RadNet","RDNT","5951124992","75.62","United States"
"2947","Soochow Securities","601555.SS","5943371330","1.19616","China"
"2948","Madras Rubber Factory","MRF.NS","5935697752","1399.55","India"
"2949","Crocs","CROX","5932723712","123.74","United States"
"2950","Shanghai BOCHU Electronic Technology","688188.SS","5931159808","14.6247","China"
"2951","City Developments","C09.SI","5930667593","6.6383","Singapore"
"2952","Casella Waste Systems","CWST","5922979328","93.07","United States"
"2953","Teleflex","TFX","5920271360","139.72","United States"
"2954","Mercury NZ","MCY.AX","5919353094","4.15381","New Zealand"
"2955","Tritax Big Box REIT","BBOX.L","5918015670","2.18015","United Kingdom"
"2956","Abbott India","ABBOTINDIA.NS","5914710185","278.348","India"
"2957","TXNM Energy","TXNM","5913816064","57.39","United States"
"2958","Mirum Pharmaceuticals","MIRM","5912739840","96.96","United States"
"2959","EVN Group","EVN.F","5910985616","33.1508","Austria"
"2960","Fertiglobe","FERTIGLB.AE","5899804598","0.71","United Arab Emirates"
"2961","Linde India","LINDEINDIA.NS","5898701601","69.1652","India"
"2962","Severstal","CHMF.ME","5898280081","7.23","Russia"
"2963","Ozon","OZON.ME","5898157062","27.7","United States"
"2964","Montage Gold Corp.","MAU.TO","5895120801","14.5828","Canada"
"2965","Dentsu","4324.T","5891765777","22.6968","Japan"
"2966","Kyushu Electric Power Company","9508.T","5876879717","12.4305","Japan"
"2967","PTT Global Chemical","PTTGC.BK","5876625245","1.30335","Thailand"
"2968","The Fertilisers And Chemicals Travancore Limited","FACT.NS","5875412766","9.08","India"
"2969","LS Corp.","006260.KS","5875360664","211.84","South Korea"
"2970","NICE","NICE","5873781760","100.24","Israel"
"2971","Portland General Electric","POR","5873330688","49.94","United States"
"2972","Bank of East Asia","0023.HK","5871723987","2.22092","Hong Kong"
"2973","Corporación Financiera Alba","ALB.MC","5871019284","97.9515","Spain"
"2974","ISU Petasys","007660.KS","5870702740","79.9723","South Korea"
"2975","Tokyu","9005.T","5860120565","10.4011","Japan"
"2976","Boyd Gaming","BYD","5857842688","80.625","United States"
"2977","SmartSens Technology","688213.SS","5854292241","14.5518","China"
"2978","Volvo Car","VOLCAR-B.ST","5853443932","1.9744","Sweden"
"2979","GUANGHUI ENERGY","600256.SS","5848518902","0.914974","China"
"2980","Birkenstock","BIRK","5845468160","35.4","Germany"
"2981","Associated Banc-Corp","ASB","5843008512","30.94","United States"
"2982","Galaxycore","688728.SS","5842276333","2.24652","China"
"2983","Hamilton Lane","HLNE","5838638592","105.8","United States"
"2984","Valaris","VAL","5831913472","83.99","United Kingdom"
"2985","BIG Shopping Centers","BIG.TA","5830119859","226.323","Israel"
"2986","Capricorn Metals","CMM.AX","5827895402","12.7556","Australia"
"2987","TBS Holdings","9401.T","5820679164","37.0312","Japan"
"2988","Telecom Argentina","TEO","5819265024","13.51","Argentina"
"2989","Atlantic Union Bankshares","AUB","5815422976","40.72","United States"
"2990","Beijing Wantai Biological Pharmacy Enterprise","603392.SS","5814532735","4.59868","China"
"2991","Seatrium","5E2.SI","5810440757","1.71463","Singapore"
"2992","Ayala Corporation","AYALY","5804340736","9.2","Philippines"
"2993","Tube Investments of India","TIINDIA.NS","5802990135","29.9784","India"
"2994","Ford Otosan","FROTO.IS","5801895599","1.65339","Turkey"
"2995","Sensient Technologies","SXT","5798544896","136.235","United States"
"2996","MaxLinear","MXL","5798469120","63.935","United States"
"2997","Korean Air Lines","003495.KS","5797960182","15.6985","South Korea"
"2998","Mercury General","MCY","5793650176","104.6","United States"
"2999","Bank of Suzhou","002966.SZ","5793270585","1.29584","China"
"3000","AutoStore Holdings","AUTO.OL","5788243187","1.72091","Norway"
"3001","OpenText","OTEX","5787497472","23.85","Canada"
"3002","Nexstar Media Group","NXST","5778096640","187.55","United States"
"3003","Cemig","CIG","5764274688","2.015","Brazil"
"3004","PT Bumi Resources Minerals Tbk","BRMS.JK","5763578972","0.0406504","Indonesia"
"3005","Seiko Group","8050.T","5759648699","70.449","Japan"
"3006","Max Financial Services","MFSL.NS","5757510204","16.7711","India"
"3007","LB Group (LomonBillions)","002601.SZ","5757099764","2.41464","China"
"3008","Ameris Bancorp","ABCB","5755787776","85.77","United States"
"3009","Virtu Financial","VIRT","5747932672","65.095","United States"
"3010","Floor &amp; Decor","FND","5747263488","53.97","United States"
"3011","Sumitomo Chemical","4005.T","5747138537","3.47917","Japan"
"3012","Ligand Pharmaceuticals","LGND","5745442304","288.2","United States"
"3013","Presight AI","PRESIGHT.AE","5742467273","1.02","United Arab Emirates"
"3014","Monotaro","3064.T","5741243397","11.6746","Japan"
"3015","AUTO1","AG1.F","5741219019","26.0778","Germany"
"3016","Bank of Changsha","601577.SS","5737811421","1.42676","China"
"3017","Georg Fischer","GF.SW","5736597362","69.9978","Switzerland"
"3018","Frontdoor","FTDR","5732612608","83.21","United States"
"3019","Capital Securities Corporation","601136.SS","5729773596","2.09626","China"
"3020","XTB S.A.","XTB.WA","5725327606","48.7686","Poland"
"3021","The Cheesecake Factory","CAKE","5724960768","115.05","United States"
"3022","CRISPR Therapeutics","CRSP","5724205056","59.2","Switzerland"
"3023","SG Holdings","9143.T","5721950885","9.58872","Japan"
"3024","Balchem","BCPC","5721466880","179.48","United States"
"3025","Sonoco","SON","5720907776","57.86","United States"
"3026","Silergy","6415.TW","5720400503","14.7299","China"
"3027","MarketAxess","MKTX","5719548928","162.52","United States"
"3028","Taiwan Cement","1101.TW","5718728656","0.763191","Taiwan"
"3029","Samsung Securities","016360.KS","5704196607","63.8768","South Korea"
"3030","Auto Trader Group","AUTO.L","5699935723","7.33336","United Kingdom"
"3031","JD Sports Fashion","JD.L","5696797306","1.19494","United Kingdom"
"3032","Halkbank","HALKB.IS","5692462911","0.792295","Turkey"
"3033","Cenergy Holdings","CENER.BR","5690873347","26.8003","Belgium"
"3034","USS Co., Ltd.","4732.T","5688109847","12.5278","Japan"
"3035","iSoftStone Information Technology","301236.SZ","5687650274","5.49431","China"
"3036","Wyndham Hotels &amp; Resorts","WH","5686797824","76.63","United States"
"3037","Balfour Beatty","BBY.L","5685770717","12.0772","United Kingdom"
"3038","Sphere Entertainment","SPHR","5669860864","157.875","United States"
"3039","Whitbread","WTB.L","5667086099","33.9059","United Kingdom"
"3040","Daewoo Engineering &amp; Construction","047040.KS","5664403500","13.7858","South Korea"
"3041","RTL Group","RRTL.F","5661194410","37.5204","Luxembourg"
"3042","Contact Energy","CEN.NZ","5657656399","5.28443","New Zealand"
"3043","SOL S.p.A.","SOL.MI","5654217799","62.3398","Italy"
"3044","Air Canada","AC.TO","5652840066","20.1766","Canada"
"3045","EXL Service","EXLS","5652113920","37.28","United States"
"3046","Flagstar Bank","FLG","5651488768","13.615","United States"
"3047","ChinaLin Securities","002945.SZ","5643829808","2.09031","China"
"3048","BGC Group","BGC","5636655616","11.855","United States"
"3049","Hindustan Copper","HINDCOPPER.NS","5636293472","5.82849","India"
"3050","Rithm Capital","RITM","5631535104","10.085","United States"
"3051","SOLV Energy","MWH","5621291008","27.775","United States"
"3052","Phillips Edison &amp; Company","PECO","5611891712","39.675","United States"
"3053","Emmi AG","EMMN.SW","5610481444","1048.73","Switzerland"
"3054","Axfood","AXFO.ST","5609159484","25.9823","Sweden"
"3055","Blue Owl Capital Corporation","OBDC","5600806400","11.285","United States"
"3056","Yancoal","YAL.AX","5598534175","4.2399","Australia"
"3057","WPP","WPP","5593228288","25.93","United Kingdom"
"3058","Black Hills","BKH","5590880256","73.32","United States"
"3059","Altius Telecom Infrastructure Trust","ALTIUSINVIT.BO","5589976841","1.83434","India"
"3060","Xinjiang Daqo New Energy Co.,Ltd.","688303.SS","5586895316","2.61995","China"
"3061","Archrock","AROC","5586274816","31.86","United States"
"3062","Sotera Health","SHC","5580504064","19.555","United States"
"3063","Charoen Pokphand Foods","CPF.BK","5579257636","0.72561","Thailand"
"3064","Axos Financial","AX","5570716160","98.19","United States"
"3065","Core Scientific","CORZ","5567223296","17.325","United States"
"3066","The Company for Cooperative Insurance","8010.SR","5561896291","37.1288","Saudi Arabia"
"3067","EPAM Systems","EPAM","5560044544","107.78","United States"
"3068","GXO Logistics","GXO","5556467712","48.45","United States"
"3069","Cirrus Logic","CRUS","5554028032","110.82","United States"
"3070","AAR","AIR","5552901632","137.93","United States"
"3071","Kurita Water Industries Ltd.","6370.T","5552862042","51.5602","Japan"
"3072","Sectra AB","SECT-B.ST","5552266375","28.8179","Sweden"
"3073","KEI Industries","KEI.NS","5551532264","58.0701","India"
"3074","RENK Group","R3NK.DE","5546492571","55.4649","Germany"
"3075","Pegasystems","PEGA","5537158656","33.68","United States"
"3076","Logista (Compañía de Distribución Integral Logista)","LOG.MC","5531622974","41.855","Spain"
"3077","Fortune Brands Innovations","FBIN","5529846272","46.355","United States"
"3078","Open House Group","3288.T","5526464445","50.18","Japan"
"3079","Netskope","NTSK","5521636352","13.67","United States"
"3080","MakeMyTrip","MMYT","5519362560","58.68","India"
"3081","Commvault","CVLT","5514613760","133.06","United States"
"3082","National Marine Dredging","NMDC.AE","5513621635","6.53","United Arab Emirates"
"3083","Gek Terna","GEKTERNA.AT","5512648190","54.5327","Greece"
"3084","Selective Insurance","SIGI","5510739456","92.51","United States"
"3085","HYBE","352820.KS","5502206391","129.269","South Korea"
"3086","Warrior Met Coal","HCC","5501185536","104.185","United States"
"3087","Remitly","RELY","5499551232","25.98","United States"
"3088","Vallourec","VK.PA","5498867981","20.6828","France"
"3089","Versant Media Group","VSNT","5498609664","39.51","United States"
"3090","New Jersey Resources","NJR","5498547712","54.19","United States"
"3091","ADES Holding Company","2382.SR","5475899381","4.95938","Saudi Arabia"
"3092","Ramelius Resources","RMS.AX","5475294944","2.89834","Australia"
"3093","K92 Mining","KNT.TO","5474815011","22.2815","Canada"
"3094","Fosun","0656.HK","5473801549","0.673548","China"
"3095","VF Corporation","VFC","5470663680","13.9155","United States"
"3096","RingCentral","RNG","5470488576","65.51","United States"
"3097","ACM Research","ACMR","5466417664","78.485","United States"
"3098","Main Street Capital","MAIN","5465102336","58.445","United States"
"3099","Zhuzhou CRRC Times Electric","3898.HK","5459233457","4.10252","Hong Kong"
"3100","Softcat","SCT.L","5457991063","27.7993","United Kingdom"
"3101","Jarir","4190.SR","5452656530","4.54388","Saudi Arabia"
"3102","Gujarat Fluorochemicals","FLUOROCHEM.NS","5448745257","49.6017","India"
"3103","Japan Real Estate Investment","8952.T","5446486814","747.776","Japan"
"3104","Granite Construction","GVA","5443627008","122.53","United States"
"3105","PriceSmart","PSMT","5439784448","176.27","United States"
"3106","Grifols","GRFS","5437837824","7.99","Spain"
"3107","Danieli &amp; C. Officine Meccaniche","DAN.MI","5437593239","75.973","Italy"
"3108","Novanta","NOVT","5433278464","143.67","United States"
"3109","JB Hi-Fi","JBH.AX","5421597573","49.5875","Australia"
"3110","Mercury Systems","MRCY","5420670976","90.14","United States"
"3111","Kite Realty","KRG","5419240448","26.41","United States"
"3112","The 77 Bank","8341.T","5419096347","24.2902","Japan"
"3113","Aalberts","AALB.AS","5417193780","50.8273","Netherlands"
"3114","Tokyo Electric Power Company","9501.T","5412183259","3.37691","Japan"
"3115","HELLENiQ ENERGY","ELPE.AT","5407941149","17.7115","Greece"
"3116","TPG Telecom","TPG.AX","5407871756","2.75486","Australia"
"3117","Erdemir","EREGL.IS","5406739125","0.80435","Turkey"
"3118","Fincantieri","FCT.MI","5403517975","15.0431","Italy"
"3119","Colruyt","COLR.BR","5403296638","45.444","Belgium"
"3120","Bank OZK","OZK","5400632832","49.53","United States"
"3121","Mirae Asset Securities Co., Ltd.","006805.KS","5400200155","9.28198","South Korea"
"3122","ADT","ADT","5395180032","7.385","United States"
"3123","Saigon Thuong Tin Commercial Bank","STB.VN","5387981515","2.85802","Vietnam"
"3124","Hisense Visual Technology","600060.SS","5385692529","4.12706","China"
"3125","MiniMed Group","MMED","5385037312","19.14","United States"
"3126","Vishal Mega Mart Limited","VMM.NS","5382997678","1.14903","India"
"3127","Central Retail Corporation","CRC.BK","5378254923","0.891768","Thailand"
"3128","AAK","AAK.ST","5378185282","20.6577","Sweden"
"3129","Hangzhou Greatstar Industrial","002444.SZ","5377506623","4.50197","China"
"3130","Tokyo Metro","9023.T","5374142976","9.25624","Japan"
"3131","Taiwan Business Bank","2834.TW","5372251311","0.516646","Taiwan"
"3132","Rotork","ROR.L","5372131297","6.59622","United Kingdom"
"3133","Bechtle","BC8.F","5367700050","42.6008","Germany"
"3134","West Fraser Timber","WFG","5366160896","68.53","Canada"
"3135","Sabra Health Care REIT","SBRA","5359608320","20.98","United States"
"3136","Klarna","KLAR","5357868032","14.17","Sweden"
"3137","Cactus Inc","WHD","5355985408","66.8","United States"
"3138","Klaviyo","KVYO","5354115584","17.89","United States"
"3139","Outfront Media","OUT","5352750080","30.39","United States"
"3140","Seibu Holdings","9024.T","5351245297","21.0532","Japan"
"3141","CNX Resources","CNX","5350381568","36.165","United States"
"3142","Nissin Foods","2897.T","5350214604","18.6693","Japan"
"3143","Rigetti Computing","RGTI","5348643840","16.025","United States"
"3144","Merit Medical","MMSI","5347366912","89.555","United States"
"3145","Hanwha Solutions","009830.KS","5342905680","23.7463","South Korea"
"3146","SAIC (Science Applications International Corp)","SAIC","5336180224","126.22","United States"
"3147","China State Construction International","3311.HK","5329997491","1.00905","Hong Kong"
"3148","DEME Group","DEME.BR","5326163737","211.373","Belgium"
"3149","Americana Restaurants International","AMR.AE","5321541445","0.63","United Arab Emirates"
"3150","HD Bank (Ho Chi Minh City Development Joint Stock Commercial Bank)","HDB.VN","5321293977","1.06314","Vietnam"
"3151","Shenzhen Salubris Pharmaceuticals","002294.SZ","5312441070","4.76531","China"
"3152","Harbour Energy","HBR.L","5311719031","3.39739","United Kingdom"
"3153","Rumo","RAIL3.SA","5311620665","2.86208","Brazil"
"3154","Laureate Education","LAUR","5311615488","38.56","United States"
"3155","Navitas Petroleum","NVPT.TA","5309314574","44.2886","Israel"
"3156","Colgate-Palmolive India","COLPAL.NS","5302753482","19.4964","India"
"3157","Burberry","BRBY.L","5300544470","14.7973","United Kingdom"
"3158","Colliers International","CIGI","5300488192","103.72","Canada"
"3159","Vail Resorts","MTN","5297992704","148.68","United States"
"3160","ACEA","ACE.MI","5295122172","24.9126","Italy"
"3161","ACI Worldwide","ACIW","5285006848","52.35","United States"
"3162","Hong Leong Financial Group","1082.KL","5284932448","4.65937","Malaysia"
"3163","Mapletree Commercial Trust","N2IU.SI","5281954112","0.998891","Singapore"
"3164","BETA Technologies","BETA","5270701056","21.74","United States"
"3165","Solaris Energy Infrastructure","SEI","5269551104","52.3675","United States"
"3166","First National of Nebraska","FINN","5269485056","19500","United States"
"3167","Kiwoom Securities","039490.KS","5268899968","201.013","South Korea"
"3168","PCCW","0008.HK","5267904014","0.679926","Hong Kong"
"3169","X-Energy, Inc.","XE","5267681280","18.325","United States"
"3170","Hirose Electric","6806.T","5267488183","160.973","Japan"
"3171","Persimmon","PSN.L","5264582541","16.3953","United Kingdom"
"3172","IQM Quantum Computers","IQMX","5261714432","11.1","Finland"
"3173","Golar LNG","GLNG","5257995264","51.5","Bermuda"
"3174","Japan Metropolitan Fund Investment","8953.T","5256779576","730.838","Japan"
"3175","Piper Sandler","PIPR","5255042560","74.36","United States"
"3176","IONOS Group","IOS.DE","5255041557","38.942","Germany"
"3177","DKSH Holding","DKSH.SW","5254518041","80.7953","Switzerland"
"3178","Apellis Pharmaceuticals","APLS","5252712960","41.03","United States"
"3179","UBTECH Robotics","9880.HK","5246513514","10.4221","China"
"3180","Parsons","PSN","5239338496","49.055","United States"
"3181","Kingnet Network","002517.SZ","5238203621","2.45183","China"
"3182","Bharat Dynamics","BDL.NS","5237046090","14.2869","India"
"3183","RAKBANK (The National Bank of Ras Al Khaimah)","RAKBANK.AE","5236327077","2.6","United Arab Emirates"
"3184","Mirvac Group","MGR.AX","5235928798","1.32721","Australia"
"3185","CSW Industrials","CSW","5234934784","321.29","United States"
"3186","Adecco Group","ADEN.SW","5231451543","30.1834","Switzerland"
"3187","Asseco","ACP.WA","5230802397","64.9706","Poland"
"3188","Middleby","MIDD","5228608000","115.62","United States"
"3189","APT Medical","688617.SS","5221934795","36.8965","China"
"3190","UPL","UPL.NS","5221336327","6.17702","India"
"3191","UniFirst","UNF","5212039168","288.21","United States"
"3192","Herc Holdings","HRI","5210293760","155.85","United States"
"3193","Reynolds Consumer Products","REYN","5200213504","24.67","United States"
"3194","Fuchs Petrolub","FPE.F","5197564755","39.6761","Germany"
"3195","Jersey Mike's Subs","JMKE","5196858880","22.32","United States"
"3196","Brunswick Corporation","BC","5196753408","80.2","United States"
"3197","Ipca Laboratories","IPCALAB.NS","5192051829","20.465","India"
"3198","Shapir Civil and Marine Engineering","SPEN.TA","5190891293","14.4611","Israel"
"3199","Vault Minerals","VAU.AX","5188044549","5.01471","Australia"
"3200","Mondi","MNDI.L","5184516696","11.7617","United Kingdom"
"3201","LG CNS","064400.KS","5181777597","53.4833","South Korea"
"3202","Sumitomo Forestry","1911.T","5181460417","8.45012","Japan"
"3203","Caliway Biopharmaceuticals","6919.TW","5181149242","3.32915","Taiwan"
"3204","Bank of Qingdao (BQD)","002948.SZ","5178266675","0.889682","China"
"3205","SK Biopharmaceuticals","326030.KS","5177623344","66.1143","South Korea"
"3206","Liberty Broadband","LBRDA","5177567232","35.99","United States"
"3207","CMB.TECH","CMBT","5176628736","17.84","Belgium"
"3208","Yakult","2267.T","5173287227","18.0357","Japan"
"3209","Wacker Chemie","WCH.F","5169242481","104.055","Germany"
"3210","Indofood CBP","ICBP.JK","5168585028","0.443202","Indonesia"
"3211","Acerinox","ACX.MC","5167822579","20.7411","Spain"
"3212","Viohalco","VIO.BR","5164466122","19.9254","Belgium"
"3213","Arkema","AKE.PA","5152830680","68.1659","France"
"3214","Delek Group","DLEKG.TA","5148707492","28.3568","Israel"
"3215","eMemory Technology","3529.TWO","5144765765","68.8844","Taiwan"
"3216","INFICON","IFCN.SW","5139851493","210.242","Switzerland"
"3217","Perimeter Solutions","PRM","5131585024","31.35","United States"
"3218","ESAB","ESAB","5128702976","82.54","United States"
"3219","Tosoh Corporation","4042.T","5126165164","16.6493","Japan"
"3220","Eastern Bankshares","EBC","5115231232","22.385","United States"
"3221","360 One Wam","360ONE.NS","5114528282","12.549","India"
"3222","Yonyou","600588.SS","5114185283","1.49669","China"
"3223","Avis Budget Group","CAR","5113049600","144.74","United States"
"3224","Millrose Properties","MRP","5107634176","30.76","United States"
"3225","White Mountains Insurance Group","WTM","5105673216","2139.2","Bermuda"
"3226","Holmen","HOLM-B.ST","5103026414","33.9219","Sweden"
"3227","Enagás","ENG.MC","5101622925","19.5992","Spain"
"3228","Marex Group","MRX","5096302080","70.85","United Kingdom"
"3229","Xinyi Glass Holdings","0868.HK","5094389536","1.15064","Hong Kong"
"3230","ACADIA Pharmaceuticals","ACAD","5093350912","29.56","United States"
"3231","HASI (HA Sustainable Infrastructure Capita)","HASI","5092930560","39.635","United States"
"3232","Orange Polska","OPL.WA","5091701091","3.87981","Poland"
"3233","Galenica","GALE.SW","5089169060","102.142","Switzerland"
"3234","ONE Gas","OGS","5088215040","80.95","United States"
"3235","Reply","REY.MI","5088154140","140.061","Italy"
"3236","TIS","3626.T","5083931805","24.0957","Japan"
"3237","Beijing Roborock Technology","688169.SS","5080583640","19.5745","China"
"3238","Oil &amp; Gas Development Company","OGDC.PK","5079544927","1.18103","Pakistan"
"3239","Acushnet Holdings","GOLF","5078318592","86.95","United States"
"3240","Rightmove","RMV.L","5077076570","6.92263","United Kingdom"
"3241","The Bidvest Group","BVT.JO","5068725400","14.9129","South Africa"
"3242","United Internet","UTDI.F","5067101406","29.3172","Germany"
"3243","Louisiana-Pacific","LPX","5063853056","72.42","United States"
"3244","Flughafen Wien (Vienna Airport)","FLU.VI","5062582777","60.3589","Austria"
"3245","Coway","021240.KS","5061705017","72.1772","South Korea"
"3246","Renishaw","RSW.L","5056476660","69.4983","United Kingdom"
"3247","Chartwell Retirement Residences","CSH-UN.TO","5053094555","15.3253","Canada"
"3248","FLSmidth","FLS.CO","5049854610","94.6803","Denmark"
"3249","Zegona Communications","ZEG.L","5048203411","22.3863","United Kingdom"
"3250","Zhifei Biological Products","300122.SZ","5046492659","2.10816","China"
"3251","Yanbu National Petrochemical","2290.SR","5045944831","8.97057","Saudi Arabia"
"3252","Kobe Steel","5406.T","5042208242","12.7505","Japan"
"3253","Moelis &amp; Company","MC","5037871104","68.005","United States"
"3254","Choice Hotels International","CHH","5037260800","110.72","United States"
"3255","CNO Financial Group","CNO","5036400640","54.435","United States"
"3256","Murphy Oil","MUR","5030136320","35.09","United States"
"3257","Vinamilk (Vietnam Dairy Products)","VNM.VN","5028319706","2.40595","Vietnam"
"3258","TFS Financial","TFSL","5025814528","17.921","United States"
"3259","Hoshizaki Corporation","6465.T","5024893658","35.8769","Japan"
"3260","Gland Pharma","GLAND.NS","5020137813","30.4312","India"
"3261","SWI Capital Holding","SWICH.AS","5017025993","11.6523","Singapore"
"3262","SLM Corporation (Sallie Mae)","SLM","5015840256","26.68","United States"
"3263","Nomura Real Estate Holdings","3231.T","5015744865","5.8718","Japan"
"3264","Estithmar Holding","IGRD.QA","5011790062","1.11538","Qatar"
"3265","Want Want China","0151.HK","5008235535","0.426708","Hong Kong"
"3266","Garrett Motion","GTX","5007348224","26.85","Switzerland"
"3267","Atlas Arteria","ALX.AX","5005214750","3.44358","Australia"
"3268","Iridium Communications","IRDM","5004508672","47.23","United States"
"3269","Banco Macro","BMA","4992359936","78.08","Argentina"
"3270","Gentex","GNTX","4990034432","23.685","United States"
"3271","Tong Ren Tang","600085.SS","4988833909","3.63758","China"
"3272","Amentum","AMTM","4987930624","20.4","United States"
"3273","Budimex","BDX.WA","4985801476","195.291","Poland"
"3274","Grupo Aeroportuario Centro Norte","OMAB","4970000384","102.96","Mexico"
"3275","Amada Co., Ltd.","6113.T","4969903050","16.1224","Japan"
"3276","Bumrungrad Hospital","BH.BK","4968541524","6.25","Thailand"
"3277","Xometry","XMTR","4964794368","86.61","United States"
"3278","Capstone Infrastructure","CSE-PA.TO","4957771926","16.2759","Canada"
"3279","Champion Homes","SKY","4956319232","91.31","United States"
"3280","Argo Investments","ARG.AX","4955470419","6.58584","Australia"
"3281","Exchange Income Corporation","EIF.TO","4952617804","87.8357","Canada"
"3282","Graham Holdings","GHC","4952557568","1169.46","United States"
"3283","Gruma (Maseca)","GRUMAB.MX","4952157201","14.7593","Mexico"
"3284","Guangzhou Baiyunshan Pharmaceutical Holdings","600332.SS","4952150891","3.04599","China"
"3285","Asia Commercial Joint Stock Bank","ACB.VN","4947835090","0.852425","Vietnam"
"3286","MONETA Money Bank","MONET.PR","4946326003","9.6797","Czech Republic"
"3287","Global Business Travel Group","GBTG","4941652992","9.46","United States"
"3288","Cousins Properties","CUZ","4939634688","30.005","United States"
"3289","Mabanee Company","MABANEE.KW","4935777919","3148.63","Kuwait"
"3290","Celanese","CE","4933214208","44.95","United States"
"3291","Marfrig Global Foods","MBRF3.SA","4931689182","3.53927","Brazil"
"3292","Materion","MTRN","4930092544","236.64","United States"
"3293","Tata Communications","TATACOMM.NS","4928531191","17.2879","India"
"3294","Beijing Enterprises Holdings","0392.HK","4926682230","3.91627","Hong Kong"
"3295","Oceaneering International","OII","4925722624","49.49","United States"
"3296","Paymentus","PAY","4921721856","39.08","United States"
"3297","Metropolitan Bank (Metrobank)","MTPOY","4921521664","21.886","Philippines"
"3298","Spire Inc.","SR","4917298688","83.185","United States"
"3299","Enphase Energy","ENPH","4914459136","37.19","United States"
"3300","Atour Lifestyle","ATAT","4909056000","35.525","China"
"3301","MGM China Holdings","2282.HK","4904981883","1.29224","Macau"
"3302","Masraf Al Rayan","MARK.QA","4902939428","0.527198","Qatar"
"3303","Teleperformance","TEP.PA","4902663618","82.1021","France"
"3304","Hiab Oyj","HIAB.HE","4899356380","75.8564","Finland"
"3305","China Great Wall Securities","002939.SZ","4897853530","1.21401","China"
"3306","Mitsubishi Materials","5711.T","4888332716","37.4076","Japan"
"3307","Bullish","BLSH","4886867968","32.225","Cayman Islands"
"3308","Frasers Group","FRAS.L","4880296357","11.3564","United Kingdom"
"3309","Gulf Bank","GBK.KW","4880107933","1166.88","Kuwait"
"3310","Dyne Therapeutics","DYN","4877816832","26.12","United States"
"3311","Sweco","SWEC-A.ST","4875034135","13.4952","Sweden"
"3312","Greif","GEF","4866202624","85.6","United States"
"3313","Shanghai RAAS Blood Products","002252.SZ","4864934402","0.737931","China"
"3314","Acom","8572.T","4855926920","3.09963","Japan"
"3315","Zhejiang Supor","002032.SZ","4855136970","6.07007","China"
"3316","Haemonetics","HAE","4853170688","106.67","United States"
"3317","Radian Group","RDN","4848843776","36.65","United States"
"3318","Hang Lung Properties","0101.HK","4845270004","0.931231","Hong Kong"
"3319","Boot Barn Holdings","BOOT","4842849280","159.91","United States"
"3320","Icahn Enterprises","IEP","4841331712","6.81","United States"
"3321","MDA Space","MDA","4840834048","29.87","Canada"
"3322","Alaska Airlines","ALK","4837995008","43.35","United States"
"3323","Aixtron","AIXA.F","4836307656","42.8804","Germany"
"3324","First Financial Bankshares","FFIN","4835870208","33.74","United States"
"3325","Federated Hermes","FHI","4832386560","64.725","United States"
"3326","Française des Jeux","FDJ.VI","4832081359","26.1478","France"
"3327","Benefit Systems","BFT.WA","4829614915","1463.06","Poland"
"3328","J. Front Retailing","3086.T","4828510141","19.6354","Japan"
"3329","Core Natural Resources","CNR","4827622400","97.26","United States"
"3330","Sampoerna","HMSP.JK","4826885178","0.0414973","Indonesia"
"3331","St. Galler Kantonalbank","SGKN.SW","4824925804","806.712","Switzerland"
"3332","Mitsui Chemicals","4183.T","4817290504","13.3245","Japan"
"3333","Beijing Yanjing Brewery","000729.SZ","4813929862","1.70795","China"
"3334","Saudi Investment Bank","1030.SR","4813790702","3.85937","Saudi Arabia"
"3335","UFP Industries","UFPI","4812839936","87.25","United States"
"3336","THK Co.","6481.T","4811820880","42.9344","Japan"
"3337","DFI Retail Group","D01.SI","4806955520","3.55","Hong Kong"
"3338","Impinj","PI","4806209024","157.3","United States"
"3339","Mphasis","MPHASIS.NS","4800328564","25.1567","India"
"3340","Far Eastern New Century","1402.TW","4799068086","0.896671","Taiwan"
"3341","Trex","TREX","4797850624","47.1","United States"
"3342","Sichuan Changhong Electric","600839.SS","4793778931","1.03846","China"
"3343","Azbil Corporation","6845.T","4788235387","9.55736","Japan"
"3344","Parabilis Medicines","PBLS","4788148224","38.76","United States"
"3345","KBR","KBR","4788052992","37.98","United States"
"3346","Grupo Simec","SIMECB.MX","4772767132","10.37","Mexico"
"3347","Mapletree Logistics Trust","M44U.SI","4769502678","0.928103","Singapore"
"3348","Skylark Holdings","3197.T","4769401280","20.9716","Japan"
"3349","Changchun High-Tech Industry","000661.SZ","4764885419","11.6804","China"
"3350","Mazda","7261.T","4763764739","7.5499","Japan"
"3351","Bill.com","BILL","4762715648","47.82","United States"
"3352","Alior Bank S.A.","ALR.WA","4761052500","36.4681","Poland"
"3353","Whitehaven Coal","WHC.AX","4760852756","5.78951","Australia"
"3354","SATS","S58.SI","4758452923","3.20117","Singapore"
"3355","COSCO SHIPPING Development","601866.SS","4756278426","0.361526","China"
"3356","Sanwa Holdings","5929.T","4753582374","22.8222","Japan"
"3357","MYR Group","MYRG","4748776960","305.01","United States"
"3358","HASEKO Corporation","1808.T","4747798238","17.9259","Japan"
"3359","Dukhan Bank","DUBK.QA","4745200672","0.906593","Qatar"
"3360","Eagers Automotive Limited","APE.AX","4744197972","16.8018","Australia"
"3361","Varonis Systems","VRNS","4741441024","41.28","United States"
"3362","FPT Corporation","FPT.VN","4738127925","2.7814","Vietnam"
"3363","Mitsubishi Gas Chemical Company","4182.T","4734689065","24.2776","Japan"
"3364","Mercari","4385.T","4734619174","28.6564","Japan"
"3365","Meritage Homes","MTH","4730987008","72.59","United States"
"3366","ServisFirst Bancshares","SFBS","4728078848","43.24","United States"
"3367","National Shipping Company of Saudi Arabia (Bahri)","4030.SR","4724580614","9.59915","Saudi Arabia"
"3368","ARCHION Corporation","543A.T","4720945525","1.71261","Japan"
"3369","Balkrishna Industries","BALKRISIND.NS","4718542862","24.4083","India"
"3370","Supreme Industries","SUPREMEIND.NS","4715514805","37.1061","India"
"3371","Sapporo","2501.T","4715461922","12.0918","Japan"
"3372","Challenger Limited","CGF.AX","4708847604","6.90867","Australia"
"3373","Turkcell","TKC","4705468928","5.405","Turkey"
"3374","RS Group","RS1.L","4705270589","10.2547","United Kingdom"
"3375","CP Axtra","CPAXT.BK","4705164223","0.45122","Thailand"
"3376","United Tractors","UNTR.JK","4703606930","1.34654","Indonesia"
"3377","The Commercial Bank (P.S.Q.C.)","CBQK.QA","4703264497","1.16209","Qatar"
"3378","Alliance Laundry Holdings","ALH","4701361664","23.65","United States"
"3379","Dottikon ES","DESN.SW","4701149261","340.06","Switzerland"
"3380","OHB SE","OHB.DE","4699291578","226.987","Germany"
"3381","International Seaways","INSW","4697054208","94.83","United States"
"3382","Vishay Intertechnology","VSH","4696470016","30.62","United States"
"3383","New Hope Liuhe","000876.SZ","4696043489","1.04292","China"
"3384","Torex Gold Resources","TXG.TO","4692972435","50.683","Canada"
"3385","Regis Resources","RRL.AX","4689188553","6.19126","Australia"
"3386","Oji Holdings","3861.T","4688193560","5.52049","Japan"
"3387","Novolipetsk Steel","NLMK.ME","4687360980","0.8","Russia"
"3388","Thermax","THERMAX.NS","4685921182","41.5977","India"
"3389","Webull","BULL","4683117568","8.84","United States"
"3390","Neptune Insurance Holdings","NP","4682392576","34.12","United States"
"3391","CTF Services Limited","0659.HK","4682159216","1.02563","Hong Kong"
"3392","Yuhan","000100.KS","4678558665","62.5776","South Korea"
"3393","EquipmentShare.com","EQPT","4672252928","18.44","United States"
"3394","LifeStance Health Group","LFST","4666809344","12.215","United States"
"3395","Global Power Synergy","GPSC.BK","4663729186","1.65396","Thailand"
"3396","Taiwan High Speed Rail","2633.TW","4657836874","0.827575","Taiwan"
"3397","Maire Tecnimont","MAIRE.MI","4656792953","14.2624","Italy"
"3398","China Resources Gas Group","1193.HK","4655144945","2.06657","Hong Kong"
"3399","Nippon Television Holdings","9404.T","4654286330","19.0896","Japan"
"3400","Formosa Sumco Technology","3532.TW","4653204689","11.9975","Taiwan"
"3401","Westgold Resources Limited","WGX.AX","4651278735","4.89992","Australia"
"3402","Steadfast Group","SDF.AX","4650915461","4.18251","Australia"
"3403","NOBA Bank Group AB","NOBA.ST","4647196716","9.29439","Sweden"
"3404","PTT Oil and Retail Business","OR.BK","4646341665","0.387195","Thailand"
"3405","California Resources Corporation","CRC","4645724672","52.305","United States"
"3406","Yamato Kogyo","5444.T","4644318984","77.7261","Japan"
"3407","USA Rare Earth","USAR","4643564032","18.975","United States"
"3408","Centerra Gold","CGAU","4640788992","23.725","Canada"
"3409","Griffon Corporation","GFF","4640785920","101.18","United States"
"3410","Tamarack Valley Energy","TVE.TO","4639926686","9.76753","Canada"
"3411","Parkin PJSC","PARKIN.AE","4639146623","1.54667","United Arab Emirates"
"3412","Man Group","EMG.L","4637739959","4.18078","Jersey"
"3413","Dave Inc.","DAVE","4629738496","362.96","United States"
"3414","FAW Car","000800.SZ","4619993111","0.938779","China"
"3415","Interpump Group","IP.MI","4619148843","43.9525","Italy"
"3416","Hikma Pharmaceuticals","HIK.L","4617433906","22.3047","United Kingdom"
"3417","Entain","ENT.L","4616090661","7.21368","Isle of Man"
"3418","EPR Properties","EPR","4616070656","60.255","United States"
"3419","Titan Cement International","TITC.BR","4615055587","61.7572","Belgium"
"3420","Hochschild Mining","HOC.L","4610933546","8.96269","United Kingdom"
"3421","C&amp;D International Investment Group","1908.HK","4609358471","2.08443","Hong Kong"
"3422","Chefs' Warehouse","CHEF","4608937472","112.975","United States"
"3423","1&1","1U1.DE","4606108759","26.0946","Germany"
"3424","Rumble","RUM","4606076928","9.29","United States"
"3425","Pepkor","PPH.JO","4602917900","1.24828","South Africa"
"3426","Brink's","BCO","4600744448","111.72","United States"
"3427","Belden","BDC","4600284672","117.72","United States"
"3428","flatexDEGIRO AG","FTK.DE","4598109533","42.9737","Germany"
"3429","Takashimaya Company","8233.T","4596329446","15.6864","Japan"
"3430","Tutor Perini Corporation","TPC","4591685120","87.27","United States"
"3431","Coca-Cola İçecek","CCOLA.IS","4591409227","1.64092","Turkey"
"3432","Ondas Holdings","ONDS","4590093312","8.045","United States"
"3433","Sonae","SON.LS","4588878678","2.35959","Portugal"
"3434","Electrical Industries Company (EIC)","1303.SR","4586895534","4.12305","Saudi Arabia"
"3435","VisEra Technologies","6789.TW","4583546961","14.4001","Taiwan"
"3436","Hagerty","HGTY","4580347904","13.34","United States"
"3437","Springer Nature AG","SPG.DE","4579406201","23.0249","Germany"
"3438","Waystar","WAY","4577034752","23.87","United States"
"3439","LG Uplus Corp.","032640.KS","4576412415","10.7825","South Korea"
"3440","HUB24 Limited","HUB.AX","4575905387","55.9581","Australia"
"3441","Fervo Energy Company","FRVO","4574725120","15.52","United States"
"3442","dLocal","DLO","4571470848","15.535","Uruguay"
"3443","Tanger Inc.","SKT","4566500352","38.2","United States"
"3444","Nelnet","NNI","4566172160","127.62","United States"
"3445","Vontier","VNT","4565704192","33.77","United States"
"3446","Box, Inc.","BOX","4564650496","32.95","United States"
"3447","Synnex Technology International","2347.TW","4562757188","2.73555","Taiwan"
"3448","TECOM Group","TECOM.AE","4561049753","0.91221","United Arab Emirates"
"3449","Yamazaki Baking Co., Ltd.","2212.T","4554332895","23.1296","Japan"
"3450","SL Green Realty","SLG","4549983744","59.3","United States"
"3451","Amicus Therapeutics","FOLD","4549870080","14.49","United States"
"3452","Silgan Holdings","SLGN","4546969088","43.025","United States"
"3453","NGEx Minerals","NGEX.TO","4545866682","20.9623","Canada"
"3454","Archer Aviation","ACHR","4545545216","5.9031","United States"
"3455","Broadstone Net Lease","BNL","4544278016","21.345","United States"
"3456","Petronet LNG","PETRONET.NS","4543930180","3.02929","India"
"3457","Kakaku.com","2371.T","4542368298","22.9602","Japan"
"3458","Fulton Financial","FULT","4540902912","23.785","United States"
"3459","ICU Medical","ICUI","4539027456","181.51","United States"
"3460","Franklin Electric","FELE","4537864704","102.64","United States"
"3461","Strauss Group","STRS.TA","4535296896","38.702","Israel"
"3462","Trend Micro","4704.T","4534418348","34.9359","Japan"
"3463","Travel + Leisure","TNL","4533342208","73.975","United States"
"3464","Enliven Therapeutics","ELVN","4523737088","61.74","United States"
"3465","Canon Marketing Japan","8060.T","4520804724","21.9565","Japan"
"3466","Nippon Prologis REIT","3283.T","4520684675","538.876","Japan"
"3467","Qatar International Islamic Bank","QIIK.QA","4520270076","2.98626","Qatar"
"3468","Kakao Pay","377300.KS","4519632207","33.418","South Korea"
"3469","Robert Half","RHI","4517227520","44.13","United States"
"3470","Aurizon Holdings","AZJ.AX","4516514271","2.68312","Australia"
"3471","BillionToOne","BLLN","4515799552","95.7","United States"
"3472","Indosat","ISAT.JK","4515696333","0.140018","Indonesia"
"3473","BlackBerry","BB","4512973312","7.7","Canada"
"3474","Estun Automation","002747.SZ","4499546700","4.64926","China"
"3475","Soitec","SOI.PA","4497654443","125.845","France"
"3476","Concentra Group","CON","4496274944","35.26","United States"
"3477","Ottobock","OBCK.F","4496161756","70.2633","Germany"
"3478","Patterson-UTI Energy","PTEN","4490806784","11.775","United States"
"3479","Tango Therapeutics","TNGX","4486722048","26.61","United States"
"3480","GMO Payment Gateway","3769.T","4485903390","59.0693","Japan"
"3481","China Power International Development","2380.HK","4481544253","0.362287","Hong Kong"
"3482","The Berkeley Group","BKG.L","4480880383","49.0976","United Kingdom"
"3483","Berner Kantonalbank","BEKN.SW","4480429882","484.027","Switzerland"
"3484","Ollie's Bargain Outlet","OLLI","4478682112","74.085","United States"
"3485","Dexus","DXS.AX","4478422632","4.17534","Australia"
"3486","NS Solutions Corporation","2327.T","4475643734","24.4596","Japan"
"3487","Beijing New Building Materials","000786.SZ","4462307621","2.62144","China"
"3488","Cavco Industries","CVCO","4462159872","580.3","United States"
"3489","BRP (Bombardier Recreational Products)","DOO","4457262592","60.77","Canada"
"3490","Envista","NVST","4457141760","27.75","United States"
"3491","Doximity","DOCS","4456149504","25","United States"
"3492","Lumine Group","LMN.V","4452588011","17.3509","Canada"
"3493","LEG Immobilien","LEG.DE","4452232789","57.9352","Germany"
"3494","Tokyo Tatemono","8804.T","4450592576","21.486","Japan"
"3495","IGO Limited","IGO.AX","4449403300","5.8756","Australia"
"3496","Trina Solar","688599.SS","4447097302","1.89839","China"
"3497","VakıfBank","VAKBN.IS","4446346134","0.667174","Turkey"
"3498","Tidewater","TDW","4445719040","89.35","United States"
"3499","J-POWER (Electric Power Development)","9513.T","4445311658","25.2563","Japan"
"3500","Excelerate Energy","EE","4444795392","39.195","United States"
"3501","INFRONEER Holdings","5076.T","4444183939","17.5652","Japan"
"3502","RioCan REIT","REI-UN.TO","4432055601","15.2244","Canada"
"3503","Makkah Construction &amp; Development","4100.SR","4432014746","22.1601","Saudi Arabia"
"3504","Rorze Corporation","6323.T","4430284992","25.5448","Japan"
"3505","L.D.C. S.A.","LOUP.PA","4428781137","125.845","France"
"3506","Methanex","MEOH","4427556864","57.23","Canada"
"3507","Americold","COLD","4426047488","15.43","United States"
"3508","Liberty Global","LBTYB","4420494848","12.96","United Kingdom"
"3509","Li Ning Company","2331.HK","4414950400","1.73107","China"
"3510","Brady Corporation","BRC","4413526528","93.68","United States"
"3511","E-L Financial","ELF.TO","4412567306","12.7663","Canada"
"3512","International Bancshares Corp","IBOC","4406268416","70.85","United States"
"3513","Insight Enterprises","NSIT","4403794944","150.05","United States"
"3514","Kulicke and Soffa Industries","KLIC","4403756544","84.155","Singapore"
"3515","Krones","KRN.F","4402856290","139.361","Germany"
"3516","Endurance Technologies","ENDURANCE.NS","4402625436","31.2991","India"
"3517","Nomura Real Estate Master Fund","3462.T","4401345813","947.267","Japan"
"3518","Algonquin Power & Utilities","AQN","4399989248","5.715","Canada"
"3519","Bicecorp","BICE.SN","4399159060","0.432271","Chile"
"3520","Permata Bank","BNLI.JK","4391927423","0.121387","Indonesia"
"3521","China Oilfield Services","2883.HK","4391713874","0.920387","China"
"3522","Bank Handlowy w Warszawie","BHW.WA","4387760965","33.6503","Poland"
"3523","NHK Spring","5991.T","4380925170","21.624","Japan"
"3524","Skeena Resources","SKE","4376139264","34.88","Canada"
"3525","Embassy Office Parks REIT","EMBASSY.BO","4373732497","4.61416","India"
"3526","NorthWestern Energy","NWE","4370843136","71.05","United States"
"3527","Everbright Securities Company","6178.HK","4370169757","0.947814","Hong Kong"
"3528","Century Aluminum","CENX","4369564160","44.14","United States"
"3529","Bendigo and Adelaide Bank","BEN.AX","4368267519","7.56869","Australia"
"3530","Delek US","DK","4365854208","71.3","United States"
"3531","Cabot Corporation","CBT","4363594752","84.515","United States"
"3532","COPT Defense Properties","CDP","4359805952","37.635","United States"
"3533","LLB (Liechtensteinische Landesbank)","LLBN.SW","4359717434","143.222","Liechtenstein"
"3534","Kilroy Realty","KRC","4359467520","37.12","United States"
"3535","DiaSorin","DIA.MI","4358912706","88.1613","Italy"
"3536","Hirogin Holdings","7337.T","4354784116","14.7046","Japan"
"3537","Sumitomo Heavy Industries","6302.T","4345082358","36.636","Japan"
"3538","Arcadis","ARCAD.AS","4344701753","50.9904","Netherlands"
"3539","Mattel","MAT","4344068608","15.205","United States"
"3540","Poonawalla Fincorp","POONAWALLA.NS","4339305867","4.9543","India"
"3541","CommScope","COMM","4337923584","19.58","United States"
"3542","TUI","TUI1.F","4337583450","8.54812","Germany"
"3543","Iveco Group","IVG.MI","4334109761","16.2724","Italy"
"3544","Mapletree Industrial Trust","ME8U.SI","4333894132","1.518","Singapore"
"3545","Credit Saison","8253.T","4332580007","30.1557","Japan"
"3546","Veradermics","MANE","4332182528","103.69","United States"
"3547","ABC-Mart","2670.T","4331574392","17.4931","Japan"
"3548","Clariant","CLN.SW","4326559502","13.1556","Switzerland"
"3549","Koito Manufacturing","7276.T","4319330640","16.7748","Japan"
"3550","Axiata Group","6888.KL","4317650094","0.469915","Malaysia"
"3551","Cinemark Theatres","CNK","4317136896","37.245","United States"
"3552","HeartFlow","HTFL","4316377600","49.64","United States"
"3553","Fluidra","FDR.MC","4316291779","22.8502","Spain"
"3554","Saudi Tadawul Group Holding Company","1111.SR","4314822178","35.9569","Saudi Arabia"
"3555","Itron","ITRI","4314527744","98.535","United States"
"3556","Victoria's Secret &amp; Co","VSCO","4312813568","54.3","United States"
"3557","DMG Mori Aktiengesellschaft","GIL.F","4307345501","54.6493","Germany"
"3558","Rohto Pharmaceutical","4527.T","4305067024","19.052","Japan"
"3559","Doosan Bobcat","241560.KS","4303901701","44.9664","South Korea"
"3560","MIAX (Miami International Holdings)","MIAX","4303643648","43.37","United States"
"3561","Astral Poly Technik","ASTRAL.NS","4297467779","15.9965","India"
"3562","PUMA","PUM.DE","4296815637","29.1886","Germany"
"3563","Aspen Pharmacare","APN.JO","4296167100","9.67556","South Africa"
"3564","Dubai Investments","DIC.AE","4295554247","1.01024","United Arab Emirates"
"3565","ViTrox Corporation","0097.KL","4292972253","2.26753","Malaysia"
"3566","Korn Ferry","KFY","4292088576","83.575","United States"
"3567","Cohen &amp; Steers","CNS","4288555776","83.4","United States"
"3568","Texas Capital Bancshares","TCBI","4287920128","98.631","United States"
"3569","CCC Intelligent Solutions","CCC","4284936448","7.275","United States"
"3570","Comstock Resources","CRK","4283923712","14.59","United States"
"3571","Pampa Energía","PAM","4283477248","79.91","Argentina"
"3572","Protector Forsikring","PROT.OL","4282303944","52.0235","Norway"
"3573","Geo Group","GEO","4281584896","32.53","United States"
"3574","Warba Bank","WARBABANK.KW","4279756240","906.128","Kuwait"
"3575","LivaNova","LIVN","4278772992","77.89","United Kingdom"
"3576","Kontoor Brands","KTB","4277738752","78.27","United States"
"3577","JK Cement","JKCEMENT.NS","4273962212","55.3133","India"
"3578","Relay Therapeutics","RLAY","4272166400","19.495","United States"
"3579","Aris Mining","ARIS","4271051008","20.69","Canada"
"3580","MARA Holdings","MARA","4270538752","11.055","United States"
"3581","Nine Dragons Paper","2689.HK","4267783210","0.909544","China"
"3582","Cochin Shipyard Limited","COCHINSHIP.NS","4266010815","16.2156","India"
"3583","Mobile TeleSystems","MTSS.ME","4264000791","2.17","Russia"
"3584","Integer Holdings","ITGR","4262942976","125.41","United States"
"3585","CyberAgent","4751.T","4262780219","8.40621","Japan"
"3586","AXT Inc","AXTI","4258324480","64.94","United States"
"3587","Toyo Seikan Group Holdings","5901.T","4256661015","28.2674","Japan"
"3588","Sime Darby","4197.KL","4253393964","0.624068","Malaysia"
"3589","Kintetsu GHD","9041.T","4251336929","22.358","Japan"
"3590","Calumet, Inc.","CLMT","4249879296","48.35","United States"
"3591","Hamamatsu","6965.T","4249379557","14.7171","Japan"
"3592","VEON","VEON","4247013888","61.675","Netherlands"
"3593","Transportadora de Gas del Sur","TGS","4245572352","28.2","Argentina"
"3594","Adaro Energy","ADRO.JK","4243974960","0.147358","Indonesia"
"3595","Grupo Elektra","XEKT.MC","4241775619","20.2458","Mexico"
"3596","Globe Telecom, Inc.","GTMEY","4240597504","29.32","Philippines"
"3597","Aboitiz Power","ABZPY","4239924480","11.768","Philippines"
"3598","MDU Resources","MDU","4239593472","20.155","United States"
"3599","Thai Oil","TOP.BK","4239520442","1.89787","Thailand"
"3600","Lemonade","LMND","4237464832","54.75","United States"
"3601","OPENLANE Corporate","OPLN","4232772352","34.675","United States"
"3602","Kingsoft","3888.HK","4232267707","3.12026","China"
"3603","Diodes Incorporated","DIOD","4230309632","91.86","United States"
"3604","Riyadh Cables Group Company","4142.SR","4226942548","28.2328","Saudi Arabia"
"3605","Imeik Technology Development","300896.SZ","4224538825","13.9612","China"
"3606","PLDT","PHI","4221730048","19.54","Philippines"
"3607","United Community Bank","UCB","4221674752","35.25","United States"
"3608","Mandarin Oriental","M04.SI","4221123840","3.34","Hong Kong"
"3609","Voltas","VOLTAS.NS","4220946486","12.7565","India"
"3610","Emperador Brandy","EMI.SI","4211985610","0.26742","Philippines"
"3611","Indivior PLC","INDV","4209546496","35.67","United States"
"3612","Pattern Group","PTRN","4201043712","21.1","United States"
"3613","Bank AlJazira","1020.SR","4199737339","3.29205","Saudi Arabia"
"3614","Lazard","LAZ","4197439744","43.0725","Bermuda"
"3615","Valvoline","VVV","4194661632","32.89","United States"
"3616","FTI Consulting","FCN","4192817920","151.85","United States"
"3617","Maruwa","5344.T","4191828866","339.699","Japan"
"3618","SiteOne Landscape Supply","SITE","4190480896","95.99","United States"
"3619","GLP J-REIT","3281.T","4189579594","873.242","Japan"
"3620","NIKKON Holdings","9072.T","4186132711","33.7503","Japan"
"3621","AMP Limited","AMP.AX","4180055043","1.71821","Australia"
"3622","Cosmo Energy Holdings","5021.T","4175787951","26.2976","Japan"
"3623","AGL Energy","AGL.AX","4174806897","6.20561","Australia"
"3624","AIA Engineering","AIAENG.NS","4174287069","44.7307","India"
"3625","Parque Arauco","PARAUCO.SN","4173699014","4.25206","Chile"
"3626","Citizen Watch","7762.T","4169468529","17.0884","Japan"
"3627","Tohoku Electric Power","9506.T","4168949687","8.32466","Japan"
"3628","AZZ","AZZ","4168443648","138.71","United States"
"3629","NovaGold Resources","NG","4168415744","9.5","Canada"
"3630","Nikon","NINOY","4167121920","12.65","Japan"
"3631","MODEC, Inc.","6269.T","4163954914","60.9262","Japan"
"3632","Merdeka Copper Gold","MDKA.JK","4163225136","0.170506","Indonesia"
"3633","Covivio Hotels","COVH.PA","4160343574","26.3342","France"
"3634","Daishi Hokuetsu Financial Group","7327.T","4157156119","15.8401","Japan"
"3635","Persol Holdings","2181.T","4154676616","1.86254","Japan"
"3636","Sezzle","SEZL","4151792640","123.29","United States"
"3637","Sumitomo Bakelite Company","4203.T","4149937974","47.3006","Japan"
"3638","Nishi-Nippon Financial Holdings","7189.T","4145987462","29.7668","Japan"
"3639","Ero Copper","ERO","4143109120","39.722","Canada"
"3640","Cathay General Bancorp","CATY","4142928128","62.1","United States"
"3641","UWM Holdings","UWMC","4141357824","1.445","United States"
"3642","G-bits Network Technology","603444.SS","4140795841","57.4782","China"
"3643","Linamar","LNR.TO","4128547821","69.9946","Canada"
"3644","Primoris Services Corporation","PRIM","4128529408","76.095","United States"
"3645","Qatar Electricity &amp; Water Company","QEWS.QA","4128021824","3.75275","Qatar"
"3646","United Bank (Pakistan)","UBL.PK","4127709330","1.64828","Pakistan"
"3647","Container Corporation of India","CONCOR.NS","4127339821","5.41917","India"
"3648","Helmerich &amp; Payne","HP","4125479424","41.28","United States"
"3649","Indian Railway Catering & Tourism","IRCTC.NS","4123603180","5.1545","India"
"3650","Avient","AVNT","4121418240","44.935","United States"
"3651","Iida Group","3291.T","4114459420","14.8897","Japan"
"3652","Harvey Norman","HVN.AX","4111938045","3.30009","Australia"
"3653","Manchester United","MANU","4110834944","23.84","United Kingdom"
"3654","Page Industries","PAGEIND.NS","4110128052","368.493","India"
"3655","JTEKT Corporation","6473.T","4109800948","12.9104","Japan"
"3656","Global Health Limited (Medanta)","MEDANTA.NS","4109284139","15.2921","India"
"3657","Bread Financial","BFH","4106635520","106.89","United States"
"3658","Cleanaway Waste Management","CWY.AX","4100067902","1.8294","Australia"
"3659","Kyushu Financial Group","7180.T","4095780719","9.71105","Japan"
"3660","Aumovio SE","AMV0.DE","4092040914","40.8996","Germany"
"3661","Sumitomo Pharma","4506.T","4091783338","9.12136","Japan"
"3662","Allreal Holding","ALLN.SW","4082816835","247.226","Switzerland"
"3663","Corporación América Airports","CAAP","4082651904","24.99","Luxembourg"
"3664","SCHOTT Pharma","1SXP.DE","4080389066","27.0916","Germany"
"3665","Thor Industries","THO","4072968704","78.24","United States"
"3666","CECO Environmental","CECO","4068553216","69.465","United States"
"3667","Amylyx Pharmaceuticals","AMLX","4065827328","36.49","United States"
"3668","Planet Fitness","PLNT","4065518336","53.6","United States"
"3669","Banco del Bajío","BBAJIOO.MX","4065511883","3.41659","Mexico"
"3670","Tauron Polska","TPE.WA","4063593351","2.31868","Poland"
"3671","Rubis","RUI.PA","4062585104","39.3148","France"
"3672","CVR Energy","CVI","4062441472","40.41","United States"
"3673","Paladin Energy","PDN.AX","4052252709","9.01786","Australia"
"3674","Keisei Electric Railway Co., Ltd.","9009.T","4044727467","8.38739","Japan"
"3675","WSFS Financial","WSFS","4042693888","78.67","United States"
"3676","Sabancı Holding","SAHOL.IS","4037816944","1.95268","Turkey"
"3677","Independence Realty Trust","IRT","4037368064","16.705","United States"
"3678","Legend Biotech","LEGN","4035634688","20.75","United States"
"3679","IDEAYA Biosciences","IDYA","4027471360","41.74","United States"
"3680","Worley","WOR.AX","4023616101","7.94674","Australia"
"3681","Workiva","WK","4020834304","73.89","United States"
"3682","Siegfried Holding","SFZN.SW","4017975829","91.7169","Switzerland"
"3683","Aya Gold &amp; Silver","AYA.TO","4015569374","27.8789","Canada"
"3684","Sacyr","SCYR.MC","4015495364","5.0501","Spain"
"3685","Universal Display Corporation","OLED","4014973440","87.345","United States"
"3686","Thai Life Insurance","TLI.BK","4014481951","0.35061","Thailand"
"3687","Viking Therapeutics","VKTX","4014027520","34.41","United States"
"3688","Fuji Corporation","6134.T","4012192577","45.6382","Japan"
"3689","Narayana Hrudayalaya","NH.NS","4008050659","19.7344","India"
"3690","Jumbo S.A.","5JB.F","4004976753","29.8066","Greece"
"3691","Taylor Wimpey","TW.L","4004134844","1.16637","United Kingdom"
"3692","Atmus Filtration Technologies","ATMU","4003076608","49.06","United States"
"3693","Marriott Vacations Worldwide","VAC","4000863488","116.32","United States"
"3694","Ansell","ANN.AX","3998889961","28.4095","Australia"
"3695","Tri Pointe Homes","TPH","3998444288","46.95","United States"
"3696","Northland Power","NPI.TO","3998357747","15.29","Canada"
"3697","Kewpie Corporation","2809.T","3991186902","29.4782","Japan"
"3698","PI Industries","PIIND.NS","3988643067","26.2919","India"
"3699","The Tel-Aviv Stock Exchange","TASE.TA","3985326383","42.4713","Israel"
"3700","Q2","QTWO","3985088512","63.91","United States"
"3701","Mainfreight","MFT.NZ","3983528066","39.5589","New Zealand"
"3702","Inmobiliaria Colonial","COL.MC","3983289538","6.36215","Spain"
"3703","Toyoda Gosei","7282.T","3981157476","33.951","Japan"
"3704","Daeduck Electronics","353200.KS","3978282929","77.2296","South Korea"
"3705","The Shiga Bank","8366.T","3972985107","17.2829","Japan"
"3706","Patanjali Foods","PATANJALI.NS","3969993177","3.64929","India"
"3707","Coca-Cola Bottlers Japan","2579.T","3969099964","24.5348","Japan"
"3708","Huhtamäki","HUH1V.HE","3966035043","37.7767","Finland"
"3709","Sixt","SIX2.F","3965734656","84.4791","Germany"
"3710","China Everbright Environment Group","0257.HK","3965186906","0.645483","Hong Kong"
"3711","TransAlta","TAC","3964820480","12.535","Canada"
"3712","3M India","3MINDIA.NS","3963946337","351.879","India"
"3713","Kobe Bussan","3038.T","3961559085","17.8601","Japan"
"3714","Exide Industries","EXIDEIND.NS","3955891898","4.65399","India"
"3715","Badger Meter","BMI","3955835136","136.47","United States"
"3716","AbCellera","ABCL","3953377792","12.2","Canada"
"3717","CVB Financial","CVBF","3948502528","22.435","United States"
"3718","Offshore Oil Engineering Co.,Ltd","600583.SS","3946757322","0.892658","China"
"3719","NLC India","NLCINDIA.NS","3944709451","2.8448","India"
"3720","St. Joe Company","JOE","3944141568","69.28","United States"
"3721","Macnica Holdings","3132.T","3943025512","22.082","Japan"
"3722","Endeavour Group","EDV.AX","3942119635","2.19528","Australia"
"3723","L&amp;T Technology Services","LTTS.NS","3939686160","37.1397","India"
"3724","Sopra Steria Group","SOP.PA","3939312545","205.78","France"
"3725","Howard Hughes Holdings","HHH","3939199488","65.96","United States"
"3726","Valeo","FR.PA","3938819457","16.3074","France"
"3727","WaterBridge Infrastructure","WBI","3938253056","31.9","United States"
"3728","Inchcape","INCH.L","3936125826","11.3972","United Kingdom"
"3729","Sunrise Communications AG","SUNN.SW","3933782794","53.6153","Switzerland"
"3730","Jiangsu Yuyue Medical Equipment &amp; Supply Co., Ltd.","002223.SZ","3931457727","3.92174","China"
"3731","Independent Bank Corp.","INDB","3926898432","82.9","United States"
"3732","NOF Corporation","4403.T","3926359686","17.4711","Japan"
"3733","Hudco","HUDCO.NS","3922928118","1.9596","India"
"3734","Asia Cement","1102.TW","3920823684","1.10553","Taiwan"
"3735","Hafnia Limited","HAFN","3920784384","7.845","Bermuda"
"3736","Netwealth","NWL.AX","3920643110","15.9768","Australia"
"3737","OBIC Business Consultants","4733.T","3919039171","52.131","Japan"
"3738","SkyWest","SKYW","3917389568","100.89","United States"
"3739","Türk Telekom","TTKOM.IS","3917307875","1.11923","Turkey"
"3740","Apple Hospitality REIT","APLE","3915431424","16.585","United States"
"3741","Cranswick","CWK.L","3915289856","73.1704","United Kingdom"
"3742","USA Compression Partners","USAC","3914919680","27.01","United States"
"3743","Aperam","APAM.AS","3914496773","54.02","Luxembourg"
"3744","Athens International Airport","AIA.AT","3910614116","12.2932","Greece"
"3745","Energix Renewable Energies","ENRG.TA","3909623126","6.74762","Israel"
"3746","Toei Animation","4816.T","3909228875","19.1335","Japan"
"3747","SMG Swiss Marketplace Group Holding AG","SMG.SW","3907630596","39.8392","Switzerland"
"3748","Cal-Maine Foods","CALM","3906956288","83.65","United States"
"3749","KLCC Property Holdings","5235SS.KL","3905121416","2.1631","Malaysia"
"3750","COMSYS Holdings Corporation","1721.T","3904961385","34.02","Japan"
"3751","iRhythm","IRTC","3904797440","118.46","United States"
"3752","Denali Therapeutics","DNLI","3903473664","24.42","United States"
"3753","Sanil Electric","062040.KS","3901316869","127.681","South Korea"
"3754","Mueller Water Products","MWA","3900019456","24.98","United States"
"3755","Seaboard Corporation","SEB","3898857728","4070.66","United States"
"3756","Energy Fuels","UUUU","3898204160","15.595","United States"
"3757","Par Pacific Holdings","PARR","3897751296","77.8","United States"
"3758","Wendel","MF.PA","3895937519","100.909","France"
"3759","China Airlines","2610.TW","3893604283","0.640201","Taiwan"
"3760","Espressif Systems (Shanghai)","688018.SS","3893328638","16.6109","China"
"3761","Minor International","MINT.BK","3892617207","0.692073","Thailand"
"3762","Arcus Biosciences","RCUS","3888906240","30.92","United States"
"3763","monday.com","MNDY","3888796160","91.99","Israel"
"3764","Johnson Matthey","JMAT.L","3887043058","30.8186","United Kingdom"
"3765","Yamato Holdings","9064.T","3886790425","12.2737","Japan"
"3766","WillScot","WSC","3886546176","21.45","United States"
"3767","China Gas","0384.HK","3885039414","0.713093","China"
"3768","Masan Group","MSN.VN","3883176693","2.68562","Vietnam"
"3769","Gibson Energy","GEI.TO","3880623183","22.4833","Canada"
"3770","Chugin Financial Group","5832.T","3878592566","21.8185","Japan"
"3771","Dowa Holdings","5714.T","3877517060","65.5559","Japan"
"3772","GPGI, Inc.","GPGI","3877482752","13.3757","United States"
"3773","Grand Canyon Education","LOPE","3874828288","148.66","United States"
"3774","MSI (Micro-Star International)","2377.TW","3874026369","4.58543","Taiwan"
"3775","WesBanco","WSBC","3873638656","40.39","United States"
"3776","Newmark","NMRK","3871722496","15.82","United States"
"3777","Sega Sammy Holdings","6460.T","3870178456","19.0645","Japan"
"3778","Shufersal","SAE.TA","3869946409","14.5048","Israel"
"3779","Organo Corporation","6368.T","3869698671","84.1562","Japan"
"3780","Fattal Holdings (Leonardo Hotels)","FTAL.TA","3866865539","234.366","Israel"
"3781","Otter Tail","OTTR","3864772864","92.05","United States"
"3782","M/I Homes","MHO","3857179392","152.56","United States"
"3783","Catalyst Pharmaceuticals","CPRX","3854925568","31.49","United States"
"3784","Bucher Industries","BUCN.SW","3848688387","392.186","Switzerland"
"3785","Wynn Macau","1128.HK","3848617358","0.734779","Macau"
"3786","Jet2","JET2.L","3847311826","21.1215","United Kingdom"
"3787","BB Biotech","BION.SW","3846635278","69.7495","Switzerland"
"3788","Dorman Products","DORM","3846256896","129.61","United States"
"3789","Asmodee Group AB","ASMDEE-B.ST","3845968659","16.2468","Sweden"
"3790","KDX Realty Investment","8972.T","3838867077","950.403","Japan"
"3791","Yadea Group","1585.HK","3836291617","1.26354","China"
"3792","Telephone and Data Systems","TDS","3823577856","33.215","United States"
"3793","PennyMac Financial Services","PFSI","3820518656","73.54","United States"
"3794","Bridgepoint Group plc","BPT.L","3817697758","4.28142","United Kingdom"
"3795","Huber+Suhner","HUBN.SW","3816394019","206.766","Switzerland"
"3796","Odakyu Electric Railway","9007.T","3811365606","11.1257","Japan"
"3797","Groupe SEB","SK.PA","3810870767","69.4477","France"
"3798","Seek Limited","SEK.AX","3805952763","10.632","Australia"
"3799","Indorama Ventures","IVL.BK","3800093310","0.676829","Thailand"
"3800","Asbury Automotive Group","ABG","3798445824","211.59","United States"
"3801","Venture Corporation","V03.SI","3798043265","13.2137","Singapore"
"3802","Sumitomo Rubber Industries","5110.T","3796618917","14.4442","Japan"
"3803","Sportradar","SRAD","3792620288","12.815","Switzerland"
"3804","Sheng Siong Group","OV8.SI","3790439594","2.52102","Singapore"
"3805","JOYY","JOYY","3788206080","75.19","China"
"3806","Bath &amp; Body Works","BBWI","3787346432","18.79","United States"
"3807","Santen Pharmaceutical","4536.T","3784829871","11.7656","Japan"
"3808","Unilever Indonesia","UNVR.JK","3784828205","0.09965","Indonesia"
"3809","Taihan Cable & Solution Co., Ltd.","001440.KS","3781975768","20.354","South Korea"
"3810","Secure Energy Services","SES.TO","3781526036","17.3437","Canada"
"3811","Fielmann","FIE.F","3781164088","45.0361","Germany"
"3812","Eurazeo","RF.PA","3778984121","59.3684","France"
"3813","Madison Square Garden Entertainment","MSGE","3778268928","79.87","United States"
"3814","Telix Pharmaceuticals","TLX.AX","3775922581","11.1127","Australia"
"3815","Knife River Corporation","KNF","3774341632","66.4925","United States"
"3816","NuScale Power","SMR","3769427968","9.185","United States"
"3817","Shaftesbury Capital","SHC.L","3767226135","2.05775","United Kingdom"
"3818","Renasant Corp","RNST","3761293824","41.15","United States"
"3819","ERG","ERG.MI","3760050800","25.8681","Italy"
"3820","Salzgitter","SZG.F","3757907822","68.3407","Germany"
"3821","Centrus Energy","LEU","3757821696","188.335","United States"
"3822","Canadian Apartment Properties REIT","CAR-UN.TO","3755099860","24.4044","Canada"
"3823","Singapore Land","U06.SI","3753309057","2.61914","Singapore"
"3824","BancFirst","BANF","3752979712","111.7","United States"
"3825","MediPal Holdings Corporation","7459.T","3752880836","18.3337","Japan"
"3826","United Breweries","UBL.NS","3751758408","14.1894","India"
"3827","Scorpio Tankers","STNG","3751093248","74.9","Monaco"
"3828","Iren","IRE.MI","3749654790","2.9224","Italy"
"3829","Firefly Aerospace","FLY","3749027072","22.395","United States"
"3830","Brembo","BRE.MI","3747529622","11.7805","Italy"
"3831","Ethos Technologies","LIFE","3747283456","39.1","United States"
"3832","Mandatum","MANTA.HE","3746822443","7.44582","Finland"
"3833","Shift4 Payments","FOUR","3743894272","47.415","United States"
"3834","Interparfums","IPAR","3742853120","116.87","United States"
"3835","VietJet Aviation","VJC.VN","3742043233","4.86553","Vietnam"
"3836","Axcelis Technologies","ACLS","3739902720","121.105","United States"
"3837","Synaptics","SYNA","3739018752","95.61","United States"
"3838","Air France-KLM","AF.PA","3736910870","14.2391","France"
"3839","Post Holdings","POST","3735034368","82.41","United States"
"3840","Dalmia Bharat","DALBHARAT.NS","3734819699","19.8948","India"
"3841","OFILM Group","002456.SZ","3734385372","1.06821","China"
"3842","Standex International","SXI","3732673792","307.99","United States"
"3843","Genworth Financial","GNW","3729389824","9.87","United States"
"3844","Meezan Bank","MEBL.PK","3727283214","2.06258","Pakistan"
"3845","Stadler Rail","SRAIL.SW","3725619406","37.2577","Switzerland"
"3846","Loomis AB","LOOMIS.ST","3721467826","55.6088","Sweden"
"3847","Vanke","2202.HK","3721169681","0.311898","China"
"3848","WisdomTree","WT","3721137408","24.56","United States"
"3849","Haitian International Holdings","1882.HK","3719681835","2.33063","Hong Kong"
"3850","Athabasca Oil Corporation","ATH.TO","3719254876","7.72752","Canada"
"3851","Fastly","FSLY","3718858496","23.345","United States"
"3852","Freddie Mac","FMCC","3718340608","5.72","United States"
"3853","Bank für Tirol und Vorarlberg","BTS.VI","3716758403","100.21","Austria"
"3854","The a2 Milk Company","A2M.AX","3713664572","5.1008","New Zealand"
"3855","Ermenegildo Zegna","ZGN","3713438720","13.84","Italy"
"3856","Toyo Tire","5105.T","3711995971","24.102","Japan"
"3857","Seabridge Gold","SA","3711848448","34.41","Canada"
"3858","Gentera, S.A.B. de C.V.","GENTERA.MX","3709508117","2.34891","Mexico"
"3859","NH Foods (Nipponham)","2282.T","3708049569","39.9358","Japan"
"3860","Fuji Media Holdings","4676.T","3707070267","26.0153","Japan"
"3861","Constellium","CSTM","3706683392","27.35","France"
"3862","Peyto Exploration &amp; Development","PEY.TO","3703635231","18.0068","Canada"
"3863","Iovance Biotherapeutics","IOVA","3703041536","8.175","United States"
"3864","Société Foncière Lyonnaise","FLY.PA","3702190127","86.0641","France"
"3865","AntarChile","ANTARCHILE.SN","3699197607","8.14669","Chile"
"3866","Tobu Railway","9001.T","3698273397","18.914","Japan"
"3867","Zuger Kantonalbank","ZUGER.SW","3694202582","12845.3","Switzerland"
"3868","F.I.B.I. Holdings","FIBIH.TA","3692709864","104.159","Israel"
"3869","Internet Initiative Japan Inc.","3774.T","3686634001","20.7897","Japan"
"3870","Giant Biogene","2367.HK","3683890708","3.46979","China"
"3871","Alm. Brand","ALMB.CO","3683742222","2.70248","Denmark"
"3872","Tiantan Bio","600161.SS","3683209289","1.86268","China"
"3873","Mesaieed Petrochemical Holding Company","MPHC.QA","3682667076","0.293132","Qatar"
"3874","ORION","271560.KS","3680467149","93.1085","South Korea"
"3875","Mirion Technologies","MIR","3678286080","14.77","United States"
"3876","Cofinimmo","COFB.BR","3676849310","96.5393","Belgium"
"3877","China Resources Pharmaceutical Group","3320.HK","3674573317","0.584889","Hong Kong"
"3878","Amplifon","AMP.MI","3672911229","13.8471","Italy"
"3879","Bel Fuse","BELFB","3669569536","254.135","United States"
"3880","Sohar International Bank","BKSB.OM","3668532672","0.477922","Oman"
"3881","Tenable","TENB","3668212224","33.305","United States"
"3882","Atlanta Braves Holdings","BATRA","3667195392","57.15","United States"
"3883","Bestechnic","688608.SS","3665628147","15.4742","China"
"3884","Fortuna Mining","FSM","3660992768","12.37","Canada"
"3885","Fermi Inc.","FRMI","3657068544","5.71","United States"
"3886","RXO","RXO","3654763008","22.16","United States"
"3887","The Vita Coco Company","COCO","3651806720","63.11","United States"
"3888","Wesdome Gold Mines","WDO.TO","3651539113","25.4388","Canada"
"3889","TOTVS","TOTS3.SA","3648978624","6.39941","Brazil"
"3890","Unite Group (Unite Students)","UTG.L","3648146987","7.09943","United Kingdom"
"3891","Vend Marketplaces","VENDA.OL","3638040042","35.6446","Norway"
"3892","LEENO Industrial","058470.KQ","3637344358","47.9256","South Korea"
"3893","ALSOK","2331.T","3633132492","7.47462","Japan"
"3894","ScottsMiracle-Gro","SMG","3627705344","62.31","United States"
"3895","Polaris","PII","3626177024","63.725","United States"
"3896","PPB Group Berhad","4065.KL","3625430139","2.55097","Malaysia"
"3897","Turk Altin Isletmeleri A.S.","TRALT.IS","3624273957","1.1317","Turkey"
"3898","Laboratorios Farmaceuticos Rovi","ROVI.MC","3623274554","70.846","Spain"
"3899","QL Resources","7084.KL","3621256231","0.99453","Malaysia"
"3900","ITV plc","ITV.L","3620909189","0.978552","United Kingdom"
"3901","Wilh. Wilhelmsen Holding","WWI.OL","3616235753","87.1699","Norway"
"3902","Vidrala","VID.MC","3614488761","105.337","Spain"
"3903","Organon","OGN","3610879744","13.75","United States"
"3904","Nisshin Seifun Group","2002.T","3608186993","12.9042","Japan"
"3905","Indofood","INDF.JK","3606458986","0.410738","Indonesia"
"3906","Hualan Biological Engineering","002007.SZ","3604391986","1.97426","China"
"3907","Kadant","KAI","3602784256","305.085","United States"
"3908","Yamaha","7951.T","3602658989","8.18978","Japan"
"3909","Park National Corp","PRK","3602535424","199.43","United States"
"3910","Samsung Card","029780.KS","3600719730","33.7428","South Korea"
"3911","Star Health and Allied Insurance Company","STARHEALTH.NS","3600349722","6.11884","India"
"3912","QinetiQ","QQ.L","3600038054","7.04503","United Kingdom"
"3913","Topaz Energy","TPZ.TO","3599888470","23.2474","Canada"
"3914","LXP Industrial Trust","LXP","3596982528","61.01","United States"
"3915","Inter Cars","CAR.WA","3592923744","256.306","Poland"
"3916","National Health Investors","NHI","3592428288","73.15","United States"
"3917","Koei Tecmo","3635.T","3591763731","10.7461","Japan"
"3918","Freshpet","FRPT","3590899200","74.72","United States"
"3919","Karur Vysya Bank","KARURVYSYA.NS","3590475564","3.71428","India"
"3920","Granite REIT","GRP-UN","3590449408","59.19","Canada"
"3921","Carel Industries","CRL.MI","3585037724","31.869","Italy"
"3922","Kerry Properties","0683.HK","3580077449","2.47478","Hong Kong"
"3923","Adtalem Global Education","ATGE","3579815168","98.54","United States"
"3924","HNI Corporation","HNI","3578773760","49.58","United States"
"3925","SAL Saudi Logistics Services","4263.SR","3575442886","44.693","Saudi Arabia"
"3926","Nicolet Bankshares","NIC","3573465344","170.51","United States"
"3927","Bright Horizons","BFAM","3570317824","73.41","United States"
"3928","Sterlite Technologies","STLTECH.NS","3570099722","6.94692","India"
"3929","Air Water Inc.","4088.T","3568270331","15.564","Japan"
"3930","Option Care Health","OPCH","3567884544","23.82","United States"
"3931","Highwoods Properties","HIW","3564023296","31.73","United States"
"3932","American States Water","AWR","3562846208","89.89","United States"
"3933","Pandox AB","PNDX-B.ST","3560208740","18.2947","Sweden"
"3934","Quilter","QLT.L","3554689424","2.63169","United Kingdom"
"3935","First Interstate BancSystem","FIBK","3553908992","37.29","United States"
"3936","Jubilant FoodWorks","JUBLFOOD.NS","3550265194","5.39821","India"
"3937","Mechanics Bancorp","MCHB","3550087168","16.0328","United States"
"3938","Hexaware Technologies","HEXT.NS","3547138217","5.81696","India"
"3939","Mitie Group PLC","MTO.L","3546934951","2.84249","United Kingdom"
"3940","The Hyakugo Bank","8368.T","3544992771","14.6858","Japan"
"3941","CIE Automotive","CIE.MC","3544677007","29.8881","Spain"
"3942","CorVel Corporation","CRVL","3543232256","70.14","United States"
"3943","Takasago Thermal Engineering","1969.T","3543178471","27.0755","Japan"
"3944","Orla Mining","ORLA","3542952192","9.44","Canada"
"3945","New Hope Corporation","NHC.AX","3541195252","4.19686","Australia"
"3946","GRAIL","GRAL","3540830720","79.2731","United States"
"3947","Escorts Kubota","ESCORTS.NS","3537179564","32.1482","India"
"3948","TechCreate Group","TCGL","3531553280","172.84","Singapore"
"3949","The Japan Steel Works","5631.T","3530783013","47.9656","Japan"
"3950","Delhivery","DELHIVERY.NS","3525879306","4.7064","India"
"3951","First Advantage","FA","3521809408","20.505","United States"
"3952","Digital China Group Co., Ltd.","000034.SZ","3521490871","3.46351","China"
"3953","Veracyte","VCYT","3518702080","43.77","United States"
"3954","DOF Group","DOFG.OL","3518232506","14.2856","Norway"
"3955","Stride (K12 Education)","LRN","3516585984","84.615","United States"
"3956","Suntec REIT","T82U.SI","3513787641","1.18766","Singapore"
"3957","Brederode","BREB.BR","3510387267","119.786","Luxembourg"
"3958","EQB (Equitable Bank)","EQB.TO","3503437226","98.8719","Canada"
"3959","uniQure","QURE","3501789952","50.4825","Netherlands"
"3960","Ayala Land","AYAAF","3501667584","0.245","Philippines"
"3961","National Healthcare","NHC","3501261312","223.56","United States"
"3962","KB Home","KBH","3500172288","57.09","United States"
"3963","QuantumScape","QS","3498637568","5.6875","United States"
"3964","Qatar Fuel Company (WOQOD)","QFLS.QA","3496283890","3.51648","Qatar"
"3965","Palomar Holdings","PLMR","3494005504","131.83","United States"
"3966","Nordic Semiconductor","NOD.OL","3492836498","17.6589","Norway"
"3967","Curbline Properties","CURB","3483351552","30.28","United States"
"3968","Plus500","PLUS.L","3483113391","50.8385","Israel"
"3969","First Capital REIT","FCR-UN.TO","3482696288","16.3849","Canada"
"3970","Breville Group","BRG.AX","3480946822","24.0333","Australia"
"3971","Sprott Inc","SII","3478157312","135.165","Canada"
"3972","Jason Furniture (Kuka Home)","603816.SS","3477610380","3.7566","China"
"3973","Life360","LIF","3475952384","42.66","United States"
"3974","TowneBank","TOWN","3475641344","37.6","United States"
"3975","Growthpoint Properties","GRT.JO","3473458300","1.0253","South Africa"
"3976","Sino-American Silicon Products","5483.TWO","3472075754","5.65327","Taiwan"
"3977","Structure Therapeutics","GPCR","3470650624","48.67","United States"
"3978","Hilton Grand Vacations","HGV","3469605632","44.64","United States"
"3979","Kenon Holdings","KEN","3467292672","66.54","Singapore"
"3980","Keppel REIT","K71U.SI","3466433450","0.696078","Singapore"
"3981","Drax Group","DRX.L","3464078163","10.2887","United Kingdom"
"3982","Höegh Autoliners","HAUTO.OL","3462741628","18.1515","Norway"
"3983","Tomra","TOM.OL","3461098945","11.7047","Norway"
"3984","Hamilton Insurance Group","HG","3460871936","35.095","Bermuda"
"3985","CRISIL","CRISIL.NS","3459728490","47.3093","India"
"3986","Wix.com","WIX","3459280896","82.66","Israel"
"3987","Lionsgate Studios","LION","3457643520","11.62","United States"
"3988","El Al Israel Airlines","ELAL.TA","3455160974","5.83896","Israel"
"3989","Mouwasat Medical Services Company","4002.SR","3454521151","17.2726","Saudi Arabia"
"3990","Pulse Biosciences","PLSE","3449874432","48.37","United States"
"3991","Daiwa House REIT Investment Corporation","8984.T","3448898990","759.695","Japan"
"3992","Serco Group","SRP.L","3447726641","3.547","United Kingdom"
"3993","Apex Investment","APEX.AE","3444443925","0.97","United Arab Emirates"
"3994","Azelis Group","AZE.BR","3442819018","14.1459","Belgium"
"3995","JGC Holdings","1963.T","3441935538","14.2184","Japan"
"3996","Braze","BRZE","3440897536","30.55","United States"
"3997","Vicat S.A.","VCT.PA","3439893900","77.2547","France"
"3998","First Financial Bank","FFBC","3437732864","32.75","United States"
"3999","PVH Corp.","PVH","3435052800","74.5","United States"
"4000","Graphic Packaging","GPK","3434430464","11.6","United States"
"4001","Bilfinger","GBF.F","3430547603","92.8688","Germany"
"4002","Sharjah Islamic Bank","SIB.AE","3430337548","0.8","United Arab Emirates"
"4003","AllianceBernstein","AB","3424935424","36.7975","United States"
"4004","NCR Atleos Corporation","NATL","3424384000","46.34","United States"
"4005","Harmonic Drive Systems","6324.T","3420703743","36.1341","Japan"
"4006","SmartCentres REIT","SRU-UN.TO","3420673147","20.0613","Canada"
"4007","Csquare, Inc.","CSQR","3420162560","20.525","United States"
"4008","Primary Health Properties","PHP.L","3418142168","1.3172","United Kingdom"
"4009","Tata Investment Corporation","TATAINVEST.NS","3417762630","6.7551","India"
"4010","MINISO Group","MNSO","3414846720","11.44","China"
"4011","Japan Airport Terminal","9706.T","3414149773","36.7803","Japan"
"4012","Golub Capital","GBDC","3413120256","13.145","United States"
"4013","Kyushu Railway Company","9142.T","3412396936","22.1824","Japan"
"4014","Tikehau Capital","TKO.PA","3410765623","19.7856","France"
"4015","Cushman &amp; Wakefield","CWK","3408043264","14.52","United States"
"4016","NSK Ltd.","6471.T","3401174627","6.9508","Japan"
"4017","Kadokawa","9468.T","3397416111","23.1171","Japan"
"4018","National Energy Services Reunited","NESR","3396182784","33.675","United States"
"4019","United States Lime &amp; Minerals","USLM","3394837504","118.335","United States"
"4020","Taseko Mines","TGB","3391206144","9.265","Canada"
"4021","Dr Lal PathLabs","LALPATHLAB.NS","3390768066","20.3067","India"
"4022","Magnite","MGNI","3390546944","23.64","United States"
"4023","Goosehead Insurance","GSHD","3388497152","71.41","United States"
"4024","KEPCO Engineering & Construction Company","052690.KS","3388405943","89.0666","South Korea"
"4025","Trigano","TRI.PA","3386772559","177.581","France"
"4026","Ashland","ASH","3386346496","73.9484","United States"
"4027","NMI Holdings","NMIH","3383674880","44.985","United States"
"4028","Lisi S.A.","FII.PA","3382679005","73.9921","France"
"4029","Viva Energy","VEA.AX","3381903347","2.05897","Australia"
"4030","Hangzhou EZVIZ Network","688475.SS","3381276834","4.29368","China"
"4031","Acadian Asset Management","AAMI","3381144320","95.27","United States"
"4032","Nabtesco Corporation","6268.T","3380873828","28.8509","Japan"
"4033","Honeywell Automation India","HONAUT.NS","3379824333","382.015","India"
"4034","Kinaxis","KXS.TO","3375236997","124.145","Canada"
"4035","Sims Limited","SGM.AX","3371422756","17.4474","Australia"
"4036","Freenet","FNTN.F","3370874428","28.5714","Germany"
"4037","GS Yuasa Corporation","6674.T","3370703591","33.5997","Japan"
"4038","Mr D.I.Y. Group","5296.KL","3369664615","0.355545","Malaysia"
"4039","Grupa Kety","KTY.WA","3368598695","341.651","Poland"
"4040","Kuraray Co., Ltd.","3405.T","3366308035","11.1727","Japan"
"4041","Versigent","VGNT","3363612672","47.485","Switzerland"
"4042","GÜBRETAŞ","GUBRF.IS","3363366550","10.07","Turkey"
"4043","FS KKR Capital","FSK","3363061248","12.17","United States"
"4044","Alliance Resource Partners","ARLP","3361854464","26.13","United States"
"4045","Atlanta Braves Holdings, Inc.","BATRK","3360472576","52.37","United States"
"4046","B&M European Value Retail","BME.L","3359832510","3.34299","Luxembourg"
"4047","Doosan Robotics","454910.KS","3359178593","51.8232","South Korea"
"4048","Paramount Resources","POU.TO","3357093613","23.0096","Canada"
"4049","Bellway","BWY.L","3355587256","29.921","United Kingdom"
"4050","K+S","SDF.F","3351603135","18.7136","Germany"
"4051","Freshworks","FRSH","3350222592","12.84","United States"
"4052","Assured Guaranty","AGO","3349456640","76.16","Bermuda"
"4053","Nichirei Corporation","2871.T","3347988247","13.359","Japan"
"4054","Exponent","EXPO","3346293248","70.38","United States"
"4055","Sinch","SINCH.ST","3344691752","4.76062","Sweden"
"4056","Meidensha Corporation","6508.T","3343829088","73.7112","Japan"
"4057","Marui Group","8252.T","3343124828","18.7069","Japan"
"4058","ZIM Integrated Shipping Services","ZIM","3342612992","27.735","Israel"
"4059","Maravai LifeSciences","MRVI","3342478080","9.025","United States"
"4060","Star Bulk Carriers","SBLK","3341207808","29.92","Greece"
"4061","CoreCivic","CXW","3339633152","33.77","United States"
"4062","Tate &amp; Lyle","TATE.L","3337577742","7.54145","United Kingdom"
"4063","National Bank of Fujairah","NBF.AE","3337406260","1.29","United Arab Emirates"
"4064","Zealand Pharma","ZEAL.CO","3336360420","49.0779","Denmark"
"4065","LG Display","LPL","3329999872","3.33","South Korea"
"4066","Community Financial System","CBU","3328482048","63.26","United States"
"4067","Comet Holding","COTN.SW","3325301924","427.93","Switzerland"
"4068","Munters Group AB","MTRS.ST","3324208890","18.2107","Sweden"
"4069","Peabody Energy","BTU","3322993920","27.26","United States"
"4070","Opendoor","OPEN","3321131520","3.42","United States"
"4071","Seacoast Banking","SBCF","3321021952","34.3","United States"
"4072","Ventia Services Group","VNT.AX","3320816338","4.06055","Australia"
"4073","OSI Systems","OSIS","3320552448","208.29","United States"
"4074","BankUnited","BKU","3317998336","46.58","United States"
"4075","Port of Tauranga","POT.NZ","3315731595","4.87428","New Zealand"
"4076","CASIO","6952.T","3315588206","15.1186","Japan"
"4077","Nitto Boseki","3110.T","3312649681","18.1988","Japan"
"4078","SYNLAB","SYAB.VI","3307393271","15.049","Germany"
"4079","Aluminium Bahrain (Alba)","ALBH.BH","3307055667","0","Bahrain"
"4080","Shihlin Electric & Engineering Corp.","1503.TW","3305161439","6.34422","Taiwan"
"4081","Steve Madden","SHOO","3303214080","45.14","United States"
"4082","Shikun &amp; Binui","SKBN.TA","3301370059","5.66396","Israel"
"4083","Baytex Energy","BTE","3300223744","4.72","Canada"
"4084","Treasury Wine Estates","TWE.AX","3296336649","4.0749","Australia"
"4085","Simmons First National","SFNC","3294914304","22.8","United States"
"4086","Micronics Japan Co., Ltd.","6871.T","3293221086","84.9403","Japan"
"4087","Signet Jewelers","SIG","3287857152","84.63","Bermuda"
"4088","Hercules Capital","HTGC","3286599680","17.56","United States"
"4089","Astronics Corporation","ATRO","3286537728","76.415","United States"
"4090","Meitav Investment House","MTAV.TA","3286193498","38.5674","Israel"
"4091","HEXPOL AB","HPOL-B.ST","3286149492","9.54064","Sweden"
"4092","Mainova","MNV6.F","3285947279","438.126","Germany"
"4093","Navitas Semiconductor","NVTS","3285861632","12.585","Ireland"
"4094","Immunome","IMNM","3282393600","28.9","United States"
"4095","Denison Mines","DNN","3281132288","3.625","Canada"
"4096","Ebro Foods","EBRO.MC","3280979412","21.3237","Spain"
"4097","NH Hotel Group","NHH.MC","3280482487","7.53012","Spain"
"4098","UCT (Ultra Clean Holdings)","UCTT","3275792896","72.35","United States"
"4099","COSMOS Pharmaceutical","3349.T","3270109005","41.2594","Japan"
"4100","AJ Bell","AJB.L","3269663078","8.31667","United Kingdom"
"4101","Amot Investment","AMOT.TA","3267332989","6.61637","Israel"
"4102","İsdemir","ISDMR.IS","3266865445","1.12651","Turkey"
"4103","Hebei Changshan Biochemical Pharmaceutical Co., Ltd.","300255.SZ","3265219538","3.55278","China"
"4104","United Urban Investment Corporation","8960.T","3264117867","1020.04","Japan"
"4105","Nahdi Medical Company","4164.SR","3263417300","25.1032","Saudi Arabia"
"4106","Perpetua Resources","PPTA","3258745600","26.05","United States"
"4107","Lion Corp","4912.T","3257269942","11.7718","Japan"
"4108","Allied Gold Corporation","AAUC.TO","3249525445","23.3195","Canada"
"4109","Mitsubishi Logistics","9301.T","3247381943","9.55736","Japan"
"4110","TechnoPro Holdings","6028.T","3246446499","31.1589","Japan"
"4111","Cembra Money Bank","CMBN.SW","3244211428","108.596","Switzerland"
"4112","Milaha - Qatar Navigation","QNNS.QA","3243064452","2.8544","Qatar"
"4113","Tegna","TGNA","3243011584","20.03","United States"
"4114","Virbac SA","VIRP.PA","3242483360","386.856","France"
"4115","Van Lanschot Kempen","VLK.AS","3242252179","76.7886","Netherlands"
"4116","Bangkok Expressway and Metro (BEM)","BEM.BK","3242162401","0.216463","Thailand"
"4117","Greencoat UK Wind","UKW.L","3238204747","1.50013","United Kingdom"
"4118","Chesapeake Utilities","CPK","3237014784","134.28","United States"
"4119","CarGurus","CARG","3236484864","36.335","United States"
"4120","Endeavour Silver","EXK","3233897728","10.92","Canada"
"4121","New India Assurance","NIACL.NS","3231843163","1.96107","India"
"4122","PotlatchDeltic","PCH","3230610432","41.73","United States"
"4123","ZPMC (Shanghai Zhenhua Heavy Industries)","600320.SS","3230451041","0.614556","China"
"4124","Dana Incorporated","DAN","3229989888","30.025","United States"
"4125","Vesta Real Estate","VTMX","3227169792","34.78","Mexico"
"4126","Workman","7564.T","3225491524","39.5217","Japan"
"4127","Royal Unibrew","RBREW.CO","3224890919","67.9204","Denmark"
"4128","ENAV","ENAV.MI","3223567043","5.96598","Italy"
"4129","Kansai Paint","4613.T","3220798928","18.1361","Japan"
"4130","MBX Biosciences","MBX","3216612864","66.79","United States"
"4131","Gujarat Gas","GUJGASLTD.NS","3216372801","3.42813","India"
"4132","Aktor","AKTR.AT","3208590655","12.2582","Greece"
"4133","West African Resources","WAF.AX","3208317757","2.80508","Australia"
"4134","Dynex Capital","DX","3206192384","12.9195","United States"
"4135","Disc Medicine","IRON","3203882752","83.45","United States"
"4136","Commercial Bank of Kuwait","CBK.KW","3203030531","1623.21","Kuwait"
"4137","Carl Zeiss Meditec","AFXA.F","3202788148","36.5882","Germany"
"4138","Park Hotels &amp; Resorts","PK","3202286080","15.905","United States"
"4139","Alfamart","AMRT.JK","3201599482","0.0779133","Indonesia"
"4140","Aldrees Petroleum and Transport Services","4200.SR","3201491550","32.0149","Saudi Arabia"
"4141","Blue Star","BLUESTARCO.NS","3200195572","15.5657","India"
"4142","TriNet","TNET","3197953536","69.665","United States"
"4143","Agilysys","AGYS","3193177344","113.21","United States"
"4144","Bakkafrost","BAKKA.OL","3190056717","53.8654","Denmark"
"4145","LIXIL Corporation","5938.T","3188842904","11.088","Japan"
"4146","Avista","AVA","3186795264","38.05","United States"
"4147","Black Stone Minerals","BSM","3186404352","14.98","United States"
"4148","Warby Parker","WRBY","3184143616","25.76","United States"
"4149","NCsoft","036570.KS","3183451593","163.481","South Korea"
"4150","National Bank of Bahrain","NBB.BH","3179718022","2.32891","Bahrain"
"4151","Asyad Shipping Company","ASCO.OM","3179363470","0.61039","Oman"
"4152","Arcutis Biotherapeutics","ARQT","3173722112","25.25","United States"
"4153","Dexerials Corporation","4980.T","3172484806","18.9391","Japan"
"4154","Predictive Discovery Limited","PDI.AX","3172446169","3.21042","Australia"
"4155","Downer EDI Limited","DOW.AX","3172366462","4.81383","Australia"
"4156","NewAmsterdam Pharma Company","NAMS","3172189440","27.135","Netherlands"
"4157","Green Brick Partners","GRBK","3169028096","73.68","United States"
"4158","Old Mutual","OMU.JO","3167687500","0.794188","South Africa"
"4159","Pony AI","PONY","3166744832","7.2897","China"
"4160","Neuland Laboratories","NEULANDLAB.NS","3166387880","246.798","India"
"4161","Atkore","ATKR","3165838848","93.74","United States"
"4162","CJ Group","001040.KS","3165578999","94.4077","South Korea"
"4163","Mobimo Holding","MOBN.SW","3164421361","425.075","Switzerland"
"4164","Groupe Lagardère","MMB.PA","3160060132","22.1161","France"
"4165","First Hawaiian Bank","FHB","3158829056","25.96","United States"
"4166","Garden Reach Shipbuilders & Engineers Limited","GRSE.NS","3158278828","27.5707","India"
"4167","Ardagh Metal Packaging","AMBP","3155889408","5.28","Luxembourg"
"4168","Celldex Therapeutics","CLDX","3152175616","40.14","United States"
"4169","Momentum Metropolitan","MTM.JO","3149046700","2.44457","South Africa"
"4170","Perfect World Entertainment","002624.SZ","3148858767","1.62315","China"
"4171","Medacta Group","MOVE.SW","3148298960","158.116","Switzerland"
"4172","Elecnor","ENO.MC","3148159204","37.1708","Spain"
"4173","TransMedics Group","TMDX","3148156416","90.79","United States"
"4174","SKC Co., Ltd.","011790.KS","3147875556","63.7324","South Korea"
"4175","TORM","TRMD","3147789056","30.75","United Kingdom"
"4176","Mitsubishi Motors","7211.T","3145933859","2.3506","Japan"
"4177","BIC","BB.PA","3142518673","77.4878","France"
"4178","IAC Inc.","IAC","3142127872","42.24","United States"
"4179","Ionic Digital","IOND","3141773312","69.9393","United States"
"4180","CDSL","CDSL.NS","3141506361","15.0311","India"
"4181","Iwatani Corporation","8088.T","3134828515","13.6193","Japan"
"4182","Liftoff Mobile","LFTO","3132633088","18.5","United States"
"4183","Delek Logistics Partners","DKL","3129145856","54.14","United States"
"4184","Suruga Bank","8358.T","3125531100","18.4811","Japan"
"4185","Group 1 Automotive","GPI","3125411328","262.15","United States"
"4186","Solvay","SOLB.VI","3123869631","29.8998","Belgium"
"4187","Xanadu Quantum Technologies Limited","XNDU","3123044864","10.2599","Canada"
"4188","Outokumpu","OUT1V.HE","3122561591","6.62433","Finland"
"4189","ArcBest","ARCB","3119466752","139.565","United States"
"4190","H.B. Fuller","FUL","3117518336","57.96","United States"
"4191","California Water Service Group","CWT","3116072192","50.39","United States"
"4192","Shake Shack","SHAK","3112783360","72.76","United States"
"4193","Siltronic","WAF.F","3112735928","94.3253","Germany"
"4194","Hill &amp; Smith PLC","HILS.L","3112151726","39.9173","United Kingdom"
"4195","Tarsus Pharmaceuticals","TARS","3110865664","70.89","United States"
"4196","Optima bank","OPTIMA.AT","3109529216","14.0643","Greece"
"4197","Becle","CUERVO.MX","3107617967","0.865348","Mexico"
"4198","CleanSpark","CLSK","3107486720","12.1","United States"
"4199","The Marzetti Company","MZTI","3106397952","113.825","United States"
"4200","Power Integrations","POWI","3106275840","55.595","United States"
"4201","Comgás","CGAS5.SA","3106272555","23.4399","Brazil"
"4202","National Beverage","FIZZ","3106049536","33.18","United States"
"4203","Rinnai Corporation","5947.T","3104283887","22.4835","Japan"
"4204","IPG Photonics","IPGP","3100342528","72.89","United States"
"4205","TISCO Financial Group","TISCO.BK","3100284201","3.87195","Thailand"
"4206","Beam Therapeutics","BEAM","3099662848","30.01","United States"
"4207","Alumis","ALMS","3099326720","23.945","United States"
"4208","Tootsie Roll Industries","TR","3098972672","41.23","United States"
"4209","Vale Indonesia","INCO.JK","3094335936","0.293586","Indonesia"
"4210","Pinnacle Investment Management Group","PNI.AX","3092920329","12.8345","Australia"
"4211","Dubai Financial Market (DFM)","DFM.AE","3091706509","0.386668","United Arab Emirates"
"4212","Mivne Real Estate (K.D)","MVNE.TA","3091449408","4.27069","Israel"
"4213","Derwent London","DLN.L","3091384346","28.0713","United Kingdom"
"4214","Intapp","INTA","3091050752","40.4","United States"
"4215","ZF Commercial Vehicle Control Systems India","ZFCVINDIA.NS","3087714729","27.1315","India"
"4216","Kingsoft Cloud","KC","3086201856","10.309","China"
"4217","Hayward Holdings, Inc.","HAYW","3085279488","14.545","United States"
"4218","Acadia Realty Trust","AKR","3085041664","21.16","United States"
"4219","Alleima AB","ALLEI.ST","3083124890","12.319","Sweden"
"4220","Gulfport Energy","GPOR","3082297856","174.3","United States"
"4221","YETI Holdings","YETI","3074288128","42.12","United States"
"4222","Provident Financial Services","PFS","3074061056","23.57","United States"
"4223","SoundHound AI","SOUN","3068798976","6.91","United States"
"4224","Artisan Partners","APAM","3067755776","43.21","United States"
"4225","HUGO BOSS","BOSS.DE","3066402375","44.4302","Germany"
"4226","Tokyo Kiraboshi Financial Group","7173.T","3063569023","10.7022","Japan"
"4227","Maximus","MMS","3063452672","58.51","United States"
"4228","Invincible Investment Corporation","8963.T","3060384644","400.236","Japan"
"4229","Wingstop Restaurants","WING","3056068864","112.18","United States"
"4230","Walliser Kantonalbank","WKBN.SW","3052911365","194.231","Switzerland"
"4231","Ambarella","AMBA","3049715968","69.52","United States"
"4232","Pennon Group","PNN.L","3047495947","6.46021","United Kingdom"
"4233","Golden Agri-Resources","E5H.SI","3047206060","0.240284","Singapore"
"4234","Megaport Limited","MP1.AX","3044603567","12.5619","Australia"
"4235","CT REIT","CRT-UN.TO","3043197649","12.7302","Canada"
"4236","Vodafone Qatar","VFQS.QA","3042510682","0.71978","Qatar"
"4237","Bank of Hawaii","BOH","3042414592","77.12","United States"
"4238","TRIAL Holdings","141A.T","3042239791","24.7795","Japan"
"4239","Südzucker","SZU.F","3040622800","14.8916","Germany"
"4240","Jungheinrich","JUN3.F","3040270210","29.8066","Germany"
"4241","ALSO Holding","ALSN.SW","3040269590","238.787","Switzerland"
"4242","Brighthouse Financial","BHF","3040061184","52.86","United States"
"4243","Plug Power","PLUG","3031913728","2.17","United States"
"4244","BBVA Argentina","BBAR","3031893760","14.845","Argentina"
"4245","dormakaba","DOKA.SW","3029702847","72.8523","Switzerland"
"4246","Viscofan","VIS.MC","3029324734","66.6511","Spain"
"4247","Aveanna Healthcare","AVAH","3028783360","13.875","United States"
"4248","LIC Housing Finance","LICHSGFIN.NS","3023553308","5.49674","India"
"4249","Hakuhodo DY Holdings","2433.T","3022602549","8.41875","Japan"
"4250","NOK Corporation","7240.T","3018341636","19.0018","Japan"
"4251","Clas Ohlson AB","CLAS-B.ST","3017361724","47.4697","Sweden"
"4252","Hammerson Plc","HMSO.L","3013125858","5.16545","United Kingdom"
"4253","Resideo Technologies","REZI","3012652032","19.84","United States"
"4254","GoTo","GOTO.JK","3009520156","0.00282294","Indonesia"
"4255","DIC Corporation","4631.T","3009434174","31.7742","Japan"
"4256","DHT Holdings","DHT","3008816896","18.661","Bermuda"
"4257","Ferrotec Holdings Corporation","6890.T","3007361892","55.895","Japan"
"4258","Bank of Queensland","BOQ.AX","3006436262","4.58426","Australia"
"4259","Grenergy Renovables","GRE.MC","3004392327","106.852","Spain"
"4260","Kamigumi","9364.T","3001604891","30.5823","Japan"
"4261","BioArctic AB","BIOA-B.ST","3000386020","33.8169","Sweden"
"4262","Olam","VC2.SI","2997298913","0.794394","Singapore"
"4263","Alignment Healthcare","ALHC","2996400640","14.445","United States"
"4264","Infleqtion","INFQ","2993868544","13.285","United States"
"4265","Columbia Sportswear","COLM","2993777920","58.48","United States"
"4266","Meiko Electronics","6787.T","2993263549","116.62","Japan"
"4267","Asker Healthcare Group AB","ASKER.ST","2992890994","7.81359","Sweden"
"4268","Melexis NV","MELE.BR","2991603066","75.973","Belgium"
"4269","Liberty Energy","LBRT","2991298816","18.33","United States"
"4270","Premium Brands","PBH.TO","2990960945","57.5308","Canada"
"4271","MGE Energy","MGEE","2989524224","79.2","United States"
"4272","NetLink Trust","CJLU.SI","2988451337","0.766865","Singapore"
"4273","Extreme Networks","EXTR","2988236032","22.9","United States"
"4274","Aehr Test Systems","AEHR","2987713536","91.5902","United States"
"4275","Krungthai Card","KTC.BK","2987094235","1.15854","Thailand"
"4276","Baldwin Insurance Group","BWIN","2986501632","30.84","United States"
"4277","Urban Edge Properties","UE","2978172672","21.63","United States"
"4278","Veidekke","VEI.OL","2977160417","22.0602","Norway"
"4279","Syrma SGS Technology","SYRMA.NS","2976336778","15.4515","India"
"4280","ALTEN","ATE.PA","2975820675","87.1592","France"
"4281","Banc of California","BANC","2974570240","18.775","United States"
"4282","CBIZ","CBZ","2970404864","54.74","United States"
"4283","Nifco Inc.","7988.T","2967174092","31.862","Japan"
"4284","Kemira","KEMIRA.HE","2965731018","20.4847","Finland"
"4285","KWS","KWS.F","2964693535","89.8392","Germany"
"4286","Acer","2353.TW","2964664975","0.986181","Taiwan"
"4287","North Pacific Bank","8524.T","2961844250","7.91689","Japan"
"4288","Nagase &amp; Co.","8012.T","2961407634","7.26133","Japan"
"4289","NOS","NOS.LS","2959852146","5.77488","Portugal"
"4290","Yamada Holdings","9831.T","2959321168","4.45027","Japan"
"4291","National Storage REIT","NSR.AX","2956671487","1.93562","Australia"
"4292","Astra Industrial Group Company","1212.SR","2955386802","36.9423","Saudi Arabia"
"4293","Technogym","TGYM.MI","2953840829","14.8217","Italy"
"4294","DigitalBridge Group","DBRG","2951618048","15.965","United States"
"4295","DXP Enterprises","DXPE","2951361536","190.2","United States"
"4296","Leroy Seafood","LSG.OL","2951205589","4.95605","Norway"
"4297","Kalmar Oyj","KALMAR.HE","2948151377","46.1431","Finland"
"4298","GCL Technology","3800.HK","2946730455","0.0931231","Hong Kong"
"4299","Guoco","0053.HK","2944596004","8.94874","Hong Kong"
"4300","Teekay Tankers","TNK","2943474432","84.875","Canada"
"4301","Schneider Electric Infrastructure","SCHNEIDER.NS","2943374029","12.31","India"
"4302","CGN Mining Company","1164.HK","2942697726","0.387162","Hong Kong"
"4303","Oppein Home Group","603833.SS","2942348518","4.85755","China"
"4304","Upstart","UPST","2940800256","30.22","United States"
"4305","Aozora Bank","8304.T","2940269987","21.2476","Japan"
"4306","Seadrill","SDRL","2939760640","47.005","Bermuda"
"4307","Apollo Tyres","APOLLOTYRE.NS","2937728022","4.64403","India"
"4308","Vector Limited","VCT.NZ","2936456244","2.93646","New Zealand"
"4309","Piramal Pharma","PPLPHARMA.NS","2934562576","2.21473","India"
"4310","Valiant Holding","VATN.SW","2934407074","186.164","Switzerland"
"4311","Bandhan Bank","BANDHANBNK.NS","2929999882","1.81862","India"
"4312","Asset World Corp","AWC.BK","2929257215","0.0914634","Thailand"
"4313","Imax Corp","IMAX","2928568832","53.4","Canada"
"4314","Bravida Holding","BRAV.ST","2927784480","14.3564","Sweden"
"4315","Central Bank of India","CENTRALBK.NS","2925040477","0.323159","India"
"4316","National Mobile Telecommunications Company","OOREDOO.KW","2923989704","5834.42","Kuwait"
"4317","Zai Lab","ZLAB","2921167104","26.02","China"
"4318","Unibel S.A.","UNBL.PA","2915692559","1370.66","France"
"4319","IIFL Finance","IIFL.NS","2915668819","6.85573","India"
"4320","Adeia","ADEA","2914704384","26.43","United States"
"4321","Bitdeer Technologies Group","BTDR","2913505792","10.72","Singapore"
"4322","Crane NXT","CXT","2912601856","50.6","United States"
"4323","SpareBank 1","SPOL.OL","2912526659","21.4444","Norway"
"4324","Japan Petroleum Exploration","1662.T","2910983817","11.4048","Japan"
"4325","Rasan Information Technology Company","8313.SR","2910770457","37.5549","Saudi Arabia"
"4326","Knowles","KN","2903951104","34","United States"
"4327","Acadia Healthcare","ACHC","2903331840","31.185","United States"
"4328","Redington India","REDINGTON.NS","2902502130","3.71271","India"
"4329","Al Rajhi Company for Cooperative Insurance","8230.SR","2900519547","14.5026","Saudi Arabia"
"4330","United Natural Foods","UNFI","2898866944","47.9","United States"
"4331","WD-40 Company","WDFC","2898352896","215.955","United States"
"4332","Digi International","DGII","2897718784","76.36","United States"
"4333","Zeon Corporation","4205.T","2897682853","15.1437","Japan"
"4334","Clicks Group","CLS.JO","2895289900","12.4953","South Africa"
"4335","Mari Petroleum Company","MARI.PK","2893117500","2.40968","Pakistan"
"4336","Y.H. Dimri Construction &amp; Development","DIMRI.TA","2891181116","125.496","Israel"
"4337","Röko AB","ROKO-B.ST","2890439048","197.65","Sweden"
"4338","FB Financial","FBK","2890235648","57.83","United States"
"4339","Craftsman Automation","CRAFTSMAN.NS","2889263998","110.469","India"
"4340","Silvercorp Metals","SVM","2885636352","13.045","Canada"
"4341","Hanwha Engine","082740.KS","2884259135","34.5729","South Korea"
"4342","Brookdale Senior Living","BKD","2882524160","12.07","United States"
"4343","MARAFIQ (The Power and Water Utility Company for Jubail and Yanbu)","2083.SR","2879211782","11.5168","Saudi Arabia"
"4344","DNOW Inc.","DNOW","2878111232","15.92","United States"
"4345","SPS Commerce","SPSC","2877494016","79.93","United States"
"4346","Daido Steel","5471.T","2876708218","14.3941","Japan"
"4347","Tecan","TECN.SW","2876526050","233.45","Switzerland"
"4348","VGP NV","VGP.BR","2874919031","94.7332","Belgium"
"4349","Taiheiyo Cement","5233.T","2873676162","26.3729","Japan"
"4350","TAG Immobilien","TEG.F","2873335065","15.1014","Germany"
"4351","Cellebrite","CLBT","2871499008","11.45","Israel"
"4352","Keio Corporation","9008.T","2869975614","4.95778","Japan"
"4353","Piramal Enterprises","PEL.NS","2868636868","12.7318","India"
"4354","Harley-Davidson","HOG","2863554816","27.515","United States"
"4355","Russel Metals","RUS.TO","2862635938","52.1427","Canada"
"4356","Dream Industrial REIT","DIR-UN.TO","2862023642","9.94774","Canada"
"4357","Tofaş Türk Otomobil Fabrikası","TOASO.IS","2860429635","5.72086","Turkey"
"4358","Jollibee","JBFCF","2857786624","2.55","Philippines"
"4359","Juroku Financial Group","7380.T","2857573784","16.1349","Japan"
"4360","ManpowerGroup","MAN","2853690624","61.36","United States"
"4361","Dätwyler","DAE.SW","2848313435","167.548","Switzerland"
"4362","Santam","SNT.JO","2844821600","26.0428","South Africa"
"4363","Fauji Fertilizer Company","FFC.PK","2843062434","1.97569","Pakistan"
"4364","International Petroleum","IPCO.TO","2840390095","25.2874","Canada"
"4365","Ocado","OCDO.L","2838726103","3.39739","United Kingdom"
"4366","Redwire","RDW","2838665984","11.355","United States"
"4367","Veeco","VECO","2837141504","46.485","United States"
"4368","Worthington Enterprises","WOR","2835551744","57.955","United States"
"4369","Quaker Houghton","KWR","2833075968","164.64","United States"
"4370","Seino Holdings","9076.T","2831834400","17.4147","Japan"
"4371","Titan America","TTAM","2830130944","15.35","United States"
"4372","Construcciones y Auxiliar de Ferrocarriles","CAF.MC","2829223838","82.6148","Spain"
"4373","Rémy Cointreau","RCO.PA","2828335127","54.0105","France"
"4374","Altarea","ALTA.PA","2825141917","114.192","France"
"4375","Enerjisa Enerji","ENJSA.IS","2822975039","2.39019","Turkey"
"4376","TODA corp","1860.T","2822857868","9.5354","Japan"
"4377","Société Industrielle et Financière de l'Artois","ARTO.PA","2822675285","10603.6","France"
"4378","Empresas CMPC","CMPC.SN","2822475323","1.12899","Chile"
"4379","Peab","PEAB-B.ST","2822006477","10.0978","Sweden"
"4380","IHS Towers","IHS","2820072192","8.335","United Kingdom"
"4381","Enea","ENA.WA","2818802623","5.3212","Poland"
"4382","BIPROGY","8056.T","2818360764","29.1708","Japan"
"4383","Frasers Logistics &amp; Industrial Trust","BUOU.SI","2815844180","0.739337","Singapore"
"4384","McGrath RentCorp","MGRC","2812615168","115.15","United States"
"4385","Indian Telephone Industries","ITI.NS","2811287067","2.91975","India"
"4386","Adeka Corporation","4401.T","2810615555","28.9826","Japan"
"4387","Boise Cascade","BCC","2805264640","80.4","United States"
"4388","Grafton Group","GFTU.L","2805204778","14.1588","Ireland"
"4389","Helios Towers","HTWS.L","2803681258","2.76089","United Kingdom"
"4390","American Eagle Outfitters","AEO","2801826048","16.72","United States"
"4391","Altius Minerals","ALS.TO","2800518867","47.6699","Canada"
"4392","Electra","ELTR.TA","2800145704","36.5482","Israel"
"4393","Coface","COFA.PA","2798921456","18.7136","France"
"4394","Verallia","VRLA.PA","2798868359","22.4423","France"
"4395","Banque Cantonale de Genève","BCGE.SW","2798819276","39.0945","Switzerland"
"4396","Sinda Ltd.","SIND","2797895424","17.62","Mexico"
"4397","Northern Oil and Gas","NOG","2796381952","26.245","United States"
"4398","Callaway Golf Company","CALY","2795474944","15.66","United States"
"4399","AUB Group","AUB.AX","2794820375","21.3932","Australia"
"4400","Talos Energy","TALO","2791662592","16.72","United States"
"4401","AvePoint","AVPT","2788432384","13.18","United States"
"4402","Megacable Holdings","MEGACPO.MX","2788226740","3.21707","Mexico"
"4403","Ducommun","DCO","2785607168","184.48","United States"
"4404","The Metals Company","TMC","2781088512","4.915","Canada"
"4405","Stanley Electric","6923.T","2780303625","22.5838","Japan"
"4406","DB HiTek","000990.KS","2780143229","66.0421","South Korea"
"4407","NETSCOUT","NTCT","2778873600","38.22","United States"
"4408","Danaos","DAC","2777500416","152.58","Greece"
"4409","ABM Industries","ABM","2776150016","47.39","United States"
"4410","Sumitomo Chemical
 India","SUMICHEM.NS","2775328204","5.56016","India"
"4411","SiriusPoint","SPNT","2774601472","23.885","Bermuda"
"4412","PT XLSMART Telecom Sejahtera Tbk","EXCL.JK","2774369410","0.152439","Indonesia"
"4413","Four Corners Property Trust","FCPT","2773544448","25.27","United States"
"4414","Appian","APPN","2773420800","38.72","United States"
"4415","First Pacific Company","0142.HK","2772874256","0.650586","Hong Kong"
"4416","SIA Engineering Company","S59.SI","2770314835","2.4697","Singapore"
"4417","Procter &amp; Gamble India","PGHH.NS","2768461666","85.2865","India"
"4418","Boralex","BLX.TO","2766370481","26.9219","Canada"
"4419","Cosan","CSAN","2765987072","2.805","Brazil"
"4420","Nurix Therapeutics","NRIX","2764225024","26.635","United States"
"4421","Vaudoise Assurances","VAHN.SW","2764135651","948.197","Switzerland"
"4422","Soleno Therapeutics","SLNO","2762888960","53.01","United States"
"4423","Alarm.com","ALRM","2762307072","56.27","United States"
"4424","Amber Enterprises India","AMBER.NS","2759996090","78.2583","India"
"4425","Vietnam Airlines","HVN.VN","2759603928","0.886905","Vietnam"
"4426","Viridian Therapeutics","VRDN","2758666752","24.35","United States"
"4427","Central Garden &amp; Pet","CENT","2757203968","44.05","United States"
"4428","SELLAS Life Sciences","SLS","2756558848","13.65","United States"
"4429","REN (Redes Energéticas Nacionais)","RENE.LS","2755418162","4.15404","Portugal"
"4430","Colbún","COLBUN.SN","2754941822","0.157101","Chile"
"4431","Restoration Hardware","RH","2754237952","145.525","United States"
"4432","Ninety One Group","N91.L","2753002298","2.87241","South Africa"
"4433","TGS ASA","TGS.OL","2752446450","14.0071","Norway"
"4434","Sundrug","9989.T","2751269475","23.5186","Japan"
"4435","UACJ Corporation","5741.T","2750012662","15.1876","Japan"
"4436","atai Life Sciences","ATAI","2749961472","7.415","Germany"
"4437","Kyndryl","KD","2749955584","12.625","United States"
"4438","Dialog Group","7277.KL","2749791714","0.48732","Malaysia"
"4439","Charoen Pokphand Indonesia","CPIN.JK","2749664647","0.167683","Indonesia"
"4440","Keller Group","KLR.L","2748819541","40.5293","United Kingdom"
"4441","Visteon","VC","2746425600","102.88","United States"
"4442","Slide Insurance","SLDE","2743907328","23.49","United States"
"4443","Regencell Bioscience","RGC","2739468544","5.54","Hong Kong"
"4444","Grindr","GRND","2738543872","15.755","United States"
"4445","Select Water Solutions","WTTR","2737633536","19.18","United States"
"4446","Liontown Resources","LTR.AX","2736877213","0.860894","Australia"
"4447","Anritsu Corporation","6754.T","2735583363","21.3731","Japan"
"4448","Shurgard Self Storage","SHUR.BR","2735500455","27.0916","Luxembourg"
"4449","AWL Agri Business","AWL.NS","2733883564","2.11631","India"
"4450","Ahli Bank","ABQK.QA","2733370998","1.07143","Qatar"
"4451","Foxconn Technology Co., Ltd.","2354.TW","2732124353","1.93153","Taiwan"
"4452","Gav-Yam Lands","GVYM.TA","2727574493","12.3645","Israel"
"4453","The Bancorp, Inc.","TBBK","2726598144","66.85","United States"
"4454","Toho Gas","9533.T","2726130336","7.65969","Japan"
"4455","Nickel Industries Limited","NIC.AX","2725585775","0.627735","Australia"
"4456","Bufab AB","BUFAB.ST","2721029576","14.3459","Sweden"
"4457","Exxaro Resources","EXX.JO","2720821000","11.6203","South Africa"
"4458","Alpha Metallurgical Resources","AMR","2720415744","214.56","United States"
"4459","Axogen","AXGN","2720063744","50.595","United States"
"4460","Ebos Group","EBO.NZ","2712896400","13.1071","New Zealand"
"4461","SJVN","SJVN.NS","2712490356","0.690237","India"
"4462","Privia Health Group","PRVA","2712435968","21.235","United States"
"4463","DRDGOLD","DRD","2710617856","31.25","South Africa"
"4464","Anima Holding","ANIM.MI","2709500139","8.33139","Italy"
"4465","MITSUI E&amp;S","7003.T","2707080182","26.8246","Japan"
"4466","Catena AB","CATE.ST","2705528701","40.7483","Sweden"
"4467","Pacific Basin Shipping","2343.HK","2705143684","0.524933","Hong Kong"
"4468","John Wiley &amp; Sons","WLY","2704430336","53.275","United States"
"4469","The Navigator Company","NVG.LS","2701534070","3.79865","Portugal"
"4470","Metro Brands","METROBRAND.NS","2701011664","9.9086","India"
"4471","Dallah Healthcare","4004.SR","2698216744","26.7679","Saudi Arabia"
"4472","Precigen","PGEN","2697795328","7.535","United States"
"4473","Academy Sports + Outdoors","ASO","2696248576","43.475","United States"
"4474","Bird Construction","BDT.TO","2696180847","48.6646","Canada"
"4475","Stella-Jones","SJ.TO","2695241550","49.3927","Canada"
"4476","Indah Kiat Pulp &amp; Paper","INKP.JK","2695027633","0.492604","Indonesia"
"4477","SWCC Corporation","5805.T","2693210631","90.9","Japan"
"4478","Ambu","AMBU-B.CO","2692730987","10.294","Denmark"
"4479","CCC S.A.","CCC.WA","2691198839","34.9389","Poland"
"4480","Trustmark","TRMK","2690608896","46.21","United States"
"4481","Alps Alpine Co., Ltd.","6770.T","2686507628","13.7667","Japan"
"4482","WaFd Bank","WAFD","2686027264","36.3","United States"
"4483","Shinsegae","004170.KS","2683183362","306.031","South Korea"
"4484","OneSpaWorld","OSW","2682610944","26.43","Bahamas"
"4485","DMG Mori","6141.T","2682041563","19.0081","Japan"
"4486","DO &amp; CO Aktiengesellschaft","DOC.VI","2674834243","243.533","Austria"
"4487","NBT Bancorp","NBTB","2673085184","51.445","United States"
"4488","Omantel (Oman Telecom)","OTEL.OM","2668831235","3.55844","Oman"
"4489","First Bancorp","FBNC","2668430336","64.495","United States"
"4490","Patrick Industries","PATK","2667100672","83.04","United States"
"4491","BKV Corporation","BKV","2665905664","24.36","United States"
"4492","Corem Property Group AB","CORE-PREF.ST","2665879291","24.6275","Sweden"
"4493","Almirall","ALM.MC","2662383253","12.2349","Spain"
"4494","Nokian Tyres","TYRES.HE","2661485374","19.2962","Finland"
"4495","Jenoptik","JEN.F","2661152174","46.4927","Germany"
"4496","H2O America","HTO","2660837120","63.57","United States"
"4497","Bank of Bahrain and Kuwait","BBK.BH","2659835120","1.40318","Bahrain"
"4498","Elmos Semiconductor","ELG.DE","2658799193","154.976","Germany"
"4499","Cementir","CEM.MI","2656633843","17.0823","Italy"
"4500","Dah Sing Banking Group","2356.HK","2655817206","1.88925","Hong Kong"
"4501","Meliá Hotels International","MEL.MC","2654411219","12.0485","Spain"
"4502","KOBAYASHI Pharmaceutical","4967.T","2653984661","35.7013","Japan"
"4503","Beacon Financial Corporation","BBT","2651522048","31.635","United States"
"4504","Aktieselskabet Schouw & Co.","SCHO.CO","2650771010","118.292","Denmark"
"4505","GeneDx Holdings","WGS","2648092416","88.795","United States"
"4506","Customers Bancorp","CUBI","2646083072","78.35","United States"
"4507","ZhongAn Insurance","6060.HK","2645721275","1.57034","China"
"4508","Redefine Properties","RDF.JO","2644165800","0.37893","South Africa"
"4509","LEW (Lechwerke)","LEC.F","2643273041","74.5747","Germany"
"4510","Sankyu","9065.T","2642115034","52.6894","Japan"
"4511","Saudi International Petrochemical Company (Sipchem)","2310.SR","2634882567","3.59302","Saudi Arabia"
"4512","Euronet Worldwide","EEFT","2634709504","70.44","United States"
"4513","Whirlpool","WHR","2634706688","40.41","United States"
"4514","Advance Auto Parts","AAP","2633370112","43.65","United States"
"4515","Kotobuki Spirits","2222.T","2630300497","17.032","Japan"
"4516","Jamjoom Pharmaceuticals Factory Company","4015.SR","2628845481","37.5549","Saudi Arabia"
"4517","Hanon Systems","018880.KS","2625848774","2.55868","South Korea"
"4518","Al Ahli Bank of Kuwait","ABK.KW","2625845670","961.538","Kuwait"
"4519","ACC","ACC.NS","2621289719","13.9588","India"
"4520","Solaria Energía","SLR.MC","2621234132","19.7623","Spain"
"4521","Vera Therapeutics","VERA","2619502080","36.35","United States"
"4522","Mabuchi Motor","6592.T","2618820618","10.9939","Japan"
"4523","Bank Mega","MEGA.JK","2618374312","0.111506","Indonesia"
"4524","Keikyu Corporation","9006.T","2617608412","9.93375","Japan"
"4525","First Merchants Corporation","FRME","2617563392","41.68","United States"
"4526","Carmila","CARM.PA","2615964088","18.8767","France"
"4527","CMC Markets Plc","CMCX.L","2615353602","9.69712","United Kingdom"
"4528","Multiplan Empreendimentos Imobiliários","MULT3.SA","2614544740","5.32443","Brazil"
"4529","Sharp Corporation","6753.T","2610570136","4.02055","Japan"
"4530","Takara Holdings","2531.T","2609742127","13.6319","Japan"
"4531","Pharvaris","PHVS","2608799232","37.16","Netherlands"
"4532","Mr Price Group","MRP.JO","2608714400","10.1466","South Africa"
"4533","Lincoln International, Inc.","LCLN","2608567040","24.795","United States"
"4534","Diamondrock Hospitality Company","DRH","2607414528","12.695","United States"
"4535","CapitaLand Ascott Trust","HMN.SI","2605166131","0.676414","Singapore"
"4536","Benchmark Electronics","BHE","2604913408","72.52","United States"
"4537","Haw Par","H02.SI","2604720742","11.7665","Singapore"
"4538","Supernus Pharmaceuticals","SUPN","2598655232","44.675","United States"
"4539","Sunshine Silver Mining & Refining Company","SSMR","2597139712","18.07","United States"
"4540","Fairfax India Holdings","FIH-U.TO","2597133824","19.35","Canada"
"4541","Penguin Solutions","PENG","2596723712","50.675","United States"
"4542","Greggs","GRG.L","2595778187","25.46","United Kingdom"
"4543","Ultragenyx Pharmaceutical","RARE","2592887296","26.3","United States"
"4544","Curaleaf","CURLF","2590400512","9.78","United States"
"4545","Doosan Fuel Cell","336260.KS","2589430761","32.8406","South Korea"
"4546","Financière Moncey Société anonyme","FMONC.PA","2585067794","138.662","France"
"4547","Pluxee","PLX.PA","2583980495","18.8068","France"
"4548","ID Logistics Group","IDL.PA","2582856804","395.013","France"
"4549","NextNav","NN","2580259328","15.285","United States"
"4550","Banco di Desio e della Brianza","BDB.MI","2579859796","19.6225","Italy"
"4551","Neogen","NEOG","2578012928","11.82","United States"
"4552","(DIA) Distribuidora Internacional de Alimentación","DIA.MC","2577524117","44.7448","Spain"
"4553","Hesai Group","HSAI","2577132032","16.4","China"
"4554","Intuitive Machines","LUNR","2576061696","16.055","United States"
"4555","Home Product Center","HMPRO.BK","2574469679","0.199695","Thailand"
"4556","Webuild S.p.A.","WBD.MI","2573965114","2.60312","Italy"
"4557","Gulf Navigation Holding","GULFNAV.AE","2573409983","0.822261","United Arab Emirates"
"4558","NRW Holdings Limited","NWH.AX","2571089898","5.59581","Australia"
"4559","Trump Media &amp; Technology Group","DJT","2569566976","9.245","United States"
"4560","Ouster","OUST","2567198976","35.6","United States"
"4561","XD Inc.","2400.HK","2566786789","5.41134","China"
"4562","Snowline Gold Corp.","SGD.TO","2564492117","13.6097","Canada"
"4563","CareDx","CDNA","2559550720","49.475","United States"
"4564","Alfresa Holdings Corporation","2784.T","2558975431","14.5885","Japan"
"4565","Lumo Kodit Oyj","LUMO.HE","2558009412","9.65975","Finland"
"4566","Newell Brands","NWL","2557529600","6.005","United States"
"4567","StubHub Holdings","STUB","2554271232","6.685","United States"
"4568","Sasa Polyester","SASA.IS","2553436588","0.0486351","Turkey"
"4569","InvenTrust Properties","IVT","2549894912","32.7","United States"
"4570","Ströer","SAX.F","2549163064","45.7003","Germany"
"4571","Kaiser Aluminum","KALU","2548332800","155.87","United States"
"4572","PHINIA","PHIN","2546713600","69.51","United States"
"4573","Nektar Therapeutics","NKTR","2546384384","74.58","United States"
"4574","EMEIS","EMEIS.PA","2543522532","15.7889","France"
"4575","Asahi India Glass","ASAHIINDIA.NS","2541602980","9.96992","India"
"4576","Resorttrust","4681.T","2540374022","11.9632","Japan"
"4577","Deepak Nitrite","DEEPAKNTR.NS","2540088265","18.6233","India"
"4578","CA Immo","BZY.F","2539991272","27.6159","Austria"
"4579","Fletcher Building","FBU.NZ","2538180011","2.35986","New Zealand"
"4580","Hatsun Agro Products","HATSUN.NS","2536919040","11.3892","India"
"4581","nLIGHT","LASR","2529351680","43.8437","United States"
"4582","Trevi Therapeutics","TRVI","2527521280","17.74","United States"
"4583","OEM International","OEM-B.ST","2526554667","18.2107","Sweden"
"4584","NBCC India","NBCC.NS","2524758383","0.935096","India"
"4585","SoftwareONE","SWON.SW","2524326044","11.7532","Switzerland"
"4586","Fuyo General Lease","8424.T","2523169620","27.9726","Japan"
"4587","Toyota Boshoku Corporation","3116.T","2522324344","14.118","Japan"
"4588","Paltac Corporation","8283.T","2521755756","41.5919","Japan"
"4589","Autohome","ATHM","2521091072","21.89","China"
"4590","VusionGroup","VU.PA","2521011715","149.732","France"
"4591","Basic-Fit","BFIT.AS","2520620347","38.8721","Netherlands"
"4592","Shikoku Electric Power Company","9507.T","2520290091","12.2643","Japan"
"4593","Zain Saudi Arabia","7030.SR","2518213113","2.80197","Saudi Arabia"
"4594","Eutelsat","ETL.PA","2517038077","2.13703","France"
"4595","Wihlborgs Fastigheter AB","WIHL.ST","2513496283","8.17592","Sweden"
"4596","Kayne Anderson Capital Advisors","KYN","2511183360","14.848","United States"
"4597","Meshek Energy - Renewable Energies","MSKE.TA","2509858275","3.39232","Israel"
"4598","Wienerberger","WIB.F","2509276045","22.9783","Austria"
"4599","OQ Gas Network Company","OQGN.OM","2508387424","0.579221","Oman"
"4600","Bavarian Nordic","BAVA.CO","2507535042","33.1342","Denmark"
"4601","Electrolux","ELUX-A.ST","2505576682","3.08763","Sweden"
"4602","KCC Corp","002380.KS","2505390778","340.676","South Korea"
"4603","L1 Group","L1G.AX","2504132282","0.97568","Australia"
"4604","Taiba Investments","4090.SR","2503662194","5.00732","Saudi Arabia"
"4605","Teradata","TDC","2503559936","26.92","United States"
"4606","Ratch Group","RATCH.BK","2503239488","1.15091","Thailand"
"4607","PagSeguro","PAGS","2502865920","9.08","Brazil"
"4608","Şişecam","SISE.IS","2502746147","0.836357","Turkey"
"4609","BioCryst Pharmaceuticals","BCRX","2501688576","9.79","United States"
"4610","Técnicas Reunidas","TRE.MC","2501326681","32.0438","Spain"
"4611","Huron Consulting","HURN","2500108800","157.14","United States"
"4612","Hawkins","HWKN","2498125056","119.67","United States"
"4613","Gabriel India","GABRIEL.NS","2494172123","14.0731","India"
"4614","Immofinanz","IMO1.F","2491958758","18.0611","Austria"
"4615","Metaplanet Inc.","3350.T","2491733876","1.94472","Japan"
"4616","First Busey","BUSE","2491346944","30.17","United States"
"4617","Kalpataru Projects International","KPIL.NS","2490470344","14.5836","India"
"4618","TietoEVRY","TIETO.HE","2490103787","22.4773","Finland"
"4619","SSI Securities Corporation","SSI.VN","2489407803","0.829438","Vietnam"
"4620","Kusuri No Aoki Holdings","3549.T","2488963295","26.2098","Japan"
"4621","Stock Yards Bancorp","SYBT","2488904192","80.115","United States"
"4622","Rockpoint Gas Storage","RGSI.TO","2488750622","18.843","Canada"
"4623","Al Moammar Information Systems","7200.SR","2488214235","82.9405","Saudi Arabia"
"4624","ReNew Energy Global","RNW","2488129792","6.825","India"
"4625","Tiger Brands","TBS.JO","2486858800","17.0111","South Africa"
"4626","LCI Industries","LCII","2486094848","102.26","United States"
"4627","Kardex Holding","KARN.SW","2485430559","322.064","Switzerland"
"4628","Veridis Environment","VRDS.TA","2483103983","16.1741","Israel"
"4629","Hacksaw AB","HACK.ST","2478336103","8.56975","Sweden"
"4630","KIOCL","KIOCL.NS","2477776101","4.07696","India"
"4631","Nuvation Bio","NUVB","2477174272","7.055","United States"
"4632","Bure Equity AB","BURE.ST","2475601312","33.2288","Sweden"
"4633","Seven Bank","8410.T","2475124168","2.11912","Japan"
"4634","Hub Group","HUBG","2473659648","40.45","United States"
"4635","Navios Maritime Partners","NMM","2473274624","87.0117","Monaco"
"4636","Applied Aerospace &amp; Defense","AADX","2472123136","14.34","United States"
"4637","Spark New Zealand","SPK.NZ","2471786334","1.30773","New Zealand"
"4638","Merchants Bancorp","MBIN","2471468544","53.8","United States"
"4639","Compagnie Financière Tradition","CFT.SW","2470285895","321.62","Switzerland"
"4640","Prime Focus","PFOCUS.NS","2469738836","3.17132","India"
"4641","FIGS","FIGS","2468844032","14.86","United States"
"4642","Bausch Health","BHC","2468337664","6.6","Canada"
"4643","Nissui Corporation","1332.T","2467558005","8.13646","Japan"
"4644","Rapport Therapeutics","RAPP","2467043584","51.42","United States"
"4645","Inter &amp; Co","INTR","2465852672","5.585","Brazil"
"4646","Sonic Automotive","SAH","2464689920","77.96","United States"
"4647","Chicony Electronics","2385.TW","2464488318","3.36055","Taiwan"
"4648","Uniti","UNIT","2463660032","10.15","United States"
"4649","Exail Technologies","EXA.PA","2462104571","145.071","France"
"4650","Helios Technologies","HLIO","2461572864","74.705","United States"
"4651","Aroundtown","AT1.F","2461527810","2.37707","Luxembourg"
"4652","Fuji Oil Holdings","2607.T","2460710902","28.6187","Japan"
"4653","Medical Properties Trust","MPT","2457477888","4.115","United States"
"4654","Penta-Ocean Construction","1893.T","2456447523","9.08686","Japan"
"4655","Nippon Shokubai","4114.T","2454336184","16.6085","Japan"
"4656","Enerflex","EFXT","2454267904","20.1","Canada"
"4657","Philip Morris ČR","TABAK.PR","2452827123","893.436","Czech Republic"
"4658","Biohaven","BHVN","2452195840","16.235","United States"
"4659","OVH Groupe","OVH.PA","2452155412","16.2083","France"
"4660","Prestige Consumer Healthcare","PBH","2450210304","51.72","United States"
"4661","Österreichische Post","POST.VI","2448015771","36.2386","Austria"
"4662","Dunelm Group","DNLM.L","2444366449","12.1248","United Kingdom"
"4663","Timken India","TIMKEN.NS","2443138407","32.4805","India"
"4664","Headwater Exploration","HWX.TO","2442329226","10.2721","Canada"
"4665","Bangchak Corporation","BCP.BK","2442004037","1.66921","Thailand"
"4666","Calix","CALX","2440484096","38.76","United States"
"4667","Cadeler A/S","CDLR","2439752192","25.29","Denmark"
"4668","Atrium Therapeutics","RNA","2438628096","15.47","United States"
"4669","Genting Malaysia Berhad","4715.KL","2437890009","0.430134","Malaysia"
"4670","Douglas Emmett","DEI","2436091136","12.115","United States"
"4671","eToro","ETOR","2435119616","30.62","Israel"
"4672","Bet Shemesh Engines","BSEN.TA","2434459659","254.962","Israel"
"4673","Barwa Real Estate Company","BRES.QA","2434166928","0.625549","Qatar"
"4674","Maruichi Steel Tube","5463.T","2434146183","10.9939","Japan"
"4675","Kojamo","KOJAMO.HE","2433839402","10.1349","Finland"
"4676","Cyfrowy Polsat","CPS.WA","2432799938","4.41762","Poland"
"4677","Doha Bank","DHBK.QA","2430970585","0.784066","Qatar"
"4678","Hufvudstaden AB","HUFV-A.ST","2430400374","12.508","Sweden"
"4679","V2X","VVX","2426130688","77.4","United States"
"4680","Fabege AB","FABG.ST","2424939611","7.70857","Sweden"
"4681","Kodiak Sciences","KOD","2424732160","38.58","United States"
"4682","GMO internet group","9449.T","2422513570","25.3943","Japan"
"4683","Rakus Co., Ltd.","3923.T","2416916291","6.82534","Japan"
"4684","Toei Company","9605.T","2414711421","38.6435","Japan"
"4685","Burgan Bank","BURG.KW","2411810108","616.036","Kuwait"
"4686","Payoneer","PAYO","2410923776","7.115","United States"
"4687","Force Motors","FORCEMOT.NS","2410072788","182.91","India"
"4688","Maple Leaf Foods","MFI.TO","2408836176","19.3116","Canada"
"4689","AtriCure","ATRC","2408264960","47.345","United States"
"4690","Imerys","NK.PA","2403799542","28.3617","France"
"4691","nib holdings limited","NHF.AX","2402649102","4.91427","Australia"
"4692","Kokuyo","7984.T","2402086349","5.70493","Japan"
"4693","Rengo Co., Ltd.","3941.T","2397887722","9.90552","Japan"
"4694","Banner Bank","BANR","2395936000","70.5","United States"
"4695","Big Yellow Group","BYG.L","2393176722","12.2064","United Kingdom"
"4696","Savills","SVS.L","2391822335","14.3893","United Kingdom"
"4697","Cohu","COHU","2390590720","50.5","United States"
"4698","Pakistan Petroleum","PPL.PK","2390023231","0.878373","Pakistan"
"4699","Ingevity","NGVT","2389609216","69.51","United States"
"4700","EMSTEEL Building Materials PJSC","EMSTEEL.AE","2387539485","0.35","United Arab Emirates"
"4701","Grindwell Norton","GRINDWELL.NS","2385884740","21.5488","India"
"4702","Tata Elxsi","TATAELXSI.NS","2383528516","38.2592","India"
"4703","Morinaga Milk Industry","2264.T","2381385729","7.37739","Japan"
"4704","Iljin Electric","103590.KS","2381317015","49.9466","South Korea"
"4705","Emaar The Economic City","4220.SR","2379877787","2.69543","Saudi Arabia"
"4706","Federal Agricultural Mortgage Corporation","AGM","2379349248","219.23","United States"
"4707","Itaú CorpBanca","ITCLY","2378989568","3.1","Chile"
"4708","Boyd Group","BYD.TO","2376463823","85.392","Canada"
"4709","Himax Technologies","HIMX","2375681024","13.62","Taiwan"
"4710","Proximus","PROX.VI","2373503873","7.34677","Belgium"
"4711","TORIDOLL Holdings Corporation","3397.T","2373058983","26.9877","Japan"
"4712","Chemours","CC","2369606656","15.745","United States"
"4713","Coty","COTY","2368454656","2.69","United States"
"4714","Five9","FIVN","2368362240","31.695","United States"
"4715","AF Gruppen","AFG.OL","2368308908","20.8608","Norway"
"4716","Trinity Industries","TRN","2365387264","29.69","United States"
"4717","Natura Cosméticos S.A.","NATU3.SA","2363625607","1.72113","Brazil"
"4718","Alony Hetz","ALHE.TA","2361333615","10.4361","Israel"
"4719","AMC Entertainment","AMC","2360939264","2.645","United States"
"4720","Ocular Therapeutix","OCUL","2360870656","10.75","United States"
"4721","PENN Entertainment","PENN","2359697408","17.575","United States"
"4722","Okinawa Cellular Telephone Company","9436.T","2357912268","25.7205","Japan"
"4723","African Rainbow Minerals","ARI.JO","2356439900","11.7368","South Africa"
"4724","Vaisala","VAIAS.HE","2356371978","64.6702","Finland"
"4725","City Union Bank","CUB.NS","2355407189","2.37731","India"
"4726","Rathbones Group","RAT.L","2354136610","23.1208","United Kingdom"
"4727","Hycroft Mining","HYMC","2353769216","25.26","United States"
"4728","Blackstone Mortgage Trust","BXMT","2353711104","13.965","United States"
"4729","Odfjell Drilling","0QHX.IL","2353100385","9.93779","United Kingdom"
"4730","KRUK Spólka Akcyjna","KRU.WA","2352047959","120.35","Poland"
"4731","Skyward Specialty Insurance Group","SKWD","2351902976","58.01","United States"
"4732","Calbee, Inc.","2229.T","2350813350","19.3343","Japan"
"4733","Nojima Corporation","7419.T","2349869610","8.03608","Japan"
"4734","Sanki Engineering","1961.T","2347965273","15.3696","Japan"
"4735","HCI Group","HCI","2346716672","188.66","United States"
"4736","Innospec","IOSP","2346353664","95.26","United States"
"4737","Metcash","MTS.AX","2346208407","2.13345","Australia"
"4738","OSB Group Plc","OSB.L","2344910938","6.94303","United Kingdom"
"4739","Investis Holding","IREN.SW","2343390656","183.682","Switzerland"
"4740","Graubündner Kantonalbank","GRKP.SW","2342506757","3164.79","Switzerland"
"4741","Zip Co","ZIP.AX","2341857231","1.87962","Australia"
"4742","Partner Communications","PTNR.TA","2339950514","12.4688","Israel"
"4743","Lucky Cement","LUCK.PK","2339275981","1.59678","Pakistan"
"4744","Peloton","PTON","2339186688","5.33","United States"
"4745","Pitney Bowes","PBI","2338758912","17.06","United States"
"4746","Daicel Corporation","4202.T","2337830598","9.14959","Japan"
"4747","Korea Gas","036460.KS","2337037406","26.7777","South Korea"
"4748","Boardwalk Real Estate Investment Trust","BEI-UN.TO","2336903910","46.4588","Canada"
"4749","OYAK Çimento","OYAKC.IS","2336178339","0.480531","Turkey"
"4750","Mister Car Wash","MCW","2335151104","7.1","United States"
"4751","Hornbach Baumarkt","HBM.HM","2334920718","73.4095","Germany"
"4752","UFP Technologies","UFPT","2334155008","301.345","United States"
"4753","SPACE42","SPACE42.AE","2334013179","0.49","United Arab Emirates"
"4754","AEON Financial Service","8570.T","2332788546","10.8057","Japan"
"4755","Meitetsu","9048.T","2332188918","11.891","Japan"
"4756","ULVAC, Inc.","6728.T","2332119643","47.4261","Japan"
"4757","Premier Foods","PFD.L","2332094922","2.70649","United Kingdom"
"4758","SES S.A.","SESG.PA","2331338150","5.62806","Luxembourg"
"4759","Visional, Inc.","4194.T","2329812814","57.9276","Japan"
"4760","Ramco Cements","RAMCOCEM.NS","2329809014","9.85986","India"
"4761","Compañía Cervecerías Unidas","CCU","2329052672","12.58","Chile"
"4762","Chorus","CNU.NZ","2328955740","5.36765","New Zealand"
"4763","Efes Beverage Group","AEFES.IS","2325919397","0.392822","Turkey"
"4764","Kumho Petrochemical","011780.KS","2325580857","89.4997","South Korea"
"4765","TKH Group","TWEKA.AS","2325517148","58.2615","Netherlands"
"4766","Dermapharm","DMP.F","2323488120","46.9005","Germany"
"4767","Mitchells &amp; Butlers plc","MAB.L","2322357961","3.91013","United Kingdom"
"4768","Magellan Financial Group","MFG.AX","2319619263","7.9274","Australia"
"4769","Thule Group AB","THULE.ST","2319424226","21.5084","Sweden"
"4770","Dr. Soliman Abdel Kader Fakeeh","4017.SR","2318071770","10.0786","Saudi Arabia"
"4771","Bank Danamon","BDMN.JK","2317576741","0.237127","Indonesia"
"4772","MVV Energie","MVV1.F","2311576006","35.0734","Germany"
"4773","Kaneka Corporation","4118.T","2311405662","38.4866","Japan"
"4774","Verbio","VBK.F","2310447094","36.2619","Germany"
"4775","Flywire","FLYW","2306210816","18.955","United States"
"4776","Isrotel","ISRO.TA","2305937222","40.7213","Israel"
"4777","Bank of N. T. Butterfield & Son","NTB","2303167488","58.565","Bermuda"
"4778","Aether Industries","AETHER.NS","2302515457","17.3476","India"
"4779","Tradegate Exchange","T2G.F","2300950753","94.3836","Germany"
"4780","CSG International","CSGS","2300464128","80.69","United States"
"4781","Enterprise Financial Services Corp","EFSC","2299672832","63.54","United States"
"4782","Buckle","BKE","2299159040","44.63","United States"
"4783","ARMOUR Residential REIT","ARR","2298113792","16.235","United States"
"4784","Harmony Biosciences","HRMY","2296843264","39.44","United States"
"4785","Hemab Therapeutics Holdings","COAG","2295666944","49.145","United States"
"4786","Mineralys Therapeutics","MLYS","2294158848","25.95","United States"
"4787","Diebold Nixdorf","DBD","2294110464","67.58","United States"
"4788","LiveRamp","RAMP","2290755072","37.68","United States"
"4789","Shawbrook Group PLC","SHAW.L","2290025023","4.40654","United Kingdom"
"4790","Anant Raj","ANANTRAJ.NS","2287282950","6.35574","India"
"4791","Per Aarsleff Holding A/S B","PAAL-B.CO","2283001529","121.172","Denmark"
"4792","Kailera Therapeutics","KLRA","2282376960","17.605","United States"
"4793","nCino","NCNO","2281988096","20.83","United States"
"4794","Saudi Industrial Investment Group","2250.SR","2279712339","3.35597","Saudi Arabia"
"4795","Ceconomy","CEC.DE","2278537629","4.69587","Germany"
"4796","China Railway Materials","000927.SZ","2277377855","0.376404","China"
"4797","Alamar Biosciences","ALMR","2277123584","32.815","United States"
"4798","Kennametal","KMT","2277043456","29.875","United States"
"4799","Addus HomeCare","ADUS","2276023552","121.88","United States"
"4800","Sendas Distribuidora (Assaí Atacadista)","ASAI3.SA","2275085853","1.69978","Brazil"
"4801","Allegiant Travel Company","ALGT","2275048192","83.22","United States"
"4802","Flynas Company","4264.SR","2274386011","13.312","Saudi Arabia"
"4803","StoneCo","STNE","2273672960","9.86","Brazil"
"4804","New World Development Company","0017.HK","2272907776","0.903166","Hong Kong"
"4805","Tekscend Photomask","429A.T","2271885119","22.8661","Japan"
"4806","UroGen Pharma","URGN","2271724032","46.475","United States"
"4807","Butterfly Network","BFLY","2270081024","8.525","United States"
"4808","Sabeco Brewery (Saigon Beer)","SAB.VN","2267652177","1.76806","Vietnam"
"4809","Werner Enterprises","WERN","2265936896","37.78","United States"
"4810","Husqvarna","HUSQ-A.ST","2261232871","3.95406","Sweden"
"4811","Western Union","WU","2261153792","7.2501","United States"
"4812","Minerals Technologies","MTX","2255901440","72.47","United States"
"4813","Insignia Financial (IOOF)","IFL.AX","2253474331","3.35975","Australia"
"4814","Aker Solutions ASA","AKSO.OL","2252747597","4.63478","Norway"
"4815","Qatar Aluminium Manufacturing Company","QAMC.QA","2251976937","0.403571","Qatar"
"4816","Makino Milling Machine","6135.T","2251031971","96.2323","Japan"
"4817","O.Y. Nofar Energy","NOFR.TA","2250915083","56.7069","Israel"
"4818","The Andersons, Inc.","ANDE","2249012736","66.195","United States"
"4819","Hanwa Co., Ltd.","8078.T","2246837250","11.6558","Japan"
"4820","Northwest Bancshares","NWBI","2242794496","15.32","United States"
"4821","Shriram Pistons &amp; Rings","SHRIPISTON.NS","2241469850","48.3218","India"
"4822","Ora Banda Mining","OBM.AX","2240771853","1.15862","Australia"
"4823","Saizeriya","7581.T","2240598614","45.6068","Japan"
"4824","Watches of Switzerland Group","WOSG.L","2237735944","9.66992","United Kingdom"
"4825","Rogers Corporation","ROG","2237473024","125.22","United States"
"4826","Bob's Discount Furniture","BOBS","2236709120","17.115","United States"
"4827","GOL Airlines","GOLL54.SA","2234758186","1.85711","Brazil"
"4828","Dai-Dan","1980.T","2231159977","17.2453","Japan"
"4829","Crombie Real Estate Investment Trust","CRR-UN.TO","2230249019","11.8688","Canada"
"4830","Quantinuum Inc.","QNT","2229901824","71.1","United States"
"4831","Energisa S.A.","ENGI3.SA","2229212441","2.28608","Brazil"
"4832","Vincom Retail Joint Stock Company","VRE.VN","2228616644","0.980768","Vietnam"
"4833","Bossard Holding","BOSN.SW","2228436253","289.175","Switzerland"
"4834","Trulieve Cannabis","TRUL.CN","2227958461","11.5854","United States"
"4835","SMA Solar Technology","S92.F","2227883815","64.2041","Germany"
"4836","Day One Biopharmaceuticals","DAWN","2224784640","21.53","United States"
"4837","Netmarble","251270.KS","2223590326","27.1386","South Korea"
"4838","AMS-Osram","AMS.SW","2218636706","22.289","Austria"
"4839","ePlus","PLUS","2218468096","85.03","United States"
"4840","Hang Lung Group","0010.HK","2216360476","1.62774","Hong Kong"
"4841","LendingClub","LC","2215891200","19.21","United States"
"4842","Clover Health Investments","CLOV","2214921728","4.17","United States"
"4843","Interface, Inc.","TILE","2214913536","38.32","United States"
"4844","WHA Corporation","WHA.BK","2214683525","0.148171","Thailand"
"4845","Hilltop Holdings","HTH","2214120192","38.65","United States"
"4846","OFG Bancorp","OFG","2213444096","52.37","United States"
"4847","Monarch Casino &amp; Resort","MCRI","2212714240","123.46","United States"
"4848","The Chugoku Electric Power","9504.T","2212191021","6.15221","Japan"
"4849","Iluka Resources","ILU.AX","2211811658","5.12949","Australia"
"4850","Arabian Drilling Company","2381.SR","2209295530","24.8235","Saudi Arabia"
"4851","Carborundum Universal","CARBORUNIV.NS","2207938825","11.5899","India"
"4852","Grupo Aeromexico","AERO","2207518464","15.13","Mexico"
"4853","QNB Finans Finansal Kiralama (QNB Finansleasing)","QNBFK.IS","2204342759","0.881737","Turkey"
"4854","Socionext","6526.T","2203677417","12.5717","Japan"
"4855","Aurinia Pharmaceuticals","AUPH","2203327232","16.56","Canada"
"4856","Gelsenwasser","WWG.F","2203012111","640.876","Germany"
"4857","Standard Nuclear","STDN","2202930688","13.7106","United States"
"4858","Elekta AB","EKTA-B.ST","2198954279","5.75517","Sweden"
"4859","create restaurants holdings","3387.T","2198334831","4.87435","Japan"
"4860","ComfortDelGro","C52.SI","2197648502","1.01462","Singapore"
"4861","Midera Food Processing","MFP","2196843264","48.57","United States"
"4862","Argan SA","ARG.PA","2196433132","85.2948","France"
"4863","JEOL Ltd.","6951.T","2194528418","45.061","Japan"
"4864","Lovisa Holdings","LOV.AX","2194273115","19.8149","Australia"
"4865","RLX Technology","RLX","2193946880","1.795","China"
"4866","Samsonite International","1SO.F","2193800496","1.6086","Luxembourg"
"4867","Takeuchi Mfg. Co., Ltd.","6432.T","2193646141","47.4888","Japan"
"4868","Dentsply Sirona","XRAY","2189902336","10.985","United States"
"4869","NeoGenomics","NEO","2188579072","17.035","United States"
"4870","CJ Cheiljedang Corporation","097950.KS","2188112676","136.559","South Korea"
"4871","LTC Properties","LTC","2188026880","40.59","United States"
"4872","HBX Group International plc","HBX.MC","2186525139","9.0247","United Kingdom"
"4873","Nippon Electric Glass","5214.T","2186390379","29.6727","Japan"
"4874","NGL Energy Partners","NGL","2185498112","17.51","United States"
"4875","ARE Holdings","5857.T","2183577042","25.4068","Japan"
"4876","Ito En, Ltd.","2593.T","2183076907","18.9453","Japan"
"4877","Indraprastha Gas","IGL.NS","2182430468","1.55888","India"
"4878","Custom Truck One Source","CTOS","2181778176","9.59","United States"
"4879","Sinfonia Technology","6507.T","2177163061","77.1615","Japan"
"4880","Pediatrix Medical Group","MD","2175962624","26.78","United States"
"4881","Extendicare","EXE.TO","2173957435","22.8726","Canada"
"4882","Palvella Therapeutics","PVLA","2173796352","150.87","United States"
"4883","Telesat","TSAT","2173776384","42.31","Canada"
"4884","Vericel","VCEL","2173720832","42.45","United States"
"4885","The Bank of Nagoya","8522.T","2172730914","44.164","Japan"
"4886","Mesoblast","MESO","2171112448","16.74","Australia"
"4887","Hanmi Pharmaceutical","008930.KS","2169997706","32.0467","South Korea"
"4888","Generate Biomedicines","GENB","2165305600","16.87","United States"
"4889","Vertex","VERX","2164798976","13.345","United States"
"4890","Pan Ocean","028670.KS","2164545865","4.04914","South Korea"
"4891","NV Bekaert","BEKB.BR","2162804571","45.0361","Belgium"
"4892","Resolute Mining","RSG.AX","2162105345","1.01155","Australia"
"4893","Mitsui Fudosan Logistics Park","3471.T","2161196971","671.242","Japan"
"4894","Under Armour","UA","2160614144","5.03","United States"
"4895","Aecon Group","ARE.TO","2160242404","31.5228","Canada"
"4896","Asana","ASAN","2159877120","9.37","United States"
"4897","HUTCHMED","HCM","2159641088","12.425","Hong Kong"
"4898","Suzuken Co., Ltd.","9987.T","2159322646","31.9248","Japan"
"4899","UBE Corporation","4208.T","2158553018","22.22","Japan"
"4900","Establishment Labs","ESTA","2157358848","72.39","Costa Rica"
"4901","Xencor","XNCR","2156620288","29.005","United States"
"4902","Stoke Therapeutics","STOK","2155821568","33.41","United States"
"4903","SHB (Saigon - Hanoi Commercial Joint Stock Bank)","SHB.VN","2155521151","0.46165","Vietnam"
"4904","Driven Brands","DRVN","2155461120","13.065","United States"
"4905","Burckhardt Compression","BCHN.SW","2155300045","639.164","Switzerland"
"4906","Zenas BioPharma","ZBIO","2153438976","33.04","United States"
"4907","Granules India","GRANULES.NS","2151164819","8.68116","India"
"4908","Electricity Generating Public Company","EGCO.BK","2150802157","4.08537","Thailand"
"4909","Hysan Development","0014.HK","2149892940","2.09336","Hong Kong"
"4910","ADMA Biologics","ADMA","2149133056","9.595","United States"
"4911","Money Forward","3994.T","2146840646","38.7062","Japan"
"4912","TAV Airports Holding","TAVHL.IS","2146235610","5.90792","Turkey"
"4913","Chennai Petroleum","CHENNPETRO.NS","2146214516","14.4127","India"
"4914","Netcompany Group","NETC.CO","2146063591","48.3142","Denmark"
"4915","Primaris Real Estate Investment Trust","PMZ-UN.TO","2145395234","15.5632","Canada"
"4916","Lotte Shopping","023530.KS","2144559437","75.8582","South Korea"
"4917","Encore Capital Group","ECPG","2141721856","100.98","United States"
"4918","Sunrun","RUN","2140979840","8.975","United States"
"4919","iFAST Corporation","AIY.SI","2140598643","7.0237","Singapore"
"4920","Cimpress","CMPR","2139345024","87.86","Ireland"
"4921","DEUTZ","DEZ.DE","2136079836","13.9944","Germany"
"4922","Alkami Technology","ALKT","2135631360","19.97","United States"
"4923","Kitron ASA","KIT.OL","2133604842","9.75574","Norway"
"4924","Universal Robina Corporation","UVRBF","2131672192","1","Philippines"
"4925","GN Store Nord","GN.CO","2131425581","14.6377","Denmark"
"4926","MFE-Mediaforeurope","MFEA.MI","2131010546","3.04591","Italy"
"4927","Centuri Holdings","CTRI","2129815552","21.095","United States"
"4928","Signify","LIGHT.AS","2128067680","17.8164","Netherlands"
"4929","Coats Group","COA.L","2126848747","1.11116","United Kingdom"
"4930","Stewart Information Services","STC","2124650368","69.61","United States"
"4931","Ichor Systems","ICHR","2124403840","56.72","United States"
"4932","momo.com Inc.","8454.TW","2122132444","8.00879","Taiwan"
"4933","Gudang Garam","GGRM.JK","2121037652","1.10236","Indonesia"
"4934","Voyager Technologies","VOYG","2119453824","34.7286","United States"
"4935","Turpaz Industries","TRPZ.TA","2119216835","19.4621","Israel"
"4936","TX Group","TXGN.SW","2119052601","206.27","Switzerland"
"4937","Global Net Lease","GNL","2118871552","9.16","United States"
"4938","Blackbaud","BLKB","2118809728","46.68","United States"
"4939","Capital Tankers Corp.","CAPT.OL","2118043657","15.8426","Greece"
"4940","Al Masane Al Kobra Mining Company","1322.SR","2115746466","23.5451","Saudi Arabia"
"4941","NW Natural Holdings","NWN","2113726976","50.215","United States"
"4942","Netstreit","NTST","2111993216","20.72","United States"
"4943","AQ Group","AQ.ST","2111751990","23.0207","Sweden"
"4944","Kosé","4922.T","2111150979","37.2006","Japan"
"4945","OC Oerlikon","OERL.SW","2110694014","6.46611","Switzerland"
"4946","HawkEye 360","HAWK","2110667776","21.545","United States"
"4947","Malaysian Pacific Industries","3867.KL","2110012681","10.6116","Malaysia"
"4948","Saudi Kayan Petrochemical Company","2350.SR","2109468823","1.40631","Saudi Arabia"
"4949","Oxford Instruments","OXIG.L","2108197553","38.3533","United Kingdom"
"4950","Super Retail Group","SUL.AX","2107757092","9.33352","Australia"
"4951","First Commonwealth Financial Corp","FCF","2107521280","20.855","United States"
"4952","Stagwell","STGW","2106156032","8.615","United States"
"4953","Zymeworks","ZYME","2105947136","29.45","Canada"
"4954","EZCorp","EZPW","2103237376","34.2305","United States"
"4955","First National Financial","FN.TO","2103105189","35.0708","Canada"
"4956","SeABank (Southeast Asia Commercial Joint Stock Bank)","SSB.VN","2101785146","0.61298","Vietnam"
"4957","Arion banki","ARION.IC","2101232385","1.56781","Iceland"
"4958","Muangthai Capital","MTC.BK","2100609922","0.990854","Thailand"
"4959","The Ogaki Kyoritsu Bank","8361.T","2097901406","51.0646","Japan"
"4960","Bodycote","BOY.L","2096375393","12.3764","United Kingdom"
"4961","Brightstar Lottery","BRSL","2096054784","11.47","United Kingdom"
"4962","Sunstone Hotel Investors","SHO","2095588224","11.27","United States"
"4963","Teijin Limited","3401.T","2095491178","10.8622","Japan"
"4964","Kangwon Land","035250.KS","2094261498","10.5667","South Korea"
"4965","Mach Natural Resources LP","MNR","2091859584","12.53","United States"
"4966","OPmobility","OPM.PA","2090235343","14.6236","France"
"4967","Nisshinbo Holdings","3105.T","2088046709","13.3652","Japan"
"4968","SSP Group","SSPG.L","2087853201","2.75817","United Kingdom"
"4969","Horace Mann Educators","HMN","2086614400","51.52","United States"
"4970","Aksa Energy","AKSEN.IS","2086233407","1.70119","Turkey"
"4971","Freehold Royalties","FRU.TO","2086069481","12.723","Canada"
"4972","Atea ASA","ATEA.OL","2085905851","18.6976","Norway"
"4973","Tokai Carbon","5301.T","2085477786","10.307","Japan"
"4974","Clarkson PLC","CKN.L","2084902274","67.8662","United Kingdom"
"4975","Aux Electric Co., Ltd.","2580.HK","2084800779","1.31265","China"
"4976","Com7 Public Company","COM7.BK","2084550854","0.884146","Thailand"
"4977","BWP Trust","BWP.AX","2084086229","2.65442","Australia"
"4978","Perdoceo Education","PRDO","2080061440","33.24","United States"
"4979","AddLife AB","ALIF-B.ST","2079729237","17.066","Sweden"
"4980","Keel Infrastructure","KEEL","2078133760","3.365","United States"
"4981","Genus","GNS.L","2077550635","31.281","United Kingdom"
"4982","Pebblebrook Hotel Trust","PEB","2077434496","18.41","United States"
"4983","Genesis Energy","GNE.NZ","2077321264","1.58711","New Zealand"
"4984","1st Source","SRCE","2076696320","86.235","United States"
"4985","Nankai Electric Railway","9044.T","2076350988","19.19","Japan"
"4986","Guzman y Gomez","GYG.AX","2071848772","20.8193","Australia"
"4987","Currys plc","CURY.L","2071315233","2.02375","United Kingdom"
"4988","National Bank of Oman","NBOB.OM","2069386321","1.27273","Oman"
"4989","Savola Group","2050.SR","2068753197","6.97297","Saudi Arabia"
"4990","Migros Ticaret A.S.","MGROS.IS","2067292001","11.608","Turkey"
"4991","Solvac","SOLV.BR","2067265891","96.7141","Belgium"
"4992","Hammond Power Solutions","HPS-A.TO","2065179253","173.473","Canada"
"4993","Melco Resorts &amp; Entertainment","MLCO","2064725248","5.43","Hong Kong"
"4994","Aarti Industries","AARTIIND.NS","2064343117","5.69118","India"
"4995","Konica Minolta","4902.T","2063154657","4.17487","Japan"
"4996","Yellow Cake plc","YCA.L","2062598240","8.20787","Jersey"
"4997","Finolex Cables","FINCABLES.NS","2062152963","13.4835","India"
"4998","DoubleVerify","DV","2062109824","13.305","United States"
"4999","Getty Realty","GTY","2061739648","33.29","United States"
"5000","CIMC Enric","3899.HK","2060073403","0.975879","China"
"5001","Entra","ENTRA.OL","2058898961","11.3085","Norway"
"5002","Cenomi Centers (Arabian Centres Company)","4321.SR","2058322961","4.33347","Saudi Arabia"
"5003","Dorian LPG","LPG","2058274816","48.11","United States"
"5004","Caisse Régionale de Crédit Agricole Mutuel du Languedoc","CRLA.PA","2056352482","104.288","France"
"5005","Activia Properties","3279.T","2055720876","865.087","Japan"
"5006","Chalet Hotels","CHALET.NS","2052280865","9.3714","India"
"5007","Keihan Holdings","9045.T","2052113449","20.338","Japan"
"5008","Lindblad Expeditions","LIND","2051927680","31.27","United States"
"5009","Gorman-Rupp","GRC","2051283584","77.67","United States"
"5010","Monadelphous Group","MND.AX","2051041222","20.4038","Australia"
"5011","Utz Brands","UTZ","2050021760","14.24","United States"
"5012","Nexa Resources","NEXA","2047500928","15.46","Luxembourg"
"5013","Select Medical Holdings","SEM","2046298112","16.51","United States"
"5014","Lojas Renner","LREN3.SA","2045415673","2.12861","Brazil"
"5015","Nanobiotix","NBTX","2045351424","40.26","France"
"5016","Badger Infrastructure Solutions","BDGI.TO","2043958517","60.7245","Canada"
"5017","Central Puerto","CEPU","2042062592","13.615","Argentina"
"5018","Ternium Argentina","TXAR.BA","2040747753","0.451783","Argentina"
"5019","Elgi Equipments","ELGIEQUIP.NS","2040600555","6.47313","India"
"5020","Spectrum Brands","SPB","2040169344","88.72","United States"
"5021","Chagee","CHA","2037352448","10.68","China"
"5022","Novocure","NVCR","2036637696","17.49","Jersey"
"5023","COMPASS Pathways","CMPS","2035609216","14.7","United Kingdom"
"5024","Agios Pharmaceuticals","AGIO","2032849024","34.05","United States"
"5025","The Kiyo Bank","8370.T","2032537876","31.5546","Japan"
"5026","Bladex","BLX","2031652480","54.57","Panama"
"5027","Caisse Régionale de Crédit Agricole Mutuel Nord de France","CNDF.PA","2030516826","35.1142","France"
"5028","City Holding Company","CHCO","2030232960","144.48","United States"
"5029","P3 Health Partners","PIII","2028669696","10.15","United States"
"5030","Genius Sports","GENI","2025936128","7.57","United Kingdom"
"5031","Fukuda Denshi","6960.T","2025267519","74.9658","Japan"
"5032","H&amp;R REIT","HR-UN.TO","2022986354","7.22292","Canada"
"5033","Nayax","NYAX","2021409920","54.08","Israel"
"5034","Genting Berhad","3182.KL","2020068458","0.524615","Malaysia"
"5035","Fluence Energy","FLNC","2018975744","10.86","United States"
"5036","The Keiyo Bank","8544.T","2017339565","17.3143","Japan"
"5037","Sekisui House Reit","3309.T","2016903771","468.615","Japan"
"5038","Perrigo","PRGO","2016710272","14.575","Ireland"
"5039","GFH Financial Group","GFH.AE","2014133783","0.53","Bahrain"
"5040","Atul","ATUL.NS","2013971445","68.4053","India"
"5041","Thermon Group","THR","2013932928","61.14","United States"
"5042","ASBISc Enterprises","ASB.WA","2013451848","36.2784","Cyprus"
"5043","Fuso Chemical","4368.T","2010984580","19.0081","Japan"
"5044","Cellcom Israel","CEL.TA","2009459449","11.9202","Israel"
"5045","Namura Shipbuilding","7014.T","2009051670","28.8885","Japan"
"5046","Alamo Group","ALG","2006261888","164.84","United States"
"5047","Ezaki Glico Co., Ltd.","2206.T","2004957880","32.7027","Japan"
"5048","Youdao","DAO","2004947712","16.62","China"
"5049","Kohl's","KSS","2003777920","17.67","United States"
"5050","Preformed Line Products","PLPC","2003438592","409.81","United States"
"5051","Progyny","PGNY","2001802240","26.09","United States"
"5052","BillerudKorsnäs","BILL.ST","1999435440","8.03939","Sweden"
"5053","TOMY Company","7867.T","1999030261","23.2488","Japan"
"5054","Daiwabo Holdings","3107.T","1996106331","23.23","Japan"
"5055","Genesis Energy  L.P.","GEL","1994537728","16.32","United States"
"5056","SigmaRoc plc","SRC.L","1994414440","1.79798","United Kingdom"
"5057","Kajaria Ceramics","KAJARIACER.NS","1992248847","12.6779","India"
"5058","SolarEdge","SEDG","1990665600","32.355","Israel"
"5059","TV Asahi Holdings Corporation","9409.T","1989896885","19.7922","Japan"
"5060","Mayora","MYOR.JK","1989763657","0.0903342","Indonesia"
"5061","EIH Limited","EIHOTEL.NS","1989455382","3.18128","India"
"5062","PC Connection","CNXN","1989267072","78.82","United States"
"5063","Hawaiian Electric Industries","HE","1988962944","11.515","United States"
"5064","Vimian Group","VIMIAN.ST","1988223981","3.76502","Sweden"
"5065","HBL","HBLENGINE.NS","1987103279","7.16861","India"
"5066","The Sumitomo Warehouse Co., Ltd.","9303.T","1985230602","26.2223","Japan"
"5067","Íslandsbanki","ISB.IC","1984647486","1.1995","Iceland"
"5068","Batelco (Bahrain Telecommunication Company)","BEYON.BH","1980840297","1.46419","Bahrain"
"5069","Olin Corporation","OLN","1979875968","17.37","United States"
"5070","Century Communities","CCS","1978929792","69.6","United States"
"5071","Stolt-Nielsen Limited","0OHK.L","1978140322","32.8984","United Kingdom"
"5072","Insperity","NSP","1977369216","51.77","United States"
"5073","I.B.I. Investment House","IBI.TA","1975768891","139.866","Israel"
"5074","MIRAIT ONE Corporation","1417.T","1975457102","22.6842","Japan"
"5075","Ashmore Group","ASHM.L","1973607717","3.03562","United Kingdom"
"5076","Gränges","GRNG.ST","1973443206","18.5258","Sweden"
"5077","ChipMOS Technologies","IMOS","1970814848","56.68","Taiwan"
"5078","United Parks &amp; Resorts","PRKS","1970533248","43.46","United States"
"5079","Porch Group","PRCH","1969569280","17.35","United States"
"5080","Innovex International","INVX","1967993984","28.14","United States"
"5081","GH Research","GHRS","1967974400","28.67","Ireland"
"5082","Berli Jucker (BJC)","BJC.BK","1967241786","0.490854","Thailand"
"5083","Arteche Lantegi Elkartea, S.A.","ART.MC","1966443893","33.9082","Spain"
"5084","Karooooo","KARO","1965190784","63.6122","Singapore"
"5085","Sarepta Therapeutics","SRPT","1962550144","18.58","United States"
"5086","Braveheart Bio","BRVE","1959556608","27.735","United States"
"5087","Expro Group","XPRO","1958245760","17.43","United States"
"5088","Kyoritsu Maintenance Co., Ltd.","9616.T","1957865008","21.5237","Japan"
"5089","National Industries Group Holding","NIND.KW","1957143940","782.269","Kuwait"
"5090","NextDecade Corp","NEXT","1956436352","7.3499","United States"
"5091","Austevoll Seafood","AUSS.OL","1953814632","9.68078","Norway"
"5092","Montana Aerospace","AERO.SW","1953229104","31.1515","Switzerland"
"5093","Kinnevik","KINV-A.ST","1951899552","6.93141","Sweden"
"5094","Paragon Banking Group","PAG.L","1949667625","10.8396","United Kingdom"
"5095","Kimbell Royalty Partners","KRP","1948872320","15.165","United States"
"5096","Taysha Gene Therapies","TSHA","1948484608","5.98","United States"
"5097","Planisware","PLNW.PA","1947367688","28.1403","France"
"5098","OSG Corporation","6136.T","1946486060","23.6879","Japan"
"5099","Bic Camera Inc.","3048.T","1946126941","11.3641","Japan"
"5100","DAIHEN Corporation","6622.T","1945933712","82.431","Japan"
"5101","Dah Sing Financial","0440.HK","1945394816","6.08744","Hong Kong"
"5102","Gestamp Automoción","GEST.MC","1945001880","3.41995","Spain"
"5103","Kardigan, Inc.","KARD","1944876800","20.8","United States"
"5104","Mizuno Corporation","8022.T","1944318191","25.5637","Japan"
"5105","ATS Corporation","ATS","1943893760","19.81","Canada"
"5106","Veris Residential","VRE","1943780352","18.99","United States"
"5107","Kuwait Telecommunications Company","STC.KW","1943290902","1945.89","Kuwait"
"5108","Hotel Properties Limited","H15.SI","1941599168","3.65736","Singapore"
"5109","WeRide","WRD","1940841216","5.9","China"
"5110","Ratnamani Metals &amp; Tubes","RATNAMANI.NS","1940787679","27.6891","India"
"5111","C.Uyemura & Co.,Ltd.","4966.T","1938385022","121.388","Japan"
"5112","Castrol India","CASTROLIND.NS","1936213135","1.95751","India"
"5113","Yuexiu Property","0123.HK","1935904735","0.480923","Hong Kong"
"5114","Hyosung Corporation","004800.KS","1935433050","115.772","South Korea"
"5115","Elvalhalcor Hellenic Copper and Aluminium Industry","ELHA.AT","1935217681","4.45118","Greece"
"5116","Nippon Kayaku","4272.T","1933967881","13.13","Japan"
"5117","Embla Medical","EMBLA.CO","1933293523","4.5431","Iceland"
"5118","Nongshim","004370.KS","1932826330","331.293","South Korea"
"5119","Innodata","INOD","1930568832","56.1495","United States"
"5120","Devyani International","DEVYANI.NS","1930272772","1.56559","India"
"5121","Lakefront Biotherapeutics","LKFT","1929833216","29.47","Belgium"
"5122","Gujarat Mineral Development","GMDCLTD.NS","1929792940","6.06853","India"
"5123","Enerpac Tool Group","EPAC","1928745216","37.42","United States"
"5124","Fortress REIT","FFB.JO","1926503600","1.50507","South Africa"
"5125","Bayer Crop Science","BAYERCROP.NS","1926392558","42.8639","India"
"5126","Astrana Health","ASTH","1925889664","38.825","United States"
"5127","Lucid Motors","LCID","1925032960","4.885","United States"
"5128","Admie Holding","ADMIE.AT","1923831468","5.30179","Greece"
"5129","Companhia de Saneamento do Paraná (SANEPAR)","SAPR4.SA","1923608240","1.2729","Brazil"
"5130","Boston Beer Company","SAM","1922588928","186.81","United States"
"5131","Semapa","SEM.LS","1921816012","24.062","Portugal"
"5132","Sonida Senior Living","SNDA","1921439232","39.99","United States"
"5133","Sun TV Network","SUNTV.NS","1921431951","4.87568","India"
"5134","Grand City Properties","GYC.DE","1918870760","10.8949","Luxembourg"
"5135","Vivendi","VIV.PA","1918751142","1.92612","France"
"5136","Fagron","FAGR.BR","1918706695","26.1594","Belgium"
"5137","Boursa Kuwait Securities Company","BOURSA.KW","1916793067","9546.94","Kuwait"
"5138","Xenia Hotels &amp; Resorts","XHR","1916735488","19.375","United States"
"5139","Immunocore","IMCR","1916263424","37.21","United Kingdom"
"5140","AlzChem Group","ACT.DE","1915733104","189.233","Germany"
"5141","NFI Group","NFI.TO","1915010125","16.078","Canada"
"5142","Nittetsu Mining","1515.T","1914983302","24.7168","Japan"
"5143","Sildarvinnslan","SVN.IC","1913969046","1.03691","Iceland"
"5144","VIB (Vietnam International Commercial Joint Stock Bank)","VIB.VN","1910531022","0.56126","Vietnam"
"5145","KSB SE &amp; Co. KGaA","KSB.DE","1910093319","1090.65","Germany"
"5146","Offcn Education","002607.SZ","1908530964","0.309455","China"
"5147","Shanghai Industrial Holdings Limited","0363.HK","1908388986","1.75531","Hong Kong"
"5148","Kainos Group","KNOS.L","1906762636","16.5381","United Kingdom"
"5149","Storskogen Group","STOR-B.ST","1906722703","1.13633","Sweden"
"5150","Great Portland Estates","GPE.L","1904931080","4.72207","United Kingdom"
"5151","Metrovacesa","MVC.MC","1904903069","12.5612","Spain"
"5152","The Nanto Bank","8367.T","1904578518","12.1263","Japan"
"5153","Vermilion Energy","VET","1900831872","12.44","Canada"
"5154","K's Holdings Corporation","8282.T","1899806164","12.2956","Japan"
"5155","Ipsos","IPS.PA","1899758609","45.5372","France"
"5156","HBM Healthcare Investments","HBMN.SW","1899574238","291.037","Switzerland"
"5157","Travis Perkins","TPK.L","1898658773","8.96269","United Kingdom"
"5158","National Central Cooling Company","TABREED.AE","1898190368","0.667139","United Arab Emirates"
"5159","Gimv NV","GIMB.BR","1896296553","51.6197","Belgium"
"5160","Jetblue Airways","JBLU","1895993856","5.025","United States"
"5161","Dalrymple Bay Infrastructure","DBI.AX","1895695285","3.8238","Australia"
"5162","EcoPro Materials","450080.KS","1894495423","26.8499","South Korea"
"5163","Hamburger Hafen","HHFA.F","1893194992","25.169","Germany"
"5164","Septerna","SEPN","1891350016","40.52","United States"
"5165","Americas Gold and Silver Corp","USAS","1890301056","5.59","Canada"
"5166","Australian United Investment Company","AUI.AX","1889564252","8.68068","Australia"
"5167","Türkiye Kalkınma","KLNMA.IS","1889286681","0.188929","Turkey"
"5168","Parex Resources","PXT.TO","1887552799","19.6252","Canada"
"5169","Ziff Davis","ZD","1886824960","55.03","United States"
"5170","Strategic Education","STRA","1886088064","84.93","United States"
"5171","Patria Investments","PAX","1885887104","11.685","Cayman Islands"
"5172","A10 Networks","ATEN","1884930176","25.96","United States"
"5173","Strive Asset Management, LLC","ASST","1884697088","21.015","United States"
"5174","PDF Solutions","PDFS","1884178304","44.62","United States"
"5175","Blue Bird Corporation","BLBD","1883288448","59.51","United States"
"5176","VNET Group","VNET","1883235200","6.615","China"
"5177","Quantum Computing","QUBT","1882074112","8.315","United States"
"5178","Ivanhoe Electric","IE","1880771200","11.785","Canada"
"5179","Forvia SE","FRVIA.PA","1880329217","10.1608","France"
"5180","SmartStop Self Storage REIT","SMA","1880051200","33.955","United States"
"5181","eClerx Services","ECLERX.NS","1875192602","20.3769","India"
"5182","Protolabs","PRLB","1873084544","78.3","United States"
"5183","STEF SA","STF.PA","1873063256","147.984","France"
"5184","Tower Bersama Infrastructure","TBIG.JK","1871578746","0.0829946","Indonesia"
"5185","Shangri-La","0069.HK","1871056195","0.525571","Hong Kong"
"5186","Pfeiffer Vacuum","PFV.F","1869589120","189.466","Germany"
"5187","German American Bancorp","GABC","1869169920","49.74","United States"
"5188","Recursion Pharmaceuticals","RXRX","1868904576","3.485","United States"
"5189","Antin Infrastructure Partners","ANTIN.PA","1868373552","10.4638","France"
"5190","AB Ignitis grupe","IGN1L.VS","1868347004","25.8098","Lithuania"
"5191","Pagaya Technologies","PGY","1867904512","22.39","Israel"
"5192","Systemair AB","SYSR.ST","1867798126","9.00033","Sweden"
"5193","Welspun India","WELSPUNIND.NS","1867418314","1.91","India"
"5194","Idorsia","IDIA.SW","1867272244","7.04321","Switzerland"
"5195","Winpak","WPK.TO","1866414431","31.8161","Canada"
"5196","Londian Wason New Energy Tech Inc.","FOIL","1866404096","24.1","China"
"5197","Galapagos NV","GLPG","1862327296","27.73","Belgium"
"5198","Energean","ENOG.L","1860298291","10.0711","United Kingdom"
"5199","Surgery Partners","SGRY","1859039232","14.2","United States"
"5200","Inhibrx Biosciences","INBX","1857515904","126.21","United States"
"5201","Republic Bank","RBCAA","1856310912","94.545","United States"
"5202","DNO ASA","DNO.OL","1854340647","1.90189","Norway"
"5203","Region Group","RGN.AX","1854272286","1.61418","Australia"
"5204","Al Salam Bank","SALAM.BH","1852978110","1.19098","Bahrain"
"5205","Live Oak Bank","LOB","1851807616","40.01","United States"
"5206","Zhejiang Jinke Tom Culture Industry","300459.SZ","1851665637","0.526668","China"
"5207","Westshore Terminals Investment","WTE.TO","1850511917","29.9582","Canada"
"5208","Drägerwerk","DRW8.F","1849331054","98.5784","Germany"
"5209","Alef Education","ALEFEDT.AE","1848927133","0.26","United Arab Emirates"
"5210","KATITAS CO., Ltd.","8919.T","1848455257","23.6189","Japan"
"5211","National Bank Holdings","NBHC","1848391296","41.5","United States"
"5212","BGF Retail","282330.KS","1847848632","106.967","South Korea"
"5213","Bellevue Gold","BGL.AX","1845786214","1.23753","Australia"
"5214","Goodyear","GT","1845402240","6.4099","United States"
"5215","SKAN Group","SKAN.SW","1844467071","82.0364","Switzerland"
"5216","Alkane Resources","ALK.AX","1843711286","1.34951","Australia"
"5217","OceanFirst Financial","OCFC","1843507584","19.075","United States"
"5218","Cogeco","CCA.TO","1841105383","43.8205","Canada"
"5219","Magnit","MGNT.ME","1840992601","18.09","Russia"
"5220","Volution Group","FAN.L","1836926763","9.2755","United Kingdom"
"5221","Emami","EMAMILTD.NS","1836784605","4.20798","India"
"5222","Jungfraubahn Holding AG","JFN.SW","1835718641","314.618","Switzerland"
"5223","World Kinect","WKC","1834808576","35.87","United States"
"5224","Vietnam Maritime Commercial Joint Stock Bank","MSB.VN","1834801997","0.588078","Vietnam"
"5225","Salvatore Ferragamo","SFER.MI","1834164501","11.093","Italy"
"5226","MBC Group Co.","4072.SR","1833200326","5.51338","Saudi Arabia"
"5227","Neuren Pharmaceuticals","NEU.AX","1832624593","14.4558","Australia"
"5228","NCC","NCC-B.ST","1831331526","18.6623","Sweden"
"5229","GigaCloud Technology","GCT","1831042432","51.275","China"
"5230","Bora Pharmaceuticals","6472.TW","1830755947","14.353","Taiwan"
"5231","Intershop Holding","ISN.SW","1830367119","198.575","Switzerland"
"5232","Intellia Therapeutics","NTLA","1828653312","13.05","United States"
"5233","Anterix","ATEX","1826651648","93.15","United States"
"5234","Tasmea Limited","TEA.AX","1824739632","6.60019","Australia"
"5235","Personalis","PSNL","1824141824","17.08","United States"
"5236","Vietnam National Petroleum Group","PLX.VN","1820555954","1.43284","Vietnam"
"5237","Costamare","CMRE","1816411392","15.025","Monaco"
"5238","LeMaitre Vascular","LMAT","1816276224","79.42","United States"
"5239","Tokuyama Corporation","4043.T","1814809298","25.2249","Japan"
"5240","Etablissements Maurel &amp; Prom","MAU.PA","1814649498","9.09462","France"
"5241","Biolife Solutions","BLFS","1814438656","37.1","United States"
"5242","CAMGSM Plc. (Cellcard)","CGSM.KH","1813780693","0.93","Cambodia"
"5243","Montea Comm","MONT.BR","1811067377","77.7208","Belgium"
"5244","Neinor Homes","HOME.MC","1810411866","18.6903","Spain"
"5245","Public Property Invest AS","PUBLI.OL","1809694326","1.91367","Norway"
"5246","Tecnoglass","TGLS","1809659264","40.7906","Colombia"
"5247","Metsä Board","METSA.HE","1808452490","5.09205","Finland"
"5248","Sanoma","SANOMA.HE","1807924949","11.1279","Finland"
"5249","MasterBrand","MBC","1805978112","8.875","United States"
"5250","G2 Goldfields","GTWO.TO","1804777833","6.97783","Canada"
"5251","Mitani Corporation","8066.T","1804617683","21.5801","Japan"
"5252","Sixth Street Specialty Lending","TSLX","1802938624","18.91","United States"
"5253","BlackLine","BL","1801302144","30.99","United States"
"5254","PolyPeptide Group","PPGN.SW","1800917619","54.5461","Switzerland"
"5255","Sammaan Capital","SAMMAANCAP.NS","1799451164","1.56653","India"
"5256","Wacker Neuson","WAC.F","1799054290","26.4507","Germany"
"5257","PORR","ABS2.F","1796400922","45.7353","Austria"
"5258","Chambal Fertilisers","CHAMBLFERT.NS","1795548110","4.48156","India"
"5259","Prosegur","PSG.MC","1794981169","3.36169","Spain"
"5260","Vir Biotechnology","VIR","1792843008","10.595","United States"
"5261","EVT Limited","EVT.AX","1792072130","11.0266","Australia"
"5262","Bao Viet Holdings","BVH.VN","1791676286","2.41361","Vietnam"
"5263","Okuma Corporation","6103.T","1791480553","30.7705","Japan"
"5264","Photronics","PLAB","1791316992","30.38","United States"
"5265","Syndax Pharmaceuticals","SNDX","1789960192","20.045","United States"
"5266","Sonos","SONO","1788604928","15.12","United States"
"5267","Fidelis Insurance","FIHL","1787657472","20.71","Bermuda"
"5268","RHI Magnesita","RHF.F","1787120400","37.7534","Austria"
"5269","Safestore","SAFE.L","1786864067","8.18067","United Kingdom"
"5270","Realia Business","RLIA.MC","1785402050","1.18271","Spain"
"5271","Dime Community Bancshares","DCOM","1783926528","40.4","United States"
"5272","Bell Food Group","BELL.SW","1781116333","284.211","Switzerland"
"5273","OCI Holdings Company","010060.KS","1780186311","198.848","South Korea"
"5274","Champion REIT","2778.HK","1777799720","0.288937","Hong Kong"
"5275","MM Group (Mayr-Melnhof AG)","MYM.F","1777361855","91.4705","Austria"
"5276","Tatung Co., Ltd.","2371.TW","1776804783","0.868405","Taiwan"
"5277","American Assets Trust","AAT","1776713728","22.9","United States"
"5278","AVI Limited","AVI.JO","1776469000","5.32381","South Africa"
"5279","BASF India","BASF.NS","1775853718","41.0264","India"
"5280","Atoss","AOF.F","1773747518","111.512","Germany"
"5281","Mullen Group","MTL.TO","1773235900","18.4249","Canada"
"5282","Burkhalter Holding","BRKN.SW","1772865612","166.307","Switzerland"
"5283","Sihanoukville Autonomous Port","PAS.KH","1772231436","3.94","Cambodia"
"5284","Ngern Tid Lor","TIDLOR.BK","1771786156","0.615854","Thailand"
"5285","Hope Bancorp","HOPE","1771779328","13.87","United States"
"5286","Burjeel Holdings","BURJEEL.AE","1771707255","0.34","United Arab Emirates"
"5287","IntegraFin","IHP.L","1770340374","5.35858","United Kingdom"
"5288","Saudi Chemical Holding Company","2230.SR","1769720643","2.09881","Saudi Arabia"
"5289","Jeudan","JDAN.CO","1769602547","31.9497","Denmark"
"5290","KFin Technologies","KFINTECH.NS","1769455334","10.2356","India"
"5291","Ellington Financial","EFC","1768929024","13.47","United States"
"5292","Métropole Télévision (Groupe M6)","MMT.PA","1768578895","14.076","France"
"5293","Grainger plc","GRI.L","1768113295","2.38416","United Kingdom"
"5294","Inspire Medical Systems","INSP","1768013952","61.155","United States"
"5295","Formula Systems","FORTY","1767320320","115.25","Israel"
"5296","Amara Raja Energy &amp; Mobility","ARE&M.NS","1766426246","9.65127","India"
"5297","Triumph Financial","TFIN","1766045184","73.91","United States"
"5298","Polestar","PSNY","1765654528","12.185","Sweden"
"5299","Union Tool","6278.T","1764917067","90.5863","Japan"
"5300","Zydus Wellness","ZYDUSWELL.NS","1764854514","5.54705","India"
"5301","Evertec","EVTC","1764492672","29.53","United States"
"5302","Alvotech","ALVO","1764460288","4.945","Iceland"
"5303","Flight Centre Travel Group Limited","FLT.AX","1762993109","8.60894","Australia"
"5304","Becamex (Investment and Industrial Development Corporation)","BCM.VN","1762537426","1.70293","Vietnam"
"5305","Ola Electric Mobility","OLAELEC.NS","1760024599","0.398315","India"
"5306","Soho House & Co","SHCO","1758889344","8.99","United States"
"5307","S&amp;T Bancorp","STBA","1758337408","49.86","United States"
"5308","Japan Elevator Service Holdings","6544.T","1757292935","9.83024","Japan"
"5309","Weis Markets","WMK","1755629056","70.95","United States"
"5310","RLJ Lodging Trust","RLJ","1754296576","11.455","United States"
"5311","4imprint Group","FOUR.L","1752265926","62.4804","United Kingdom"
"5312","Progress Software","PRGS","1751047680","42.695","United States"
"5313","Central Plaza Hotel","CENTEL.BK","1749237801","1.29573","Thailand"
"5314","Punjab &amp; Sind Bank","PSB.NS","1747827705","0.246326","India"
"5315","Proeduca Altus","PRO.MC","1746356315","38.6676","Spain"
"5316","Carabao Group","CBG.BK","1745426897","1.74543","Thailand"
"5317","Saudia Dairy &amp; Foodstuff Company","2270.SR","1745032274","54.6011","Saudi Arabia"
"5318","Fluxys Belgium","FLUX.BR","1743897208","24.8194","Belgium"
"5319","YOOZOO Interactive","002174.SZ","1743441107","1.77936","China"
"5320","Worthington Steel","WS","1741355520","34.18","United States"
"5321","Dom Development","DOM.WA","1736949659","67.3277","Poland"
"5322","Sprinklr","CXM","1735635072","7.41","United States"
"5323","SRG Global Limited","SRG.AX","1735164428","2.76921","Australia"
"5324","LOTTE Chemical","011170.KS","1734797753","41.141","South Korea"
"5325","Syngene International","SYNGENE.NS","1734651055","4.30966","India"
"5326","Fortrea","FTRE","1733197568","18.225","United States"
"5327","Byline Bancorp","BY","1731995520","38.33","United States"
"5328","TriCo Bancshares","TCBK","1731952000","54.18","United States"
"5329","Tianyu Digital Technology (Dalian)","002354.SZ","1730527266","1.0459","China"
"5330","CenturyPly","CENTURYPLY.NS","1730421186","7.78862","India"
"5331","Eurocommercial Properties","ECMPA.AS","1729838835","31.636","Netherlands"
"5332","Weibo","WB","1729534976","7.04","China"
"5333","Bank Dhofar","BKDB.OM","1729132195","0.568831","Oman"
"5334","Goodman Property Trust","GMT.NZ","1728117746","1.12303","New Zealand"
"5335","Rupert Resources","RUP.TO","1727970813","7.33956","Canada"
"5336","Turning Point Brands","TPB","1727816064","86.18","United States"
"5337","Elang Mahkota Teknologi","EMTK.JK","1727148413","0.0282294","Indonesia"
"5338","F&amp;F Co","383220.KS","1725989928","46.049","South Korea"
"5339","Lyntris Inc.","LYNX","1725397760","13.06","United States"
"5340","IDT Corporation","IDT","1725380992","69.38","United States"
"5341","Tsubakimoto Chain","6371.T","1722164352","16.9379","Japan"
"5342","Usiminas","USIM5.SA","1722115942","1.39902","Brazil"
"5343","Sienna Senior Living","SIA.TO","1721612938","15.5271","Canada"
"5344","Bursa Malaysia","1818.KL","1720414781","2.12581","Malaysia"
"5345","Amano Corporation","6436.T","1719722056","24.8297","Japan"
"5346","Pathward Financial","CASH","1717541632","82.68","United States"
"5347","Vestis","VSTS","1716759680","12.99","United States"
"5348","Arcos Dorados Holdings","ARCO","1713744000","8.135","Uruguay"
"5349","Amplitude","AMPL","1713440640","12.92","United States"
"5350","AnaptysBio","ANAB","1712998656","57.855","United States"
"5351","CBL Properties","CBL","1712990976","55.36","United States"
"5352","Cloetta","CLA-B.ST","1711993673","5.95471","Sweden"
"5353","Ratio Energies","RATI.TA","1711502065","1.52284","Israel"
"5354","Opera","OPRA","1710770432","19.24","Norway"
"5355","MCB Bank Pakistan","MCB.PK","1710694278","1.44355","Pakistan"
"5356","Coursera","COUR","1709560960","5.97","United States"
"5357","Nerolac Paints","KANSAINER.NS","1706792656","2.11033","India"
"5358","Embracer Group","EMBRAC-B.ST","1704649851","7.75688","Sweden"
"5359","M.Yochananof and Sons","YHNF.TA","1704557356","117.654","Israel"
"5360","DCM Shriram","DCMSHRIRAM.NS","1704503410","11.0071","India"
"5361","Tata Chemicals","TATACHEM.NS","1702745687","6.68382","India"
"5362","ANI Pharmaceuticals","ANIP","1701758464","74.085","United States"
"5363","Alembic Pharmaceuticals","APLLTD.NS","1699390644","8.64552","India"
"5364","HPH Trust (Hutchison Port)","NS8U.SI","1698664704","0.195","Singapore"
"5365","Nakanishi","7716.T","1698479469","20.4509","Japan"
"5366","TF1","TFI.PA","1695852763","8.06339","France"
"5367","OVS S.p.A.","OVS.MI","1695498682","6.97972","Italy"
"5368","Breedon Group","BREE.L","1694692127","4.88256","United Kingdom"
"5369","Tokai Rika","6995.T","1694398116","19.5413","Japan"
"5370","EDION Corporation","2730.T","1694159663","16.022","Japan"
"5371","Advanced Petrochemical","2330.SR","1693727541","6.55214","Saudi Arabia"
"5372","Global Partners LP","GLP","1692449024","50","United States"
"5373","Borregaard","BRG.OL","1692383853","16.9842","Norway"
"5374","Atrium Ljungberg","ATRLJ-B.ST","1691896994","2.6833","Sweden"
"5375","BEML","BEML.NS","1691674010","20.3109","India"
"5376","Bank First","BFC","1691663744","152.6","United States"
"5377","Derichebourg","DBG.PA","1691404084","10.6793","France"
"5378","Astra Microwave","ASTRAMICRO.NS","1690562876","17.8057","India"
"5379","Forbo Holding","FORN.SW","1690061174","1179.04","Switzerland"
"5380","Knowledge Economic City Company","4310.SR","1689948191","4.98069","Saudi Arabia"
"5381","Befesa","BFSA.DE","1689582821","42.2396","Luxembourg"
"5382","Qatar Insurance Company","QATI.QA","1688682008","0.517033","Qatar"
"5383","Wendy’s","WEN","1688108288","8.855","United States"
"5384","Pharma Mar","PHM.MC","1687574823","97.4132","Spain"
"5385","5N Plus","VNP.TO","1687523093","18.7637","Canada"
"5386","Corporate Travel Management","CTD.AX","1686960799","11.5288","Australia"
"5387","DXC Technology","DXC","1686464128","10.555","United States"
"5388","Habib Bank","HBL.PK","1685843425","1.14929","Pakistan"
"5389","National Company for Learning and Education","4291.SR","1684725096","39.1797","Saudi Arabia"
"5390","KPIT Technologies","KPITTECH.NS","1683550362","6.18436","India"
"5391","Green Thumb Industries","GTII.CN","1682846168","7.69868","United States"
"5392","The North West Company","NWC.TO","1681980097","35.438","Canada"
"5393","Telkom SA","TKG.JO","1681146200","3.40286","South Africa"
"5394","HomeCo Daily Needs REIT","HDN.AX","1681104517","0.803501","Australia"
"5395","Liberty Latin America","LILA","1680822016","8.58","United States"
"5396","Target Hospitality","TH","1680647296","16.87","United States"
"5397","RAPT Therapeutics","RAPT","1680292864","58.02","United States"
"5398","Trinity Capital","TRIN","1679550592","18.685","United States"
"5399","The Musashino Bank","8336.T","1679031243","17.3017","Japan"
"5400","Dicker Data","DDR.AX","1678611001","9.25461","Australia"
"5401","Nürnberger Versicherung","NBG6.F","1677154501","145.654","Germany"
"5402","Sila Realty Trust","SILA","1677119744","30.36","United States"
"5403","Godawari Power &amp; Ispat","GPIL.NS","1676446655","2.57678","India"
"5404","Fujimi Incorporated","5384.T","1675342926","22.5838","Japan"
"5405","Huntsman Corporation","HUN","1674865920","9.55","United States"
"5406","Robertet","CBE.PA","1674573471","798.182","France"
"5407","Spadel","SPA.BR","1673294217","403.169","Belgium"
"5408","Sundaram Finance","SUNDARMHLD.NS","1673186158","7.58155","India"
"5409","Globant","GLOB","1672344192","38.73","Luxembourg"
"5410","Kemper","KMPR","1671733888","28.395","United States"
"5411","Ariston Holding","ARIS.MI","1669254059","4.54206","Italy"
"5412","Mota-Engil","EGL.LS","1669090203","5.44075","Portugal"
"5413","B.Grimm Power","BGRIM.BK","1669051855","0.640244","Thailand"
"5414","Revolve Group","RVLV","1668374912","23.47","United States"
"5415","Modern Times Group (MTG)","MTG-B.ST","1667861809","14.0519","Sweden"
"5416","Friedrich Vorwerk Group","VH2.DE","1667443534","83.3722","Germany"
"5417","One Software Technologies","ONE.TA","1667102553","22.6356","Israel"
"5418","Puuilo","PUUILO.HE","1666047645","19.8089","Finland"
"5419","Nextage Co Ltd","3186.T","1664661557","21.2351","Japan"
"5420","Clariane","CLARI.PA","1664451150","4.65859","France"
"5421","Nomad Foods","NOMD","1662116992","11.89","United Kingdom"
"5422","Wolverine World Wide","WWW","1661022592","20.24","United States"
"5423","Six Flags","FUN","1660082176","16.225","United States"
"5424","JustSystems Corporation","4686.T","1659924765","25.846","Japan"
"5425","Albany International","AIN","1659712128","58.5","United States"
"5426","Icade","ICAD.PA","1659553532","21.8947","France"
"5427","Simplex Holdings","4373.T","1658500315","7.40875","Japan"
"5428","Flex LNG","FLNG","1657931264","30.65","Bermuda"
"5429","J&amp;J Snack Foods","JJSF","1657712512","88.735","United States"
"5430","National Industrialization Company (Saudi Arabia)","2060.SR","1656918497","2.47703","Saudi Arabia"
"5431","Scatec ASA","SCATC.OL","1656791698","10.3661","Norway"
"5432","Perella Weinberg Partners","PWP","1654865408","16.55","United States"
"5433","HIAG Immobilien","HIAG.SW","1654527170","163.576","Switzerland"
"5434","NP3 Fastigheter AB","NP3.ST","1653839312","26.833","Sweden"
"5435","Sansan, Inc.","4443.T","1653396182","13.1927","Japan"
"5436","Senior plc","SNR.L","1652992508","3.99853","United Kingdom"
"5437","Fine Organics","FINEORG.NS","1651586775","53.8678","India"
"5438","Natco Pharma","NATCOPHARM.NS","1650561852","9.05012","India"
"5439","Faes Farma","FAE.MC","1649454777","5.29597","Spain"
"5440","Avio S.p.A.","AVIO.MI","1649202714","35.7259","Italy"
"5441","Osotspa","OSP.BK","1648399398","0.548781","Thailand"
"5442","Uranium Royalty","UROY","1648116096","4.325","Canada"
"5443","SeSa S.p.A.","SES.MI","1647793253","108.832","Italy"
"5444","Aica Kogyo Company","4206.T","1647328061","26.0342","Japan"
"5445","Hansol Chemical","014680.KS","1647072943","146.159","South Korea"
"5446","Cembre S.p.A.","CMB.MI","1645836264","97.8793","Italy"
"5447","Savers Value Village","SVV","1645739136","10.74","United States"
"5448","Interroll","INRN.SW","1645255455","1970.86","Switzerland"
"5449","QCR Holdings","QCRH","1644930432","100.45","United States"
"5450","Avalyn Pharma","AVLN","1644314496","37.09","United States"
"5451","Origin Bancorp","OBK","1642899584","53.255","United States"
"5452","Killam Apartment REIT","KMP-UN.TO","1640690730","13.3718","Canada"
"5453","4DMedical Limited","4DX.AX","1639820546","2.73334","Australia"
"5454","Maze Therapeutics","MAZE","1639811456","29.52","United States"
"5455","Vtech","0303.HK","1638203563","6.46759","Hong Kong"
"5456","Kosmos Energy","KOS","1637591168","2.75","United States"
"5457","PAL GROUP Holdings","2726.T","1637135418","9.46012","Japan"
"5458","Esentia Energy Systems","ESENTIAII.MX","1636904019","3.06527","Mexico"
"5459","Stanmore Resources","SMR.AX","1636071916","1.81505","Australia"
"5460","Central Securities","CET","1633778816","55.29","United States"
"5461","Concentrix","CNXC","1632851072","26.76","United States"
"5462","Shibaura Mechatronics","6590.T","1632676959","24.8736","Japan"
"5463","Global Ship Lease","GSL","1632404992","45.3","United Kingdom"
"5464","Glory Ltd.","6457.T","1629230590","30.6952","Japan"
"5465","Bicara Therapeutics","BCAX","1625207296","24.56","United States"
"5466","SFL Corp","SFL","1625171840","12.22","Bermuda"
"5467","Perpetual Limited","PPT.AX","1625105184","14.0469","Australia"
"5468","CTS Corporation","CTS","1625061760","56.9075","United States"
"5469","Agilon Health","AGL","1622450688","96.625","United States"
"5470","Moltiply Group (Gruppo Mutuionline)","MOL.MI","1620005232","43.5213","Italy"
"5471","JBM Auto","JBMA.NS","1619728807","6.84891","India"
"5472","i-80 Gold","IAUX","1619236224","1.87","United States"
"5473","Adecoagro","AGRO","1619135488","11.22","Luxembourg"
"5474","Hudson Pacific Properties","HPP","1617606784","14.59","United States"
"5475","Delta Galil Industries","DELG.TA","1616028512","61.5867","Israel"
"5476","Toho Holdings","8129.T","1615044266","24.9614","Japan"
"5477","SHO-BOND Holdings","1414.T","1614314106","8.03295","Japan"
"5478","Hangzhou Shunwang Technology","300113.SZ","1613820972","2.39381","China"
"5479","Aditya Birla Real Estate","ABREL.NS","1613776765","14.594","India"
"5480","Peugeot Invest Société anonyme","PEUG.PA","1610787203","64.9033","France"
"5481","Distribution Solutions Group","DSGR","1610613888","34.82","United States"
"5482","ConnectOne Bancorp","CNOB","1609228160","31.98","United States"
"5483","Nipro Corporation","8086.T","1608898648","9.86475","Japan"
"5484","Crompton Greaves Consumer Electricals","CROMPTON.NS","1608066013","2.49733","India"
"5485","Sensirion Holding","SENS.SW","1607991940","103.383","Switzerland"
"5486","Macmahon Holdings","MAH.AX","1607852044","0.746108","Australia"
"5487","Lapidoth Capital","LAPD.TA","1607344868","26.9736","Israel"
"5488","Implenia AG","IMPN.SW","1606422084","87.0008","Switzerland"
"5489","Pigeon","7956.T","1605502025","13.4405","Japan"
"5490","Deterra Royalties","DRR.AX","1603067219","3.02748","Australia"
"5491","Xeris Pharmaceuticals","XERS","1601683840","8.785","United States"
"5492","Tsugami Corporation","6101.T","1599410264","34.3776","Japan"
"5493","Hays plc","HAS.L","1599299080","1.01867","United Kingdom"
"5494","Deutsche EuroShop","DEQ.F","1599252736","21.114","Germany"
"5495","Dana Gas","DANA.AE","1598169661","0.23","United Arab Emirates"
"5496","Misto Holdings (Fila)","081660.KS","1597888304","30.3505","South Korea"
"5497","Paradox Interactive","PDX.ST","1597345506","15.1231","Sweden"
"5498","SkyWater Technology","SKYT","1597181312","32.46","United States"
"5499","Ingles Markets","IMKTA","1595527552","84","United States"
"5500","CATRION Catering Holding Company","6004.SR","1594353446","19.4433","Saudi Arabia"
"5501","Nationwide Building Society","NBS.L","1594273226","174.766","United Kingdom"
"5502","PROG Holdings","PRG","1594261120","40.025","United States"
"5503","China Lesso Group","2128.HK","1593874107","0.517279","China"
"5504","OdontoPrev","ODPV3.SA","1593697043","2.92371","Brazil"
"5505","Pegasus Airlines","PGSUS.IS","1593111384","3.18622","Turkey"
"5506","Itochu Enex","8133.T","1593059596","14.1086","Japan"
"5507","MillerKnoll","MLKN","1591358976","23.36","United States"
"5508","Kontron AG","KTN.F","1591076815","25.938","Austria"
"5509","Landis+Gyr","LAND.SW","1590748303","57.5868","Switzerland"
"5510","Econergy Renewable Energy","ECNR.TA","1590070283","20.6097","Israel"
"5511","Ardent Health","ARDT","1589587456","11.27","United States"
"5512","ICF International","ICFI","1588942080","88.6","United States"
"5513","Innovative Industrial Properties","IIPR","1588385408","57.61","United States"
"5514","Saudi Real Estate Company (Al Akaria)","4020.SR","1588094350","4.23492","Saudi Arabia"
"5515","AEON REIT Investment","3292.T","1588078904","755.304","Japan"
"5516","Sotetsu Holdings","9003.T","1587584113","16.5427","Japan"
"5517","Ourpalm","300315.SZ","1587143803","0.586179","China"
"5518","Sanlorenzo","SL.MI","1584722604","44.7448","Italy"
"5519","Osaka Soda","4046.T","1582033600","13.0924","Japan"
"5520","East Pipes Integrated Company for Industry","1321.SR","1581502239","50.2064","Saudi Arabia"
"5521","Aluar Aluminio Argentino","ALUA.BA","1581241700","0.564729","Argentina"
"5522","Comer Industries","COM.MI","1580982385","55.2319","Italy"
"5523","Nohmi Bosai Ltd.","6744.T","1580449531","26.8497","Japan"
"5524","Wizz Air","WIZZ.L","1579608594","15.2597","Jersey"
"5525","Allient","ALNT","1579485824","92.93","United States"
"5526","CIE Automotive India","CIEINDIA.NS","1578655117","4.16134","India"
"5527","EverCommerce","EVCM","1577620736","8.93","United States"
"5528","Guaranty Trust Bank","9JO.F","1576660743","2.67857","Nigeria"
"5529","Tyra Biosciences","TYRA","1574874368","26.39","United States"
"5530","Hillman Solutions","HLMN","1574841728","8.095","United States"
"5531","Israel Canada (T.R) Ltd","ISCN.TA","1573807492","4.61396","Israel"
"5532","Marksans Pharma","MARKSANS.NS","1572502144","3.47005","India"
"5533","Bonesupport Holding AB","BONEX.ST","1569426767","23.9659","Sweden"
"5534","Kelt Exploration","KEL.TO","1568686310","7.72752","Canada"
"5535","PetroVietnam Power","POW.VN","1563188595","0.509539","Vietnam"
"5536","Healthcare Services Group","HCSG","1562755200","22.77","United States"
"5537","MITSUI-SOKO HOLDINGS Co., Ltd.","9302.T","1560319246","20.8587","Japan"
"5538","Europris","EPR.OL","1559717586","9.53086","Norway"
"5539","Avalon Technologies","AVALON.NS","1559188277","23.337","India"
"5540","Sarana Menara Nusantara","TOWR.JK","1557830267","0.0267615","Indonesia"
"5541","Dis-Chem Pharmacies","DCP.JO","1557684100","1.81949","South Africa"
"5542","Taikisha","1979.T","1555167730","24.6854","Japan"
"5543","ARKO Petroleum","APC","1554384512","18.825","United States"
"5544","Yoshinoya Holdings Co., Ltd.","9861.T","1553717482","24.1333","Japan"
"5545","Absci","ABSI","1553106816","9.05","United States"
"5546","Ahlibank","ABOB.OM","1551513147","0.558442","Oman"
"5547","Romande Energie","REHN.SW","1550796239","60.4413","Switzerland"
"5548","National Bank of Pakistan","NBP.PK","1550588891","0.728827","Pakistan"
"5549","Abu Dhabi Aviation","ADAVIATION.AE","1550028747","1.41","United Arab Emirates"
"5550","Kagome Co., Ltd.","2811.T","1548343959","17.1261","Japan"
"5551","NS United Kaiun Kaisha","9110.T","1547812784","65.6813","Japan"
"5552","Sally Beauty Holdings","SBH","1547576448","16.53","United States"
"5553","Aura Investments","AURA.TA","1546102920","5.44184","Israel"
"5554","Kestra Medical Technologies","KMTS","1545657344","26.375","United States"
"5555","Seera Holding Group","1810.SR","1545408590","5.64922","Saudi Arabia"
"5556","Capri Holdings","CPRI","1544581632","13.455","United Kingdom"
"5557","Diagnostyka S.A.","DIA.WA","1541994035","45.6799","Poland"
"5558","Great Eagle","0041.HK","1541730780","2.05636","Hong Kong"
"5559","SÜSS MicroTec","SMHN.DE","1541359957","80.6339","Germany"
"5560","PFISTERER Holding SE","PFSE.DE","1541321178","85.1783","Germany"
"5561","TPBank (Tien Phong Commercial Joint Stock Bank)","TPB.VN","1541022995","0.555513","Vietnam"
"5562","Volex plc","VLX.L","1540809417","8.41868","United Kingdom"
"5563","Wüstenrot &amp; Württembergische","WUW.F","1539054406","16.453","Germany"
"5564","Comforia Residential REIT","3282.T","1538291716","629.211","Japan"
"5565","B.F. S.p.A.","BFG.MI","1537562763","5.87276","Italy"
"5566","Innoviva","INVA","1537384064","21.28","United States"
"5567","Flowers Foods","FLO","1535890944","7.245","United States"
"5568","Metro Bank Holdings","MTRO.L","1533606621","2.27671","United Kingdom"
"5569","Kier Group","KIE.L","1533411645","3.54156","United Kingdom"
"5570","Nihon Kohden Corporation","6849.T","1532927443","9.58245","Japan"
"5571","Mori Hills REIT Investment","3234.T","1532360294","812.391","Japan"
"5572","Furuno Electric Co., Ltd.","6814.T","1530808806","48.4298","Japan"
"5573","National Bank of Umm Al Qaiwain","NBQ.AE","1530334387","0.77","United Arab Emirates"
"5574","ArriVent BioPharma","AVBP","1528046464","30.99","United States"
"5575","Thai Union Group","TU.BK","1527933538","0.396341","Thailand"
"5576","Latigo Biotherapeutics","LTGO","1527198464","24.15","United States"
"5577","Bandwidth","BAND","1526656512","47.44","United States"
"5578","Intercos","ICOS.MI","1526066179","16.2899","Italy"
"5579","Cardinal Energy","CJ.TO","1525335714","8.67904","Canada"
"5580","Nippon Shinyaku","4516.T","1525131666","22.6278","Japan"
"5581","Telia Lietuva","ZWS.F","1524352751","2.5402","Lithuania"
"5582","Omnicell","OMCL","1523770880","33.505","United States"
"5583","Hornbach Holding","HBH.DE","1523091097","95.1992","Germany"
"5584","Safety Insurance","SAFT","1522365952","103.7","United States"
"5585","Sparebanken Vest","SVEG.OL","1522353635","13.8817","Norway"
"5586","C3 AI","AI","1521848448","9.79","United States"
"5587","Kennedy Wilson","KW","1521191808","10.92","United States"
"5588","CEAT","CEATLTD.NS","1519729769","37.5705","India"
"5589","Alexander &amp; Baldwin","ALEX","1518725120","20.84","United States"
"5590","Novavax","NVAX","1517500672","9.2","United States"
"5591","Raspberry Pi","RPI.L","1515862587","7.82706","United Kingdom"
"5592","Industrie De Nora","DNR.MI","1515745639","7.62643","Italy"
"5593","Atlas Energy Solutions","AESI","1515729280","12.135","United States"
"5594","Trustpilot Group","TRST.L","1515207155","3.93869","Denmark"
"5595","Ingersoll Rand India","INGERRAND.NS","1514405080","47.9728","India"
"5596","Oki Electric Industry Co., Ltd.","6703.T","1512824909","17.4397","Japan"
"5597","Bittium","BITTI.HE","1511848962","42.5309","Finland"
"5598","Playtech","PTEC.L","1510787119","5.43746","Isle of Man"
"5599","Global Industrial Company","GIC","1510233600","39.63","United States"
"5600","NCAB Group AB","NCAB.ST","1510006854","8.07615","Sweden"
"5601","Dauch Corporation","DCH","1509977344","6.355","United States"
"5602","V-Guard Industries","VGUARD.NS","1509623766","3.45538","India"
"5603","Energizer Holdings","ENR","1509379456","22.04","United States"
"5604","Norwegian Air Shuttle","NAS.OL","1509365958","1.43391","Norway"
"5605","CONMED","CNMD","1506248320","50.29","United States"
"5606","Exzeo Group","XZO","1502633216","16.68","United States"
"5607","Nolato AB","NOLA-B.ST","1502239317","5.57664","Sweden"
"5608","Mixi","2121.T","1501566626","22.9916","Japan"
"5609","Reit 1 Ltd","RIT1.TA","1500412648","7.41733","Israel"
"5610","D/S Norden (Dampskibsselskabet Norden)","DNORD.CO","1500220446","54.486","Denmark"
"5611","InnovAge","INNV","1499887232","11.05","United States"
"5612","FuelCell Energy","FCEL","1498349568","18.7401","United States"
"5613","Tabcorp","TAH.AX","1496740352","0.652845","Australia"
"5614","DeNA","2432.T","1496201839","15.9781","Japan"
"5615","Eramet","ERA.PA","1495523369","52.179","France"
"5616","Dar Global","DAR.L","1494179456","8.3","United Kingdom"
"5617","Virgin Australia","VGN.AX","1490935127","1.90114","Australia"
"5618","Redcare Pharmacy","RDC.DE","1489585136","73.8173","Netherlands"
"5619","Tandem Diabetes Care","TNDM","1489332224","21.405","United States"
"5620","SHIFT Inc.","3697.T","1489156368","5.826","Japan"
"5621","Arvind","ARVIND.NS","1489136296","5.6807","India"
"5622","Kaga Electronics","8154.T","1488914934","31.241","Japan"
"5623","National Vision Holdings","EYE","1488827648","18.8294","United States"
"5624","Tessenderlo Group","TESB.BR","1488227877","25.2272","Belgium"
"5625","Fox-Wizel","FOX.TA","1488090028","107.02","Israel"
"5626","YONEX Co., Ltd.","7906.T","1487724518","17.3896","Japan"
"5627","Nikkiso Co., Ltd.","6376.T","1486175497","22.7407","Japan"
"5628","Savaria Corporation","SIS.TO","1485849616","20.6704","Canada"
"5629","East India Distilleries Parry","EIDPARRY.NS","1485451175","8.34731","India"
"5630","Lakeland Financial Corp","LKFN","1485007360","59.74","United States"
"5631","Kuwait Real Estate Company (AQARAT)","KRE.KW","1483550940","1153.85","Kuwait"
"5632","Cymbria","CYB.TO","1483452400","68.1361","Canada"
"5633","SUNeVision","1686.HK","1478688556","0.626348","Hong Kong"
"5634","BlueNord ASA","BNOR.OL","1478491745","57.8277","Norway"
"5635","National Medical Care Company","4005.SR","1475978143","33.027","Saudi Arabia"
"5636","Gallantt Ispat","GALLANTT.NS","1475728316","6.11622","India"
"5637","Harrow, Inc.","HROW","1475521664","39.36","United States"
"5638","Engineers India","ENGINERSIN.NS","1474947431","2.62426","India"
"5639","Collective Mining","CNL","1474608896","15.9","Canada"
"5640","Xior Student Housing","XIOR.BR","1474524628","31.5777","Belgium"
"5641","Helix Energy Solutions","HLX","1473824512","10","United States"
"5642","Jubilant Pharmova","JUBLPHARMA.NS","1473268707","9.30169","India"
"5643","Spin Master","TOY.TO","1472967035","14.727","Canada"
"5644","Replimune","REPL","1472652800","15.63","United States"
"5645","Forestar Group","FOR","1471858560","28.85","United States"
"5646","Televisa","TV","1470497408","2.79","Mexico"
"5647","Sylvamo","SLVM","1469936256","36.97","United States"
"5648","Brim hf.","BRIM.IC","1469440761","0.763169","Iceland"
"5649","Nishi-Nippon Railroad","9031.T","1469054348","19.4472","Japan"
"5650","Kumho Tire","073240.KS","1467940955","5.11014","South Korea"
"5651","Phibro Animal Health","PAHC","1467225728","36.17","United States"
"5652","Solaris Resources","SLSR","1465218176","8.77","Canada"
"5653","Empire State Realty Trust","ESRT","1464333312","4.78","United States"
"5654","Nordic American Tankers","NAT","1461079552","6.9","Bermuda"
"5655","Mitra Keluarga","MIKA.JK","1460386819","0.105014","Indonesia"
"5656","Adient","ADNT","1460057216","18.62","Ireland"
"5657","Enovis","ENOV","1459614976","25.31","United States"
"5658","Amprius Technologies","AMPX","1459345408","9.99","United States"
"5659","Aktis Oncology","AKTS","1458065152","26.215","United States"
"5660","Schrödinger","SDGR","1455717504","19.46","United States"
"5661","BigBear.ai","BBAI","1455265792","3.035","United States"
"5662","NHN Corp","181710.KS","1453735118","47.1317","South Korea"
"5663","KSB ltd","KSB.NS","1452941638","8.34836","India"
"5664","Amalgamated Financial","AMAL","1451951232","48.56","United States"
"5665","MAAS Group Holdings","MGH.AX","1451658164","4.0175","Australia"
"5666","Ambiq Micro","AMBQ","1447686400","59.86","United States"
"5667","Action Construction Equipment","ACE.NS","1446021347","12.1486","India"
"5668","Beach Energy","BPT.AX","1445432626","0.633591","Australia"
"5669","HEG","HEG.NS","1443356684","7.4794","India"
"5670","Champion Iron","CIA.AX","1442404955","2.57551","Australia"
"5671","Azenta","AZTA","1442172160","32.92","United States"
"5672","Bradespar","BRAP3.SA","1440855823","3.6654","Brazil"
"5673","MONY Group plc","MONY.L","1440590540","2.81257","United Kingdom"
"5674","Pearl Abyss","263750.KQ","1439084264","23.4215","South Korea"
"5675","Trisura Group","TSU.TO","1437984211","30.4415","Canada"
"5676","MPC Container Ships","MPCC.OL","1437854426","2.946","Norway"
"5677","KalVista Pharmaceuticals","KALV","1437504000","27","United States"
"5678","Nazara Technologies","NAZARA.NS","1436934600","3.73525","India"
"5679","Dürr","DUE.F","1435326232","20.7411","Germany"
"5680","Rai Way","RWAY.MI","1434505612","5.34258","Italy"
"5681","PILLAR Corporation","6490.T","1434150137","62.7329","Japan"
"5682","Inabata &amp; Co.,Ltd.","8098.T","1433287183","26.8497","Japan"
"5683","The Greenbrier Companies","GBX","1433126272","46.32","United States"
"5684","TriMas","TRS","1432443776","39.93","United States"
"5685","BinDawood","4161.SR","1430843047","1.25183","Saudi Arabia"
"5686","EL.En. S.p.A. (Elen Group)","ELN.MI","1429040779","17.8164","Italy"
"5687","Kuwait International Bank","KIB.KW","1428272819","818.122","Kuwait"
"5688","BJ's Restaurants","BJRI","1427576064","67.105","United States"
"5689","Peoples Bancorp","PEBO","1426909952","39.7","United States"
"5690","ORIC Pharmaceuticals","ORIC","1424187520","13.74","United States"
"5691","Derayah Financial Company","4084.SR","1423519313","5.82235","Saudi Arabia"
"5692","Klöckner &amp; Co","KCO.DE","1423169856","14.2674","Germany"
"5693","Chow Sang Sang Holdings","0116.HK","1422412570","2.11759","Hong Kong"
"5694","WEBTOON Entertainment","WBTN","1422252032","10.48","United States"
"5695","Almoosa Health Company","4018.SR","1421915469","32.0948","Saudi Arabia"
"5696","Dorchester Minerals","DMLP","1421196288","28.95","United States"
"5697","freee K.K.","4478.T","1421150940","23.9326","Japan"
"5698","Stepan Company","SCL","1420718336","62.55","United States"
"5699","Izumi Co., Ltd.","8273.T","1418892418","6.75006","Japan"
"5700","Lendlease","LLC.AX","1417568511","2.0518","Australia"
"5701","Kinepolis Group","KIN.BR","1416598290","52.9597","Belgium"
"5702","Tomen Devices Corporation","2737.T","1416433369","208.273","Japan"
"5703","Ramsay Générale de Santé","GDS.PA","1414662480","12.8175","France"
"5704","Cullinan Therapeutics","CGEM","1412305920","22.98","United States"
"5705","VA Tech Wabag","WABAG.NS","1411492276","22.5918","India"
"5706","Graphite India","GRAPHITE.NS","1411221190","7.22312","India"
"5707","Richelieu Hardware","RCH.TO","1410822677","25.6568","Canada"
"5708","Okamura Corporation","7994.T","1410538537","14.8991","Japan"
"5709","Atlanticus","ATLC","1409979136","92.945","United States"
"5710","Vizsla Silver","VZLA","1409337856","4.015","Canada"
"5711","Hokkaido Electric Power Company","9509.T","1409313895","6.86298","Japan"
"5712","Alto Neuroscience","ANRO","1409184000","35.91","United States"
"5713","Zigup","ZIG.L","1408233491","6.27661","United Kingdom"
"5714","Starts Corporation","8850.T","1408070135","29.704","Japan"
"5715","UMH Properties","UMH","1407797248","16.53","United States"
"5716","Lanxess","LXS.F","1407579526","16.3016","Germany"
"5717","FMC Corporation","FMC","1407549696","11.24","United States"
"5718","Cheil Worldwide Inc.","030000.KS","1406445965","13.8869","South Korea"
"5719","G-III Apparel Group","GIII","1406211840","33.33","United States"
"5720","Tompkins Financial","TMP","1405641344","97.73","United States"
"5721","Arlo Technologies","ARLO","1405429760","13.06","United States"
"5722","Black Box","BBOX.NS","1405126435","7.91178","India"
"5723","Vor Biopharma","VOR","1403921280","23.73","United States"
"5724","Siam City Cement (INSEE)","SCCC.BK","1403689118","4.71037","Thailand"
"5725","Bilia AB","BILI-A.ST","1403575642","15.3016","Sweden"
"5726","Freightways","FRW.NZ","1401895619","7.82262","New Zealand"
"5727","Adtran Networks","ADV.DE","1401140747","26.9168","Germany"
"5728","Wealthfront Corporation","WLTH","1399514624","9.37","United States"
"5729","Gens Aurea","OROX.MI","1399312474","13.8546","Italy"
"5730","REX American Resources","REX","1396529664","42.3991","United States"
"5731","Colowide","7616.T","1395460995","13.1269","Japan"
"5732","Électricite de Strasbourg","ELEC.PA","1395114664","194.593","France"
"5733","Ramkrishna Forgings","RKFORGE.NS","1394977756","7.67279","India"
"5734","Minera Valparaíso","MINERA.SN","1394907031","11.1593","Chile"
"5735","Medartis Holding","MED.SW","1394887206","112.071","Switzerland"
"5736","Qisda Corporation","2352.TW","1394856516","0.882538","Taiwan"
"5737","Takuma Co., Ltd.","6013.T","1394825291","19.2276","Japan"
"5738","Hino Motors","7205.T","1394702921","2.42961","Japan"
"5739","Fukuyama Transporting","9075.T","1394256189","39.5845","Japan"
"5740","MeiraGTx","MGTX","1392623360","14.5","United States"
"5741","Vedant Fashions","MANYAVAR.NS","1392123411","5.72944","India"
"5742","Heiwa Corporation","6412.T","1392109288","14.1149","Japan"
"5743","EXEDY Corporation","7278.T","1392010720","38.7062","Japan"
"5744","Olaplex","OLPX","1391282176","2.07","United States"
"5745","United Fire Group","UFCS","1390535808","54.095","United States"
"5746","Fresh Del Monte Produce","FDP","1390188416","29.22","Cayman Islands"
"5747","NTN Corporation","6472.T","1389615498","2.33743","Japan"
"5748","Wolfspeed","WOLF","1389214208","26.73","United States"
"5749","Alexander's, Inc.","ALX","1388672128","271.9","United States"
"5750","Tokai Tokyo Financial Holdings","8616.T","1388455094","5.47031","Japan"
"5751","Community Trust Bancorp","CTBI","1386941568","76.34","United States"
"5752","Zug Estates Holding","ZUGN.SW","1386179127","2718","Switzerland"
"5753","InterRent Real Estate Investment Trust","IIP-UN.TO","1386129561","9.76032","Canada"
"5754","Elementis","ELM.L","1385470480","2.44264","United Kingdom"
"5755","Alpha Tau Medical","DRTS","1384055808","14.9663","Israel"
"5756","Create SD Holdings","3148.T","1383992627","21.4233","Japan"
"5757","Al Yah Satellite Communications Company","YAHSAT.AE","1381741539","0.57","United Arab Emirates"
"5758","XPEL","XPEL","1379640192","50.04","United States"
"5759","Abu Dhabi National Hotels","ADNH.AE","1379261519","0.11","United Arab Emirates"
"5760","Sigma Lithium","SGML","1378961792","12.25","Canada"
"5761","Companhia Siderúrgica Nacional","SID","1378607232","1.0396","Brazil"
"5762","santec Holdings Corporation","6777.T","1378140655","117.185","Japan"
"5763","SHIFT UP","462870.KS","1377910928","23.7463","South Korea"
"5764","Frontier Airlines","ULCC","1376690304","5.98","United States"
"5765","JSW Holdings","JSWHL.NS","1376456668","124.023","India"
"5766","Muninova Holdings","547A.T","1376236524","2.87317","Japan"
"5767","Machvision Inc.","3563.TW","1376042317","21.5138","Taiwan"
"5768","Gibraltar Industries","ROCK","1373346816","46.3","United States"
"5769","Barloworld","BAW.JO","1372922800","7.36393","South Africa"
"5770","Cham Swiss Properties AG","CHAM.SW","1372645987","28.9175","Switzerland"
"5771","Atresmedia Corporación de Medios de Comunicación, S.A.","A3M.MC","1372271244","6.09415","Spain"
"5772","NSD Co., Ltd.","9759.T","1370300271","18.0859","Japan"
"5773","The Monogatari Corporation","3097.T","1368295619","35.6323","Japan"
"5774","Koh Young Technology","098460.KQ","1368142588","20.6788","South Korea"
"5775","Seaport Therapeutics","SPTX","1366635008","25.53","United States"
"5776","Gamma Communications","GAMA.L","1366382679","15.3277","United Kingdom"
"5777","Jamieson Wellness","JWEL.TO","1365484861","32.9104","Canada"
"5778","United Electronics Company (eXtra Saudi)","4003.SR","1365217996","17.6455","Saudi Arabia"
"5779","Walker &amp; Dunlop","WD","1365134848","39.77","United States"
"5780","Vossloh AG","VOS.DE","1364283399","70.6129","Germany"
"5781","Future Corporation","4722.T","1362354125","15.3633","Japan"
"5782","Red Cat Holdings","RCAT","1362212224","8.92","United States"
"5783","Saudi Ground Services Company","4031.SR","1361992308","7.24464","Saudi Arabia"
"5784","Develia","DVL.WA","1360796756","2.93695","Poland"
"5785","Saga","SAGA.L","1360434257","9.35711","United Kingdom"
"5786","Bega Cheese","BGA.AX","1359173827","4.44795","Australia"
"5787","Lightspeed Commerce","LSPD","1358938752","10.51","Canada"
"5788","RPC, Inc.","RES","1358757504","6.13","United States"
"5789","Palfinger","PFI.F","1357947981","36.1221","Austria"
"5790","POET Technologies","POET","1357640576","7.845","Canada"
"5791","Pursuit Attractions and Hospitality","PRSU","1357640576","49.46","United States"
"5792","Morinaga &amp; Company","2201.T","1357468711","16.1663","Japan"
"5793","Borr Drilling","BORR","1357456128","4.4","Bermuda"
"5794","Keystone Infra","KSTN.TA","1357185431","6.63656","Israel"
"5795","Aevis Victoria","AEVS.SW","1356960292","15.886","Switzerland"
"5796","Banpu Public Company","BANPU.BK","1356612340","0.445122","Thailand"
"5797","Vistry Group","VTY.L","1355422852","4.26782","United Kingdom"
"5798","Newsmax","NMAX","1354249344","10.485","United States"
"5799","Celulosa Argentina","CELU.BA","1353446788","0.134082","Argentina"
"5800","VIEL &amp; Cie","VIL.PA","1352460328","21.8597","France"
"5801","Advantage Energy","AAV.TO","1352400211","8.07713","Canada"
"5802","Harmonic Inc.","HLIT","1352151296","12.3975","United States"
"5803","Vitrolife AB","VITR.ST","1352072211","9.98228","Sweden"
"5804","TS TECH","7313.T","1351779135","11.5742","Japan"
"5805","Imdex Limited","IMD.AX","1351190058","2.59703","Australia"
"5806","PicS N.V. (PicPay)","PICS","1349006336","10.41","Brazil"
"5807","Bajaj Mobility AG","BMAG.VI","1348789762","39.9091","Austria"
"5808","The Oita Bank","8392.T","1348500505","17.8099","Japan"
"5809","Oman Arab Bank","OAB.OM","1347300094","0.672727","Oman"
"5810","Westamerica Bancorporation","WABC","1345762432","58.23","United States"
"5811","Bristow Group","VTOL","1345746816","45.4","United States"
"5812","The RealReal","REAL","1345074176","11.055","United States"
"5813","PCBL Limited","PCBL.NS","1343065007","3.41345","India"
"5814","LGI Homes","LGIH","1342820096","57.76","United States"
"5815","The Pennant Group","PNTG","1342324224","38.43","United States"
"5816","Noritsu Koki","7744.T","1341835223","12.8289","Japan"
"5817","Pilot Corporation","7846.T","1341226756","12.7724","Japan"
"5818","Karnataka Bank","KTKBANK.NS","1338671302","3.53976","India"
"5819","First Mid Bancshares","FMBH","1338608256","50.32","United States"
"5820","Alma Media","ALMA.HE","1337780300","16.255","Finland"
"5821","Kerry Logistics Network","0636.HK","1337284124","0.739882","Hong Kong"
"5822","New Pacific Metals","NEWP","1337129728","7.225","Canada"
"5823","Shikoku Kasei Holdings Corp","4099.T","1337039640","15.4574","Japan"
"5824","GemLife Communities Group","GLF.AX","1336834297","3.51532","Australia"
"5825","LOTTE Corporation","004990.KS","1335513088","17.3947","South Korea"
"5826","H&amp;K AG (Heckler &amp; Koch)","MLHK.PA","1335462519","37.6369","Germany"
"5827","Bytes Technology","BYIT.L","1335081460","5.78835","United Kingdom"
"5828","Wacoal Holdings","3591.T","1334812878","27.0002","Japan"
"5829","ChemoMetec","CHEMM.CO","1334410876","76.6794","Denmark"
"5830","Omeros Corporation","OMER","1334116736","18.43","United States"
"5831","Dream Finders Homes","DFH","1333582336","14.73","United States"
"5832","Corbion","CRBN.AS","1333476297","23.1298","Netherlands"
"5833","Land and Houses","LH.BK","1333413245","0.111585","Thailand"
"5834","CVR Partners","UAN","1333148416","126.13","United States"
"5835","Serica Energy","SQZ.L","1332543377","3.40011","United Kingdom"
"5836","Cadre Holdings, Inc.","CDRE","1331938944","31.105","United States"
"5837","Liquidity Services","LQDT","1331593728","42.5","United States"
"5838","T1 Energy","TE","1331262336","4.52","United States"
"5839","Sano Bruno's Enterprises","SANO1.TA","1331143116","118.428","Israel"
"5840","Saudi Research and Media Group","4210.SR","1330669962","16.6334","Saudi Arabia"
"5841","Navigator Holdings","NVGS","1329481472","21.62","United Kingdom"
"5842","Oil-Dri Corporation Of America","ODC","1328435456","91.69","United States"
"5843","Edgewell Personal Care","EPC","1328282496","28.82","United States"
"5844","Nutex Health","NUTX","1326794752","193.75","United States"
"5845","Nippon Soda","4041.T","1326586857","24.7481","Japan"
"5846","Retal Urban Development Company","4322.SR","1326515732","2.65814","Saudi Arabia"
"5847","Inox Wind","INOXWIND.NS","1326041375","0.76728","India"
"5848","Regis Healthcare","REG.AX","1325366823","4.38338","Australia"
"5849","Top Glove","BVA.SI","1324358197","0.165171","Malaysia"
"5850","Okumura Corporation","1833.T","1322181433","36.8242","Japan"
"5851","MannKind Corp","MNKD","1321258368","4.1091","United States"
"5852","Isras Investment Company","ISRS.TA","1320814188","269.938","Israel"
"5853","Qassim Cement Company","3040.SR","1319641881","12.0229","Saudi Arabia"
"5854","Orchid Island Capital","ORC","1319086592","6.635","United States"
"5855","Fiskars","FSKRS.HE","1318590443","16.3365","Finland"
"5856","Boubyan Petrochemical Company","BPCC.KW","1318567163","2353.32","Kuwait"
"5857","TOMONY Holdings","8600.T","1317969444","6.85671","Japan"
"5858","PureCycle Technologies","PCT","1317935616","6.56","United States"
"5859","Betsson AB","BETS-B.ST","1315841235","9.72498","Sweden"
"5860","Frey SA","FREY.PA","1315405805","41.7152","France"
"5861","Ricoh Leasing Company","8566.T","1314920326","42.6584","Japan"
"5862","MoonLake Immunotherapeutics","MLTX","1314898304","15.45","Switzerland"
"5863","GELEX Group Joint Stock Company","GEX.VN","1313383982","1.00375","Vietnam"
"5864","secunet","YSN.F","1313198842","202.983","Germany"
"5865","Centuria Industrial REIT","CIP.AX","1312473710","2.10202","Australia"
"5866","LG Household &amp; Health Care","051905.KS","1312202748","78.3122","South Korea"
"5867","JAPAN MATERIAL Co., Ltd.","6055.T","1312029800","12.7661","Japan"
"5868","Zhongsheng Group","0881.HK","1311962001","0.554274","China"
"5869","Arçelik","ARCLK.IS","1311053221","1.94021","Turkey"
"5870","AMN Healthcare Services","AMN","1310913408","33.8475","United States"
"5871","Vesuvius plc","VSVS.L","1309976279","5.32082","United Kingdom"
"5872","Digital Turbine","APPS","1309395712","10.82","United States"
"5873","Rusta AB","RUSTA.ST","1308347070","8.55399","Sweden"
"5874","Redox Limited","RDX.AX","1307147279","2.48942","Australia"
"5875","Integra LifeSciences","IART","1306578048","16.8","United States"
"5876","Infortar","INF1T.TL","1306574223","63.3885","Estonia"
"5877","Willdan Group","WLDN","1306151808","85.75","United States"
"5878","Trupanion","TRUP","1305996928","29.94","United States"
"5879","Trident","TRIDENT.NS","1305382254","0.256179","India"
"5880","PowerX, Inc.","485A.T","1303851882","11.2292","Japan"
"5881","Tamboran Resources","TBN","1301625472","37.3425","Australia"
"5882","Laurentian Bank of Canada","LB.TO","1301253263","29.0503","Canada"
"5883","GenusPlus Group Limited","GNP.AX","1301092647","6.39931","Australia"
"5884","Orora Limited","ORA.AX","1301031305","1.06177","Australia"
"5885","Varroc","VARROC.NS","1300769155","8.51292","India"
"5886","DFDS A/S","DFDS.CO","1299826240","24.0636","Denmark"
"5887","Aichi Steel","5482.T","1299800026","20.2314","Japan"
"5888","The Miyazaki Bank","8393.T","1299720371","15.4888","Japan"
"5889","Develop Global Limited","DVP.AX","1299677291","3.93859","Australia"
"5890","Norconsult","NORCO.OL","1299274720","4.18715","Norway"
"5891","Musashi Seimitsu Industry","7220.T","1299255695","19.8236","Japan"
"5892","ISE Chemicals","4107.T","1297871639","25.4696","Japan"
"5893","HBT Financial","HBT","1297161344","35.67","United States"
"5894","Makhazen","MKHZN.KW","1296749172","518.253","Kuwait"
"5895","Hokuriku Electric Power Company","9505.T","1294272433","6.1955","Japan"
"5896","Cracker Barrel","CBRL","1294261248","57.905","United States"
"5897","Seneca Foods","SENEA","1293698944","191.08","United States"
"5898","La-Z-Boy","LZB","1292903424","32.28","United States"
"5899","Herbalife","HLF","1292757632","12.47","United States"
"5900","PVR INOX","PVRINOX.NS","1292115614","13.158","India"
"5901","ProAssurance","PRA","1290193152","25","United States"
"5902","ProPetro","PUMP","1289651200","10.5","United States"
"5903","Artivion","AORT","1289602048","26.45","United States"
"5904","Cronos Group","CRON","1289444992","3.5","Canada"
"5905","Clarivate","CLVT","1288923008","2.015","United Kingdom"
"5906","Ategrity Specialty Insurance Company","ASIC","1288275840","26.88","United States"
"5907","Fever-Tree Drinks","FEVR.L","1287743988","11.6284","United Kingdom"
"5908","Electrica","ECEA.F","1285885862","15.148","Romania"
"5909","Avino Silver &amp; Gold Mines","ASM","1285804416","7.57","Canada"
"5910","Spire Healthcare Group","SPI.L","1285800843","3.20971","United Kingdom"
"5911","Italmobiliare","ITM.MI","1285512242","30.5873","Italy"
"5912","Smartgroup Corporation","SIQ.AX","1285477363","9.30483","Australia"
"5913","Kraken Robotics","PNG.V","1285385599","4.18454","Canada"
"5914","Old Second Bancorp","OSBC","1285120640","25.26","United States"
"5915","u-blox","UBXN.SW","1284949029","166.427","Switzerland"
"5916","OCB (Orient Commercial Joint Stock Bank)","OCB.VN","1284747758","0.419508","Vietnam"
"5917","PM Capital Global Opportunities Fund","PGF.AX","1284331525","2.32441","Australia"
"5918","Nabors Industries","NBR","1282423808","86.65","Bermuda"
"5919","Dole PLC","DOLE","1281834368","13.5703","Ireland"
"5920","Creades AB","CRED-A.ST","1281790135","9.44142","Sweden"
"5921","FirstGroup","FGP.L","1281477164","2.44264","United Kingdom"
"5922","SBS Holdings","2384.T","1280674945","32.2447","Japan"
"5923","Two Harbors Investment","TWO","1280541440","12.18","United States"
"5924","ARYZTA AG","ARYN.SW","1280145121","51.5675","Switzerland"
"5925","Pets at Home","PETS.L","1279352186","2.9377","United Kingdom"
"5926","NAPCO Security Technologies","NSSC","1279079168","35.76","United States"
"5927","Yodogawa Steel Works","5451.T","1278772972","8.92689","Japan"
"5928","Allied Properties REIT","AP-UN.TO","1278523839","6.53091","Canada"
"5929","Domino's Pizza Enterprises (Australia)","DMP.AX","1277882856","13.4873","Australia"
"5930","York Space Systems","YSS","1277425664","9.3","United States"
"5931","SJM Holdings","0880.HK","1277386232","0.179868","Hong Kong"
"5932","Noritake","5331.T","1276945619","23.2112","Japan"
"5933","Aegean Airlines","AEGN.AT","1276719886","14.2275","Greece"
"5934","Toenec Corporation","1946.T","1275865693","13.6507","Japan"
"5935","SAN-A CO.,LTD.","2659.T","1275078386","21.141","Japan"
"5936","naturenergie holding","NEAG.SW","1275007900","38.5981","Switzerland"
"5937","Austal Limited","ASB.AX","1274791903","3.0203","Australia"
"5938","IRSA Inversiones y Representaciones","IRS","1274208256","15.0595","Argentina"
"5939","I.D.I. Insurance Company","IDIN.TA","1274045525","86.1541","Israel"
"5940","Corsair Gaming","CRSR","1273783680","11.775","United States"
"5941","Yamama Saudi Cement Company","3020.SR","1272872668","6.28579","Saudi Arabia"
"5942","Arhaus","ARHS","1272445184","8.99","United States"
"5943","South Indian Bank","SOUTHBANK.NS","1271734620","0.485524","India"
"5944","Pakistan Tobacco Company","PAKT.PK","1269801611","4.96999","Pakistan"
"5945","Everforth","EFOR","1269769984","30.97","United States"
"5946","Société de la Tour Eiffel","EIFF.PA","1269610532","9.55488","France"
"5947","AS LHV Group","LHV1T.TL","1267800604","3.89187","Estonia"
"5948","Japan Securities Finance","8511.T","1267166671","15.6895","Japan"
"5949","Afya","AFYA","1267008000","14.32","Brazil"
"5950","ARCS Company Limited","9948.T","1266781241","23.7758","Japan"
"5951","Sun Art Retail Group Limited","6808.HK","1265724078","0.132668","China"
"5952","Edelweiss Financial Services","EDELWEISS.NS","1264694542","1.33614","India"
"5953","Spinneys","SPINNEYS.AE","1264568061","0.351269","United Arab Emirates"
"5954","Elkem","ELK.OL","1264129093","3.48679","Norway"
"5955","McEwen Mining","MUX","1259321088","21.08","Canada"
"5956","Ladder Capital","LADR","1258503808","9.92","United States"
"5957","Deep Yellow","DYL.AX","1258027200","1.29134","Australia"
"5958","Immatics","IMTX","1257547776","9.2","Germany"
"5959","Sipef","SIP.BR","1256695240","120.252","Belgium"
"5960","Myers Industries","MYE","1256443648","33.4","United States"
"5961","Kanadevia Corporation","7004.T","1256026382","7.46521","Japan"
"5962","Leggett &amp; Platt","LEG","1255935744","9.195","United States"
"5963","Ryman Healthcare","RYM.NZ","1255849998","1.2364","New Zealand"
"5964","BMV (Bolsa Mexicana de Valores)","BOLSAA.MX","1253447346","2.27242","Mexico"
"5965","Birchcliff Energy","BIR.TO","1253316996","4.56659","Canada"
"5966","H.U. Group Holdings","4544.T","1253194031","22.954","Japan"
"5967","Winmark","WINA","1252768896","348.75","United States"
"5968","ACV Auctions","ACVA","1252333824","7.375","United States"
"5969","Carter's","CRI","1251117184","34.08","United States"
"5970","Abacus Storage King","ASK.AX","1249147275","0.95057","Australia"
"5971","BellRing Brands","BRBR","1248827776","10.74","United States"
"5972","Piedmont Realty Trust","PDM","1248825472","9.98","United States"
"5973","Mercialys","MERY.PA","1247340964","13.3302","France"
"5974","Norion Bank","NORION.ST","1246064391","7.07844","Sweden"
"5975","Blue Dart Express","BLUEDART.NS","1245317348","52.4832","India"
"5976","Jazeera Airways","JAZEERA.KW","1245116005","5677.97","Kuwait"
"5977","NexPoint Residential Trust","NXRT","1243393536","24.095","United States"
"5978","M.P. Evans Group PLC","MPE.L","1243091005","23.9368","United Kingdom"
"5979","Labrador Iron Ore Royalty Corp.","LIF.TO","1242861825","19.4197","Canada"
"5980","Sinarmas Land","A26.SI","1242348621","0.291963","Singapore"
"5981","Certara","CERT","1241665792","8.14","United States"
"5982","Umios (Maruha Nichiro Corporation)","1333.T","1241477240","8.21174","Japan"
"5983","Corvus Pharmaceuticals","CRVS","1239942656","14.74","United States"
"5984","Takara Standard","7981.T","1239584928","19.604","Japan"
"5985","Bangkok Airways","BA.BK","1239520809","0.597561","Thailand"
"5986","Afry AB","AFRY.ST","1239339688","10.9432","Sweden"
"5987","Caisse Régionale de Crédit Agricole Mutuel Sud Rhône Alpes","CRSU.PA","1238529069","272.664","France"
"5988","Eximbank (Vietnam Export Import Commercial Joint Stock Bank)","EIB.VN","1238150442","0.6647","Vietnam"
"5989","Jefferson Capital","JCAP","1237520256","21.55","United States"
"5990","Unipar Carbocloro","UNIP6.SA","1236732491","11.0796","Brazil"
"5991","Srisawad Corporation","SAWAD.BK","1235999123","0.743902","Thailand"
"5992","Oppenheimer Holdings","OPY","1234954240","115.33","United States"
"5993","Data#3 Limited","DTL.AX","1234926502","7.96327","Australia"
"5994","Canfor","CFP.TO","1234267237","10.5186","Canada"
"5995","Toagosei","4045.T","1234084264","11.6746","Japan"
"5996","ARB Corporation Limited","ARB.AX","1233984615","14.75","Australia"
"5997","Cosmo Pharmaceuticals","C43.F","1233901635","71.7781","Ireland"
"5998","Japan Display","6740.T","1230940689","0.288571","Japan"
"5999","Kri-Kri Milk Industry","KRI.AT","1229209694","37.2873","Greece"
"6000","Preferred Bank","PFBC","1228575488","103.65","United States"
"6001","Nestle Pakistan","NESTLE.PK","1227358628","27.0644","Pakistan"
"6002","F.C.C. Co., Ltd.","7296.T","1226310380","25.846","Japan"
"6003","New Wave Group","NEWA-B.ST","1225581637","9.23663","Sweden"
"6004","Toho Titanium","5727.T","1223631380","17.1892","Japan"
"6005","Universal Technical Institute","UTI","1223114240","22.2","United States"
"6006","Towa Pharmaceutical","4553.T","1222929791","24.8422","Japan"
"6007","Cibus Nordic Real Estate","CIBUS.ST","1222859214","14.8973","Sweden"
"6008","China Everbright Limited","0165.HK","1222165846","0.725212","Hong Kong"
"6009","Siam Global House","GLOBAL.BK","1221166983","0.217988","Thailand"
"6010","Yelp","YELP","1220931456","22.5","United States"
"6011","Alerion Clean Power","ARN.MI","1220738158","22.722","Italy"
"6012","Easterly Government Properties","DEA","1220734720","24.91","United States"
"6013","Gentherm","THRM","1220531968","39.75","United States"
"6014","Aamal Company","AHCS.QA","1220192316","0.193681","Qatar"
"6015","Tsakos Energy Navigation","TEN","1218962816","40.46","Greece"
"6016","J D Wetherspoon","JDW.L","1218529166","11.5604","United Kingdom"
"6017","Monte Rosa Therapeutics","GLUE","1218275328","14.28","United States"
"6018","TF Bank AB","TFBANK.ST","1217506421","18.8323","Sweden"
"6019","Heineken Malaysia","3255.KL","1216804457","4.02785","Malaysia"
"6020","Marcus &amp; Millichap","MMI","1216416640","32.12","United States"
"6021","The National Agricultural Development Company","6010.SR","1215558259","4.02983","Saudi Arabia"
"6022","MLP SE","MLP.DE","1215364679","11.1279","Germany"
"6023","National Healthcare Properties","NHP","1215324416","16.67","United States"
"6024","Universal Insurance Holdings","UVE","1215073280","43.66","United States"
"6025","NTT UD REIT Investment Corporation","8956.T","1214886413","827.447","Japan"
"6026","Guardian Capital Group","GCG.TO","1214390315","49.1475","Canada"
"6027","Sana Biotechnology","SANA","1213907328","4.055","United States"
"6028","ASA Gold and Precious Metals","ASA","1213701888","64.6","United States"
"6029","Sanyo Denki","6516.T","1212010893","34.1267","Japan"
"6030","Clear Channel Outdoor","CCO","1211643392","2.38","United States"
"6031","Eos Energy Enterprises","EOSE","1211616384","3.3499","United States"
"6032","Gasco (National Gas and Industrialization Company)","2080.SR","1211546262","16.1539","Saudi Arabia"
"6033","Vincorion SE","V1NC.DE","1210673558","24.2135","Germany"
"6034","PHC Holdings Corporation","6523.T","1210343159","9.56677","Japan"
"6035","Leon's Furniture","LNF.TO","1210242469","17.6032","Canada"
"6036","Isracard","ISCD.TA","1210058793","3.7154","Israel"
"6037","Gulf Insurance Group","GINS.KW","1209525602","4250.33","Kuwait"
"6038","PROCEPT BioRobotics","PRCT","1205541120","21.18","United States"
"6039","Caisse régionale de Crédit Agricole Mutuel Atlantique Vendée","CRAV.PA","1205386809","163.319","France"
"6040","Grocery Outlet","GO","1204867456","12.16","United States"
"6041","Caisse Régionale de Crédit Agricole Mutuel Alpes Provence","CRAP.PA","1204530841","161.967","France"
"6042","Biglari","BH","1202777344","377.7","United States"
"6043","Radware","RDWR","1201875840","28.56","Israel"
"6044","CVS Group","CVSG.L","1201612387","17.667","United Kingdom"
"6045","Hongkong and Shanghai Hotels","0045.HK","1201441808","0.720747","Hong Kong"
"6046","Saudi Reinsurance Company","8200.SR","1201405676","7.18072","Saudi Arabia"
"6047","Compagnie des Alpes","CDA.PA","1201316373","23.6542","France"
"6048","GoodRx","GDRX","1200831744","3.52","United States"
"6049","Odyssey Therapeutics","ODTX","1200502016","24.98","United States"
"6050","Bank Islam Malaysia","5258.KL","1200295448","0.529587","Malaysia"
"6051","KEC International","KEC.NS","1200246579","4.50882","India"
"6052","Bitfarms","BITF","1199686528","1.98","Canada"
"6053","TeamViewer","TMV.DE","1198919990","7.63808","Germany"
"6054","Fortune REIT","0778.HK","1198259201","0.579787","Hong Kong"
"6055","Cricut","CRCT","1196422144","5.7","United States"
"6056","United Real Estate Company","URC.KW","1194984481","847.458","Kuwait"
"6057","Kuwait Projects Company Holding","KPROJ.KW","1194522316","254.889","Kuwait"
"6058","Ali Al-Ghanim Sons Automotive Company","ALG.KW","1194514911","3044.33","Kuwait"
"6059","Nippon Light Metal Holdings Company","5703.T","1193911469","19.3845","Japan"
"6060","SM Entertainment","041510.KQ","1193751105","52.141","South Korea"
"6061","Unusual Machines","UMAC","1192961280","23.88","United States"
"6062","Danya Cebus","DNYA.TA","1191325017","36.2116","Israel"
"6063","Fatima Fertilizer","FATIMA.PK","1191116043","0.567198","Pakistan"
"6064","Tennant Company","TNC","1190382464","69.82","United States"
"6065","Nine Entertainment Co. Holdings","NEC.AX","1188838055","0.749695","Australia"
"6066","Lahav LR Real Estate","LAHAV.TA","1188164023","3.83655","Israel"
"6067","Kura Oncology","KURA","1187624320","13.35","United States"
"6068","Ferretti","F3T1.F","1187174029","3.50734","Italy"
"6069","Fnac Darty","FNAC.PA","1185811699","40.3752","France"
"6070","Lassonde Industries","LAS-A.TO","1185479346","173.783","Canada"
"6071","JOST Werke SE","JST.DE","1184082908","72.2442","Germany"
"6072","Nitta Corporation","5186.T","1184021929","43.1602","Japan"
"6073","J.S.B.Co.","3480.T","1183009222","56.0832","Japan"
"6074","Suburban Propane Partners","SPH","1182143488","17.72","United States"
"6075","Marten Transport","MRTN","1180827776","14.46","United States"
"6076","StorageVault Canada","SVI.TO","1179843471","3.22581","Canada"
"6077","Abdullah Al-Othaim Markets Company","4001.SR","1179384834","1.31043","Saudi Arabia"
"6078","Prospect Capital","PSEC","1179317120","2.3","United States"
"6079","Sakata Seed","1377.T","1178401422","27.8848","Japan"
"6080","Jupiter Fund Management","JUP.L","1177783797","2.35016","United Kingdom"
"6081","Saudi Cement Company","3030.SR","1177706805","7.69743","Saudi Arabia"
"6082","Heritage Financial","HFWA","1176731520","28.76","United States"
"6083","Sawai Group Holdings","4887.T","1175460327","10.1784","Japan"
"6084","Lampsa Hellenic Hotels","LAMPS.AT","1174995087","54.9988","Greece"
"6085","Saul Centers","BFS","1174534912","33.82","United States"
"6086","Oakley Capital Investments","OCI.L","1174374938","7.15383","Bermuda"
"6087","EPIC Suisse","EPIC.SW","1173714123","104.748","Switzerland"
"6088","Mezzan Holding Company","MEZZAN.KW","1173231574","3774.45","Kuwait"
"6089","Ceres Power","CWR.L","1172448244","5.4837","United Kingdom"
"6090","Aker BioMarine","AKBM.OL","1172391398","13.3646","Norway"
"6091","Altareit","AREIT.PA","1171454952","670.007","France"
"6092","Avanos Medical","AVNS","1170726912","24.99","United States"
"6093","GasLog Partners LP","GLOP-PA","1170184832","25.5","Greece"
"6094","Silex Systems Limited","SLX.AX","1169993616","4.20403","Australia"
"6095","Kanamoto","9678.T","1169874560","34.3776","Japan"
"6096","Apnimed, Inc.","APMD","1169606912","29.37","United States"
"6097","Ominvest","OMVS.OM","1169518003","1.04156","Oman"
"6098","U.S. Physical Therapy, Inc.","USPH","1168745728","78.32","United States"
"6099","Altus Group","AIF.TO","1168539057","34.1467","Canada"
"6100","Monex Group","8698.T","1168465938","4.64851","Japan"
"6101","Ingenia Communities Group","INA.AX","1166695772","2.86247","Australia"
"6102","Lindsay Corporation","LNN","1166371072","114.7","United States"
"6103","NCR Voyix Corporation","VYX","1166000256","8.445","United States"
"6104","Voltamp Transformers","VOLTAMP.NS","1164239801","115.076","India"
"6105","Gulf Cable and Electrical Industries Company - KPSC","CABLE.KW","1163332122","5609.52","Kuwait"
"6106","Shoals Technologies","SHLS","1162952704","6.91","United States"
"6107","thyssenkrupp nucera","NCH2.DE","1162769164","9.20531","Germany"
"6108","Retail Estates NV","RET.BR","1162608903","77.3712","Belgium"
"6109","Lithium Americas","LAC","1161773696","3.2001","Canada"
"6110","Chiyoda Corporation","6366.T","1160916118","4.47913","Japan"
"6111","Sopharma","3JR.F","1160682042","2.19646","Bulgaria"
"6112","TripAdvisor","TRIP","1160120832","9.97","United States"
"6113","Navigator Global Investments","NGI.AX","1160072629","1.90114","Australia"
"6114","Willis Lease Finance Corporation","WLFC","1159965952","54.86","United States"
"6115","Ameresco","AMRC","1159496704","21.85","United States"
"6116","O-I Glass","OI","1158594432","7.54","United States"
"6117","Lufax","LU","1157029760","1.335","China"
"6118","Donnelley Financial Solutions","DFIN","1154834560","46.9724","United States"
"6119","Mahanagar Gas","MGL.NS","1154764672","11.6905","India"
"6120","Universal Corporation","UVV","1154578432","46.37","United States"
"6121","Fuji Co., Ltd.","8278.T","1152886616","13.3056","Japan"
"6122","MarineMax","HZO","1152264960","52.17","United States"
"6123","Precinct Properties","PCT.NZ","1151009832","0.621173","New Zealand"
"6124","Teladoc Health","TDOC","1150968192","6.335","United States"
"6125","Daiseki","9793.T","1150946819","24.3404","Japan"
"6126","Cobram Estate Olives","CBO.AX","1150692605","2.40333","Australia"
"6127","DroneShield","DRO.AX","1150224095","1.24471","Australia"
"6128","Savara","SVRA","1149548800","5.595","United States"
"6129","IMC Rare Earths","IMC","1149487488","10.875","Brazil"
"6130","Univest Financial Corporation","UVSP","1148739072","41.65","United States"
"6131","MATSUDA SANGYO","7456.T","1147765421","44.4149","Japan"
"6132","Janux Therapeutics","JANX","1147231488","18.765","United States"
"6133","Upbound Group","UPBD","1145583232","19.65","United States"
"6134","STAAR Surgical","STAA","1144762112","22.8295","United States"
"6135","Polenergia","PEP.WA","1144402303","14.8202","Poland"
"6136","Qfin Holdings","QFIN","1143250304","9.39","China"
"6137","Cyient","CYIENT.NS","1143116133","10.9819","India"
"6138","Komeri Co.,Ltd.","8218.T","1142966036","24.3404","Japan"
"6139","Moonpig Group","MOON.L","1142357008","3.88973","United Kingdom"
"6140","AMAG Austria Metall","AM8.F","1142320187","32.3934","Austria"
"6141","Supply Network Limited","SNL.AX","1142093492","26.0349","Australia"
"6142","Leejam Sports Company","1830.SR","1141559427","21.8271","Saudi Arabia"
"6143","Olectra Greentech","OLECTRA.NS","1141190882","13.9033","India"
"6144","Bonheur ASA","BONHR.OL","1140944110","26.8256","Norway"
"6145","Versamet Royalties Corporation","VMET","1139989120","10.475","Canada"
"6146","BKS Bank","BKS.VI","1139907397","24.9359","Austria"
"6147","International General Insurance Holdings Ltd.","IGIC","1139381504","26.83","Jordan"
"6148","Mission Produce","AVO","1139325440","12.9","United States"
"6149","Rhön-Klinikum","RHK.DE","1138780798","17.0124","Germany"
"6150","Arteris","AIP","1138362752","23.16","United States"
"6151","Indian Energy Exchange","IEX.NS","1137236479","1.2788","India"
"6152","Great Lakes Dredge &amp; Dock Corp.","GLDD","1135273600","17","United States"
"6153","Summerset Holdings","SUM.NZ","1135012381","4.67812","New Zealand"
"6154","Terveystalo","TTALO.HE","1134813126","8.94896","Finland"
"6155","Lumexa Imaging","LMRI","1134165120","11.805","United States"
"6156","Country Garden","2007.HK","1133969746","0.0243651","China"
"6157","Loma Negra","LOMA","1133124352","9.71","Argentina"
"6158","QuinStreet","QNST","1133109888","19.725","United States"
"6159","Gielda Papierów Wartosciowych w Warszawie","GPW.WA","1132626470","26.9853","Poland"
"6160","edenor","EDN","1131789824","23.79","Argentina"
"6161","Growthpoint Properties Australia","GOZ.AX","1131452935","1.49939","Australia"
"6162","Iino Kaiun Kaisha","9119.T","1130998560","10.6897","Japan"
"6163","Shin-Etsu Polymer","7970.T","1130909551","14.071","Japan"
"6164","Inventiva Pharma","IVA","1130315776","4.785","France"
"6165","Altri","ALTR.LS","1129395424","5.50571","Portugal"
"6166","Frequentis","FQT.VI","1129187882","85.0618","Austria"
"6167","Waypoint REIT","WPR.AX","1129139312","1.72896","Australia"
"6168","Commercial Real Estate Company (Kuwait)","ALTIJARIA.KW","1128855564","606.258","Kuwait"
"6169","Invisio AB","IVSO.ST","1128400768","24.435","Sweden"
"6170","Sumitomo Osaka Cement","5232.T","1128039273","35.5946","Japan"
"6171","2G Energy AG","2GB.DE","1127782597","62.8641","Germany"
"6172","Nagarro","NA9.DE","1127727113","91.1209","Germany"
"6173","Metropolitan Bank Holding","MCB","1127701888","90.96","United States"
"6174","ScanSource","SCSC","1126995072","55.45","United States"
"6175","Prosegur Cash","CASH.MC","1126477838","0.770217","Spain"
"6176","Asseco South Eastern Europe","ASE.WA","1124804282","21.6749","Poland"
"6177","Chugoku Marine Paints","4617.T","1124522807","22.6466","Japan"
"6178","Jasa Marga","JSMR.JK","1122773645","0.154697","Indonesia"
"6179","Asiana Airlines","020560.KS","1122031698","5.44938","South Korea"
"6180","Celesc (Centrais Elétricas de Santa Catarina)","CLSC4.SA","1121911111","29.0865","Brazil"
"6181","Zensar","ZENSARTECH.NS","1121730395","4.94591","India"
"6182","Mainstreet Equity","MEQ.TO","1121685011","120.746","Canada"
"6183","Newag","NWG.WA","1121677613","24.9262","Poland"
"6184","Genco Shipping &amp; Trading","GNK","1120175744","25.7","United States"
"6185","Precision Drilling Corporation","PDS","1119850880","87.13","Canada"
"6186","Tosei Corporation","8923.T","1119727019","11.5429","Japan"
"6187","Amerant Bancorp","AMTB","1119654144","28.57","United States"
"6188","Macquarie Technology Group","MAQ.AX","1119592067","43.4393","Australia"
"6189","Nichicon Corporation","6996.T","1118987609","16.6619","Japan"
"6190","IRadimed","IRMD","1118605952","87.48","United States"
"6191","Babcock &amp; Wilcox","BW","1117982848","7.505","United States"
"6192","Aedas Homes","AEDAS.MC","1117705692","25.5768","Spain"
"6193","Norbit ASA","NORBT.OL","1117501118","17.4661","Norway"
"6194","OPKO Health","OPK","1115760768","1.495","United States"
"6195","MBB SE","MBB.DE","1115004597","214.402","Germany"
"6196","Hagar hf.","HAGA.IC","1110530257","1.02032","Iceland"
"6197","Virtus Investment Partners","VRTS","1110234496","166.15","United States"
"6198","Polar Capital Holdings","POLR.L","1110035560","11.778","United Kingdom"
"6199","Ecovyst","ECVT","1110009600","10.14","United States"
"6200","ASRock Rack Incorporation","7711.TW","1109442761","15.4837","Taiwan"
"6201","Red Violet","RDVT","1109006464","69.11","United States"
"6202","Bowhead Specialty Holdings","BOW","1108532096","33.65","United States"
"6203","Five Star Bancorp","FSBC","1108318848","45.17","United States"
"6204","Plazza AG","PLAN.SW","1107267835","534.912","Switzerland"
"6205","Rosetti Marino","YRM.MI","1106968055","291.307","Italy"
"6206","NPK International","NPKI","1106800512","13.035","United States"
"6207","Banco do Estado do Rio Grande do Sul S.A.","BRSR6.SA","1105443580","2.70296","Brazil"
"6208","AS ONE Corporation","7476.T","1105187538","15.5076","Japan"
"6209","Securitize Corp.","SECZ","1103676032","6.76","United States"
"6210","Service Stream Limited","SSM.AX","1103672464","1.8007","Australia"
"6211","IndiaMART","INDIAMART.NS","1103503556","18.3493","India"
"6212","Middlesex Water Company","MSEX","1103218816","58.545","United States"
"6213","Generation Development Group","GDG.AX","1101716880","2.75486","Australia"
"6214","Fuji Seal International","7864.T","1100970513","20.6391","Japan"
"6215","Superloop Limited","SLC.AX","1100399873","2.13789","Australia"
"6216","Superior Plus","SPB.TO","1099878276","5.12525","Canada"
"6217","Neo Performance Materials","NEO.TO","1099283972","23.7953","Canada"
"6218","ZoomInfo","GTM","1098940416","3.775","United States"
"6219","Afcons Infrastructure","AFCONS.NS","1098897349","2.98788","India"
"6220","Chesnara plc","CSN.L","1098592210","4.75336","United Kingdom"
"6221","Plejd AB","PLEJD.ST","1098397096","96.9347","Sweden"
"6222","Sivers Semiconductors AB","SIVE.ST","1098294394","3.71776","Sweden"
"6223","RITES","RITES.NS","1098262353","2.28517","India"
"6224","Yurtec Corporation","1934.T","1097913378","15.9843","Japan"
"6225","United Super Markets Holdings","3222.T","1097828788","5.30093","Japan"
"6226","Voltalia","VLTSA.PA","1097041269","8.378","France"
"6227","REE (Refrigeration Electrical Engineering Corporation)","REE.VN","1096566168","1.7604","Vietnam"
"6228","HSC (Ho Chi Minh City Securities Corporation)","HCM.VN","1096423637","1.01525","Vietnam"
"6229","XPLR Infrastructure","XIFR","1095766016","11.62","United States"
"6230","Arendals Fossekompani","AFK.OL","1095163812","19.9184","Norway"
"6231","Aeva Technologies","AEVA","1094380416","15.7","United States"
"6232","Deluxe Corporation","DLX","1094360320","23.865","United States"
"6233","National Presto Industries","NPK","1094244480","153.34","United States"
"6234","Finnair","FIA1S.HE","1094188116","5.34141","Finland"
"6235","Safehold","SAFE","1094111488","15.45","United States"
"6236","Al Hammadi Holding Company","4007.SR","1092662164","6.82914","Saudi Arabia"
"6237","Teekay","TK","1091757568","12.45","Canada"
"6238","Northeast Bank","NBN","1091407232","127.57","United States"
"6239","Tuya Inc.","TUYA","1091336960","1.78","China"
"6240","Sun Corp","6736.T","1091223633","50.6882","Japan"
"6241","Tadano","6395.T","1090464386","8.60695","Japan"
"6242","JACCS Co., Ltd.","8584.T","1089914299","24.3404","Japan"
"6243","TOWA Corporation","6315.T","1089659709","14.5227","Japan"
"6244","Indus Holding","INH.F","1089390950","40.7248","Germany"
"6245","United Arab Bank","UAB.AE","1086764924","0.35","United Arab Emirates"
"6246","Bank of Sharjah","BOS.AE","1086482955","0.36","United Arab Emirates"
"6247","Pacific Industrial","7250.T","1085177169","18.816","Japan"
"6248","ARIAKE JAPAN","2815.T","1084877077","34.064","Japan"
"6249","Specialized Medical Company","4019.SR","1082700767","4.3308","Saudi Arabia"
"6250","Abu Dhabi National Insurance Company","ADNIC.AE","1081826599","1.9","United Arab Emirates"
"6251","Grupa Pracuj","GPP.WA","1080821862","15.6872","Poland"
"6252","Upwork","UPWK","1077916032","8.63","United States"
"6253","Graham Corporation","GHM","1075933824","91.67","United States"
"6254","Corticeira Amorim","COR.LS","1075522518","8.15661","Portugal"
"6255","Elco Ltd.","ELCO.TA","1074985544","41.1251","Israel"
"6256","KITZ Corporation","6498.T","1074724519","12.3521","Japan"
"6257","Marcopolo","POMO4.SA","1074325792","0.865414","Brazil"
"6258","CJ Logistics Corporation","000120.KS","1073928572","53.8442","South Korea"
"6259","CRA International","CRAI","1073907968","171.09","United States"
"6260","eXp World Holdings","EXPI","1073469056","6.74","United States"
"6261","LuxExperience","LUXE","1073385728","7.82","Germany"
"6262","Banca IFIS","IF.MI","1071136184","17.5367","Italy"
"6263","Mitsui High-tec","6966.T","1069628300","5.85298","Japan"
"6264","Kissei Pharmaceutical","4547.T","1069274937","25.7832","Japan"
"6265","HTC Corporation","2498.TW","1068789189","1.27827","Taiwan"
"6266","Aavas Financiers","AAVAS.NS","1068647606","13.4777","India"
"6267","Northwest Pipe Company","NWPX","1068187456","110.84","United States"
"6268","Inwido AB","INWI.ST","1067897567","18.4208","Sweden"
"6269","Exmar","EXM.BR","1067643031","13.4267","Belgium"
"6270","Phoenix Power Company","PHPC.OM","1067509144","0.72987","Oman"
"6271","Toyo Construction","1890.T","1067163763","11.3574","Japan"
"6272","Canaccord Genuity Group","CF.TO","1064922488","10.337","Canada"
"6273","Mersen","MRN.PA","1064277625","43.7893","France"
"6274","Colgate-Palmolive (Pakistan)","COLG.PK","1063993991","4.38267","Pakistan"
"6275","BKI Investment Company","BKI.AX","1062552040","1.31645","Australia"
"6276","Sonaecom","SNC.LS","1061747455","3.47238","Portugal"
"6277","Capitol Federal Financial","CFFN","1060977280","8.6","United States"
"6278","Sify Technologies","SIFY","1060804992","14.645","India"
"6279","B2 Impact ASA","B2I.OL","1060414161","2.85926","Norway"
"6280","Aktia Bank","AKTIA.HE","1059595826","14.4022","Finland"
"6281","Emirates Driving Company","DRIVE.AE","1059129411","0.98","United Arab Emirates"
"6282","Vitec Software Group","VIT-B.ST","1058287945","26.7384","Sweden"
"6283","Afcon Holdings","AFHL.TA","1057764720","174.395","Israel"
"6284","Auto Partner","APR.WA","1056383777","8.08746","Poland"
"6285","Major Drilling Group International","MDI.TO","1055847308","12.8392","Canada"
"6286","Noevir Holdings","4928.T","1052074441","30.8019","Japan"
"6287","Green Plains","GPRE","1051429888","15","United States"
"6288","Zee Entertainment","ZEEL.NS","1051313732","1.09453","India"
"6289","Al Seer Marine Supplies &amp; Equipment Company","ASM.AE","1050977872","1.05","United Arab Emirates"
"6290","engcon AB","ENGCON-B.ST","1050060881","6.89991","Sweden"
"6291","Kurabo Industries","3106.T","1049971735","66.6223","Japan"
"6292","Zeal Network","TIMA.F","1049834446","49.7553","Germany"
"6293","Gr. Sarantis S.A.","SAR.AT","1049543232","16.4763","Greece"
"6294","Resolute Holdings Management","RHLD","1049467904","134.21","United States"
"6295","McMillan Shakespeare","MMS.AX","1048717315","15.0585","Australia"
"6296","Princes Group plc","PRN.L","1048341849","4.28414","United Kingdom"
"6297","Sinclair, Inc.","SBGI","1047844288","14.52","United States"
"6298","discoverIE Group plc","DSCV.L","1047201414","10.894","United Kingdom"
"6299","Finolex Industries","FINPIPE.NS","1045991534","1.69168","India"
"6300","Kuros Biosciences","KURN.SW","1045781082","26.3609","Switzerland"
"6301","Filtronic","FTC.L","1044550002","3.1961","United Kingdom"
"6302","Solid Biosciences","SLDB","1044373824","9.74","United States"
"6303","Bestway Cement","BWCL.PK","1043958569","1.75087","Pakistan"
"6304","Qt Group","QTCOM.HE","1043223102","41.086","Finland"
"6305","Bombay Burmah","BBTC.NS","1043046082","14.9494","India"
"6306","Mercantile Bank","MBWM","1041131456","60.23","United States"
"6307","Aussie Broadband Limited","ABB.AX","1040932080","3.30009","Australia"
"6308","Pacific Century Regional Developments","P15.SI","1040733608","0.393264","Singapore"
"6309","Is Yatirim Menkul Degerler Anonim Sirketi","ISMEN.IS","1040666428","0.693778","Turkey"
"6310","NorthWest Healthcare Properties REIT","NWH-UN.TO","1040374704","4.13335","Canada"
"6311","Compass Minerals","CMP","1039866240","24.77","United States"
"6312","Fujita Kanko","9722.T","1039292524","17.3394","Japan"
"6313","Y.D. More Investments","MRIN.TA","1038749822","14.2188","Israel"
"6314","TOCALO Co.,Ltd.","3433.T","1037864991","17.4523","Japan"
"6315","GVS S.p.A.","GVS.MI","1037563927","5.53484","Italy"
"6316","Lindab International","LIAB.ST","1036382949","13.4532","Sweden"
"6317","Phoenix Education Partners","PXED","1035280640","28.72","United States"
"6318","Vivara","VIVA3.SA","1034783986","4.40081","Brazil"
"6319","Renew Holdings plc","RNWH.L","1034669506","13.07","United Kingdom"
"6320","Japan Aviation Electronics Industry","6807.T","1034227448","15.3382","Japan"
"6321","Humansoft Holding Company","HUMANSOFT.KW","1033903702","7708.6","Kuwait"
"6322","The Foschini Group","TFG.JO","1032828600","3.27571","South Africa"
"6323","Kingsgate Consolidated Limited","KCN.AX","1032585128","3.8812","Australia"
"6324","Wave Life Sciences","WVE","1031547200","5.235","Singapore"
"6325","Arbutus Biopharma","ABUS","1031140352","5.205","United States"
"6326","Arbor Realty Trust","ABR","1030873216","5.085","United States"
"6327","Life Healthcare Group","LHC.JO","1030742500","0.720281","South Africa"
"6328","Pacira Biosciences","PCRX","1030629120","25.855","United States"
"6329","Whirlpool S.A.","WHRL3.SA","1030465191","0.685703","Brazil"
"6330","Toshiba Tec Corporation","6588.T","1030460401","19.4472","Japan"
"6331","Gerresheimer","GXI.F","1030323917","29.8299","Germany"
"6332","Lexicon Pharmaceuticals","LXRX","1030073024","2.315","United States"
"6333","RAIZNEXT Corporation","6379.T","1029957491","19.0708","Japan"
"6334","Sudarshan Chemical","SUDARSCHEM.NS","1029953583","12.9379","India"
"6335","Ituran","ITRN","1029556352","52.05","Israel"
"6336","DigiCo Infrastructure REIT","DGT.AX","1029393530","1.84375","Australia"
"6337","AEVEX Corp.","AVEX","1029171840","18.225","United States"
"6338","Adastria","2685.T","1028729868","22.3015","Japan"
"6339","Service Properties Trust","SVC","1028305344","7.94","United States"
"6340","Lenzing","LEN.F","1028228145","26.6255","Austria"
"6341","WIN Semiconductors","3105.TWO","1028081780","12.7198","Taiwan"
"6342","Whirlpool India","WHIRLPOOL.NS","1026649631","8.08893","India"
"6343","BrightView","BV","1026470976","11.085","United States"
"6344","BLS International","BLS.NS","1025591992","2.49219","India"
"6345","Heritage Insurance","HRTG","1025010112","34.4745","United States"
"6346","Equity Bancshares","EQBK","1024476352","49.75","United States"
"6347","Metalla Royalty & Streaming","MTA","1023779776","10.95","Canada"
"6348","Okinawa Financial Group","7350.T","1023100315","47.9279","Japan"
"6349","Al-Babtain Power and Telecommunications","2320.SR","1022776788","15.9941","Saudi Arabia"
"6350","Montepino Logística","MLMTP.PA","1021997206","11.8853","Spain"
"6351","Union Coop","UNIONCOOP.AE","1021941001","0.585448","United Arab Emirates"
"6352","BTS Group","BTS.BK","1020582673","0.0634146","Thailand"
"6353","MilDef Group","MILDEF.ST","1020353936","21.6659","Sweden"
"6354","Happinet","7552.T","1020280092","23.5562","Japan"
"6355","Neurones","NRO.PA","1019597019","42.7639","France"
"6356","QuidelOrtho","QDEL","1019030784","14.86","United States"
"6357","MidWestOne Financial Group","MOFG","1017475776","49.31","United States"
"6358","Kforce","KFRC","1016514816","56.76","United States"
"6359","Elopak ASA","ELO.OL","1015882763","3.78022","Norway"
"6360","Anglo-Eastern Plantations","AEP.L","1015825251","2.66025","United Kingdom"
"6361","Mips AB","MIPS.ST","1015479061","38.3328","Sweden"
"6362","Hyosung TNC Corporation","298020.KS","1014512317","236.38","South Korea"
"6363","Kronos Worldwide","KRO","1014009216","8.81","United States"
"6364","Sun Hung Kai &amp; Co.","0086.HK","1013718464","0.518555","Hong Kong"
"6365","American Bitcoin Corp","ABTC","1013539968","8.32","United States"
"6366","Helia Group","HLI.AX","1012339475","3.69467","Australia"
"6367","PEXA Group","PXA.AX","1012273818","5.75364","Australia"
"6368","BlackSky Technology","BKSY","1011637696","24.7194","United States"
"6369","Jastrzebska Spólka Weglowa","JSW.WA","1011593038","8.61578","Poland"
"6370","Mitsubishi Logisnext","7105.T","1010891788","9.45216","Japan"
"6371","ITOCHU-SHOKUHIN","2692.T","1010529522","79.6514","Japan"
"6372","Africa Israel Residences","AFRE.TA","1010497483","79.7598","Israel"
"6373","Waha Capital Company","WAHA.AE","1010380629","0.54","United Arab Emirates"
"6374","HighPeak Energy","HPK","1009093376","7.98","United States"
"6375","MetroCity Bankshares","MCBS","1008782016","35.05","United States"
"6376","LegalZoom","LZ","1007893504","5.885","United States"
"6377","Glass House Brands","GLASF","1007483904","11.81","United States"
"6378","Diversified Energy","DEC.L","1007289394","14.5797","United States"
"6379","Horizon Bancorp","HBNC","1007122752","19.615","United States"
"6380","Juventus Turin","JUVE.MI","1006868313","2.41436","Italy"
"6381","MMTC","MMTC.NS","1006582571","0.671055","India"
"6382","Astec Industries","ASTE","1006272448","43.765","United States"
"6383","Tetra Technologies","TTI","1006154560","6.795","United States"
"6384","Basilea Pharmaceutica","BSLN.SW","1006118620","81.2917","Switzerland"
"6385","Arzan Financial Group for Financing and Investment","ARZAN.KW","1005758827","1046.28","Kuwait"
"6386","Phoenix Group","PHX.AE","1004733241","0.17","United Arab Emirates"
"6387","Ventyx Biosciences","VTYX","1004502016","14","United States"
"6388","Heiwa Real Estate","8803.T","1004279776","15.2002","Japan"
"6389","Pierre et Vacances","VAC.PA","1003251590","2.17199","France"
"6390","Arriyadh Development Company","4150.SR","1001893065","4.28286","Saudi Arabia"
"6391","CTT - Correios De Portugal","CTT.LS","1001858311","7.63808","Portugal"
"6392","Helus Pharma","HELP","1001655040","13.71","Canada"
"6393","United Gulf Holding Company","UGH.BH","1001646923","0.583554","Bahrain"
"6394","CNB Financial Corp","CCNE","1001334016","33.805","United States"
"6395","Sichuan Xunyou Network Technology","300467.SZ","1001286301","4.92747","China"
"6396","Douglas Group","DOU.DE","1000125419","9.28688","Germany"
"6397","Genuit Group","GEN.L","999707700","3.96589","United Kingdom"
"6398","LX International","001120.KS","999483425","27.7882","South Korea"
"6399","ProSiebenSat.1 Media","PSM.F","998849744","4.29038","Germany"
"6400","GL Events SA","GLO.PA","998027558","34.0247","France"
"6401","Emerald Holding","EEX","997505920","5.04","United States"
"6402","Bravura Solutions","BVS.AX","997008310","2.22398","Australia"
"6403","Crédit Agricole Mutuel de la Touraine et du Poitou","CRTO.PA","996814526","159.636","France"
"6404","Nippon Paper Industries","3863.T","996071742","8.63832","Japan"
"6405","Scandi Standard AB","SCST.ST","995352594","15.2281","Sweden"
"6406","Harvia Oyj","HARVIA.HE","995263746","53.251","Finland"
"6407","OCI","OCI.AS","995116127","4.71687","Netherlands"
"6408","ESAB India","ESABINDIA.NS","994394093","64.6003","India"
"6409","Zehnder Group","ZEHN.SW","994201327","89.3588","Switzerland"
"6410","Taboola.com","TBLA","994171840","3.68","United States"
"6411","ITM Power","ITM.L","994088736","1.44029","United Kingdom"
"6412","Mani, Inc.","7730.T","993022007","10.0812","Japan"
"6413","Ardelyx","ARDX","992731200","3.845","United States"
"6414","Immix Biopharma","IMMX","992032000","13.935","United States"
"6415","Dan Hotels","DANH.TA","990487074","8.56829","Israel"
"6416","Einhell Germany","EIN.DE","989879146","87.1592","Germany"
"6417","Vietcap Securities","VCI.VN","989261998","0.862003","Vietnam"
"6418","Whitestone REIT","WSR","988012416","18.99","United States"
"6419","AGI Inc (Agibank)","AGBK","987785344","6.18","Brazil"
"6420","Villar International","VILR.TA","987633134","56.0675","Israel"
"6421","SPIMACO (Saudi Pharmaceutical Industries and Medical Appliances Corporation)","2070.SR","986757052","8.26741","Saudi Arabia"
"6422","Northern Dynasty Minerals","NAK","986523520","1.755","Canada"
"6423","ACLEDA Bank","ABC.KH","986410891","2.28","Cambodia"
"6424","NANO Nuclear Energy","NNE","985360960","18.35","United States"
"6425","Reliance Power","RPOWER.NS","984067409","0.237941","India"
"6426","Victrex","VCT.L","983513029","11.2884","United Kingdom"
"6427","Design Therapeutics","DSGN","983470656","15.715","United States"
"6428","Southern Cross Electrical Engineering","SXE.AX","983266791","3.19966","Australia"
"6429","Geron","GERN","982984320","1.53","United States"
"6430","Tsuburaya Fields Holdings","2767.T","982957944","15.7899","Japan"
"6431","Unitil Corporation","UTL","982774336","53.89","United States"
"6432","Totech Corporation","9960.T","982671389","23.964","Japan"
"6433","Beijing Airport","0694.HK","981366562","0.214311","China"
"6434","Konoike Transport","9025.T","981006739","18.4748","Japan"
"6435","Ohsho Food Service","9936.T","980392824","18.663","Japan"
"6436","Elecom","6750.T","980169583","12.1702","Japan"
"6437","BCI Minerals Limited","BCI.AX","979966009","0.333596","Australia"
"6438","Global Medical REIT","GMRE","979776256","35.98","United States"
"6439","Central Pacific Financial","CPF","979432320","38.04","United States"
"6440","Amanat Holdings","AMANAT.AE","978759299","0.392114","United Arab Emirates"
"6441","Eurowag (W.A.G payment solutions)","EWG.L","978425026","1.40629","United Kingdom"
"6442","Karat Packaging","KRT","977650880","49.05","United States"
"6443","Barings BDC","BBDC","977438720","9.335","United States"
"6444","Nippon Seiki","7287.T","977236402","17.0006","Japan"
"6445","NB Bancorp","NBBK","976933184","22.295","United States"
"6446","Amerigo Resources","ARG.TO","975225786","6.04073","Canada"
"6447","Raito Kogyo","1926.T","974774064","23.7444","Japan"
"6448","Almunajem Foods Company","4162.SR","974031168","16.2339","Saudi Arabia"
"6449","Trustco Bank","TRST","973814720","57.1899","United States"
"6450","Placoplatre","MLPLC.PA","973699355","745.747","France"
"6451","Vetoquinol","VETO.PA","972556125","83.6635","France"
"6452","iQIYI","IQ","969849792","1.005","China"
"6453","The Hub Power Company","HUBC.PK","969824605","0.747655","Pakistan"
"6454","NCC Limited","NCC.NS","968732461","1.54294","India"
"6455","Lectra SA","LSS.PA","968092234","26.0429","France"
"6456","Ridgepost Capital","RPC","967893504","8.78","United States"
"6457","Wavestone SA","WAVE.PA","964183177","39.2682","France"
"6458","Accel Entertainment","ACEL","963766528","11.87","United States"
"6459","Bloomin' Brands","BLMN","962807232","11.245","United States"
"6460","Yulon Motor Company","2201.TW","961032614","0.904523","Taiwan"
"6461","Investcorp Capital","ICAP.AE","960766317","0.44","United Arab Emirates"
"6462","Eckert &amp; Ziegler","EUZ.F","959574760","15.3344","Germany"
"6463","Yellow Hat","9882.T","958966669","11.2982","Japan"
"6464","Time Technoplast","TIMETECHNO.NS","958791669","1.94231","India"
"6465","Relaxo Footwear","RELAXO.NS","958680469","3.85107","India"
"6466","Daio Paper Corporation","3880.T","957813255","6.21056","Japan"
"6467","JYP Entertainment","035900.KQ","957775722","28.907","South Korea"
"6468","Douglas Dynamics","PLOW","957697408","41.5","United States"
"6469","Chimera Investment Corporation","CIM","957328640","11.445","United States"
"6470","Allied Group Limited","0373.HK","956962684","0.272353","Hong Kong"
"6471","National Real Estate Company - K.P.S.C.","NRE.KW","956860158","459.583","Kuwait"
"6472","Mitsubishi Pencil","7976.T","956853378","19.1335","Japan"
"6473","Annexon","ANNX","956426752","5.045","United States"
"6474","Savencia Fromage &amp; Dairy","SAVE.PA","956015384","74.1086","France"
"6475","Webjet Limited","WEB.AX","955673007","2.64007","Australia"
"6476","USA TODAY Co.","TDAY","954316608","6.5","United States"
"6477","Heartland Express","HTLD","954284416","12.34","United States"
"6478","Kaken Pharmaceutical Co., Ltd.","4521.T","953799018","25.1873","Japan"
"6479","Shochiku","9601.T","953572281","69.3826","Japan"
"6480","Zad Holding Company","ZHCD.QA","953060333","3.31593","Qatar"
"6481","JBG SMITH","JBGS","953023040","12.34","United States"
"6482","Camden National Corporation","CAC","952655616","56.38","United States"
"6483","Dor Alon Energy In Israel","DRAL.TA","952342091","60.1732","Israel"
"6484","Southside Bancshares","SBSI","951470720","31.92","United States"
"6485","Ichibanya Co., Ltd.","7630.T","951187749","5.95962","Japan"
"6486","Arabian Contracting Services Company","4071.SR","950725861","17.2859","Saudi Arabia"
"6487","Strides Pharma","STAR.NS","949629530","10.3027","India"
"6488","Caisse Régionale de Crédit Agricole Mutuel Loire Haute-Loire","CRLO.PA","949367349","117.688","France"
"6489","Olema Pharmaceuticals","OLMA","949349056","10.85","United States"
"6490","Orient Corporation","8585.T","949326169","5.54559","Japan"
"6491","NEUCA","NEU.WA","948453933","209.705","Poland"
"6492","Centerspace","CSR","948108032","53.5801","United States"
"6493","R&S Group","RSGN.SW","948014478","25.5169","Switzerland"
"6494","Manitou Group","MTU.PA","947517599","24.7611","France"
"6495","Burford Capital","BUR","946409152","4.31","Guernsey"
"6496","Alkhorayef Water and Power Technologies Company","2081.SR","946197909","27.0342","Saudi Arabia"
"6497","Formosa Taffeta","1434.TW","945862042","0.562186","Taiwan"
"6498","Forbright, Inc.","FRBT","945740352","18.63","United States"
"6499","UP Fintech (Tiger Brokers)","TIGR","945326464","5.29","China"
"6500","Abacus Global Management","ABX","944184128","9.655","United States"
"6501","Riken Keiki","7734.T","943870626","20.7646","Japan"
"6502","MNTN, Inc.","MNTN","942893824","12.605","United States"
"6503","Simply Good Foods","SMPL","941898816","10.65","United States"
"6504","PageGroup","PAGE.L","941793651","3.02474","United Kingdom"
"6505","Sedlmayr Grund und Immobilien AG","SPB.F","941156228","1281.75","Germany"
"6506","Tejas Networks","TEJASNET.NS","940766040","5.29391","India"
"6507","Prodea Real Estate Investment Company","PRODEA.AT","940460670","3.5423","Greece"
"6508","First Financial","THFF","940351616","79.075","United States"
"6509","Amphastar Pharmaceuticals","AMPH","940301248","22.105","United States"
"6510","Engro Corporation","ENGRO.PK","939502829","1.75076","Pakistan"
"6511","Boozt","BOOZT.ST","939274115","16.1103","Sweden"
"6512","Postal Realty Trust","PSTL","938494720","23.58","United States"
"6513","AOKI Holdings","8214.T","938386407","11.1414","Japan"
"6514","RS Technologies","3445.T","937679989","35.2559","Japan"
"6515","Melco International Development","0200.HK","937349566","0.412038","Hong Kong"
"6516","San-Ai Obbli","8097.T","937129183","15.1437","Japan"
"6517","Mader Group Limited","MAD.AX","937100381","4.60578","Australia"
"6518","Voyageurs du Monde","ALVDM.PA","935880889","208.576","France"
"6519","Hanza AB","HANZA.ST","935664148","14.913","Sweden"
"6520","Hexatronic Group AB","HTRO.ST","935622852","4.22501","Sweden"
"6521","Mid Penn Bancorp","MPB","935122816","36.91","United States"
"6522","Backblaze","BLZE","934999488","15.105","United States"
"6523","Bioventus","BVS","934414400","13.68","United States"
"6524","Vulcan Energy Resources","VUL.AX","934039180","1.95136","Australia"
"6525","Bank ABC (Arab Banking Corporation)","ABC.BH","932999990","0.86","Bahrain"
"6526","Canadian Solar","CSIQ","932901376","13.74","Canada"
"6527","Nick Scali Limited","NCK.AX","932682779","10.9047","Australia"
"6528","Evolv Technologies","EVLV","932633216","5.185","United States"
"6529","Oxford Lane Capital","OXLC","932065920","9.545","United States"
"6530","Hemnet Group AB","HEM.ST","931891578","10.3761","Sweden"
"6531","Sequent Scientific","SEQUENT.NS","931273369","2.13731","India"
"6532","PagerDuty","PD","931254976","12.075","United States"
"6533","Fuji Kyuko","9010.T","931010390","17.5338","Japan"
"6534","China Resources Building Materials Technology","1313.HK","930869467","0.133306","Hong Kong"
"6535","NTG Nordic Transport Group A/S","NTG.CO","930757614","43.0932","Denmark"
"6536","Xvivo Perfusion AB","XVIVO.ST","929581255","29.511","Sweden"
"6537","Daktronics","DAKT","928437888","19.22","United States"
"6538","Trainline","TRN.L","926816275","2.71873","United Kingdom"
"6539","Compañía de Acero del Pacífico","CAP.SN","925451679","6.19246","Chile"
"6540","GrainCorp","GNC.AX","925085884","4.16099","Australia"
"6541","Playtika","PLTK","924939072","2.425","Israel"
"6542","Standard Chartered Bank (Pakistan)","SCBPL.PK","924605588","0.238818","Pakistan"
"6543","X-FAB","XFAB.PA","923952220","7.07294","Belgium"
"6544","Bata India","BATAINDIA.NS","923587072","7.18591","India"
"6545","Canon Electronics Inc.","7739.T","920553236","22.5062","Japan"
"6546","Pharmanutra","PHN.MI","920476070","96.1314","Italy"
"6547","Toyo Engineering Corporation","6330.T","920466953","15.7083","Japan"
"6548","Hanmi Financial","HAFC","919126912","31","United States"
"6549","Trican Well Service","TCW.TO","918970465","4.38998","Canada"
"6550","Sanken Electric Co., Ltd.","6707.T","918856161","45.9644","Japan"
"6551","Eastman Kodak Company","KODK","917812480","9.375","United States"
"6552","Kiwi Property","KPG.NZ","917349073","0.555787","New Zealand"
"6553","Toyobo Co., Ltd.","3101.T","917290283","10.3948","Japan"
"6554","EverQuote","EVER","917114560","26.025","United States"
"6555","Daqo New Energy","DQ","916537792","13.545","China"
"6556","Adaptive Biotechnologies","ADPT","916254080","22.9","United States"
"6557","Prashkovsky Investments and Construction","PRSK.TA","916089224","42.8415","Israel"
"6558","Renta 4 Banco","R4.MC","915146590","22.4889","Spain"
"6559","Arafura Rare Earths","ARU.AX","914860118","0.150656","Australia"
"6560","Funding Circle","FCH.L","914671882","3.23011","United Kingdom"
"6561","AG Barr","BAG.L","914646988","8.24187","United Kingdom"
"6562","JVCKENWOOD Corporation","6632.T","914247846","6.43012","Japan"
"6563","Marcus Corporation","MCS","913865216","29.64","United States"
"6564","Topsports International","6110.HK","913678965","0.147339","Hong Kong"
"6565","Mitani Sekisan","5273.T","913455400","13.0359","Japan"
"6566","Dexco","DXCO3.SA","912521241","1.00512","Brazil"
"6567","ASTA Energy Solutions AG","1AST.F","912433936","64.0876","Austria"
"6568","Pet Valu","PET.TO","911400264","13.5592","Canada"
"6569","Greenfire Resources","GFR","910717376","6.195","Canada"
"6570","GAG Immobilien","GWK3.HM","910609615","56.3971","Germany"
"6571","Star Asia Investment Corporation","3468.T","910241729","338.758","Japan"
"6572","Telecom Plus PLC","TEP.L","910161495","11.6964","United Kingdom"
"6573","Sun Frontier Fudousan","8934.T","909385147","15.9028","Japan"
"6574","Cargojet","CJT.TO","909381883","61.4453","Canada"
"6575","Riverstone Holdings","AP4.SI","909298353","0.613492","Singapore"
"6576","The Shikoku Bank","8387.T","909115859","21.7056","Japan"
"6577","Aclaris Therapeutics","ACRS","908953216","6.175","United States"
"6578","Troax Group AB","TROAX.ST","908816849","15.1861","Sweden"
"6579","Kuwait Cement Company","KCEM.KW","908646339","1274.45","Kuwait"
"6580","Sri Trang Gloves","STGT.BK","908122058","0.329268","Thailand"
"6581","Ryerson","RYI","907088320","28.16","United States"
"6582","World Acceptance Corporation","WRLD","906568832","194.41","United States"
"6583","Adlai Nortye","ANL","906400960","14.075","Cayman Islands"
"6584","Quanex Building Products","NX","906158720","19.73","United States"
"6585","Miramar Hotel and Investment","0071.HK","906108388","1.31138","Hong Kong"
"6586","Morgan Advanced Materials","MGAM.L","906006766","3.27771","United Kingdom"
"6587","YIT","YIT.HE","905991055","3.92682","Finland"
"6588","Lucky Strike Entertainment","LUCK","905577280","6.64","United States"
"6589","Elders Limited","ELD.AX","905543456","4.20403","Australia"
"6590","Furukawa Co.,Ltd.","5715.T","904326958","27.8848","Japan"
"6591","Lightwave Logic","LWLG","903420096","5.86","United States"
"6592","Vesuvius India","VESUVIUS.NS","899688916","4.43282","India"
"6593","Sanyo Chemical Industries","4471.T","899249959","40.6509","Japan"
"6594","DBV Technologies","DBVT","898695104","14.3","France"
"6595","SP Group A/S","SPG.CO","898655364","76.6794","Denmark"
"6596","Covenant Logistics","CVLG","898119552","35.39","United States"
"6597","CeriBell","CBLL","897855680","23.395","United States"
"6598","Restar Corporation","3156.T","897828387","31.931","Japan"
"6599","Nextdoor","NXDR","895554112","2.315","United States"
"6600","Delta Israel Brands","DLTI.TA","895342371","35.7741","Israel"
"6601","Root Insurance","ROOT","894115584","57.71","United States"
"6602","PeptiDream","4587.T","894052398","6.95394","Japan"
"6603","Quantum Corporation","QMCO","893030592","22.66","United States"
"6604","Budget Saudi (United International Transportation Company)","4260.SR","892695170","8.53909","Saudi Arabia"
"6605","CrossAmerica Partners","CAPL","892490688","23.38","United States"
"6606","MFA Financial","MFA","891090112","8.815","United States"
"6607","Shin Nippon Air Technologies","1952.T","888606208","19.5413","Japan"
"6608","SAKURA Internet","3778.T","887590006","22.1761","Japan"
"6609","Kelsian Group","KLS.AX","886747961","3.26422","Australia"
"6610","Kopin Corporation","KOPN","885682944","4.765","United States"
"6611","Al-Dawaa Medical Services Company","4163.SR","885657198","10.4195","Saudi Arabia"
"6612","Beazer Homes USA","BZH","884829760","33.165","United States"
"6613","Employers Holdings","EIG","884734464","49.26","United States"
"6614","Theravance Biopharma","TBPH","884695552","17.04","Cayman Islands"
"6615","Fox Factory Holding","FOXF","884332288","21.04","United States"
"6616","Menicon Co., Ltd.","7780.T","884143740","11.9067","Japan"
"6617","Krosaki Harima","5352.T","883732789","26.2423","Japan"
"6618","Morguard","MRC.TO","883280769","82.7176","Canada"
"6619","Worldline","WLN.PA","881760322","15.6094","France"
"6620","MA Financial Group","MAF.AX","881702159","4.46947","Australia"
"6621","Winnebago Industries","WGO","881424064","31.18","United States"
"6622","Ubisoft","UBI.PA","880906132","6.47986","France"
"6623","Scanfil","SCANFL.HE","880385910","13.4001","Finland"
"6624","Ibotta","IBTA","879569600","37.87","United States"
"6625","SI-BONE","SIBN","879340480","19.62","United States"
"6626","Navient","NAVI","879223360","9.375","United States"
"6627","Koppers Holdings","KOP","879009664","46.48","United States"
"6628","Scandinavian Tobacco Group","STG.CO","878739939","11.159","Denmark"
"6629","Lesha Bank","QFBQ.QA","878153821","0.784066","Qatar"
"6630","Vital Healthcare Property Trust","VHP.NZ","877990081","1.0878","New Zealand"
"6631","Black Diamond Group","BDI.TO","877959623","12.8528","Canada"
"6632","Apollo Commercial Real Estate Finance","ARI","877315200","6.825","United States"
"6633","ATRenew","RERE","877103808","3.96","China"
"6634","Deyaar Development","DEYAAR.AE","876978665","0.200414","United Arab Emirates"
"6635","Sable Offshore","SOC","876843968","4.57","United States"
"6636","Engro Fertilizers","EFERT.PK","876729742","0.656579","Pakistan"
"6637","Sun Country Airlines","SNCY","876356672","16.17","United States"
"6638","Capital City Bank Group","CCBG","874147200","51.08","United States"
"6639","Skellerup Holdings","SKL.NZ","874122842","4.45818","New Zealand"
"6640","RAK Properties","RAKPROP.AE","874087791","0.29","United Arab Emirates"
"6641","Synsam","SYNSAM.ST","874042368","6.18576","Sweden"
"6642","Autoneum Holding","AUTN.SW","873154081","150.421","Switzerland"
"6643","EuroTeleSites","ETS.VI","873017632","5.25518","Austria"
"6644","Hippo Holdings","HIPO","872828736","33.075","United States"
"6645","Pick n Pay Stores","PIK.JO","872557400","1.18815","South Africa"
"6646","SmartFinancial (SmartBank)","SMBK","872022080","51","United States"
"6647","Sabre","SABR","871739776","2.16","United States"
"6648","Core Lithium Ltd","CXO.AX","870794565","0.269029","Australia"
"6649","FACC AG","FACC.VI","870767639","19.0165","Austria"
"6650","Talkspace","TALK","870574976","5.25","United States"
"6651","Tronox","TROX","869566720","5.445","United States"
"6652","Galaxy Surfactants","GALAXYSURF.NS","869180710","24.5152","India"
"6653","IP Group","IPO.L","868685228","0.983312","United Kingdom"
"6654","Kura Sushi,Inc.","2695.T","868631534","10.9281","Japan"
"6655","innoscripta SE","1INN.DE","868096001","86.8096","Germany"
"6656","HSBC Oman","HBMO.OM","867668167","0.433766","Oman"
"6657","SpyGlass Pharma","SGP","867640640","25.94","United States"
"6658","Karoon Energy","KAR.AX","866517277","1.24112","Australia"
"6659","Cogna Educação","COGN3.SA","866252283","0.432707","Brazil"
"6660","Compass Diversified Holdings","CODI","865966016","11.51","United States"
"6661","Yanlord","Z25.SI","865948132","0.448321","Singapore"
"6662","XPS Pensions Group","XPS.L","865668845","4.26374","United Kingdom"
"6663","RFA Financial Inc.","RFA.TO","865536079","18.9151","Canada"
"6664","National Corporation for Tourism &amp; Hotels","NCTH.AE","865462026","0.4","United Arab Emirates"
"6665","MedCap","MCAP.ST","865020140","57.7618","Sweden"
"6666","Rigel Pharmaceuticals","RIGL","864317312","46.27","United States"
"6667","Beta Bionics","BBNX","864251840","19.21","United States"
"6668","BML, Inc.","4694.T","864159611","23.0543","Japan"
"6669","Takara Bio","4974.T","863722455","7.17286","Japan"
"6670","JM AB","JM.ST","863057070","13.3797","Sweden"
"6671","Gulf Investment House Company","GIH.KW","862258179","2131.68","Kuwait"
"6672","Collegium Pharmaceutical","COLL","862087488","27.81","United States"
"6673","InMode","INMD","862011648","14.98","Israel"
"6674","WH Smith","SMWH.L","861322099","5.72307","United Kingdom"
"6675","Close Brothers Group","CBG.L","860903684","5.71219","United Kingdom"
"6676","Kingfa Science & Technology","KINGFA.NS","860863944","63.5259","India"
"6677","Sky Harbour Group","SKYH","859539776","10.67","United States"
"6678","Aspen Group","APZ.AX","857479865","3.76641","Australia"
"6679","KOMEDA Holdings","3543.T","856496011","18.8199","Japan"
"6680","Pexip","PEXIP.OL","856491098","8.19225","Norway"
"6681","Daily Journal","DJCO","856466048","621.55","United States"
"6682","Vishay Precision Group","VPG","856451392","64.39","United States"
"6683","Jumia","JMIA","856404096","6.875","Germany"
"6684","Evertz Technologies","ET.TO","855955248","11.3246","Canada"
"6685","Rockhopper Exploration","RKH.L","855900287","0.995553","United Kingdom"
"6686","Anteris Technologies","AVR.AX","855471664","8.78829","Australia"
"6687","Great Southern Bancorp","GSBC","855345280","78.49","United States"
"6688","ProFrac","ACDC","855066432","4.695","United States"
"6689","Apogee Enterprises","APOG","854660992","40.955","United States"
"6690","Tuas Limited","TUA.AX","853733898","1.55678","Australia"
"6691","Magic Software","MGIC","853345856","17.38","Israel"
"6692","Cardinal Infrastructure Group","CDNL","853303040","41.77","United States"
"6693","Safe Bulkers","SB","852855296","8.375","Monaco"
"6694","ADS-TEC Energy","ADSE","852722432","11.35","Ireland"
"6695","Dynavox Group","DYVOX.ST","851028992","8.02363","Sweden"
"6696","IQE plc","IQE.L","850824035","0.639221","United Kingdom"
"6697","Astra Agro Lestari","AALI.JK","850309768","0.441791","Indonesia"
"6698","B Communications","BCOM.TA","850162312","8.08819","Israel"
"6699","Flotek Industries","FTK","849912320","23.465","United States"
"6700","Royal holdings","8179.T","849325506","8.6195","Japan"
"6701","REVO Insurance S.p.A.","REVO.MI","848712026","29.189","Italy"
"6702","Pharming Group","PHAR","848629760","11.99","Netherlands"
"6703","Piaggio","PIA.MI","848484797","2.41203","Italy"
"6704","Vitasoy","0345.HK","848055608","0.833643","Hong Kong"
"6705","Oxford Biomedica","OXB.L","847822971","7.00423","United Kingdom"
"6706","4D Molecular Therapeutics","FDMT","847722432","15.345","United States"
"6707","Forum Energy Technologies","FET","847520768","75.36","United States"
"6708","Nufarm","NUF.AX","847303343","2.20504","Australia"
"6709","PSI Software","PSAN.DE","846285216","52.4353","Germany"
"6710","Hello Group Inc.","MOMO","845853888","5.725","China"
"6711","Phu Nhuan Jewelry (PNJ)","PNJ.VN","844965455","1.65121","Vietnam"
"6712","Transcat","TRNS","844816768","90.26","United States"
"6713","American Public Education","APEI","844524736","46.145","United States"
"6714","Heiwado","8276.T","844175892","17.0696","Japan"
"6715","Stingray Group","RAY-A.TO","843548063","12.3987","Canada"
"6716","Yalla Group","YALA","843410048","5.555","United Arab Emirates"
"6717","Eve Holding, Inc.","EVEX","843336960","2.42","United States"
"6718","JCU Corporation","4975.T","843278712","34.2522","Japan"
"6719","Hartalega","5168.KL","842969844","0.247389","Malaysia"
"6720","Gulf International Services","GISS.QA","842921048","0.453571","Qatar"
"6721","Bank Nizwa","BKNZ.OM","842488825","0.376623","Oman"
"6722","Silence Therapeutics","SLN","840944768","13.53","United Kingdom"
"6723","Eagle Bancorp","EGBN","840747968","27.58","United States"
"6724","Sparebanken Sør","SOR.OL","840479500","20.1631","Norway"
"6725","Basler Aktiengesellschaft","BSL.DE","840438262","27.3246","Germany"
"6726","Safilo Group","SFL.MI","840361898","2.14868","Italy"
"6727","Japan Pulp and Paper Company","8032.T","839783779","7.61577","Japan"
"6728","HealthStream","HSTM","838894336","28.69","United States"
"6729","Marimaca Copper","MARI.TO","838854687","6.20652","Canada"
"6730","Achieve Life Sciences","ACHV","838655232","8.15","Canada"
"6731","Ottogi","007310.KS","837812788","243.598","South Korea"
"6732","Cathay Real Estate Development","2501.TW","837622541","0.722362","Taiwan"
"6733","Latham Group","SWIM","837051904","7.115","United States"
"6734","Recticel","RECT.BR","837041385","14.7518","Belgium"
"6735","India Glycols","INDIAGLYCO.NS","836411852","12.4788","India"
"6736","Bunka Shutter","5930.T","836177379","11.8879","Japan"
"6737","Costain Group","COST.L","833994561","3.1621","United Kingdom"
"6738","ASGN","ASGN","833931008","19.53","United States"
"6739","Super Hi International","9658.HK","833865422","1.41726","Singapore"
"6740","Agrana","AGR.VI","833720276","13.3419","Austria"
"6741","Archicom","ARH.WA","833642697","14.2513","Poland"
"6742","LightPath Technologies","LPTH","833529344","13.275","United States"
"6743","Mishra Dhatu Nigam","MIDHANI.NS","833488468","4.44907","India"
"6744","Judo Capital Holdings","JDO.AX","833371072","0.742521","Australia"
"6745","Hosiden Corporation","6804.T","833279452","16.9253","Japan"
"6746","Sustained Infrastructure Holding Company (sisco)","2190.SR","833177026","10.2437","Saudi Arabia"
"6747","Power Mech Projects","POWERMECH.NS","832909459","26.3443","India"
"6748","SunCoke Energy","SXC","832622272","9.81","United States"
"6749","Advanced Medical Solutions Group","AMS.L","831623774","3.82173","United Kingdom"
"6750","Mahindra Lifespaces","MAHLIFE.NS","831148130","3.89143","India"
"6751","CryoPort","CYRX","830645248","16.4","United States"
"6752","Criteo","CRTO","829773632","16.935","France"
"6753","Rackspace Technology","RXT","829611136","3.255","United States"
"6754","Galliford Try","GFRD.L","828636725","8.39148","United Kingdom"
"6755","Heritage Commerce","HTBK","828429632","13.45","United States"
"6756","Aisan Industry","7283.T","827146579","14.4348","Japan"
"6757","Caisse régionale de Crédit Agricole Mutuel d'Ille-et-Vilaine","CIV.PA","826802951","137.497","France"
"6758","indie Semiconductor","INDI","826138432","3.91","United States"
"6759","Cantaloupe","CTLP","825815936","11.2","United States"
"6760","Paul Hartmann","PHH2.F","825649654","232.463","Germany"
"6761","GCM Grosvenor","GCMG","825510272","13.505","United States"
"6762","Standard Motor Products","SMP","825362112","36.945","United States"
"6763","Alerus Financial","ALRS","825293312","33.14","United States"
"6764","South Plains Financial","SPFI","824964352","43.79","United States"
"6765","Ackerstein Group","ACKR.TA","824891756","2.85924","Israel"
"6766","Phnom Penh Water Supply Authority","PWSA.KH","823612871","1.72","Cambodia"
"6767","Ålandsbanken","ALBAV.HE","823569467","53.3675","Finland"
"6768","Cybozu","4776.T","823421004","18.2741","Japan"
"6769","Religare","RELIGARE.NS","823332662","2.38831","India"
"6770","GO (Etihad Atheeb Telecommunication Company)","7040.SR","823169809","24.2109","Saudi Arabia"
"6771","Thermador Groupe","THEP.PA","822820961","89.7227","France"
"6772","Iress Limited","IRE.AX","822790204","4.40491","Australia"
"6773","SKF India","SKFINDIA.NS","822445987","16.6359","India"
"6774","Grupo Supervielle","SUPV","822221376","8.7","Argentina"
"6775","Viant Technology","DSP","822094912","12.335","United States"
"6776","Sakata INX Corporation","4633.T","822086590","16.9065","Japan"
"6777","Orrstown Financial Services","ORRF","821993664","41.79","United States"
"6778","BASSAC","BASS.PA","821630973","51.1536","France"
"6779","Ferrari Group PLC","046.F","821295685","8.99557","United Kingdom"
"6780","Kohnan Shoji","7516.T","820857374","28.418","Japan"
"6781","Takasago International Corporation","4914.T","820795294","8.41875","Japan"
"6782","Volaris","VLRS","820752768","7.14","Mexico"
"6783","Kvutzat Acro","ACRO.TA","820526415","13.0106","Israel"
"6784","Itoki Corporation","7972.T","820520302","16.5866","Japan"
"6785","Southern Missouri Bancorp","SMBC","820052352","74.475","United States"
"6786","DoubleUGames","192080.KS","819642758","42.5123","South Korea"
"6787","Esperion Therapeutics","ESPR","819464832","3.18","United States"
"6788","Dakota Gold","DC","819126144","6.105","United States"
"6789","Sweetgreen","SG","818409024","6.875","United States"
"6790","Abraj Energy Services","ABRJ.OM","818212488","1.06234","Oman"
"6791","BitGo","BTGO","818117568","6.96","United States"
"6792","Wiit S.p.A.","WIIT.MI","816871243","32.8012","Italy"
"6793","Yuasa Trading","8074.T","816392543","38.7689","Japan"
"6794","Lincoln Educational Services","LINC","816193664","25.73","United States"
"6795","Barrett Business Services","BBSI","816119680","33.675","United States"
"6796","CTO Realty Growth","CTO","815683520","21.76","United States"
"6797","Al Majed for Oud Company","4165.SR","813690206","32.5476","Saudi Arabia"
"6798","Riley Exploration Permian","REPX","813164096","37.48","United States"
"6799","Borosil","BORORENEW.NS","813041785","5.52399","India"
"6800","Karnov Group","KAR.ST","811560898","8.44372","Sweden"
"6801","IDOM Inc.","7599.T","810660209","8.07372","Japan"
"6802","PennyMac Mortgage Investment Trust","PMT","810109952","9.29","United States"
"6803","FRoSTA AG","NLM.F","809108764","118.853","Germany"
"6804","Minto Apartment Real Estate Investment Trust","MI-UN.TO","809055345","12.9681","Canada"
"6805","Aubay","AUB.PA","808956333","63.505","France"
"6806","Noor Financial Investment Company","NOOR.KW","807656198","1587.35","Kuwait"
"6807","Ethos Watches","ETHOSLTD.NS","807594134","30.1818","India"
"6808","Metallus","MTUS","807017536","19.47","United States"
"6809","Burelle","BUR.PA","806874282","460.266","France"
"6810","The Japan Wool Textile Co., Ltd. (Nikke Group)","3201.T","806573408","12.3835","Japan"
"6811","World Co., Ltd.","3612.T","805958106","10.5768","Japan"
"6812","Egypt Kuwait Holding Company","EKHOLDING.KW","805906644","685.921","Egypt"
"6813","GungHo Online Entertainment","3765.T","805512959","15.3821","Japan"
"6814","Aura Biosciences","AURA","805267840","7.765","United States"
"6815","Fastned","FAST.AS","805146610","41.3656","Netherlands"
"6816","Yokorei Co.,Ltd.","2874.T","804677550","13.5942","Japan"
"6817","Thurgauer Kantonalbank","TKBP.SW","804229653","201.057","Switzerland"
"6818","IFA Hotels and Resorts","IFAHR.KW","804019693","2209.91","Kuwait"
"6819","Nissan Shatai","7222.T","803848206","5.93453","Japan"
"6820","Total Energy Services","TOT.TO","803699413","22.0797","Canada"
"6821","Arjo AB","ARJO-B.ST","803218012","2.949","Sweden"
"6822","Channel Infrastructure NZ Limited","CHI.NZ","803012955","1.93782","New Zealand"
"6823","CEWE","CWC.F","802558421","119.086","Germany"
"6824","Peapack-Gladstone Financial","PGC","802544384","45.27","United States"
"6825","Tinexta","TNXT.MI","802116417","17.4784","Italy"
"6826","Shattuck Labs","STTK","801902400","7.99","United States"
"6827","Canada Goose","GOOS","801793600","8.21","Canada"
"6828","Jensen-Group","JEN.BR","801544280","85.9939","Belgium"
"6829","Financial Institutions","FISI","801359168","40.665","United States"
"6830","Yubico","YUBICO.ST","800803266","9.3364","Sweden"
"6831","Montrose Environmental","MEG","800798912","22.14","United States"
"6832","Asseco Business Solutions","ABS.WA","800160237","24.3843","Poland"
"6833","Westrock Coffee","WEST","798592000","8.18","United States"
"6834","Nachi-Fujikoshi","6474.T","798527101","36.636","Japan"
"6835","Merida Industry","9914.TW","797228056","2.66646","Taiwan"
"6836","Saudi Automotive Services Company","4050.SR","796484238","11.3783","Saudi Arabia"
"6837","Mitek Systems","MITK","796409920","17.65","United States"
"6838","Satellogic","SATL","796372672","5.18","United States"
"6839","Nuvectis Pharma","NVCT","795862272","24.38","United States"
"6840","Gold Royalty Corp","GROY","795823232","3.435","Canada"
"6841","Rapid7","RPD","794653568","11.79","United States"
"6842","First Watch Restaurant","FWRG","794239040","12.87","United States"
"6843","Alpha &amp; Omega Semiconductor","AOSL","794141248","26.25","United States"
"6844","Anan Investment Holding","ANAN.AE","792512708","0.32","United Arab Emirates"
"6845","Similarweb","SMWB","792473344","8.98","Israel"
"6846","Yesway, Inc.","YSWY","792425088","25.41","United States"
"6847","Oman Cables Industry","OCAI.OM","792155864","8.83117","Oman"
"6848","Solstad Offshore","SOFF.OL","792024954","7.29271","Norway"
"6849","KDH (Khang Dien House Trading and Investment)","KDH.VN","791079367","0.704927","Vietnam"
"6850","PAR Technology","PAR","790855040","19.12","United States"
"6851","Hunting PLC","HTG.L","790798936","5.44018","United Kingdom"
"6852","WELL Health Technologies","WELL.TO","790580624","3.08884","Canada"
"6853","Neurogene","NGNE","789449024","39.45","United States"
"6854","Surge Energy","SGY.TO","789359630","7.95819","Canada"
"6855","IsoEnergy","ISO.TO","789098324","12.0923","Canada"
"6856","First Milling Company","2283.SR","788633639","14.2096","Saudi Arabia"
"6857","TXO Partners, L.P.","TXO","788442368","14.2199","United States"
"6858","Petco","WOOF","788160064","2.76","United States"
"6859","Ryoyo Ryosan Holdings","167A.T","787397912","19.6354","Japan"
"6860","SML MAHINDRA LIMITED","SMLMAH.NS","787353277","54.4066","India"
"6861","Harworth Group","HWG.L","787328363","2.42088","United Kingdom"
"6862","Genomma Lab Internacional","LABB.MX","787307729","0.805222","Mexico"
"6863","HIVE Digital Technologies","HIVE","786737152","2.8684","Canada"
"6864","Reformation Inc.","REF","785713600","13.3","United States"
"6865","Logistea AB","LOGI-A.ST","785361302","1.53824","Sweden"
"6866","Middle East Healthcare Company","4009.SR","784956976","8.52843","Saudi Arabia"
"6867","Strawberry Fields REIT","STRW","784489216","13.88","United States"
"6868","Gilat Satellite Networks","GILT","784392960","10.183","Israel"
"6869","Catapult Group International","CAT.AX","784328313","2.48224","Australia"
"6870","Lotus Technology","LOT","784242624","1.21","China"
"6871","Mattr Corp.","MATR.TO","784052785","12.7879","Canada"
"6872","Clairvest Group","CVG.TO","782937623","58.5114","Canada"
"6873","Festi hf.","FESTI.IC","781462076","2.53007","Iceland"
"6874","Ramaco Resources","METC","780943104","12.32","United States"
"6875","Indian Metals &amp; Ferro Alloys","IMFA.NS","780734554","14.4703","India"
"6876","HiteJinro","000080.KS","780690397","11.1875","South Korea"
"6877","Peakstone Realty Trust","PKST","780562688","20.99","United States"
"6878","Movado Group","MOV","780398144","35.11","United States"
"6879","Olvi plc","OLVAS.HE","780246047","37.8117","Finland"
"6880","Varex Imaging","VREX","779953472","18.505","United States"
"6881","Riskified","RSKD","779682880","5.905","Israel"
"6882","Construtora Tenda S.A.","TEND3.SA","779609182","6.35672","Brazil"
"6883","Mama's Creations","MAMA","779294656","16.76","United States"
"6884","Bain Capital Specialty Finance","BCSF","778746432","12.005","United States"
"6885","Carlyle Secured Lending","CGBD","778179904","11.31","United States"
"6886","Evli","EVLI.HE","777696935","29.3638","Finland"
"6887","Papa John's Pizza","PZZA","777116416","23.605","United States"
"6888","Hibiya Engineering","1982.T","776602610","18.8199","Japan"
"6889","Emirates Stallions Group (ESG)","ESG.AE","776059253","3.1","United Arab Emirates"
"6890","Synektik Spólka Akcyjna","SNT.WA","775984540","90.9805","Poland"
"6891","Kirloskar Ferrous Industries","KIRLFER.NS","775309572","4.69906","India"
"6892","Minerva S.A.","BEEF3.SA","775051591","0.781978","Brazil"
"6893","Mitsuboshi Belting","5192.T","774806810","27.7593","Japan"
"6894","Mitsuuroko Group Holdings","8131.T","774735017","14.1776","Japan"
"6895","HomeTrust Bancshares","HTB","773777408","46.8","United States"
"6896","CEVA","CEVA","773533120","27.475","United States"
"6897","MediaAlpha","MAX","773151360","12.62","United States"
"6898","Bergman &amp; Beving","BERG-B.ST","772850651","28.9334","Sweden"
"6899","Cera Sanitaryware","CERA.NS","772736187","59.9254","India"
"6900","Pantoro Limited","PNR.AX","771681300","1.98006","Australia"
"6901","SunOpta","STKL","770973184","6.5","Canada"
"6902","Shore Bancshares","SHBI","770899584","23.1","United States"
"6903","Sanofi India Limited","SANOFI.NS","770375069","33.45","India"
"6904","Cromwell Property Group","CMW.AX","770310160","0.294139","Australia"
"6905","Hallador Energy Company","HNRG","768908096","16.31","United States"
"6906","Autobacs Seven","9832.T","768502497","9.78633","Japan"
"6907","Sukoon Insurance","SUKOON.AE","768445372","1.66376","United Arab Emirates"
"6908","Safari Industries India","SAFARI.NS","768378718","15.6821","India"
"6909","LINK Mobility Group","LINK.OL","767920776","2.72004","Norway"
"6910","Showa Sangyo","2004.T","767540718","23.6189","Japan"
"6911","Baladna","BLDN.QA","766962475","0.342857","Qatar"
"6912","Bank Jago","ARTO.JK","766943535","0.0553297","Indonesia"
"6913","Groupon","GRPN","766744128","18.855","United States"
"6914","Tata Teleservices","TTML.NS","766586133","0.39213","India"
"6915","Prima Meat Packers","2281.T","765573273","15.2315","Japan"
"6916","Westlake Chemical Partners","WLKP","763778240","21.67","United States"
"6917","Ponsse","PON1V.HE","763312074","27.2664","Finland"
"6918","Nissin Corporation","9066.T","762935226","51.9081","Japan"
"6919","WhiteFiber","WYFI","762588544","19.63","United States"
"6920","IperionX","IPX","762292224","21.05","United States"
"6921","Green Dot","GDOT","760752192","13.35","United States"
"6922","MLP Group S.A.","MLG.WA","760630991","31.6996","Poland"
"6923","Scholastic","SCHL","759973184","40.29","United States"
"6924","NewPrinces S.p.A.","NWL.MI","759875896","18.5155","Italy"
"6925","Hilton Food Group plc","HFG.L","759754841","8.44588","United Kingdom"
"6926","Hertz","HTZ","759241536","2.13","United States"
"6927","Air New Zealand","AIR.NZ","759232663","0.234798","New Zealand"
"6928","Patrizia Immobilien","P1Z.VI","758588662","8.77418","Germany"
"6929","Lifenet Insurance Company","7157.T","758517113","9.4413","Japan"
"6930","Independent Bank Corporation","IBCP","758276352","36.805","United States"
"6931","LSB Industries","LXU","758133696","10.53","United States"
"6932","Senvest Capital","SEC.TO","757812207","313.57","Canada"
"6933","Sakai Moving Service Co.,Ltd.","9039.T","757682783","18.8199","Japan"
"6934","Aeon Hokkaido Corporation","7512.T","757573629","5.44522","Japan"
"6935","Senshu Electric","9824.T","757414626","44.4149","Japan"
"6936","United States Antimony Corporation","UAMY","757327040","5.06","United States"
"6937","THG (The Hut Group)","THG.L","756662296","0.476832","United Kingdom"
"6938","TXT e-solutions","TXT.MI","755839242","59.8928","Italy"
"6939","Liberty Financial Group","LFG.AX","755787362","2.48942","Australia"
"6940","Himalaya Shipping","HSHP","755734400","16.03","Bermuda"
"6941","EIZO Corporation","6737.T","755548935","19.1963","Japan"
"6942","Arclands Corporation","9842.T","755108927","12.0196","Japan"
"6943","Washington Trust Bancorp","WASH","755056960","39.585","United States"
"6944","Foresight Group","FSG.L","754268095","6.76622","United Kingdom"
"6945","Bright Minds Biosciences","DRUG","754155008","76.86","United States"
"6946","Nerdy, Inc,","NRDY","754085504","10.44","United States"
"6947","Golden Entertainment","GDEN","753686080","28.55","United States"
"6948","JK Paper","JKPAPER.NS","753673442","4.15662","India"
"6949","The Ehime Bank","8541.T","752560766","19.259","Japan"
"6950","Salhia Real Estate Company","SRE.KW","751982562","1251.63","Kuwait"
"6951","Hovnanian Enterprises","HOV","751756992","128.295","United States"
"6952","Pason Systems","PSI.TO","751077825","9.67382","Canada"
"6953","Dometic Group","DOM.ST","750945978","2.35038","Sweden"
"6954","Paysign","PAYS","750099712","13.285","United States"
"6955","PubMatic","PUBM","749981760","16.465","United States"
"6956","GlobalData","DATA.L","748365806","1.14244","United Kingdom"
"6957","Monopar Therapeutics","MNPR","748340032","111.49","United States"
"6958","Tokyo Electron Device Limited","2760.T","748217680","25.4068","Japan"
"6959","APG|SGA","APGN.SW","747820866","249.46","Switzerland"
"6960","Synergie SE","SDG.PA","746985064","32.8595","France"
"6961","International Tower Hill Mines","THM","746966848","2.81","Canada"
"6962","Agthia Group","AGTHIA.AE","746872509","0.9","United Arab Emirates"
"6963","Truecaller","TRUE-B.ST","746453792","2.40709","Sweden"
"6964","LSI Industries","LYTS","745445376","20.305","United States"
"6965","SIMPAR","SIMH3.SA","745330636","1.27678","Brazil"
"6966","Obsidian Energy","OBE","745324608","11.17","Canada"
"6967","Ghitha","GHITHA.AE","744720619","3.08","United Arab Emirates"
"6968","Ferroglobe","GSM","744639104","3.985","United Kingdom"
"6969","Basellandschaftliche Kantonalbank","BLKB.SW","744499418","1321.77","Switzerland"
"6970","Entravision Communications","EVC","744305152","8.065","United States"
"6971","BILDCO (Abu Dhabi National Building Materials Co.)","BILDCO.AE","743383074","0.5","United Arab Emirates"
"6972","Third Coast Bancshares","TCBX","743144768","44.62","United States"
"6973","Séché Environnement","SCHP.PA","741958282","95.5488","France"
"6974","New Found Gold","NFGC","741810048","1.93","Canada"
"6975","Sheela Foam","SFL.NS","741800014","6.79283","India"
"6976","Mühlbauer Holding","MUB.DE","740846523","52.2023","Germany"
"6977","Riyadh Cement Company","3092.SR","740551390","6.17126","Saudi Arabia"
"6978","Pakistan Oilfields Limited","POL.PK","740138592","2.60745","Pakistan"
"6979","Warteck Invest","WARN.SW","739130341","2389.11","Switzerland"
"6980","Mochida Pharmaceutical","4534.T","737925852","20.9214","Japan"
"6981","Viña Concha y Toro","CONCHATORO.SN","736169857","0.996157","Chile"
"6982","Fujibo Holdings","3104.T","736092435","21.831","Japan"
"6983","AdaptHealth","AHCO","735751488","5.515","United States"
"6984","PennantPark Floating Rate Capital Ltd.","PFLT","735204608","7.41","United States"
"6985","Südwestdeutsche Salzwerke","SSH.F","734618940","69.9138","Germany"
"6986","United Development Company","UDCD.QA","734437113","0.207418","Qatar"
"6987","Barco NV","BAR.BR","734062863","9.01926","Belgium"
"6988","LEM Holding","LEHN.SW","733356885","644.128","Switzerland"
"6989","Al Meera Consumer Goods Company","MERS.QA","732884585","3.55769","Qatar"
"6990","Momentum Group AB","MMGR-B.ST","732058447","14.808","Sweden"
"6991","Southern Province Cement Company","3050.SR","731602129","5.22573","Saudi Arabia"
"6992","Iguatemi","IGTI3.SA","731585092","0.607342","Brazil"
"6993","Daiichi Jitsugyo","8059.T","730345146","22.9916","Japan"
"6994","VP Bank","VPBN.SW","730317970","116.911","Liechtenstein"
"6995","Cass Information Systems","CASS","730084544","57.145","United States"
"6996","The Shibusawa Warehouse","9304.T","729725733","13.1676","Japan"
"6997","Enovix","ENVX","729666368","3.325","United States"
"6998","PRA Group","PRAA","728865472","19.36","United States"
"6999","TANLA","TANLA.NS","728132283","5.51404","India"
"7000","CytomX Therapeutics","CTMX","727783552","3.34","United States"
"7001","Transport Corporation of India","TCI.NS","727343756","9.46678","India"
"7002","Auction Technology Group","ATG.L","726930503","6.00324","United Kingdom"
"7003","SOPHiA GENETICS","SOPH","726565952","8.535","Switzerland"
"7004","Kornit Digital","KRNT","726349312","16.905","Israel"
"7005","Pollen Street Group","POLN.L","724451740","12.2268","United Kingdom"
"7006","Avon Protection","AVON.L","723403309","24.5624","United Kingdom"
"7007","Suprajit Engineering","SUPRAJIT.NS","722836619","5.26928","India"
"7008","Rosenbauer International","ROS.VI","722628746","70.846","Austria"
"7009","SF Urban Properties (SFP)","SFPN.SW","722079084","123.613","Switzerland"
"7010","Dubai Refreshment","DRC.AE","721980159","8.022","United Arab Emirates"
"7011","Campus Activewear","CAMPUS.NS","721472258","2.36022","India"
"7012","Waga Energy","WAGA.PA","721349492","26.9751","France"
"7013","Vamos Locação de Caminhões, Máquinas e Equipamentos S.A.","VAMO3.SA","720678964","0.589879","Brazil"
"7014","Zignago Vetro","ZV.MI","719945251","8.15661","Italy"
"7015","Johnson Service Group PLC","JSG.L","719321391","1.98839","United Kingdom"
"7016","Oculis Holding AG","OCS","716865984","12.91","Switzerland"
"7017","Cancom","COK.F","716650690","24.9359","Germany"
"7018","Hutchison Telecommunications Hong Kong Holdings","0215.HK","716186063","0.148614","Hong Kong"
"7019","Allied Bank (Pakistan)","ABL.PK","714617952","0.62408","Pakistan"
"7020","Phreesia","PHR","714545472","11.56","United States"
"7021","Patriot Battery Metals","PMET.TO","714417138","3.84213","Canada"
"7022","DRI Healthcare Trust","DHT-UN.TO","713829062","12.687","Canada"
"7023","Vitesse Energy","VTS","713247104","16.94","United States"
"7024","ENCE Energía y Celulosa","ENC.MC","713245237","2.9457","Spain"
"7025","Array Technologies","ARRY","712985344","4.635","United States"
"7026","Gyre Therapeutics","GYRE","712642304","6.7209","United States"
"7027","Pakuwon Jati Tbk","PWON.JK","712387923","0.0147922","Indonesia"
"7028","AO World","AO.L","712159505","1.27844","United Kingdom"
"7029","Bloomsbury Publishing","BMY.L","711378078","8.79949","United Kingdom"
"7030","Ironwood Pharmaceuticals","IRWD","711357952","4.305","United States"
"7031","Better Collective A/S","BETCO-DKK.CO","711219135","12.4526","Denmark"
"7032","Jinko Solar","JKS","711187136","13.58","China"
"7033","Fundamenta Real Estate AG","FREN.SW","710599212","20.7883","Switzerland"
"7034","Maharah for Human Resources Company","1831.SR","710186905","1.2465","Saudi Arabia"
"7035","XOMA Royalty","XOMA","710155008","40.17","United States"
"7036","Halfords Group","HFD.L","709893083","3.27771","United Kingdom"
"7037","Mesa Laboratories","MLAB","709710080","126.828","United States"
"7038","TaskUs","TASK","709657536","7.74","United States"
"7039","Mensch und Maschine","MUM.F","709600995","42.5891","Germany"
"7040","Phathom Pharmaceuticals","PHAT","709509248","8.7701","United States"
"7041","K-Electric","KEL.PK","709205706","0.0256817","Pakistan"
"7042","Tectonic Therapeutic","TECX","708859968","36.26","United States"
"7043","Donegal Group","DGICA","708607040","19.09","United States"
"7044","Bannerman Energy","BMN.AX","708160555","3.4077","Australia"
"7045","Velocity Financial","VEL","708099904","17.935","United States"
"7046","Rashtriya Chemicals and Fertilizers","RCF.NS","707406657","1.28226","India"
"7047","Enhabit","EHAB","706913408","13.8","United States"
"7048","Park Aerospace","PKE","706370560","32.475","United States"
"7049","Magazine Luíza","MGLU3.SA","705882864","0.910043","Brazil"
"7050","Arrow Financial","AROW","705383424","38.08","United States"
"7051","Happiest Minds Technologies","HAPPSTMNDS.NS","705381541","4.69435","India"
"7052","Sto SE &amp; Co. KGaA","STO3.DE","705347404","109.765","Germany"
"7053","Allogene Therapeutics","ALLO","705077824","2.0408","United States"
"7054","SNP Schneider-Neureither &amp; Partner","SHF.DE","704979677","96.7141","Germany"
"7055","Ascopiave","ASC.MI","704898390","3.25682","Italy"
"7056","Property For Industry","PFI.NZ","704758060","1.40284","New Zealand"
"7057","GOLDCREST Co.,Ltd.","8871.T","704706745","21.2037","Japan"
"7058","Once Upon A Farm","OFRM","704603200","16.78","United States"
"7059","Pinewood Technologies Group","PINE.L","704419655","6.1202","United Kingdom"
"7060","Community West Bancshares","CWBC","704322752","25.96","United States"
"7061","Collins Foods Limited","CKF.AX","703557551","5.94017","Australia"
"7062","DATAGROUP SE","D6H.DE","703390793","84.8","Germany"
"7063","Agomab Therapeutics","AGMB","703261056","14.28","Belgium"
"7064","Cicor Technologies","CICN.SW","702911809","161.094","Switzerland"
"7065","The Manitowoc Company","MTW","702847744","19.49","United States"
"7066","Propel Holdings","PRL.TO","702736820","17.8483","Canada"
"7067","Ardmore Shipping","ASC","702652224","17.2","Bermuda"
"7068","Stratasys","SSYS","702447808","8.02","Israel"
"7069","2CRSI","AL2SI.PA","702400585","31.0883","France"
"7070","N-Able","NABL","701784000","3.715","United States"
"7071","Latitude Group Holdings","LFS.AX","701161419","0.674367","Australia"
"7072","Peoples Financial Services","PFIS","700925888","70.02","United States"
"7073","Creotech Instruments","CRI.WA","700698458","199.951","Poland"
"7074","American Woodmark","AMWD","700651840","48.09","United States"
"7075","Viridien","VIRI.PA","700330019","97.0054","France"
"7076","Carlton Investments","CIN.AX","700166869","26.5801","Australia"
"7077","Franklin BSP Realty Trust","FBRT","699657664","8.425","United States"
"7078","Zevra Therapeutics","ZVRA","698947136","11.77","United States"
"7079","Consensus Cloud Solutions","CCSI","698912512","38.14","United States"
"7080","mobilezone Holding","MOZN.SW","698176822","16.1839","Switzerland"
"7081","PVA TePla AG","TPE.DE","697728183","34.1645","Germany"
"7082","Uchida Yoko Co., Ltd.","8057.T","697701153","14.1463","Japan"
"7083","GMR Solutions Inc.","GMRS","697420288","12.91","United States"
"7084","Seika Corporation","8061.T","697380475","19.5727","Japan"
"7085","Credit Corp Group","CCP.AX","697321695","10.2446","Australia"
"7086","Shenzhen Bingchuan Network","300533.SZ","696880340","2.12304","China"
"7087","River City Bank","RCBC","696804864","49.79","United States"
"7088","Ridley Corporation","RIC.AX","696512960","1.8581","Australia"
"7089","Saudi Steel Pipes","1320.SR","695974865","13.7701","Saudi Arabia"
"7090","National Investments Company (Kuwait)","NINV.KW","695770569","873.533","Kuwait"
"7091","Kossan Rubber Industries","7153.KL","695531024","0.275982","Malaysia"
"7092","Aditya Birla Fashion and Retail","ABFRL.NS","695359561","0.571476","India"
"7093","Axial Retailing","8255.T","695111263","7.96708","Japan"
"7094","Civmec Limited","CVL.AX","694660637","1.36308","Australia"
"7095","Arena REIT","ARF.AX","694305214","1.70744","Australia"
"7096","Algoma Central Corporation","ALC.TO","692719974","17.0756","Canada"
"7097","Aoyama Trading","8219.T","691758285","4.87333","Japan"
"7098","Osisko Development","ODV","691717504","2.27","Canada"
"7099","Japan Lifeline","7575.T","691396069","9.85534","Japan"
"7100","Janus International Group","JBI","691047296","5.065","United States"
"7101","CIR S.p.A. - Compagnie Industriali Riunite","CIR.MI","691004380","0.83547","Italy"
"7102","Caisse Régionale de Crédit Agricole du Morbihan","CMO.PA","690963587","131.787","France"
"7103","Rain Industries","RAIN.NS","690234516","2.05216","India"
"7104","OmniAb","OABI","689877440","4.745","United States"
"7105","Acast AB","ACAST.ST","688901075","3.77552","Sweden"
"7106","Information Services Corporation","ISC.TO","687088525","36.7418","Canada"
"7107","ProKidney","PROK","686593984","1.72","United States"
"7108","Slate Grocery REIT","SGR-UN.TO","686510046","11.5841","Canada"
"7109","Weebit Nano","WBT.AX","686492981","2.8553","Australia"
"7110","Funai Soken Holdings Incorporated","9757.T","686480026","7.35229","Japan"
"7111","California BanCorp","BCAL","686414016","21.35","United States"
"7112","ES-CON JAPAN","8892.T","686357459","7.15782","Japan"
"7113","Evotec","EVO","685900992","1.93","Germany"
"7114","Doshisha Co.","7483.T","685636498","19.1022","Japan"
"7115","Saudi Ceramic Company","2040.SR","685507400","6.87708","Saudi Arabia"
"7116","Shentel","SHEN","685414720","12.38","United States"
"7117","Mediterranean Towers","MDTR.TA","685211159","4.50626","Israel"
"7118","Tiptree","TIPT","685210304","18.4","United States"
"7119","Shen Zhen Shengxunda Technology (gamexun)","300518.SZ","684434280","3.43227","China"
"7120","Ballard Power Systems","BLDP","684419712","2.27","Canada"
"7121","Legacy Housing Corporation","LEGH","683721024","28.75","United States"
"7122","SLR Investment","SLRC","683296768","12.525","United States"
"7123","ODDITY Tech","ODD","682182144","14.79","Israel"
"7124","BFF Bank","BFF.MI","681463368","3.60755","Italy"
"7125","COVER Corporation","5253.T","681284521","10.6834","Japan"
"7126","Qualitas Limited","QAL.AX","681173116","2.25985","Australia"
"7127","RE/MAX Holdings","RMAX","681161536","12.36","United States"
"7128","Ecclesiastical Insurance Office plc","ELLA.L","679526012","1.93775","United Kingdom"
"7129","Midland States Bancorp","MSBI","679424192","32.74","United States"
"7130","SmarTone Telecommunications","0315.HK","679045751","0.616781","Hong Kong"
"7131","Earth Corporation","4985.T","678589074","30.9587","Japan"
"7132","Udemy","UDMY","677283328","4.63","United States"
"7133","Camping World","CWH","677098112","6.555","United States"
"7134","West Holdings","1407.T","676966667","17.0696","Japan"
"7135","Artea Bankas","ROE1L.VS","676650243","1.04754","Lithuania"
"7136","The Rank Group","RNK.L","676339805","1.45253","United Kingdom"
"7137","Doman Building Materials Group","DBM.TO","676038358","7.69148","Canada"
"7138","Bank AL Habib","BAHL.PK","675779070","0.608029","Pakistan"
"7139","Contango Ore","CTGO","675167616","20.19","United States"
"7140","Peet Limited","PPC.AX","675083911","1.442","Australia"
"7141","Praj Industries","PRAJIND.NS","674834223","3.67131","India"
"7142","Klaveness Combination Carriers","KCC.OL","674608880","11.3728","Norway"
"7143","ASOS","ASC.L","674505942","5.63738","United Kingdom"
"7144","Kempower","KEMPOWR.HE","674492947","12.165","Finland"
"7145","Oeneo","SBT.PA","674456405","10.7667","France"
"7146","eDreams ODIGEO","EDR.MC","673560390","6.49033","Spain"
"7147","Keihanshin Building","8818.T","673313707","7.05745","Japan"
"7148","EPC Groupe","EXPL.PA","672886757","314.612","France"
"7149","Jahez International Company for Information Systems Technology","6017.SR","672445979","3.29471","Saudi Arabia"
"7150","GFT Technologies","GFT.DE","671738978","26.2759","Germany"
"7151","Mativ Holdings","MATV","671111552","12.16","United States"
"7152","Okamoto Industries","5122.T","670567743","39.459","Japan"
"7153","Helen of Troy","HELE","670345472","28.78","United States"
"7154","BayWa","BYW.F","669728370","10.4405","Germany"
"7155","Wacom Co., Ltd.","6727.T","668775232","5.03745","Japan"
"7156","BellSystem24","6183.T","668336458","8.98962","Japan"
"7157","Matthews International Corporation","MATW","667961856","21.4","United States"
"7158","Interfor","IFP.TO","667506716","10.1496","Canada"
"7159","Fiera Milano","FM.MI","667281500","9.34514","Italy"
"7160","Norma Group","NOEJ.F","666967466","23.258","Germany"
"7161","Chatham Lodging Trust","CLDT","666898624","13.62","United States"
"7162","Enghouse Systems","ENGH.TO","666684877","12.2617","Canada"
"7163","Shoei Co., Ltd.","7839.T","666586433","13.0186","Japan"
"7164","Energy Vault","NRGV","666441984","3.665","United States"
"7165","IPH Limited","IPH.AX","666104581","2.59703","Australia"
"7166","Red River Bancshares","RRBI","664994688","101","United States"
"7167","Reitir fasteignafélag","REITIR.IC","664827842","0.970552","Iceland"
"7168","IDEC Corporation","6652.T","664737972","22.427","Japan"
"7169","Onward Holdings Co., Ltd.","8016.T","664280234","4.87435","Japan"
"7170","Verra Mobility","VRRM","664164800","4.37","United States"
"7171","Systems Limited (Pakistan)","SYS.PK","663999266","0.450656","Pakistan"
"7172","NIPPON KANZAI Holdings","9347.T","663732357","18.2741","Japan"
"7173","Viaplay Group","VPLAY-B.ST","663292443","0.1464","Sweden"
"7174","Ricegrowers Limited","SGLLV.AX","663227405","9.57744","Australia"
"7175","Cannae Holdings","CNNE","663191936","15.29","United States"
"7176","Maxvalu Tokai","8198.T","663100662","20.796","Japan"
"7177","Alfa Financial Software","ALFA.L","662747802","2.21959","United Kingdom"
"7178","Mannai Corporation","MCCS.QA","662355673","1.45192","Qatar"
"7179","Frequency Electronics","FEIM","662352704","60.45","United States"
"7180","Eikon Therapeutics","EIKN","662167552","12.225","United States"
"7181","Sagimet Biosciences","SGMT","661678848","10.645","United States"
"7182","Floridienne S.A.","FLOB.BR","661475711","67.5833","Belgium"
"7183","Aquestive Therapeutics","AQST","661446400","5.27","United States"
"7184","Metals Exploration","MTL.L","661391196","0.216247","United Kingdom"
"7185","Greenlam Industries","GREENLAM.NS","661391037","2.59219","India"
"7186","Energy Absolute","EA.BK","661166408","0.0890244","Thailand"
"7187","SPARC","SPARC.NS","661139358","2.03727","India"
"7188","Granite Ridge Resources","GRNT","660820224","5.01","United States"
"7189","Bahnhof AB","3B7.F","660531595","6.14076","Sweden"
"7190","JBCC Holdings","9889.T","660290511","10.8402","Japan"
"7191","Al-Maidan Clinic for Oral Health Services","MIDAN.KW","660039097","3259.45","Kuwait"
"7192","Zuken Inc.","6947.T","658427286","31.241","Japan"
"7193","Lumibird","LBIRD.PA","658214932","29.8299","France"
"7194","Litgrid AB","LGD1L.VS","658181225","1.30506","Lithuania"
"7195","Hingham Institution for Savings","HIFS","657560064","299.265","United States"
"7196","Bar Harbor Bankshares","BHB","656895040","39.18","United States"
"7197","Atal S.A.","1AT.WA","656368614","15.1725","Poland"
"7198","PNE AG","PNE3.DE","656064422","8.56444","Germany"
"7199","Hindustan Construction Company","HCC.NS","655676980","0.250309","India"
"7200","ACNB Corporation","ACNB","655553664","64.46","United States"
"7201","CorMedix","CRMD","655519552","8.4101","United States"
"7202","Gladstone Investment","GAIN","655270464","16.455","United States"
"7203","MCAN Mortgage Corporation","MKP.TO","655043035","16.0101","Canada"
"7204","Village Super Market","VLGEA","654283328","44.18","United States"
"7205","Oma Säästöpankki","OMASP.HE","654239654","19.6924","Finland"
"7206","Summit Hotel Properties","INN","653592000","6.06","United States"
"7207","Hypoport","HYQ.F","652957491","98.6367","Germany"
"7208","Atos","ATO.PA","652662399","33.0459","France"
"7209","Bank Alfalah","BAFL.PK","652506296","0.20686","Pakistan"
"7210","Obrascón Huarte Lain","OHLA.MC","652402059","0.471918","Spain"
"7211","Mutares","MUX.DE","652382297","29.9464","Germany"
"7212","Diagnosticos da America (DASA)","DASA3.SA","652366070","0.521965","Brazil"
"7213","Paisalo Digital","PAISALO.NS","651964381","0.713193","India"
"7214","ParkOhio Holdings Corp.","PKOH","651470848","44.96","United States"
"7215","Bluelinx","BXC","651258304","82.855","United States"
"7216","Shibaura Machine","6104.T","651232576","27.5397","Japan"
"7217","Nichiha Corporation","7943.T","650929268","19.604","Japan"
"7218","Arabi Group Holding","AGHC.KW","650721123","1254.07","Kuwait"
"7219","Tri Chemical Laboratories","4369.T","650318283","20.0118","Japan"
"7220","WA1 Resources","WA1.AX","648559839","8.72372","Australia"
"7221","Digital Garage","4819.T","648554243","14.0647","Japan"
"7222","DocMorris","DOCM.SW","648546123","12.7212","Switzerland"
"7223","International Financial Advisors Holding","IFA.KW","648511066","1140.81","Kuwait"
"7224","Groupe CRIT","CEN.PA","647949950","61.5241","France"
"7225","Armada Hoffler Properties","AHH","647902656","6.25","United States"
"7226","AH Realty Trust","AHRT","647866688","6.755","United States"
"7227","Skipper Limited","SKIPPER.NS","647646068","5.73625","India"
"7228","OTC Markets Group","OTCM","647107456","54","United States"
"7229","Morita Holdings Corporation","6455.T","647019251","15.7522","Japan"
"7230","AngioDynamics","ANGO","646851840","15.65","United States"
"7231","Reservoir Media","RSVR","646780608","9.81","United States"
"7232","Trilogy Metals","TMQ","646068672","3.74","Canada"
"7233","Duc Giang Chemicals Group","DGC.VN","646010311","1.70102","Vietnam"
"7234","Yext","YEXT","645597824","6.44","United States"
"7235","Miller Industries","MLR","645485184","56.86","United States"
"7236","FleetPartners Group","FPR.AX","645233162","3.0203","Australia"
"7237","Kakao Games","293490.KQ","645037526","6.06288","South Korea"
"7238","ADTRAN","ADTN","644925312","7.915","United States"
"7239","Kearny Financial","KRNY","644424128","9.925","United States"
"7240","Hayat Communications Company","DIGITUS.KW","644418549","6000.65","Kuwait"
"7241","Verastem Oncology","VSTM","644358848","7.115","United States"
"7242","G City","GCT.TA","644062542","3.76924","Israel"
"7243","United International Holding Company","4083.SR","644027217","8.58703","Saudi Arabia"
"7244","Medgulf (The Mediterranean and Gulf Cooperative Insurance and Reinsurance Company)","8030.SR","643964077","4.66107","Saudi Arabia"
"7245","Calian Group","CGY.TO","643801503","55.9236","Canada"
"7246","Samhällsbyggnadsbolaget i Norden","SBB-B.ST","643699975","0.329767","Sweden"
"7247","Autohellas","OTOEL.AT","643508356","13.4001","Greece"
"7248","Italtile","ITE.JO","642919600","0.549919","South Africa"
"7249","Credit Agricole Mutuel Toulouse 31","CAT31.PA","642630985","142.391","France"
"7250","Nxera Pharma","4565.T","642208971","7.00099","Japan"
"7251","ME Group International","MEGP.L","642008755","1.71366","United Kingdom"
"7252","AmRest","EAT.MC","641893814","3.00047","Spain"
"7253","Sprout Social","SPT","641065600","10.58","United States"
"7254","Cars.com","CARS","640251264","11.96","United States"
"7255","Roland Corporation","7944.T","639474262","24.2149","Japan"
"7256","Northfield Bancorp","NFBK","639406784","15.31","United States"
"7257","Tilray Brands","TLRY","639063360","4.645","Canada"
"7258","Integral Corporation","5842.T","638824836","18.7383","Japan"
"7259","Saudi Paper Manufacturing Company","2300.SR","638787688","17.2859","Saudi Arabia"
"7260","ACICO Industries Company","ACICO.KW","638740479","1932.86","Kuwait"
"7261","Tian An China Investments Company","0028.HK","638674567","0.435637","Hong Kong"
"7262","Arnoldo Mondadori Editore","MN.MI","638649740","2.46446","Italy"
"7263","Gladstone Commercial","GOOD","638640704","13.08","United States"
"7264","Prime Medicine","PRME","638446528","3.52","United States"
"7265","Valneva SE","VALN","638152384","6.7299","France"
"7266","Standard Lithium","SLI","636974592","2.5811","Canada"
"7267","MiMedx Group","MDXG","636973184","4.37","United States"
"7268","RAK Ceramics","RAKCEC.AE","635879616","0.64","United Arab Emirates"
"7269","VersaBank","VBNK","635543040","19.74","Canada"
"7270","Bliss GVS Pharma","BLISSGVS.NS","635521433","5.97996","India"
"7271","TINC NV","TINC.BR","635014746","13.0972","Belgium"
"7272","OrthoPediatrics","KIDS","634990016","24.32","United States"
"7273","CJ CGV Co., Ltd.","079160.KS","634612114","3.83261","South Korea"
"7274","Rogers Sugar (Lantic)","RSI.TO","634263576","4.93422","Canada"
"7275","Sveafastigheter AB","SVEAF.ST","634214026","3.21365","Sweden"
"7276","Geopark","GPRK","634031552","9.77","Chile"
"7277","Hollywood Bowl Group","BOWL.L","633794172","3.80132","United Kingdom"
"7278","Pakistan State Oil Company","PSO.PK","632766174","1.34782","Pakistan"
"7279","Sembcorp Salalah Power & Water Company","SSPW.OM","632248970","0.662338","Oman"
"7280","NioCorp Developments","NB","631833216","4.3399","United States"
"7281","DoubleDown Interactive","DDI","631806336","12.75","United States"
"7282","Galiano Gold","GAU","631744064","2.415","Canada"
"7283","Northern Data AG","NB2.DE","631718620","9.84036","Germany"
"7284","SiteMinder","SDR.AX","631604776","2.23115","Australia"
"7285","GDI Integrated Facility Services","GDI.TO","631553405","26.8246","Canada"
"7286","Yanbu Cement Company","3060.SR","630922907","4.00586","Saudi Arabia"
"7287","SMASCO (Saudi Manpower Solutions Company)","1834.SR","630709830","1.57677","Saudi Arabia"
"7288","Centiel","CNTL.SW","629928226","7.71961","Switzerland"
"7289","Transport International Holdings","0062.HK","629519284","1.17361","Hong Kong"
"7290","Contineum Therapeutics","CTNM","629213440","16.725","United States"
"7291","Schweiter Technologies","SWTQ.SW","629061524","439.348","Switzerland"
"7292","Sumitomo Seika Chemicals Company","4008.T","628749878","9.76124","Japan"
"7293","Claritev","CTEV","628666176","37.095","United States"
"7294","NerdWallet","NRDS","628364800","9.83","United States"
"7295","Audax Renovables","ADX.MC","627316998","1.4076","Spain"
"7296","Mavi Giyim Sanayi ve Ticaret","MAVI.IS","625731827","0.79853","Turkey"
"7297","ADENTRA Inc.","ADEN.TO","624816396","25.7704","Canada"
"7298","Vinci Compass Investments","VINP","624671808","9.515","Brazil"
"7299","Elior Group","ELIOR.PA","624299109","2.4866","France"
"7300","Hyster-Yale Materials Handling","HY","623798208","34.79","United States"
"7301","Integral Diagnostics Limited","IDX.AX","623606406","1.67157","Australia"
"7302","Forge Global","FRGE","623007296","45","United States"
"7303","Cognyte Software","CGNT","622980288","8.43","Israel"
"7304","EnQuest","ENQ.L","622663829","0.334571","United Kingdom"
"7305","F.I.L.A. - Fabbrica Italiana Lapis ed Affini","FILA.MI","622016191","12.2932","Italy"
"7306","WhiteHawk Minerals Corp","WHK","621775104","26.13","United States"
"7307","Enviri Corporation","NVRI","620746432","22.02","United States"
"7308","Citycon","CTY1S.HE","620310109","3.37917","Finland"
"7309","Wakita & Co.,LTD.","8125.T","620182623","12.4713","Japan"
"7310","oOh!media Limited","OML.AX","619575448","1.17297","Australia"
"7311","Grid Dynamics","GDYN","618998080","7.63","United States"
"7312","The Star Entertainment Group","SGR.AX","618915521","0.0932635","Australia"
"7313","Autolus Therapeutics","AUTL","618827904","2.325","United Kingdom"
"7314","Pepper Money Limited","PPM.AX","618817448","1.37743","Australia"
"7315","CSB Bank","CSBBANK.NS","617763026","3.6451","India"
"7316","AlTi Global","ALTI","617676288","3.9609","United States"
"7317","DIP Corporation","2379.T","616805837","11.7812","Japan"
"7318","SMCP S.A.","SMCP.PA","615298653","7.87695","France"
"7319","Basler Kantonalbank","BSKP.SW","615201411","120.634","Switzerland"
"7320","India Tourism Development Corp","ITDC.NS","614982441","7.17018","India"
"7321","ECN Capital","ECN.TO","614662284","2.18172","Canada"
"7322","Direct Finance of Direct Group","DIFI.TA","614112494","207.443","Israel"
"7323","Solowin Holdings","SWIN","614008064","3.28","Hong Kong"
"7324","Endúr ASA","ENDUR.OL","613041446","11.9725","Norway"
"7325","Sturm, Ruger &amp; Co","RGR","613005824","38.365","United States"
"7326","Grendene","GRND3.SA","612690145","0.679137","Brazil"
"7327","EagleRock Land","EROK","611881344","25.02","United States"
"7328","Chrysos Corporation Limited","C79.AX","611853574","5.25145","Australia"
"7329","Betterware de Mexico","BWMX","611545152","16.42","Mexico"
"7330","Al-Saif Stores for Development &amp; Investment","4192.SR","611532842","1.74724","Saudi Arabia"
"7331","Altimmune","ALT","610785600","3.14","United States"
"7332","Amotiv Limited","AOV.AX","610722245","4.56274","Australia"
"7333","The Honest Company","HNST","609911680","5.685","United States"
"7334","OppFi","OPFI","609665024","7.155","United States"
"7335","Aeon Kyushu","2653.T","609188386","17.8224","Japan"
"7336","Shizuoka Gas","9543.T","608808197","8.07372","Japan"
"7337","BrightSpire Capital","BRSP","607948672","4.805","United States"
"7338","Nanosonics Limited","NAN.AX","606871180","2.03027","Australia"
"7339","ASP Isotopes","ASPI","606844544","3.9583","United States"
"7340","Real Brokerage Inc.","REAX","606756480","27.84","Canada"
"7341","MyState Limited","MYS.AX","606412358","3.55836","Australia"
"7342","Arvinas","ARVN","604886272","9.375","United States"
"7343","Hapvida","HAPV3.SA","604737783","1.2729","Brazil"
"7344","Docebo","DCBO","604733056","24.3","Canada"
"7345","Gokaldas Exports","GOKEX.NS","604566154","8.25035","India"
"7346","Gulf Oil Lubricants","GULFOILLUB.NS","604003803","12.1884","India"
"7347","Lumax Industries","LUMAXIND.NS","603621561","64.5741","India"
"7348","Smith &amp; Wesson","SWBI","603542080","13.46","United States"
"7349","RWS Holdings","RWS.L","603234428","1.62525","United Kingdom"
"7350","Ur-Energy","URG","602763520","1.515","United States"
"7351","REGENXBIO","RGNX","602680640","9.1297","United States"
"7352","VTEX","VTEX","602635584","3.645","United Kingdom"
"7353","A'ayan Leasing and Investment Company","AAYAN.KW","601703922","906.128","Kuwait"
"7354","PZ Cussons plc","PZC.L","601678755","1.42805","United Kingdom"
"7355","Lycopodium","LYL.AX","601563023","15.1374","Australia"
"7356","BMC Minerals","BMC.AX","600940792","2.18811","Canada"
"7357","Vaalco Energy","EGY","600645056","5.71","United States"
"7358","Krispy Kreme","DNUT","600310016","3.46","United States"
"7359","Integra Resources","ITRG","600301440","2.959","Canada"
"7360","Grupo Empresarial San José","GSJ.MC","600100890","9.22862","Spain"
"7361","Avax S.A.","AVAX.AT","599715302","4.04335","Greece"
"7362","Care Property Invest NV","CPINV.BR","598973544","14.1692","Belgium"
"7363","WashTec AG","WSU.DE","598861198","44.8613","Germany"
"7364","MTY Food Group","MTY.TO","598510307","26.2029","Canada"
"7365","Musti Group","MUSTI.HE","597870436","17.828","Finland"
"7366","Ethan Allen","ETD","597861760","23.495","United States"
"7367","Shinagawa Refractories","5351.T","597445026","13.0924","Japan"
"7368","RVRC Holding","RVRC.ST","595927495","5.69741","Sweden"
"7369","Evolus","EOLS","595774976","9.02","United States"
"7370","Zojirushi","7965.T","595495054","9.37857","Japan"
"7371","Malam - Team","MLTM.TA","595457246","27.1958","Israel"
"7372","TPG Real Estate Finance Trust","TRTX","595343680","7.755","United States"
"7373","IDI","IDIP.PA","595247756","83.4304","France"
"7374","Hankyu Hanshin REIT","8977.T","594866442","855.677","Japan"
"7375","Nilfisk Holding","NLFSK.CO","594716482","21.9239","Denmark"
"7376","Forward Air","FWRD","594543232","17.6","United States"
"7377","Modern Mills for Food Products","2284.SR","594251392","7.3352","Saudi Arabia"
"7378","TomTom","TOM2.AS","593687392","4.78676","Netherlands"
"7379","Tadiran Group","TDRN.TA","592931122","69.0579","Israel"
"7380","FDC India","FDC.NS","592606042","3.63986","India"
"7381","Gemini Space Station","GEMI","592510592","4.57","United States"
"7382","MasterCraft Boat","MCFT","592234496","24.45","United States"
"7383","Wellneo Sugar","2117.T","591900629","18.0796","Japan"
"7384","Avalon Pharma (Middle East Pharmaceutical)","4016.SR","591490247","16.8997","Saudi Arabia"
"7385","Bridgewater Bancshares","BWB","591415872","21.21","United States"
"7386","Insteel Industries","IIIN","591200896","30.54","United States"
"7387","Greene County Bancorp","GCBC","590869440","34.705","United States"
"7388","Cytek Biosciences","CTKB","590773888","4.545","United States"
"7389","MISTRAS Group","MG","590710400","18.5467","United States"
"7390","Southern First Bancshares","SFST","590563904","62.35","United States"
"7391","Swarmer","SWMR","590385408","37.045","United States"
"7392","Unity Bancorp","UNTY","590352960","58.785","United States"
"7393","Craneware","CRW.L","588569579","17.191","United Kingdom"
"7394","Sparebanken Møre","MORG.OL","588490904","11.8697","Norway"
"7395","Garofalo Health Care","GHC.MI","588477679","6.66511","Italy"
"7396","S Foods Inc.","2292.T","588337911","18.5752","Japan"
"7397","Braskem","BAK","587764224","1.475","Brazil"
"7398","Equasens","EQS.PA","587660639","39.0934","France"
"7399","Ecora Resources","ECOR.L","587611933","2.3556","United Kingdom"
"7400","Alok Industries","ALOKINDS.NS","587072694","0.118237","India"
"7401","NRJ Group","NRG.PA","586364754","7.57399","France"
"7402","Kelly Services","KELYA","586275200","16.88","United States"
"7403","Northpointe Bancshares","NPB","586162240","16.95","United States"
"7404","Universal Health Realty Income Trust","UHT","586107456","42.17","United States"
"7405","First Business Financial Services","FBIZ","585782400","70","United States"
"7406","Wickes Group","WIX.L","585584967","2.66297","United Kingdom"
"7407","Singapore Post","S08.SI","585584232","0.25998","Singapore"
"7408","TV TOKYO Holdings","9413.T","584964414","21.8938","Japan"
"7409","Zura Bio","ZURA","584557696","6.1","United States"
"7410","Iwaki Co.","6237.T","584482626","26.3478","Japan"
"7411","Redwood Trust","RWT","584097792","4.65","United States"
"7412","ProCredit","PCZ.DE","584043542","9.9161","Germany"
"7413","Weave Communications","WEAV","583993600","7.3","United States"
"7414","Seco S.p.A.","IOT.MI","583608362","4.40457","Italy"
"7415","Plus Alpha Consulting","4071.T","583606104","13.7636","Japan"
"7416","Opthea","OPT","583100736","3.41","Australia"
"7417","IFB Industries","IFBIND.NS","581776557","14.3582","India"
"7418","Energy Resources of Australia","ERA.AX","581671921","0.00143482","Australia"
"7419","NETGEAR","NTGR","581631040","21.4","United States"
"7420","TRE Holdings Corporation","9247.T","581439777","12.3647","Japan"
"7421","Western Copper and Gold","WRN","581270848","2.57","Canada"
"7422","Quess","QUESS.NS","580362049","3.88566","India"
"7423","Movida Participações","MOVI3.SA","580333239","1.43589","Brazil"
"7424","Gulf Keystone Petroleum","GKP.L","580227479","2.66841","Bermuda"
"7425","Abacus Group","ABG.AX","580213911","0.649257","Australia"
"7426","Arabian Cement Company","3010.SR","579837525","5.79838","Saudi Arabia"
"7427","ARS Pharmaceuticals","SPRY","579777984","5.83","United States"
"7428","Tatton Asset Management","TAM.L","579600901","9.54751","United Kingdom"
"7429","Eastern Province Cement Company","3080.SR","579517874","6.73858","Saudi Arabia"
"7430","Australian Agricultural Company","AAC.AX","579458666","0.961331","Australia"
"7431","Unilever Pakistan Foods","UPFL.PK","579322865","90.9465","Pakistan"
"7432","Rayonier Advanced Materials","RYAM","579034432","8.56","United States"
"7433","NEC Capital Solutions","8793.T","578471805","26.8497","Japan"
"7434","Arabian Mills for Food Products","2285.SR","578139518","11.2665","Saudi Arabia"
"7435","Alpha HPA Limited","A4N.AX","578092072","0.398163","Australia"
"7436","Miquel y Costas &amp; Miquel","MCM.MC","577856901","15.4976","Spain"
"7437","Zephyrus Wing Energies","ZPRS.TA","577210886","8.47406","Israel"
"7438","Duniec Bros.","DUNI.TA","576995846","74.7454","Israel"
"7439","Grenke","GLJ.F","576546549","13.0506","Germany"
"7440","Weathernews Inc.","4825.T","576467205","12.9794","Japan"
"7441","Methode Electronics","MEI","576437888","16.24","United States"
"7442","init innovation in traffic systems","IXX.DE","575727383","52.6684","Germany"
"7443","Investors Title Company","ITIC","575612224","304.88","United States"
"7444","Hyliion","HYLN","575083072","3.22","United States"
"7445","Artiva Biotherapeutics","ARTV","574458880","11.75","United States"
"7446","Nichols plc","NICL.L","574383117","15.7085","United Kingdom"
"7447","Citi Trends, Inc.","CTRN","573926528","68.9","United States"
"7448","Cineplex","CGX.TO","573599417","9.10434","Canada"
"7449","Arata Corporation","2733.T","573324864","17.1261","Japan"
"7450","BrainsWay","BWAY","572893632","14.255","Israel"
"7451","Fourth Milling","2286.SR","572433128","1.06006","Saudi Arabia"
"7452","MOIL","MOIL.NS","572263474","2.81231","India"
"7453","Zeria Pharmaceutical","4559.T","572125762","12.9794","Japan"
"7454","ARGO GRAPHICS","7595.T","571577577","8.31838","Japan"
"7455","Industrial Logistics Properties Trust","ILPT","571077760","8.556","United States"
"7456","Oxford Industries","OXM","570809536","38.23","United States"
"7457","Fujimori Kogyo","7917.T","570492717","7.96708","Japan"
"7458","Blackline Safety","BLN.TO","570420338","6.5237","Canada"
"7459","Maxell, Ltd.","6810.T","569547024","15.4511","Japan"
"7460","Kimball Electronics","KE","569358272","23.675","United States"
"7461","Kura Sushi USA","KRUS","569219776","46.85","United States"
"7462","Bawan Company","1302.SR","568917278","9.48195","Saudi Arabia"
"7463","Electra Real Estate","ELCRE.TA","568874185","8.2755","Israel"
"7464","Al-Ahleia Insurance","AINS.KW","568584705","2314.21","Kuwait"
"7465","Northrim BanCorp","NRIM","568242560","25.545","United States"
"7466","Kyokuto Kaihatsu Kogyo","7226.T","568153512","14.7548","Japan"
"7467","Wild Bunch","WBAH.F","566923642","23.6783","Germany"
"7468","SIG (Semen Indonesia)","SMGR.JK","566619283","0.0841238","Indonesia"
"7469","Addiko Bank","ZYE1.F","566343501","29.3638","Austria"
"7470","Civista Bancshares","CIVB","566227072","27.23","United States"
"7471","Qatar General Insurance & Reinsurance Company","QGRI.QA","566149118","0.646978","Qatar"
"7472","Laurent-Perrier","LPE.PA","565326898","96.248","France"
"7473","RaySearch Laboratories AB","RAY-B.ST","564974408","18.9564","Sweden"
"7474","OneSpan","OSPN","564575232","15.32","United States"
"7475","Kaufman &amp; Broad","KOF.PA","563796775","28.7229","France"
"7476","Evolent Health","EVH","563600832","4.985","United States"
"7477","Marshalls plc","MSLH.L","563416370","2.22792","United Kingdom"
"7478","Brandywine Realty Trust","BDN","563053824","3.26","United States"
"7479","MapmyIndia","MAPMYINDIA.NS","562803083","10.5711","India"
"7480","Nexxen","NEXN","562680128","9.88","Israel"
"7481","Saibu Gas Holdings","9536.T","562431045","15.6268","Japan"
"7482","RCS MediaGroup","RCS.MI","561274883","1.08483","Italy"
"7483","Entera Bio","ENTX","560979520","3.24","Israel"
"7484","Ovid Therapeutics","OVID","559528384","2.865","United States"
"7485","Vadilal Industries","VADILALIND.NS","559267748","77.8076","India"
"7486","Unitika Ltd.","3103.T","558673957","9.69014","Japan"
"7487","Ooma","OOMA","558486272","20.3272","United States"
"7488","Sekisui Jushi Corporation","4212.T","558344398","18.5689","Japan"
"7489","AvenuesAI Limited","CCAVENUE.NS","557535271","0.160164","India"
"7490","Alpen Co.,Ltd.","3028.T","557298493","14.8614","Japan"
"7491","Kameda Seika","2220.T","557079465","8.8077","Japan"
"7492","Kyoei Steel","5440.T","556983467","12.8163","Japan"
"7493","AS Merko Ehitus","MRK1T.TL","556863193","31.4612","Estonia"
"7494","Almawarid Manpower Company","1833.SR","556665348","27.8333","Saudi Arabia"
"7495","Snt Dynamics","003570.KS","556641548","22.3388","South Korea"
"7496","Ryobi Limited","5851.T","555946350","17.4774","Japan"
"7497","Bukalapak.com","BUKA.JK","554776508","0.0060411","Indonesia"
"7498","Schoeller-Bleckmann Oilfield Equipment","SBO.VI","554574496","35.1899","Austria"
"7499","Kid ASA","KID.OL","554523831","13.643","Norway"
"7500","MapLight Therapeutics","MPLT","554446976","11.955","United States"
"7501","York Water","YORW","554206080","34.15","United States"
"7502","Carriage Services","CSV","554133312","34.89","United States"
"7503","Gujarat Alkalies and Chemicals","GUJALKALI.NS","554113852","7.54544","India"
"7504","Heimar","HEIMAR.IC","553633796","0.2837","Iceland"
"7505","RENOVA, Inc.","9519.T","553464226","6.12273","Japan"
"7506","H.I.S. Co., Ltd.","9603.T","553445109","7.40248","Japan"
"7507","E7 Group PJSC","E7.AE","552765154","0.26","United Arab Emirates"
"7508","Asia Financial Holdings","0662.HK","551720211","0.597008","Hong Kong"
"7509","Nueva Expresión Textil","NXT.MC","551529649","1.28175","Spain"
"7510","Sygnity","SGN.WA","551008376","24.3301","Poland"
"7511","BAVARIA Industries Group AG","B8A.MU","550746652","122.349","Germany"
"7512","Malibu Boats","MBUU","549837120","28","United States"
"7513","SEALSQ","LAES","549137920","2.465","Switzerland"
"7514","Spire Global","SPIR","548808256","13.51","United States"
"7515","Cabaletta Bio","CABA","548479488","3.235","United States"
"7516","Automated Systems Company KPSC","ASC.KW","547912893","5479.14","Kuwait"
"7517","Sappi","SAP.JO","547537700","0.901917","South Africa"
"7518","Core Laboratories","CLB","546943744","11.92","Netherlands"
"7519","Ion Beam Applications","IBAB.BR","546830362","18.8301","Belgium"
"7520","SD BioSensor","137310.KS","546517922","4.56881","South Korea"
"7521","PDS Multinational","PDSL.NS","546432252","3.86889","India"
"7522","W&amp;T Offshore","WTI","546413440","3.62","United States"
"7523","Fulgent Genetics","FLGT","546040960","19.845","United States"
"7524","Porvair plc","PRV.L","545130452","11.8052","United Kingdom"
"7525","Home Bancorp","HBCP","545049408","69.25","United States"
"7526","GAMCO Investors","GAMI","544241344","25.34","United States"
"7527","MSTC Limited","MSTCLTD.NS","544223378","7.73045","India"
"7528","Teikoku Sen-i Co., Ltd.","3302.T","544161209","21.2351","Japan"
"7529","Puravankara","PURVA.NS","544065638","2.29419","India"
"7530","YG Entertainment","122870.KQ","543496317","29.3039","South Korea"
"7531","Cerus Corporation","CERS","543109568","2.695","United States"
"7532","Tamdeen Real Estate Company","TAM.KW","543095110","1352.67","Kuwait"
"7533","The Elmet Group","ELMT","543092864","17.83","United States"
"7534","Restore plc","RST.L","542825949","4.03933","United Kingdom"
"7535","Tallink Grupp","T5N.F","542349840","0.701468","Estonia"
"7536","Figeac Aero","FGA.PA","541854888","12.2349","France"
"7537","Sligro Food","SLIGR.AS","541753988","12.2815","Netherlands"
"7538","Nextensa","NEXTA.BR","541694217","53.6006","Belgium"
"7539","Bouvet","BOUV.OL","541517084","5.29016","Norway"
"7540","Aduro Clean Technologies","ADUR","541210432","15.2697","Canada"
"7541","Bénéteau","BEN.PA","541193559","6.81659","France"
"7542","Boss Energy","BOE.AX","540600626","1.3021","Australia"
"7543","Argosy Property","ARG.NZ","540289584","0.618201","New Zealand"
"7544","BlossomHill Therapeutics","BLSM","539164736","18.54","United States"
"7545","Olympic Steel","ZEUS","538983936","47.86","United States"
"7546","Vastned Belgium NV","VASTB.BR","538258337","33.3256","Belgium"
"7547","ATHEX  (Athens Stock Exchange)","EXAE.AT","537920066","9.29853","Greece"
"7548","Ooredoo Oman","ORDS.OM","537663040","0.825974","Oman"
"7549","Kyverna Therapeutics","KYTX","537419520","8.69","United States"
"7550","Bit Digital","BTBT","537343936","1.49","United States"
"7551","Strata Critical Medical","SRTA","535666496","6.055","United States"
"7552","Sinko Industries","6458.T","535368091","7.97335","Japan"
"7553","PostNL","PNL.AS","535140294","1.03589","Netherlands"
"7554","Guardian Metal Resources","GMTL","534763936","13.45","United Kingdom"
"7555","Mastek","MASTEK.NS","534406623","17.2376","India"
"7556","Osaka Steel","5449.T","534346751","17.8601","Japan"
"7557","AMTD Digital","HKD","534274912","1.7","Hong Kong"
"7558","3D Systems","DDD","534162656","3.215","United States"
"7559","Alight","ALIT","534064800","14.41","United States"
"7560","Inghams Group","ING.AX","533294506","1.43482","Australia"
"7561","One Liberty Properties","OLP","532181024","24.3","United States"
"7562","BEWi ASA","BEWI.OL","531904044","2.24885","Norway"
"7563","NCC Group plc","NCC.L","531808587","1.92582","United Kingdom"
"7564","Perfect Presentation for Commercial Services CompanyPerfect Presentation for Commercial Services","7204.SR","531362395","1.77121","Saudi Arabia"
"7565","Faysal Bank","FABL.PK","530460246","0.349517","Pakistan"
"7566","Cenomi Retail (Fawaz Abdulaziz Al Hokair &amp; Company)","4240.SR","530349713","4.62112","Saudi Arabia"
"7567","NIPPON PARKING DEVELOPMENT","2353.T","529812079","1.70006","Japan"
"7568","Solid Power","SLDP","529380416","2.32","United States"
"7569","Capricor Therapeutics","CAPR","529064800","9.1","United States"
"7570","Deutsche Pfandbriefbank","PBB.DE","529000970","3.93382","Germany"
"7571","ARKO Corp.","ARKO","527833792","4.705","United States"
"7572","Tactile Medical","TCMD","527798240","23.3","United States"
"7573","Bankwell Financial Group","BWFG","527345952","66.15","United States"
"7574","Mayville Engineering Company","MEC","525561856","20.61","United States"
"7575","Euroseas","ESEA","525414240","74.47","Greece"
"7576","Nuix Limited","NXL.AX","524960870","1.52809","Australia"
"7577","VRL Logistics","VRLLOG.NS","524891651","3.00046","India"
"7578","Flushing Financial Corp","FFIC","524179680","15.47","United States"
"7579","Idaho Strategic Resources","IDR","524162720","33.12","United States"
"7580","CARE's Ratings","CARERATING.NS","523833368","17.4105","India"
"7581","Shofu Inc.","7979.T","523326356","14.7046","Japan"
"7582","Daiwa Industries","6459.T","522498708","10.6395","Japan"
"7583","Lifedrink Company","2585.T","522127409","10.0624","Japan"
"7584","Eslead Corporation","8877.T","521712275","33.813","Japan"
"7585","AMC Networks","AMCX","521399648","12.64","United States"
"7586","Boiron","BOI.PA","519937647","29.9464","France"
"7587","Meeza QSTP LLC (Public)","MEZA.QA","519897093","0.801099","Qatar"
"7588","NVE Corporation","NVEC","519801952","107.46","United States"
"7589","Ellaktor","ELLAKTOR.AT","519759675","1.49615","Greece"
"7590","Pangaea Logistics Solutions","PANL","519207008","7.93","United States"
"7591","Scribe Therapeutics","SCTX","518957056","32.07","United States"
"7592","Prelude Therapeutics","PRLD","518722688","6.5","United States"
"7593","Quad","QUAD","518688832","10.06","United States"
"7594","Quadient","QDT.PA","518234921","15.2878","France"
"7595","NetDragon Websoft","0777.HK","518107820","0.984808","China"
"7596","Veradigm","MDRX","516615808","4.74","United States"
"7597","The Pack Corporation","3950.T","516481155","9.4413","Japan"
"7598","DFS Furniture","DFS.L","516385377","2.23047","United Kingdom"
"7599","Rieter Holding","RIEN.SW","515512558","3.79155","Switzerland"
"7600","SandRidge Energy","SD","514975872","13.89","United States"
"7601","Immobiliare Grande Distribuzione SIIQ","IGD.MI","514937452","4.66674","Italy"
"7602","everplay group plc","EVPL.L","514435356","3.57012","United Kingdom"
"7603","Malteries Franco-Belges","MALT.PA","514362332","1037.05","France"
"7604","Heidelberger Druckmaschinen","HDD.DE","514156031","1.68943","Germany"
"7605","Sierra Bancorp","BSRR","513869056","39.64","United States"
"7606","Columbus McKinnon","CMCO","513616160","17.7942","United States"
"7607","Hansen Technologies","HSN.AX","513552350","2.51094","Australia"
"7608","Aurelius Group","AR4.DE","513292829","19.24","Germany"
"7609","Evommune","EVMN","512989024","14.135","United States"
"7610","Medistim","MEDI.OL","512964229","28.0571","Norway"
"7611","The Oncology Institute","TOI","512912480","5.13","United States"
"7612","Medley, Inc.","4480.T","512636096","16.963","Japan"
"7613","Vetropack","VETN.SW","511752179","25.8148","Switzerland"
"7614","Premium Water Holdings","2588.T","511517730","23.8071","Japan"
"7615","Eagle Point Credit Company","ECC","511426336","3.845","United States"
"7616","Wabash National","WNC","511047840","12.545","United States"
"7617","Société Fermière du Casino Municipal de Cannes","FCMC.PA","510727002","3239.34","France"
"7618","Fauji Cement Company","FCCL.PK","510582232","0.208159","Pakistan"
"7619","Oman Cement Company","OCOI.OM","510489337","1.54286","Oman"
"7620","Simona","SIM0.F","510370535","85.0618","Germany"
"7621","Aeris Resources","AIS.AX","510162311","0.34077","Australia"
"7622","Al-Yamamah Steel Industries Company","1304.SR","510097246","10.0413","Saudi Arabia"
"7623","Kvika banki","KVIKA.IC","509887328","0.110742","Iceland"
"7624","eGuarantee","8771.T","509339789","11.4488","Japan"
"7625","Gray Media","GTN","509257792","4.945","United States"
"7626","Martinrea International","MRE.TO","508953209","7.27338","Canada"
"7627","Intrepid Potash","IPI","508662272","37.8","United States"
"7628","Nyab AB","NYAB.ST","508284929","0.714145","Sweden"
"7629","Orange County Bancorp","OBT","508228832","37.905","United States"
"7630","Interloop","ILP.PK","508223347","0.362574","Pakistan"
"7631","C4 Therapeutics","CCCC","508093824","4.13","United States"
"7632","Alujain Corporation","2170.SR","507595714","7.3352","Saudi Arabia"
"7633","Gravity Co.","GRVY","507339200","73.01","South Korea"
"7634","Kappa Create","7421.T","507127158","10.2756","Japan"
"7635","Air Astana","7YH.F","507105394","5.73293","Kazakhstan"
"7636","Belships ASA","BELCO.OL","506976420","2.00572","Norway"
"7637","Greenlight Re","GLRE","506920064","15.53","Cayman Islands"
"7638","AIC Mines Limited","A1M.AX","506416206","0.634909","Australia"
"7639","Universal Logistics Holdings","ULH","506261856","19.2","United States"
"7640","Lubawa","LBW.WA","506070629","3.36774","Poland"
"7641","Wirtualna Polska (WP Holding)","WPL.WA","505007829","16.9606","Poland"
"7642","PayPoint","PAY.L","504353095","8.51388","United Kingdom"
"7643","Aurelia Metals","AMI.AX","504169388","0.297726","Australia"
"7644","Vital KSK Holdings","3151.T","504114682","10.5391","Japan"
"7645","Dutch Lady Milk Industries","3026.KL","504107430","7.87668","Malaysia"
"7646","Lifestyle Communities Limited","LIC.AX","503938668","4.13946","Australia"
"7647","Ataa Educational Company","4292.SR","503768669","11.9696","Saudi Arabia"
"7648","Electrosteel Castings","ELECTCAST.NS","503155399","0.813924","India"
"7649","Tidewater Renewables","LCFS.TO","503036698","13.7682","Canada"
"7650","Dingdong Maicai","DDL","502911360","2.3","China"
"7651","goeasy","GSY.TO","502554639","31.3426","Canada"
"7652","Calfrac Well Services","CFW.TO","502075302","4.97387","Canada"
"7653","NAGAWA Co., Ltd.","9663.T","501693096","32.3702","Japan"
"7654","TAT Technologies","TATT","501598112","38.59","Israel"
"7655","CJ ENM CO., Ltd.","035760.KQ","501380822","24.1433","South Korea"
"7656","Surya Roshni","SURYAROSNI.NS","501008307","2.30205","India"
"7657","Amper, S.A.","AMP.MC","500948843","5.50221","Spain"
"7658","Cogent Communications","CCOI","500377760","9.77","United States"
"7659","Subros","SUBROS.NS","499378099","7.65498","India"
"7660","TOKAI Corp.","9729.T","498902371","16.1537","Japan"
"7661","Shamal Az-Zour Al-Oula Power and Water Company","AZNOULA.KW","498370261","453.064","Kuwait"
"7662","PolyNovo","PNV.AX","498096849","0.720999","Australia"
"7663","Kintetsu Department Store","8244.T","497900456","12.3458","Japan"
"7664","Valhi","VHI","497886560","17.58","United States"
"7665","Phoenix Mecano","PMN.SW","497849928","542.359","Switzerland"
"7666","Hektaş","HEKTS.IS","497599424","0.0590272","Turkey"
"7667","Mitsubishi Research Institute","3636.T","497281095","31.5546","Japan"
"7668","Tokmanni","TOKMAN.HE","496792870","8.54696","Finland"
"7669","Pareto Bank","PARB.OL","496638890","6.46813","Norway"
"7670","Sunlight REIT","0435.HK","496530784","0.282558","Hong Kong"
"7671","Coor Service Management Holding AB","COOR.ST","496151568","5.22166","Sweden"
"7672","Limbach Holdings","LMB","495483456","41.55","United States"
"7673","Grenevia","GEA.WA","495293297","0.861864","Poland"
"7674","Stabilus","STM.DE","495036152","20.0419","Luxembourg"
"7675","IVU Traffic Technologies","IVU.DE","494609398","28.6646","Germany"
"7676","Canopy Growth","CGC","494583008","1.04","Canada"
"7677","Nat Games (Nexon Games)","225570.KQ","494301697","7.86009","South Korea"
"7678","Bank7","BSVN","494296672","51.89","United States"
"7679","ERock, Inc.","EROC","494265504","10.26","United States"
"7680","Revenio","REG1V.HE","494229440","16.989","Finland"
"7681","Oil States International","OIS","494042240","8.19","United States"
"7682","Strike Company","6196.T","493663492","8.56931","Japan"
"7683","Regal Partners Limited","RPL.AX","493422218","2.11636","Australia"
"7684","Hexagon Composites","HEX.OL","492971903","1.48048","Norway"
"7685","Network18","NETWORK18.NS","492962927","0.319176","India"
"7686","NeuroPace","NPCE","492724896","14.355","United States"
"7687","Ginkgo Bioworks","DNA","492257440","7.31","United States"
"7688","Editas Medicine","EDIT","492224000","3.205","United States"
"7689","Acinque","AC5.MI","492094777","2.49359","Italy"
"7690","Oula Fuel Marketing Company","OULAFUEL.KW","491732191","1104.95","Kuwait"
"7691","Plastika Kritis","PLAKR.AT","491307007","17.9445","Greece"
"7692","Samty Residential Investment Corporation","3459.T","490539703","575.261","Japan"
"7693","OBOOK Holdings Inc. (OwlTing)","OWLS","490197408","5.5494","Taiwan"
"7694","Build-A-Bear Workshop","BBW","490151360","39.095","United States"
"7695","sterling &amp; wilson solar","SWSOLAR.NS","489888072","2.09765","India"
"7696","Huya","HUYA","489845280","2.145","China"
"7697","Novavest Real Estate AG","NREN.SW","489775223","48.1545","Switzerland"
"7698","IBEX","IBEX","489639968","36.57","United States"
"7699","First Foundation","FFWM","489265120","5.9","United States"
"7700","Bourrelier Group","ALBOU.PA","488871659","78.7695","France"
"7701","Electra Consumer Products","ECP.TA","488862319","21.3534","Israel"
"7702","AMERISAFE","AMSF","488239776","26.34","United States"
"7703","PTC India","PTC.NS","488000131","1.6486","India"
"7704","Q32 Bio","QTTB","487623840","16.38","United States"
"7705","Relmada Therapeutics","RLMD","487481216","4.57","United States"
"7706","Ponce Financial Group","PDLB","486902400","20.13","United States"
"7707","Patrimoine et Commerce SA","PAT.PA","486875406","29.9464","France"
"7708","Kamada","KMDA","486362720","8.43","Israel"
"7709","Nexen Tire Corporation","002350.KS","486092952","4.73482","South Korea"
"7710","Eiken Chemical","4549.T","485986068","14.7422","Japan"
"7711","SThree","STEM.L","485940790","4.00533","United Kingdom"
"7712","Jacquet Metals","JCQ.PA","485891803","23.9455","France"
"7713","KKR Real Estate Finance Trust","KREF","485641760","7.5527","United States"
"7714","Jaguar Mining","JAG.TO","485486398","5.68946","Canada"
"7715","Flat Capital AB","FLAT-B.ST","485430554","0.974599","Sweden"
"7716","Costamare Bulkers Holdings Limited","CMDB","484328704","19.93","Monaco"
"7717","Senseonics Holdings","SENS","484326304","9.16","United States"
"7718","Wing On Company International","0289.HK","484287240","1.68004","Hong Kong"
"7719","West Bancorporation","WTBA","484042336","28.4","United States"
"7720","Jadwa Investment - Jadwa Reit Saudi Fund","4342.SR","483847478","2.59422","Saudi Arabia"
"7721","Consolidated Water","CWCO","483108128","30.17","Cayman Islands"
"7722","Nederman Holding","NMAN.ST","482837235","13.7788","Sweden"
"7723","Abu Dhabi Ship Building","ADSB.AE","482587169","2.28","United Arab Emirates"
"7724","Foseco India","FOSECOIND.NS","482536164","63.7041","India"
"7725","Johnson Outdoors","JOUT","482379200","46.03","United States"
"7726","Allergy Therapeutics","AGY.L","482301224","0.0761625","United Kingdom"
"7727","MBM Resources","5983.KL","482049420","1.23322","Malaysia"
"7728","Plasson Industries","PLSN.TA","481989548","50.4809","Israel"
"7729","Armah Sports","9590.SR","481356821","14.6491","Saudi Arabia"
"7730","GB Group (GBG)","GBG.L","481229030","2.10263","United Kingdom"
"7731","Combined Group Contracting Company","CGC.KW","481155868","2816.17","Kuwait"
"7732","MPS Limited","MPSLTD.NS","481141278","28.3432","India"
"7733","JM Holdings Co.,Ltd.","3539.T","481107849","9.4413","Japan"
"7734","Oatly","OTLY","480758144","15.065","Sweden"
"7735","Deutsche Rohstoff","DR0.DE","480566909","100.326","Germany"
"7736","Nouveau Monde Graphite","NMG","480536064","1.4599","Canada"
"7737","Sunteck Realty","SUNTECK.NS","480381945","3.27142","India"
"7738","Computer Engineering &amp; Consulting","9692.T","480254402","15.6644","Japan"
"7739","Rezolute","RZLT","480017280","4.985","United States"
"7740","Miahona Company","2084.SR","479626256","2.98042","Saudi Arabia"
"7741","Meteoric Resources","MEI.AX","479605675","0.165005","Australia"
"7742","Bank of Jerusalem","JBNK.TA","477962491","6.7779","Israel"
"7743","Dawood Hercules Corporation","DAWH.PK","477884584","0.99293","Pakistan"
"7744","Komax Holding","KOMN.SW","477680801","93.2062","Switzerland"
"7745","One REIT, Inc.","3290.T","477654491","490.571","Japan"
"7746","El Pollo Loco","LOCO","477539072","15.68","United States"
"7747","Rimini Street","RMNI","477142528","5.111","United States"
"7748","Caledonia Mining","CMCL","476029696","24.62","Jersey"
"7749","Global Dominion Access","DOM.MC","475459997","3.16942","Spain"
"7750","Cedar Woods Properties Limited","CWP.AX","475457406","5.58864","Australia"
"7751","Prothena","PRTA","475380416","9.26","Ireland"
"7752","Vital Farms","VITL","474680928","11.0567","United States"
"7753","HelloFresh","HFG.DE","474633299","3.2743","Germany"
"7754","Smartoptics Group","SMOP.OL","474578581","4.84039","Norway"
"7755","NRC Health","NRC","474022304","21.43","United States"
"7756","The Westaim Corporation","WED.V","473295992","14.2368","Canada"
"7757","Diamond Hill Investment Group","DHIL","473290400","174.99","United States"
"7758","Shoe Carnival","SCVL","473247296","17.43","United States"
"7759","Ocugen","OCGN","473059008","1.395","United States"
"7760","The Tinplate Company Of India","TINPLATE.NS","472691716","4.51248","India"
"7761","Fiducial Real Estate","ORIA.PA","472561167","195.759","France"
"7762","Cooper Standard","CPS","472127840","26.57","United States"
"7763","The Gym Group","GYM.L","471546775","2.72009","United Kingdom"
"7764","Carvolix","CVX.PA","471368643","7.57399","France"
"7765","GPI S.p.A.","GPI.MI","470591463","16.2899","Italy"
"7766","Summit Midstream","SMC","470297024","34.12","United States"
"7767","ATN International","ATNI","470264512","30.53","United States"
"7768","EVS Broadcast Equipment","EVS.BR","470097133","34.9679","Belgium"
"7769","Puma Biotechnology","PBYI","469742592","9.1","United States"
"7770","Aston Martin","AML.L","469314430","0.462415","United Kingdom"
"7771","Ibstock plc","IBST.L","469010041","1.18732","United Kingdom"
"7772","Commercial Bancgroup","CBK","468240896","34.175","United States"
"7773","Villeroy &amp; Boch","VIB3.DE","467955993","17.4784","Germany"
"7774","Groupe SAMSE","SAMS.PA","467863148","138.662","France"
"7775","eMudhra","EMUDHRA.NS","467655502","5.70009","India"
"7776","Mitsubishi Kakoki Kaisha","6331.T","466608864","20.4823","Japan"
"7777","Calavo Growers","CVGW","466334752","26.09","United States"
"7778","Hangzhou Electronic Soul Network Technology","603258.SS","465917606","1.91921","China"
"7779","Titan International","TWI","465673088","7.215","United States"
"7780","EVgo","EVGO","465483264","1.48","United States"
"7781","Hampiðjan","HAMP.IC","465166144","0.74243","Iceland"
"7782","Texmaco Rail &amp; Engineering","TEXRAIL.NS","465027076","1.14295","India"
"7783","Zion Oil &amp; Gas","ZNOG","464834400","0.39","United States"
"7784","Soft-World International","5478.TWO","464447966","3.09987","Taiwan"
"7785","Chorus Aviation","CHR.TO","464261300","20.5695","Canada"
"7786","Priority Technology Holdings","PRTH","464139296","5.63","United States"
"7787","National Cement Company P.S.C.","NCC.AE","464083442","1.29343","United Arab Emirates"
"7788","Qatar National Cement Company","QNCD.QA","463574668","0.709341","Qatar"
"7789","Mears Group plc","MER.L","463309474","5.85499","United Kingdom"
"7790","Farmers &amp; Merchants Bancorp","FMAO","463053696","33.62","United States"
"7791","VIP Industries","VIPIND.NS","462930474","3.25884","India"
"7792","Nippon Chemi-Con Corporation","6997.T","462395641","16.8814","Japan"
"7793","Bally's Corporation","BALY","461796096","9.15","United States"
"7794","Medmix","MEDX.SW","461193736","11.0582","Switzerland"
"7795","Raisio plc","RAIVV.HE","460930685","2.91307","Finland"
"7796","Wajax Corporation","WJX.TO","460326632","21.1353","Canada"
"7797","Riso Kagaku Corporation","6413.T","459826359","7.33348","Japan"
"7798","Wall Financial Corporation","WFC.TO","459768083","14.417","Canada"
"7799","MARR S.p.A.","MARR.MI","459619699","7.34095","Italy"
"7800","IGG Inc","0799.HK","459510062","0.41714","Singapore"
"7801","Capita plc","CPI.L","459396593","3.83533","United Kingdom"
"7802","Luxfer","LXFR","459054784","17.155","United Kingdom"
"7803","Metall Zug AG","METN.SW","459040862","1027.63","Switzerland"
"7804","Attica Holdings","ATTICA.AT","459014190","1.88767","Greece"
"7805","Pacific Biosciences","PACB","458475360","1.475","United States"
"7806","Hokkaido Gas","9534.T","458279188","5.18801","Japan"
"7807","Sight Sciences","SGHT","457781248","8.31","United States"
"7808","Farmland Partners","FPI","457465696","10.415","United States"
"7809","HOMAG Group","HG1.F","457003022","29.1307","Germany"
"7810","Universal Store Holdings","UNI.AX","456835285","5.95452","Australia"
"7811","Locaweb","LWSA3.SA","456179006","0.813024","Brazil"
"7812","Gree","3632.T","455897687","2.6536","Japan"
"7813","ATOM Corporation","7412.T","455561489","2.35876","Japan"
"7814","Select Harvests Limited","SHV.AX","455530720","3.24987","Australia"
"7815","John Mattson Fastighetsföretagen","JOMA.ST","455186598","6.14375","Sweden"
"7816","Birla Carbon (Thailand)","BCT.BK","455030489","1.51677","Thailand"
"7817","Citizens &amp; Northern Corp","CZNC","454110848","25.32","United States"
"7818","EMX Royalty","EMX","453291424","4.16","Canada"
"7819","Marimekko","MEKKO.HE","453276376","11.1746","Finland"
"7820","Eventbrite","EB","452958144","4.51","United States"
"7821","Gooch &amp; Housego","GHH.L","452288718","16.5245","United Kingdom"
"7822","29Metals","29M.AX","451989072","0.258268","Australia"
"7823","American Coastal Insurance Corporation","ACIC","451896608","9.56","United States"
"7824","BioAge Labs","BIOA","451855072","9.845","United States"
"7825","Meier Tobler Group","MTG.SW","451511764","41.8249","Switzerland"
"7826","Vogenx","VOGX","451446080","30.39","United States"
"7827","Invictus Investment Company","INVICTUS.AE","451366954","0.4","United Arab Emirates"
"7828","Gulf Medical Projects Company","GMPC.AE","451048672","0.65","United Arab Emirates"
"7829","Zamil Industrial Investment Company","2240.SR","450978836","7.51631","Saudi Arabia"
"7830","Linc AB","LINC.ST","450894708","7.79259","Sweden"
"7831","Groupe Guillin","ALGIL.PA","450158334","24.3533","France"
"7832","kneat.com","FOBK.F","450113626","4.66092","Ireland"
"7833","Magnera","MAGN","449984000","12.64","United States"
"7834","RPG Life Sciences","RPGLIFE.NS","449473851","27.1766","India"
"7835","Leonteq","LEON.SW","449332401","25.3804","Switzerland"
"7836","Kaiser (China) Culture","002425.SZ","448336692","0.468645","China"
"7837","Nexity","NXI.PA","448202128","8.05174","France"
"7838","Shoulder Innovations","SI","447607552","21.5","United States"
"7839","RattanIndia Power","RTNPOWER.NS","447499440","0.0833316","India"
"7840","Sea1 Offshore","SEA1.OL","447242387","2.9128","Norway"
"7841","RBB Bancorp","RBB","447173504","26.435","United States"
"7842","Boohoo Group","DEBS.L","447126380","0.284249","United Kingdom"
"7843","Ismail Industries","ISIL.PK","447102757","6.73784","Pakistan"
"7844","Caleres","CAL","446911552","13.305","United States"
"7845","Soltec Power Holdings","SOL.MC","446877569","0.978793","Spain"
"7846","Voltamp Energy","VOES.OM","446753258","0.446753","Oman"
"7847","Luceco plc","LUCE.L","446413238","3.0329","United Kingdom"
"7848","Skycity Entertainment Group","SKC.NZ","445864303","0.404209","New Zealand"
"7849","WideOpenWest","WOW","445855520","5.2","United States"
"7850","Gladstone Capital Corporation","GLAD","445761216","19.73","United States"
"7851","Dine Brands Global","DIN","445728672","35.21","United States"
"7852","Charming Medical","MCTA","445550176","29.355","Hong Kong"
"7853","Brunel International","BRNL.AS","445041839","8.82079","Netherlands"
"7854","AdvanSix","ASIX","444979520","16.48","United States"
"7855","PlayWay","PLW.WA","444291634","66.6504","Poland"
"7856","i3 Verticals","IIIV","443808000","16.81","United States"
"7857","Alantra Partners","ALNT.MC","443593151","11.7106","Spain"
"7858","Innovative Aerosystems","ISSC","443541504","24.78","United States"
"7859","Qatari Investors Group","QIGD.QA","442657992","0.356044","Qatar"
"7860","Marston's","MARS.L","442474767","0.699063","United Kingdom"
"7861","Commercial Facilities Company S.A.K.P.","FACIL.KW","442420015","873.533","Kuwait"
"7862","Chofu Seisakusho","5946.T","441959633","12.9983","Japan"
"7863","National Petroleum Services Company","NAPESCO.KW","441688802","4889.18","Kuwait"
"7864","Titan Machinery","TITN","441110272","18.93","United States"
"7865","Avacta Group","AVCT.L","440974496","0.941151","United Kingdom"
"7866","Andersen Group","ANDG","440472992","34.82","United States"
"7867","CPH Group AG","CPHN.SW","440472292","73.4728","Switzerland"
"7868","SofWave Medical","SOFW.TA","440343047","12.1322","Israel"
"7869","S4 Capital","SFOR.L","440122129","0.660982","United Kingdom"
"7870","Van de Velde","VAN.BR","439976577","35.423","Belgium"
"7871","Servcorp Limited","SRV.AX","439719337","4.40491","Australia"
"7872","Arcturus Therapeutics","ARCT","439704864","15.47","United States"
"7873","Union Properties","UPP.AE","439692931","0.15385","United Arab Emirates"
"7874","Acacia Research","ACTG","439140640","4.5","United States"
"7875","Home Invest Belgium","HOMI.BR","439091561","22.0694","Belgium"
"7876","Virgin Galactic","SPCE","438870144","2.895","United States"
"7877","Barnes &amp; Noble Education","BNED","438165344","12.64","United States"
"7878","Advantage Solutions","ADV","438012992","32.945","United States"
"7879","Lindex Group","LINDEX.HE","437948928","2.66838","Finland"
"7880","Millat Tractors","MTL.PK","437936224","1.0975","Pakistan"
"7881","Energiekontor","EKT.DE","437019727","31.5195","Germany"
"7882","Mepco (Middle East Company for Manufacturing and Producing Paper)","1202.SR","436968964","5.04195","Saudi Arabia"
"7883","PensionBee Group","PBEE.L","436939973","1.82926","United Kingdom"
"7884","Hamilton Beach Brands","HBB","436875776","32.5","United States"
"7885","Tohokushinsha Film","2329.T","436765514","3.17428","Japan"
"7886","Benitec Biopharma","BNTC","436303488","12.7001","United States"
"7887","NACL Industries","NACLIND.NS","436091031","1.8617","India"
"7888","Compass Therapeutics","CMPX","435812768","2.42","United States"
"7889","CI&amp;T","CINT","435161536","3.4","Brazil"
"7890","BSR Real Estate Investment Trust","HOM-UN.TO","434478059","11.1804","Canada"
"7891","Ranpak","PACK","434365728","5.065","United States"
"7892","Aspen Aerogels","ASPN","434039648","5.2301","United States"
"7893","Tera Light","TRLT.TA","434007319","5.49905","Israel"
"7894","Symphony Limited","SYMPHONY.NS","433686077","6.31538","India"
"7895","eREX Co.,Ltd.","9517.T","433569162","5.54559","Japan"
"7896","Raymond","RAYMOND.NS","433237931","6.50982","India"
"7897","Bank of Marin Bancorp","BMRC","433196128","26.75","United States"
"7898","Enento Group","ENENTO.HE","433119173","18.2941","Finland"
"7899","908 Devices","MASS","432970560","10.475","United States"
"7900","Whitefield Industrials Limited","WHF.AX","432490675","3.56554","Australia"
"7901","adesso SE","ADN1.DE","432268425","67.4668","Germany"
"7902","TKM Grupp AS","TKM1T.TL","431875714","10.6036","Estonia"
"7903","Atea Pharmaceuticals","AVIR","431501280","5.38","United States"
"7904","Algoma Steel","ASTL","431098784","4.08","Canada"
"7905","Eshraq Investments","ESHRAQ.AE","430681148","0.16","United Arab Emirates"
"7906","Axactor ASA","ACR.OL","430528582","0.534371","Norway"
"7907","Marqeta","MQ","430390752","4.06","United States"
"7908","eQ Oyj","EQV1V.HE","430380119","10.3938","Finland"
"7909","Tejon Ranch","TRC","430316512","15.925","United States"
"7910","Community Healthcare Trust","CHCT","429950912","15.005","United States"
"7911","JCI Hitachi India","JCHAC.NS","429941645","15.7544","India"
"7912","Weyco Group","WEYS","429698752","44.99","United States"
"7913","Everspin Technologies","MRAM","429534112","17.64","United States"
"7914","Djurslands Bank A/S","DJUR.CO","429096224","162.866","Denmark"
"7915","International Money Express","IMXI","428098784","14.17","United States"
"7916","Cross Country Healthcare","CCRN","428060928","13.25","United States"
"7917","Sohu.com","SOHU","427830624","14.23","China"
"7918","Murapol S.A.","MUR.WA","427798088","10.4852","Poland"
"7919","Altshuler Shaham Finance","ALTF.TA","427583971","2.15284","Israel"
"7920","Glarner Kantonalbank","GLKBN.SW","427246984","31.6479","Switzerland"
"7921","Multiconsult","MULTI.OL","426835397","15.485","Norway"
"7922","Tide Water Oil","TIDEWATER.NS","426582649","25.0972","India"
"7923","FRP Holdings","FRPH","426010272","22.19","United States"
"7924","Plumas Bancorp","PLBC","425891776","61.2","United States"
"7925","K-Bro Linen","KBL.TO","425780656","33.0943","Canada"
"7926","Stitch Fix","SFIX","425628480","3.19","United States"
"7927","KYORIN Pharmaceutical","4569.T","424884761","7.39621","Japan"
"7928","Larimar Therapeutics","LRMR","424881216","4.09","United States"
"7929","Essentra plc","ESNT.L","424618274","1.49877","United Kingdom"
"7930","Havertys","HVT","424302560","27.21","United States"
"7931","YouGov plc","YOU.L","424166826","3.62044","United Kingdom"
"7932","PureTech Health","PRTC","424034496","17.42","United States"
"7933","Sjóvá-Almennar tryggingar","SJOVA.IC","424013968","0.364994","Iceland"
"7934","Vinh Hoan Corporation","VHC.VN","422886418","2.019","Vietnam"
"7935","Turners Automotive Group","TRA.NZ","422039510","4.63651","New Zealand"
"7936","Lithium Royalty Corp.","LIRC.TO","421987321","7.68248","Canada"
"7937","Boston Omaha","BOC","421802048","14.001","United States"
"7938","EyePoint Pharmaceuticals","EYPT","421721728","5.03","United States"
"7939","Kalyani Steels","KSL.NS","421668261","9.63607","India"
"7940","Plaza Retail REIT","PLZ-UN.TO","421636307","3.77726","Canada"
"7941","Central Asia Metals","CAML.L","421341067","2.47256","United Kingdom"
"7942","Nel ASA","NEL.OL","421221627","0.229169","Norway"
"7943","Independent Petroleum Group K.S.C.P.","IPG.KW","421093757","2330.51","Kuwait"
"7944","Talgo S.A.","TLGO.MC","421019056","3.14029","Spain"
"7945","West Coast Paper Mills","WSTCSTPAPR.NS","420793350","6.37094","India"
"7946","IPD Group Limited","IPG.AX","420724483","4.0462","Australia"
"7947","Global Indemnity","GBLI","420185632","28.7","Cayman Islands"
"7948","Kaveri Seed","KSCL.NS","420115335","8.23096","India"
"7949","LendingTree","TREE","419923264","29.91","United States"
"7950","Lumi Rental Company","4262.SR","419842874","7.63351","Saudi Arabia"
"7951","General Oceans ASA","GENO.OL","419390661","2.20602","Norway"
"7952","Ascencio","ASCE.BR","419324720","60.7085","Belgium"
"7953","Serve Robotics","SERV","419230784","4.835","United States"
"7954","Bumble","BMBL","419047840","2.735","United States"
"7955","ECARX Holdings","ECX","418535296","1.065","China"
"7956","Pioneer Bancorp","PBFS","418309664","17.3","United States"
"7957","Sandhar","SANDHAR.NS","418069524","6.9291","India"
"7958","Frontera Energy","FEC.TO","417802765","5.90377","Canada"
"7959","Medicare Group","MCGS.QA","417522344","1.48352","Qatar"
"7960","SFC Energy AG","F3C.DE","416602631","23.9455","Germany"
"7961","Mirrabooka Investments Limited","MIR.AX","416432410","1.85092","Australia"
"7962","SRA Holdings","3817.T","416142495","30.7705","Japan"
"7963","Investar Holding","ISTR","415997280","30.195","United States"
"7964","Community Health Systems","CYH","415977632","2.95","United States"
"7965","Orient Electric","ORIENTELEC.NS","415855970","1.94881","India"
"7966","Foster Electric Company","6794.T","415793834","18.5062","Japan"
"7967","Shenzhen Zqgame","300052.SZ","415685847","1.58744","China"
"7968","Enanta Pharmaceuticals","ENTA","415619488","14.27","United States"
"7969","Topy Industries","7231.T","415606026","19.2276","Japan"
"7970","Galectin Therapeutics","GALT","415500544","4.12","United States"
"7971","Borussia Dortmund","BVB.F","415426178","3.76369","Germany"
"7972","Mahindra Logistics","MAHLOG.NS","415394429","4.1865","India"
"7973","Maruzen","5982.T","415000309","26.0969","Japan"
"7974","Gaotu Techedu","GOTU","414909536","1.74","China"
"7975","Fonciere Inea","INEA.PA","414767796","38.3361","France"
"7976","Selectirente","SELER.PA","414588220","99.6271","France"
"7977","Bed Bath &amp; Beyond","BBBY","414399584","4.35","United States"
"7978","TFF Group","TFF.PA","414299690","19.1098","France"
"7979","Richtech Robotics","RR","414187584","1.84","United States"
"7980","Lexeo Therapeutics","LXEO","413923360","5.045","United States"
"7981","Shui On Land","0272.HK","413806928","0.0516642","China"
"7982","Eik fasteignafélag","EIK.IC","413794932","0.121941","Iceland"
"7983","iHeartMedia","IHRT","413287104","2.67","United States"
"7984","Heisco (Heavy Engineering Industries and Shipbuilding Company)","SHIP.KW","412939442","2082.79","Kuwait"
"7985","Pro Real Estate Investment Trust","PRV-UN.TO","412704587","4.9162","Canada"
"7986","Aeroporto G. Marconi Bologna","ADB.MI","412527982","11.4192","Italy"
"7987","Star Group","SGU","412436960","12.57","United States"
"7988","Bajaj Electricals","BAJAJELEC.NS","411970176","3.57016","India"
"7989","Group Five Pipe Saudi Company","9523.SR","411666010","14.7024","Saudi Arabia"
"7990","Emeco Holdings","EHL.AX","410936280","0.79274","Australia"
"7991","Nichireki Group","5011.T","410570911","14.4286","Japan"
"7992","X4 Pharmaceuticals","XFOR","410467520","4.14","United States"
"7993","Austriacard Holdings","ACAG.VI","410008924","11.4192","Austria"
"7994","Deep Fission, Inc.","FISN","409961760","6.9596","United States"
"7995","Hamborner REIT","HABA.DE","409939346","5.03962","Germany"
"7996","Esprinet","PRT.MI","409908397","8.29061","Italy"
"7997","Prenetics","PRE","409668000","24.415","Hong Kong"
"7998","JCR Pharmaceuticals","4552.T","409514085","3.35621","Japan"
"7999","MCI Capital Alternatywna Spólka Inwestycyjna","MCI.WA","409352098","7.80297","Poland"
"8000","EQT Holdings Limited","EQT.AX","409229736","15.2737","Australia"
"8001","Hydratec Industries","HYDRA.AS","408947763","314.612","Netherlands"
"8002","Kuwait National Cinema Company","KCIN.KW","408681033","4413.3","Kuwait"
"8003","Bijou Brigitte","BIJ.DE","408626160","54.5327","Germany"
"8004","Gorilla Technology","GRRR","407971808","14.8302","Taiwan"
"8005","Kuwait Reinsurance Company","KUWAITRE.KW","407954044","1202.74","Kuwait"
"8006","Semperit","SEM.VI","407537146","19.8089","Austria"
"8007","Harbour Centre Development","0051.HK","406855264","0.574046","Hong Kong"
"8008","Vista Group International","VGL.NZ","406803607","1.70005","New Zealand"
"8009","Fujiya Co., Ltd.","2211.T","406184964","15.7585","Japan"
"8010","Tanzanian Gold Corporation","TRX","406067776","1.24","Canada"
"8011","LNA Santé","LNA.PA","405507745","39.3848","France"
"8012","Energy Recovery","ERII","404785856","7.93","United States"
"8013","Viking Line Abp","VIK1V.HE","404716843","23.4211","Finland"
"8014","Mortgage Advice Bureau (Holdings)","MAB1.L","404324407","7.01783","United Kingdom"
"8015","Australian Ethical Investment Limited","AEF.AX","403415282","3.54401","Australia"
"8016","FRP Advisory Group","FRP.L","403265879","1.63205","United Kingdom"
"8017","Chalice Mining","CHN.AX","403066241","1.03307","Australia"
"8018","Invalda INVL, AB","IVL1L.VS","403048868","32.3934","Lithuania"
"8019","Gevo","GEVO","402996480","1.63","United States"
"8020","Melcor Developments","MRD.TO","402463756","13.4294","Canada"
"8021","F-Secure","FSECURE.HE","402276162","2.30249","Finland"
"8022","PowerFleet","AIOT","402006624","2.995","United States"
"8023","M1 Kliniken AG","M12.DE","401734564","21.3936","Germany"
"8024","Polyplex","POLYPLEX.NS","401502324","12.3205","India"
"8025","Clearfield","CLFD","401473792","29.555","United States"
"8026","Nathan's Famous","NATH","401467936","97.9749","United States"
"8027","Atrium Mortgage Investment","AI.TO","401128625","8.29699","Canada"
"8028","The Property Franchise Group","TPFG.L","401013253","6.29021","United Kingdom"
"8029","ElringKlinger","ZIL2.DE","400891087","6.3272","Germany"
"8030","Monro","MNRO","400805248","12.82","United States"
"8031","Vst Tillers Tractors","VSTTILLERS.NS","400748359","46.3145","India"
"8032","FW Thorpe Plc","TFW.L","400074104","3.57012","United Kingdom"
"8033","Panoro Energy ASA","PEN.OL","400073073","3.00918","United Kingdom"
"8034","Aarti Drugs","AARTIDRUGS.NS","399895816","4.38146","India"
"8035","Unimot","UNT.WA","399796055","48.7686","Poland"
"8036","Light S.A.","LIGT3.SA","399559151","0.653912","Brazil"
"8037","Radiant Logistics","RLGT","399474080","8.53","United States"
"8038","The Okinawa Electric Power Company","9511.T","399340380","7.35229","Japan"
"8039","IVF Hartmann","VBSN.SW","398992906","167.548","Switzerland"
"8040","en Japan","4849.T","398657936","10.5517","Japan"
"8041","doValue S.p.A.","DOV.MI","398603545","2.10091","Italy"
"8042","Primis Financial","FRST","398521088","16.07","United States"
"8043","Parke Bancorp","PKBK","397890560","33.83","United States"
"8044","Orascom Development","ODHN.SW","397040564","6.66163","Switzerland"
"8045","Vox Royalty","VOXR","396818048","5.71","Canada"
"8046","Doha Insurance Group","DOHI.QA","396565931","0.793132","Qatar"
"8047","NexPoint Real Estate Finance","NREF","396417504","17.21","United States"
"8048","Lifezone Metals","LZM","396370336","4.4083","United Kingdom"
"8049","Norcros","NXR.L","395992186","4.43375","United Kingdom"
"8050","Forterra plc","FORT.L","395881207","1.95846","United Kingdom"
"8051","trivago","TRVG","395832960","5.61","Germany"
"8052","Rocket Pharmaceuticals","RCKT","395737440","3.605","United States"
"8053","BOE Varitronix","0710.HK","395727702","0.513452","Hong Kong"
"8054","Genie Energy","GNE","395715552","15.035","United States"
"8055","Genki Global Dining Concepts","9828.T","394942536","22.3643","Japan"
"8056","Pasona Group","2168.T","394833562","10.5705","Japan"
"8057","Optimum Communications","OPTU","394781632","1.035","United States"
"8058","Franchise Brands plc","FRAN.L","394747604","2.06047","United Kingdom"
"8059","L.B. Foster","FSTR","394701504","37.52","United States"
"8060","KG Mobility (SsangYong Motor)","003620.KS","394384815","1.94878","South Korea"
"8061","Kits Eyecare","KITS.TO","394175796","11.5913","Canada"
"8062","Vasta Platform","VSTA","393989824","4.9","Brazil"
"8063","Duni AB","DUNI.ST","393885131","8.38071","Sweden"
"8064","Yü Group","YU.L","393679284","22.7127","United Kingdom"
"8065","TruBridge","TBRG","393577312","26.24","United States"
"8066","Bafang Yunji","2753.TW","393402241","5.62186","Taiwan"
"8067","Vitru","VTRU3.SA","393148273","2.63311","Brazil"
"8068","NIOX Group","NIOX.L","392664277","0.932991","United Kingdom"
"8069","Phnom Penh Autonomous Port","PPAP.KH","392654703","3.43","Cambodia"
"8070","Aimco","AIV","392627328","2.545","United States"
"8071","Magnetic Resources NL","MAU.AX","392598464","1.30668","Australia"
"8072","First Carolina Financial Services","FCBM","392554944","12.635","United States"
"8073","Auna SA","AUNA","392498496","5.3","Luxembourg"
"8074","Lesaka Technologies","LSAK","392091360","4.57","South Africa"
"8075","Vaibhav Global","VAIBHAVGBL.NS","392077171","2.34377","India"
"8076","Xerox","XRX","391973792","2.985","United States"
"8077","Foghorn Therapeutics","FHTX","391943072","6.6","United States"
"8078","CompX International","CIX","391812224","31.76","United States"
"8079","Lifeway Foods","LWAY","391642400","25.925","United States"
"8080","Toscana Aeroporti","TYA.MI","391454182","21.0324","Italy"
"8081","Tullow Oil","TLW.L","391082708","0.258136","United Kingdom"
"8082","Egetis Therapeutics AB","EGTX.ST","390635242","0.840171","Sweden"
"8083","Upstream Bio","UPB","390517536","7.13","United States"
"8084","loanDepot","LDI","390505920","0.8788","United States"
"8085","The Metals Royalty Company","TMCR","390272960","6.19","Canada"
"8086","Orthofix Medical","OFIX","390068928","9.65","United States"
"8087","Perion Network","PERI","389899232","9.44","Israel"
"8088","MVB Financial","MVBF","389704704","30.1","United States"
"8089","Globe Trade Centre","GTC.WA","388966844","0.677342","Poland"
"8090","Ashiana Housing","ASHIANA.NS","388498312","3.8647","India"
"8091","McBride","MCB.L","388375806","2.28759","United Kingdom"
"8092","First Bancorp","FNLC","388112512","34.4","United States"
"8093","Nissha Co., Ltd.","7915.T","387859524","8.18037","Japan"
"8094","Daikokutenbussan","2791.T","387858547","28.9199","Japan"
"8095","PCB Bancorp","PCB","387771456","27.61","United States"
"8096","PharmaSGP","PSG.DE","387716280","33.6779","Germany"
"8097","SHL Finance Company","1183.SR","387534984","3.87535","Saudi Arabia"
"8098","Marie Brizard Wine &amp; Spirits","MBWS.PA","387134219","3.46073","France"
"8099","Genesco","GCO","386411616","34.79","United States"
"8100","Deceuninck","DECB.BR","386301332","2.77325","Belgium"
"8101","Habib Metropolitan Bank","HMB.PK","385472285","0.367876","Pakistan"
"8102","Arbonia","ARBN.SW","384548664","5.53528","Switzerland"
"8103","Heidelbergcement India","HEIDELBERG.NS","384504968","1.69661","India"
"8104","ShaMaran Petroleum","SNM.OL","384172303","0.133046","Bermuda"
"8105","Akastor ASA","AKAST.OL","384111223","1.40928","Norway"
"8106","Perma-Fix Environmental Services","PESI","384052192","18.1","United States"
"8107","Al Soor Fuel Marketing Company K.S.C.P.","SOOR.KW","384019364","912.647","Kuwait"
"8108","Eimskipafélag Íslands","EIM.IC","383685986","2.37246","Iceland"
"8109","Instone Real Estate Group","INS.DE","383653669","8.85574","Germany"
"8110","OPAL Fuels","OPAL","383590688","2.195","United States"
"8111","Acco Brands","ACCO","383537952","4.155","United States"
"8112","Sanford Limited","SAN.NZ","383456103","4.09558","New Zealand"
"8113","Mirbud S.A.","MRB.WA","383292695","3.48154","Poland"
"8114","Stride Property Group","SPG.NZ","383096482","0.683588","New Zealand"
"8115","Mitsuba Corporation","7280.T","383086193","8.33093","Japan"
"8116","TWFG, Inc.","TWFG","383061088","29.74","United States"
"8117","Australian Clinical Labs","ACL.AX","382699099","2.0518","Australia"
"8118","Greenply","GREENPLY.NS","382422663","3.06178","India"
"8119","Schweizerische Nationalbank","SNBN.SW","382257304","3822.57","Switzerland"
"8120","SAPTCO (Saudi Public Transport Company)","4040.SR","382208009","3.05766","Saudi Arabia"
"8121","Eagle Football Group","EFG.PA","381650332","2.33046","France"
"8122","Secure Trust Bank PLC","STB.L","381552038","20.5911","United Kingdom"
"8123","Walaa Cooperative Insurance Company","8060.SR","381536831","2.99108","Saudi Arabia"
"8124","Gladstone Land","LAND","381111616","8.835","United States"
"8125","Wheels India","WHEELS.NS","380855010","15.5877","India"
"8126","Clinuvel Pharmaceuticals","CUV.AX","380587935","7.54717","Australia"
"8127","Lux Industries","LUXIND.NS","380490199","12.6528","India"
"8128","Formycon AG","FYB.DE","380488954","21.5295","Germany"
"8129","Newegg","NEGG","380353056","18.135","United States"
"8130","City Cement Company","3003.SR","379970694","2.71408","Saudi Arabia"
"8131","Waterstone Financial","WSBF","379854592","21.13","United States"
"8132","Orion Group Holdings","ORN","379845792","9.38","United States"
"8133","Baader Bank","BWB.DE","379825265","7.78373","Germany"
"8134","Uzin Utz","UZU.DE","379705200","75.2738","Germany"
"8135","Ice Fish Farm","IFISH.OL","379688892","3.10556","Iceland"
"8136","Palram Industries","PLRM.TA","378338894","14.7068","Israel"
"8137","Unipres Corporation","5949.T","378273292","8.44385","Japan"
"8138","MS INTERNATIONAL plc","MSI.L","377906988","22.9848","United Kingdom"
"8139","Café de Coral","0341.HK","377855750","0.666531","Hong Kong"
"8140","Gogo Inflight Internet","GOGO","377389376","2.785","United States"
"8141","Allot","ALLT","376952480","7.705","Israel"
"8142","Ölgerðin Egill Skallagrímsson","OLGERD.IC","376879239","0.131611","Iceland"
"8143","LPKF Laser &amp; Electronics","LPK.DE","376782096","15.381","Germany"
"8144","Materialise NV","MTLS","376731744","6.511","Belgium"
"8145","Fenix Outdoor","FOI-B.ST","376697945","34.0794","Switzerland"
"8146","I'LL inc.","3854.T","376551007","15.0622","Japan"
"8147","MGP Ingredients","MGPI","376459456","17.58","United States"
"8148","Presidio Production Company","FTW","376230144","11.4","United States"
"8149","Ashtead Technology","AT.L","376156861","4.67855","United Kingdom"
"8150","Daiichi Kensetsu","1799.T","376012354","21.2351","Japan"
"8151","On the Beach Group","OTB.L","375844334","2.63033","United Kingdom"
"8152","Lands' End","LE","375653408","12.22","United States"
"8153","AS Tallinna Sadam","TSM1T.TL","375101369","1.42624","Estonia"
"8154","Anup Engineering","ANUP.NS","375046669","18.7229","India"
"8155","Alandalus Property Company","4320.SR","374874626","4.01651","Saudi Arabia"
"8156","KNOT Offshore Partners","KNOP","374036480","10.825","United Kingdom"
"8157","Theeb Rent A Car Company","4261.SR","373917618","5.66787","Saudi Arabia"
"8158","Capital A (Air Asia)","5099.KL","373057288","0.0832919","Malaysia"
"8159","Lucky Core Industries (LCI)","LCI.PK","372897512","0.807495","Pakistan"
"8160","Thob Al Aseel Company","4012.SR","372885879","0.932215","Saudi Arabia"
"8161","BrasilAgro","LND","372561792","3.74","Brazil"
"8162","Ercros","ECR.MC","372371823","4.07248","Spain"
"8163","GWA Group Limited","GWA.AX","372295277","1.46352","Australia"
"8164","BVZ Holding","BVZN.SW","372157967","1886.46","Switzerland"
"8165","Simulations Plus","SLP","372035904","18.395","United States"
"8166","Ranger Energy Services","RNGR","371624128","15.88","United States"
"8167","Seanergy Maritime","SHIP","371609600","17.15","Greece"
"8168","Open Lending","LPRO","371532640","3.14","United States"
"8169","Digital Arts Inc.","2326.T","371392348","27.6652","Japan"
"8170","Ring Energy","REI","371268928","1.425","United States"
"8171","Hypothekarbank Lenzburg","HBLN.SW","370937722","5162.96","Switzerland"
"8172","Al Taiseer Group TALCO Industrial Company","4143.SR","370542025","9.26355","Saudi Arabia"
"8173","Nice One Beauty Digital Marketing Company","4193.SR","370387552","3.20682","Saudi Arabia"
"8174","Alpine Income Property Trust","PINE","370295712","19.65","United States"
"8175","Gaumont SA","GAM.PA","370237160","118.853","France"
"8176","Future plc","FUTR.L","369698499","4.17806","United Kingdom"
"8177","Zentalis Pharmaceuticals","ZNTL","369693824","3.905","United States"
"8178","Wemade","112040.KQ","369642169","10.9348","South Korea"
"8179","National Fertilizers","NFL.NS","369211666","0.752605","India"
"8180","gremz, Inc.","3150.T","369193131","15.9655","Japan"
"8181","D2L Inc.","DTOL.TO","368948285","7.02829","Canada"
"8182","All for One Group","A1OS.DE","368928747","79.4687","Germany"
"8183","Artesian Resources","ARTNA","368161888","35.65","United States"
"8184","JTEKT India","JTEKTINDIA.NS","367906641","1.32628","India"
"8185","Datalogic S.p.A.","DAL.MI","367887647","6.5952","Italy"
"8186","Bakkt Holdings","BKKT","367541408","8.155","United States"
"8187","Grieg Seafood","GSF.OL","367326607","3.27262","Norway"
"8188","Aramis Group","ARAMI.PA","367191828","4.49779","France"
"8189","EHang Holdings","EH","367091552","4.84","China"
"8190","AutoCanada Inc.","ACQ.TO","366708642","15.9524","Canada"
"8191","Jupiter Mines Limited","JMS.AX","366684200","0.186527","Australia"
"8192","Jindal Worldwide","JINDWORLD.NS","366141748","0.365191","India"
"8193","BHG Group AB","BHG.ST","365367760","2.03636","Sweden"
"8194","Agenus","AGEN","365028416","8.11","United States"
"8195","COLTENE Holding AG","CLTN.SW","364868628","61.0619","Switzerland"
"8196","Funko","FNKO","364812416","6.515","United States"
"8197","Gulf Warehousing Company","GWCS.QA","364498697","0.621978","Qatar"
"8198","CION Investment Corporation","CION","364346048","7.405","United States"
"8199","Pico Far East Holdings","0752.HK","364159956","0.28511","Hong Kong"
"8200","Cigniti Technologies","CIGNITITEC.NS","363849024","13.2083","India"
"8201","Knr Constructions","KNRCON.NS","363828544","1.29368","India"
"8202","Orbit Communication Systems","ORBI.TA","363764075","14.3123","Israel"
"8203","Perspective Therapeutics","CATX","363573056","3.185","United States"
"8204","Envela Corporation","ELA","363488672","14","United States"
"8205","PCC Rokita","PCR.WA","363355956","17.936","Poland"
"8206","Ribbon Communications","RBBN","363011424","2.03","United States"
"8207","Kendrion","KENDR.AS","362813138","22.955","Netherlands"
"8208","Mobia Medical, Inc.","MOBI","362746656","10.91","United States"
"8209","Judges Scientific plc","JDG.L","362353693","54.4018","United Kingdom"
"8210","Liva Group","LIVA.OM","362158502","0.909091","Oman"
"8211","Canada Packers","CPKR.TO","361791933","12.1535","Canada"
"8212","Avingtrans","AVG.L","361640899","9.79232","United Kingdom"
"8213","NewtekOne","NEWT","361636864","12.52","United States"
"8214","Gérard Perrier Industrie S.A.","PERR.PA","361630570","95.7819","France"
"8215","Arkan Al-Kuwait Real Estate Company","ARKAN.KW","361338661","1160.36","Kuwait"
"8216","Southern States Bancshares","SSBK","361068608","36.37","United States"
"8217","InflaRx","IFRX","361052160","2.45","Germany"
"8218","The Cross-Harbour Holdings","0032.HK","360845710","0.968225","Hong Kong"
"8219","Shinpoong Pharm","019170.KS","360457016","6.71247","South Korea"
"8220","Lyell Immunopharma","LYEL","360348096","14.705","United States"
"8221","Gran Tierra Energy","GTE","360345312","10.185","Canada"
"8222","LSL Property Services plc","LSL.L","360309056","3.68572","United Kingdom"
"8223","Kuwait Insurance Company","KINS.KW","360090890","1512.39","Kuwait"
"8224","Timberland Bancorp","TSBK","359935680","46.29","United States"
"8225","Bystronic AG","BYS.SW","359713337","174.25","Switzerland"
"8226","Amplitude Energy","AEL.AX","359280421","1.19808","Australia"
"8227","ThredUp","TDUP","359197504","2.735","United States"
"8228","Timbercreek Financial","TF.TO","359109308","4.33952","Canada"
"8229","Rotshtein Realestate","ROTS.TA","358864192","20.5188","Israel"
"8230","National Finance","NFCI.OM","358305006","0.550649","Oman"
"8231","North American Construction Group","NOA","357820224","13.295","Canada"
"8232","Arqit Quantum","ARQQ","357619552","20.55","United Kingdom"
"8233","Waterdrop Inc.","WDH","357469504","0.9949","China"
"8234","IDP Education","IEL.AX","357430096","1.28417","Australia"
"8235","Vertu Motors","VTU.L","356153521","1.16964","United Kingdom"
"8236","Dhofar International Development &amp; Investment Holding","DIDI.OM","355614281","0.716883","Oman"
"8237","Cerence","CRNC","355509824","7.86","United States"
"8238","Vitruvio Real Estate","YVIT.MC","355185751","20.9741","Spain"
"8239","Inmobiliaria del Sur","ISUR.MC","355123928","19.4593","Spain"
"8240","Kyokuyo","1301.T","355115936","29.8922","Japan"
"8241","Clean Energy Fuels","CLNE","354916480","1.61","United States"
"8242","Sumou Real Estate Company","4323.SR","354241585","7.08483","Saudi Arabia"
"8243","American Battery Technology Company","ABAT","353995424","2.595","United States"
"8244","COLOPL","3668.T","353265456","2.7477","Japan"
"8245","Chubu Steel Plate","5461.T","352844797","13.2429","Japan"
"8246","Coelacanth Energy","CEI.V","352733476","0.556656","Canada"
"8247","Mo-BRUK S.A.","MBR.WA","352630472","100.382","Poland"
"8248","Chaince Digital Holdings","CD","352562176","3.205","United States"
"8249","Stillfront Group","SF.ST","352091175","0.683689","Sweden"
"8250","GuangZhou Wahlap Technology","301011.SZ","352046870","2.27925","China"
"8251","Viemed Healthcare","VMD","351935232","9.24","United States"
"8252","Equita Group","EQUI.MI","351739617","6.82825","Italy"
"8253","WithSecure Oyj","WITH.HE","351735546","2.00023","Finland"
"8254","Holley","HLLY","351554784","2.8998","United States"
"8255","Campine","CAMB.BR","351316704","234.211","Belgium"
"8256","Universal Entertainment Corporation","6425.T","350980519","4.52931","Japan"
"8257","Jumbo Interactive Limited","JIN.AX","350867238","5.53842","Australia"
"8258","Wing Tai Properties","0369.HK","350691878","0.255132","Hong Kong"
"8259","Arabian Pipes Company","2200.SR","350246396","1.40099","Saudi Arabia"
"8260","Kuwait Investment Company","KINV.KW","350052951","635.593","Kuwait"
"8261","Filatex India","FILATEX.NS","349979546","0.788139","India"
"8262","Value Line","VALU","349677312","37.27","United States"
"8263","Fastighets AB Trianon","TRIAN-B.ST","349507238","1.89564","Sweden"
"8264","Sutro Biopharma","STRO","349365280","21.07","United States"
"8265","Paysafe","PSFE","349321504","6.69","United States"
"8266","Argo Global Listed Infrastructure","ALI.AX","348698474","1.85092","Australia"
"8267","Card Factory plc","CARD.L","348664441","1.04043","United Kingdom"
"8268","ON24","ONTF","348249024","8.1","United States"
"8269","Avex Inc.","7860.T","347805725","8.149","Japan"
"8270","ZipRecruiter","ZIP","347405504","4.225","United States"
"8271","Clearwater Paper","CLW","347392064","21.54","United States"
"8272","Village Farms International","VFF","347293056","2.84","Canada"
"8273","Orion S.A.","OEC","346790176","6.15","United States"
"8274","Abdulmohsen Al-Hokair Group for Tourism and Development Company","1820.SR","346765355","0.559329","Saudi Arabia"
"8275","Hargreaves Services","HSP.L","346603876","11.2884","United Kingdom"
"8276","The National Company for Glass Industries","2150.SR","346481843","10.5314","Saudi Arabia"
"8277","Prince Pipes And Fittings","PRINCEPIPE.NS","345881034","3.12782","India"
"8278","Abeona Therapeutics","ABEO","345391456","6.04","United States"
"8279","Agora, Inc.","API","345385856","4.085","China"
"8280","Text (LiveChat)","TXT.WA","345342598","13.4114","Poland"
"8281","Blend Labs","BLND","345309440","1.46","United States"
"8282","Vista Gold","VGZ","345222240","2.365","United States"
"8283","Irani Papel e Embalagem S.A.","RANI3.SA","345064375","1.50186","Brazil"
"8284","Civeo","CVEO","344527520","33.33","United States"
"8285","Oceania Healthcare","OCA.NZ","344400429","0.475539","New Zealand"
"8286","Younited Financial","YOUNI.PA","344100372","7.57399","Luxembourg"
"8287","Hokkaido Coca-Cola Bottling","2573.T","344004168","25.2814","Japan"
"8288","Portillo's","PTLO","343375968","4.735","United States"
"8289","Dave & Buster's","PLAY","343190464","9.865","United States"
"8290","Wonderla Holidays","WONDERLA.NS","343067433","5.40922","India"
"8291","Advanced Technology Company K.S.C.P.","ATC.KW","342885050","1760.1","Kuwait"
"8292","StealthGas","GASS","342852064","9.22","Greece"
"8293","PT Aspirasi Hidup Indonesia Tbk","ACES.JK","342175829","0.0199864","Indonesia"
"8294","Brødrene A &amp; O Johansen","AOJ-B.CO","341908526","15.8346","Denmark"
"8295","Northern Region Cement Company","3004.SR","341829829","1.89905","Saudi Arabia"
"8296","M-tron Industries","MPTI","341763392","78.63","United States"
"8297","Mikron Holding","MIKN.SW","341730723","20.4781","Switzerland"
"8298","Oportun Financial","OPRT","341685280","7.43","United States"
"8299","Cadiz Inc.","CDZI","341671968","4.035","United States"
"8300","Bourse Direct","BSD.PA","341574117","6.6185","France"
"8301","Al Suwadi Power","SUWP.OM","341430571","0.477922","Oman"
"8302","Fiera Capital","FSZ.TO","341331839","3.2222","Canada"
"8303","AB Akola Group","AKO1L.VS","340735264","2.06246","Lithuania"
"8304","Capital Limited","CAPD.L","340730290","1.50965","United Kingdom"
"8305","Bushiroad","7803.T","340518306","2.52186","Japan"
"8306","Cellectis","CLLS","340370080","3.38","France"
"8307","Syntec Optics","OPTX","340364992","8.45","United States"
"8308","China Motor Bus Company","0026.HK","340334464","7.52638","Hong Kong"
"8309","Andrews Sykes Group","ASY.L","340155306","8.12627","United Kingdom"
"8310","Tanmiah Food Company","2281.SR","340125174","17.0063","Saudi Arabia"
"8311","Verano Holdings","VRNOF","340106912","0.94","United States"
"8312","izertis","IZER.MC","340064390","9.57819","Spain"
"8313","Repay Holdings","RPAY","339950848","3.855","United States"
"8314","Ladun Investment Company","9535.SR","339592480","0.679185","Saudi Arabia"
"8315","SNDL Inc.","SNDL","339423840","1.365","Canada"
"8316","Lime Technologies AB","LIME.ST","339350819","25.4677","Sweden"
"8317","MT Højgaard Holding","MTHH.CO","338747432","43.9504","Denmark"
"8318","Compagnie d'Entreprises CFE","CFEB.BR","338606939","13.7497","Belgium"
"8319","Rocky Brands","RCKY","338559456","45.19","United States"
"8320","Caltagirone Editore","CED.MI","338463681","3.16942","Italy"
"8321","Transcontinental Realty Investors","TCI","338148608","38.54","United States"
"8322","Victorian Plumbing Group","VIC.L","338124379","1.02955","United Kingdom"
"8323","Air Asia Company Limited (AACL)","2630.TW","338100292","1.61432","Taiwan"
"8324","Fiverr","FVRR","337936832","9.4","Israel"
"8325","Twin Disc","TWIN","337926848","23.43","United States"
"8326","Bredband2 i Skandinavien AB","BRE2.ST","337924291","0.353073","Sweden"
"8327","PrimeEnergy Resources","PNRG","337252064","213.1","United States"
"8328","Bell Financial Group","BFG.AX","337104438","1.05101","Australia"
"8329","Nippon Air conditioning Services","4658.T","337022370","9.7236","Japan"
"8330","Orell Füssli AG","OFN.SW","336907688","171.892","Switzerland"
"8331","Tamkeen Human Resources Company","1835.SR","336676009","12.7048","Saudi Arabia"
"8332","Fope S.p.A.","FPE.MI","336447368","61.7572","Italy"
"8333","Ashoka Buildcon","ASHOKA.NS","335654387","1.19568","India"
"8334","Integrated Holding Company K.S.C.P.","INTEGRATED.KW","335092847","1261.41","Kuwait"
"8335","Nordic Paper","NPAPER.ST","334821133","5.00414","Sweden"
"8336","Kitwave Group","KITW.L","334463767","3.99424","United Kingdom"
"8337","V-ZUG Holding","VZUG.SW","334209527","52.126","Switzerland"
"8338","JDC Group AG","JDC.DE","334016047","24.7029","Germany"
"8339","Beyout Investment Group","BEYOUT.KW","333441973","1111.47","Kuwait"
"8340","Diana Shipping","DSX","333428768","2.68","Greece"
"8341","The RMR Group","RMR","333235200","19.51","United States"
"8342","Immuneering","IMRX","332602880","5.1409","United States"
"8343","Kewal Kiran Clothing","KKCL.NS","332536469","5.39611","India"
"8344","Tsubakimoto Kogyo","8052.T","332244466","18.0796","Japan"
"8345","Transcontinental","TCL-A.TO","331848167","3.96468","Canada"
"8346","City of London Investment Group Plc","CLIG.L","331716611","6.71862","United Kingdom"
"8347","Parrot S.A.","PARRO.PA","331683947","10.7201","France"
"8348","Rane (Madras) Limited","RML.NS","331435896","11.9924","India"
"8349","Flexsteel Industries","FLXS","331392000","81.31","United States"
"8350","Selvaag Bolig","SBO.OL","330605463","3.52856","Norway"
"8351","Merlin, Inc.","MRLN","330491648","3.27","United States"
"8352","Emirates Insurance Company","EIC.AE","330392881","2.2","United Arab Emirates"
"8353","Abbott Laboratories (Pakistan)","ABOT.PK","330387047","3.37473","Pakistan"
"8354","Telos","TLS","330336640","4.42","United States"
"8355","BayCom (United Business Bank)","BCML","330333536","30.25","United States"
"8356","Gulf Pharmaceutical Industries","JULPHAR.AE","330298770","0.29","United Arab Emirates"
"8357","CoastalSouth Bancshares","COSO","330062272","27.61","United States"
"8358","Bonduelle","BON.PA","329534854","10.3239","France"
"8359","Wilmington plc","WIL.L","329241460","3.67212","United Kingdom"
"8360","Middle East Specialized Cables Company","2370.SR","329204962","8.23012","Saudi Arabia"
"8361","Nilkamal","NILKAMAL.NS","329069733","21.9786","India"
"8362","Nano Dimension","NNDM","328908832","1.56","United States"
"8363","Mitsubishi Paper Mills","3864.T","328411561","7.49658","Japan"
"8364","SmartCraft ASA","SMCRT.OL","328123531","1.99594","Norway"
"8365","ProQR Therapeutics","PRQR","328101760","2.325","Netherlands"
"8366","TT Electronics","TTG.L","327597525","1.83606","United Kingdom"
"8367","Oman Education and Training Investments (OETI)","OETI.OM","327272735","4.67532","Oman"
"8368","ADF Group","DRX.TO","327174585","11.4584","Canada"
"8369","Parken Sport (F.C. Copenhagen)","PARKEN.CO","327091712","33.5083","Denmark"
"8370","SuRo Capital","SSSS","326920416","12.54","United States"
"8371","Ernst Russ","ERAG.DE","326608095","9.69471","Germany"
"8372","Batic Investments and Logistics Company","4110.SR","326008797","0.543348","Saudi Arabia"
"8373","Parag Milk Foods","PARAGMILK.NS","324579104","2.56567","India"
"8374","B.P. Marsh &amp; Partners","BPM.L","324236387","9.2483","United Kingdom"
"8375","Medios AG","ILM1.DE","323948240","12.701","Germany"
"8376","Metro Mining","MMI.AX","323887490","1.05101","Australia"
"8377","Propel Funeral Partners","PFP.AX","323677202","2.34594","Australia"
"8378","Cairo Communication","CAI.MI","322725327","2.68585","Italy"
"8379","Byggmax Group","BMAX.ST","322620714","5.50312","Sweden"
"8380","Al Batinah Power","BATP.OM","322543611","0.477922","Oman"
"8381","CPI Card Group","PMTS","322224544","27.945","United States"
"8382","Infotel SA","INF.PA","321857949","46.9005","France"
"8383","Fossil Group","FOSL","321711008","5.44","United States"
"8384","Public Policy Holding Company","PPHC","321503904","10.64","United States"
"8385","John Marshall Bancorp","JMSB","321474432","22.78","United States"
"8386","Palms Sports","PALMS.AE","321451912","2.14","United Arab Emirates"
"8387","CMON","1792.HK","321019461","0.177752","Singapore"
"8388","Xunlei","XNET","320933152","5.035","China"
"8389","Shoper","SHO.WA","320914917","11.4064","Poland"
"8390","Corby Spirit and Wine","CSW-A.TO","320345190","11.2525","Canada"
"8391","Capricorn Energy","CNE.L","320322832","4.66495","United Kingdom"
"8392","STRATEC","SBS.F","320116853","26.3342","Germany"
"8393","Federal-Mogul Goetze","FMGOETZE.NS","319965512","5.75145","India"
"8394","Al-Jouf Agricultural Development","6070.SR","319936084","10.6645","Saudi Arabia"
"8395","NACCO Industries","NC","319646464","42.39","United States"
"8396","XANO Industri","XANO-B.ST","319541681","5.3876","Sweden"
"8397","Sidetrade","ALBFR.PA","319427858","223.724","France"
"8398","Horizon Technology Finance","HRZN","319416576","4.765","United States"
"8399","NL Industries","NL","319308768","6.53","United States"
"8400","Orchestra BioMed","OBIO","319157792","5.31","United States"
"8401","Electrovaya","ELVA","319075712","6.445","Canada"
"8402","Qatar Islamic Insurance Group","QISI.QA","318997266","2.12665","Qatar"
"8403","Vanda Pharmaceuticals","VNDA","318940672","5.275","United States"
"8404","OVB Holding","O4B.DE","318836220","22.3724","Germany"
"8405","Novabase","NBA.LS","318708734","8.45957","Portugal"
"8406","Science Group","SAG.L","318365717","7.86106","United Kingdom"
"8407","MM Forgings","MMFL.NS","318074951","6.58791","India"
"8408","Sanara MedTech","SMTI","317997888","34.61","United States"
"8409","Biodesix","BDSX","316639040","30.01","United States"
"8410","Mehadrin","MEDN.TA","316498520","91.9426","Israel"
"8411","Alto Ingredients","ALTO","316479328","4.08","United States"
"8412","Peach Property Group AG","PEAN.SW","316223477","5.68422","Switzerland"
"8413","Maui Land &amp; Pineapple Company","MLP","316177600","15.921","United States"
"8414","Zumiez","ZUMZ","315847872","18.72","United States"
"8415","Nayifat Finance Company","4081.SR","315840186","2.70875","Saudi Arabia"
"8416","What's Cooking Group","WHATS.BR","315779850","170.124","Belgium"
"8417","Newron Pharmaceuticals","NWRN.SW","315544509","15.1662","Italy"
"8418","AVITA Medical","RCEL","315453856","10.2","United States"
"8419","Rasiyat Holding Company","RASIYAT.KW","314863095","2099.09","Kuwait"
"8420","Relais Group Oyj","RELAIS.HE","314794682","16.8376","Finland"
"8421","TrueBlue","TBI","314642304","10.335","United States"
"8422","Animalcare Group","ANCR.L","314583618","4.55615","United Kingdom"
"8423","Helical","HLCL.L","314361593","2.76089","United Kingdom"
"8424","Kistos Holdings","KIST.L","314261494","3.78092","United Kingdom"
"8425","SMJ International","SMJF","314105440","11.3375","Singapore"
"8426","Penguin International Limited","BTM.SI","313857531","1.41575","Singapore"
"8427","World Holdings","2429.T","313689078","17.7722","Japan"
"8428","fuboTV","FUBO","313671424","10.385","United States"
"8429","Brinova Fastigheter","BRIN-B.ST","313161408","1.36003","Sweden"
"8430","Ready Capital","RC","312815776","1.89","United States"
"8431","Saudi Cable Company","2110.SR","312806370","46.8771","Saudi Arabia"
"8432","Accent Group","AX1.AX","312690727","0.520123","Australia"
"8433","Mount Gibson Iron","MGX.AX","312685145","0.264891","Australia"
"8434","Jack in the Box","JACK","312431296","16.29","United States"
"8435","Generalfinance","GF.MI","312122353","24.7029","Italy"
"8436","Concurrent Technologies","CNC.L","311961974","3.43411","United Kingdom"
"8437","National Industries Company","NICBM.KW","311521192","883.312","Kuwait"
"8438","STEICO SE","ST5.DE","311142479","22.0928","Germany"
"8439","Rafhan Maize Products Company","RMPL.PK","310460522","33.6127","Pakistan"
"8440","Firm Capital Mortgage Investment Corporation","FC.TO","310391892","8.44837","Canada"
"8441","Duos Technologies Group","DUOT","310318848","9.86","United States"
"8442","Lalique Group","LLQ.SW","310240545","40.5543","Switzerland"
"8443","Stalprodukt","STP.WA","310224946","60.9607","Poland"
"8444","United Foodbrands Limited","UFBL.NS","310105500","7.92751","India"
"8445","Alico","ALCO","309799104","41.76","United States"
"8446","Race Oncology","RAC.AX","309456682","1.57831","Australia"
"8447","NI Holdings","NODK","309233600","15.155","United States"
"8448","United Heavy Machinery","OMZZP.ME","309120666","115.73","Russia"
"8449","Fate Therapeutics","FATE","308537824","2.575","United States"
"8450","OneConnect Financial Technology","OCFT","307704928","7.89","China"
"8451","Tele Columbus","TC1.HM","307594794","0.524353","Germany"
"8452","Cartesian Therapeutics","RNAC","307551712","10.1652","United States"
"8453","Kingsway Financial Services","KFS","307154208","10.73","Canada"
"8454","High Liner Foods","HLF.TO","306847406","10.9569","Canada"
"8455","TriSalus Life Sciences","TLSI","306333632","4.975","United States"
"8456","Zengame Technology","2660.HK","306303705","0.295953","China"
"8457","Red Sea International Company","4230.SR","305841288","6.3364","Saudi Arabia"
"8458","Anora Group","ANORA.HE","305809625","4.52692","Finland"
"8459","A2Z Cust2Mate Solutions","AZ","305543680","6.94","Canada"
"8460","Xebio Holdings","8281.T","305290513","7.37739","Japan"
"8461","Friedman Industries","FRD","305281376","42.325","United States"
"8462","Mangalam Cement","MANGLMCEM.NS","304856204","11.0868","India"
"8463","Automatic Bank Services","SHVA.TA","304188802","7.57214","Israel"
"8464","Kyodo Printing","7914.T","304083009","10.9908","Japan"
"8465","Bpost","13B.F","303893297","1.51946","Belgium"
"8466","Treace Medical Concepts","TMCI","303711360","4.67","United States"
"8467","Australian Finance Group","AFG.AX","302917493","1.12275","Australia"
"8468","James Fisher and Sons","FSJ.L","302797711","5.9978","United Kingdom"
"8469","Alfen","ALFEN.AS","302759967","13.9245","Netherlands"
"8470","Regional Management Corp.","RM","302606048","32.8","United States"
"8471","Amarin Corporation","AMRN","302478976","14.32","Ireland"
"8472","Prosperity Real Estate Investment Trust","0808.HK","302466917","0.188797","Hong Kong"
"8473","Anavex Life Sciences","AVXL","302191712","3.26","United States"
"8474","Lightbridge Corporation","LTBR","301912224","8.06","United States"
"8475","Mediclin","MED.DE","301648786","6.3505","Germany"
"8476","Pizza Pizza","PZA.TO","301568802","8.92095","Canada"
"8477","Verve Group SE","VER.ST","301376859","1.50601","Sweden"
"8478","Halwani Bros","6001.SR","301352679","8.52311","Saudi Arabia"
"8479","Bicycle Therapeutics","BCYC","300969376","4.3","United Kingdom"
"8480","Turn Therapeutics","TTRX","300943936","9.91","United States"
"8481","Xperi","XPER","300922144","6.17","United States"
"8482","Apollo Pipes","APOLLOPIPE.NS","300661735","6.84577","India"
"8483","Matrix Service Company","MTRX","300469536","10.68","United States"
"8484","United Bankers Oyj","UNITED.HE","300313190","27.0333","Finland"
"8485","EnviTec Biogas","ETG.DE","300218480","20.2167","Germany"
"8486","BAUER AG","B5A0.HM","299888282","6.96807","Germany"
"8487","KinderCare Learning Companies","KLC","299848096","2.53","United States"
"8488","Intracom Holdings","INTRK.AT","299749070","3.61221","Greece"
"8489","Emergent BioSolutions","EBS","299436288","5.84","United States"
"8490","Árima Real Estate","ARM.MC","299235437","12.2349","Spain"
"8491","First Western Financial","MYFW","299203552","30.64","United States"
"8492","United Projects Company For Aviation Services","UPAC.KW","299136863","792.047","Kuwait"
"8493","ClearView Wealth Limited","CVW.AX","299009516","0.466318","Australia"
"8494","Naqi Water Company","2282.SR","298575033","14.9288","Saudi Arabia"
"8495","Millennium &amp; Copthorne Hotels New Zealand","MCK.NZ","298134702","1.88433","New Zealand"
"8496","Myriad Genetics","MYGN","297948640","3.115","United States"
"8497","Strattec Security","STRT","297864800","71.28","United States"
"8498","Imagicaaworld Entertainment","IMAGICAA.NS","297641062","0.525985","India"
"8499","IVE Group","IGL.AX","297455959","1.95136","Australia"
"8500","IFL (Ibrahim Fibres)","IBFL.PK","297033484","0.956608","Pakistan"
"8501","Chain Bridge Bancorp","CBNA","296922208","45.25","United States"
"8502","NervGen Pharma","NGEN.V","296699810","3.74562","Canada"
"8503","Sasken Technologies","SASKEN.NS","296657807","19.5279","India"
"8504","Delta Plus Group","ALDLT.PA","296556006","41.3656","France"
"8505","Santhera Pharmaceuticals","SANN.SW","296316092","19.4356","Switzerland"
"8506","Saratoga Investment","SAR","295888864","18.4","United States"
"8507","Aiphone Co.,Ltd.","6718.T","295803439","18.0733","Japan"
"8508","Palladyne AI","PDYN","295784384","5.995","United States"
"8509","Jindal Poly Films","JINDALPOLY.NS","294381719","6.72313","India"
"8510","Gentrack Group","GTK.NZ","294132752","2.61547","New Zealand"
"8511","RCM Technologies","RCMT","293958784","41.34","United States"
"8512","Zotefoams","ZTF.L","293695292","5.957","United Kingdom"
"8513","Dialight plc","DIA.L","293598457","7.34424","United Kingdom"
"8514","James Latham plc","LTHM.L","293377912","14.5525","United Kingdom"
"8515","Fulcrum Therapeutics","FULC","293362944","3.845","United States"
"8516","NN, Inc.","NNBR","293162048","3.55","United States"
"8517","Incap Oyj","ICP1V.HE","293050883","9.97436","Finland"
"8518","E. W. Scripps Company","SSP","292834016","3.16","United States"
"8519","C&amp;F Financial Corporation","CFFI","292652192","90","United States"
"8520","Funkwerk AG","FEW.F","292632373","36.3083","Germany"
"8521","NexPoint Diversified Real Estate Trust","NXDT","292614240","5.51","United States"
"8522","Neon Equity AG","D77.DE","292605598","6.64181","Germany"
"8523","J.Jill","JILL","292599200","19.57","United States"
"8524","Bank Mayapada Internasional","MAYA.JK","292526863","0.0111789","Indonesia"
"8525","Kingstone Companies","KINS","292490272","20.205","United States"
"8526","United Carton Industries Company","1323.SR","292342529","7.30856","Saudi Arabia"
"8527","Los Andes Copper","LA.V","292258105","9.61615","Canada"
"8528","Jakks Pacific","JAKK","292076704","25.52","United States"
"8529","Omni Bridgeway","OBL.AX","291948694","1.00796","Australia"
"8530","Canaan","CAN","291939520","0.3916","China"
"8531","Akatsuki Inc","3932.T","291737555","24.2463","Japan"
"8532","Al Jazeera Steel Products","ATMI.OM","291644854","2.33507","Oman"
"8533","Remedy Entertainment","REMEDY.HE","291382293","21.4402","Finland"
"8534","Gloo Holdings","GLOO","291177856","3.325","United States"
"8535","Forafric Global PLC","AFRI","291074400","10.795","Gibraltar"
"8536","Naseej International Trading Company","1213.SR","290665216","6.81848","Saudi Arabia"
"8537","Burgenland Holding","BHD.VI","290548427","96.8495","Austria"
"8538","Cresco Labs","CRLBF","290431968","0.78","United States"
"8539","Neobo Fastigheter","NEOBO.ST","290270818","2.08152","Sweden"
"8540","AC Immune","ACIU","289829504","2.915","Switzerland"
"8541","CapsoVision","CV","289771616","5.79","United States"
"8542","Orient Cement","ORIENTCEM.NS","289619103","1.40961","India"
"8543","Velan","VLN.TO","289416361","13.4078","Canada"
"8544","Neumora Therapeutics","NMRA","289359680","1.54","United States"
"8545","Toho Co., Ltd.","8142.T","289028078","9.0649","Japan"
"8546","Rare Earths Americas","REA","288732832","14.47","United States"
"8547","Sino AG","XTP.DE","288714757","123.514","Germany"
"8548","Onity Group","ONIT","288272736","34.505","United States"
"8549","Microvast","MVST","287977888","0.7489","United States"
"8550","Alamar Foods Company","6014.SR","287702763","11.2825","Saudi Arabia"
"8551","GPA","PCAR3.SA","287675964","0.584058","Brazil"
"8552","Designer Brands","DBI","287652160","5.665","United States"
"8553","Acrow Limited","ACF.AX","287622416","0.695889","Australia"
"8554","Princeton Bancorp","BPRN","287312672","42.17","United States"
"8555","Eisen- und Hüttenwerke","EIS.F","287112557","16.3132","Germany"
"8556","BRC Group Holdings","RILY","286624256","7.13","United States"
"8557","Banque Cantonale du Jura","BCJ.SW","286033391","95.5643","Switzerland"
"8558","Ajinomoto (Malaysia)","2658.KL","285399403","4.69418","Malaysia"
"8559","7Road","0797.HK","285217763","0.122463","China"
"8560","Brooge Energy","BROG","284928800","2.6","United Arab Emirates"
"8561","Beacon Lighting Group","BLX.AX","284641588","1.24112","Australia"
"8562","B&amp;G Foods","BGS","284464864","3.5","United States"
"8563","Westwing Group","WEW.DE","284259515","15.0897","Germany"
"8564","Azkoyen S.A.","AZK.MC","284184531","11.6523","Spain"
"8565","Secuoya, Grupo de Comunicación, S.A.","SEC.MC","284109713","35.423","Spain"
"8566","Sogefi S.p.A.","SGF.MI","283530697","2.37707","Italy"
"8567","Gencor Industries","GENC","283406656","19.335","United States"
"8568","Coveo Solutions","CVO.TO","283383522","3.0492","Canada"
"8569","CAB Payments","CABP.L","283117453","1.11524","United Kingdom"
"8570","Pihlajalinna Oyj","PIHLIS.HE","283014323","12.5845","Finland"
"8571","The Pearl REIF","PRFD.OM","282660750","0.477922","Oman"
"8572","Taiga Building Products","TBL.TO","282457143","2.61669","Canada"
"8573","Emperor Watch &amp; Jewellery","0887.HK","282340956","0.0389076","Hong Kong"
"8574","Anika Therapeutics","ANIK","282246752","21.09","United States"
"8575","Embecta","EMBC","282164800","4.98","United States"
"8576","Coop Pank AS","CPA1T.TL","281930044","2.72081","Estonia"
"8577","Alliance Entertainment","AENT","281794240","5.53","United States"
"8578","Giordano","0709.HK","281453963","0.174127","Hong Kong"
"8579","American Resources Corp","AREC","281334464","2.63","United States"
"8580","Com2uS","078340.KQ","280859781","24.5402","South Korea"
"8581","Pure Cycle (water)","PCYO","280734336","11.65","United States"
"8582","Groupe Pizzorno Environnement","GPE.PA","280141352","72.4773","France"
"8583","Soluna Holdings","SLNH","280056192","1.145","United States"
"8584","Marine Products Corporation","MPX","280037408","8.18","United States"
"8585","TechTarget","TTGT","279927360","3.87","United States"
"8586","Whitehawk Therapeutics","WHWK","279914208","4.91","United States"
"8587","Gateway Distriparks","GATEWAY.NS","279826112","0.560051","India"
"8588","Ellomay Capital","ELLO","279799552","20.3","Israel"
"8589","Lineage Cell Therapeutics","LCTX","279462752","1.105","United States"
"8590","Appen","APX.AX","279330860","1.04025","Australia"
"8591","Islamic Arab Insurance","SALAMA.AE","279101449","0.340377","United Arab Emirates"
"8592","Sinad Holding Company","4080.SR","278732186","2.20535","Saudi Arabia"
"8593","Aviat Networks","AVNW","278263136","21.505","United States"
"8594","Econocom Group","ECONB.BR","277841133","1.70706","Belgium"
"8595","Gabler Group AG","XK4.F","277755782","45.91","Germany"
"8596","Entrada Therapeutics","TRDA","277618432","7.13","United States"
"8597","Confidence Petroleum","CONFIPET.NS","277523426","0.835307","India"
"8598","Damaan Islamic Insurance Company (Beema)","BEMA.QA","277472537","1.38736","Qatar"
"8599","Ames National Corp.","ATLO","277408128","31.32","United States"
"8600","Afentra","AET.L","276904834","1.00643","United Kingdom"
"8601","Keiyo Gas","9539.T","276749714","8.60695","Japan"
"8602","Yatsen Holding","YSG","276726144","2.95","China"
"8603","Automotive Axles","AUTOAXLES.NS","276476822","18.2952","India"
"8604","BRT Apartments","BRT","276449088","14.71","United States"
"8605","Western New England Bancorp","WNEB","276390464","13.7879","United States"
"8606","One Stop Systems","OSS","276267968","11.075","United States"
"8607","Tristel","TSTL.L","276239326","5.74619","United Kingdom"
"8608","LCNB Corp.","LCNB","276190400","19.375","United States"
"8609","John Wood Group","WG.L","276090680","0.399424","United Kingdom"
"8610","Sionna Therapeutics","SION","275981376","6.1125","United States"
"8611","Herfy Food Services Company","6002.SR","275464973","4.25889","Saudi Arabia"
"8612","LiveWire Group","LVWR","275252704","1.34","United States"
"8613","Compugen","CGEN","275173632","2.905","Israel"
"8614","8x8","EGHT","275149632","1.905","United States"
"8615","SKY Network Television Limited","SKT.NZ","274973553","1.99727","New Zealand"
"8616","Edisun Power Europe","ESUN.SW","274866811","86.8767","Switzerland"
"8617","Chicago Atlantic Real Estate Finance","REFI","274658688","10.72","United States"
"8618","GE Power India","GEPIL.NS","274557971","4.07664","India"
"8619","Nam Tai Property","NTPIF","274533760","4.5","China"
"8620","Qatar Industrial Manufacturing Company","QIMD.QA","274153821","0.576923","Qatar"
"8621","Xponential Fitness","XPOF","273829024","5.53","United States"
"8622","Al Kout Industrial Projects Company","ALKOUT.KW","273718482","2712.75","Kuwait"
"8623","Middlefield Banc","MBCN","273627936","33.67","United States"
"8624","Eledon Pharmaceuticals","ELDN","273264992","3.3628","United States"
"8625","Escalade Sports","ESCA","273187744","19.845","United States"
"8626","AIAI Holdings Corporation","AIAI","273111584","3.865","United States"
"8627","ALX Oncology","ALXO","273097056","1.975","United States"
"8628","Omega Flex","OFLX","272849536","27.03","United States"
"8629","The Hackett Group","HCKT","272661472","10.96","United States"
"8630","Runway Growth Finance","RWAY","272414368","6.5","United States"
"8631","eVISO S.p.A.","EVISO.MI","272322531","12.2349","Italy"
"8632","Gakken Holdings","9470.T","272084510","6.53677","Japan"
"8633","Siyaram Silk Mills","SIYSIL.NS","271501488","5.98415","India"
"8634","CM.com","CMCOM.AS","271352445","8.16826","Netherlands"
"8635","AerSale","ASLE","271326656","5.685","United States"
"8636","TOP Financial Group Limited","TOP","271309856","2.06","Hong Kong"
"8637","Oryzon Genomics","ORY.MC","271217968","3.30925","Spain"
"8638","AFT Pharmaceuticals","AFT.NZ","271157463","2.58575","New Zealand"
"8639","Strike Energy","STX.AX","271136137","0.0753282","Australia"
"8640","Infinity Natural Resources","INR","270868672","14.53","United States"
"8641","Boyaa Interactive","0434.HK","270371158","0.373768","China"
"8642","Netcall","NET.L","270302068","1.58445","United Kingdom"
"8643","BEST S.A.","BST.WA","270073266","9.48278","Poland"
"8644","Hawthorn Bancshares","HWBK","269989024","39.125","United States"
"8645","U.S. Gold Corp","USAU","269954848","16.335","United States"
"8646","CAMP4 Therapeutics","CAMP","269211232","4.29","United States"
"8647","Vanquis Banking Group","VANQ.L","268965308","1.07444","United Kingdom"
"8648","Tredegar","TG","268853824","7.72","United States"
"8649","Global Water Resources","GWRS","268660640","9.33","United States"
"8650","Amtech Systems","ASYS","268400928","15.3301","United States"
"8651","Hikal","HIKAL.NS","268347999","2.17637","India"
"8652","Knowit","KNOW.ST","268318262","9.85101","Sweden"
"8653","Invivyd","IVVD","268259936","0.9101","United States"
"8654","RxSight","RXST","268068544","6.445","United States"
"8655","Aspo Oyj","ASPO.HE","266572673","8.50618","Finland"
"8656","Myer Holdings","MYR.AX","266402077","0.153923","Australia"
"8657","Arabian Shield Cooperative Insurance Company","8070.SR","266369864","3.33733","Saudi Arabia"
"8658","STINAG Stuttgart Invest","STG.F","266363856","16.9982","Germany"
"8659","SmartRent","SMRT","266340384","1.39","United States"
"8660","Liontrust Asset Management PLC","LIO.L","266327169","4.30454","United Kingdom"
"8661","Alector","ALEC","266301760","2.385","United States"
"8662","Saudi Advanced Industries Company","2120.SR","266203238","4.51192","Saudi Arabia"
"8663","Alembic Limited","ALEMBICLTD.NS","265658628","1.03457","India"
"8664","enCore Energy","EU","265193536","1.365","Canada"
"8665","Kitex Garments","KITEX.NS","265157973","1.32911","India"
"8666","Profound Medical","PROF","264861296","7.25","Canada"
"8667","Qingci Games","6633.HK","264570436","0.382697","China"
"8668","Ayyan Investment Company","2140.SR","263753237","2.62086","Saudi Arabia"
"8669","Comstock Inc.","LODE","263695872","3.47","United States"
"8670","Skel fjárfestingafélag","SKEL.IC","263593903","0.14102","Iceland"
"8671","Vp plc","VP.L","263338270","6.66422","United Kingdom"
"8672","Reliance Infrastructure","RELINFRA.NS","263044585","0.644431","India"
"8673","Transgene SA","TNG.PA","262951718","0.945001","France"
"8674","Silver Mines Limited","SVL.AX","262713772","0.118373","Australia"
"8675","Prim, S.A.","PRM.MC","262388232","15.4393","Spain"
"8676","Compagnie Du Mont-Blanc","MLCMB.PA","262330455","291.307","France"
"8677","CS Disco","LAW","262309744","4.09","United States"
"8678","Jeju Air","089590.KS","262274250","3.25519","South Korea"
"8679","Greenwich LifeSciences","GLSI","262104368","17.8567","United States"
"8680","Oman Flour Mills","OFMI.OM","261593188","1.50649","Oman"
"8681","Dadelo","DAD.WA","261562353","22.4065","Poland"
"8682","National Bankshares","NKSH","261545808","41.055","United States"
"8683","MacroGenics","MGNX","261489280","4.105","United States"
"8684","Pyxis Oncology","PYXS","261484224","3.135","United States"
"8685","Sanam Real Estate Company","SANAM.KW","261407842","1131.03","Kuwait"
"8686","Zhihu","ZH","261296080","3.065","China"
"8687","Slam Corp","SLMWF","261266432","11.14","United States"
"8688","Resimac Group Limited","RMC.AX","261056539","0.660019","Australia"
"8689","Brockhaus Technologies","BKHT.DE","260522075","24.9359","Germany"
"8690","Silver Bow Mining","SBMT","260441360","8.82","United States"
"8691","Richardson Electronics","RELL","260421104","17.52","United States"
"8692","Martifer SGPS","MAR.LS","260300881","2.662","Portugal"
"8693","Niagen Bioscience","NAGE","259928912","3.285","United States"
"8694","Ares Commercial Real Estate","ACRE","259651600","4.68","United States"
"8695","Adagene","ADAG","259509024","3.865","China"
"8696","Dustin Group","DUST.ST","259468074","0.191139","Sweden"
"8697","Chinese Estates Holdings","0127.HK","259164584","0.135858","Hong Kong"
"8698","AB Dynamics","ABDP.L","259014982","11.3156","United Kingdom"
"8699","Praemium Limited","PPS.AX","258791608","0.530885","Australia"
"8700","Al Khaleej Training and Education Company","4290.SR","258649618","3.97923","Saudi Arabia"
"8701","Fintel Plc","FNTL.L","258616217","2.48208","United Kingdom"
"8702","Smart Parking Limited","SPZ.AX","258010031","0.613387","Australia"
"8703","Streamwide","ALSTW.PA","257701175","95.3158","France"
"8704","Far East Consortium International","0035.HK","257551172","0.0841934","Hong Kong"
"8705","Movano","MOVE","257119936","9.3","United States"
"8706","Richmond Mutual Bancorporation","RMBI","256842848","16.015","United States"
"8707","Laboratorio Reig Jofre","RJF.MC","256795097","3.12901","Spain"
"8708","SEACOR Marine","SMHI","256676528","9.46","United States"
"8709","Standard BioTools","LAB","256628768","0.6537","United States"
"8710","Real Matters","REAL.TO","256514040","3.45287","Canada"
"8711","National General Insurance Company","NGI.AE","256470363","1.55484","United Arab Emirates"
"8712","EaseMyTrip","EASEMYTRIP.NS","256449025","0.0643592","India"
"8713","Uxin Limited","UXIN","256276992","1.165","China"
"8714","CLS Holdings plc","CLI.L","256081486","0.637861","United Kingdom"
"8715","LX Hausys","108670.KS","256069715","25.659","South Korea"
"8716","A'ayan Real Estate Company K.S.C.P.","AAYANRE.KW","256050841","616.036","Kuwait"
"8717","OraSure Technologies","OSUR","256011520","3.712","United States"
"8718","Median Technologies SA","ALMDT.PA","255851425","5.22023","France"
"8719","GDI Property Group","GDI.AX","255601434","0.473492","Australia"
"8720","COG Financial Services","COG.AX","255517594","1.19808","Australia"
"8721","Montauk Renewables","MNTK","255502336","1.795","United States"
"8722","Neowiz Games","095660.KQ","255429813","13.0496","South Korea"
"8723","Ecoener","ENER.MC","255337157","4.48613","Spain"
"8724","Genel Energy","GENL.L","255230794","0.92619","United Kingdom"
"8725","APB Apranga","APG1L.VS","255134184","4.61431","Lithuania"
"8726","Ioneer","IONR","255029088","3.18","Australia"
"8727","Volati AB","VOLO.ST","254992342","2.76206","Sweden"
"8728","Lantronix","LTRX","254938128","5.715","United States"
"8729","Immersion Corporation","IMMR","254913792","7.68","United States"
"8730","Ainsworth Game Technology","AGI.AX","254908977","0.756869","Australia"
"8731","Wawel","WWL.WA","254806104","197.242","Poland"
"8732","USANA","USNA","254791408","13.79","United States"
"8733","Banco de Brasília","BSLI3.SA","254713010","0.523906","Brazil"
"8734","Embention","ALUAV.PA","254683324","44.0457","Spain"
"8735","Outdoor Holding Company","POWW","254653712","2.195","United States"
"8736","Solar A/S","SOLAR-B.CO","254593814","32.0277","Denmark"
"8737","Aurora Cannabis","ACB","254506432","4.02","Canada"
"8738","Conduent","CNDT","254276512","1.635","United States"
"8739","Minerva Neurosciences","NERV","254255744","5.325","United States"
"8740","Sovereign Metals","SVM.AX","254120857","0.387402","Australia"
"8741","Aeluma","ALMU","254078064","13.88","United States"
"8742","Andrew Peller","ADW-A.TO","253979714","5.7668","Canada"
"8743","Deoleo","OLE.MC","253940447","0.507881","Spain"
"8744","Sol-Gel Technologies","SLGL","253898640","77.55","Israel"
"8745","Nature's Sunshine Products","NATR","253463456","14.405","United States"
"8746","Bank Ochrony Srodowiska","BOS.WA","253237307","2.72562","Poland"
"8747","MBIA","MBI","253041568","4.96","United States"
"8748","Stelrad Group","SRAD.L","252879549","1.98567","United Kingdom"
"8749","India Nippon Electricals","INDNIPPON.NS","252790288","11.1748","India"
"8750","Bang &amp; Olufsen A/S","BO.CO","252483219","1.77048","Denmark"
"8751","Delegat","DGL.NZ","252479814","2.49658","New Zealand"
"8752","Virginia National Bankshares","VABK","252411248","46.525","United States"
"8753","Kogan.com Ltd","KGN.AX","252305152","2.6616","Australia"
"8754","Archer Limited","ARCH.OL","251983269","2.53264","Norway"
"8755","Instabank ASA","INSTA.OL","251870348","0.541867","Norway"
"8756","Etteplan","ETTE.HE","251851443","9.97436","Finland"
"8757","AS Tallinna Vesi","TVE1T.TL","251689579","12.5845","Estonia"
"8758","Cosmo First","COSMOFIRST.NS","251494966","9.68848","India"
"8759","American Realty Investors","ARL","251487312","15.57","United States"
"8760","OpGen","OPGN","251197920","24.75","United States"
"8761","Cy4gate","CY4.MI","250558467","10.8366","Italy"
"8762","Enter Air","ENT.WA","250020644","14.2513","Poland"
"8763","Silicom","SILC","249963616","43.49","Israel"
"8764","Prodware","ALPRO.PA","249520944","32.0917","France"
"8765","AB Amber Grid","AMG1L.VS","249427896","1.39828","Lithuania"
"8766","Keystone Law Group","KEYS.L","249364519","7.92906","United Kingdom"
"8767","National CineMedia","NCMI","249286672","2.65","United States"
"8768","Coronado Global Resources","CRN.AX","249279948","0.132721","Australia"
"8769","Innate Pharma","IPHA","249091776","2.23","France"
"8770","PennantPark Investment","PNNT","248451648","3.805","United States"
"8771","Asure Software","ASUR","248217824","8.595","United States"
"8772","Akebia Therapeutics","AKBA","248093216","0.8953","United States"
"8773","Absa Bank","ABSP.JO","247926000","55.3035","South Africa"
"8774","Jassim Transport &amp; Stevedoring Company","JTC.KW","247876447","1365.71","Kuwait"
"8775","Stellus Capital Investment Corporation","SCM","247516272","8.6909","United States"
"8776","Limoneira","LMNR","247320592","13.64","United States"
"8777","VIB Vermögen","VIH1.F","247273900","7.48077","Germany"
"8778","BTB Real Estate Investment Trust","BTB-UN.TO","247105751","2.77167","Canada"
"8779","GoldMining Inc.","GLDG","247019040","1.15","Canada"
"8780","Najran Cement Company","3002.SR","246624368","1.49687","Saudi Arabia"
"8781","First Internet Bancorp","INBK","246548784","28.23","United States"
"8782","ZE PAK SA","ZEP.WA","246482290","4.84977","Poland"
"8783","Beyond Meat","BYND","246389504","14.33","United States"
"8784","Raoom trading Company","4144.SR","245538695","19.6431","Saudi Arabia"
"8785","Roche Bobois","RBO.PA","245423459","24.4698","France"
"8786","Chargeurs","CRI.PA","245266013","10.1491","France"
"8787","Linedata Services","LIN.PA","245158085","50.3379","France"
"8788","WildBrain","WILD.TO","245063795","1.14615","Canada"
"8789","Treatt plc","TET.L","244885751","4.14814","United Kingdom"
"8790","Genfit","GNFT","244433360","4.85","France"
"8791","Ontex Group","ONTEX.BR","244347645","3.06455","Belgium"
"8792","Koskisen Oyj","KOSKI.HE","244257391","10.1375","Finland"
"8793","Hindustan Sanitaryware &amp; Industries","HSIL.NS","244173718","3.77","India"
"8794","Huuuge","HUG.WA","244010272","5.93351","United States"
"8795","Prakash Industries","PRAKASH.NS","243914111","1.36203","India"
"8796","Al Dhafra Insurance","DHAFRA.AE","243676661","2.44","United Arab Emirates"
"8797","Icelandair","ICEAIR.IC","243549190","0.00592285","Iceland"
"8798","BTG Consulting plc","BTG.L","243322679","1.50965","United Kingdom"
"8799","Beetaloo Energy Australia","BTL.AX","243296551","0.161418","Australia"
"8800","Immobel","IMMO.BR","243118318","23.7707","Belgium"
"8801","Nobia AB","NOBI.ST","243031638","1.60494","Sweden"
"8802","Third Harmonic Bio","THRD","242787568","5.38","United States"
"8803","Celtic","CCP.L","242487242","2.55008","United Kingdom"
"8804","029 Group","Z29.DE","242367743","48.4735","Germany"
"8805","Integrated Wind Solutions","IWS.OL","242175449","6.0612","Norway"
"8806","Amlak International Finance Company","1182.SR","242155022","2.37582","Saudi Arabia"
"8807","TSS, Inc.","TSSI","241837424","8.57","United States"
"8808","Sharjah Cement and Industrial Development","SCIDC.AE","241817469","0.4","United Arab Emirates"
"8809","1-800-Flowers.com, Inc.","FLWS","241644880","3.7699","United States"
"8810","Síminn hf.","SIMINN.IC","241610649","0.102032","Iceland"
"8811","StarragTornos Group","STGN.SW","241377000","44.183","Switzerland"
"8812","FreightCar America","RAIL","241015904","7.35","United States"
"8813","So-Young International","SY","240912896","2.4","China"
"8814","Al Imtiaz Investment Group Company","ALIMTIAZ.KW","240745418","233.377","Kuwait"
"8815","Manazel","MANAZEL.AE","240701408","0.09","United Arab Emirates"
"8816","Munshaat Real Estate Projects Company","MUNSHAAT.KW","240345496","746.415","Kuwait"
"8817","Somany Ceramics","SOMANYCERA.NS","240074664","5.85365","India"
"8818","Mitsubishi Steel Mfg.","5632.T","239898589","15.8651","Japan"
"8819","Claros Mortgage Trust","CMTG","239843168","1.7","United States"
"8820","Magnora ASA","MGN.OL","239615995","2.42555","Norway"
"8821","Kaldalón","KALD.IC","239591615","0.220655","Iceland"
"8822","AudioCodes","AUDC","239354192","9.91","Israel"
"8823","Pantheon Resources","PANR.L","239127192","0.164021","United Kingdom"
"8824","TerrAscend","TSND.TO","239087585","0.641557","Canada"
"8825","Expensify","EXFY","238453120","2.615","United States"
"8826","MCH Group","MCHN.SW","238060079","7.69479","Switzerland"
"8827","InfuSystem","INFU","238010304","11.95","United States"
"8828","FutureFuel","FF","237739200","5.42","United States"
"8829","Information Services Group","III","237710096","4.91","United States"
"8830","Repco Home Finance","REPCOHOME.NS","237583906","3.79761","India"
"8831","Qoria Limited","QOR.AX","237515684","0.168592","Australia"
"8832","GreenX Metals","GRX.AX","237457395","0.760456","Australia"
"8833","Rajesh Exports","RAJESHEXPO.NS","237255310","0.803547","India"
"8834","LoveSac","LOVE","236996000","16.19","United States"
"8835","TROOPS, Inc.","TROO","236990736","1.94","Hong Kong"
"8836","Accsys Technologies","AXS.L","236848911","0.961552","United Kingdom"
"8837","Tonix Pharmaceuticals","TNXP","236769888","13.805","United States"
"8838","Rane Holdings","RANEHOLDIN.NS","236701352","16.5783","India"
"8839","BitFuFu","FUFU","236648112","1.42","Singapore"
"8840","FuRyu","6238.T","236610401","8.93316","Japan"
"8841","Geojit Financial Services","GEOJITFSL.NS","236575899","0.847571","India"
"8842","Vátryggingafélag Íslands","SKAGI.IC","236255413","0.120289","Iceland"
"8843","cBrain","CBRAIN.CO","236221671","12.0786","Denmark"
"8844","Celon Pharma","CLN.WA","236153128","6.06898","Poland"
"8845","Supermax Corporation Berhad","7106.KL","235641167","0.0770761","Malaysia"
"8846","Acme United","ACU","235569248","61.445","United States"
"8847","Nu Skin","NUS","235108128","4.83","United States"
"8848","HireQuest","HQI","234748064","16.9","United States"
"8849","Gamania Digital","6180.TWO","234746869","1.33794","Taiwan"
"8850","M&amp;C Saatchi","SAA.L","234652036","1.97206","United Kingdom"
"8851","Salam International Investment","SIIS.QA","234282086","0.204945","Qatar"
"8852","Precision BioSciences","DTIL","234061168","8.48","United States"
"8853","Teixeira Duarte","TDSA.LS","233931481","0.55698","Portugal"
"8854","BrainChip","BRN.AX","233783766","0.0968506","Australia"
"8855","A'Saffa Foods","SPFI.OM","233766240","1.94805","Oman"
"8856","Bonei Hatichon Civil Engineering &amp; Infrastructures","BOTI.TA","233700193","14.3097","Israel"
"8857","Bgin Blockchain","BGIN","233625728","2.065","Singapore"
"8858","Squirrel Media","SQRL.MC","233518244","2.43533","Spain"
"8859","Warpaint London PLC","W7L.L","233439355","2.9105","United Kingdom"
"8860","Protara Therapeutics","TARA","233427184","3.95","United States"
"8861","technotrans","TTR1.DE","233019004","33.7334","Germany"
"8862","Daikoku Denki","6430.T","232917382","15.9342","Japan"
"8863","Kaltura","KLTR","232640608","1.525","United States"
"8864","Crest Nicholson Holdings plc","CRST.L","232485431","0.90443","United Kingdom"
"8865","KCP Limited","KCP.NS","232472128","1.80321","India"
"8866","Eurobio Scientific","ALERS.PA","232290744","23.0715","France"
"8867","FNM S.p.A.","FNM.MI","232096682","0.533675","Italy"
"8868","Chicago Atlantic BDC","LIEN","232085408","10.17","United States"
"8869","Peoples Bancorp of North Carolina","PEBK","232009856","43.6","United States"
"8870","Sporting Clube de Portugal","SCP.LS","231834739","1.14775","Portugal"
"8871","Indoco Remedies","INDOCO.NS","230854542","2.50456","India"
"8872","RGC Resources","RGCO","230688960","22.14","United States"
"8873","Franklin Covey","FC","230620880","20.42","United States"
"8874","Silvaco Group","SVCO","230423168","6.8","United States"
"8875","RideNow Group","RDNW","230165424","5.9","United States"
"8876","Acadian Timber","ADN.TO","230145301","12.2545","Canada"
"8877","Suja Life, Inc.","SUJA","229844032","9.6619","United States"
"8878","Adgar Investments and Development","ADGR.TA","229659071","1.21558","Israel"
"8879","centrotherm international","CTNK.F","229650111","10.8518","Germany"
"8880","Spandana Sphoorty Financial","SPANDANA.NS","229584508","2.59009","India"
"8881","Turtle Beach Corp","TBCH","229333872","12.805","United States"
"8882","Webzen","069080.KQ","229307037","7.88896","South Korea"
"8883","Iberpapel Gestión","IBG.MC","229284098","21.0324","Spain"
"8884","Autosports Group","ASG.AX","229251401","1.07612","Australia"
"8885","RCI Hospitality Holdings","RICK","229143888","29.975","United States"
"8886","BRCK Group","BRCK.L","229064146","0.708583","United Kingdom"
"8887","Digital Domain","0547.HK","229022881","0.0287023","Hong Kong"
"8888","Kore Potash plc","KP2.L","228783977","0.0442015","United Kingdom"
"8889","Hong Kong Ferry","0050.HK","228605330","0.641656","Hong Kong"
"8890","HMH Holding","HMH","227966896","18.93","United States"
"8891","Wayi International Digital Entertainment","3086.TWO","227829756","0.835427","Taiwan"
"8892","Solvar Limited","SVR.AX","227640129","1.2196","Australia"
"8893","KAMCO Investment Company","KAMCO.KW","227626643","664.928","Kuwait"
"8894","Lubelski Wegiel Bogdanka","LWB.WA","227623540","6.69213","Poland"
"8895","Winton Land","WIN.NZ","227445591","0.766807","New Zealand"
"8896","AstroNova, Inc.","ALOT","227355632","28.995","United States"
"8897","Fonix Mobile","FNX.L","227159842","2.32689","United Kingdom"
"8898","Smiths News","SNWS.L","227132796","0.938431","United Kingdom"
"8899","Vuzix","VUZI","227074288","2.69","United States"
"8900","Sidus Space","SIDU","226744736","2.24","United States"
"8901","Forrester Research","FORR","226659296","11.905","United States"
"8902","Atrys Health","ATRY.MC","226463981","2.98299","Spain"
"8903","OP Bancorp (Open Bank)","OPBK","226453104","15.165","United States"
"8904","National Cleaning Company","CLEANING.KW","226145835","922.425","Kuwait"
"8905","Scientific and Medical Equipment House Company","4014.SR","226128651","7.53762","Saudi Arabia"
"8906","Teract S.A.","TRACT.PA","226045906","3.23688","France"
"8907","Keros Therapeutics","KROS","225831680","11.39","United States"
"8908","Exco Technologies Limited","XTC.TO","225368402","6.01189","Canada"
"8909","Hudson Technologies","HDSN","224963280","5.345","United States"
"8910","Immunic","IMUX","224860816","16.48","United States"
"8911","Josef Manner &amp; Comp","MAN.VI","224632949","118.853","Austria"
"8912","Utah Medical Products","UTMD","224459168","70.5","United States"
"8913","Neuronetics","STIM","224400816","2.945","United States"
"8914","Polymetals Resources","POL.AX","224359963","0.728173","Australia"
"8915","AFC Energy","AFC.L","223969920","0.197071","United Kingdom"
"8916","Nelco","NELCO.NS","223873950","9.81112","India"
"8917","DeFi Technologies","DEFI.NE","223805806","0.57668","Canada"
"8918","High Tide","HITI","223585680","2.5445","Canada"
"8919","The Tourism Enterprise company (SHAMS)","4170.SR","222854670","3.85404","Saudi Arabia"
"8920","Latécoère S.A.","LAT.PA","222363268","0.0174784","France"
"8921","Salalah Port Services Company","SPSI.OM","222344427","1.23636","Oman"
"8922","Ascom Holding","ASCN.SW","222261415","6.75156","Switzerland"
"8923","Polaris Renewable Energy","PIF.TO","222141736","10.6325","Canada"
"8924","Aumann AG","AAG.DE","222007062","17.1871","Germany"
"8925","Gulf Hotels Group","GHG.BH","221798669","0.795756","Bahrain"
"8926","Focusrite","TUNE.L","221783468","3.77412","United Kingdom"
"8927","Computer Modelling Group","CMG.TO","221616998","2.84146","Canada"
"8928","Core Molding Technologies","CMT","221491328","25.03","United States"
"8929","Healius Limited","HLS.AX","221404870","0.3049","Australia"
"8930","Olimpo Real Estate","YORE.MC","221052227","1.12445","Spain"
"8931","SIGA Technologies","SIGA","220937872","3.075","United States"
"8932","Powersoft","PWS.MI","220807864","17.1871","Italy"
"8933","Al-Deera Holding Company","ALDEERA.KW","220765314","1619.95","Kuwait"
"8934","Abdullah Saad Mohammed Abo Moati for Bookstores Company","4191.SR","220748440","11.0374","Saudi Arabia"
"8935","AB KN Energies","KNE1L.VS","220738155","0.580284","Lithuania"
"8936","Riber S.A.","ALRIB.PA","220652115","10.4987","France"
"8937","Orogen Royalties","OGN.V","220375595","3.71238","Canada"
"8938","Al Eid Food Company","ALEID.KW","220168570","704.731","Kuwait"
"8939","Synthomer","SYNT.L","219849115","1.341","United Kingdom"
"8940","Bapcor Limited","BAP.AX","219601584","0.326422","Australia"
"8941","Eagle Nice","2368.HK","219371001","0.38206","Hong Kong"
"8942","Imperial Petroleum","IMPP","219286224","4.85","Greece"
"8943","Toro Corp.","TORO","219278928","6.345","Cyprus"
"8944","Honda Siel Power Products","HONDAPOWER.NS","219262225","21.6169","India"
"8945","Groupe SFPI","SFPI.PA","219178594","2.37707","France"
"8946","Hindustan Oil Exploration Company","HINDOILEXP.NS","219167169","1.6573","India"
"8947","Jin Air","272450.KS","219081547","4.25123","South Korea"
"8948","Kuwait Financial Centre "Markaz”","MARKAZ.KW","219011624","449.804","Kuwait"
"8949","Fiducian Group Limited","FID.AX","218996272","6.93737","Australia"
"8950","AlphaPolis","9467.T","218953298","7.53422","Japan"
"8951","Vecima Networks","VCM.TO","218914632","9.00342","Canada"
"8952","QumulusAI, Inc.","QMLS","218900416","6.66","United States"
"8953","Perma-Pipe International","PPIH","218866080","26.935","United States"
"8954","Eleving Group","OT8.F","218788121","1.87602","Luxembourg"
"8955","Allianz Saudi Fransi Cooperative Insurance","8040.SR","218655268","3.67559","Saudi Arabia"
"8956","Al Ramz Corporation Investment and Development","ALRAMZ.AE","218624638","0.39756","United Arab Emirates"
"8957","Corbus Pharmaceuticals","CRBP","218556608","11.3","United States"
"8958","Netfonds AG","NF4.DE","218556268","93.801","Germany"
"8959","Spok Holdings","SPOK","218176160","10.43","United States"
"8960","KlaraBo Sverige","KLARA-B.ST","218134384","1.4514","Sweden"
"8961","Frauenthal Holding","FKA.VI","218104813","25.2101","Austria"
"8962","Organogenesis","ORGO","218103360","1.695","United States"
"8963","PepGen","PEPG","217883040","3.15","United States"
"8964","MJ Gleeson plc","GLE.L","217787396","3.73332","United Kingdom"
"8965","AN2 Therapeutics","ANTX","217360720","5.76","United States"
"8966","Torrid Holding","CURV","216954448","2.18","United States"
"8967","Motorcar Parts of America","MPAA","216913984","11.4568","United States"
"8968","Bergbahnen Engelberg-Trübsee-Titlis","TIBN.SW","216844144","64.5369","Switzerland"
"8969","CARGO Therapeutics","CRGX","216188416","4.47","United States"
"8970","Cantabil Retail India","CANTABIL.NS","216104250","2.5838","India"
"8971","Stille AB","STIL.ST","216099086","24.0499","Sweden"
"8972","Oramed Pharmaceuticals","ORMP","216098256","5.195","United States"
"8973","Al Hassan Ghazi Ibrahim Shaker","1214.SR","216051612","3.19084","Saudi Arabia"
"8974","Jeld-Wen","JELD","215954064","2.489","United States"
"8975","Khaleeji Bank","KHALEEJI.BH","215893183","0.981432","Bahrain"
"8976","TAKKT AG","TTK.DE","215646550","3.36751","Germany"
"8977","Sudatel Telecommunications Group","SUDATEL.AE","215541312","0.16","Sudan"
"8978","SHUAA Capital","SHUAA.AE","215213193","0.0588171","United Arab Emirates"
"8979","Gati","GATI.NS","215137993","1.65","India"
"8980","Modiv Industrial","MDV","215101808","18.05","United States"
"8981","Al-Maha Petroleum","MHAS.OM","215064940","3.11688","Oman"
"8982","Voyager Therapeutics","VYGR","214430464","3.48","United States"
"8983","Orrön Energy","ORRON.ST","214386777","0.749853","Sweden"
"8984","Kafrit Industries","KAFR.TA","214357910","8.88464","Israel"
"8985","AB Vilkyskiu pienine","VLP1L.VS","214311570","17.9445","Lithuania"
"8986","Huhtamaki India","HUHTAMAKI.NS","214053481","2.83432","India"
"8987","Global Atomic","GLO.TO","213819245","0.436115","Canada"
"8988","Journey Medical","DERM","213376432","7.56","United States"
"8989","Helios Underwriting","HUW.L","213370059","3.0601","United Kingdom"
"8990","HMS Bergbau","HMU.DE","213327911","46.9588","Germany"
"8991","Oriola","OKDBV.HE","213327213","1.17525","Finland"
"8992","Gofore Oyj","GOFORE.HE","213037946","13.1205","Finland"
"8993","Acumen Pharmaceuticals","ABOS","212974416","2.945","United States"
"8994","Vista Alegre Atlantis","VAF.LS","212932236","1.2701","Portugal"
"8995","Ohio Valley Banc Corp","OVBC","212560400","45.12","United States"
"8996","Capital B","ALCPB.PA","212399941","0.643207","France"
"8997","TPG Mortgage Investment Trust","MITT","212288208","6.675","United States"
"8998","Lifetime Brands","LCUT","211957072","9.22","United States"
"8999","Future Care Trading Company","9544.SR","211745910","0.423492","Saudi Arabia"
"9000","MTI Ltd.","9438.T","211490726","3.80789","Japan"
"9001","Hexaom","ALHEX.PA","210791141","30.7621","France"
"9002","Omaxe","OMAXE.NS","210543488","1.14641","India"
"9003","Crexendo","CXDO","210496496","6.33","United States"
"9004","Reit Azorim - H.F Living","AZRT.TA","210447440","2.06972","Israel"
"9005","Coherus BioSciences","CHRS","210121312","1.36","United States"
"9006","Hester Biosciences","HESTERBIO.NS","209938590","24.6787","India"
"9007","BMMI Group","BMMI.BH","209738502","0.190981","Bahrain"
"9008","Red Hill Minerals Limited","RHI.AX","209657824","3.26422","Australia"
"9009","Angel Oak Mortgage REIT","AOMR","209656768","8.415","United States"
"9010","Aljazira Takaful Taawuni Company","8012.SR","209540556","3.17486","Saudi Arabia"
"9011","Al Obeikan Glass Company","4145.SR","209327479","6.54148","Saudi Arabia"
"9012","Allcargo Logistics","ALLCARGO.NS","209119385","0.13962","India"
"9013","Züblin Immobilien","ZUBN.SW","209043692","63.0476","Switzerland"
"9014","Lang &amp; Schwarz","LUS1.DE","208951290","22.1394","Germany"
"9015","Electreon Wireless","ELWS.TA","208513303","13.9327","Israel"
"9016","Ajial Real Estate Entertainment Company","AREEC.KW","207960203","994.133","Kuwait"
"9017","Kuwait Portland Cement","PCEM.KW","207759903","2073.01","Kuwait"
"9018","Digital Bros","DIB.MI","207675895","14.4722","Italy"
"9019","ÖKOWORLD","VVV3.DE","207447920","31.6942","Germany"
"9020","Kolibri Global Energy","KGEI","207326848","5.78","United States"
"9021","Stoneridge","SRI","207218672","7.265","United States"
"9022","Nova Minerals","NVA","207132192","5.425","Australia"
"9023","Arab Insurance Group","ARIG.BH","206799998","0.54","Bahrain"
"9024","Fabasoft","FAA.DE","206157293","19.5759","Austria"
"9025","Rakon Limited","RAK.NZ","205791164","0.895488","New Zealand"
"9026","Allgeier","AEIN.DE","205707720","18.4106","Germany"
"9027","Exacompta Clairefontaine","ALEXA.PA","205675690","181.776","France"
"9028","YAKUODO HOLDINGS","7679.T","205484518","10.5642","Japan"
"9029","Gurit Holding","GURN.SW","205231167","43.9348","Switzerland"
"9030","Al-Arabiya Real Estate Company","ARABREC.KW","205082889","531.291","Kuwait"
"9031","Lindsay Australia","LAU.AX","204947403","0.559581","Australia"
"9032","Deep Value Driller","DVD.OL","204779084","2.18996","Norway"
"9033","Octave Specialty Group","OSG","204759024","4.545","United States"
"9034","Frontier Developments","FDEV.L","204407583","5.75299","United Kingdom"
"9035","Nucleus Software Exports","NUCLEUS.NS","204223802","7.7577","India"
"9036","Pro-Dex","PDEX","203698016","63.8","United States"
"9037","Quicklogic","QUIK","203601680","11.115","United States"
"9038","Victory Supermarket Chain","VCTR.TA","203493857","14.3433","Israel"
"9039","Platinum Group Metals","PLG","203337328","1.59","Canada"
"9040","Sandnes Sparebank","SADG.OL","203079021","9.64521","Norway"
"9041","Greenpanel Industries","GREENPANEL.NS","203063615","1.65594","India"
"9042","Akwel SA","AKW.PA","202901325","7.64391","France"
"9043","Italian Wine Brands","IWB.MI","202430628","21.7432","Italy"
"9044","Saudi Arabian Refineries Company","2030.SR","202357180","13.4905","Saudi Arabia"
"9045","Smart Sand","SND","202349520","4.7725","United States"
"9046","China Yongda Automobiles Services","3669.HK","202010880","0.110982","China"
"9047","QLM Life &amp; Medical Insurance Company","QLMI.QA","201923054","0.576923","Qatar"
"9048","Capacit'e Infraprojects","CAPACITE.NS","201644278","2.38339","India"
"9049","Alta Equipment Group","ALTG","201554608","6.17","United States"
"9050","Groupe Partouche","PARP.PA","201191961","20.9159","France"
"9051","Feintool International","FTON.SW","200973098","13.652","Switzerland"
"9052","Kongsberg Automotive ASA","KOA.OL","200868446","0.215247","Norway"
"9053","Zumtobel Group","ZAG.VI","200785939","4.74248","Austria"
"9054","Beeks Financial Cloud Group","BKS.L","200751674","2.9377","United Kingdom"
"9055","Chubb Arabia Cooperative Insurance Company","8240.SR","200612603","5.01531","Saudi Arabia"
"9056","APM Terminals Bahrain","APMTB.BH","200530502","2.49337","Bahrain"
"9057","Mobico Group","MCG.L","200518704","0.329131","United Kingdom"
"9058","Bahrain Islamic Bank","BISB.BH","200392995","2.22812","Bahrain"
"9059","Rhythm Co.,Ltd.","7769.T","199533156","25.0618","Japan"
"9060","Prosafe SE","PRS.OL","199386914","0.565576","Norway"
"9061","Shutterstock","SSTK","199332752","5.395","United States"
"9062","American Well","AMWL","199170848","11.7099","United States"
"9063","Archosaur Games","9990.HK","199092402","0.248753","China"
"9064","ADM Hamburg","OEL.F","198935443","265.672","Germany"
"9065","Rhinebeck Bancorp","RBKB","198889488","12.72","United States"
"9066","Citizens Inc","CIA","198774192","3.925","United States"
"9067","Armata Pharmaceuticals","ARMP","198551776","5.34","United States"
"9068","NeoVolta","NEOV","198369136","3.37","United States"
"9069","Korro Bio","KRRO","197912672","13.44","United States"
"9070","Al Khaleej Takaful Insurance Company","AKHI.QA","197771106","0.774725","Qatar"
"9071","Conexeu Sciences","CNXU","197741392","7.3899","United States"
"9072","SCHMID Group","SHMD","197683936","3.01","Germany"
"9073","Brouwerij Handelsmaatschappij","COBH.BR","197506406","2633.42","Belgium"
"9074","Superior Group of Companies","SGC","197401584","12.38","United States"
"9075","Monash IVF Group","MVF.AX","197067629","0.505775","Australia"
"9076","Knights Group","KGH.L","197009136","2.29168","United Kingdom"
"9077","flyExclusive","FLYX","196855200","1.295","United States"
"9078","Landmark Bancorp","LARK","196620208","32.23","United States"
"9079","Valens Semiconductor","VLN","196528304","1.815","Israel"
"9080","Angi Inc.","ANGI","196292272","4.84","United States"
"9081","Midwich Group","MIDW.L","196234128","1.90134","United Kingdom"
"9082","Hathway","HATHWAY.NS","196117520","0.110794","India"
"9083","Hinduja Global Solutions","HGS.NS","196000374","4.21322","India"
"9084","SES AI","SES","195965488","0.5278","United States"
"9085","Belpointe PREP, LLC","OZ","195751536","48.29","United States"
"9086","Catering International &amp; Services","ALCIS.PA","195311356","25.0524","France"
"9087","LexinFintech Holdings","LX","195274096","1.185","China"
"9088","Eagle Eye Solutions Group","EYE.L","195263600","6.46021","United Kingdom"
"9089","eGain","EGAN","195032816","7.105","United States"
"9090","Amaero International Ltd","3DA.AX","194919481","0.204462","Australia"
"9091","TOYA S.A.","TOA.WA","194576191","2.62809","Poland"
"9092","Arwana Citramulia Tbk","ARNA.JK","194483334","0.0276649","Indonesia"
"9093","FinWise Bancorp","FINW","194357520","14","United States"
"9094","Camellia Plc","CAM.L","194242131","76.8425","United Kingdom"
"9095","NoHo Partners","NOHO.HE","194210764","9.22862","Finland"
"9096","Eurocash","EUR.WA","194177806","1.39532","Poland"
"9097","Taylor Devices","TAYD","193823392","60.1","United States"
"9098","Perfect Corp.","PERF","193410640","1.899","Taiwan"
"9099","OneWater Marine","ONEW","193321184","11.6","United States"
"9100","Commerce.com","CMRC","193061440","2.33","United States"
"9101","Burgan Company for Well Drilling","ABAR.KW","192876084","756.193","Kuwait"
"9102","GDEV Inc.","GDEV","192632944","10.6131","Cyprus"
"9103","James River Group","JRVR","192585568","4.165","Bermuda"
"9104","Protalix BioTherapeutics","PLX","192566224","2.39","Israel"
"9105","SWK Holdings","SWKH","192326064","15.9","United States"
"9106","Verkkokauppa.com","VERK.HE","192096329","4.34631","Finland"
"9107","Schaffer Corporation","SFC.AX","191992786","14.2765","Australia"
"9108","Amplify Energy","AMPY","191736064","4.625","United States"
"9109","Adairs Limited","ADH.AX","191569594","1.07253","Australia"
"9110","Emilia Development","EMDV.TA","191565026","6.83512","Israel"
"9111","Mega Uranium","MGA.TO","191444549","0.497387","Canada"
"9112","HKR International","0480.HK","191368485","0.128841","Hong Kong"
"9113","Vente-Unique.com","ALVU.PA","191227310","19.7506","France"
"9114","Oman Oil Marketing Company (oomco)","OOMS.OM","190987018","3.11688","Oman"
"9115","DHI Group","DHX","190937408","4.42","United States"
"9116","Arnarlax (Icelandic Salmon)","ISLAX.OL","190650065","6.15758","Iceland"
"9117","Arise AB","ARISE.ST","190647366","4.67444","Sweden"
"9118","First Investment Company K.S.C.P.","ALOLA.KW","190427700","426.988","Kuwait"
"9119","Americanas","AMER3.SA","190391498","0.950792","Brazil"
"9120","Sparta AG","SPT6.F","190253942","30.296","Germany"
"9121","Ceragon Networks","CRNT","189863456","2.08","Israel"
"9122","Hanover Bancorp","HNVR","189720352","26.89","United States"
"9123","AirSculpt Technologies","AIRS","189610400","2.63","United States"
"9124","EuroGroup Laminations","EGLA.MI","189539200","1.16523","Italy"
"9125","Bastide Le Confort Médical","BLC.PA","189506201","25.9264","France"
"9126","Humacyte","HUMA","189486096","0.6821","United States"
"9127","Unisys","UIS","189253360","2.5955","United States"
"9128","DUG Technology","DUG.AX","188667980","1.39178","Australia"
"9129","Al Safat Investment Company","ALSAFAT.KW","188469265","593.22","Kuwait"
"9130","Nkarta","NKTX","188015072","2.625","United States"
"9131","Texwinca Holdings","0321.HK","187713938","0.135858","Hong Kong"
"9132","XRF Scientific Limited","XRF.AX","187631819","1.30569","Australia"
"9133","Tharimmune","THAR","187371472","4.74","United States"
"9134","ActiveOps Plc","AOM.L","187082029","2.61809","United Kingdom"
"9135","Homeland Interactive Technology","3798.HK","186725089","0.147976","China"
"9136","NSE SA","ALNSE.PA","186615499","56.6302","France"
"9137","T’way Air","091810.KS","186498781","0.451829","South Korea"
"9138","Wheels Up","UP","186446208","5.1405","United States"
"9139","Westwood Holdings Group","WHG","186377760","19.53","United States"
"9140","Shell Oman Marketing Company","SOMS.OM","186298706","1.96104","Oman"
"9141","PTC Financial Services","PFS.NS","186217859","0.289931","India"
"9142","Gefran","GE.MI","186166317","13.1088","Italy"
"9143","ReconAfrica","0XD.F","185998133","0.481822","Canada"
"9144","Red Robin","RRGB","185729360","9.825","United States"
"9145","Helloworld Travel","HLO.AX","185533144","1.13351","Australia"
"9146","Rico Auto Industries","RICOAUTO.NS","185424458","1.37062","India"
"9147","United Security Bancshares","UBFO","185027760","10.51","United States"
"9148","Lee Enterprises","LEE","185023968","8.3","United States"
"9149","Basic Chemical Industries Company","1210.SR","185017978","6.72793","Saudi Arabia"
"9150","Melbourne Enterprises","0158.HK","184970452","7.39882","Hong Kong"
"9151","Visiativ SA","ALVIV.PA","184832369","40.1999","France"
"9152","Mayne Pharma Group","MYX.AX","184768819","2.27419","Australia"
"9153","UmweltBank","UBK.DE","184737802","4.45118","Germany"
"9154","Reach plc","RCH.L","184567579","0.584819","United Kingdom"
"9155","PR TIMES Corporation","3922.T","184534229","13.6444","Japan"
"9156","EVI Industries","EVI","184414384","14.33","United States"
"9157","Lafinca Global Assets","YLFG.MC","184082663","4.87066","Spain"
"9158","Hong Leong Capital","5274.KL","184079554","0.780706","Malaysia"
"9159","Al Wathba National Insurance","AWNIC.AE","183744485","0.89","United Arab Emirates"
"9160","Lucid Diagnostics","LUCD","183559024","0.9613","United States"
"9161","Syrah Resources Limited","SYR.AX","183485649","0.079023","Australia"
"9162","Umm Al-Qura Cement Company","3005.SR","183406583","3.33467","Saudi Arabia"
"9163","Atland SAS","ATLD.PA","183378268","42.2978","France"
"9164","Medical Facilities Corporation","DR.TO","183368565","11.3101","Canada"
"9165","Healwell AI","AIDX.TO","183171052","0.547846","Canada"
"9166","Marti Technologies","MRT","183060288","2.13","Turkey"
"9167","GrafTech","EAF","183036528","7.015","United States"
"9168","Kawai Musical Instruments Manufacturing","7952.T","182942926","21.2665","Japan"
"9169","Grammer AG","GMM.DE","182396473","12.2349","Germany"
"9170","Société Marseillaise du Tunnel Prado-Carénage","ALTPC.PA","182294325","31.2282","France"
"9171","Sport Lisboa e Benfica","SLBEN.LS","182241899","7.92356","Portugal"
"9172","Tiny Ltd.","TINY.V","182238623","6.19559","Canada"
"9173","WALLIX Group","ALLIX.PA","182168610","25.8098","France"
"9174","Benchmark Holdings","BMK.L","182093816","0.295906","United Kingdom"
"9175","Arbuthnot Banking Group","ARBB.L","182005777","11.1524","United Kingdom"
"9176","Deutsche Konsum REIT-AG","DKG.DE","181886532","1.65463","Germany"
"9177","Serviceware","SJJ.DE","181688424","17.3037","Germany"
"9178","Fitaihi Holding Group","4180.SR","181648692","0.660541","Saudi Arabia"
"9179","Private Equity Holding","PEHN.SW","181237859","75.4586","Switzerland"
"9180","KFIC Invest (K.S.C.P)","KFIC.KW","181217166","606.258","Kuwait"
"9181","Castings P.L.C.","CGS.L","180938860","4.16174","United Kingdom"
"9182","Privatization Holding Company - K.P.S.C.","KPPC.KW","180432681","453.064","Kuwait"
"9183","LGI Limited","LGI.AX","179586387","1.73614","Australia"
"9184","Springfield Properties","SPR.L","179473015","1.50285","United Kingdom"
"9185","Nihon Falcom","3723.T","179447080","18.1863","Japan"
"9186","Ten Square Games","TEN.WA","179273309","28.1232","Poland"
"9187","BV Financial","BVFL","179154128","21.1501","United States"
"9188","Marvelous","7844.T","178981056","3.19938","Japan"
"9189","ECB Bancorp","ECBK","178904448","20.475","United States"
"9190","Micro Systemation","MSAB-B.ST","178829041","9.68297","Sweden"
"9191","Gulf Union Alahlia Cooperative Insurance","8120.SR","178592324","3.89133","Saudi Arabia"
"9192","Vidhi Specialty Food","VIDHIING.NS","178520835","3.57435","India"
"9193","X-Legend Entertainment","4994.TW","178467923","2.68844","Taiwan"
"9194","Mengly J. Quach Education","MJQE.KH","178072277","0.55","Cambodia"
"9195","Codexis","CDXS","177946880","1.625","United States"
"9196","Tribal Group","TRB.L","177855400","0.829627","United Kingdom"
"9197","ALIA MENTIS","ALMS.MI","177473407","5.76789","Italy"
"9198","Naturhouse Health","NTH.MC","177431458","2.95968","Spain"
"9199","Miyakoshi Holdings","6620.T","177219431","4.42894","Japan"
"9200","Steyr Motors AG","4X0.DE","177204043","33.745","Germany"
"9201","Accelya","ACCELYA.NS","177077455","11.8635","India"
"9202","PLAID,Inc.","4165.T","177065220","4.30975","Japan"
"9203","Mahanagar Telephone Nigam","MTNL.NS","176911386","0.280812","India"
"9204","Roularta Media Group","ROU.BR","176865996","14.2741","Belgium"
"9205","Shalby","SHALBY.NS","176850409","1.64483","India"
"9206","Spruce Biosciences","SPRB","176723072","61.49","United States"
"9207","Epsilon Energy","EPSN","176705856","5.835","United States"
"9208","Tabuk Cement Company","3090.SR","176667994","1.96298","Saudi Arabia"
"9209","Global Financial Investments Holding SAOG","GFIC.OM","176623381","0.883117","Oman"
"9210","Entech SA","ALESE.PA","176617699","12.0019","France"
"9211","Freelance.com SA","ALFRE.PA","176428541","3.12282","France"
"9212","OrganiGram Holdings","OGI","176413216","1.2511","Canada"
"9213","Quercus TFI","QRS.WA","176212774","3.7606","Poland"
"9214","MainStreet Bancshares","MNSB","176104208","24.73","United States"
"9215","Nynomic AG","M7U.DE","176046215","26.8003","Germany"
"9216","Texaf","TEXF.BR","176022071","48.0075","Belgium"
"9217","Banque nationale de Belgique","BNB.BR","175962662","439.907","Belgium"
"9218","Siljansvik AB","SIVI.ST","175897731","12.7916","Sweden"
"9219","Solidarity Bahrain","SOLID.BH","175862064","0.188329","Bahrain"
"9220","Lifecore Biomedical","LFCR","175638192","4.64","United States"
"9221","Ag Growth International","AFN.TO","175471617","9.30326","Canada"
"9222","Domo, Inc.","DOMO","175209696","3.725","United States"
"9223","Quantum-Si","QSI","175063344","0.7998","United States"
"9224","Byggma ASA","BMA.OL","174957756","2.50587","Norway"
"9225","Al Buhaira National Insurance Company","ABNIC.AE","174948950","0.7","United Arab Emirates"
"9226","Specialities Group Holding Company","SPEC.KW","174927414","857.236","Kuwait"
"9227","T&amp;G Global","TGG.NZ","174822396","1.42662","New Zealand"
"9228","Digia Oyj","DIGIA.HE","174808834","6.54859","Finland"
"9229","Somec S.p.A.","SOM.MI","174768937","24.0037","Italy"
"9230","Blossom Gold Inc.","BGAU.TO","174574706","1.32637","Canada"
"9231","Waldencast","WALD","174433424","1.36","United States"
"9232","La Française de l'Energie","FDE.PA","174421214","33.0343","France"
"9233","NusaTrip","NUTR","174412512","9","Indonesia"
"9234","PEDEVCO","PED","174243728","13.11","United States"
"9235","Westag AG","WUG3.F","174143628","38.4526","Germany"
"9236","Gesco SE","GSC1.DE","173898855","16.721","Germany"
"9237","Solocal Group","LOCAL.PA","173853439","4.84735","France"
"9238","Hawesko","HAW.DE","173764267","19.3428","Germany"
"9239","Atomera","ATOM","173656976","4.45","United States"
"9240","SB Financial Group","SBFG","173332928","27.72","United States"
"9241","Koenig &amp; Bauer","SKB.DE","173296478","10.4871","Germany"
"9242","Douglas Elliman","DOUG","173146352","1.905","United States"
"9243","Shimmick","SHIM","172990416","4.185","United States"
"9244","Seven Hills Realty Trust","SEVN","172983184","7.635","United States"
"9245","Mechel PAO","MTLR.ME","172952561","0.43","Russia"
"9246","Easy Software","ESY.HM","172374716","22.8385","Germany"
"9247","Aimia","AIM.TO","172349435","1.95351","Canada"
"9248","RADCOM","RDCM","171903136","10.27","Israel"
"9249","Dominion Hosting","DHH.MI","171693626","30.7621","Italy"
"9250","Abu Dhabi National Takaful","TKFL.AE","171540597","1.63","United Arab Emirates"
"9251","GCT Semiconductor","GCTS","171523536","1.865","United States"
"9252","SpiceJet","SPICEJET.BO","171322663","0.112262","India"
"9253","Bahrain Kuwait Insurance Company (GIG Bahrain)","BKIC.BH","171087531","1.03448","Bahrain"
"9254","Biesse","BSS.MI","170894508","6.4294","Italy"
"9255","Wendt India","WENDT.NS","170824510","85.4123","India"
"9256","Zahrat Al Waha For Trading Company","3007.SR","170795046","0.759089","Saudi Arabia"
"9257","Molecular Partners","MOLN","170458288","4.45","Switzerland"
"9258","Delta Corp","DELTACORP.NS","170426843","0.636465","India"
"9259","Finance House","FH.AE","169864892","0.56","United Arab Emirates"
"9260","Streamex Corp.","STEX","169850752","0.7531","United States"
"9261","Diaceutics PLC","DXRX.L","169772242","2.00607","United Kingdom"
"9262","Atlantic Lithium Limited","A11.AX","169627269","0.211636","Australia"
"9263","Pharos Energy","PHAR.L","169528641","0.409373","United Kingdom"
"9264","Precia S.A.","ALPM.PA","169462165","31.3447","France"
"9265","I.g. Petrochemicals","IGPL.NS","169093739","5.49097","India"
"9266","Emirates Reem Investments Company","ERC.AE","168976103","0.528265","United Arab Emirates"
"9267","Renaissance Services","RNSS.OM","168864290","0.714286","Oman"
"9268","SKYX Platforms","SKYX","168340720","1.243","United States"
"9269","Deezer","DEEZR.PA","168151030","1.35749","France"
"9270","Sabaf S.p.A.","SAB.MI","167948765","13.6332","Italy"
"9271","Fasadgruppen Group","FG.ST","167948233","1.92399","Sweden"
"9272","Ellington Credit Company","EARN","167692096","4.4636","United States"
"9273","Leclanché","LECN.SW","167674158","0.104748","Switzerland"
"9274","Frontier Energy Limited","FHE.AX","167616140","0.150656","Australia"
"9275","Gévelot SA","ALGEV.PA","167575593","224.889","France"
"9276","Indorama Synthetics","INDORAMA.NS","167557782","0.641706","India"
"9277","Cadence Capital Limited","CDM.AX","167279267","0.559581","Australia"
"9278","Intred","ITD.MI","167158664","10.7434","Italy"
"9279","Varia US Properties","VARN.SW","167145789","16.5066","Switzerland"
"9280","Rokiskio Suris AB","RSU1L.VS","166947954","5.31345","Lithuania"
"9281","Tingo Group","TIO","166947568","0.69","United States"
"9282","Injazzat Real Estate Development Company","INJAZZAT.KW","166740257","482.399","Kuwait"
"9283","Bisalloy Steel Group","BIS.AX","166466767","3.4651","Australia"
"9284","Endava","DAVA","166454560","3.15","United Kingdom"
"9285","NET Power","NPWR","166343680","1.88","United States"
"9286","FDM Group","FDM.L","166261292","1.52053","United Kingdom"
"9287","Jain Irrigation Systems","JISLDVREQS.NS","166151207","0.226515","India"
"9288","Cegedim SA","ALCGM.PA","166138837","12.0718","France"
"9289","Analogue Holdings (ATAL)","1977.HK","166090710","0.118636","Hong Kong"
"9290","Nyxoah","NYXH","165999552","1.63","Belgium"
"9291","Gobarto","GOB.WA","165858981","5.9661","Poland"
"9292","L'azurde Company for Jewelry","4011.SR","165707808","2.88188","Saudi Arabia"
"9293","Saudi Company for Hardware (SACO)","4008.SR","165597673","5.59329","Saudi Arabia"
"9294","Easy Lease Motorcycle Rental","EASYLEASE.AE","165504847","5.52","United Arab Emirates"
"9295","Smartbroker Holding","SB1.DE","165426928","9.85784","Germany"
"9296","MediWound","MDWD","164993344","12.78","Israel"
"9297","Fountaine Pajot","ALFPC.PA","164905036","98.928","France"
"9298","Strickland Metals Limited","STK.AX","164757525","0.0624148","Australia"
"9299","MAX Automation","MXHN.DE","164357583","3.98509","Germany"
"9300","Ateme SA","ATEME.PA","163935900","14.1575","France"
"9301","Sensorion","ALSEN.PA","163931892","0.318108","France"
"9302","TON Strategy Co.","TONX","163563808","2.97","United States"
"9303","Orion Properties","ONL","163433104","2.865","United States"
"9304","Masi Agricola","MASI.MI","163340757","5.0804","Italy"
"9305","Morabaha Marina Financing Company","4082.SR","163281451","2.33853","Saudi Arabia"
"9306","KORE Group","KORE","163005168","9.25","United States"
"9307","Bassett Furniture","BSET","162991920","18.825","United States"
"9308","Hyderabad Industries Limited","HIL.NS","162818595","21.5914","India"
"9309","Byggmästare Anders J Ahlström","AJA-B.ST","162803254","5.67116","Sweden"
"9310","Bahrain National Holding","BNH.BH","162798738","1.14058","Bahrain"
"9311","Baozun","BZUN","162794768","2.8","China"
"9312","Hamat Group","HAMAT.TA","162783679","4.44232","Israel"
"9313","GTL Infrastructure","GTLINFRA.NS","162460172","0.0126832","India"
"9314","Quipt Home Medical","QIPT","162297152","3.65","United States"
"9315","EDAP TMS","EDAP","161922176","4.32","France"
"9316","Sintana Energy","SEI.V","161595254","0.28834","Canada"
"9317","Eurocell","ECEL.L","161377633","1.63205","United Kingdom"
"9318","Dollar Industries","DOLLAR.NS","161049003","2.83956","India"
"9319","Banan Real Estate Company","4324.SR","160873622","0.804368","Saudi Arabia"
"9320","Quirin Privatbank","QB7.DE","160863554","3.70543","Germany"
"9321","Nykode Therapeutics","NYKD.OL","160858756","0.492606","Norway"
"9322","Alligator Energy","AGE.AX","160848883","0.0337183","Australia"
"9323","CuriosityStream","CURI","160806064","2.71","United States"
"9324","Hyosung Chemical Corporation","298000.KS","160461538","42.5845","South Korea"
"9325","Nekkar ASA","NKR.OL","160257266","1.56884","Norway"
"9326","Trifast","TRI.L","159788524","1.18324","United Kingdom"
"9327","Kudelski SA","KUD.SW","159716246","1.63204","Switzerland"
"9328","Masterflex","MZX.DE","159707832","16.6045","Germany"
"9329","Tenaya Therapeutics","TNYA","159539648","0.7115","United States"
"9330","Installux S.A.","ALLUX.PA","159533197","570.962","France"
"9331","Enad Global 7","EG7.ST","159492253","1.80007","Sweden"
"9332","Draganfly","DPRO","159367168","4.29","Canada"
"9333","Björn Borg","BORG.ST","159330537","6.32229","Sweden"
"9334","China Automotive Systems","CAAS","158999600","5.27","China"
"9335","Bitcoin Group","ADE.DE","158704262","31.7409","Germany"
"9336","Severfield","SFR.L","158630833","0.537218","United Kingdom"
"9337","SITE Centers","SITC","158475520","3.02","United States"
"9338","Laramide Resources","LAM.TO","158275293","0.540638","Canada"
"9339","CBo Territoria","CBOT.PA","157974064","4.50944","France"
"9340","Liva Insurance Company","8280.SR","157677457","3.94194","Saudi Arabia"
"9341","Fenix Resources","FEX.AX","157575983","0.204462","Australia"
"9342","The Saudi Arabian Amiantit Company","2160.SR","157325811","3.53443","Saudi Arabia"
"9343","lastminute.com","LMN.SW","157323365","14.8311","Netherlands"
"9344","Aptitude Software Group","APTD.L","157226984","2.9377","United Kingdom"
"9345","BCB Bancorp","BCBP","157123824","8.68","United States"
"9346","Macfarlane Group","MACF.L","156913347","1.01187","United Kingdom"
"9347","Wataniya Insurance Company","8300.SR","156825147","3.92063","Saudi Arabia"
"9348","LifeMD","LFMD","156652720","3.25","United States"
"9349","Foxtons Group","FOXT.L","156453227","0.529057","United Kingdom"
"9350","Outlook Therapeutics","OTLK","156402464","0.6445","United States"
"9351","Emak S.p.A.","EM.MI","155968900","0.957819","Italy"
"9352","Inspired Entertainment","INSE","155784080","5.84","United States"
"9353","Humm Group","HUM.AX","155759531","0.308487","Australia"
"9354","National International Holding Company (Kuwait)","NIH.KW","155636828","609.518","Kuwait"
"9355","Grigeo AB","GRG1L.VS","155539611","1.17106","Lithuania"
"9356","Navkar Corp","NAVKARCORP.NS","155312351","1.03184","India"
"9357","Admicom Oyj","ADMCM.HE","155049319","31.6942","Finland"
"9358","Audinate Group","AD8.AX","154875600","1.83657","Australia"
"9359","Mammoth Energy Services","TUSK","154730176","3.215","United States"
"9360","Mercia Asset Management","MERC.L","154673767","0.367212","United Kingdom"
"9361","The Eastern Company","EML","154591072","25.69","United States"
"9362","Stratus Properties","STRS","154345936","19.335","United States"
"9363","OnKure Therapeutics","OKUR","153885968","3.8","United States"
"9364","Dexelance","DEX.MI","153736963","2.58681","Italy"
"9365","NRC Group ASA","NRC.OL","153594929","0.889904","Norway"
"9366","Inclusio","INCLU.BR","153403391","19.6924","Belgium"
"9367","ALM Equity","ALM.ST","153255414","4.71546","Sweden"
"9368","Niu Technologies","NIU","152558192","1.945","China"
"9369","Emirates Investment Bank","EIBANK.AE","152488836","15.2489","United Arab Emirates"
"9370","Finbar Group Limited","FRI.AX","152274931","0.559581","Australia"
"9371","Qrf","QRF.BR","152215481","11.7106","Belgium"
"9372","Almawave","AIW.MI","152021175","5.07032","Italy"
"9373","Assertio Holdings","ASRT","151861232","23.5","United States"
"9374","JANOME Corporation","6445.T","151802923","9.07745","Japan"
"9375","Mazaya Real Estate Development Q.P.S.C.","MRDS.QA","151648347","0.151648","Qatar"
"9376","Owlet, Inc.","OWLT","151505616","5.1847","United States"
"9377","Kuwait Business Town Real Estate Company","KBT.KW","151222056","252.933","Kuwait"
"9378","ChargePoint","CHPT","151009088","5.831","United States"
"9379","Lanvin Group","LANV","150957872","1.08","China"
"9380","Altea Green Power S.p.A.","AGP.MI","150865269","8.27313","Italy"
"9381","WhiteHorse Finance","WHF","150550080","7.01","United States"
"9382","Braemar Hotels &amp; Resorts","BHR","150521904","2.05","United States"
"9383","Baazeem Trading Company","4051.SR","150209751","1.48355","Saudi Arabia"
"9384","Heliad AG","A7A.DE","150161135","16.6628","Germany"
"9385","Southern Petrochemical Industries Corp","SPIC.NS","150016171","0.736672","India"
"9386","Eleco","ELCO.L","149867706","1.79526","United Kingdom"
"9387","Proficient Auto Logistics","PAL","149802624","5.34","United States"
"9388","Elme Communities","ELME","149725520","1.685","United States"
"9389","LENZ Therapeutics","LENZ","149403744","4.755","United States"
"9390","Al Anwar Investments SAOG","AAIC.OM","149361770","0.485714","Oman"
"9391","Banca Sistema S.p.A.","BST.MI","149184710","1.85505","Italy"
"9392","Buligo Capital","BLGO.TA","149182888","2.6553","Israel"
"9393","Seef Properties","SEEF.BH","148859415","1.36605","Bahrain"
"9394","NRx Pharmaceuticals","NRXP","148504480","3.43","United States"
"9395","1stdibs.com","DIBS","148411520","4.415","United States"
"9396","Equillium","EQ","148374896","2.34","United States"
"9397","Al-Enma'a Real Estate Company","ERESCO.KW","148338248","423.177","Kuwait"
"9398","Quartix Technologies","QTX.L","148278010","3.0601","United Kingdom"
"9399","Cereno Scientific","CRNO-B.ST","148277931","0.475117","Sweden"
"9400","Kelly Partners Group","KPG.AX","148112348","3.2714","Australia"
"9401","Daldrup &amp; Söhne","4DS.DE","147883419","24.7029","Germany"
"9402","Hurco Companies","HURC","147595392","22.79","United States"
"9403","BICO Group","BICO.ST","147496290","2.08993","Sweden"
"9404","Empire Energy Group","EEG.AX","147437477","0.119432","Australia"
"9405","Sokouk Holding Company K.S.C.P.","SOKOUK.KW","147383125","257.823","Kuwait"
"9406","OPTiM","3694.T","147352750","2.70379","Japan"
"9407","UBM Development","UBS.VI","147144999","19.6924","Austria"
"9408","Tijara &amp; Real Estate Investment Company","TIJARA.KW","147131678","397.653","Kuwait"
"9409","Inogen","INGN","147022384","5.54","United States"
"9410","inTEST Corporation","INTT","146855248","11.45","United States"
"9411","Azerion Group","AZRN.AS","146776469","1.20019","Netherlands"
"9412","Genovis AB","GENO.ST","146650661","2.17394","Sweden"
"9413","KORU Medical Systems","KRMD","146526272","3.19","United States"
"9414","Sanok Rubber Company","SNK.WA","146488799","6.23154","Poland"
"9415","Keyrus","ALKEY.PA","146388560","9.20531","France"
"9416","Hooker Furnishings","HOFT","146032736","13.595","United States"
"9417","EKF Diagnostics","EKF.L","145758740","0.340011","United Kingdom"
"9418","Solid State Group","SOLI.L","145440250","2.56368","United Kingdom"
"9419","Oxford Square Capital","OXSQ","145405504","1.35","United States"
"9420","Aardvark Therapeutics","AARD","145315376","6.64","United States"
"9421","Asian Granito India","ASIANTILES.NS","145189057","0.489717","India"
"9422","Al Jouf Cement Company","3091.SR","144759634","1.33174","Saudi Arabia"
"9423","Scott Technology","SCT.NZ","144466925","1.71789","New Zealand"
"9424","Team Internet Group","TIG.L","144390927","0.59842","United Kingdom"
"9425","OptimizeRx","OPRX","144377568","7.665","United States"
"9426","RGP (Resources Connection)","RGP","144318784","4.19","United States"
"9427","BP Castrol K.K.","5015.T","144164402","6.27956","Japan"
"9428","Avantium N.V.","AVTX.AS","143920911","5.70962","Netherlands"
"9429","National Building and Marketing Company","9510.SR","143827410","11.9856","Saudi Arabia"
"9430","Nusantara Pelabuhan Handal","PORT.JK","143779220","0.0510953","Indonesia"
"9431","PLBY Group (Playboy)","PLBY","143769232","1.2","United States"
"9432","Synlait Milk","SML.NZ","143422241","0.23777","New Zealand"
"9433","The Kuwait Company for Process Plant Construction and Contracting","KCPC.KW","143394599","1075.62","Kuwait"
"9434","Cable One","CABO","143323344","25.26","United States"
"9435","Stereotaxis","STXS","143289104","1.43","United States"
"9436","SIG plc","SHI.L","143051435","0.12322","United Kingdom"
"9437","Oman Refreshment Company (Pepsi Oman)","ORCI.OM","142857146","2.85714","Oman"
"9438","Clipper Realty","CLPR","142715856","3.36","United States"
"9439","Saudi Printing and Packaging Company","4270.SR","142573449","2.18671","Saudi Arabia"
"9440","Milestone Pharmaceuticals","MIST","142550192","1.145","Canada"
"9441","Clarus","CLAR","142431936","3.72","United States"
"9442","United Wire Factories Company","1301.SR","142400651","5.07125","Saudi Arabia"
"9443","Coast Investment &amp; Development Company","COAST.KW","142327337","306.063","Kuwait"
"9444","Pine Cliff Energy","PNE.TO","142250807","0.396468","Canada"
"9445","Insight Molecular Diagnostics","IMDX","142187008","4.345","United States"
"9446","Knaus Tabbert AG","KTA.DE","141958767","13.6798","Germany"
"9447","ReposiTrak","TRAK","141935536","7.81","United States"
"9448","Biotalys","BTLS.BR","141914638","3.12282","Belgium"
"9449","Smith-Midland Corporation","SMID","141898208","26.75","United States"
"9450","IG Port, Inc.","3791.T","141653050","7.02608","Japan"
"9451","Annehem Fastigheter","ANNE-B.ST","141608357","1.78536","Sweden"
"9452","India Motor Parts and Accessories","IMPAL.NS","141594012","11.3457","India"
"9453","Oriental Aromatics","OAL.NS","141543124","4.20589","India"
"9454","Duluth Holdings","DLTH","141367712","3.72","United States"
"9455","Umm Al Qaiwain General Investment","QIC.AE","141341283","0.39","United Arab Emirates"
"9456","Prime Office A/S","PRIMOF.CO","141207493","37.4046","Denmark"
"9457","CI Games","CI7.F","141004603","0.644372","Poland"
"9458","Jagran Prakashan","JAGRAN.NS","140856329","0.647156","India"
"9459","Igarashi Motors India","IGARASHI.NS","140710965","4.47056","India"
"9460","Cavotec","CCC.ST","140627347","1.31802","Switzerland"
"9461","Bank of Innovation","4393.T","140614095","35.3814","Japan"
"9462","Global Cord Blood","CORBF","140610448","1.05","Hong Kong"
"9463","Jay Bharat Maruti","JAYBARMARU.NS","140529150","1.29819","India"
"9464","Affinity Bancshares","AFBI","140182352","23","United States"
"9465","ReadyTech Holdings","RDY.AX","140061189","1.13351","Australia"
"9466","Schloss Wachenheim","SWA.DE","139813561","17.6532","Germany"
"9467","Sloman Neptun","NEP.HM","139750639","69.9138","Germany"
"9468","Oconee Federal Financial","OFED","139682928","24","United States"
"9469","Motorpoint Group","MOTR.L","139644882","1.70006","United Kingdom"
"9470","Malath Cooperative Insurance Company","8020.SR","139565849","2.79132","Saudi Arabia"
"9471","Tiziana Life Sciences","TLSA","139348752","1.095","United Kingdom"
"9472","DeFi Development","DFDV","139335056","4.495","United States"
"9473","Piquadro","PQ.MI","139233370","2.93638","Italy"
"9474","Inovio Pharmaceuticals","INO","139069664","1.345","United States"
"9475","Unifi","UFI","139032656","7.48","United States"
"9476","Novolog","NVLG.TA","138919049","0.271924","Israel"
"9477","DMC Global","BOOM","138653456","6.7501","United States"
"9478","Astec Lifesciences","ASTEC.NS","138618775","6.22104","India"
"9479","Userjoy Technology","3546.TWO","138537053","2.25817","Taiwan"
"9480","Aquafil","ECNL.MI","138502948","1.60569","Italy"
"9481","Surteco Group","SUR.DE","138218175","8.91401","Germany"
"9482","Mpac Group","MPAC.L","138040846","4.59015","United Kingdom"
"9483","Skillz","SKLZ","137970800","8.84","United States"
"9484","Payton Industries","PAYT.TA","137762915","16.6621","Israel"
"9485","U.S. GoldMining","USGO","137760736","9.815","United States"
"9486","OFX Group","OFX.AX","137758320","0.591865","Australia"
"9487","Tracsis","TRCS.L","137715937","4.62415","United Kingdom"
"9488","Laiqon AG","LQAG.DE","137554992","5.63971","Germany"
"9489","Leifheit","LEI.DE","137292582","15.0315","Germany"
"9490","South Port NZ","SPN.NZ","137233029","5.23093","New Zealand"
"9491","Carlo Gavazzi Holding","GAV.SW","137160136","192.99","Switzerland"
"9492","Medifast","MED","137075424","12.26","United States"
"9493","Excel Industries","EXCELINDUS.NS","137003175","10.8986","India"
"9494","MaxCyte","MXCT","136748224","1.325","United States"
"9495","Selvita","SLV.WA","136485637","7.43721","Poland"
"9496","First Guaranty Bancshares","FGBI","136447520","8.25","United States"
"9497","Television Broadcasts (TVB)","0511.HK","136415392","0.292134","Hong Kong"
"9498","Green Landscaping Group","GREEN.ST","136376202","2.41549","Sweden"
"9499","Kulmbacher Brauerei","KUL.MU","136247959","40.55","Germany"
"9500","KVH Industries","KVHI","136057216","7.5","United States"
"9501","RAK Co. for White Cement &amp; Construction Materials","RAKWCT.AE","135781223","0.27","United Arab Emirates"
"9502","Nicolás Correa","NEA.MC","135698343","11.1629","Spain"
"9503","Lake Shore Bancorp","LSBK","135630208","17.2694","United States"
"9504","Aemetis","AMTX","135613872","1.8791","United States"
"9505","Detection Technology","DETEC.HE","135592755","9.25192","Finland"
"9506","Heidelberg Pharma","HPHA.DE","135195878","2.88977","Germany"
"9507","Sanghi Industries","SANGHIIND.NS","135090289","0.522945","India"
"9508","MotorK","MTRK.AS","135066901","2.76159","Italy"
"9509","Legacy Education","LGCY","134997248","10.67","United States"
"9510","Bulten AB","BULTEN.ST","134896317","6.42731","Sweden"
"9511","Warba Insurance and Reinsurance Company","WINSRE.KW","134886111","554.107","Kuwait"
"9512","Carnarvon Energy","CVN.AX","134768712","0.0753282","Australia"
"9513","Amadeus Fire","AAD.DE","134506332","24.7611","Germany"
"9514","Pkp Cargo","PKP.WA","134085312","2.99385","Poland"
"9515","Eidesvik Offshore","EIOF.OL","134038560","1.83656","Norway"
"9516","Bahrain Duty Free Shop Complex","DUTYF.BH","133969595","0.323607","Bahrain"
"9517","vTv Therapeutics","VTVT","133761392","33.83","United States"
"9518","Robert Walters","RWA.L","133746522","2.03327","United Kingdom"
"9519","Banca Profilo","PRO.MI","133745502","2.024","Italy"
"9520","LEWAG Holding","KGR.F","132836167","27.9655","Germany"
"9521","ADC Therapeutics","ADCT","132646744","1.039","Switzerland"
"9522","accesso Technology Group","ACSO.L","132605009","4.09373","United Kingdom"
"9523","SNGULAR","SNG.MC","132320343","2.35376","Spain"
"9524","AL KHALEEJ Investment","KICO.AE","132086259","1.26","United Arab Emirates"
"9525","Kalray","ALKAL.PA","131988402","7.15451","France"
"9526","Gulf Cement","GCEM.AE","131915675","0.32","United Arab Emirates"
"9527","Tihama for Advertising, Public Relations and Marketing","4070.SR","131870541","5.7531","Saudi Arabia"
"9528","Klil Industries","KLIL.TA","131831453","59.3319","Israel"
"9529","DouYu","DOYU","131730720","4.365","China"
"9530","Bahrain Commercial Facilities Company","BCFC.BH","131611572","0.941645","Bahrain"
"9531","FirstFarms A/S","FFARMS.CO","131155591","10.7226","Denmark"
"9532","Digimarc","DMRC","131031160","5.83","United States"
"9533","Kuke Music Holding","KUKE","131017104","1.39","China"
"9534","Nabaltec","NTG.DE","130738753","14.8567","Germany"
"9535","Wafrah for Industry and Development Company","2100.SR","130477389","5.6359","Saudi Arabia"
"9536","Energys Group","ENGS","130240112","2.925","United Kingdom"
"9537","Vertical Aerospace","EVTL","130132176","0.7578","United Kingdom"
"9538","Air Busan","298690.KS","129920742","1.11442","South Korea"
"9539","Jacktel AS","JACK.OL","129789009","0.625396","Norway"
"9540","Saudi Industrial Development Company","2130.SR","129764286","4.32548","Saudi Arabia"
"9541","CVC Limited","CVC.AX","129698161","1.11199","Australia"
"9542","Al-Mazaya Holding Company","MAZAYA.KW","129503491","249.022","Kuwait"
"9543","Sangoma Technologies","SANG","129454496","3.89","Canada"
"9544","Apyx Medical","APYX","129110136","3.065","United States"
"9545","Valsoia S.p.A.","VLS.MI","128891268","11.9436","Italy"
"9546","Al Ain Alahlia Insurance","ALAIN.AE","128658955","8.58","United Arab Emirates"
"9547","Reworld Media","ALREW.PA","128639923","2.24656","France"
"9548","enGene","ENGN","128284824","1.915","Canada"
"9549","Buruj Cooperative Insurance Company","8270.SR","128062926","4.26876","Saudi Arabia"
"9550","SDI Group","SDI.L","128001704","1.22404","United Kingdom"
"9551","NCS Multistage","NCSM","127997984","48.77","United States"
"9552","Methanol Chemicals Company","2001.SR","127846587","8.52311","Saudi Arabia"
"9553","Arabia Insurance Cooperative Company","8160.SR","127753370","2.41044","Saudi Arabia"
"9554","Naikai Zosen Corporation","7018.T","127686576","75.3422","Japan"
"9555","Al-Baha Investment And Development Company","4130.SR","127331493","0.5833","Saudi Arabia"
"9556","Peninsula Energy","PEN.AX","127106320","0.222398","Australia"
"9557","Quanterix","QTRX","126981872","2.685","United States"
"9558","S.S. Lazio","SSL.MI","126684864","1.87019","Italy"
"9559","Fortinova Fastigheter AB","FNOVA-B.ST","126620376","2.51001","Sweden"
"9560","Curatis","CURN.SW","126322417","23.829","Switzerland"
"9561","Carbios SAS","ALCRB.PA","126211604","7.48077","France"
"9562","IG Design Group","IGR.L","125600714","1.33284","United Kingdom"
"9563","Polytec Holding","PYT.VI","125586304","5.70962","Austria"
"9564","Arctic Paper","ARP.ST","125333879","1.80889","Poland"
"9565","Apex Frozen Foods","APEX.NS","125292188","4.00935","India"
"9566","Captor Therapeutics","CTX.WA","125264291","19.7784","Poland"
"9567","Anixa Biosciences","ANIX","125204880","3.68","United States"
"9568","Al Mahhar Holding Company","MHAR.QA","125109887","0.604396","Qatar"
"9569","Ambra","AMB.WA","124978070","4.95814","Poland"
"9570","UNITED","2497.T","124955888","3.33739","Japan"
"9571","Livestock Transport and Trading Company","CATTL.KW","124791431","596.48","Kuwait"
"9572","NZME Limited","NZM.NZ","124723592","0.662783","New Zealand"
"9573","Rupa Company","RUPA.NS","124441942","1.56443","India"
"9574","HT5 AG","HT5.SW","124427779","3.90969","Switzerland"
"9575","Magyar Bancorp","MGYR","124395232","19.27","United States"
"9576","Bioventix","BVXP.L","124355740","23.8008","United Kingdom"
"9577","MPH Health Care AG","93M1.DE","124220991","29.0142","Germany"
"9578","Vivani Medical","VANI","124029616","1.375","United States"
"9579","Unibep","UNI.WA","123978292","3.75518","Poland"
"9580","Black Rifle Coffee Company (BRCC)","BRCC","123931048","8.7","United States"
"9581","Dhampur Sugar Mills","DHAMPURSUG.NS","123804285","1.92522","India"
"9582","AFYREN","ALAFY.PA","123713594","3.19273","France"
"9583","Xaar","XAR.L","123562236","1.57765","United Kingdom"
"9584","MEDIA DO Co., Ltd.","3678.T","123408254","8.13018","Japan"
"9585","AB Zemaitijos pienas","ZMP1L.VS","123344916","3.0105","Lithuania"
"9586","Commercial Vehicle Group (CVG)","CVGI","123320184","3.035","United States"
"9587","Lai Sun Development Company","0488.HK","123287741","0.0848313","Hong Kong"
"9588","KULR Technology Group","KULR","123114912","2.6602","United States"
"9589","Genelux","GNLX","123067312","2.72","United States"
"9590","FCR Immobilien","FC9.DE","123064356","12.468","Germany"
"9591","CALIDA Holding","CALN.SW","122987892","17.5987","Switzerland"
"9592","Sound Financial Bancorp","SFBC","122598376","47.74","United States"
"9593","Klingelnberg AG","KLIN.SW","122329784","13.8382","Switzerland"
"9594","Solana Company","HSDT","122132632","2.0201","United States"
"9595","Devsisters","194480.KQ","122034833","11.1297","South Korea"
"9596","Balaji Telefilms","BALAJITELE.NS","121938068","1.00029","India"
"9597","KHD Humboldt Wedag International","KWG.DE","121623741","2.44698","Germany"
"9598","Vaxart","VXRT","121593472","0.5","United States"
"9599","Rent the Runway","RENT","121582864","3.62","United States"
"9600","The Joint Corp.","JYNT","121489696","8.59","United States"
"9601","The Platform Group","TPG.F","121387090","5.89726","Germany"
"9602","Ryde Group","RYDE","121274280","0.6729","Singapore"
"9603","Møns Bank","MNBA.CO","121253118","60.6266","Denmark"
"9604","Akatsuki Corp.","8737.T","121142627","4.00236","Japan"
"9605","Bloober Team","6BO.SG","121090028","6.28059","Poland"
"9606","Lhyfe SA","LHYFE.PA","121084939","2.5169","France"
"9607","Fluent","FLNT","121058304","3.8301","United States"
"9608","AGROB Immobilien","AGR.F","120769329","30.9951","Germany"
"9609","BHM Capital Financial Services","BHMCAPITAL.AE","120624115","0.262226","United Arab Emirates"
"9610","Fonar Corporation","FONR","120195888","19.09","United States"
"9611","Franchi Umberto Marmi","FUM.MI","119940348","3.67047","Italy"
"9612","Piscines Desjoyaux","ALPDX.PA","119749735","13.3419","France"
"9613","National Metal Manufacturing and Casting","2220.SR","119744310","3.38261","Saudi Arabia"
"9614","Al Omaniya Financial Services","AOFS.OM","119612685","0.379221","Oman"
"9615","ALT5 Sigma","ALTS","119560224","0.855","United States"
"9616","GEOX","GEO.MI","119468346","0.326264","Italy"
"9617","a.k.a. Brands","AKA","119447528","10.8677","United States"
"9618","Rani Therapeutics","RANI","119441592","0.85","United States"
"9619","Fractyl Health","GUTS","119368960","0.7499","United States"
"9620","Sadr Logistics Company","1832.SR","119323481","0.681848","Saudi Arabia"
"9621","Indel B S.p.A.","INDB.MI","119306015","22.8385","Italy"
"9622","Nautilus Biotechnology","NAUT","119238144","0.937","United States"
"9623","Seritage Growth Properties","SRG","119126544","2.115","United States"
"9624","SIEC (Saudi Industrial Export Company)","4140.SR","119089096","0.612598","Saudi Arabia"
"9625","Firefly AB","FIRE.ST","118806906","19.7965","Sweden"
"9626","Bodal Chemicals","BODALCHEM.NS","118786264","0.943167","India"
"9627","Magnachip Semiconductor","MX","118610400","3.2487","Luxembourg"
"9628","Bike24 Holding","BIKE.DE","118364575","2.68003","Germany"
"9629","Rafael Holdings","RFL","118299992","2.275","United States"
"9630","Monte Carlo Fashions","MONTECARLO.NS","118272429","5.70481","India"
"9631","Global Fashion Group","GFG.DE","118179742","0.519692","Luxembourg"
"9632","Health Catalyst","HCAT","118152528","1.57","United States"
"9633","Al Argan International Real Estate Company","ARGAN.KW","118101196","368.318","Kuwait"
"9634","Bellevue Group","BBN.SW","117715879","8.8366","Switzerland"
"9635","Arctic Fish Holding","AFISH.OL","117595872","2.61295","Iceland"
"9636","Union Bankshares","UNB","117513824","23.76","United States"
"9637","Fury Gold Mines","FURY","117425648","0.6176","Canada"
"9638","Wynnstay Group","WYN.L","117403160","5.10017","United Kingdom"
"9639","Nama Chemicals Company","2210.SR","117396407","4.99134","Saudi Arabia"
"9640","iDreamSky","1119.HK","117163732","0.0574046","China"
"9641","Lakeland Industries","LAKE","116998936","11.855","United States"
"9642","MRM","MRM.PA","116992105","36.549","France"
"9643","Merkur PrivatBank","MBK.DE","116925973","15.0315","Germany"
"9644","SRP Groupe (Showroomprive.com)","SRP.PA","116561257","1.00676","France"
"9645","Record Financial Group","REC.L","116324209","0.5957","United Kingdom"
"9646","Speedy Hire","SDY.L","116252062","0.252152","United Kingdom"
"9647","Getty Images","GETY","116074792","0.2757","United States"
"9648","Vocento","VOC.MC","115908998","0.96248","Spain"
"9649","Coya Therapeutics","COYA","115764480","4.935","United States"
"9650","Chapel Down Group","CDGP.L","115473964","0.673222","United Kingdom"
"9651","Jubilee Metals Group","JLP.L","115428876","0.0341371","United Kingdom"
"9652","National Gypsum Company","2090.SR","115381553","3.64363","Saudi Arabia"
"9653","Ash-Sharqiyah Development","6060.SR","115301641","3.84339","Saudi Arabia"
"9654","Saudi Fisheries Company","6050.SR","115256238","17.206","Saudi Arabia"
"9655","1Spatial","SPA.L","115093524","0.96671","United Kingdom"
"9656","Edel SE &amp; Co. KGaA","EDL.DE","115024608","5.40667","Germany"
"9657","Tillys","TLYS","114941344","3.77","United States"
"9658","Provident Financial Holdings","PROV","114882400","18.34","United States"
"9659","ORIOR AG","ORON.SW","114475657","17.5243","Switzerland"
"9660","Comet Ridge","COI.AX","114431345","0.0681541","Australia"
"9661","Response Plus Holding","RPM.AE","114366627","0.57","United Arab Emirates"
"9662","Cake Box Holdings","CBOX.L","114298145","2.59769","United Kingdom"
"9663","Caesarstone","CSTE","114277240","3.305","Israel"
"9664","Wielton","WLT.WA","114260736","1.43867","Poland"
"9665","Serverworks","4434.T","114253525","15.4072","Japan"
"9666","DATA MODUL","DAM.DE","114224953","32.3934","Germany"
"9667","Méliuz","CASH3.SA","114203100","1.09632","Brazil"
"9668","Talga Group","TLG.AX","113628889","0.222398","Australia"
"9669","VIGO Photonics","VGO.WA","113530230","129.779","Poland"
"9670","Ateam","3662.T","113447987","6.10391","Japan"
"9671","AS Harju Elekter","HAE1T.TL","113444407","6.1058","Estonia"
"9672","Guerbet","GBT.PA","113440837","9.04218","France"
"9673","Silver One Resources","SVE.V","113243581","0.320779","Canada"
"9674","Lokum Deweloper","LKD.WA","113143133","6.28573","Poland"
"9675","First Takaful Insurance Company","FTI.KW","112949150","677.966","Kuwait"
"9676","REC Silicon","RECSI.OL","112735706","0.024446","Norway"
"9677","Clere AG","CAG0.HM","112523708","14.4488","Germany"
"9678","Zain Bahrain","ZAINBH.BH","112254641","0.644562","Bahrain"
"9679","GreenTree Hospitality Group","GHG","112117112","1.1112","China"
"9680","The Pebble Group plc","PEBB.L","112104589","0.809227","United Kingdom"
"9681","Grange Resources","GRR.AX","112088910","0.0968506","Australia"
"9682","Bertrandt","BDT.DE","111866426","11.0697","Germany"
"9683","Seer Inc","SEER","111851472","2.02","United States"
"9684","Mayar Holding Company","9568.SR","111836964","0.932215","Saudi Arabia"
"9685","Filling and Packing Materials Manufacturing Company","2180.SR","111492886","9.69503","Saudi Arabia"
"9686","CDL Investments New Zealand Limited","CDI.NZ","111341770","0.380432","New Zealand"
"9687","ArcticZymes Technologies ASA","AZT.OL","111023695","2.17389","Norway"
"9688","Venu Holding Corporation","VENU","111015840","1.975","United States"
"9689","OMER S.p.A.","OMER.MI","110777850","3.86856","Italy"
"9690","Gaming Realms","GMR.L","110606593","0.409373","United Kingdom"
"9691","Serko Limited","SKO.NZ","110595877","0.876776","New Zealand"
"9692","ADLPartner (Dékuple)","DKUPL.PA","110525731","27.7325","France"
"9693","Encounter Resources","ENR.AX","110501055","0.197288","Australia"
"9694","Stabilis Solutions","SLNG","110462024","5.94","United States"
"9695","Crossject","ALCJ.PA","110355393","1.84106","France"
"9696","Fujairah Building Industries","FBI.AE","110342195","0.81","United Arab Emirates"
"9697","Answear.com","ANR.WA","110006884","5.79804","Poland"
"9698","Cherry Hill Mortgage Investment","CHMI","110001168","2.935","United States"
"9699","Unitech Group","UNITECH.NS","109970099","0.0420327","India"
"9700","CyberStep","3810.T","109966699","1.34248","Japan"
"9701","GAM Holding AG","GAM.SW","109849828","0.0987912","Switzerland"
"9702","Kuwait and Middle East Financial Investment Company","KMEFIC.KW","109713165","498.696","Kuwait"
"9703","Ultralife Corporation","ULBI","109227728","6.555","United States"
"9704","Al-Etihad Cooperative Insurance","8170.SR","109069111","2.18138","Saudi Arabia"
"9705","Haffner Energy","ALHAF.PA","109021718","0.611745","France"
"9706","Yellow Pages (Canada)","Y.TO","108989536","9.42873","Canada"
"9707","Jazan Development and Investment (JAZADCO)","6090.SR","108935946","2.17872","Saudi Arabia"
"9708","Dhofar Food & Investment SAOG","DFIN.OM","108850672","0.550649","Oman"
"9709","Iceland Seafood International","ICESEA.IC","108801114","0.0355039","Iceland"
"9710","EROAD Limited","ERD.NZ","108449843","0.576592","New Zealand"
"9711","Oncolytics Biotech","ONCY","108396680","0.8501","Canada"
"9712","Team Inc","TISI","108347056","23.64","United States"
"9713","Sogeclair","ALSOG.PA","108235720","35.423","France"
"9714","Suominen","SUY1V.HE","108196242","0.801678","Finland"
"9715","Peter Warren Automotive Holdings Limited","PWR.AX","108131186","0.627735","Australia"
"9716","GoPro","GPRO","108082688","0.5858","United States"
"9717","Kewaunee Scientific Corporation","KEQU","108057096","37.6701","United States"
"9718","BAIOO Family Interactive","2100.HK","107498659","0.0376319","China"
"9719","Townsquare Media","TSQ","107384360","5.89","United States"
"9720","Eurofins-Cerep","ALECR.PA","106969003","21207.2","France"
"9721","TCM Group A/S","TCM.CO","106919012","10.3486","Denmark"
"9722","Asiya Capital Investments Company","ASIYA.KW","106852344","133.638","Kuwait"
"9723","Grupa Kapitałowa Immobile","GKI.WA","106811687","1.42513","Poland"
"9724","Pulmonx","LUNG","106511704","2.48","United States"
"9725","First Northwest Bancorp","FNWB","106339856","11.18","United States"
"9726","The Securities House","SECH.KW","106125095","271.186","Kuwait"
"9727","Renascor Resources","RNU.AX","105948613","0.0416099","Australia"
"9728","Devyser Diagnostics","DVYSR.ST","105895317","6.26978","Sweden"
"9729","Sitowise Group Oyj","SITOWS.HE","105674116","2.94803","Finland"
"9730","LENSAR","LNSR","105658440","8.6","United States"
"9731","Atturra","ATA.AX","105628912","0.286965","Australia"
"9732","Dar Al-Thuraya Real Estate","THURAYA.KW","105529658","720.339","Kuwait"
"9733","Foodco National Foodstuff","FNF.AE","105217297","0.38","United Arab Emirates"
"9734","Euroapi","EAPI.PA","104790798","1.09648","France"
"9735","HilleVax","HLVX","104762376","2.09","United States"
"9736","maison pommery &amp; associes","POMRY.PA","104589185","11.7688","France"
"9737","Smith Douglas Homes","SDHC","104486424","12.45","United States"
"9738","PhenixFIN","PFX","104288744","54","United States"
"9739","Fleury Michon","ALFLE.PA","104174093","25.169","France"
"9740","Alliance Aviation Services","AQZ.AX","104096767","0.64632","Australia"
"9741","SergeFerrari Group","SEFER.PA","104076312","9.11002","France"
"9742","INOVEST","INOVEST.BH","104023344","0.115","Bahrain"
"9743","Bastei Lübbe","BST.DE","103800231","7.92356","Germany"
"9744","ACRES Commercial Realty","ACR","103757520","14.55","United States"
"9745","AB Kauno Energija","KNR1L.VS","103738586","2.42368","Lithuania"
"9746","PGG Wrightson","PGW.NZ","103648711","1.37312","New Zealand"
"9747","Pathfinder Bancorp","PBHC","103597608","16.5","United States"
"9748","Synchronoss Technologies","SNCR","103560608","9","United States"
"9749","NWF Group plc","NWF.L","103543555","2.08767","United Kingdom"
"9750","Investigator Resources","IVR.AX","103491760","0.0394576","Australia"
"9751","Riverview Bancorp","RVSB","103457272","5.185","United States"
"9752","Dubai National Insurance & Reinsurance Company","DNIR.AE","103158697","0.893149","United Arab Emirates"
"9753","Broadwind","BWEN","103146144","4.36","United States"
"9754","Xlife Sciences","XLS.SW","103076715","17.8718","Switzerland"
"9755","Hong Kong Technology Venture Company (HKTV)","1137.HK","102984306","0.130117","Hong Kong"
"9756","Metatek-Group","MTEK.TO","102906318","2.09047","United Kingdom"
"9757","Tucows","TCX","102836288","9.1965","Canada"
"9758","Dhofar Insurance Company SAOG","DICS.OM","102751525","0.883117","Oman"
"9759","NOVONIX","NVX","102647088","0.4115","Australia"
"9760","Forsys Metals","FSY.TO","102613223","0.419299","Canada"
"9761","INNOVATE Corp.","VATE","102313992","7.5","United States"
"9762","Anaam International","4061.SR","102105478","3.24144","Saudi Arabia"
"9763","Tamil Nadu Newsprint and Papers Limited","TNPL.NS","102050849","1.4745","India"
"9764","Orion Energy Systems","OESX","101945488","24.9299","United States"
"9765","CTEK AB","CTEK.ST","101857213","1.4556","Sweden"
"9766","Osoul Investment Company","OSOUL.KW","101783831","805.085","Kuwait"
"9767","Nova Klúbburinn","NOVA.IC","101770953","0.0293654","Iceland"
"9768","Mekdam Holding Group","MKDM.QA","101725606","0.563187","Qatar"
"9769","Creepy Jar","CRJ.WA","101563059","145.222","Poland"
"9770","Tile Shop Holdings","TTSH","101545432","2.55","United States"
"9771","Norse Atlantic ASA","NORSE.OL","101528867","0.0343218","Norway"
"9772","Gateway Real Estate","GTY.F","101502268","0.361221","Germany"
"9773","Logistic Properties of the Americas","LPA","101460992","3.2008","United States"
"9774","United Foods Company","UFC.AE","101316580","3.34931","United Arab Emirates"
"9775","Elevate Uranium","EL8.AX","101299190","0.215223","Australia"
"9776","Apex Critical Metals","KL9.F","101153557","1.04871","Canada"
"9777","Zevia","ZVIA","101142600","1.4021","United States"
"9778","Park Dental Partners","PARK","101061152","21.2524","United States"
"9779","Dolphin Drilling","DDRIL.OL","101056898","0.248445","Norway"
"9780","Orthex Oyj","ORTHEX.HE","100775594","5.67467","Finland"
"9781","Lemonsoft","LEMON.HE","100769786","5.66302","Finland"
"9782","GrowGeneration","GRWG","100459368","1.705","United States"
"9783","Polaryx Therapeutics","PLYX","100190440","2.01","United States"
"9784","Softstar Entertainment","6111.TWO","100153953","1.13536","Taiwan"
"9785","Here Group Limited","HERE","100067696","1.84","China"
"9786","4basebio","4BB.L","100035576","6.46021","United Kingdom"
"9787","EcoSynthetix","ECO.TO","100005338","1.70121","Canada"
"9788","Ras Alkhaima National Insurance","RAKNIC.AE","99714264","0.82","United Arab Emirates"
"9789","Atlas Lithium","ATLX","99627344","3.3099","United States"
"9790","ReneSola","SOL","99563952","1.94","United States"
"9791","AMC Robotics Corporation","AMCI","99555560","4.29","United States"
"9792","Al Gassim Investment Holding","6020.SR","99240913","3.30803","Saudi Arabia"
"9793","CeoTronics","CEK.DE","99122348","12.4213","Germany"
"9794","Saudi Vitrified Clay Pipe Company","2360.SR","98806218","5.68118","Saudi Arabia"
"9795","Microbot Medical","MBOT","98799416","1.471","United States"
"9796","HF Foods Group","HFFG","98638728","1.83","United States"
"9797","SMN Power Company","SMNP.OM","98521467","0.493507","Oman"
"9798","Takween Advanced Industries","1201.SR","98164718","1.28379","Saudi Arabia"
"9799","Otovo ASA","OTOVO.OL","98063744","1.23152","Norway"
"9800","Fevara","FVA.L","97913732","1.89046","United Kingdom"
"9801","Alijarah Holding","NLCS.QA","97872920","0.197802","Qatar"
"9802","Burning Rock Biotech","BNR","97659136","9.26","China"
"9803","Atara Biotherapeutics","ATRA","97616736","9.725","United States"
"9804","ACTIA Group","ALATI.PA","97588961","4.85901","France"
"9805","Bait Vegag Real Estate Development","BVGG.TA","97541123","1.76717","Israel"
"9806","Innoviz Technologies","INVZ","97481024","0.327","Israel"
"9807","Allied Tecnologia","ALLD3.SA","97384125","1.01482","Brazil"
"9808","Miko Group","MIKO.BR","96963410","78.0704","Belgium"
"9809","PCC Exol","PCX.WA","96718981","0.55542","Poland"
"9810","Emperor International","0163.HK","96406041","0.0174765","Hong Kong"
"9811","SelectQuote","SLQT","96197040","0.5448","United States"
"9812","KLab","3656.T","96159151","1.21074","Japan"
"9813","Braemar","BMS.L","96142997","3.0057","United Kingdom"
"9814","Virco Manufacturing","VIRC","96063464","6.1072","United States"
"9815","Hyosung ITX","094280.KS","95924816","8.69013","South Korea"
"9816","Ticketplus","TP","95923960","8.01","Chile"
"9817","Himatsingka Seide","HIMATSEIDE.NS","95780923","0.761724","India"
"9818","LACROIX Group SA","LACR.PA","95767475","20.3915","France"
"9819","coly","4175.T","95655714","17.3833","Japan"
"9820","Cullman Bancorp","CULL","95402008","16.6","United States"
"9821","Yiren Digital","YRD","95362432","1.09","China"
"9822","Unitronics","UNIT.TA","95358172","6.81492","Israel"
"9823","Arab Sea Information Systems Company","7201.SR","95352246","0.953522","Saudi Arabia"
"9824","Zomedica Pharmaceuticals","ZOM","95349136","0.0973","United States"
"9825","gumi","3903.T","95347491","1.76907","Japan"
"9826","BCP Investment Corporation","BCIC","95230288","7.69","United States"
"9827","National Consumer Holding Company","NCCI.KW","94947846","316.493","Kuwait"
"9828","MediaCo Holding","MDIA","94942440","1.13","United States"
"9829","Pioneer Credit","PNC.AX","94941006","0.502188","Australia"
"9830","clearvise AG","ABO.DE","94831012","1.25845","Germany"
"9831","Kuwait Foundry Company K.S.C.P.","KFOUC.KW","94703387","1456.98","Kuwait"
"9832","Sawaeed Holding","SAWAEED.AE","94614169","1.85","United Arab Emirates"
"9833","R. Stahl AG","RSL2.DE","94551385","14.6819","Germany"
"9834","Al Sagr Cooperative Insurance Company","8180.SR","94526570","3.15089","Saudi Arabia"
"9835","Aldeyra Therapeutics","ALDX","94410848","1.565","United States"
"9836","CGRE AG","CGX.F","94383592","15.7306","Germany"
"9837","Groupe Minoteries SA","GMI.SW","94199121","285.452","Switzerland"
"9838","Fortress Biotech","FBIO","94049792","2.82","United States"
"9839","Cheetah Mobile","CMCM","94047040","3.03","China"
"9840","Wrap Technologies","WRAP","93900248","1.52","United States"
"9841","Tabuk Agricultural Development Company","6040.SR","93702693","2.3918","Saudi Arabia"
"9842","Nanoform Finland","NANOFS.ST","93663380","1.09222","Finland"
"9843","Takaful Emarat - Insurance","TAKAFUL-EM.AE","93496560","0.449297","United Arab Emirates"
"9844","Arq Inc.","ARQ","93450560","2.14","United States"
"9845","BioPorto","BIOPOR.CO","93365843","0.188581","Denmark"
"9846","FriendTimes","6820.HK","93350657","0.044648","China"
"9847","The NAGA Group","N4G.DE","93222617","0.40047","Germany"
"9848","Antalpha Platform","ANTA","92935512","3.87","Singapore"
"9849","Aptera Motors","SEV","92843752","2.29","United States"
"9850","Momentus Inc.","MNTS","92795360","4.225","United States"
"9851","Amana Cooperative Insurance Company","8310.SR","92654155","2.15475","Saudi Arabia"
"9852","Prevas AB","PREV-B.ST","92560578","7.18346","Sweden"
"9853","Norcod AS","NCOD.OL","92476320","1.16726","Norway"
"9854","Michelmersh Brick Holdings plc","MBH.L","92476176","1.02003","United Kingdom"
"9855","Vera Bradley","VRA","92424320","3.25","United States"
"9856","Topps Tiles","TPT.L","92405649","0.471935","United Kingdom"
"9857","AudioEye","AEYE","92324256","7.345","United States"
"9858","AB Pieno Zvaigzdes","PZV1L.VS","92298885","2.04498","Lithuania"
"9859","Infant Bacterial Therapeutics AB","IBT-B.ST","91961173","6.82639","Sweden"
"9860","Vistin Pharma","VISTN.OL","91651565","2.0668","Norway"
"9861","Arabian International Healthcare Holding","9530.SR","91623387","4.58117","Saudi Arabia"
"9862","Sotherly Hotels","SOHO","91583664","2.25","United States"
"9863","Intercede Group plc","IGP.L","91579178","1.50965","United Kingdom"
"9864","Ringmetall","HP3A.DE","91454680","3.14612","Germany"
"9865","Drecom","3793.T","91356322","3.19938","Japan"
"9866","Gascogne Groupe","ALBI.PA","91232233","2.42368","France"
"9867","SYLA Holdings","8887.T","91232110","2.42149","Japan"
"9868","Accendra Health","ACH","91132072","1.185","United States"
"9869","GCL Global Holdings Ltd","GCL","90873384","0.7099","Singapore"
"9870","Cavatina Holding Spólka Akcyjna","CAV.WA","90588297","3.56282","Poland"
"9871","Union Insurance Company","UNION.AE","90537783","0.36","United Arab Emirates"
"9872","electroCore","ECOR","90429328","10.03","United States"
"9873","Buzzfeed","BZFD","90418192","1.085","United States"
"9874","Nilörngruppen","NIL-B.ST","90287929","7.91861","Sweden"
"9875","Hyperfine","HYPR","90236816","0.8509","United States"
"9876","mwb fairtrade AG","MWB0.DE","90225158","12.1184","Germany"
"9877","Aura Energy","AURA.L","90121591","0.0884029","Australia"
"9878","Noodles &amp; Company","NDLS","90096568","15.1","United States"
"9879","Maytronics","MTRN.TA","90041264","0.820483","Israel"
"9880","Banqup Group SA","BANQ.BR","90019388","2.42368","Belgium"
"9881","Golden Matrix Group","GMGI","89996768","0.6372","United States"
"9882","Raysut Cement","RCCI.OM","89870132","0.449351","Oman"
"9883","SkinHealth Systems","SKIN","89862200","0.6905","United States"
"9884","Delfingen Industry","ALDEL.PA","89677379","34.4908","France"
"9885","Orosur Mining","OMI.V","89610078","0.223464","Canada"
"9886","Rallybio","RLYB","89588120","16.87","United States"
"9887","Acrivon Therapeutics","ACRV","89349256","2.085","United States"
"9888","Ascend Wellness (AWH)","AAWH","89271376","0.4393","United States"
"9889","Gossamer Bio","GOSS","89214528","0.1825","United States"
"9890","Apetit Oyj","APETIT.HE","89190164","14.2741","Finland"
"9891","OSE Immunotherapeutics","OSE.PA","88694895","3.74738","France"
"9892","Al Manar Financing and Leasing Company","ALMANAR.KW","88266438","361.799","Kuwait"
"9893","Charlotte's Web","CWEB.TO","88256136","0.325318","United States"
"9894","Drilling Tools International","DTI","88205560","2.5","United States"
"9895","Chegg","CHGG","88078096","0.7933","United States"
"9896","Kuwait Emirates Holding Company","EMIRATES.KW","87908622","498.696","Kuwait"
"9897","SAICO (Saudi Arabian Cooperative Insurance Company)","8100.SR","87894529","2.92982","Saudi Arabia"
"9898","Scully Royalty","SRL","87856048","5.77","China"
"9899","Real-Estate Trade Centers Company (Marakez)","MARAKEZ.KW","87785200","616.036","Kuwait"
"9900","Groupe LDLC","ALLDL.PA","87629567","14.3556","France"
"9901","Nanexa AB","NANEXA.ST","87620520","0.474172","Sweden"
"9902","Bien Sparebank","BIEN.OL","87592704","15.4207","Norway"
"9903","Abitare In S.p.A.","ABT.MI","87567465","3.42577","Italy"
"9904","Shimao Property","0813.HK","87353602","0.00841935","Hong Kong"
"9905","Martin Midstream Partners","MMLP","87298920","2.2313","United States"
"9906","Summit State Bank","SSBI","87289344","12.9","United States"
"9907","Oman United Insurance","OUIC.OM","87272729","0.831169","Oman"
"9908","CVRx","CVRX","87118016","3.27","United States"
"9909","Blink Charging","BLNK","86629872","0.5977","United States"
"9910","Velo3D","VLDX","86513896","6.15","United States"
"9911","XXL ASA","XXL.OL","86472902","0.988001","Norway"
"9912","11 bit studios","11B.WA","86447822","35.7636","Poland"
"9913","Warba Capital Holding Company","WARBACAP.KW","86244952","2874.84","Kuwait"
"9914","Pharol, SGPS S.A.","PHR.LS","86185121","0.104871","Portugal"
"9915","Panasonic Manufacturing Malaysia Berhad","3719.KL","86089249","1.41721","Malaysia"
"9916","Lake Resources NL","LKE.AX","86039375","0.0344358","Australia"
"9917","Creo Medical Group","CREO.L","85893435","0.176806","United Kingdom"
"9918","Zephyr Energy plc","ZPHR.L","85712141","0.0408013","United Kingdom"
"9919","Sterling Tools","STERTOOLS.NS","85601895","2.3553","India"
"9920","Micware Co., Ltd.","MWC","85563960","1.44","Japan"
"9921","Vitura SA","VTR.PA","85418540","5.01049","France"
"9922","Sera Prognostics","SERA","85210848","2.16","United States"
"9923","Enigmatig","EGG","85135808","3.04","Singapore"
"9924","Victoria PLC","VCP.L","85000658","0.734424","United Kingdom"
"9925","Athos Immobilien","ATH.VI","84962469","48.7066","Austria"
"9926","MAIA Biotechnology","MAIA","84863720","1.395","United States"
"9927","Casino Guichard-Perrachon","CO.PA","84859444","0.212072","France"
"9928","Omer-Decugis & Cie","ALODC.PA","84692611","9.97436","France"
"9929","Ispire Technology","ISPR","84595224","1.4738","United States"
"9930","Arbe Robotics","ARBE","84558072","0.6637","Israel"
"9931","High Co.","HCO.PA","84514629","4.26474","France"
"9932","Laox Holdings","8202.T","84301549","0.922174","Japan"
"9933","OEX S.A.","OEX.WA","84244537","13.2621","Poland"
"9934","Surf Air Mobility","SRFM","84177000","0.6808","United States"
"9935","Alan Allman Associates","AAA.PA","84167671","1.85271","France"
"9936","Kokuyo Camlin","KOKUYOCMLN.NS","84036850","0.837823","India"
"9937","Verrica Pharmaceuticals","VRCA","84004272","4.89","United States"
"9938","Thryv","THRY","83989920","1.89","United States"
"9939","Wiener Privatbank","WPB.VI","83974466","16.7793","Austria"
"9940","Premier Miton Group plc","PMI.L","83789038","0.527017","United Kingdom"
"9941","Great Elm Capital","GECC","83755192","6.03","United States"
"9942","Usio","USIO","83491568","2.93","United States"
"9943","Quantum Graphite","QGL.AX","83476580","0.236746","Australia"
"9944","Railcare Group AB","RAIL.ST","83393101","3.4132","Sweden"
"9945","Rottneros","RROS.ST","83281184","0.311914","Sweden"
"9946","Taageer Finance","TFCI.OM","83265089","0.293507","Oman"
"9947","Rapid Micro Biosystems","RPID","83264864","1.66","United States"
"9948","Vince Holding","VNCE","83250464","6.48","United States"
"9949","Hoffmann Green Cement Technologies","ALHGR.PA","83158265","4.70753","France"
"9950","PWO AG","PWO.DE","83022604","26.5672","Germany"
"9951","IBU-tec advanced materials AG","IBU.DE","83022604","17.4784","Germany"
"9952","OKYO Pharma","OKYO","82917656","1.58","United Kingdom"
"9953","Senergy Holding Company K.S.C.P.","SENERGY.KW","82888251","821.382","Kuwait"
"9954","Agfa-Gevaert","AGFB.BR","82804268","0.53484","Belgium"
"9955","Lifevantage","LFVN","82759792","6.56","United States"
"9956","LUDWIG BECK am Rathauseck - Textilhaus Feldmeier","ECK.DE","82666044","22.3724","Germany"
"9957","Adicet Bio","ACET","82661952","8.83","United States"
"9958","Elica S.p.A.","ELC.MI","82602544","1.40993","Italy"
"9959","Asetek","ASTK.CO","82564016","0.260469","Denmark"
"9960","Largo","LGO","82280304","0.7978","Canada"
"9961","Jushi Holdings","JUSHF","82261016","0.41193","United States"
"9962","Scherzer &amp; Co. AG","PZS.DE","82230201","3.07621","Germany"
"9963","Al Madar Kuwait Holding Company","MADAR.KW","82147964","397.653","Kuwait"
"9964","Siebert Financial","SIEB","81881872","2","United States"
"9965","LanzaTech Global","LNZA","81741824","6.245","United States"
"9966","Hily Holding","HH.AE","81685998","0.68","United Arab Emirates"
"9967","Esterad Investment Company","ESTERAD.BH","81684609","0.899204","Bahrain"
"9968","DelfinGroup AS","DGR1R.RG","81598302","1.79445","Latvia"
"9969","Sono-Tek Corporation","SOTK","81569792","5.19","United States"
"9970","Ebixcash India","EBIXFOREX.NS","81507586","7.31","India"
"9971","Cantourage Group SE","HIGH.DE","81503303","6.80494","Germany"
"9972","Moulinvest","ALMOU.PA","81448659","26.9168","France"
"9973","United Finance Co. SAOG","UFCI.OM","81400527","0.228571","Oman"
"9974","Tigo Energy","TYGO","81380128","1.06","United States"
"9975","PodcastOne","PODC","81379752","2.69","United States"
"9976","Telomir Pharmaceuticals","TELO","81154448","1.18","United States"
"9977","New Fortress Energy","NFE","81148808","0.2841","United States"
"9978","Banader Hotels Company","BANADER.BH","81106824","0.695145","Bahrain"
"9979","Nexstim","NXTMH.HE","80846720","11.1746","Finland"
"9980","Air T, Inc.","AIRT","80827880","30.14","United States"
"9981","Interlink Electronics","LINK","80698416","5.1226","United States"
"9982","National Hotels Company (Bahrain)","NHOTEL.BH","80421087","0.503979","Bahrain"
"9983","Feiyu Technology International Company","1022.HK","80340853","0.0459237","China"
"9984","Definitive Healthcare","DH","80207976","0.7514","United States"
"9985","Grand Twins International Cambodia","GTI.KH","80198020","2","Cambodia"
"9986","Veritone","VERI","80044200","0.7968","United States"
"9987","Ideal Power","IPWR","80036768","4.87","United States"
"9988","Haulotte Group","PIG.PA","79931185","2.71498","France"
"9989","SoundThinking 
 (ShotSpotter)","SSTI","79838384","6.065","United States"
"9990","Quick Heal","QUICKHEAL.NS","79708276","1.46905","India"
"9991","Outset Medical","OM","79699968","4.24","United States"
"9992","Cingulate","CING","79689208","5.48","United States"
"9993","ALBA SE","ABA.F","79586725","8.08808","Germany"
"9994","The Italian Sea Group","TISG.MI","79543229","1.50082","Italy"
"9995","Kuwait Resorts Company","MUNTAZAHAT.KW","79317136","378.096","Kuwait"
"9996","Silvercrest Asset Management Group","SAMG","79273760","10.135","United States"
"9997","Rekor Systems","REKR","79251096","0.5758","United States"
"9998","Fairwood Holdings","0052.HK","79244612","0.611678","Hong Kong"
"9999","Marchex","MCHX","79205200","1.7864","United States"
"10000","Airtasker","ART.AX","78979385","0.161418","Australia"
"10001","Majestic Gold","MJS.V","78918554","0.0756893","Canada"
"10002","Water Intelligence plc","WATR.L","78908126","4.69215","United Kingdom"
"10003","CBAK Energy Technology","CBAT","78894800","0.89","China"
"10004","Pullup Entertainment","ALPUL.PA","78893422","9.86949","France"
"10005","Microlise","SAAS.L","78871351","0.680022","United Kingdom"
"10006","Al Anwar Ceramic Tiles","AACT.OM","78857145","0.358442","Oman"
"10007","Hennessy Advisors","HNNA","78846496","9.975","United States"
"10008","Heidmar Maritime Holdings","HMR","78754320","1.335","Greece"
"10009","Vivid Seats","SEAT","78744576","7.005","United States"
"10010","Dlala Brokerage and Investment Holding Company","DBIS.QA","78613176","0.412912","Qatar"
"10011","Alcadon Group AB","ALCA.ST","78512554","3.20315","Sweden"
"10012","Icape Holding","ALICA.PA","78479663","9.95106","France"
"10013","Umbrella Global Energy","UMB.MC","78374438","3.63552","Spain"
"10014","Villars Holding","VILN.SW","78360017","750.863","Switzerland"
"10015","Blackboxstocks","BLBX","78138184","18.15","United States"
"10016","Galfar Engineering and Contracting","GECS.OM","78031155","0.384416","Oman"
"10017","European Residential REIT","ERE-UN.TO","77929613","0.836997","Canada"
"10018","Advanced Flower Capital","AFCG","77764688","3.43","United States"
"10019","G8 Education","GEM.AX","77493528","0.100438","Australia"
"10020","Credit Rating And Collection Company","TAHSSILAT.KW","77444581","469.361","Kuwait"
"10021","Kapsch TrafficCom","KTCG.VI","77315310","5.40667","Austria"
"10022","Home Federal Bancorp (HFB Bank)","HFBL","77278256","25.4","United States"
"10023","Steel Connect","STCN","77168096","12.18","United States"
"10024","Western Bulk","WEST.OL","77045937","2.29169","Norway"
"10025","Full House Resorts","FLL","76953408","2.1","United States"
"10026","Ekinops","EKI.PA","76937361","2.84899","France"
"10027","Comscore","SCOR","76832688","5.06","United States"
"10028","Northern Technologies International","NTIC","76695368","8.08","United States"
"10029","Cettire Limited","CTT.AX","76581314","0.200875","Australia"
"10030","CombinedX","CX.ST","76508443","3.9278","Sweden"
"10031","WISeKey International","WKEY","76503648","6.44","Switzerland"
"10032","Al Kathiri Holding Company","3008.SR","76461813","0.338261","Saudi Arabia"
"10033","Solitario Resources","XPL","76363024","0.8065","United States"
"10034","ad pepper media International","APM.DE","76360456","3.14612","Germany"
"10035","Ekopak","EKOP.BR","76278279","4.35796","Belgium"
"10036","Al Fujairah National Insurance Company","AFNIC.AE","76119281","57.19","United Arab Emirates"
"10037","Upexi","UPXI","76023192","1.035","United States"
"10038","Zepp Health","ZEPP","75964600","5.18","China"
"10039","Annovis Bio","ANVS","75838952","1.78","United States"
"10040","Mubarrad Holding Company","MUBARRAD.KW","75763929","462.842","Kuwait"
"10041","Rapala VMC Corporation","RAP1V.HE","75689779","1.98505","Finland"
"10042","Battalion Oil","BATL","75606720","1.3199","United States"
"10043","OS Therapies","OSTX","75282680","1.62","United States"
"10044","Kellton Tech Solutions","KELLTONTEC.NS","75252901","0.141611","India"
"10045","InfraCom Group AB","INFRA.ST","75131275","2.16344","Sweden"
"10046","Nankai Tatsumura Construction","1850.T","75077224","2.67869","Japan"
"10047","FC Porto","FCP.LS","74982185","3.33256","Portugal"
"10048","FreeCast, Inc.","CAST","74940176","1.575","United States"
"10049","Research Solutions","RSSS","74922472","2.24","United States"
"10050","CMGE Technology Group","0302.HK","74894033","0.0250029","China"
"10051","Zentek","ZTEK","74857472","0.5912","Canada"
"10052","Grupo Casas Bahia S.A.","BHIA3.SA","74748864","0.0737349","Brazil"
"10053","Shengfeng Development","SFWL","74660248","0.905","China"
"10054","LeonaBio","LONA","74619568","7.92","United States"
"10055","Aqar Real Estate Investments Company","AQAR.KW","74549098","332.464","Kuwait"
"10056","Westwater Resources","WWR","74529032","0.5797","United States"
"10057","Pricer AB","PRIC-B.ST","74306919","0.454743","Sweden"
"10058","Titanium Oyj","TITAN.HE","74200241","7.06129","Finland"
"10059","Salama Cooperative Insurance Company","8050.SR","74151021","2.4717","Saudi Arabia"
"10060","Development Works Food Company","6013.SR","74071116","24.6904","Saudi Arabia"
"10061","SunCar Technology Group","SDA","74038392","0.7258","China"
"10062","AMTD IDEA Group","AMTD","74029800","0.78","Hong Kong"
"10063","MediciNova","MNOV","73787568","1.4991","United States"
"10064","Austin Engineering","ANG.AX","73759447","0.118373","Australia"
"10065","Airship AI","AISP","73642112","2.1383","United States"
"10066","Inseego","INSG","73245184","4.5","United States"
"10067","Erbud","ERB.WA","73048389","6.12317","Poland"
"10068","Oman Reinsurance","ORIC.OM","73028381","0.220779","Oman"
"10069","Mobilicom","MOB","72830912","5.66","Australia"
"10070","Ithmaar Holding","ITHMR.BH","72738119","0.25","Bahrain"
"10071","WeShop Holdings","WSHP","72730608","6.24","British Virgin Islands"
"10072","Scana ASA","SCANA.OL","72709749","0.15742","Norway"
"10073","Branicks Group","BRNK.DE","72640258","0.869261","Germany"
"10074","Town Centre Securities","TOWN.L","72553095","1.72726","United Kingdom"
"10075","The InterGroup Corporation","INTG","72447200","33.715","United States"
"10076","Bilendi SA","ALBLD.PA","72435520","15.6374","France"
"10077","Gabriel Holding A/S","GABR.CO","72395425","39.5865","Denmark"
"10078","Thinkific Labs","THNC.TO","72380479","1.07407","Canada"
"10079","Guillemot Corporation","GUI.PA","72276219","5.01049","France"
"10080","ZK International Group","ZKIN","72211216","1.1894","China"
"10081","Mashaer Holding Company K.S.C.P.","MASHAER.KW","72152032","449.804","Kuwait"
"10082","Pliant Therapeutics","PLRX","72139008","1.165","United States"
"10083","Kooth plc","KOO.L","72060405","1.98567","United Kingdom"
"10084","iBio","IBIO","72033912","1.45","United States"
"10085","Hayah Insurance Company","HAYAH.AE","71883679","0.36","United Arab Emirates"
"10086","Alithya Group","ALYA.TO","71846110","0.742476","Canada"
"10087","Genasys","GNSS","71819744","1.577","United States"
"10088","United Homes Group","UHG","71769208","1.22","United States"
"10089","MGI Digital Technology","ALMDG.PA","71707088","11.7455","France"
"10090","Planet Image International","YIBO","71673408","1.21","China"
"10091","MDxHealth","MDXH","71658456","0.751","Belgium"
"10092","5E Advanced Materials","FEAM","71613760","1.725","United States"
"10093","Hain Celestial","HAIN","71354400","0.7906","United States"
"10094","BRAIN Biotech","BNN.DE","71280572","3.26264","Germany"
"10095","Gold Hydrogen Limited","GHY.AX","71203000","0.394576","Australia"
"10096","OQIC Oman Qatar Insurance Company","OQIC.OM","71187422","0.441558","Oman"
"10097","McPhy Energy","MCPHY.PA","71172382","2.53774","France"
"10098","Solutions 30","S30.PA","71113548","0.664181","Luxembourg"
"10099","LumenRadio","LUMEN.ST","71089602","5.65015","Sweden"
"10100","Freightos","CRGO","70806392","1.37","Israel"
"10101","Sino-Entertainment Technology","6933.HK","70705098","0.165198","China"
"10102","InterCure","INCR","70481976","5.95","Israel"
"10103","Widam Food Company","WDAM.QA","70467027","0.391483","Qatar"
"10104","XBiotech","XBIT","70426656","2.31","United States"
"10105","Spero Therapeutics","SPRO","70405904","1.209","United States"
"10106","Infas Holding AG","IFS.F","70263341","7.80704","Germany"
"10107","Coheris SA","COH.PA","70225000","12.3514","France"
"10108","MHP Hotel AG","CDZ0.F","70203420","1.5148","Germany"
"10109","Postmedia Network Canada","PNC-A.TO","69967446","0.706434","Canada"
"10110","INVL Technology UTIB","INC1L.VS","69885648","5.83431","Lithuania"
"10111","Shuaiba Industrial Company","PAPER.KW","69822010","703.583","Kuwait"
"10112","PMV Pharmaceuticals","PMVP","69762760","1.305","United States"
"10113","Laser Photonics","LASE","69747024","1.39","United States"
"10114","Fidelity United insurance","FIDELITYUNITED.AE","69716776","0.44","United Arab Emirates"
"10115","Smart Good Things Holding","MLSGT.PA","69706554","3.24751","France"
"10116","Wallbox","WBX","69604352","2.8697","Spain"
"10117","Travelzoo","TZOO","69579944","6.82","United States"
"10118","Geospace Technologies","GEOS","69464184","5.37","United States"
"10119","Identiv","INVE","69314248","2.86","United States"
"10120","Hindustan Media Ventures","HMVL.NS","69267387","0.942223","India"
"10121","WASGAU Produktions &amp; Handels AG","MSH.F","69214634","10.4871","Germany"
"10122","Wittchen","WTN.WA","69069773","3.73893","Poland"
"10123","NSTS Bancorp","NSTS","68799600","13.99","United States"
"10124","3P Learning","3PL.AX","68525201","0.251094","Australia"
"10125","Kamux","KAMUX.HE","68490649","1.78979","Finland"
"10126","Saudi Enaya Cooperative Insurance Company","8311.SR","68427222","2.9751","Saudi Arabia"
"10127","Gentili Mosconi","GM.MI","68410626","3.60056","Italy"
"10128","Airgain","AIRG","68322456","5.39","United States"
"10129","INmune Bio","INMB","68274320","2.46","United States"
"10130","Nano-X Imaging","NNOX","68207080","0.8679","Israel"
"10131","Great Elm Group","GEG","68201488","2.175","United States"
"10132","Rein Therapeutics","RNTX","68185464","0.7904","United States"
"10133","WM Technology","MAPS","67920520","0.39","United States"
"10134","Allied Cooperative Insurance Group","8150.SR","67896126","2.3332","Saudi Arabia"
"10135","STV Group plc","STVG.L","67860980","1.48245","United Kingdom"
"10136","Forian","FORA","67792720","2.17","United States"
"10137","Wakamoto Pharmaceutical","4512.T","67710849","1.95099","Japan"
"10138","Boundless Bio","BOLD","67675248","2.975","United States"
"10139","The9","NCTY","67660128","4.43","China"
"10140","OSOS Holding Group Company K.P.S.C.","OSOS.KW","67627117","619.296","Kuwait"
"10141","AgEagle Aerial Systems","UAVS","67623632","1.075","United States"
"10142","SolarBank","SUUN","67617776","1.44","Canada"
"10143","TTEC","TTEC","67535440","1.37","United States"
"10144","NFON AG","NFN.DE","67321201","4.03169","Germany"
"10145","EML Payments","EML.AX","67059208","0.172179","Australia"
"10146","Talenom","TNOM.HE","67020829","1.46819","Finland"
"10147","Manazel Holding Company","MANAZEL.KW","66921485","155.476","Kuwait"
"10148","Regis Corporation","RGS","66842312","26.75","United States"
"10149","Amar Finance and Leasing Company","AMAR.KW","66816524","342.242","Kuwait"
"10150","Kandi Technologies Group","KNDI","66786260","0.6651","China"
"10151","Serina Therapeutics","SER","66676240","2.625","United States"
"10152","Llorente &amp; Cuenca","LLYC.MC","66186324","5.68632","Spain"
"10153","Kuantum Papers","KUANTUM.NS","66178106","0.75837","India"
"10154","American Vanguard","AVD","66081416","2.24","United States"
"10155","Bango","BGO.L","66021024","0.856828","United Kingdom"
"10156","Coffee Day Enterprises","COFFEEDAY.NS","65942811","0.312153","India"
"10157","MindWalk Holdings","HYFT","65782212","1.4","United States"
"10158","Gentian Diagnostics ASA","GENT.OL","65720870","4.2514","Norway"
"10159","GEN Restaurant Group","GENK","65599592","1.99","United States"
"10160","AMCON Distributing Company","DIT","65445028","67.05","United States"
"10161","Pelagic Credit Plc","PLGC.OL","65377392","1.76696","Cyprus"
"10162","Artifex Mundi","ART.WA","65357469","5.48647","Poland"
"10163","Al-Omran Industrial Trading Company","4141.SR","65233721","5.43614","Saudi Arabia"
"10164","Kuwait and Gulf Link Transport Company","KGL.KW","65160949","234.91","Kuwait"
"10165","CDON AB","CDON.ST","65026172","5.67128","Sweden"
"10166","Talphera","TLPH","64882244","1.25","United States"
"10167","Gambling.com Group","GAMB","64852964","1.84","Jersey"
"10168","DocCheck","AJ91.DE","64442544","12.701","Germany"
"10169","Global Self Storage","SELF","64417952","5.6401","United States"
"10170","Hour Loop","HOUR","64380472","1.829","United States"
"10171","Marks Electrical Group","MRK.L","64375604","0.61882","United Kingdom"
"10172","Nordisk Bergteknik AB","NORB-B.ST","64319845","1.12373","Sweden"
"10173","Altisource Portfolio Solutions","ASPS","64295760","5.63","Luxembourg"
"10174","Off the Hook YS Inc","OTH","64247460","2.57","United States"
"10175","GTPL Hathway","GTPL.NS","64246404","0.571267","India"
"10176","Azure Power","AZREF","64166360","1","India"
"10177","Nightingale Health","HEALTH.HE","64144986","1.06269","Finland"
"10178","Columbus Energy","CLC.WA","64098554","0.932022","Poland"
"10179","Imagineer","4644.T","64036093","6.64341","Japan"
"10180","eXoZymes","EXOZ","63948564","6.89","United States"
"10181","ImageneBio","IMA","63695128","5.6","United States"
"10182","Yatra","YTRA","63676624","0.9951","India"
"10183","Fermentalg","ALGAE.PA","63650477","0.531345","France"
"10184","Amoéba S.A.","ALMIB.PA","63445233","0.815661","France"
"10185","W5 Solutions AB","W5.ST","63344803","3.60748","Sweden"
"10186","Alfajar Al Alamia Co. SAOG","AFAI.OM","63296478","1.28312","Oman"
"10187","Chinese Gamer International","3083.TWO","63289061","0.731784","Taiwan"
"10188","Pelican Aqua Holding","PLCAN.OL","63147818","1.49924","Cyprus"
"10189","Energous","WATT","63119152","11.42","United States"
"10190","Mercor","MCR.WA","63006970","4.11824","Poland"
"10191","Where Food Comes From","WFCF","62993232","12.6501","United States"
"10192","Aurelion Inc.","AURE","62980000","1.675","Hong Kong"
"10193","SunPower","SPWR","62973160","0.3016","United States"
"10194","Jaypee Group","JPASSOCIAT.NS","62935016","0.0256397","India"
"10195","iHuman","IH","62480364","1.2224","China"
"10196","GreenMobility A/S","GREENM.CO","62253597","10.598","Denmark"
"10197","Musandam Power","MSPW.OM","62162599","0.883117","Oman"
"10198","Sharjah Insurance","SICO.AE","62081359","0.41","United Arab Emirates"
"10199","Solidion Technology","STI","61887844","7.27","United States"
"10200","ARN Media","A1N.AX","61761140","0.197288","Australia"
"10201","Wakou Shokuhin","2813.T","61669824","24.7168","Japan"
"10202","N.B.I. Industrial Finance","NBIFIN.NS","61635516","20.8591","India"
"10203","Senzime AB","SEZI.ST","61503256","0.391205","Sweden"
"10204","Greenland Energy Company","GLND","61440920","1.405","United States"
"10205","Skillsoft","SKIL","61248224","6.83","United States"
"10206","LightInTheBox Holding","LITB","61181996","3.1015","Singapore"
"10207","Watkin Jones Plc","WJG.L","61150509","0.238008","United Kingdom"
"10208","Fire Rock","1909.HK","61022064","0.251305","China"
"10209","The Children's Place","PLCE","60929568","2.74","United States"
"10210","Caspian Sunrise","CASP.L","60888940","0.0258408","United Kingdom"
"10211","Nordwest Handel","NWX.F","60499887","18.8767","Germany"
"10212","Catana Group","ALCAT.PA","60468808","2.12072","France"
"10213","BranchOut Food","BOF","60421736","3.945","United States"
"10214","Metal and Recycling Company K.S.C.","MRC.KW","60196055","668.188","Kuwait"
"10215","SYLA Technologies","SYT","60158036","2.26","Japan"
"10216","Verde Clean Fuels","VGAS","60141992","1.35","United States"
"10217","Leifras","LFS","60038624","2.295","Japan"
"10218","VEEM Ltd","VEE.AX","60009428","0.408925","Australia"
"10219","Cyberoo","CYB.MI","59977119","1.46819","Italy"
"10220","hVIVO","HVO.L","59920397","0.0870429","United Kingdom"
"10221","Ultimate Products","ULTP.L","59912357","0.718104","United Kingdom"
"10222","Naked Wines","WINE.L","59896918","0.90579","United Kingdom"
"10223","Thimar Development Holding Company","4160.SR","59797578","9.19963","Saudi Arabia"
"10224","MacroWell OMG Digital Entertainment","3687.TWO","59793990","1.98492","Taiwan"
"10225","Exasol AG","EXL.DE","59785378","2.24889","Germany"
"10226","Playstudios","MYPS","59616244","0.4963","United States"
"10227","Kestrel Group","KG","59462628","7.6","Bermuda"
"10228","Ascot Resources","AOT.TO","59394492","0.0399384","Canada"
"10229","Prairie Operating","PROP","59365592","0.5263","United States"
"10230","Idaho Copper Corporation","COPR","59326060","3.35","United States"
"10231","iLearningEngines","AILE","59292656","0.42","United States"
"10232","SCYNEXIS","SCYX","59100680","5.94","United States"
"10233","RAPCO Investment","RAPCO.AE","59003732","0.62","United Arab Emirates"
"10234","Odysight.ai","ODYS","58824164","3.5","Israel"
"10235","Ebusco Holding","EBUS.AS","58807126","0.288977","Netherlands"
"10236","Viscom SE","V6C.DE","58805802","6.6185","Germany"
"10237","Agile Content","AGIL.MC","58766590","2.5635","Spain"
"10238","Heron Therapeutics","HRTX","58702332","0.3092","United States"
"10239","VITA 34","V3V.DE","58701700","3.36751","Germany"
"10240","Mesa Air","MESA","58631804","1.4","United States"
"10241","Gamesparcs","6542.TWO","58461913","1.42588","Taiwan"
"10242","Oman National Engineering and Investment Co. (SAOG)","ONES.OM","58441560","0.38961","Oman"
"10243","MiNK Therapeutics","INKT","58123196","11.39","United States"
"10244","Intellicheck","IDN","58064220","2.865","United States"
"10245","SAF Tehnika A/S","SAF1R.RG","58051944","19.5449","Latvia"
"10246","Linz Textil","LTH.VI","58028431","193.428","Austria"
"10247","Pekabex","PBX.WA","57981664","2.33547","Poland"
"10248","Cimbeton","CMBTN.IS","57941237","32.7352","Turkey"
"10249","Saga Communications","SGA","57921268","9.11","United States"
"10250","audius SE","3ITN.DE","57911097","11.7688","Germany"
"10251","System1 Group","SYS1.L","57813313","4.55615","United Kingdom"
"10252","Universal Electronics","UEIC","57788216","4.4849","United States"
"10253","Garo Aktiebolag","GARO.ST","57761765","1.15524","Sweden"
"10254","Marpai","MRAI","57684144","2.15","United States"
"10255","Intchains Group","ICG","57670260","0.9499","China"
"10256","BG Staffing","BGSF","57662708","5.38","United States"
"10257","Myomo","MYO","57431392","1.45","United States"
"10258","Immutep","IMMP","57430916","0.3897","Australia"
"10259","TechPrecision","TPCS","57066760","5.65","United States"
"10260","Castellum","CTM","56973036","0.6011","United States"
"10261","Apollo Minerals Limited","AON.AX","56945995","0.0451969","Australia"
"10262","Itera ASA","ITERA.OL","56861067","0.700357","Norway"
"10263","NaaS Technology","NAAS","56282692","3.3","China"
"10264","Dr. Hönle AG","HNL.DE","56083802","9.25192","Germany"
"10265","OT Logistics","OTS.WA","56073243","4.2808","Poland"
"10266","Gulf Mushroom Products Company SAOG","GMPI.OM","55965033","1.11169","Oman"
"10267","Sequana Medical","SEQUA.BR","55654989","0.711955","Belgium"
"10268","Bever Holding","BEVER.AS","55652681","3.26264","Netherlands"
"10269","Aptech","APTECHT.NS","55636548","0.959204","India"
"10270","Trophy Games","TGAMES.CO","55615699","2.09621","Denmark"
"10271","AEye","LIDR","55553536","1.195","United States"
"10272","Cabka","7GW.F","55502311","2.23724","Germany"
"10273","Genenta Science","GNTA","55444560","1.1499","Italy"
"10274","MicroVision","MVIS","55365820","1.81","United States"
"10275","Churchill China","CHH.L","55342917","5.03216","United Kingdom"
"10276","Cato Fashion","CATO","55286036","2.77","United States"
"10277","Equipment Holding Company K.S.C.P.","EQUIPMENT.KW","55019555","687.744","Kuwait"
"10278","Gogoro","GGR","55001608","2.74","Taiwan"
"10279","Pyxis Tankers","PXS","54784808","5.3505","Greece"
"10280","tinyBuild","8Z3.F","54533357","0.138662","United States"
"10281","Precipio","PRPO","54403812","30.39","United States"
"10282","FUJI UNITED HOLDINGS CO LTD","416A.T","54400578","8.2431","Japan"
"10283","Allied Esports","AESE","54324936","1.3899","United States"
"10284","Viomi Technology","VIOT","54193992","0.805","China"
"10285","First Breach Inc.","FBDT","54045088","1.175","United States"
"10286","aTyr Pharma","ATYR","53928464","0.5498","United States"
"10287","Stem, Inc","STEM","53922280","5.6013","United States"
"10288","Kezar Life Sciences","KZR","53856340","7.29","United States"
"10289","Sensus Healthcare","SRTS","53666312","3.26","United States"
"10290","Sylogist","SYZ.TO","53616045","2.2923","Canada"
"10291","Poulaillon","ALPOU.PA","53600642","10.4871","France"
"10292","3i Infotech","3IINFOLTD.NS","53574975","0.251986","India"
"10293","Instil Bio","TIL","53509796","7.89","United States"
"10294","Muscat Finance","MFCI.OM","53451440","0.174026","Oman"
"10295","TScan Therapeutics","TCRX","53159272","0.7843","United States"
"10296","Dish TV","DISHTV.NS","53074932","0.0288254","India"
"10297","Ferrum S.A. de Cerámica y Metalurgia","FERR.BA","53062506","0.0114927","Argentina"
"10298","Poujoulat","ALPJT.PA","53045816","6.78164","France"
"10299","Aiming Inc","3911.T","52990126","1.13547","Japan"
"10300","Unikai Foods","UNIKAI.AE","52988080","1.36423","United Arab Emirates"
"10301","Odyssey Marine Exploration","OMEX","52963108","0.9024","United States"
"10302","Comtech Telecommunications","CMTL","52872940","1.7647","United States"
"10303","LiveOne","LVO","52790388","3.85","United States"
"10304","Phnom Penh SEZ","PPSP.KH","52754703","0.37","Cambodia"
"10305","Tuniu Corporation","TOUR","52689220","4.85","China"
"10306","The ONE Group Hospitality","STKS","52639784","1.6677","United States"
"10307","Xos, Inc.","XOS","52606052","3.7","United States"
"10308","Devolver Digital","DEVO.L","52455956","0.103703","United States"
"10309","Vantiva","VANTI.PA","52388664","0.106852","France"
"10310","IZEA Worldwide","IZEA","52248856","3","United States"
"10311","Luna Innovations","LUNA","52045528","1.5","United States"
"10312","Bahrain Ship Repairing and Engineering Company","BASREC.BH","51994694","0.0636605","Bahrain"
"10313","BLG Logistics","BLH.F","51903984","13.5167","Germany"
"10314","TransAct Technologies","TACT","51725604","5.01","United States"
"10315","Hopscotch Global PR Group","ALHOP.PA","51710990","16.9541","France"
"10316","CarParts.com","PRTS","51670032","6.38","United States"
"10317","DEMIRE Deutsche Mittelstand Real Estate","DMRE.DE","51637482","0.489396","Germany"
"10318","VIDA Global Inc.","VIDA","51624080","2.58","United States"
"10319","Greenidge Generation Holdings","GREE","51500392","2.84","United States"
"10320","SHW AG","SW10.HM","51372677","7.98182","Germany"
"10321","Granite Point Mortgage Trust","GPMT","51034404","1.065","United States"
"10322","BBX Capital Corporation","BBXIA","51018832","3.69","United States"
"10323","Fernheizwerk Neukölln","FHW.F","50920531","22.1394","Germany"
"10324","HWA AG","H9W.DE","50713497","3.53065","Germany"
"10325","cyan AG","CYR.DE","50520172","2.33046","Germany"
"10326","Hyperion DeFi","HYPD","50503160","3.25","United States"
"10327","Corero Network Security","CNS.L","50501137","0.0986032","United Kingdom"
"10328","RYTHM, Inc.","RYM","50493764","23.495","United States"
"10329","MarketWise","MKTW","50394472","18.045","United States"
"10330","ORBIS AG","OBS.DE","50315995","5.31345","Germany"
"10331","Mr.Bricolage","ALMRB.PA","50252132","4.66092","France"
"10332","Bayan Investment Holding Company","BAYANINV.KW","50205814","231.421","Kuwait"
"10333","Schwälbchen Molkerei","SMB.F","50104870","50.1049","Germany"
"10334","Vroom","VRM","50092784","9.57","United States"
"10335","İşbir Holding","ISBIR.IS","49980625","1.54323","Turkey"
"10336","Meds Apotek AB","MEDS.ST","49932187","2.68855","Sweden"
"10337","Qatar Electronic Systems","TQES.QA","49864284","0.59011","Qatar"
"10338","Aiforia Technologies Oyj","AIFORIA.HE","49750057","1.33069","Finland"
"10339","Swiss Steel","STLN.SW","49532747","1.60943","Switzerland"
"10340","Teads","TEAD","49375808","0.5035","United States"
"10341","Regal Hotels International","0078.HK","49302152","0.0548533","Hong Kong"
"10342","Elauwit Connection","ELWT","49251284","7.44","United States"
"10343","Hutter &amp; Schrantz Stahlbau AG","HST.VI","49141407","32.8595","Austria"
"10344","Celebrus Technologies","CLBS.L","49015299","1.31244","United Kingdom"
"10345","Seres Therapeutics","MCRB","48918084","4.87","United States"
"10346","Shoe Zone","SHOE.L","48724679","1.05403","United Kingdom"
"10347","Gold Road International p.l.c.","GOLDR.OL","48619228","0.848139","Malta"
"10348","Pestech Cambodia","PEPC.KH","48602970","0.65","Cambodia"
"10349","freelancer.com","FLN.AX","48523732","0.107612","Australia"
"10350","Nano Labs","NA","48517448","2.09","China"
"10351","G5 Entertainment","G5EN.ST","48457183","6.52183","Sweden"
"10352","Navigo Invest","NAVIGO-STAM.ST","48275114","0.326617","Sweden"
"10353","Hinduja Ventures","NXTDIGITAL.NS","48138727","1.43","India"
"10354","Kuwait Hotels Company K.S.C.P.","KHOT.KW","47953587","772.49","Kuwait"
"10355","Hvidbjerg Bank","HVID.CO","47657665","28.3651","Denmark"
"10356","Clasquin SA","ALCLA.PA","47554434","0.833139","France"
"10357","People Can Fly","PCF.WA","47449486","1.02956","Poland"
"10358","Gurunavi, Inc.","2440.T","47389269","0.840621","Japan"
"10359","Synthaverse","SVE.WA","47291073","0.820938","Poland"
"10360","Hydrogène de France","HDF.PA","47128100","3.25682","France"
"10361","Fujairah Cement Industries","FCI.AE","47094692","0.13","United Arab Emirates"
"10362","5th Planet Games","5PG.OL","46933805","0.174554","Denmark"
"10363","Gulf Franchising Holding Company","GFC.KW","46913571","1173.4","Kuwait"
"10364","Toro Energy","TOE.AX","46891846","0.38985","Australia"
"10365","Veru","VERU","46888380","2.75","United States"
"10366","Doxa AB","DOXA.ST","46879832","0.0357073","Sweden"
"10367","Brera Holdings","SLMT","46349128","4.21","Ireland"
"10368","Mirza International","MIRZAINT.NS","46298116","0.335003","India"
"10369","Metagenomi","MGX","46276952","1.225","United States"
"10370","Manhattan Bridge Capital","LOAN","46273312","4.05","United States"
"10371","Dhofar Generating Company","DGEN.OM","46179741","0.207792","Oman"
"10372","Mobile Factory","3912.T","45992891","7.08254","Japan"
"10373","Pattern S.p.A.","PTR.MI","45973483","3.07621","Italy"
"10374","Ocean Power Technologies","OPTT","45950612","0.1701","United States"
"10375","Gigas Hosting","GIGA.MC","45919002","3.67047","Spain"
"10376","Laird Superfood","LSF","45890824","4.1","United States"
"10377","Tessellis","TSL.MI","45714439","0.104871","Italy"
"10378","The Beachbody Company","BODI","45675296","6.27","United States"
"10379","FRIWO","CEA.DE","45653218","5.33675","Germany"
"10380","Xtant Medical","XTNT","45649704","0.3254","United States"
"10381","Bragg Gaming Group","BRAG","45414696","1.462","Canada"
"10382","MS Industrie","MSAG.DE","45377837","1.52645","Germany"
"10383","Grace Therapeutics","GRCE","45330328","2.1549","United States"
"10384","AS Silvano Fashion Group","SFG1T.TL","45304124","1.25845","Estonia"
"10385","AS Ekspress Grupp","EEG1T.TL","45269368","1.46236","Estonia"
"10386","Pulsar Group","PULS.L","45181225","0.333211","United Kingdom"
"10387","SGT German Private Equity","GAI.DE","45152941","0.975188","Germany"
"10388","Sportsman's Warehouse","SPWH","45067864","1.155","United States"
"10389","the Marygold Companies","MGLD","45038016","1.0391","United States"
"10390","Vilniaus Baldai AB","VBL1L.VS","44831088","11.5358","Lithuania"
"10391","Mereo BioPharma Group","MREO","44825256","0.2807","United Kingdom"
"10392","Rave Restaurant Group","RAVE","44766436","3.15","United States"
"10393","Elutia","ELUT","44732124","1.01","United States"
"10394","Filana Therapeutics","FLNA","44679972","0.9249","United States"
"10395","Culp, Inc.","CULP","44583328","3.505","United States"
"10396","Sequans Communications","SQNS","44402284","2.96","France"
"10397","Touax SCA","TOUP.PA","44392265","6.36395","France"
"10398","Palms Agro Production Company","PAPCO.KW","44335423","847.458","Kuwait"
"10399","The Arena Group","AREN","44292188","0.9303","United States"
"10400","Werewolf Therapeutics","HOWL","44244588","0.9104","United States"
"10401","iFOREX","IFRX.L","44193998","1.97206","Guernsey"
"10402","Mister Spex","MRX.F","44170309","1.28758","Germany"
"10403","Milestone Scientific","MLSS","44165492","0.4977","United States"
"10404","Paref SA","PAR.PA","44141896","29.1307","France"
"10405","Bahrain Cinema Company","CINECO.BH","43832068","2.62599","Bahrain"
"10406","Franklin Street Properties","FSP","43716124","0.4203","United States"
"10407","Indonesia Energy","INDO","43667852","2.838","Indonesia"
"10408","GBK Beteiligungen AG","GBQ.HM","43652411","6.46702","Germany"
"10409","Orapi SA","ORAP.PA","43596174","6.69206","France"
"10410","Planet13","PLTH.CN","43508745","0.129753","United States"
"10411","Sharqiyah Desalination Company SAOG","SHRQ.OM","43439402","0.444156","Oman"
"10412","Aram Group","ARAM.AE","43183441","0.55","United Arab Emirates"
"10413","Nass Corporation B.S.C.","NASS.BH","43183023","0.541114","Bahrain"
"10414","Reading International","RDI","43145600","1.8849","United States"
"10415","Karyopharm Therapeutics","KPTI","43094772","1.9","United States"
"10416","InspireMD","NSPR","43091844","0.92","Israel"
"10417","Fractal Gaming Group","FRACTL.ST","43011912","1.4745","Sweden"
"10418","Wethaq Takaful Insurance Company K.S.C.P.","WETHAQ.KW","42948301","391.134","Kuwait"
"10419","FORTEC Elektronik AG","FEV.DE","42798797","13.1671","Germany"
"10420","Phunware","PHUN","42766992","2.09","United States"
"10421","Sachem Capital","SACH","42679620","0.89","United States"
"10422","374Water","SCWO","42612176","2.405","United States"
"10423","AS Pro Kapital Grupp","PKG1T.TL","42605136","0.751573","Estonia"
"10424","Nutun Limited","NTU.JO","42538300","0.0544908","South Africa"
"10425","Qatar Cinema and Film Distribution Company","QCFS.QA","42533405","0.677198","Qatar"
"10426","Qatari German Company for Medical Devices","QGMD.QA","42519230","0.368132","Qatar"
"10427","Scienjoy Holding Corporation","SJ","42462768","1","China"
"10428","Pixelworks","PXLW","42406248","7.01","United States"
"10429","Insurance House","IH.AE","42315421","0.37","United Arab Emirates"
"10430","PAVmed","PAVM","42178468","5.275","United States"
"10431","Massimo Motor","MAMO","42057360","1.01","United States"
"10432","Ekso Bionics","EKSO","42047896","11.8","United States"
"10433","Optomed","OPTOMED.HE","41986888","1.95526","Finland"
"10434","Heritage Global","HGBL","41944900","1.2109","United States"
"10435","Kayak Inc","3904.T","41854728","2.71633","Japan"
"10436","Kuwait Real Estate Holding Company","ALAQARIA.KW","41819895","222.295","Kuwait"
"10437","Estoril Sol","ESON.LS","41707480","3.49569","Portugal"
"10438","3U Holding","UUU.DE","41612136","1.13027","Germany"
"10439","Grove Collaborative","GROV","41428556","0.9702","United States"
"10440","Abundia Global Impact Group","AGIG","41360020","0.9368","United States"
"10441","ATA Creativity Global","AACG","41289808","0.9556","China"
"10442","RATH Aktiengesellschaft","RAT.VI","41249125","27.4994","Austria"
"10443","U.S. Global Investors","GROW","41237752","3.3245","United States"
"10444","INMA Holding Company","IHGS.QA","41232117","0.728022","Qatar"
"10445","Botanix Pharmaceuticals","BOT.AX","41228830","0.0150656","Australia"
"10446","AXIL Brands","AXIL","41208992","6.04","United States"
"10447","Nippon Ichi Software","3851.T","41172454","8.13646","Japan"
"10448","Youlife Group Inc.","YOUL","40994252","0.506","China"
"10449","Takaful Oman Insurance SAOG","TAOI.OM","40909092","0.163636","Oman"
"10450","Skycorp Solar Group","PN","40870128","2.7701","China"
"10451","Eco Wave Power Global","WAVE","40869800","6.55","Israel"
"10452","Elite Express","ETS","40819700","0.8379","United States"
"10453","Scilex Holding","SCLX","40731128","5.79","United States"
"10454","edding AG","EDD3.F","40508362","37.7447","Germany"
"10455","Sýn hf.","SYN.IC","40470216","0.163418","Iceland"
"10456","Müller - Die lila Logistik","MLL.DE","40232994","5.0571","Germany"
"10457","Acanthe Développement","ACAN.PA","40076690","0.242368","France"
"10458","Mentice AB","MNTC.ST","40024045","1.42304","Sweden"
"10459","NextNRG","NXXT","39969488","0.2376","United States"
"10460","Gaia","GAIA","39918496","1.57","United States"
"10461","CervoMed","CRVO","39914416","2.64","United States"
"10462","Plutus Financial Group","PLUT","39754964","2.5899","United States"
"10463","Dierig Holding AG","DIE.DE","39682745","9.67141","Germany"
"10464","Spruce Power","SPRU","39563244","2.055","United States"
"10465","Context Therapeutics","CNTX","39544800","0.4304","United States"
"10466","Kartoon Studios","TOON","39505828","0.6351","United States"
"10467","DocGo","DCGO","39413064","0.3984","United States"
"10468","GenFlat Holdings","GFLT","39315704","3","United States"
"10469","Steel &amp; Tube Holdings","STU.NZ","39295926","0.213993","New Zealand"
"10470","Diginex","DGNX","39280448","1.3498","Hong Kong"
"10471","SHL Telemedicine","SHLT","39255860","2.05","Israel"
"10472","Lument Finance Trust","LFT","39128408","0.7455","United States"
"10473","TH International (Tims China)","THCH","39084564","1.22","China"
"10474","PlaySide Studios","PLY.AX","39070343","0.0860894","Australia"
"10475","Delticom AG","DEX.DE","39057184","2.63342","Germany"
"10476","Balco Group","BALCO.ST","39046913","1.6961","Sweden"
"10477","Enapter AG","H2O.DE","39002115","1.20019","Germany"
"10478","PetMed Express","PETS","38913648","1.795","United States"
"10479","MoneyHero","MNY","38704644","0.878","Singapore"
"10480","Southland Holdings","SLND","38643588","0.7099","United States"
"10481","United Cooperative Assurance Company","8190.SR","38353976","0.958849","Saudi Arabia"
"10482","The Energy House Holding Company","ENERGYH.KW","38269973","844.198","Kuwait"
"10483","The National Investor PRJSC","TNI.AE","38263404","0.16","United Arab Emirates"
"10484","geechs","7060.T","38240125","3.76397","Japan"
"10485","eHealth","EHTH","38089224","1.2","United States"
"10486","Halloren Schokoladenfabrik","H2RB.HM","37945113","6.42148","Germany"
"10487","Orient Paper Mills","ORIENTPPR.NS","37876767","0.178508","India"
"10488","Canacol Energy","CNE.TO","37737619","1.10603","Canada"
"10489","Lulu's Fashion Lounge","LVLU","37732508","13.14","United States"
"10490","Adval Tech","ADVN.SW","37689575","51.6296","Switzerland"
"10491","Stock3 AG","BOG.DE","37585644","33.5586","Germany"
"10492","Wolford","WOL.VI","37544942","2.5402","Austria"
"10493","Shankara Building","SHANKARA.NS","37519580","1.54724","India"
"10494","PAL Next AG","PAL.DE","37517781","1.09852","Germany"
"10495","DATRON AG","DAR.DE","37229836","9.43836","Germany"
"10496","Beam Global","BEEM","37187656","1.675","United States"
"10497","Al Maha Ceramics","AMCI.OM","37142858","0.675325","Oman"
"10498","Baird Medical Investment Holdings","BDMD","37098832","1.16","China"
"10499","Vivoryon Therapeutics","05Y.F","37095553","1.25262","Germany"
"10500","Mauna Kea Technologies","ALMKT.PA","37093132","0.189932","France"
"10501","HiPay Group","ALHYP.PA","36967084","5.87276","France"
"10502","Qatar Oman Investment Company","QOIS.QA","36642856","0.203571","Qatar"
"10503","Enzo Biochem","ENZB","36587800","0.69887","United States"
"10504","SBF AG","CY1K.DE","36532004","3.76369","Germany"
"10505","Al Faleh Educational Holding","FALH.QA","36461535","0.151923","Qatar"
"10506","Verimatrix","VMX.PA","36300990","0.415987","France"
"10507","Arabia Falcon Insurance Company (AFIC)","AFIC.OM","36222661","0.350649","Oman"
"10508","BioLargo","BLGO","36094704","0.1098","United States"
"10509","Forsee Power","FORSE.PA","35917580","0.307137","France"
"10510","Ekttitab Holding Company K.S.C","EKTTITAB.KW","35621938","111.799","Kuwait"
"10511","Al Abraaj Restaurants Group","ABRAAJ.BH","35591994","0.530504","Bahrain"
"10512","MariMed","MRMD","35588492","0.0883","United States"
"10513","Muscat City Desalination Company","MCDE.OM","35554378","0.228571","Oman"
"10514","Century Casinos","CNTY","35526648","1.2626","United States"
"10515","Majan University College","BACS.OM","35485715","0.358442","Oman"
"10516","Dye &amp; Durham","DND.TO","35352767","0.526221","Canada"
"10517","Silicon Studio","3907.T","35301086","12.8602","Japan"
"10518","Westport Fuel Systems","WPRT","35237088","1.855","Canada"
"10519","Cryo-Cell International","CCEL","35233780","4.37","United States"
"10520","genOway","ALGEN.PA","35225868","2.85481","France"
"10521","Gulf General Cooperative Insurance Company","8260.SR","35077905","1.16926","Saudi Arabia"
"10522","DIRTT Environmental Solutions","DRTT","35057372","0.3343","Canada"
"10523","Berentzen-Gruppe","BEZ.DE","35026581","3.72873","Germany"
"10524","INTERSHOP Communications","ISHA.DE","35011428","1.84689","Germany"
"10525","Gala Incorporated","4777.T","34985852","1.24838","Japan"
"10526","Lavoro","LVRO","34951524","0.304","Brazil"
"10527","Zoomd Technologies","ZOMD.V","34875682","0.346008","Canada"
"10528","VivoPower","VVPR","34755804","2.07","United Kingdom"
"10529","Beasley Broadcast Group","BBGI","34748344","18.755","United States"
"10530","ABO Energy","AB9.DE","34597098","3.75204","Germany"
"10531","KLX Energy Services","KLXE","34559840","1.51","United States"
"10532","LianBio","LIAN","34472096","0.319","United States"
"10533","Asphere Innovations","AS.BK","34399318","0.0689024","Thailand"
"10534","NOMADAR","NOMA","34387940","2.25","United States"
"10535","Harvard Bioscience","HBIO","34278856","7.53","United States"
"10536","PyroGenesis Canada","PYR.TO","34266569","0.151379","Canada"
"10537","Oman Chromite Company","OCCI.OM","34225715","9.42857","Oman"
"10538","VirTra","VTSI","34185264","3.02","United States"
"10539","Dalqan Real Estate Company","DALQAN.KW","33875237","561.178","Kuwait"
"10540","Varengold Bank AG","VG8.DE","33822668","3.36779","Germany"
"10541","Genius Group","GNS","33801956","0.1761","Singapore"
"10542","The National Detergent Company SAOG","NDTI.OM","33714287","1.68571","Oman"
"10543","Söktas Tekstil","SKTAS.IS","33670454","0.0673409","Turkey"
"10544","Koss","KOSS","33604908","3.5499","United States"
"10545","LivePerson","LPSN","33557448","2.72","United States"
"10546","STS Group","SF3.DE","33444998","5.18527","Germany"
"10547","Rockwell Medical","RMTI","33412554","8.29","United States"
"10548","Destination XL","DXLG","33396002","0.6042","United States"
"10549","Raydan Food","6012.SR","33368496","4.56253","Saudi Arabia"
"10550","IT Link SA","ALITL.PA","33329564","19.6341","France"
"10551","Elbstein AG","EBS.HM","33209042","1.10697","Germany"
"10552","CleanCore Solutions","ZONE","33179858","0.1495","United States"
"10553","Workhorse Group","WKHS","33113612","3.03","United States"
"10554","Pioneer Power Solutions","PPSI","33075812","2.98","United States"
"10555","Duxton Farms","DBF.AX","33048083","0.308487","Australia"
"10556","SW Umwelttechnik Stoiser &amp; Wolschner AG","SWUT.VI","32992262","45.444","Austria"
"10557","NanoViricides","NNVC","32930284","1.29","United States"
"10558","Lilium","LILM","32897334","0.052","Germany"
"10559","Jaguar Uranium","JAGU","32713918","1.62","Canada"
"10560","Knightscope","KSCP","32711422","1.385","United States"
"10561","Actinium Pharmaceuticals","ATNM","32629992","1.04","United States"
"10562","Ourgame International","6899.HK","32585236","0.0302331","China"
"10563","Kyntra Bio","KYNB","32473976","8.02","United States"
"10564","Axel Mark","3624.T","32368545","0.49559","Japan"
"10565","GenSight Biologics","SIGHT.PA","32239461","0.137497","France"
"10566","Barka Desalination Company","BRDE.OM","32170411","0.425974","Oman"
"10567","Sporting Clube de Braga","SCB.LS","32160335","26.8003","Portugal"
"10568","Netgem","ALNTG.PA","32131561","0.960149","France"
"10569","Future Kid Entertainment and Real Estate Company","FUTUREKID.KW","32094390","281.943","Kuwait"
"10570","Quest Resource Holding","QRHC","31850212","1.51","United States"
"10571","Artmarket.com","PRC.PA","31777219","4.77744","France"
"10572","Hoftex Group AG","NBH.MU","31722209","5.82615","Germany"
"10573","Salem Media Group","SALM","31670764","1","United States"
"10574","Accuray","ARAY","31555864","0.2642","United States"
"10575","IGC Pharma","IGC","31542460","0.3051","United States"
"10576","Crown Crafts","CRWS","31527642","2.93","United States"
"10577","Aeria","3758.T","31412050","1.54323","Japan"
"10578","Graines Voltz","GRVO.PA","31306000","21.1489","France"
"10579","Softing AG","SYT.DE","31297406","2.86646","Germany"
"10580","Enviva","EVA","31273630","0.4198","United States"
"10581","Tose Software","4728.T","31143928","4.109","Japan"
"10582","111, Inc.","YI","30965314","3.52","China"
"10583","Neo-Concept International Group","NCI","30734954","12.6","Hong Kong"
"10584","Harte Hanks","HHS","30711468","4.12","United States"
"10585","Growens S.p.A.","GROW.MI","30672088","2.19646","Italy"
"10586","Sangamo Therapeutics","SGMO","30657374","0.074","United States"
"10587","Hunyvers","ALHUN.PA","30585199","7.92356","France"
"10588","Exyn Technologies","EXYN","30520924","3.8372","United States"
"10589","Dhofar Tourism","DTCS.OM","30416416","2.14805","Oman"
"10590","Warimpex Finanz- und Beteiligungs AG","WXF.VI","30331344","0.582615","Austria"
"10591","Delignit AG","DLX.DE","30075488","2.93638","Germany"
"10592","TELA Bio","TELA","30066020","0.6697","United States"
"10593","Oman &amp; Emirates Investment Holding Co.","OEIHC.AE","29897938","0.23","Oman"
"10594","Nok Air","NOKPF","29833496","0.008","Thailand"
"10595","Ascent Solar Technologies","ASTI","29743786","3.03","United States"
"10596","FingerTango","6860.HK","29361896","0.0153079","China"
"10597","Zeo Energy","ZEO","29267804","0.3214","United States"
"10598","Tubos Reunidos","TRG.MC","29227548","0.167893","Spain"
"10599","Cliq Digital AG","CLIQ.DE","29214134","4.98718","Germany"
"10600","illumin","ILLM.TO","29129934","0.555055","Canada"
"10601","Findi Limited","FND.AX","29046195","0.290552","Australia"
"10602","Mercer International","MERC","29025508","0.4331","Canada"
"10603","Oman Chlorine","OCHL.OM","28975012","0.405195","Oman"
"10604","ecotel communication","E4C.DE","28898694","8.15661","Germany"
"10605","Loop Industries","LOOP","28883082","0.597","Canada"
"10606","Live Ventures","LIVE","28873566","9.4","United States"
"10607","Hydrogen-Refueling-Solutions","ALHRS.PA","28747198","1.44488","France"
"10608","BeyondSpring","BYSI","28746866","0.6991","United States"
"10609","Auga Group AB","AUG1L.VS","28605630","0.122349","Lithuania"
"10610","CBL International","BANL","28546074","13.52","Malaysia"
"10611","Spencer's Retail","SPENCERS.NS","28437282","0.315507","India"
"10612","Al Jazeira Services Co. SAOG","AJSS.OM","28376527","0.662338","Oman"
"10613","Katapult Holdings","KPLT","28342708","5.7","United States"
"10614","Old Market Capital Corporation","OMCC","28292780","4.15","United States"
"10615","Ikegami Tsushinki","6771.T","28212479","4.20938","Japan"
"10616","Farmer Brothers","FARM","28089448","1.28","United States"
"10617","Optimi Health Corp.","OPTH","28061900","4.9009","Canada"
"10618","Cel-Sci","CVM","27966492","1.59","United States"
"10619","Duro Felguera","MDF.MC","27850296","0.285481","Spain"
"10620","Pineapple Financial","PAPL","27836224","1.1015","Canada"
"10621","bet-at-home.com","ACX.DE","27803775","3.96178","Germany"
"10622","GEE Group","JOB","27764322","0.2527","United States"
"10623","CROOZ","2138.T","27429633","2.86689","Japan"
"10624","CAVE Interactive","3760.T","27368815","4.54186","Japan"
"10625","PermRock Royalty Trust","PRT","27236642","2.2388","United States"
"10626","Wedia SA","ALWED.PA","27123623","31.7526","France"
"10627","Zee Learn","ZEELEARN.NS","27104253","0.0827027","India"
"10628","HeartBeam","BEAT","27047602","0.48","United States"
"10629","Lantern Pharma","LTRN","26974546","2.11","United States"
"10630","Barinthus Biotherapeutics","BRNS","26964352","0.6601","United Kingdom"
"10631","Nebelhornbahn-Aktiengesellschaft","NHB0.MU","26781636","19.8089","Germany"
"10632","TherapeuticsMD","TXMD","26678906","2.305","United States"
"10633","DDC Enterprise","DDC","26606176","0.56","Hong Kong"
"10634","Zoom Telephonics","MINM","26534076","3.61","United States"
"10635","Bioceres Crop Solutions","BIOX","26521884","0.4156","Argentina"
"10636","Conduril - Engenharia","CDU.LS","26427275","14.6819","Portugal"
"10637","Borealis Foods","BRLS","26421332","1.231","Canada"
"10638","Methaq Takaful Insurance Compnay","METHAQ.AE","26348039","0.18","United Arab Emirates"
"10639","Celularity","CELU","26340824","0.91","United States"
"10640","Innovatec","INC.MI","26241817","0.272081","Italy"
"10641","Snail Inc","SNAL","26150968","2.92","China"
"10642","COSOL Limited","COS.AX","26112174","0.143482","Australia"
"10643","Atossa Therapeutics","ATOS","26045966","2.61","United States"
"10644","Hoth Therapeutics","HOTH","26013596","1.36","United States"
"10645","LakeShore Biopharma","LSB","25840356","0.627","China"
"10646","Arco Vara AS","ARC1T.TL","25637090","1.47608","Estonia"
"10647","AB INVL Baltic Farmland","INL1L.VS","25581295","7.92356","Lithuania"
"10648","Nectar Lifesciences","NECLIFE.NS","25371499","0.130605","India"
"10649","Imugene","IMU.AX","25370712","0.0509362","Australia"
"10650","PopReach","INIK.V","25370517","0.043251","Canada"
"10651","Renalytix","RENX.L","25260508","0.0578019","United Kingdom"
"10652","Proximar Seafood","PROXI.OL","25221166","0.0481897","Norway"
"10653","WiMi Hologram Cloud","WIMI","25187524","1.37","China"
"10654","Aytu BioScience","AYTU","25115706","2.34","United States"
"10655","Latch","LTCH","24964392","0.1507","United States"
"10656","Cardlytics","CDLX","24732606","4.2","United States"
"10657","Edia","3935.T","24672142","4.26584","Japan"
"10658","Zenvia","ZENV","24648802","0.4689","Brazil"
"10659","Schlatter Industries AG","STRN.SW","24541666","22.2156","Switzerland"
"10660","Femasys","FEMY","24538830","2.93","United States"
"10661","Radio City","RADIOCITY.NS","24379973","0.0693906","India"
"10662","U10 Corp","ALU10.PA","24273029","1.42158","France"
"10663","SPI Energy","SPI","24207974","0.766","United States"
"10664","Milkfood Limited","MLKFOOD.BO","24173662","0.944425","India"
"10665","Prodways Group","ALPWG.PA","24084166","0.743416","France"
"10666","National Gas Company SAOG","NGCI.OM","24064936","0.283117","Oman"
"10667","Bahrain Flour Mills Company","BFM.BH","24042077","0.32626","Bahrain"
"10668","Nordic Mining ASA","NOM.OL","23975992","0.191688","Norway"
"10669","Hepsor AS","HPR1T.TL","23706728","6.05919","Estonia"
"10670","iomart Group","IOM.L","23558923","0.207407","United Kingdom"
"10671","BioXcel Therapeutics","BTAI","23538606","0.7519","United States"
"10672","Muehlhan AG","M4N.HM","23488746","1.68958","Germany"
"10673","YanGuFang International Group","YGF","23462400","0.7332","China"
"10674","q.beyond","QBY.DE","23433715","0.940513","Germany"
"10675","Jasper Therapeutics","JSPR","23428618","0.7041","United States"
"10676","Wolftank-Adisa Holding","WOLF.VI","23386488","4.42787","Austria"
"10677","BeLive Holdings","BLIV","23359326","2.15","Singapore"
"10678","Reliance Communications","RCOM.NS","23181336","0.00838557","India"
"10679","Local Bounti","LOCL","23146320","0.99","United States"
"10680","Al Sharqiya Investment Holdings Company","SIHC.OM","23142858","0.257143","Oman"
"10681","Cytosorbents","CTSO","23000446","0.366","United States"
"10682","pferdewetten.de AG","EMH.F","22919317","2.47029","Germany"
"10683","Biofrontera","BFRI","22874118","1.5401","United States"
"10684","Perpetuals.com","PDC","22762444","3.36","Japan"
"10685","Fun Yours Technology","6482.TWO","22483091","0.785176","Taiwan"
"10686","Maternus-Kliniken","MAK.DE","22480074","1.07201","Germany"
"10687","Ashford Hospitality Trust","AHT","22363124","3.34","United States"
"10688","Longeveron","LGVN","22320574","0.7001","United States"
"10689","United Gulf Investment Corporation","UGIC.BH","22281167","0.96817","Bahrain"
"10690","MAG Interactive","MAGI.ST","22187488","0.83597","Sweden"
"10691","A.S. Création Tapeten","ACWN.DE","22161293","8.04008","Germany"
"10692","Urban One","UONE","22013378","4.77","United States"
"10693","Swvl Holdings","SWVL","21922552","2.2001","United Arab Emirates"
"10694","Appirits","4174.T","21907475","5.41385","Japan"
"10695","Offerpad","OPAD","21892354","4.53","United States"
"10696","Scandinavian Enviro Systems","SES.ST","21865108","0.0199541","Sweden"
"10697","Nordecon AS","NCN1T.TL","21646541","0.703799","Estonia"
"10698","SIMPPLE","SPPL","21622576","2.2095","Singapore"
"10699","180 Life Sciences","ATNF","21620372","3.58","United States"
"10700","Cocrystal Pharma","COCP","21574784","1.12","United States"
"10701","Performance Shipping","PSHG","21569794","1.735","Greece"
"10702","DAVIDsTEA","DTEAF","21524578","0.7042","Canada"
"10703","Retractable Technologies","RVP","21494880","0.718","United States"
"10704","ParaZero Technologies","PRZO","21494786","0.829","Israel"
"10705","Evolva Holding SA","EVE.SW","21391034","2.96622","Switzerland"
"10706","Arizona Metals","AMC.TO","21349949","0.154983","Canada"
"10707","Allbirds","BIRD","21266612","2.415","United States"
"10708","Neuphoria Therapeutics","NEUP","21185840","3.92","United States"
"10709","Sphere 3D","ANY","20891560","2.4","Canada"
"10710","Pyramid AG","M3B.DE","20868640","0.904662","Germany"
"10711","SM Wirtschaftsberatungs AG","SMWN.DE","20776509","5.22023","Germany"
"10712","TENDA","4198.T","20727088","3.1241","Japan"
"10713","BoomBit","BBT.WA","20414691","1.47931","Poland"
"10714","Yuke's","4334.T","20279736","2.40894","Japan"
"10715","Barfresh Food Group","BRFH","20223764","1.2401","United States"
"10716","Bahrain Family Leisure Company","FAMILY.BH","20209676","0.111406","Bahrain"
"10717","Almaden Minerals","AAU","20102876","0.1465","Canada"
"10718","Passat SA","PSAT.PA","19993730","5.08455","France"
"10719","YOC AG","YOC.DE","19808881","5.69797","Germany"
"10720","Cyclerion Therapeutics","CYCN","19802114","4.23","United States"
"10721","Primech Holdings","PMEC","19789106","0.5151","Singapore"
"10722","America's Car-Mart","CRMT","19709448","2.275","United States"
"10723","Orion Digital Corp.","ORIO","19537646","0.8282","Canada"
"10724","Atlas Critical Minerals","ATCX","19469176","3.83","Brazil"
"10725","Real Good Food plc","RGF","19309624","1.25","United Kingdom"
"10726","Beamr Imaging","BMR","19266338","1.2406","Israel"
"10727","Biosynex","ALBIO.PA","19243759","1.04405","France"
"10728","Mobix Labs","MOBX","19179914","1.1299","United States"
"10729","Ultimate Games","ULG.WA","19129480","3.65764","Poland"
"10730","EMB Mission Bound AB (publ)","EMB.ST","19028043","0.064063","Sweden"
"10731","Lipocine","LPCN","18796896","2.28","United States"
"10732","Omani Packaging Company","OPCI.OM","18534778","0.571429","Oman"
"10733","J-Long Group","JL","18431958","4.8999","Hong Kong"
"10734","DF Deutsche Forfait AG","DFTK.DE","18422691","1.54976","Germany"
"10735","Palatin Technologies","PTN","18415496","10.35","United States"
"10736","Motorsport Gaming","MSGM","18355208","4","United States"
"10737","Nymox Pharmaceutical","NYMX","18253022","0.2","Bahamas"
"10738","SPAR Group","SGRP","18175078","0.64","United States"
"10739","UBAR Hotels & Resorts SAOG","UBAR.OM","18005728","0.327273","Oman"
"10740","Forever Entertainment","8FE.SG","18000832","0.650198","Poland"
"10741","Teac Corporation","6803.T","17887284","0.621056","Japan"
"10742","Tempest Therapeutics","TPST","17864604","1.0801","United States"
"10743","Game Your Game","GYGY","17774120","1.235","United States"
"10744","Le Slip Français","ALLSF.PA","17707012","16.5463","France"
"10745","Avant Technologies Inc.","AVAI","17700404","0.115","United States"
"10746","Austin Gold","AUST","17663970","1.29","United States"
"10747","Energy Focus","EFOI","17638922","2.7694","United States"
"10748","Witbe S.A.","ALWIT.PA","17569755","4.27639","France"
"10749","VIA optronics AG","VIAO","17465854","0.2231","Germany"
"10750","T Stamp Inc. (TrustStamp)","IDAI","17424846","3.0899","United States"
"10751","SODITECH","ALSEC.PA","17391681","7.64391","France"
"10752","Starbreeze","STAR-B.ST","17351186","0.0105021","Sweden"
"10753","Burgundy Diamond Mines","BDM.AX","17339074","0.012196","Australia"
"10754","Netel Holding","NETEL.ST","17322267","0.357073","Sweden"
"10755","Mobcast","3664.T","17202672","0.169379","Japan"
"10756","Murano Global Investments","MRNO","17147522","0.2151","United Kingdom"
"10757","Lead Real Estate","LRE","17052376","1.25","Japan"
"10758","Dragonfly Energy","DFLI","16926048","1.13","United States"
"10759","AltPlus","3672.T","16908900","0.188199","Japan"
"10760","NJ Holdings","9421.T","16867208","3.18683","Japan"
"10761","Sunrise New Energy","EPOW","16843350","0.4349","China"
"10762","SOS Limited","SOS","16829350","0.9262","China"
"10763","System1","SST","16808220","1.93","United States"
"10764","Know Labs","KNW","16795408","2.24","United States"
"10765","Camber Energy","CEI","16771320","0.0954","United States"
"10766","Games Operators","GOP.WA","16687450","3.03449","Poland"
"10767","Inspira Technologies","IINN","16560119","0.38","Israel"
"10768","Smith Micro Software","SMSI","16518095","2.955","United States"
"10769","KAP AG","IUR.F","16291788","2.09741","Germany"
"10770","Scienture Holdings","SCNX","16195698","0.3944","United States"
"10771","Citius Pharmaceuticals","CTXR","15933471","0.5804","United States"
"10772","Forgame","0484.HK","15892033","0.0943987","China"
"10773","FORIS AG","FRS.DE","15864569","3.47238","Germany"
"10774","Halo Minerals PLC","HALO.L","15864494","0.143253","United Kingdom"
"10775","KALA BIO","KALA","15854757","0.8198","United States"
"10776","GigaMedia","GIGM","15805801","1.4301","Taiwan"
"10777","Psychemedics","PMD","15738209","2.67","United States"
"10778","Intensity Therapeutics","INTS","15671420","4.8","United States"
"10779","Geratherm Medical","GME.DE","15639275","2.88977","Germany"
"10780","U Power","UCAR","15561433","0.6045","China"
"10781","Trigon Metals","TM.V","15430727","0.28169","Canada"
"10782","Adial Pharmaceuticals","ADIL","15361456","5.85","United States"
"10783","National Biscuit Industries","NBII.OM","15327273","15.3273","Oman"
"10784","Pensonic Holdings Berhad","9997.KL","15324380","0.103182","Malaysia"
"10785","Neonode","NEON","15309383","0.9122","Sweden"
"10786","All in! Games","ALG.WA","15284767","0.202119","Poland"
"10787","Cyngn","CYN","15216561","1.055","United States"
"10788","Perrot Duval","PEDU.SW","15022563","111.699","Switzerland"
"10789","Dolphin Entertainment","DLPN","14932491","1.1464","United States"
"10790","iRobot","IRBT","14843741","0.4664","United States"
"10791","Natural Health Trends","NHTC","14839679","1.73","United States"
"10792","Synlogic","SYBX","14821230","1.21","United States"
"10793","Office Properties Income Trust","OPI","14795239","0.2","United States"
"10794","Semilux International","SELX","14740593","0.34","Taiwan"
"10795","AppTech Payments","APCX","14701377","0.35","United States"
"10796","Passage Bio","PASG","14608857","4.54","United States"
"10797","Astrotech","ASTC","14605851","6.9301","United States"
"10798","ESS Tech","GWH","14586594","0.3705","United States"
"10799","Adaptimmune Therapeutics","ADAP","14551333","0.0549","United Kingdom"
"10800","Bionano Genomics","BNGO","14544595","1.235","United States"
"10801","Regentis Biomaterials","RGNT","14539516","2.07","Israel"
"10802","Dare Bioscience","DARE","14533329","0.7501","United States"
"10803","The Cannabist Company","CBSTF","14475953","0.0291","United States"
"10804","Muscat Insurance","MCTI.OM","14461424","1.31169","Oman"
"10805","iCandy Interactive","ICI.AX","14449613","0.0112852","Australia"
"10806","The Glimpse Group","VRAR","14332026","0.68","United States"
"10807","uCloudlink Group","UCL","14326495","0.3761","Hong Kong"
"10808","Yunji","YJ","14284559","2.9001","China"
"10809","FGI Industries","FGI","14272092","7.39","United States"
"10810","HOOKIPA Pharma","HOOK","14232977","1.15","United States"
"10811","GreenPower Motor Company","GP","14198762","1.615","Canada"
"10812","Mynet","3928.T","14069042","1.47422","Japan"
"10813","SolarMax Technology","SMXT","13958710","2.9435","United States"
"10814","Upland Software","UPLD","13869226","4.69","United States"
"10815","Phio Pharmaceuticals","PHIO","13785030","1.1866","United States"
"10816","WonderPlanet","4199.T","13738933","5.38876","Japan"
"10817","SeaStar Medical","ICU","13584529","3.0826","United States"
"10818","Flux Power","FLUX","13564479","0.635","United States"
"10819","Turbo Energy","TURB","13339026","1.11","Spain"
"10820","Aprea Therapeutics","APRE","13262244","1.0533","United States"
"10821","WeTrade Group","WETG","13256907","5.05","China"
"10822","BioLineRx","BLRX","13237681","3.0304","Israel"
"10823","Thunderful Group","THUNDR.ST","12968314","0.0317955","Sweden"
"10824","Future Retail","FRETAIL.NS","12959976","0.0238989","India"
"10825","Maxeon Solar Technologies","MAXN","12857045","0.7593","Singapore"
"10826","Srei Infrastructure Finance","SREINFRA.NS","12675992","0.03","India"
"10827","HeartSciences Inc.","HSCS","12674378","2.94","United States"
"10828","Guardforce AI","GFAI","12610703","0.4017","Singapore"
"10829","Zwahlen &amp; Mayr SA","ZWM.SW","12605746","179.569","Switzerland"
"10830","Ohmyhome","OMH","12538514","0.1485","Singapore"
"10831","KPS AG","KSC.DE","12515744","0.304125","Germany"
"10832","Air Industries Group","AIRI","12514697","2.58","United States"
"10833","Financial Services Company SAOG","FSCI.OM","12467533","0.623377","Oman"
"10834","Alarum Technologies","ALAR","12338679","1.679","Israel"
"10835","PDS Biotechnology","PDSB","12302499","0.2198","United States"
"10836","Clean Energy Technologies","CETY","12287767","1.01","United States"
"10837","Renegade Gold","RAGE.V","12131250","0.302757","Canada"
"10838","Senti Biosciences","SNTI","12071707","0.3876","United States"
"10839","Arrive AI","ARAI","12030093","0.2319","United States"
"10840","AEON Biopharma","AEON","11991823","0.2404","United States"
"10841","Bertelsmann SE & Co. KGaA","BTG.F","11990120","143.149","Germany"
"10842","Reed's, Inc.","REED","11868944","1.001","United States"
"10843","Mixed Martial Arts Group Limited (MMA)","MMA","11806362","0.4458","Australia"
"10844","Urgent.ly Inc.","ULY","11787284","5.38","United States"
"10845","Maris Tech","MTEK","11732962","1.125","Israel"
"10846","Jump Networks","JUMPNET.NS","11669324","0.12","India"
"10847","Digital Hollywood Interactive","2022.HK","11632736","0.00625073","China"
"10848","Global Mofy AI","GMM","11449814","2.5701","China"
"10849","AS Amber Latvijas balzams","BAL1R.RG","11443648","1.52645","Latvia"
"10850","Sohar Power Company SAOG","SHPS.OM","11428572","0.571429","Oman"
"10851","Inuvo","INUV","11422774","0.693","United States"
"10852","VistaGen Therapeutics","VTGN","11404866","0.257","United States"
"10853","Gaxos.ai","GXAI","11400647","0.829","United States"
"10854","Modern Dairies Limited","MODAIRY.BO","11367706","0.399992","India"
"10855","BrainStorm Cell Therapeutics","BCLI","11365818","1.03","United States"
"10856","Cambium Networks","CMBM","11325767","0.401","United States"
"10857","AMASS Brands Inc.","AMSS","11263892","0.9706","United States"
"10858","Gaming Corps","GCOR.ST","11242011","0.0772957","Sweden"
"10859","Construction Materials Industries","CMII.OM","11201299","0.179221","Oman"
"10860","CytoMed Therapeutics","GDTC","11063701","0.935","Singapore"
"10861","Sláturfélags Suðurlands","SFS-B.IC","11016720","0.020649","Iceland"
"10862","Natuzzi","NTZ","11014609","1","Italy"
"10863","Reborn Coffee","REBN","10923896","1.33","United States"
"10864","Muscat Gas Company","MGMC.OM","10831169","0.361039","Oman"
"10865","Muscat Thread Mill","MTMI.OM","10814521","0.584416","Oman"
"10866","Netmarble Joybomb","6468.TWO","10795915","0.94","Taiwan"
"10867","Lunai Bioworks","LNAI","10790659","2.38","United States"
"10868","Asmallworld AG","ASWN.SW","10768827","0.744657","Switzerland"
"10869","Quoin Pharmaceuticals","QNRX","10584363","5.27","United States"
"10870","Phoenix Motor","PEV","10575262","0.23","United States"
"10871","Mainz Biomed","MYNZ","10564195","0.8441","Germany"
"10872","Rail Vision","RVSN","10522904","4.8001","Israel"
"10873","Bullfrog AI","BFRG","10477888","0.5651","United States"
"10874","SINTX Technologies","SINT","10463319","1.57","United States"
"10875","Rocky Mountain Chocolate Factory","RMCF","10241008","1.0849","United States"
"10876","Gauzy","GAUZ","10149040","0.4415","United States"
"10877","Carver Bancorp","CARV","10145159","1.74","United States"
"10878","CISO Global","CISO","10061170","0.221","United States"
"10879","Ryvyl Inc.","RVYL","9994965","7.81","United States"
"10880","hGears AG","HGEA.DE","9937077","0.955488","Germany"
"10881","FingerMotion","FNGR","9913885","0.1617","United States"
"10882","Cielo Waste Solutions","CMC.V","9876310","0.0468553","Canada"
"10883","Innovative Eyewear","LUCY","9814483","1.14","United States"
"10884","Azitra","AZTR","9793565","0.1616","United States"
"10885","CR Energy","CRZK.DE","9697639","0.412491","Germany"
"10886","Solo Brands","SBDS","9655718","3.76","United States"
"10887","reAlpha Tech","AIRE","9591368","1.63","United States"
"10888","Superior Industries International","SUP","9576233","0.3249","United States"
"10889","enish","3667.T","9559317","0.175652","Japan"
"10890","SUNation Energy Inc.","SUNE","9540605","2.3139","United States"
"10891","Linekong Interactive","8267.HK","9521205","0.0257683","China"
"10892","Dhofar Beverages and Foodstuff Company","DBCI.OM","9454546","0.472727","Oman"
"10893","CCSC Technology International Holdings","CCTG","9368970","0.6899","Hong Kong"
"10894","Trio Petroleum","TPET","9282931","0.2097","United States"
"10895","Infinities Tech (Jiu Zun Digital)","1961.HK","9273502","0.012629","China"
"10896","Voltage","3639.T","9231190","1.41776","Japan"
"10897","FibroBiologics","FBLG","9222263","1.3851","United States"
"10898","InterServ International","6169.TWO","9184595","0.392588","Taiwan"
"10899","Vivid Games","VVD.WA","9012957","0.162291","Poland"
"10900","GoHealth","GOCO","8937260","0.305","United States"
"10901","Imunon","IMNN","8922131","1.59","United States"
"10902","Wellgistics Health","WGRX","8847256","3.52","United States"
"10903","Groupe Airwell","ALAIR.PA","8836191","1.46819","France"
"10904","Xenetic Biosciences","XBIO","8669770","3.7","United States"
"10905","Groupe OKwind","ALOKW.PA","8662379","0.314612","France"
"10906","Northann Corp","NCL","8543560","0.159","United States"
"10907","Soligenix","SNGX","8464595","0.3889","United States"
"10908","Skye Bioscience","SKYE","8454204","1.9094","United States"
"10909","SeaChange International","SEAC","8398952","3.25","United States"
"10910","authID","AUID","8366857","0.5004","United States"
"10911","Versus Systems","VS","8293882","1.335","Canada"
"10912","Trinseo","TSE","8278525","0.23","United States"
"10913","Expion360","XPON","8125953","8.525","United States"
"10914","Nacon","NACON.PA","8010691","0.073526","France"
"10915","Trinity Biotech","TRIB","8009350","9.85","Ireland"
"10916","enVVeno Medical Corporation","NVNO","7921016","11.4","United States"
"10917","Aterian","ATER","7905440","0.44","United States"
"10918","Vislink Technologies","VISL","7835176","3.16","United States"
"10919","Ensysce Biosciences","ENSC","7833305","0.4026","United States"
"10920","AHT Syngas Technology","3SQ1.DE","7805918","2.93638","Germany"
"10921","Astro Corporation","3064.TWO","7743968","0.595163","Taiwan"
"10922","AIM ImmunoTech","AIM","7674463","0.2521","United States"
"10923","HydrogenPro ASA","HYPRO.OL","7646945","0.0552576","Norway"
"10924","Co-Diagnostics","CODX","7628454","1.2201","United States"
"10925","Superior Resources","SPQ.AX","7577792","0.00286965","Australia"
"10926","Polar Resources AS","POLAR.OL","7555254","0.530087","Norway"
"10927","AlphaTON Capital Corp","ATON","7499068","0.32","British Virgin Islands"
"10928","Signing Day Sports","SGN","7408163","0.5401","United States"
"10929","HomeBiogas","HMGS.TA","7342970","0.259135","Israel"
"10930","AS Latvijas Juras medicinas centrs","LJM1R.RG","7335998","9.17","Latvia"
"10931","Gaming Factory","GIF.WA","7327688","1.20567","Poland"
"10932","American Uranium Limited","AMU.AX","7289566","0.0559581","Australia"
"10933","OLB Group","OLB","7280556","0.3031","United States"
"10934","Al Madina Investment Holding Co. SAOG","AMII.OM","7276624","0.168831","Oman"
"10935","Can Fite Biopharma","CANF","7177532","3.35","Israel"
"10936","Aurora Energy Metals","1AE.AX","7065432","0.0394576","Australia"
"10937","Oncodesign Precision Medicine","ALOPM.PA","7043068","0.369378","France"
"10938","Maisons du Monde","MDM.PA","7006286","0.18163","France"
"10939","Super League Enterprise","SLE","6831334","4.03","United States"
"10940","Focus Universal","FCUV","6802572","9.68","United States"
"10941","SaverOne 2014","SVRE","6693348","2.84","Israel"
"10942","AquaBounty Technologies","AQB","6639893","1.29","United States"
"10943","Sonoma Pharmaceuticals","SNOA","6512258","1.36","United States"
"10944","Novaturas AB","NTU1L.VS","6484759","0.836635","Lithuania"
"10945","Al Khazna Insurance","AKIC.AE","6481481","0.06","United Arab Emirates"
"10946","Eduform'action","ALEFA.PA","6393730","0.326264","France"
"10947","zSpace","ZSPC","6301543","0.17","United States"
"10948","Global Interactive Technologies","GITS","6282896","1.71","South Korea"
"10949","Qiiwi Games","QIIWI.ST","6216925","0.672137","Sweden"
"10950","Don't Nod Entertainment","ALDNE.PA","6207387","0.478909","France"
"10951","TPI Composites","TPIC","6193621","0.1271","United States"
"10952","Orangekloud Technology","ORKT","6160957","1.055","Singapore"
"10953","NuCana","NCNA","6159717","1.48","United Kingdom"
"10954","Socket Mobile","SCKT","6156573","0.7425","United States"
"10955","Magic Empire Global (Giraffe Capital)","MEGL","6076860","1.2","Hong Kong"
"10956","Gelteq Limited","GELS","6051748","0.565","Australia"
"10957","Nauticus Robotics","KITT","6037344","0.808","United States"
"10958","Bakhu Holdings","BKUH","6026059","0.02","United States"
"10959","Techstep ASA","TECH.OL","5973929","0.171341","Norway"
"10960","Nordic Fibreboard AS","SKN1T.TL","5942015","0.699138","Estonia"
"10961","cbdMD","YCBD","5937553","0.5299","United States"
"10962","CaliberCos","CWD","5714674","0.5503","United States"
"10963","Polar Power","POLA","5700492","1.48","United States"
"10964","Lakewood-Amedex Biotherapeutics","LABT","5687251","2.4","United States"
"10965","Mangoceuticals","MGRX","5669613","0.3702","United States"
"10966","Reitar Logtech Holdings","RITR","5638671","0.0903","Hong Kong"
"10967","Pulmatrix","PULM","5610640","1.5362","United States"
"10968","Eterna Therapeutics","ERNA","5586735","4.79","United States"
"10969","DSS, Inc. (Document Security Systems)","DSS","5509325","0.5486","United States"
"10970","Biomerica","BMRA","5500988","1.7801","United States"
"10971","Phaos Technology Holdings","POAS","5490370","0.1739","Singapore"
"10972","Cyabra, Inc.","CYAB","5490286","0.312","United States"
"10973","Locafy","LCFY","5488577","2.445","Australia"
"10974","Cadrenal Therapeutics","CVKD","5458415","1.53","United States"
"10975","Leslie's","LESL","5450706","0.582","United States"
"10976","BioAtla","BCAB","5281537","3.17","United States"
"10977","Addex Therapeutics","ADXN","5253252","4.15","Switzerland"
"10978","East Side Games","EAGR.TO","5239875","0.0504595","Canada"
"10979","Origin Materials","ORGN","5228483","0.9501","United States"
"10980","Nitro Games","NITRO.ST","5222095","0.209518","Finland"
"10981","Moolec Science","MLEC","5213527","7.18","Luxembourg"
"10982","Omani Euro Food Industries","OEFI.OM","5194805","2.5974","Oman"
"10983","Talis Biomedical","TLIS","5176808","2.84","United States"
"10984","Predilife","ALPRE.PA","5096664","1.2934","France"
"10985","Brüder Mannesmann AG","BMM.F","4981356","1.10697","Germany"
"10986","Urban-gro","UGRO","4942725","3.15","United States"
"10987","Perfect Moment","PMNT","4942515","0.0929","United Kingdom"
"10988","Big Cheese Studio","BCS.WA","4940624","1.19483","Poland"
"10989","Fragbite Group","FRAG.ST","4936887","0.611224","Sweden"
"10990","Jaguar Health","JAGX","4909368","0.9499","United States"
"10991","Gameone","8282.HK","4908095","0.0861069","Hong Kong"
"10992","DigiAsia Corp","FAAS","4897831","0.0807","Indonesia"
"10993","Sonim Technologies","SONM","4882165","3.28","United States"
"10994","Vertex Energy","VTNR","4872095","0.0521","United States"
"10995","Hepion Pharmaceuticals","HEPA","4871843","0.054","United States"
"10996","Golden Minerals","AUMN","4859315","0.2147","United States"
"10997","Foresight Autonomous Holdings","FRSX","4786748","1.16","Israel"
"10998","PMGC Holdings","ELAB","4776516","5.9","United States"
"10999","ManyDev Studio","MAN.WA","4773253","0.166897","Poland"
"11000","Cheetah Net Supply Chain Service","CTNT","4754883","1.505","United States"
"11001","HUB Cyber Security","HUBC","4727056","0.7766","Israel"
"11002","Beyond Air","XAIR","4705465","4.78","United States"
"11003","VolitionRx","VNRX","4663994","0.3417","United States"
"11004","Kidpik","PIK","4644903","2.38","United States"
"11005","Cemtrex","CETX","4629869","2.69","United States"
"11006","Sabre Resources","SBR.AX","4592319","0.00502188","Australia"
"11007","Galmed Pharmaceuticals","GLMD","4570283","4.3879","Israel"
"11008","Webuy Global","WBUY","4565211","0.8329","Singapore"
"11009","Jianzhi Education Technology Group","JZ","4527628","1.88","China"
"11010","Mallinckrodt Pharmaceuticals","MNK","4520986","0.3402","United Kingdom"
"11011","Addentax Group","ATXG","4499860","3.82","China"
"11012","Masonglory","MSGY","4451000","2.0999","Hong Kong"
"11013","Alaunos Therapeutics","TCRT","4445840","1.75","United States"
"11014","Cloudastructure","CSAI","4385071","5.055","United States"
"11015","Bark, Inc.","BARK","4377870","0.5066","United States"
"11016","Top Ships","TOPS","4333031","0.7819","Greece"
"11017","BIO-key International","BKYI","4316214","3.005","United States"
"11018","SurgePays","SURG","4270722","0.17","United States"
"11019","CASI Pharmaceuticals","CASI","4263766","0.2075","United States"
"11020","QVC Group","QVCGA","4255453","0.34","United States"
"11021","Hydrofarm","HYFM","4162449","0.8637","United States"
"11022","Aquaporin","AQP.CO","4140268","0.0906825","Denmark"
"11023","BioNexus Gene Lab","BGLC","4139086","1.411","Malaysia"
"11024","iSpecimen","ISPC","4130487","1.64","United States"
"11025","Treasure Global","TGL","4066050","2.08","Malaysia"
"11026","Tivic Health Systems","TIVC","4029097","1.4","United States"
"11027","DataMEDS AI","MEDS","4026423","1.315","United States"
"11028","Boxlight","BOXL","4001822","5.9962","United States"
"11029","PunkPirates","PUN.WA","3942991","0.13","Poland"
"11030","VERSES AI","VERS.NE","3923762","0.273923","Canada"
"11031","Utenos Trikotazas AB","UTR1L.VS","3897758","0.410161","Lithuania"
"11032","Farmmi","FAMI","3893547","0.104","China"
"11033","VivoSim Labs","VIVS","3886007","0.2902","United States"
"11034","Mynaric","M0YN.DE","3874750","0.613256","Germany"
"11035","Gulf International Chemicals","GICI.OM","3872727","0.184416","Oman"
"11036","Auric Minerals","AUMC.CN","3845841","0.0648766","Canada"
"11037","iPower","IPW","3801205","2.01","United States"
"11038","Redhill Biopharma","RDHL","3801183","0.6251","Israel"
"11039","Curis","CRIS","3783121","1.56","United States"
"11040","Veganz Group","VEZ.DE","3758171","1.61967","Germany"
"11041","Titan Medical","TMD.TO","3724444","0.0326591","Canada"
"11042","Avalon GloboCare","ALBT","3707637","0.282","United States"
"11043","Netcapital","NCPL","3531554","0.45","United States"
"11044","IO Biotech","IOBT","3453544","0.048","Denmark"
"11045","Unity Biotechnology","UBX","3444161","0.2001","United States"
"11046","National Aluminium Products Company SAOG","NAPI.OM","3317263","0.387013","Oman"
"11047","Nuwellis","NUWE","3310077","1.0425","United States"
"11048","AS Siguldas Ciltslietu Un Maksligas Apseklosanas Stacija","SCM1R.RG","3298005","7.80704","Latvia"
"11049","Eagle Pharmaceuticals","EGRX","3289388","0.25","United States"
"11050","Wolverine Energy and Infrastructure","WEII.V","3274071","0.03","Canada"
"11051","ShiftPixy","PIXY","3265294","6.53","United States"
"11052","Genprex","GNPX","3261048","3.9783","United States"
"11053","Atlantic Sapphire","ASA.OL","3225220","0.0899542","Norway"
"11054","Futura Medical","FUM.L","3162527","0.00544018","United Kingdom"
"11055","Forza X1","FRZA","3150960","0.2","United States"
"11056","BigBen Interactive","BIG.PA","3066275","0.165463","France"
"11057","VS Media","VSME","3063144","1.1078","Hong Kong"
"11058","AS Trigon Property Development","TPD1T.TL","3040614","0.675833","Estonia"
"11059","KMC Properties","KMCP.OL","3028471","2.49568","Norway"
"11060","Advent Technologies","ADN","3023365","0.9185","United States"
"11061","ATI Physical Therapy","ATIP","2977762","0.675","United States"
"11062","PainReform","PRFX","2977039","0.9787","Israel"
"11063","Affimed","AFMD","2975202","0.1815","Germany"
"11064","Matinas BioPharma","MTNB","2950313","0.2008","United States"
"11065","bioAffinity Technologies","BIAF","2932246","4.95","United States"
"11066","Golden Sun Education Group","GSUN","2909375","0.2901","China"
"11067","Sleep Number","SNBR","2881125","0.125","United States"
"11068","Marin Software","MRIN","2863609","0.8981","United States"
"11069","Inotiv","NOTV","2787563","0.0799","United States"
"11070","Edible Garden","EDBL","2770752","1.4198","United States"
"11071","Réalités","ALREA.PA","2766108","0.582615","France"
"11072","Sonendo","SONX","2763687","0.58","United States"
"11073","Fly-E Group","FLYE","2726084","1.67","United States"
"11074","The Payments Group Holding","PGH.DE","2723141","0.238872","Germany"
"11075","PREIT (Pennsylvania Real Estate Investment Trust)","PRET","2690436","0.4974","United States"
"11076","Xilio Therapeutics","XLO","2676465","0.5101","United States"
"11077","SOBR Safe","SOBR","2654817","0.4928","United States"
"11078","Staffing 360 Solutions","STAF","2654640","1.615","United States"
"11079","Trinity Place Holdings","TPHS","2641890","0.04","United States"
"11080","CS Diagnostics","CSDX","2624918","0.0105","Germany"
"11081","Globavend","GVH","2560400","1.06","Australia"
"11082","MindMaze Therapeutics","V6M.F","2514344","0.195759","Switzerland"
"11083","Cherry SE","C3RY.DE","2477569","0.40783","Germany"
"11084","Propanc Biopharma","PPCB","2477500","1.0874","Australia"
"11085","AS PRFoods","PRF1T.TL","2441350","0.0647868","Estonia"
"11086","LM Funding America","LMFA","2430118","2.6","United States"
"11087","Lucas GC","LGCL","2409099","0.0563","China"
"11088","Agape ATP","ATPC","2401502","2.4","Malaysia"
"11089","Erayak Power Solution","RAYA","2388918","2.265","China"
"11090","Oragenics","OGEN","2366972","0.5246","United States"
"11091","EZGO Technologies","EZGO","2327113","1.0092","China"
"11092","22nd Century Group","XXII","2324050","3.255","United States"
"11093","Vivakor","VIVK","2299077","0.8398","United States"
"11094","Alligator Bioscience AB","ATORX.ST","2282377","0.00363374","Sweden"
"11095","Videndum Plc","VID.L","2271782","4.38517","United Kingdom"
"11096","REE Automotive","REE","2239673","0.0769","Israel"
"11097","Akanda","AKAN","2217448","4.1","United Kingdom"
"11098","Virax Biolabs","VRAX","2206302","2.7683","United Kingdom"
"11099","Sow Good","SOWG","2203871","0.1099","United States"
"11100","Clearside Biomedical","CLSD","2145948","0.41","United States"
"11101","Jet.AI","JTAI","2132581","1.5","United States"
"11102","Blue Hat Interactive Entertainment Technology","BHAT","2091312","0.675","China"
"11103","Greenlane Holdings, Inc.","GNLN","2014177","2.9","United States"
"11104","Jeffs' Brands","JFBR","2011480","3.08","Israel"
"11105","Incannex Healthcare","IXHL","1994700","0.167","Australia"
"11106","Playgon Games","DEAL.V","1986967","0.00360425","Canada"
"11107","KMD Brands","KMD.NZ","1965548","0.0414161","New Zealand"
"11108","Cutera","CUTR","1956013","0.0969","United States"
"11109","Vaccinex","VCNX","1917810","0.7165","United States"
"11110","Mobile-health Network Solutions","MNDR","1905288","1.595","Singapore"
"11111","Direct Digital Holdings","DRCT","1894435","2.36","United States"
"11112","Airesis SA","AIRE.SW","1849868","0.0298641","Switzerland"
"11113","Cue Biopharma","CUE","1804119","0.5542","United States"
"11114","NEXT Biometrics Group ASA","NEXT.OL","1792254","0.0289138","Norway"
"11115","G Medical Innovations","GMVD","1776616","0.181","Israel"
"11116","IM Cannabis","IMCC","1770467","0.1086","Israel"
"11117","Allurion Technologies","ALUR","1750729","1.75","United States"
"11118","VIP Gloves","VIP.AX","1693337","0.00215223","Malaysia"
"11119","Sonder Holdings","SOND","1680861","0.1263","United States"
"11120","La Rosa Holdings","LRHC","1658917","0.5","United States"
"11121","Traeger","COOK","1642351","0.5983","United States"
"11122","Aethlon Medical","AEMD","1635612","2.3","United States"
"11123","CorEnergy Infrastructure Trust","CORR","1627350","0.0198","United States"
"11124","Integrated Media Technology Limited","IMTE","1625683","0.4717","Australia"
"11125","VCI Global","VCIG","1600099","2.585","Malaysia"
"11126","Iterum Therapeutics","ITRM","1598747","0.03","Ireland"
"11127","Lazydays Holdings","GORV","1573084","0.4211","United States"
"11128","Maximum Entertainment","8R7.F","1560343","0.030529","Sweden"
"11129","Benson Hill","BHIL","1522391","0.249","United States"
"11130","Synergy CHC","SNYR","1489988","0.1","United States"
"11131","Maison Solutions","MSS","1436389","1.65","United States"
"11132","Davis Commodities","DTCK","1368533","1","Singapore"
"11133","MEP Infrastructure","MEP.NS","1346012","0.00733737","India"
"11134","Haoxi Health Technology","HAO","1318053","3.6","China"
"11135","Argo Blockchain","ARBK","1265863","3.79","United Kingdom"
"11136","Purple Innovation","PRPL","1261071","0.2897","United States"
"11137","Onfolio Holdings","ONFO","1250520","1.4712","United States"
"11138","Wheeler Real Estate Investment Trust","WHLR","1210884","0.3921","United States"
"11139","Arcadia Biosciences","RKDA","1200509","0.4983","United States"
"11140","Actelis Networks","ASNS","1196759","0.0415","United States"
"11141","Starbox Group","STBX","1135952","2.11","Malaysia"
"11142","Altamira Therapeutics","CYTO","1133556","0.3","Bermuda"
"11143","Solar Integrated Roofing","SIRC","1097545","0.0001","United States"
"11144","Alkaline Water Company","WTER","1068303","0.03","United States"
"11145","Danimer Scientific","DNMR","1056961","0.35","United States"
"11146","LMP Automotive Holdings","LMPX","1036332","0.095","United States"
"11147","Society Pass","SOPA","977918","0.076","Singapore"
"11148","Xiao-I","AIXI","962014","1.045","China"
"11149","Evofem Biosciences","EVFM","940963","0.0071","United States"
"11150","Lucy Scientific Discovery","LSDI","906910","0.5139","Canada"
"11151","Quince Therapeutics","QNCX","900311","0.9206","United States"
"11152","Aker Horizons","AKH.OL","898279","0.0013012","Norway"
"11153","iEntertainment Network","IENT","876829","0.0067","United States"
"11154","Freight Technologies, Inc.","FRGT","862421","1.5074","United States"
"11155","BNB Plus Corp.","BNBX","805638","0.13","United States"
"11156","Solid Clouds","SOLID.IC","713772","0.000995438","Iceland"
"11157","Kuuhubb","KUU.V","712506","0.01","Canada"
"11158","Yellow Corporation","YELLQ","693890","0.0102","United States"
"11159","EUDA Health","EUDA","692066","0.3661","Singapore"
"11160","Tapinator","TAPM","673183","0.247","United States"
"11161","Baosheng Media Group","BAOS","636812","0.415","China"
"11162","Tevogen Bio","TVGN","627896","0.1551","United States"
"11163","Playground Ventures","PLAY.CN","608700","0.00720851","Canada"
"11164","Sozap","SOZAP.ST","602380","0.0270876","Sweden"
"11165","OceanPal","SVRN","600425","0.3501","Greece"
"11166","Lifeward","LFWD","583724","0.3829","Israel"
"11167","Aptorum Group","APM","570062","0.7","Hong Kong"
"11168","Kaival Brands Innovations","KAVL","508897","0.02605","United States"
"11169","T-Bull","TBL.WA","483046","0.4065","Poland"
"11170","Ayr Wellness","AYRWF","432062","0.0037","United States"
"11171","Ontrak","OTRK","425780","0.0601","United States"
"11172","Global Bioenergies","ALGBE.PA","396471","0.0218702","France"
"11173","Ocean Biomedical","OCEA","395020","0.0017","United States"
"11174","FBR Limited","FBR.AX","389553","0.00279642","Australia"
"11175","Viracta Therapeutics","VIRX","388698","0.00978","United States"
"11176","Greene Concepts","INKW","376258","0.0059","United States"
"11177","Impac Mortgage Holdings","IMPM","365688","0.01","United States"
"11178","VYNE Therapeutics","VYNE","339859","0.509","United States"
"11179","Kaixin Holdings","KXIN","339208","5.6","China"
"11180","ATARI","ALATA.PA","336738","0.120426","France"
"11181","NantHealth","NHIQ","329655","0.012","United States"
"11182","ProPhase Labs","PRPH","329002","0.0211","United States"
"11183","GAME HOURS","6626.TWO","285836","0.0972769","Taiwan"
"11184","Vicarious Surgical","RBOT","285254","0.04","United States"
"11185","Leafly Holdings","LFLY","232138","37","United States"
"11186","Aker Carbon Capture","ACC.OL","212397","0.00035151","Norway"
"11187","Trulite","TRUL","212013","0.0001","United States"
"11188","Ampio Pharmaceuticals","AMPE","207884","0.1831","United States"
"11189","Fintech Scion (FintechCashier)","FINR","198743","0.001","United Kingdom"
"11190","CXApp","CXAI","194174","0.089","United States"
"11191","Meyer Burger Technology","MBTN.SW","192618","0.00608813","Switzerland"
"11192","BloomZ","BLMZ","187531","0.128","United States"
"11193","Wearable Health Solutions","WHSI","182670","0.0001","United States"
"11194","Faraday Future","FFAI","174605","0.0717","United States"
"11195","Petros Pharmaceuticals","PTPI","148303","0.0035","United States"
"11196","Hallmark Financial Services","HALL","145478","0.08","United States"
"11197","Vinco Ventures","BBIG","130000","0.01","United States"
"11198","Cenntro Inc.","CENN","113554","0.0775","United States"
"11199","Loop Media","LPTV","103383","0.0007","United States"
"11200","Esports Entertainment","GMBL","96262","0.084","Malta"
"11201","Mobile Global Esports (Mogo)","MGAM","75457","0.001","United States"
"11202","Remark Holdings","MARK","74282","0.0012","United States"
"11203","Vincerx Pharma","VINC","68045","0.013","United States"
"11204","PaxMedica","PXMD","63132","0.0005","United States"
"11205","Epiminder","EPI.AX","55959","0.258268","Australia"
"11206","AiRWA Inc.","YYAI","50570","0.96","United States"
"11207","Carisma Therapeutics","CARM","50214","0.0012","United States"
"11208","ToughBuilt Industries","TBLT","47699","0.011","United States"
"11209","Presto Automation","PRST","41851","0.0001","United States"
"11210","Compleo Charging Solutions","C0M.F","38398","0.00757399","Germany"
"11211","Adler Group","ADJ.DE","34993","0.000230787","Luxembourg"
"11212","Exela Technologies","XELA","30526","0.0011","United States"
"11213","T2 Biosystems","TTOO","28045","0.001","United States"
"11214","Gaming Technologies (Gametech)","GMGT","27420","0.0006","United States"
"11215","Lyra Therapeutics","LYRA","17748","0.01","United States"
"11216","Gamer Pakistan","GPAK","15347","0.0006","United States"
"11217","Vaxxinity","VAXX","12678","0.0001","United States"
"11218","Novo Integrated Sciences","NVOS","11838","0.0006","United States"
"11219","Movella","MVLA","10181","0.0002","United States"
"11220","Trevena","TRVN","9501","0.011","United States"
"11221","4Front Ventures","FFNTF","9152","1.0E-5","United States"
"11222","Triterras","TRIRF","7652","0.0001","Singapore"
"11223","Freeze Tag","FRZT","7505","0.0001","United States"
"11224","USD Partners","USDP","6754","0.0002","United States"
"11225","Stryve Foods","SNAX","4792","0.0011","United States"
"11226","Adamas One","JEWL","3804","0.0001","United States"
"11227","Syros Pharmaceuticals","SYRS","2683","0.0001","United States"
"11228","Virtual Interactive Technologies","VRVR","2475","0.0003","Bermuda"
"11229","Viveve Medical","VIVE","2144","0.0002","United States"
"11230","Lipella Pharmaceuticals","LIPO","1848","0.0004","United States"
"11231","Telesis Bio","TBIO","1775","0.001","United States"
"11232","eFFECTOR Therapeutics","EFTR","1411","0.0003","United States"
"11233","Grom Social Enterprises","GROM","902","0.0001","United States"
"11234","Minerva Surgical","UTRS","887","0.0001","United States"
"11235","Lightning eMotors","ZEVY","659","0.0001","United States"
"11236","Hempacco","HPCO","592","0.0001","United States"
"11237","Calithera Biosciences","CALA","487","0.0001","United States"
"11238","Hogy Medical","3593.T","123","41.0184","Japan"
"11239","Star Micronics","7718.T","70","14.0138","Japan"
"11240","Qiwi","QIWI.ME","0","2.56","Cyprus"
"11241","Rosseti","RSTI.ME","0","0","Russia"
"11242","X5 Retail Group","FIVE.ME","0","32.42","Netherlands"
"11243","Pollux Properti Indonesia","POLL.JK","0","0.00690974","Indonesia"
"11244","Tunas Ridean","TURI.JK","0","0.1","Indonesia"
"11245","Agility Global","AGILITY.AE","0","0","United Arab Emirates"
"11246","Amlak Finance","AMLAK.AE","0","0","United Arab Emirates"
"11247","Drake and Scull International","DSI.AE","0","0","United Arab Emirates"
"11248","Dubai Islamic Insurance &amp; Reinsurance","AMAN.AE","0","0","United Arab Emirates"
"11249","Air Arabia","AIRARABIA.AE","0","0","United Arab Emirates"
"11250","Aramex","ARMX.AE","0","0","United Arab Emirates"
"11251","Dubai Taxi Company","DTC.AE","0","0","United Arab Emirates"
"11252","Emirates Central Cooling Systems","EMPOWER.AE","0","0","United Arab Emirates"
"11253","Ajman Bank","AJMANBANK.AE","0","0","United Arab Emirates"
"11254","Al Ansari Financial Services","ALANSARI.AE","0","0","United Arab Emirates"
"11255","Watania International","WATANIA.AE","0","0","United Arab Emirates"
"11256","Carasent ASA","CARA.OL","0","1.57626","Norway"
"11257","Sultan Center Food Products Company","SULTAN.KW","0","0","Kuwait"
"11258","Lassila &amp; Tikanoja Oyj","LAT1V.HE","0","9.3635","Finland"
"11259","Héroux-Devtek","HRX.TO","0","18.597","Canada"
"11260","Rex Minerals","RXM.AX","0","0.295872","Australia"
"11261","Greenthesis S.p.A.","GTH.MI","0","2.48305","Italy"
"11262","Relatech S.p.A.","RLT.MI","0","2.69088","Italy"
"11263","Defence Tech Holding S.p.A.","DTH.MI","0","3.81755","Italy"
"11264","Marlowe plc","MRL.L","0","588.911","United Kingdom"
"11265","Eckoh plc","ECK.L","0","56.8248","United Kingdom"
"11266","Anexo Group Plc","ANX.L","0","80.3296","United Kingdom"
"11267","Yaoko Co.,Ltd.","8279.T","0","65.9184","Japan"
"11268","Bank of Japan","8301.T","0","194.493","Japan"
"11269","GigCapital9","GIXXU","0","0","United States"
"11270","Saluda Medical","SLD.AX","0","0","United States"
"11271","Valiant Gold","VAL.AX","0","0","Australia"
"11272","Pershing Square USA","PSUS","0","0","United States"
"11273","Giunti Psychometrics","GPSYDD.MI","0","0","Italy"
"11274","Attovia Therapeutics","ATTO","0","0","United States"
"11275","SunScout Holding","SNSC","0","0","New Zealand"
